{"type":"FeatureCollection","features":[{"type":"Feature","properties":{"nom":"Notre-Dame"},"geometry":{"type":"Polygon","coordinates":[[[2.09229806772305,48.8234163963454],[2.09365762247399,48.8242293381749],[2.09461863271741,48.8248081898581],[2.09474723701368,48.8248856128604],[2.09543733899704,48.8253073491148],[2.09551389904625,48.8253540676384],[2.09562388538094,48.8254212754965],[2.09568467434642,48.8254584308896],[2.09710052080202,48.8250248224352],[2.09784707876682,48.8247985897989],[2.09784995445344,48.8247977120865],[2.09889393149637,48.8244885424658],[2.09984923973893,48.8242019909722],[2.1005517701476,48.8239919591249],[2.10060956065454,48.8239740458841],[2.10062051670361,48.8239706205977],[2.10132221152829,48.8237533826994],[2.10219101003966,48.8234978214684],[2.10226857495402,48.8235259255655],[2.10228563002194,48.8235321695503],[2.10229970896883,48.8235372219653],[2.10237118245417,48.8235631216953],[2.10306466559635,48.8238145820736],[2.1032888859182,48.8239482962058],[2.10338299855935,48.8240043152523],[2.10380496093648,48.8242513067806],[2.10401255022378,48.8243701446084],[2.10404505985819,48.8243965608434],[2.10428242994954,48.8245897322172],[2.10457970460481,48.8250226830636],[2.1046465912664,48.8251017018123],[2.1048011890031,48.8252845387213],[2.10496014462904,48.8254674979473],[2.10509331971861,48.82562085352],[2.10529568724213,48.8258539640097],[2.10535098746968,48.825917695695],[2.10572107619688,48.8261646515614],[2.10573291991365,48.8261730146298],[2.10590264052521,48.8262925550628],[2.10617770182878,48.8264493083708],[2.10651550203404,48.8266413366153],[2.10657566848741,48.8266756036244],[2.10670877779015,48.8267378472188],[2.10726757131487,48.8269990687826],[2.1073455074206,48.8270218657379],[2.10750991749903,48.8270700415319],[2.10789161690732,48.8271888222239],[2.10807670863068,48.8272464153291],[2.10842521301942,48.8273548734209],[2.10848930200448,48.8273749581243],[2.10857872732624,48.8274030564314],[2.10971580318158,48.8277596843709],[2.1105256890948,48.8280124159842],[2.1115188015661,48.8283131821593],[2.11254439003735,48.8286434114056],[2.1125463903393,48.8286299352452],[2.11254854521595,48.8286153809515],[2.11258226060059,48.8284913340022],[2.11258239833769,48.8284912450841],[2.11269317748431,48.8280172734804],[2.11269318054526,48.8280170936231],[2.11282225174689,48.8274686970743],[2.11282225327711,48.8274686071456],[2.11289277079116,48.8271750260279],[2.11289277232127,48.8271749360991],[2.11299348248646,48.8267560223379],[2.11299348401638,48.8267559324091],[2.11308073504998,48.8263914223647],[2.11308087278068,48.8263913334458],[2.11311620898852,48.8262439136879],[2.11311621051821,48.8262438237589],[2.11313953068068,48.826146141746],[2.11313953221035,48.8261460518172],[2.11326539598588,48.8256255116379],[2.11326553218481,48.8256255126477],[2.11340796877549,48.8250273865613],[2.11340841100927,48.8250254111533],[2.1134085487358,48.825025322234],[2.11343196883311,48.824929709434],[2.11358296486108,48.8243166262114],[2.1135829663899,48.8243165362824],[2.11375100586576,48.8236140881664],[2.11389258555534,48.823033672432],[2.11389800978801,48.8230110476298],[2.11389801131626,48.8230109577007],[2.11394319995097,48.8228285335096],[2.11396439947429,48.8227432471344],[2.11402434990259,48.8225016614614],[2.11413607224893,48.8220428031806],[2.11413636448976,48.8220416361187],[2.11414269273578,48.8220138913736],[2.1141429865042,48.8220126343823],[2.114276405472,48.8214630965347],[2.11428124032358,48.8214430755971],[2.11428196861787,48.8214402928336],[2.1143683072287,48.821096369897],[2.11436918544722,48.8210927787771],[2.11442841451506,48.8208533458072],[2.11442943807549,48.8208492161187],[2.11444295078634,48.8207913944264],[2.11440027685216,48.8207858618481],[2.11439755617975,48.8207856618184],[2.11437511445187,48.8207837867474],[2.11437252843873,48.8207836776549],[2.1143487172121,48.8207822421397],[2.11434586035377,48.8207820411002],[2.11434055977847,48.8207813722589],[2.11433852309313,48.8207809974124],[2.11428600686587,48.8207695457578],[2.11428451492661,48.820769174945],[2.11426105245991,48.8207632449641],[2.114259018831,48.8207626902575],[2.11425807010969,48.8207624134085],[2.11423965112389,48.8207562509579],[2.11423883858903,48.8207559751175],[2.11423396490791,48.8207542301458],[2.11421812582837,48.8207485365045],[2.11421772032486,48.8207483536196],[2.11419688055011,48.8207403744182],[2.11419660970527,48.8207402824712],[2.11416281980741,48.8207249221454],[2.11416254896281,48.8207248301984],[2.11415308620612,48.8207206228318],[2.11413565416177,48.8207124889818],[2.11413511552828,48.8207121252291],[2.11410111593599,48.8206930757657],[2.11410003561412,48.8206925281186],[2.11407928449645,48.820679332996],[2.11407793638667,48.8206785135429],[2.11404765664155,48.8206569732837],[2.11404388927148,48.8206542471533],[2.11404227490261,48.8206530659645],[2.11403029186512,48.8206448825278],[2.11402786802088,48.8206432456385],[2.11404551393591,48.8206387894001],[2.11404688190725,48.8206384397724],[2.11406847568361,48.8206341027196],[2.11406970594088,48.8206338420119],[2.11443980789113,48.8205594142645],[2.11444117433051,48.8205591545617],[2.11448409548568,48.8205501185749],[2.11448573582317,48.8205497709592],[2.11450391266605,48.8205461280505],[2.11450568918908,48.8205457814429],[2.11450760342494,48.8205453459143],[2.1145095146065,48.8205450902443],[2.11452166720535,48.820543291478],[2.11452180339104,48.8205432924864],[2.11453367598212,48.8205419413487],[2.11453572487631,48.8205415967573],[2.11460672163103,48.8205315094429],[2.11472263184304,48.8205153688053],[2.11472440683682,48.8205151121236],[2.11472781911184,48.8205146876815],[2.11496168667678,48.8204821513891],[2.11503706632946,48.8204866666414],[2.11542508980337,48.820343204124],[2.1154803080529,48.8203239857233],[2.11563156548302,48.820271339718],[2.11563403206541,48.820270458553],[2.11564691581682,48.8202656970384],[2.11564759979229,48.8202655222153],[2.11564952010894,48.8202647269509],[2.11565198669071,48.8202638457855],[2.11587923606906,48.8201797227677],[2.11588101866948,48.8201790164219],[2.11594338220919,48.8201559130331],[2.11596147446511,48.8201492112959],[2.11596366866667,48.8201483281104],[2.11601109348471,48.8201306905681],[2.11601356005404,48.8201298093953],[2.11601671212023,48.8201286634677],[2.11604686635412,48.8201174639089],[2.1160494706314,48.8201164938125],[2.11605248498683,48.8201154368067],[2.11612554089044,48.8200882750897],[2.11612855676703,48.8200871281526],[2.11624257561458,48.8200458786228],[2.11624627545671,48.8200445568562],[2.11624956369704,48.8200434119289],[2.11631000051769,48.8200214633379],[2.1163139742491,48.8200200536525],[2.11631712630206,48.8200189077169],[2.11634453538558,48.8200089469661],[2.1163487830077,48.8200074493628],[2.1164438907495,48.8199729853263],[2.11644854996619,48.8199713108792],[2.11648034432209,48.8199597635666],[2.11648514124441,48.819958000195],[2.11648801939766,48.8199569421719],[2.11661396186884,48.8199112833496],[2.11661944427308,48.8199092552144],[2.11672907855957,48.8198695018214],[2.11673965003066,48.8198645432282],[2.11674527927185,48.8198618865871],[2.1167454185024,48.8198617077341],[2.11675436642532,48.819856107563],[2.11676110036889,48.819852559674],[2.11676646028618,48.8198497211613],[2.11676659799341,48.8198496322378],[2.1169152632318,48.8197934658688],[2.11692563791758,48.8197895895909],[2.11772717713913,48.8194901250847],[2.11782410268238,48.8194560610045],[2.11787707111111,48.8194374463878],[2.11906370866224,48.8189982894715],[2.12027038574355,48.8185568397863],[2.12154497087279,48.8180850271191],[2.12238315670995,48.8177754897425],[2.12238610269588,48.8177784794092],[2.1234759049528,48.8173753536428],[2.12474945179532,48.81690511807],[2.12476354286778,48.8169013537571],[2.12486480441052,48.8168639869889],[2.12486791772145,48.8168665065312],[2.12490287333458,48.8168523664313],[2.12501242999566,48.8168164723157],[2.12501530629358,48.8168155040142],[2.12502421055677,48.8168124212425],[2.12505847187289,48.816799720466],[2.12506121350164,48.8167986612371],[2.12513946794755,48.8167695533419],[2.12514152265813,48.8167688488487],[2.12520881354096,48.8167437979703],[2.1252112813032,48.8167428266752],[2.12522046242006,48.8167394760919],[2.12522183323127,48.8167389464756],[2.12522293018188,48.8167385047968],[2.12522937118372,48.8167361235155],[2.12523183894521,48.81673515222],[2.1252839176745,48.8167157462226],[2.12532736298354,48.8166995149195],[2.12532969305727,48.8166986325556],[2.12537944315007,48.8166800189501],[2.12538163553786,48.8166792255189],[2.1253834178899,48.8166785190294],[2.12541137723821,48.8166680205763],[2.1254137058009,48.8166672281405],[2.12544276057591,48.816656377929],[2.12544495296175,48.8166555844966],[2.12547633628455,48.8166439418404],[2.12547852866937,48.8166431484074],[2.12548387270142,48.8166412087937],[2.12549716619997,48.8166362693308],[2.12549935858424,48.8166354758975],[2.12550867885549,48.8166319464281],[2.12551073355556,48.8166312419284],[2.12552512399471,48.8166258607805],[2.12559666158771,48.8165993117468],[2.12559720930614,48.8165991358705],[2.12559926551159,48.8165983414394],[2.12560968120587,48.8165944602093],[2.12561159972751,48.816593754712],[2.12561639603139,48.8165919909688],[2.12561831455286,48.8165912854714],[2.1256680644401,48.8165726717442],[2.12573549250005,48.8165475316309],[2.12573727333515,48.8165469150657],[2.12573960339502,48.8165460326938],[2.12574111187907,48.8165454141374],[2.12574289271393,48.8165447975721],[2.12575426764569,48.8165405635794],[2.12575604848031,48.816539947014],[2.12579455952156,48.8165255682217],[2.12582155793964,48.8165155123512],[2.12582320259716,48.8165148947892],[2.12585458725818,48.8165031621024],[2.12585513497462,48.8165029862248],[2.12585623191498,48.8165025445399],[2.1258567796314,48.8165023686623],[2.12588240421269,48.8164930222613],[2.12595229377258,48.816467270434],[2.12595380074446,48.8164667418046],[2.12595407460238,48.8164666538657],[2.12597421897863,48.8164592460841],[2.12597558977483,48.816458716459],[2.12602574491948,48.8164402854264],[2.12606575976816,48.8164255577748],[2.12606712905545,48.8164251180784],[2.12607466691678,48.8164222950641],[2.12607590002875,48.8164218543724],[2.12612701435632,48.8164030705443],[2.12612824746741,48.8164026298522],[2.12618855028305,48.8163800456936],[2.12618964721792,48.8163796040056],[2.12629037925352,48.8163419353534],[2.12630202945987,48.8163375234384],[2.12630298871129,48.8163371706841],[2.12641551146447,48.8162948212143],[2.12641633303305,48.8162945573941],[2.1264233231443,48.8162919102376],[2.12642400853798,48.8162916454226],[2.12646964850582,48.8162744403879],[2.12647033389892,48.8162741755725],[2.12652912644558,48.8162522997353],[2.1265296741571,48.8162521238546],[2.12664287440376,48.8162099590009],[2.12664328593984,48.8162097821251],[2.12669549979374,48.8161903764986],[2.12669591132949,48.8161901996225],[2.12670153063099,48.816188082083],[2.12670180448607,48.8161879941423],[2.12677320621068,48.81616135347],[2.12677348006559,48.8161612655291],[2.12679663962186,48.8161527103973],[2.12679691347671,48.8161526224564],[2.12683597014834,48.8161381573716],[2.12683610782862,48.8161380684361],[2.12683638168321,48.8161379804951],[2.12701289292254,48.8160724432715],[2.12701303060223,48.8160723543358],[2.12701330445628,48.8160722663943],[2.1270319415804,48.816065387075],[2.12703207926004,48.8160652981393],[2.12705195097968,48.8160578881852],[2.1270520871539,48.8160578891794],[2.12705482870326,48.8160568299041],[2.12710087527478,48.8160397175373],[2.12710114912841,48.8160396295957],[2.12716090038565,48.8160174006824],[2.12716117423916,48.8160173127406],[2.12716418963754,48.8160161655209],[2.1272562841118,48.815981850754],[2.12726971344852,48.8159769120849],[2.12727012498052,48.8159767352069],[2.12727341422729,48.8159755000425],[2.12728876203672,48.815969855847],[2.12728930974272,48.8159696799628],[2.12731945915036,48.81595847752],[2.12731987218705,48.8159582107119],[2.12734632080683,48.8159484203064],[2.1273468685124,48.815948244422],[2.12734769007079,48.8159479805952],[2.12745526825097,48.8159080224613],[2.12745595363423,48.8159077576401],[2.12745705054844,48.8159073159403],[2.12754256466567,48.8158755612184],[2.12754338622194,48.8158752973903],[2.12756421703067,48.8158675345856],[2.12756504009118,48.8158671808274],[2.12756627317743,48.8158667401201],[2.12763219548127,48.815841947712],[2.12763315471456,48.8158415949468],[2.12764781856856,48.8158361255968],[2.1276711170193,48.815827391427],[2.12767207625207,48.8158270386615],[2.12774526078081,48.815799600946],[2.12779185760912,48.815782132563],[2.12779295451795,48.8157816908601],[2.12785448596778,48.815758844999],[2.12785475981876,48.8157587570556],[2.12785613057743,48.8157582274086],[2.12794356266522,48.815725766862],[2.12796370797654,48.8157182688104],[2.1279652149064,48.8157177401554],[2.12797604177632,48.8157136818356],[2.12797754870591,48.8157131531803],[2.12802907769214,48.8156939218571],[2.12803072229758,48.8156933042644],[2.12814145246158,48.8156521093252],[2.12814309706437,48.8156514917308],[2.12820188820717,48.815629615059],[2.12824765716901,48.8156127700481],[2.12824957561885,48.8156120645078],[2.12831726902864,48.8155871946925],[2.12831918747659,48.8155864891513],[2.12836865557981,48.8155683219477],[2.12837071170242,48.8155675274684],[2.12844336884324,48.8155390061897],[2.12846660422404,48.8155503282173],[2.12848012984262,48.8155559131947],[2.12848432264964,48.8155576526312],[2.12849622321343,48.8155626861172],[2.12852747328747,48.8155752357789],[2.12856048911788,48.8155880681239],[2.12856062529089,48.8155880691163],[2.12856427942207,48.8155894448605],[2.12859504794924,48.8155982134787],[2.12864414726408,48.8156102636023],[2.12869179377278,48.8156196048935],[2.12869301632599,48.8156197936838],[2.12869505291291,48.8156201682877],[2.12872998029566,48.8156245600737],[2.12875011739484,48.8156256961524],[2.12875936364742,48.8156265729919],[2.12876235494956,48.81562686461],[2.12880073624886,48.8156283134935],[2.12881898194992,48.8156285363713],[2.12886479993719,48.8157065790785],[2.12886903730692,48.8157138052173],[2.12886983481823,48.8157149802584],[2.12889538171624,48.8157591474473],[2.12890093876889,48.8157689015422],[2.12890186794888,48.8157703473648],[2.12891007036304,48.8157847976545],[2.12891099653915,48.8157864233369],[2.1289194713055,48.8158008756098],[2.1289842172132,48.8159117046659],[2.12898462723695,48.815911617712],[2.12908327119492,48.8158846344608],[2.12909475184852,48.8158821997377],[2.12912263343129,48.8158762868337],[2.12912372732712,48.8158760249783],[2.12932773345988,48.8158275035347],[2.12932910120241,48.8158271537307],[2.12948589889649,48.8157919592638],[2.1294461472198,48.8157257432237],[2.12944336714327,48.8157209561188],[2.12943621044233,48.8157091217637],[2.12943329419416,48.815704333667],[2.12939976413578,48.8156488658635],[2.12938756949413,48.8156288102064],[2.12938478792684,48.8156241130296],[2.12936106753036,48.8155847261068],[2.12936027151121,48.8155834611388],[2.12935748694604,48.815578943821],[2.12934675570782,48.8155609674534],[2.12934397114503,48.8155564501351],[2.12934105641538,48.8155515721056],[2.12933020102688,48.8155328753051],[2.12932251920447,48.815519867886],[2.12931722093225,48.815510925161],[2.12933909312444,48.8154978631201],[2.12936396456118,48.8154764584138],[2.12936424141086,48.815476190607],[2.12936935637252,48.8154716408668],[2.12937405380703,48.8154676277313],[2.12937474367881,48.8154670931093],[2.12938732006175,48.8154561219546],[2.12938801143466,48.8154554974025],[2.12938856363213,48.8154550517188],[2.12939519900899,48.8154491639349],[2.12939796750222,48.8154464858666],[2.1293994894227,48.8154450578939],[2.12940599763214,48.8154386295383],[2.12940766173006,48.8154368428373],[2.12941847385947,48.8154254990702],[2.1294205539808,48.8154232656938],[2.1294206946572,48.8154229968954],[2.12943873787978,48.8154027116884],[2.12944124152925,48.8153995819865],[2.12944694620357,48.8153923383104],[2.12945757153863,48.8153758665502],[2.12946023087371,48.81537156875],[2.12946975481125,48.8153558084967],[2.12947017533807,48.8153550920314],[2.12947271200919,48.8153499838701],[2.12947763866939,48.8153403960654],[2.12947862490193,48.8153384245464],[2.12948059286327,48.8153347512983],[2.12948382840814,48.8153285689344],[2.12948665393406,48.8153224735262],[2.12948919210313,48.8153172754344],[2.12949032951852,48.8153144056073],[2.12949262086153,48.8153076767238],[2.12949591494745,48.8152979870916],[2.12949835296917,48.8152906296896],[2.12950264829461,48.8152780692384],[2.12950439494551,48.8152713363889],[2.12950469130779,48.8152698994926],[2.12950785865237,48.8152514846724],[2.12951060546944,48.8152337863173],[2.12951122371204,48.8152293837153],[2.12951144995042,48.8152239889098],[2.12951169870519,48.8152172451551],[2.129511872833,48.8152068132811],[2.12951195689467,48.8152017772039],[2.12951128697033,48.8151929581207],[2.12951129897914,48.8151922386811],[2.12951118832587,48.8151907088807],[2.12951060954077,48.8151845886873],[2.12951037472429,48.8151823384558],[2.1295103867331,48.8151816190161],[2.12950933981663,48.8151709084298],[2.12950934582105,48.8151705487099],[2.12950922165785,48.815169828279],[2.12950749838536,48.8151588429459],[2.12950725756478,48.8151569524341],[2.12950689558331,48.8151541616315],[2.12950501662551,48.8151443443964],[2.12950438530263,48.815141371751],[2.12950006468877,48.8151228124741],[2.12949747485171,48.8151147888808],[2.12949552384301,48.8151092882829],[2.12949109215097,48.8150973838221],[2.12948574929074,48.8150829543824],[2.12948275844852,48.8150744781646],[2.12947568589221,48.8150576077273],[2.12947334288573,48.815051114925],[2.12946761704022,48.8150351537004],[2.12960444183302,48.8150214894115],[2.12960771895679,48.8150209736214],[2.12966097596047,48.8150123671965],[2.12966438925464,48.8150118523961],[2.12971532081818,48.8150038586067],[2.12971873411126,48.8150033438047],[2.13004794232219,48.8149518648733],[2.13005217563742,48.8149511761463],[2.13015677393895,48.8149344885869],[2.13016101625108,48.8149332602761],[2.13016949787504,48.8149309835141],[2.13017414120091,48.8149302078247],[2.13027887409289,48.8149136110786],[2.13028378975826,48.8149128373658],[2.13042088364527,48.814891169363],[2.13042620931976,48.8148903086852],[2.13054732757708,48.8148711326397],[2.13055292558991,48.8148702739365],[2.13059470942145,48.8148636523101],[2.13060044510308,48.8148627046648],[2.13064700990518,48.8148552183738],[2.13065274558483,48.8148542707261],[2.13068592662314,48.8148490255741],[2.13069179847262,48.8148480789145],[2.13080063115702,48.8148306121104],[2.13080677684337,48.8148295774949],[2.13081647197142,48.8148280290356],[2.13082275232952,48.8148270853393],[2.13092352835382,48.8148109089711],[2.13092994487895,48.8148099662588],[2.13103111586369,48.814794602139],[2.13103780772386,48.8147934815401],[2.13120591816344,48.8147656522423],[2.13121301852891,48.8147645346019],[2.13125070657745,48.8147585125731],[2.13125794311187,48.8147573959193],[2.13158948411939,48.8147046705311],[2.13159754065899,48.8147033799306],[2.131741863974,48.8146809534544],[2.13175019434483,48.8146795748912],[2.13186066336541,48.8146619391251],[2.13186926607146,48.8146605625309],[2.13192251933995,48.8146521349558],[2.13193125971031,48.8146506694158],[2.13196908376424,48.8146446481485],[2.13197796030264,48.8146431835935],[2.13201441814912,48.8146374222166],[2.13202343085562,48.8146359586467],[2.13226430621241,48.8145974134457],[2.13227400125402,48.814595864868],[2.13241546440063,48.8145734168242],[2.13242529560373,48.8145718692221],[2.13254368449038,48.8145529411783],[2.13255392569294,48.8145513065993],[2.13258287459405,48.8145466598052],[2.13259325196461,48.8145450262107],[2.13264705416666,48.8145363324734],[2.13265743153306,48.8145346988733],[2.13268651658617,48.8145300530418],[2.13269703161599,48.8145283304959],[2.13274113727482,48.8145212752583],[2.13275178847149,48.8145195536953],[2.13280914002141,48.8145103459837],[2.13282006504966,48.8145085364596],[2.13283399330052,48.8145062990109],[2.13284491683171,48.8145045794148],[2.13293244571055,48.8144905538066],[2.13294364307082,48.8144887462462],[2.13295688896473,48.814486593776],[2.13296808482819,48.8144848761435],[2.13310094473439,48.81446380396],[2.13311241442341,48.8144619983582],[2.13315993169833,48.8144545179965],[2.13317167521841,48.8144526244335],[2.13327981792323,48.814435600081],[2.133291833775,48.8144337084802],[2.13336734208616,48.8144218439436],[2.13337949559605,48.814419863391],[2.13346948570971,48.8144052256432],[2.133481911552,48.8144032470537],[2.1336089082626,48.8143825815208],[2.13362160792814,48.81438051496],[2.13369575737532,48.8143684604889],[2.13370872788007,48.814366485822],[2.13380047756243,48.8143524901603],[2.13381358572281,48.8143504265385],[2.13389824406037,48.8143370090164],[2.13391162604617,48.8143348574265],[2.13398017298384,48.8143239314292],[2.13399369113273,48.8143217808164],[2.13402496063853,48.8143167907179],[2.13403861644688,48.8143145511562],[2.13405609396853,48.8143117996252],[2.13406988594403,48.814309561046],[2.1341019739472,48.8143044869142],[2.13411576591889,48.8143022483297],[2.13414990392525,48.8142967393263],[2.13416383206249,48.8142945017222],[2.13420971201083,48.8142871889699],[2.13422391248251,48.8142849533307],[2.13425490960473,48.8142799612001],[2.1342692477351,48.8142776366115],[2.1344589128782,48.8142473505299],[2.13447365949945,48.8142450288739],[2.13454111385951,48.8142342745289],[2.13455599813539,48.8142318639182],[2.13471439656193,48.8142063878077],[2.1347296893305,48.8142039801317],[2.13475577082453,48.8141997617668],[2.13477119975886,48.8141973550708],[2.13484616420496,48.8141853957265],[2.13486186696166,48.8141829010591],[2.13489245396189,48.8141779957371],[2.13490815671416,48.8141755010636],[2.13498120875865,48.8141638875618],[2.13499718533296,48.8141613049168],[2.13513973995761,48.8141385917317],[2.1351561250245,48.8141360120202],[2.13522767611312,48.8141245673934],[2.13524419734047,48.8141219886547],[2.13530250418061,48.8141126067774],[2.13531903136476,48.8141096683078],[2.13588580514561,48.8140089548864],[2.13588313654968,48.8139931356838],[2.13599403059381,48.8139743299485],[2.13593207768224,48.8136284192247],[2.13581805448839,48.8129567256117],[2.13334745652501,48.8089148753886],[2.13989437908461,48.8084078463486],[2.13989398287495,48.8084078434981],[2.13980504694064,48.8078804173744],[2.13968108434138,48.8071321126547],[2.1396811967592,48.8071335525261],[2.13965645382637,48.8069908173494],[2.1396318723975,48.8068465543068],[2.13960865260511,48.8067023010395],[2.13958396018297,48.8065647827575],[2.13956436442306,48.8064319780907],[2.13953972862076,48.8062910423969],[2.13950307787772,48.8060777971924],[2.13950539240101,48.806077813852],[2.13947139744308,48.8058851843141],[2.13941687613525,48.8055419348128],[2.13818821978327,48.8054546547928],[2.13801970781248,48.8054429167181],[2.137427693144,48.8054004214488],[2.13592023391534,48.8052935674682],[2.13586108700842,48.8049761857435],[2.1358451084062,48.8049297503096],[2.1356896270376,48.8046740914813],[2.13357263732308,48.8012533005135],[2.13357277495249,48.8012532115692],[2.13204968729404,48.801659582801],[2.1310442199343,48.8019278600744],[2.12999089740463,48.8022075630107],[2.12999103204286,48.8022076539326],[2.12977398463009,48.8022657954892],[2.12977378547856,48.8022654909352],[2.12204310640624,48.8043207426509],[2.11996771971977,48.8008683489568],[2.1193501187654,48.8010307331544],[2.11904949254445,48.80111153459],[2.11875886099867,48.8011889911523],[2.11839027724282,48.8012868286363],[2.11715264459746,48.8016170460871],[2.11597205201748,48.8019307634715],[2.11566842797787,48.802011084536],[2.11537272490859,48.8020899344329],[2.11509001047916,48.8021655518932],[2.11481235827715,48.8022396771561],[2.11455555370774,48.8022967772582],[2.11415507321939,48.8023877996632],[2.11415506863775,48.8023880694555],[2.11179399198429,48.802628233585],[2.11072297515608,48.8027407933531],[2.10964835728549,48.8028566445857],[2.10859893893328,48.8029715947881],[2.10689008179484,48.8031595007312],[2.10628313840996,48.8032282674631],[2.10515961380819,48.8033444323315],[2.1048562147814,48.8033704925963],[2.10438108456781,48.8033906785393],[2.07411771046979,48.8006403398137],[2.07411785828026,48.8006414472545],[2.07395372822938,48.8006375674939],[2.0739228139902,48.8008220704025],[2.07397394428483,48.8008256145112],[2.07397584376726,48.8008259889973],[2.07398058928061,48.800827105073],[2.07398113221796,48.8008271992219],[2.07407166710027,48.800850566118],[2.07410175625293,48.8008582644347],[2.0741258922504,48.80086384795],[2.07417782709861,48.8008757628771],[2.07417945431712,48.8008761352511],[2.07420267260573,48.8009334287138],[2.07428375232929,48.8010369511243],[2.07429533745302,48.801051611563],[2.07431017800537,48.8010823070142],[2.07432520085625,48.8011334208703],[2.07432571347644,48.8011352236942],[2.0743541353487,48.8012138738297],[2.0743549138565,48.801216038483],[2.07439816262707,48.8013338385457],[2.07439907089036,48.8013363639742],[2.07443387478239,48.801431343119],[2.07443491280146,48.8014342293223],[2.07444115049242,48.8014510069601],[2.07444218851229,48.8014538931632],[2.07446608214877,48.801519196669],[2.07452835732779,48.8016927285313],[2.07452234661455,48.80169385125],[2.07451920432444,48.8016944565205],[2.07451879432175,48.8016945432888],[2.0745070483569,48.8016966109724],[2.0744920239646,48.8016992828706],[2.07449241482054,48.8017002752661],[2.07449254616953,48.801700546111],[2.07482741672301,48.8026717304532],[2.07482754967132,48.8026719113672],[2.074828063919,48.8026736242563],[2.07482833619551,48.8026736263636],[2.07484743223961,48.802671705476],[2.07486966424723,48.8026695390273],[2.07487744007801,48.8026686997794],[2.07487899558558,48.8026731190041],[2.07498384905181,48.8029641750974],[2.07498515143616,48.80296751305],[2.07498514984141,48.8029676029802],[2.0749874839272,48.8029741868484],[2.07498994617888,48.8029812214209],[2.07498994458414,48.8029813113511],[2.07499111242498,48.80298455832],[2.0749911092355,48.8029847381804],[2.07499809714655,48.8030052991558],[2.07499926498835,48.8030085461246],[2.07511561756965,48.8033345886857],[2.07512573261974,48.8033630887832],[2.07517877193267,48.8035125338827],[2.07518149216665,48.8035203799259],[2.0751825366464,48.8035229063968],[2.07518344817465,48.803525251954],[2.07526404236312,48.8037486630086],[2.07527767076961,48.8037863643936],[2.07528195457931,48.8037981799972],[2.07528208434352,48.8037985407708],[2.07530090016196,48.803850852961],[2.0753053169352,48.8038628494764],[2.07543352987598,48.8042190239741],[2.07543754944192,48.8042303878109],[2.07543858757224,48.8042332739985],[2.07545039790698,48.8042660144499],[2.07547116215795,48.8043236482622],[2.07547505356726,48.8043345613933],[2.07547518652195,48.8043347423065],[2.07547596831075,48.8043367270865],[2.07548699371476,48.8043676626116],[2.07548777231652,48.8043698272515],[2.07566960470833,48.804873741635],[2.0756703865125,48.8048757264128],[2.07567129011815,48.8048785216139],[2.07567207192257,48.8048805063915],[2.07572476327822,48.805026710408],[2.07572554668034,48.805028605255],[2.07575240916325,48.8051032852334],[2.07577759107406,48.8051729154348],[2.07577823674204,48.8051748991588],[2.07577862605503,48.805175981477],[2.07577888400353,48.8051767929527],[2.07577927331655,48.8051778752709],[2.07578096352672,48.8051823854566],[2.075904988806,48.8055293524891],[2.07590563926299,48.8055310664216],[2.07590823153208,48.8055384617318],[2.07594092636743,48.805629826046],[2.07594157682696,48.8056315399782],[2.07597867771382,48.8057355302563],[2.07597932976893,48.8057371542581],[2.07600722161488,48.8058152598913],[2.07600773752539,48.8058168828406],[2.07601915925295,48.8058485408729],[2.07601981131072,48.8058501648744],[2.07604693896662,48.805925296487],[2.07605239269237,48.8059402690607],[2.07605304634535,48.8059418031317],[2.07606446653476,48.8059735510864],[2.07609677736911,48.8060635632162],[2.0760972948779,48.8060650962347],[2.07611637188304,48.8061181297358],[2.07611689098573,48.8061195728242],[2.07611792759835,48.806122548931],[2.0761350548205,48.8061703507051],[2.07613557233137,48.8061718837233],[2.07614984610321,48.8062116585783],[2.07615036520778,48.8062131016664],[2.0761677504494,48.8062617149061],[2.07617034438467,48.806269020276],[2.07617877667052,48.8062926503147],[2.0761792957767,48.8062940934026],[2.07622043025515,48.8064087278951],[2.07622730685232,48.8064279387349],[2.07622769140582,48.8064292908404],[2.07634135146,48.8067467657856],[2.07634173761135,48.8067480279605],[2.07634291039829,48.8067510051156],[2.07634511504586,48.8067572281635],[2.0764206227543,48.8069685461664],[2.07642114665111,48.8069697194626],[2.07643904833315,48.807019955576],[2.07643917492852,48.8070204962074],[2.07643943608125,48.8070211278204],[2.07643995838664,48.8070223910464],[2.07644125300366,48.8070261786208],[2.07648484650836,48.8071481172543],[2.07648523425843,48.8071492894984],[2.07648588475469,48.8071510034252],[2.07648783146693,48.8071564149958],[2.07648822080943,48.8071574973099],[2.07649652360201,48.8071807665363],[2.0764969129449,48.8071818488503],[2.07657492040213,48.8074058678249],[2.07657660279255,48.8074108276399],[2.07665931815439,48.8076458558169],[2.07666644349891,48.8076664176616],[2.07666683603296,48.8076673201148],[2.07667579745559,48.8076918535942],[2.07667619158196,48.8076926661176],[2.07685959883804,48.8081935311624],[2.07686089988125,48.808196959009],[2.07686946894456,48.8082205900101],[2.07686972851673,48.8082213115514],[2.077298899674,48.8094167167252],[2.07734727855974,48.8095377922676],[2.07734767271052,48.8095386047874],[2.07739490240413,48.8096784693035],[2.07756979205814,48.8101920382986],[2.07757056765226,48.8101943827733],[2.07757822879336,48.8102154882972],[2.07758212585469,48.8102261315139],[2.07768963098718,48.8105229597962],[2.07774154635719,48.8106751822275],[2.07774206395999,48.8106767152327],[2.07774322419332,48.8106804118007],[2.07784998635737,48.8109654516873],[2.07789114568254,48.811079095905],[2.07799305854861,48.8113612200112],[2.07799410014205,48.811363926299],[2.07800202599939,48.8113854835219],[2.07816121948614,48.8118323728053],[2.07816524871975,48.8118355518348],[2.07816564290054,48.8118363643502],[2.07832463513425,48.8122562691324],[2.07855643397519,48.8128487931815],[2.07855904287278,48.8128552890915],[2.07855917109331,48.8128557397883],[2.07856139056346,48.8128611533964],[2.07864229457836,48.8130994928144],[2.07868060100848,48.8132129346515],[2.07868189594191,48.8132167221808],[2.07868319564161,48.8132202399217],[2.07885768865132,48.8137345217082],[2.0788606632457,48.8137434488479],[2.07907231146662,48.814351825381],[2.07907451358523,48.8143582281955],[2.07907464657796,48.8143584091029],[2.0793330767322,48.8150171526093],[2.07934767692114,48.815054141059],[2.07934897671146,48.8150576587869],[2.0793523599776,48.8150665890493],[2.07939906560676,48.8151904383817],[2.07942664960324,48.8152634134476],[2.07959393833003,48.8155462182098],[2.07973637585692,48.8157864689581],[2.07974431134598,48.8157998413704],[2.07974444117082,48.8158002021355],[2.07980157300431,48.8158966993142],[2.0803529467286,48.8162402004394],[2.08048684943185,48.8163237065172],[2.08051150289237,48.8163390062589],[2.08051325254208,48.8163401889519],[2.08051594748215,48.8163418286209],[2.08125218232209,48.816791438543],[2.08149903398554,48.8169421879429],[2.08150294031327,48.8169446463657],[2.08150967781983,48.8169487454804],[2.0817545120839,48.8170981297038],[2.08176003829677,48.8171014100295],[2.08176219336164,48.8171027756988],[2.08180086578945,48.8171263674744],[2.08205958227046,48.8172841322378],[2.08207373042788,48.8172927852741],[2.08214628447512,48.8173568407917],[2.08216944265923,48.8173875086571],[2.08218429091286,48.8174182926157],[2.08218428616451,48.8174185624032],[2.08218409617289,48.8174216189495],[2.08218304175025,48.8174428370052],[2.08218284226175,48.8174464331263],[2.08218272355258,48.8174531778133],[2.08218550729622,48.8174575163632],[2.08221756314617,48.8175088490695],[2.08222233099247,48.8175165306751],[2.08222325732646,48.8175180667872],[2.08220123789425,48.8175310292092],[2.08218967871681,48.8175377760251],[2.08218747613925,48.8175391082385],[2.08218840405542,48.8175405544216],[2.08222931155274,48.8175996900135],[2.08223130356695,48.8176025834241],[2.08223156959097,48.8176029452311],[2.08223209847351,48.8176038487034],[2.08223223465088,48.8176038497486],[2.08252069829037,48.8180837415227],[2.08252083130457,48.8180839224258],[2.08254794102039,48.8181300004666],[2.08258655661253,48.8181955940835],[2.08267529081909,48.8183464766993],[2.08267687751242,48.8183491871085],[2.08267714196135,48.8183496388434],[2.08267780229263,48.8183508131449],[2.08271006984096,48.8184056550024],[2.08271152352221,48.8184081845082],[2.08273057022589,48.8184403496911],[2.08273228677715,48.8184434208602],[2.08273335248596,48.8184447781535],[2.08273388296758,48.8184455916939],[2.08291711280073,48.8186754477649],[2.08291764486913,48.818676171375],[2.0829689482481,48.8187406029593],[2.08296921428303,48.8187409647644],[2.08296443707198,48.8187492926594],[2.08328195758477,48.819142071976],[2.08328355698138,48.8191440629428],[2.08378751550231,48.8197708575693],[2.08379002239669,48.8197754637731],[2.08379887173251,48.8197911813267],[2.08384075834014,48.8205390024746],[2.08384912227863,48.8206908870176],[2.08384995580066,48.8207054638497],[2.08448653206842,48.820692260961],[2.08647973930129,48.8231956289668],[2.08648493420291,48.8232023242685],[2.087933038906,48.8250214551573],[2.08794410571301,48.8250351205913],[2.08869111308121,48.8259779060518],[2.08874190224046,48.826033606481],[2.08875606905906,48.826049184196],[2.08877143653581,48.8260662101058],[2.08877494943623,48.8260678558008],[2.08877176340712,48.8260708895039],[2.08857627344862,48.8262589045505],[2.08867278471936,48.8263017321702],[2.08867359563338,48.8263020981115],[2.08869278988971,48.8263106088383],[2.08887058837998,48.8264178234821],[2.08897042400026,48.82645752826],[2.08904239096119,48.826486227823],[2.08906731874671,48.8264628532831],[2.08912312985332,48.8264104832945],[2.09012977554355,48.8254665751685],[2.09026716865602,48.8253366669083],[2.09205875380988,48.8236427592142],[2.09228892714164,48.8234250512142],[2.09229806772305,48.8234163963454]]]}},{"type":"Feature","properties":{"nom":"Jussieu"},"geometry":{"type":"Polygon","coordinates":[[[2.15729174809852,48.8145738617724],[2.15761573301157,48.8143969831185],[2.15769657656429,48.8143579787965],[2.15779210495739,48.8143119725506],[2.15792647574443,48.8142472623231],[2.15799154021286,48.8142155218004],[2.15806167047722,48.8141821080421],[2.15823216389614,48.8140984045332],[2.15828569829544,48.8140722489331],[2.15846693121223,48.8139812455581],[2.15861961395464,48.8139040717392],[2.15872413076634,48.8138579481127],[2.15880464935699,48.813830543092],[2.15885551022294,48.8138181293443],[2.15896098096094,48.8137888311231],[2.15906598361751,48.8137632170835],[2.15925627738187,48.8137182359081],[2.15932009580746,48.8137045639677],[2.15936280515029,48.8136909234601],[2.15963721349319,48.8135558728689],[2.15983500408085,48.8134596772856],[2.15991218972306,48.8134108422175],[2.16004798382379,48.8133166390479],[2.16011697582446,48.8132691853325],[2.1601567670903,48.8132422128205],[2.16022478979196,48.8131957415799],[2.1603369360718,48.8131069482949],[2.16058723593934,48.8129802705456],[2.16061881196815,48.8129644827858],[2.16088232949159,48.8128795397525],[2.16100371114848,48.8128429762557],[2.16117668919493,48.8127904953733],[2.16119625645496,48.8127846965667],[2.16125377320994,48.8127647734748],[2.16136963515445,48.8127242134929],[2.1613670011192,48.8126508933373],[2.16136326384202,48.8125445571934],[2.16136190652306,48.8125442778504],[2.16123648443766,48.8125272986381],[2.16122768987142,48.8125152748237],[2.16113480612521,48.8123887960766],[2.16103964274537,48.8122601426657],[2.16094609355487,48.8121327596599],[2.1608538529249,48.8120087135563],[2.16083453597674,48.811982045447],[2.16081320407992,48.811953654316],[2.16076080877431,48.8118838522575],[2.16071721951526,48.8118253545868],[2.1606695772841,48.8117648497463],[2.16062888829646,48.8117123084892],[2.16058289201228,48.8116680045067],[2.16053816769107,48.811629285765],[2.1605138405969,48.811609327975],[2.16048612970733,48.8115880872479],[2.16038081845213,48.8115147654871],[2.16023142100901,48.8114138819041],[2.16008241525133,48.8113140801631],[2.15993357230085,48.8112126604322],[2.15977933560858,48.811107964726],[2.15963113546435,48.8110174319542],[2.15958759432591,48.8109898738101],[2.15948824476087,48.8109185718133],[2.15942692615177,48.8108787466068],[2.15922643172765,48.8107546574354],[2.15920271965594,48.810738840963],[2.15900138147344,48.8106333632246],[2.15879765704053,48.8105239109414],[2.15860185686649,48.8104128951271],[2.1583759766171,48.8102925831907],[2.15823311411207,48.8102175560051],[2.15802870195627,48.8101087270929],[2.1580307849978,48.8101062234161],[2.1580740660165,48.8100738796503],[2.15823152027685,48.8099703870355],[2.15830251705364,48.8099251069447],[2.15826201511404,48.8098949613886],[2.15830120062399,48.8098716727398],[2.1583112993227,48.8098787592336],[2.15838963541006,48.809834340228],[2.15840173346416,48.809827230115],[2.1583302677518,48.8097750109472],[2.15848672104721,48.8096237522669],[2.15860399228922,48.809512421243],[2.15869057039758,48.8094297451706],[2.15863669761941,48.8094012145128],[2.15871319819904,48.8093270118914],[2.15874436655104,48.8092688595007],[2.15877679070765,48.8092088271744],[2.1588025826441,48.8091294108503],[2.15884274002179,48.8090035960764],[2.15888961236592,48.8088751302887],[2.1589564497675,48.8086907716476],[2.15898771510295,48.808601230416],[2.15899685828814,48.8085746721803],[2.15895640791632,48.8085329247834],[2.15899446369782,48.8085120563499],[2.15899513867327,48.8085124208625],[2.15903772669507,48.8084891558891],[2.15905312252195,48.8084801801398],[2.15908201958881,48.8084614957799],[2.15914205013465,48.8084205451252],[2.15924074033188,48.8083465881274],[2.15925769611974,48.8083337558552],[2.15933865111123,48.8082618326337],[2.15938408670591,48.8082139436993],[2.159403520733,48.8081994199505],[2.15951435126984,48.8080987456331],[2.15960016367071,48.8080211001437],[2.15970533146048,48.8079253325919],[2.15985042665596,48.8077938690985],[2.15997950431892,48.8076761438045],[2.16011755007545,48.8075511061953],[2.16025436255907,48.8074265094603],[2.16029984152293,48.8073842867503],[2.16032762075115,48.8073588486408],[2.16037483041897,48.8073106119994],[2.16049778747153,48.8071838490086],[2.16061494162368,48.8070622617248],[2.16072685492087,48.806944774818],[2.16085449146994,48.806814806401],[2.16097901038924,48.8066839165445],[2.16107843710422,48.8065807322364],[2.16104950185872,48.8065595728773],[2.16100133442258,48.8065235281784],[2.16103538610586,48.8064382330657],[2.16103535538111,48.8064232126672],[2.1610371864866,48.8063686311994],[2.16112612357606,48.8062826419268],[2.16126833247914,48.8061438710847],[2.16138855029866,48.8060262618695],[2.1614512088392,48.8059655413611],[2.16170084801186,48.806072523455],[2.1617009856061,48.8060724344787],[2.16170180105391,48.8060725301382],[2.16170304084756,48.8060716394198],[2.16198224392447,48.8057963081356],[2.16172270949319,48.805669650014],[2.16173715648514,48.8056518530079],[2.16182882335885,48.8055398892881],[2.16185952612251,48.8055018795127],[2.16189964323408,48.8054626765535],[2.16197838543824,48.8053839003673],[2.1616037506407,48.8053786652112],[2.16132620031966,48.8053733905027],[2.16106771208294,48.8053681589842],[2.16046756588653,48.8053561208544],[2.16016972700867,48.8053508808562],[2.1599134173505,48.8053456621454],[2.15962649497342,48.8053389685057],[2.15935411864546,48.8053337255879],[2.15908977648779,48.8053284486236],[2.15883564539757,48.8053232429251],[2.15856612831491,48.8053180183297],[2.15828947650389,48.8053161606611],[2.15800977576813,48.8053176087067],[2.15770679100574,48.8053190719245],[2.15743942584829,48.8053239333812],[2.15713426658491,48.8053335644847],[2.15685453759881,48.8053451730016],[2.15685493877079,48.8053456255379],[2.15655853865764,48.8053608933159],[2.15626914236536,48.8053808867434],[2.15601734861792,48.8053995260103],[2.15574965246015,48.8054247980428],[2.15564545849567,48.8054350349918],[2.155367660128,48.8054703082486],[2.15507390738939,48.8055069971007],[2.15496543719624,48.8055206210057],[2.15479093964308,48.8055503272058],[2.15448781779631,48.8056021484679],[2.1543158992117,48.8056323219239],[2.15402070848571,48.805690404065],[2.15372047233527,48.8057488994679],[2.15362638042838,48.8057658618365],[2.15342228251003,48.8058155033321],[2.15311908107333,48.8058888165519],[2.15291690433389,48.8059374814413],[2.15281802794479,48.8059639430555],[2.15252276550641,48.806042977332],[2.15216583154048,48.8061380327748],[2.15191832912744,48.8062190232181],[2.15161718774093,48.806316091762],[2.15151014403037,48.8063506789951],[2.15131829831711,48.8064169530702],[2.15102205315118,48.8065225992995],[2.15096468430548,48.8065419789605],[2.15082663405645,48.8065991904595],[2.15082622999882,48.8065989177653],[2.15047774173375,48.8067434958881],[2.15027311101425,48.8068254171584],[2.15017723546486,48.8068680873551],[2.1498816246319,48.8070013472407],[2.14960705878506,48.8071298992652],[2.14934246439605,48.8072564529583],[2.14906498239697,48.8073883108048],[2.1488026166564,48.8075116412703],[2.14874454570379,48.8075405486387],[2.14857861688513,48.8076035850765],[2.14851224773285,48.8076319835249],[2.1482296965036,48.8077571476585],[2.14796016516425,48.8078770973812],[2.14775854691095,48.8079491422571],[2.14761528671907,48.8079997471756],[2.14740028474805,48.8080741244334],[2.14713090549348,48.8081679004606],[2.14691697289437,48.8082350891774],[2.14667501626682,48.808308913018],[2.14621185764471,48.8084280162013],[2.15729174809852,48.8145738617724]]]}},{"type":"Feature","properties":{"nom":"Montreuil"},"geometry":{"type":"Polygon","coordinates":[[[2.15762959661787,48.7984965308579],[2.15738688201443,48.7984861856795],[2.15731667871256,48.7984832623334],[2.15702685346631,48.7984732138743],[2.15672175573269,48.7984646759182],[2.15642901673754,48.7984580232419],[2.15636491896349,48.7984564016116],[2.15619480738838,48.7984521428165],[2.15606157656212,48.7984487737766],[2.15572435419397,48.7984399165079],[2.15546878298224,48.7984332541768],[2.1553849553363,48.7984309529658],[2.15509223126652,48.7984233976994],[2.15479433439109,48.7984158051378],[2.15451343911064,48.7984092315144],[2.1539218453442,48.7983953316766],[2.15361684676685,48.7983891249788],[2.15333703350924,48.7983830059597],[2.15330682172187,48.7983822523035],[2.15307737026448,48.7983768491767],[2.15278451216456,48.7983691973622],[2.15270475837129,48.7983675527385],[2.15248169193154,48.7983630032056],[2.15220190233171,48.7983554426241],[2.15195801564108,48.7983502947264],[2.15190616239013,48.7983492072857],[2.15160118626077,48.7983416464709],[2.1513004097177,48.7983353738833],[2.15118432729583,48.7983323909874],[2.15099258384239,48.7983272516282],[2.15094848702542,48.7983263987491],[2.15068458972354,48.7983211061071],[2.15053994237868,48.7983165704821],[2.15038182421181,48.798311579163],[2.15017238569692,48.7983062227653],[2.150119582559,48.7983049479116],[2.15007889191333,48.7983039390464],[2.14977106641386,48.7982958136453],[2.14947317104221,48.7982882078206],[2.14918248908733,48.7982807425412],[2.14918249642099,48.7982802928836],[2.14881965926322,48.7982727627982],[2.14848923980125,48.798264293311],[2.14818373483579,48.7982558205815],[2.14785247384228,48.7982488723491],[2.14751648225408,48.7982398207931],[2.14720863695039,48.7982329478334],[2.14689752465451,48.7982260507626],[2.14656941997705,48.7982175924849],[2.14636064668366,48.7982132235138],[2.14636064815527,48.7982131335823],[2.14507741572193,48.7981845346736],[2.14507540033188,48.7981829013021],[2.14507548487639,48.7981860498778],[2.13357555044816,48.801259309539],[2.13357541281873,48.8012593984834],[2.13569240152576,48.8046801892246],[2.13584788281901,48.8049358480356],[2.13586386140793,48.8049822834649],[2.13592300822411,48.8052996651517],[2.13743046739142,48.8054065193024],[2.13802248203554,48.8054490146385],[2.1381909939995,48.8054607527321],[2.13941965030146,48.8055480328908],[2.13947417151146,48.8058912823498],[2.13950816641432,48.8060839118645],[2.1395058518911,48.8060838952047],[2.13954250257329,48.8062971403833],[2.13956713833539,48.8064380760601],[2.13958673405748,48.8065708807105],[2.13961142644047,48.806708398976],[2.13963464619165,48.8068526522256],[2.13965922757947,48.8069969152507],[2.13968397047146,48.80713965041],[2.13968385805407,48.8071382105388],[2.13980782043993,48.8078865151674],[2.13989675622382,48.808413941227],[2.13989730084187,48.8084139451451],[2.14536025969224,48.8079777834802],[2.14619473737887,48.808450001283],[2.14665775837399,48.8083309871102],[2.14689971500155,48.8082571633022],[2.14711364760065,48.8081899746149],[2.14738302685522,48.8080961986288],[2.14759802882625,48.808021821404],[2.14774128901813,48.8079712165077],[2.14794290727143,48.8078991716635],[2.14821243861078,48.8077792219937],[2.14849498984002,48.8076540579151],[2.14856135899231,48.8076256594793],[2.14872728781097,48.8075626230692],[2.14878535876358,48.8075337157135],[2.14904772450415,48.8074103853024],[2.14932520650323,48.8072785275138],[2.14958980089224,48.8071519738765],[2.14986436673908,48.8070234219085],[2.15015997757204,48.8068901620816],[2.15025585312142,48.8068474919038],[2.15046048384093,48.8067655706696],[2.15080937616363,48.8066212653044],[2.15094742641266,48.8065640538306],[2.15100479525836,48.8065446741781],[2.15130104042428,48.8064390279953],[2.15149288613755,48.8063727539495],[2.15159992984811,48.8063381667316],[2.15190107123461,48.8062410982304],[2.15214857364766,48.8061601078228],[2.15250550761358,48.8060650524217],[2.15280077005197,48.8059860181801],[2.15289964644106,48.8059595565774],[2.15310182318051,48.8059108917094],[2.15340502461721,48.8058375785219],[2.15360912253556,48.8057879370483],[2.15370321444245,48.8057709746871],[2.15400345059288,48.8057124793098],[2.15429864131888,48.8056543971943],[2.15447055990349,48.8056242237517],[2.15477368175026,48.8055724025123],[2.15494817930341,48.8055426963253],[2.15505664949657,48.8055290724263],[2.15535040223517,48.8054923835904],[2.15562820060284,48.8054571103492],[2.15573239456733,48.8054468734047],[2.1560000907251,48.8054216013833],[2.15625188447254,48.8054029621246],[2.15654128076481,48.8053829687059],[2.15683727970599,48.8053672483986],[2.15683768087796,48.8053677009346],[2.15711700869209,48.8053556398867],[2.15742216795547,48.8053460087875],[2.15768953311292,48.805341147333],[2.15799251787531,48.8053396841158],[2.15827221861107,48.8053382360707],[2.15854887042209,48.8053400937386],[2.15881838750474,48.8053453183316],[2.15907251859497,48.8053505240279],[2.15933686075264,48.8053558009898],[2.1596092370806,48.8053610439053],[2.15989615945768,48.805367737542],[2.16015246911585,48.8053729562506],[2.16045030799371,48.8053781962466],[2.16067027519573,48.8053826189631],[2.16105045419011,48.805390234371],[2.16130894242684,48.8053954658872],[2.16158649274788,48.8054007405934],[2.16196126369246,48.8054059767015],[2.16204746305592,48.8053206870541],[2.16218103465851,48.8051852723068],[2.16220929280712,48.805163794504],[2.16226763960014,48.805117074172],[2.16228694881679,48.805076286207],[2.16232904928524,48.8050322401743],[2.16234571937843,48.8050201249707],[2.16241936582171,48.8049618193995],[2.16256928540865,48.80484270816],[2.16272830105474,48.8047167349535],[2.1628700870896,48.8046037723038],[2.16291325323229,48.8045696270587],[2.16302704035141,48.8044789534781],[2.16319858142119,48.8043444329501],[2.16336876449382,48.8042096328382],[2.16346513920029,48.8041348465155],[2.16350403651815,48.8041036392398],[2.16353287272235,48.8040800065645],[2.1635399213242,48.8040734901678],[2.16363863448558,48.8039971910594],[2.16370107824442,48.8039410548207],[2.16341758919469,48.8036613323259],[2.16328152221705,48.8035283460771],[2.1631454862321,48.8033934711006],[2.16300433096679,48.8032552322722],[2.16286331259077,48.8031169942138],[2.16272215737796,48.8029788449498],[2.16258114049708,48.8028406065247],[2.16244012436355,48.8027023679164],[2.16229897283784,48.8025641281707],[2.16215795675519,48.8024259791272],[2.16201680672521,48.8022877390146],[2.16187077812942,48.8021481153851],[2.1617274745246,48.8020084207222],[2.16158867028352,48.8018768521608],[2.16145258949283,48.8017453025228],[2.16131435288254,48.801612388461],[2.16123577094346,48.8015375453637],[2.16119126740929,48.8014856066235],[2.16107749477557,48.8013554722204],[2.16095664090073,48.8012339223781],[2.16083779779904,48.8011143652281],[2.16070675935164,48.8009827600819],[2.16057367809095,48.8008512303683],[2.16044046136651,48.8007196995351],[2.16030738144843,48.8005881694945],[2.16017416606737,48.8004566383339],[2.16004108749187,48.8003251079661],[2.15991007620987,48.800192062951],[2.15978124227689,48.8000591230186],[2.15965023087691,48.7999261676187],[2.15956448671669,48.7998398503255],[2.15957243600959,48.7998365783737],[2.15952436571372,48.7997865026113],[2.15939839253747,48.7996535823197],[2.15938580191233,48.7996407220494],[2.15938512125239,48.7996407172628],[2.1593851444393,48.7996392783581],[2.15937281430489,48.7996440484985],[2.15925224787765,48.7995220490063],[2.15916143931318,48.7994290400723],[2.15907805244617,48.7992894934386],[2.15899741748184,48.7991566217798],[2.15891476417246,48.7990222967774],[2.15889008048478,48.798982638639],[2.15889131580717,48.7989820177391],[2.15869506608923,48.7988846687066],[2.15850771172458,48.7987929583548],[2.1582024164209,48.7986531077431],[2.15815456912294,48.7986315444917],[2.15797838518339,48.7985732803718],[2.15790486593546,48.79855648297],[2.15762959661787,48.7984965308579]]]}},{"type":"Feature","properties":{"nom":"Satory"},"geometry":{"type":"Polygon","coordinates":[[[2.11374577039262,48.7904316246625],[2.11378803386857,48.7904278007137],[2.11389219840828,48.7904180498112],[2.11394823464157,48.7904127988994],[2.11400659231978,48.7904071154577],[2.11405771645908,48.7904025476201],[2.11425871536856,48.7903818216646],[2.11448691566373,48.7903624662001],[2.11514750043866,48.7903238269536],[2.11521586615828,48.7902978899],[2.1152560950679,48.7902855957231],[2.11556987283731,48.7902527506961],[2.11689775362033,48.7901164136326],[2.11740773009994,48.7900646864089],[2.11794441125266,48.7900114452129],[2.11824761779985,48.7900320312446],[2.11876751146027,48.7900377550535],[2.11965555736984,48.7900470887415],[2.1201516297078,48.7900528109208],[2.12107197699972,48.7900678584245],[2.12185843249335,48.7900797563801],[2.12212488031559,48.7900845922418],[2.12277013193972,48.7900910395881],[2.12290841301924,48.790092234493],[2.12322974043436,48.7900795720272],[2.12390179074213,48.7900546399055],[2.12417680960675,48.7900354293184],[2.12470993127956,48.7900235054587],[2.12552422083726,48.789844724238],[2.12623036285176,48.7897508623942],[2.12734019632349,48.789586371762],[2.12940130079969,48.7892713149773],[2.13005686189513,48.7892058438083],[2.13257907843937,48.788810711254],[2.13395744835783,48.7886699644485],[2.13382125036528,48.7885353220736],[2.13381975127231,48.7885190315335],[2.13382649620252,48.7885063085257],[2.13382927797294,48.7885027309714],[2.13384604670298,48.788492958794],[2.13386097443301,48.7884874905319],[2.13388408024799,48.7884813619999],[2.13381461113028,48.7884268926904],[2.1337660554981,48.7883179795628],[2.13372502044776,48.7882234218567],[2.13367675531417,48.7881134314608],[2.13361443381521,48.7879728484449],[2.13352956060995,48.7877804745662],[2.13351406698344,48.7877544586313],[2.1332642169349,48.7877835870392],[2.13326353493807,48.7877836720354],[2.13326195402033,48.7877805125629],[2.13320941070006,48.7876331645382],[2.13290412891989,48.7877543515183],[2.13287479961574,48.7877172620509],[2.13278378800183,48.7876241401452],[2.13265245350016,48.7874920499742],[2.13252417216577,48.7873564740244],[2.13241786780349,48.7872417443878],[2.13239660937992,48.7872186545562],[2.13226051344028,48.7870701596803],[2.13213358916139,48.7869349528731],[2.13200309861534,48.7867932441009],[2.13193719331831,48.786721170626],[2.13187512580094,48.7866556908388],[2.13175038557468,48.7865202295988],[2.13162508664082,48.786385663579],[2.13150006204335,48.786251009458],[2.13137450268961,48.7861158116392],[2.1312494808828,48.7859810672919],[2.13112378373713,48.7858460480527],[2.13099862862675,48.785711212489],[2.13087388244764,48.785576379748],[2.1307473871629,48.7854403648698],[2.13062168662514,48.7853057047678],[2.13049615729931,48.7851689770639],[2.13037246349083,48.7850364898993],[2.13024731826015,48.7849012937234],[2.13012138111092,48.7847646525378],[2.12999784179951,48.7846311766729],[2.12986107747574,48.7844827637048],[2.1296466353639,48.784250407293],[2.1295211036301,48.7841141281003],[2.12939262507598,48.7839750390389],[2.12925907783093,48.78382979673],[2.12913488200196,48.7836951457829],[2.12900735363166,48.7835563329967],[2.12887967033249,48.7834186881874],[2.12875333958463,48.7832815927432],[2.12862771847743,48.7831427933941],[2.12854663883222,48.7830508195273],[2.12814375715837,48.7827419826965],[2.12726816860106,48.7820684793198],[2.12712563072241,48.7819568974658],[2.12669928526052,48.7816279164501],[2.12659701205647,48.7815502671043],[2.12614896112606,48.781209342673],[2.12592344847705,48.7810384191749],[2.1255429920068,48.7807495244665],[2.12541181734963,48.7806506156675],[2.12497386882041,48.7803168659516],[2.12487831731423,48.7802444809717],[2.12464407790528,48.7800669250401],[2.12457834332002,48.7800182335674],[2.12457861095413,48.7800185053596],[2.12453711742018,48.7799851020259],[2.12446332839203,48.779929785572],[2.12446100748861,48.7799302182828],[2.12411694550502,48.77996322422],[2.12381361784412,48.7799937396482],[2.12350675778672,48.7800238686189],[2.12321093951755,48.7800529085667],[2.12290680490498,48.7800827861699],[2.12260458111786,48.7801123172582],[2.12229937834555,48.7801409262619],[2.12200277554752,48.7801679786992],[2.12177486299762,48.7801892392747],[2.12169907960186,48.7801959676398],[2.12140002067157,48.7802233603035],[2.1210968774915,48.7802508121192],[2.12090468706074,48.7802681964025],[2.12079153851721,48.7802793263341],[2.12048605706521,48.7803081984967],[2.12026728193094,48.780328264254],[2.1199380884481,48.7803589391822],[2.11967118678042,48.7803839560243],[2.11903665018589,48.7804432289674],[2.11876388097483,48.7804690999604],[2.11766796331884,48.7805689442193],[2.11766579818056,48.7805682086795],[2.11754294507928,48.7804931876712],[2.11731028917619,48.7803521461055],[2.11718205168298,48.7802736670597],[2.1171146884493,48.7802331442931],[2.11691827517663,48.7801139562481],[2.11683489994145,48.7800626116488],[2.11673561356602,48.780002514752],[2.11671823583298,48.7799919527948],[2.1167035568708,48.7799827599448],[2.11651818828892,48.779870488589],[2.11642188573251,48.7798110430873],[2.11631815538265,48.779748214642],[2.11611824121335,48.779627020545],[2.11597909308457,48.7795420733979],[2.11591753587862,48.7795043811371],[2.11588588194027,48.7794849888532],[2.11571871372443,48.7793831044686],[2.11551624430128,48.7792602714019],[2.11540661103464,48.7791925414467],[2.11493646057578,48.7794138293354],[2.11487417911701,48.7794429594844],[2.11475002880358,48.7795009529099],[2.1141842775401,48.7797656019343],[2.11329902900454,48.7801706184359],[2.11276945610956,48.78041178403],[2.11237362564371,48.7805911601399],[2.11234935259519,48.7806019529559],[2.1122315259533,48.7805999082394],[2.11211478797218,48.7805978714968],[2.11181096559869,48.7805928250178],[2.11173545266173,48.7805915440822],[2.11150918756739,48.7805876130808],[2.11122618576261,48.7805827199441],[2.11106270282349,48.7805444468319],[2.1110570073265,48.7805432351857],[2.11093121116771,48.7805136970091],[2.11091494271619,48.7805099781939],[2.11079104572342,48.7804808137759],[2.11060316541046,48.7804366919816],[2.11046747725186,48.7804046511878],[2.11030237012413,48.7803659152091],[2.11023499405701,48.7803503928354],[2.11000170406505,48.780295588351],[2.109809488921,48.7802503536738],[2.10970130944287,48.7802253526925],[2.10966620424844,48.7802169061987],[2.1094239663862,48.780160145069],[2.10912954241918,48.7800910317854],[2.10883254292984,48.780021358892],[2.10869902346217,48.7799899618458],[2.1085424581791,48.7799532658912],[2.10836420336257,48.7799115508898],[2.10824979174855,48.7798849730192],[2.10797299816938,48.7798196761384],[2.10768684350239,48.7797526897019],[2.10762191535298,48.7797373640051],[2.10739405246759,48.7796838541105],[2.10709502412532,48.7796137119608],[2.10679616037391,48.7795419512909],[2.10653852977111,48.7794784132954],[2.10631222589458,48.7798028576624],[2.10618607551951,48.7799849499785],[2.10604996368298,48.7801844167334],[2.10600708850895,48.780248225965],[2.10590155672923,48.7804024096935],[2.10573905292242,48.7806408041416],[2.10566633418958,48.7807464836106],[2.10522700787314,48.7806352615613],[2.10500342682555,48.780578001582],[2.10488171303423,48.7805407524135],[2.1048501681153,48.780531071961],[2.10478190106061,48.7805120320144],[2.10469859232589,48.7804891916119],[2.10457831103479,48.780455730509],[2.10455067707459,48.7804481479976],[2.10400758869507,48.7803007956975],[2.10385680756651,48.7802602693811],[2.10371334874768,48.7802213268497],[2.10343225074731,48.7801453737572],[2.10333878045617,48.7801199377038],[2.10318813799504,48.780079321626],[2.10283327891305,48.7801773947342],[2.10252723430512,48.7802621619931],[2.10222460464297,48.7803461446341],[2.1019207430883,48.7804304770258],[2.10185646934411,48.7804483424517],[2.10183002659378,48.7804348319591],[2.10152474733014,48.780522390672],[2.10143530123802,48.7805478017544],[2.10122342756898,48.7806012538246],[2.10114715653585,48.7806202878343],[2.10091953839451,48.7806791074997],[2.10061590962642,48.7807575919716],[2.10033551774016,48.7808302244022],[2.10025799725354,48.7808348573998],[2.10003140967252,48.7808732658535],[2.09973807440125,48.780922953617],[2.09942735264863,48.7809706207882],[2.09936855067634,48.7809789021162],[2.09929772222554,48.7809900609041],[2.09912099582945,48.7810176904579],[2.09881421467898,48.7810656555836],[2.09873874520998,48.7810775885311],[2.09863036643227,48.7810958390713],[2.09850778683309,48.7811167706292],[2.09821403738612,48.7811666314246],[2.09790595826423,48.7812187218516],[2.09761220922345,48.7812684912308],[2.09748239619312,48.7812905363792],[2.09733046137559,48.7813168215126],[2.09706659125093,48.7813623180886],[2.09702713561405,48.7813693953118],[2.09671548792304,48.7814230746998],[2.09549863808205,48.7816333322123],[2.09434974042062,48.7818330293506],[2.09353393544519,48.781974530839],[2.09268034449074,48.7821206867565],[2.09184162432268,48.7822645211379],[2.09153911969351,48.7823161878467],[2.09130404196242,48.7823958894736],[2.09042488531155,48.782696178741],[2.09028919106109,48.7827429059151],[2.08914316991486,48.783133885827],[2.08881634379615,48.7832450830288],[2.0885344124071,48.7833417810692],[2.0882360503668,48.7834440195331],[2.08794536471206,48.7835430778666],[2.08770519979603,48.7836250721215],[2.08766481142961,48.7836386151029],[2.08761263919596,48.7836566552293],[2.08741190598468,48.7837252785138],[2.08712135171455,48.7838244257895],[2.08694170719042,48.7838856541133],[2.08682326104697,48.7839263929662],[2.08653790744158,48.784023779691],[2.08624475468713,48.7841234446326],[2.08594419679261,48.7842262002429],[2.08563652160195,48.7843311492297],[2.08533471442438,48.784435152961],[2.08503097553499,48.7845405802398],[2.08472723541822,48.7846460067368],[2.08443431159795,48.7847477376985],[2.08421588314698,48.7848236853636],[2.08419526341413,48.7848895461315],[2.0841527926464,48.7850216179842],[2.08410897685363,48.7851605152312],[2.08406685834668,48.7852880025893],[2.08402234394892,48.7854201486328],[2.08397954613057,48.785547540783],[2.08393557408795,48.7856797808691],[2.08388949408647,48.7858157824036],[2.08375792550149,48.7862080978099],[2.08363430935319,48.7865737606448],[2.08350784654908,48.7869541521845],[2.083360827841,48.7873888017256],[2.08319633514491,48.7878804310929],[2.08297623748453,48.7885306536386],[2.08209282360265,48.7886619343972],[2.08178904416017,48.788706011435],[2.08148360564743,48.788751514048],[2.08118311062695,48.7887945354726],[2.08062805375663,48.7888770618917],[2.0795073266622,48.7890415755454],[2.07939760008714,48.7890577296063],[2.07925253233011,48.7890787380471],[2.07905982800518,48.7891071143468],[2.07872109621002,48.7891568505108],[2.07834970959486,48.7892134394094],[2.07775146818093,48.7893050635074],[2.07745978667657,48.7891803088258],[2.07718567744963,48.7890626147709],[2.07691791536102,48.7889478472926],[2.07667562630434,48.7888474871199],[2.07632246492407,48.7888280282711],[2.07578802145275,48.7887991614496],[2.07501342809534,48.7887568308059],[2.07447477489563,48.7887274757932],[2.07434395337703,48.788720346307],[2.07389846573742,48.7887643848608],[2.07361677926478,48.7887903538254],[2.07332213246321,48.7888179305532],[2.07328654911374,48.7888210724648],[2.07302121985684,48.7888457277814],[2.07273094208445,48.7888725274538],[2.07271199030805,48.7888742692082],[2.0726988989188,48.7888756067182],[2.07266304168957,48.788878836263],[2.07262323109623,48.7888823948911],[2.07249834240239,48.7888937478906],[2.07242988954826,48.7889005019981],[2.07215024474473,48.7889263934185],[2.07184564652365,48.7889546987383],[2.07155100425948,48.78898191137],[2.07125322492544,48.7890094586702],[2.07094644809081,48.789037744771],[2.07069161575578,48.789061397213],[2.07064893391661,48.7890656524054],[2.07054831710068,48.7890745837686],[2.07035129133368,48.7890931085833],[2.07011677784983,48.7891146692817],[2.07005160048323,48.7891209078566],[2.06993626030322,48.7891310732806],[2.07006374678365,48.7893940715062],[2.07012243243089,48.7895153225762],[2.07017001671466,48.7896560949453],[2.07019200686828,48.789720665727],[2.07019898306852,48.789741676885],[2.07020341188159,48.7897528643608],[2.07021212699815,48.7897755979774],[2.0702186277117,48.7897927378555],[2.0702712116485,48.7899279725394],[2.07031592440835,48.7900465963141],[2.07036594378237,48.7901729964936],[2.07041614908211,48.7903042550385],[2.0704704409388,48.7904430106529],[2.07052188766227,48.790581024545],[2.07057240594069,48.7907176820211],[2.07062271154442,48.7908510098909],[2.07067311827001,48.7909863172667],[2.07072573016689,48.7911277579133],[2.07077782034023,48.7912679352503],[2.07082923505457,48.7914078374627],[2.07088331136698,48.7915511781811],[2.07100399335247,48.7918758230978],[2.07098895719121,48.7918793039488],[2.07101383002938,48.7919426376386],[2.07106324281592,48.7920727202555],[2.07124983923715,48.7925641825375],[2.07148388131375,48.7931971341128],[2.07172870373804,48.7938901607705],[2.07213790553753,48.7942432179783],[2.07320259643415,48.7941524518647],[2.07533703623833,48.7939613963957],[2.07797515078639,48.793716626202],[2.08032121722499,48.7935037292273],[2.08076381178524,48.7934636018941],[2.08395668157484,48.7931761053645],[2.08555658756154,48.793031587229],[2.08674672365464,48.7929262802628],[2.08881612011228,48.7927433019851],[2.09123576669748,48.7925211283237],[2.09363883705531,48.7922959018876],[2.09418165761687,48.7922447025256],[2.09518978784841,48.7921530424234],[2.0960072807123,48.7920801691184],[2.09836566146671,48.7918705196728],[2.10017128691254,48.7917115282803],[2.10197405852678,48.7915515887911],[2.10374947793398,48.7913825126668],[2.10530793659652,48.791227166351],[2.10632712790621,48.7911310881119],[2.11164159305571,48.7906296156952],[2.11290116023062,48.7905092746605],[2.11332912400962,48.7904699077626],[2.11374577039262,48.7904316246625]]]}},{"type":"Feature","properties":{"nom":"Saint Louis"},"geometry":{"type":"Polygon","coordinates":[[[2.12209083554409,48.8043320681161],[2.12982151503431,48.8022768178571],[2.12973089279963,48.8021387601707],[2.12973007297112,48.8021389340855],[2.12962645747803,48.801984019225],[2.12962618370231,48.8019841071734],[2.12939429508666,48.8016344331173],[2.12936215760771,48.8015858102719],[2.12936283078469,48.8015862648849],[2.12924447268676,48.8014092963795],[2.12924274045055,48.8014070352115],[2.12910941426449,48.8012051335105],[2.12903856440241,48.8011021733569],[2.12895756431794,48.8009792620011],[2.12888173869368,48.8008644830664],[2.12879578198746,48.8007367685188],[2.12871995707167,48.8006219894569],[2.12863125352571,48.8004875990239],[2.12854529805382,48.8003598842536],[2.12846231388581,48.8002336301426],[2.12838142108309,48.8001126078481],[2.12829266216635,48.7999816344863],[2.1282067639688,48.7998505919635],[2.12811868809744,48.7997195334756],[2.12804063159313,48.7995999706474],[2.12801272504164,48.7995590232794],[2.1281211821976,48.7994725706166],[2.12828527515241,48.7993401134873],[2.12845140922765,48.7992076710068],[2.12861767858918,48.7990752292725],[2.12878176903338,48.7989427714152],[2.12894803821364,48.798810239259],[2.12911199085648,48.7986777799254],[2.12927825685201,48.7985453372102],[2.12944452200317,48.7984128942482],[2.12960860826444,48.7982804351784],[2.12977473560509,48.7981479907349],[2.12994099972927,48.7980154571045],[2.13010508347977,48.7978829973067],[2.1302712322846,48.7977491132254],[2.13043969438091,48.7976152457339],[2.13060801948686,48.7974813769989],[2.13077648135283,48.7973474190697],[2.1309405848523,48.7972135191449],[2.13110958800036,48.7970796546051],[2.13127586779294,48.7969457700222],[2.1313408674283,48.7968930865647],[2.13044872404766,48.7954972595323],[2.13042696391597,48.7954632828629],[2.13042600807419,48.7954634557932],[2.13036629498501,48.7953705605057],[2.1303637716649,48.7953667645633],[2.13036390778514,48.7953667655537],[2.13027499967142,48.7952285966127],[2.13019125824212,48.7950990097206],[2.13010262328033,48.7949608426001],[2.13004166227633,48.7948693770972],[2.12996366561566,48.7947463976143],[2.12988284083756,48.7946215986244],[2.12980984939431,48.7945087290093],[2.12973405680345,48.7943924211234],[2.12965314501727,48.7942647431371],[2.12956722880721,48.7941351398373],[2.12948642993473,48.7940089016063],[2.12940269242199,48.7938793140224],[2.12931892380595,48.7937516149293],[2.12929000550077,48.7937061631335],[2.12928891207047,48.7937064249948],[2.12918914988768,48.7935500974641],[2.12909171226472,48.7934013419421],[2.12906693884919,48.7933604174106],[2.12897803909093,48.793222157329],[2.12894603278557,48.7931741645248],[2.12894887016885,48.7931754444019],[2.12884875069267,48.7930243305673],[2.12876367322854,48.7928936533212],[2.12857683399159,48.7928488487903],[2.12865541527736,48.7927163965784],[2.12869532447274,48.7926579549982],[2.12874931741291,48.7925794689213],[2.12880771495202,48.7924817671931],[2.12868149385505,48.7923694080154],[2.12826976030903,48.7922438134982],[2.12785121665987,48.7921592716539],[2.12743724356874,48.7920294305664],[2.12725286466846,48.7919680024593],[2.12654028122966,48.7918432624724],[2.1254886957934,48.7916483110401],[2.12510240824848,48.7915809047396],[2.1247506290058,48.7914851481102],[2.12460057328811,48.7914309827601],[2.12445060677191,48.7913228521803],[2.12419626919298,48.7910584453819],[2.12412372427328,48.7909362210295],[2.12404501233687,48.7907516210071],[2.12404554944922,48.7906466616112],[2.12414017036569,48.7904430948525],[2.12429225704145,48.7902625247782],[2.12469675321107,48.790039101927],[2.12416363153826,48.7900510257829],[2.12388861267364,48.7900702363641],[2.12321656236587,48.790095168478],[2.12289523495075,48.7901078309399],[2.12275695387123,48.7901066360354],[2.12211170224711,48.7901001886911],[2.12184525442486,48.7900953528309],[2.12105879893123,48.790083454879],[2.12013845163931,48.7900684073799],[2.11964237930135,48.7900626852025],[2.11875433339178,48.7900533515173],[2.11823443973136,48.7900476277102],[2.11793123318417,48.7900270416849],[2.11739455203144,48.7900802828643],[2.11688457555184,48.790132010072],[2.11555669476882,48.7902683470931],[2.11524291699941,48.7903011921099],[2.11520268808979,48.790313486283],[2.11513432237018,48.7903394233286],[2.11447373759524,48.790378062563],[2.11424553730007,48.7903974180215],[2.11404453839058,48.7904181439706],[2.11399341425129,48.7904227118068],[2.11393505657309,48.7904283952467],[2.11387902033979,48.7904336461568],[2.11377485580008,48.7904433970563],[2.11373259232414,48.7904472210039],[2.11331594594113,48.7904855040921],[2.11288798216212,48.7905248709777],[2.11162841498722,48.7906452119751],[2.10631394983772,48.7911466842359],[2.10529475852803,48.7912427624451],[2.10373629986549,48.7913981087126],[2.10196088045828,48.7915671847844],[2.10015810884405,48.7917271242239],[2.09835248339822,48.791886115567],[2.09599410264381,48.7920957649475],[2.09517660977992,48.7921686382298],[2.09416847954837,48.7922602983035],[2.09362565898681,48.7923114976496],[2.09122258862899,48.7925367240156],[2.08880294204379,48.7927588976079],[2.08673354558615,48.7929418758288],[2.08554340949305,48.7930471827623],[2.08394350350636,48.7931917008528],[2.08075063371675,48.793479197293],[2.0803080391565,48.7935193246138],[2.0779619727179,48.7937322215223],[2.07532385816984,48.7939769916399],[2.07318941836566,48.7941680470495],[2.07212472746904,48.7942588131348],[2.0717345751531,48.7939221918325],[2.07183363795235,48.7941917936254],[2.07194231121683,48.7944651656623],[2.07194230961698,48.7944652555931],[2.07194230801713,48.794465345524],[2.07195533575633,48.7944982759759],[2.07198424827736,48.7945718941765],[2.07198438279459,48.7945719851642],[2.07198438119481,48.794572075095],[2.07209313853004,48.7948867314813],[2.07209313533083,48.7948869113429],[2.07209313373123,48.7948870012737],[2.07216338707041,48.7950626661356],[2.0721721183264,48.7950845901182],[2.07217211672692,48.795084680049],[2.07217225284539,48.7950846811057],[2.07220156669082,48.7951740423853],[2.0722015650914,48.7951741323161],[2.07220156349197,48.7951742222468],[2.07266013217602,48.7964116212672],[2.07266013057735,48.7964117111979],[2.07267699991995,48.7964583426639],[2.07267699832131,48.7964584325945],[2.0730459749947,48.7974601123646],[2.07304597339666,48.7974602022952],[2.07306697350727,48.7975042573477],[2.07306697190926,48.7975043472783],[2.07314750399637,48.7977225439068],[2.07319199351969,48.7978544754764],[2.07319951172858,48.7978757603157],[2.07339742482269,48.7984299042732],[2.07339742322523,48.7984299942037],[2.07342373083072,48.7984972056264],[2.0734678797131,48.7986100664563],[2.07346787811575,48.7986101563868],[2.07359577776901,48.7989518514599],[2.07363437928864,48.7990551352363],[2.07365752103321,48.7991166556284],[2.07367669394373,48.7991716693672],[2.07380145338135,48.7995293495157],[2.0738179083781,48.7995764271799],[2.07383242044927,48.7996179133296],[2.07383928726346,48.7996375740734],[2.07402105872035,48.8001584020722],[2.07402520101134,48.8001704864947],[2.07402519941491,48.8001705764251],[2.07405730099751,48.8002566305165],[2.07414358069607,48.8004889914156],[2.07414357909983,48.800489081346],[2.07416544164518,48.8006516602964],[2.10442881433587,48.8034020020632],[2.10490394454522,48.8033818161835],[2.10520734357302,48.8033557559625],[2.10633086818416,48.8032395912608],[2.10693781157574,48.8031708246204],[2.10864666873135,48.8029829189337],[2.10969608709404,48.8028679688885],[2.11077070497486,48.8027521178166],[2.11184172181251,48.8026395582078],[2.1142027984844,48.8023993944277],[2.1142028030661,48.8023991246355],[2.11460328357164,48.8023081023023],[2.11486008815178,48.8022510022457],[2.11513774036897,48.8021768770351],[2.11542045481372,48.8021012596282],[2.11571615789914,48.8020224097872],[2.11601978195494,48.8019420887798],[2.11720037459867,48.8016283716178],[2.11843800731134,48.8012981544005],[2.11880659108706,48.8012003169859],[2.11909722264859,48.8011228604785],[2.11939784888595,48.8010420590997],[2.12001614687171,48.8008804737176],[2.12209083554409,48.8043320681161]]]}},{"type":"Feature","properties":{"nom":"Clagny Glatigny"},"geometry":{"type":"Polygon","coordinates":[[[2.13601384489887,48.8139715152805],[2.13590255266835,48.8139901146297],[2.13591711351364,48.8140751692993],[2.13594434822738,48.8142111958434],[2.13596875960374,48.8143444446913],[2.13599317110623,48.8144776935223],[2.13601758273476,48.8146109423364],[2.13604199448953,48.8147441911335],[2.13606709116716,48.8148773558363],[2.13609218647922,48.815010609465],[2.13611728192095,48.8151438630766],[2.13614251415371,48.815277117644],[2.13618312817219,48.8154954325884],[2.13620690530102,48.8156258302272],[2.13622238101575,48.8157215657267],[2.13624742332288,48.8158580212004],[2.1362726009309,48.8159945665721],[2.13629764200862,48.8161311109532],[2.13632285127373,48.816265788484],[2.13634578520874,48.8163976032804],[2.13637093942505,48.8165355716716],[2.13639592721724,48.8166753179336],[2.13642110561753,48.8168118631991],[2.13644409749808,48.8169483928837],[2.13646695283432,48.8170849215787],[2.13648994495807,48.8172214512294],[2.13651512387379,48.8173579964251],[2.13653729624325,48.8174945202059],[2.13656233875006,48.817631064394],[2.13658751805745,48.8177676095368],[2.13661256082984,48.8179041536894],[2.13663782856758,48.8180354511593],[2.13666069018487,48.8181635291601],[2.13667979999246,48.8182708542551],[2.13668797533983,48.8182967979292],[2.1367037973118,48.8183476140686],[2.13672093380946,48.8183852744214],[2.13674648857205,48.8184262859479],[2.13683451990411,48.8185398833157],[2.13691525664063,48.8186158013473],[2.1370064978245,48.8186766719215],[2.13718110239495,48.8187710480824],[2.13729769019113,48.8188202678395],[2.13734828615944,48.8188433996881],[2.13755780689797,48.8189016415143],[2.13763136250247,48.8189413038937],[2.13764841718648,48.8189350204486],[2.13763573597799,48.8189413349775],[2.13765110836894,48.8189619925078],[2.13774178712378,48.8190727614594],[2.13774720582325,48.8191001087105],[2.13775708683981,48.819228094145],[2.13776928984054,48.8193561850211],[2.13776925308691,48.819447984817],[2.13776904792907,48.8195661136569],[2.1377739760245,48.81969602083],[2.13777890414487,48.8198259279916],[2.13778383228997,48.8199558351415],[2.13778862614588,48.8200937471405],[2.13779574498677,48.8202315866938],[2.13780059411773,48.82036620778],[2.13781029245551,48.820635449915],[2.1378177071663,48.8207719572158],[2.13781814853354,48.8207700923292],[2.13781606868137,48.8208288757872],[2.13782125927594,48.8208698312588],[2.13783404817719,48.8209385941949],[2.13783898967912,48.8209536624391],[2.13784696431261,48.8209753347894],[2.13785451909136,48.8209894431125],[2.13790732837374,48.8210681863062],[2.13800332658679,48.8212043443964],[2.13809932530676,48.8213405023984],[2.13819313619655,48.8214767337232],[2.13829132277604,48.8216129070804],[2.13838445276709,48.8217490444367],[2.1384774450797,48.8218852696816],[2.13856843690025,48.8220185451762],[2.1386565335727,48.8221533122436],[2.13875468986699,48.8222914419057],[2.13885284817771,48.8224294825333],[2.13893047686682,48.8225364216231],[2.13908010338575,48.8227437660815],[2.1390626643976,48.822748445832],[2.13912353325428,48.8228440577387],[2.13914081919642,48.8228403553801],[2.13921672101015,48.8229525302435],[2.13931269490188,48.8230905549249],[2.13941082345455,48.8232305517676],[2.13949884282864,48.8233620262649],[2.13958983989478,48.8234953008628],[2.13968089104312,48.8236253734431],[2.13977180596692,48.823755444975],[2.13986272134936,48.8238855164275],[2.13995880412738,48.8240254092776],[2.14001409643448,48.8241031904635],[2.14010266214159,48.8242022003698],[2.1401001869247,48.824203072362],[2.14015584604154,48.8242017766555],[2.14033305298105,48.8242891389054],[2.14060410757558,48.8244213753113],[2.1408773267423,48.824555049668],[2.1411527580953,48.8246873157958],[2.14142887429512,48.8248195861241],[2.14170430996168,48.824951762038],[2.14199057064233,48.8250906853337],[2.14221324894128,48.8251978469925],[2.1424380899381,48.8253065357169],[2.14262038766548,48.8254169693539],[2.14282988905224,48.8255438732851],[2.14289635778687,48.8255830373847],[2.14301486944478,48.825682078619],[2.14317898184109,48.8258174677163],[2.14334077285554,48.8259527512334],[2.14350269992635,48.8260881244304],[2.14366449856901,48.826223051722],[2.14383143154441,48.8263616620801],[2.14397300236842,48.8264799898965],[2.14411688870825,48.8265988675837],[2.14434938392054,48.8267903328978],[2.14437245799256,48.8268167367318],[2.14454192304601,48.8268363447606],[2.14478706431945,48.8269417028791],[2.14537413142448,48.8271940176151],[2.14561171802549,48.8273017225498],[2.14564212880673,48.8273144790254],[2.14566522914679,48.8273229142838],[2.14578105507892,48.8273867083623],[2.14591958415305,48.8274664067876],[2.14600798480814,48.8275187995439],[2.14620462353116,48.8276392022387],[2.14633346710695,48.8277094919672],[2.14651025916916,48.8278067157187],[2.14653088163515,48.8278162008156],[2.14659698070997,48.8278450416554],[2.14673556681879,48.8279049919628],[2.14679910731838,48.8279315019235],[2.1468692417448,48.8279561012427],[2.14689993547489,48.8279683256653],[2.14701360954373,48.8280136901426],[2.14716029644524,48.8280798346439],[2.14721620960523,48.828096417005],[2.14721592883232,48.8280968597964],[2.14724328210628,48.8281044351045],[2.14725702635602,48.8281082677079],[2.1472845325762,48.8281148655994],[2.1474363046573,48.8281547154339],[2.14745440991455,48.828159379229],[2.14745441139047,48.8281592902865],[2.14780373418886,48.8282484729696],[2.14780387236013,48.8282483849869],[2.14815651054059,48.8283438166279],[2.14815636942018,48.8283440824959],[2.14835073860628,48.8283957051013],[2.14837226796052,48.8283587628436],[2.14841026634165,48.828334478509],[2.14843669514512,48.8282576307784],[2.14848125120665,48.8281263821188],[2.14858113361521,48.8278326488655],[2.14875706330812,48.827313864336],[2.1488301487335,48.8272098572939],[2.14888017026575,48.8270869193679],[2.14903387612546,48.8267045211467],[2.14907681578967,48.8266046612149],[2.14914482784998,48.826443688463],[2.1492042182712,48.8263080068121],[2.14923403827268,48.8262408784709],[2.149281911546,48.8261319798245],[2.14933204823592,48.8260184714637],[2.14936363187952,48.8259438833908],[2.1494268047825,48.825794351438],[2.14944844884856,48.8257421098226],[2.14947761715131,48.8256730198659],[2.14955388570376,48.8255003628714],[2.14969171830685,48.8251926617427],[2.14975635168816,48.8250456304757],[2.14981429695792,48.8249144749014],[2.14992270383374,48.8246665216125],[2.14999510966661,48.8245040667888],[2.15014966326827,48.8241520945015],[2.15023403167736,48.82396054665],[2.15032109353582,48.8237631466737],[2.15055290096928,48.8232443937949],[2.1505822721062,48.8231793967422],[2.15060397265727,48.8231318697575],[2.15067775865231,48.8229683566123],[2.15072685744449,48.8228593768237],[2.15078305617952,48.8227343461735],[2.15084404144263,48.8226008984333],[2.15090391677629,48.8224684213706],[2.15096462658168,48.8223350605757],[2.15102437637384,48.8222018709302],[2.1510849547522,48.822068153323],[2.15114620151899,48.8219353298844],[2.15121156890864,48.8218012898851],[2.1512613591832,48.8216999646265],[2.15127525761708,48.8216695508832],[2.15133473101028,48.8215364480561],[2.1513963909428,48.8214033604827],[2.1514732772664,48.8212339085132],[2.15146121680392,48.821177872564],[2.15144098622025,48.8210785481812],[2.15131679657488,48.8208181138955],[2.15125798106438,48.8207045538915],[2.15113187990563,48.8204854692594],[2.15108628892217,48.8203988655663],[2.15097568197278,48.8201769536633],[2.15079865422209,48.8198552158584],[2.15070770825133,48.8196926841657],[2.1505735293624,48.8194416079634],[2.150507899691,48.8193187486099],[2.15046510590626,48.819236700809],[2.15044224844896,48.8191806780255],[2.15038671125814,48.8190426782152],[2.15036699437513,48.8189951279755],[2.15011603463399,48.8189952383365],[2.14994856645451,48.8189968226987],[2.15029882843096,48.818934784959],[2.15057732517546,48.8189060461061],[2.15068675337815,48.8188930243852],[2.15069843590118,48.8187485568538],[2.15070915133075,48.8186129778813],[2.15071880555477,48.8185002525018],[2.15072976187856,48.8183666321676],[2.15074028902729,48.8182341652115],[2.15074440845443,48.8181834016221],[2.15074829557963,48.8181549637236],[2.15075591844851,48.8180989763999],[2.15076278736277,48.8180555262351],[2.15080042752365,48.8179614100648],[2.15080893779026,48.8179427004478],[2.15091246524621,48.8178234267793],[2.15101620239021,48.8177410701798],[2.15105689566575,48.8177103101613],[2.15116851354251,48.8176307661301],[2.15121893054814,48.8175822833889],[2.15127814399462,48.8175060197178],[2.15133527036411,48.8174071472276],[2.1513588385349,48.8173622126601],[2.15138191287522,48.8173140723067],[2.15138896508569,48.8173008675618],[2.15141192907369,48.81724285259],[2.15144246387664,48.8171650539303],[2.15146145127303,48.81711608439],[2.15147726747987,48.8170770554605],[2.15150803169436,48.8170350176968],[2.15154536905367,48.8169922253109],[2.15155700614914,48.8169827886656],[2.15156669613812,48.8169753843337],[2.15157900921411,48.816966397181],[2.15165332705222,48.8169189709182],[2.15174887054458,48.8168691133619],[2.15184207144987,48.8168203957494],[2.15197304294963,48.8167522833513],[2.15220092631269,48.8166341445552],[2.15226682896435,48.8165996463253],[2.15244151383846,48.8165080882642],[2.15252257545196,48.8164660457908],[2.15259482292123,48.8164280335616],[2.15273291365215,48.8163590805329],[2.15294502175087,48.8162524830815],[2.15305327105892,48.8162028021607],[2.15313625818253,48.8161599721371],[2.15330456704671,48.8161067962601],[2.15347849649383,48.816085771602],[2.15371989376648,48.8160678859498],[2.15400654366115,48.8160409752634],[2.15420389048387,48.8160420843908],[2.15437992236779,48.8160012364648],[2.15458881590787,48.8158903439817],[2.15463969388277,48.8158633897732],[2.1548094946056,48.8157692146297],[2.15490617595293,48.8157163380996],[2.15503735331533,48.8156435982514],[2.15526725207799,48.8155185293698],[2.15529758389262,48.8155025510166],[2.155474879638,48.8154095835208],[2.15576816112257,48.81530319038],[2.1559426485197,48.8152396462916],[2.15606720519869,48.8151870517274],[2.15624157769678,48.8151138104716],[2.15635116030705,48.8150658260107],[2.15665859165671,48.814929818629],[2.15697685162127,48.8147834781489],[2.15722509806461,48.8146558644472],[2.15727954264989,48.8146279554189],[2.15736629230474,48.8145803451511],[2.1462482590616,48.8085018710137],[2.1454109231669,48.8080347478239],[2.13992780209178,48.8084661187335],[2.13335776935686,48.8089675851268],[2.13583723721366,48.8129650781243],[2.13595166963419,48.8136294005523],[2.13601384489887,48.8139715152805]]]}},{"type":"Feature","properties":{"nom":"Chantiers"},"geometry":{"type":"Polygon","coordinates":[[[2.1455459778353,48.791812473411],[2.14553739232508,48.7918104764599],[2.1452499741525,48.7915997983581],[2.14492691741414,48.7916975186565],[2.14458901122236,48.7917995236844],[2.14401261001171,48.7919760909677],[2.14356455725161,48.7921122017924],[2.14341695549445,48.7921560252277],[2.14332378314399,48.792184588674],[2.14316397540143,48.7922339007341],[2.14257799232848,48.7924130906741],[2.14245047880158,48.7924521102046],[2.14175395639232,48.7926642312866],[2.14097071874744,48.7929090936887],[2.14072715434511,48.7929851429263],[2.14066112897439,48.792894365879],[2.14065693924121,48.7928842621885],[2.14055931562806,48.7926374773738],[2.1405319659958,48.7925623585369],[2.14048435756213,48.7924361864924],[2.14037694847454,48.7921472379083],[2.14021607520708,48.7917158851069],[2.14004991734012,48.7912749599555],[2.14001130550197,48.7911729569389],[2.13985626807989,48.7907595438359],[2.13956825743295,48.7899984436741],[2.13902359873799,48.7885651492249],[2.13900611342127,48.7885194221947],[2.138998782565,48.7885017405669],[2.13869927547496,48.7886776690577],[2.1382533203411,48.7889431132292],[2.13579392622181,48.790396367083],[2.13578002484484,48.7902987685683],[2.13576097611739,48.7901667746672],[2.13574293237455,48.7900316400171],[2.13572877983495,48.7899327804477],[2.13568511146344,48.7898982863354],[2.13545549705306,48.7897161100741],[2.13529924820757,48.7895917578369],[2.13512580974449,48.7894533398217],[2.13496768831984,48.7893270847574],[2.13479879266111,48.7891939157956],[2.13443738241523,48.7889073487393],[2.13419195385652,48.7887107543509],[2.13414651662734,48.7887173507304],[2.13410903008147,48.7887205868741],[2.13409324063534,48.7887205624019],[2.13406373463455,48.7887186396708],[2.13403847320569,48.7887152186623],[2.13402483576737,48.7887085539988],[2.13401985518653,48.788705190016],[2.13400755489923,48.7886999741278],[2.13398967413166,48.7886865329877],[2.13396958710566,48.7886665999633],[2.13259121718721,48.7888073467783],[2.13006900064296,48.7892024793591],[2.12941343954753,48.7892679505325],[2.12735233507133,48.7895830073383],[2.12624250159959,48.7897474979814],[2.1255363595851,48.7898413598316],[2.12472207002739,48.7900201410643],[2.12431757385778,48.7902435639999],[2.12416548718201,48.7904241341425],[2.12407086626554,48.7906277009781],[2.12407032915319,48.7907326604137],[2.12414904108961,48.7909172605057],[2.1242215860093,48.7910394849044],[2.12447592358823,48.7913038918027],[2.12462589010444,48.7914120224233],[2.12477594582213,48.791466187794],[2.12512772506479,48.7915619444595],[2.12551401260972,48.7916293507855],[2.12656559804598,48.7918243022915],[2.12727818148478,48.7919490423255],[2.12746256038506,48.7920104704559],[2.12787653347619,48.7921403115924],[2.12829507712536,48.7922248534687],[2.12870681067137,48.7923504480333],[2.12883303176834,48.7924628072535],[2.12877463422923,48.7925605090185],[2.12872064128906,48.7926389951251],[2.12868073209367,48.7926974367275],[2.12860215080791,48.7928298889894],[2.12878899004486,48.7928746935372],[2.128874067509,48.7930053708327],[2.12897418698517,48.7931564847244],[2.12897134960189,48.7931552048468],[2.12900335590725,48.7932031976691],[2.12909225566551,48.793341457803],[2.12911702908103,48.79338238235],[2.12921446670401,48.7935311379281],[2.12931422888679,48.793687465518],[2.1293153223171,48.7936872036565],[2.12934424062227,48.7937326554696],[2.12942800923831,48.7938603546109],[2.12951174675105,48.7939899422438],[2.12959254562354,48.7941161805224],[2.12967846183359,48.7942457838712],[2.12975937361977,48.7943734619059],[2.12983516621063,48.7944897698357],[2.12990815765388,48.7946026394934],[2.12998898243198,48.7947274385304],[2.13006697909265,48.7948504180599],[2.13012794009666,48.7949418835973],[2.13021657505845,48.79508005077],[2.13030031648775,48.7952096377111],[2.13038922460146,48.7953478067043],[2.13038908848123,48.7953478057139],[2.13039161180133,48.7953516016578],[2.13045132489052,48.7954444969804],[2.13045228073229,48.79544432405],[2.13047404086398,48.7954783007323],[2.13136618424463,48.7968741282921],[2.13130118460926,48.7969268117696],[2.13113490481668,48.7970606964031],[2.13096590166862,48.7971945609935],[2.13080179816915,48.7973284609689],[2.13063333630318,48.7974624189487],[2.13046501119723,48.7975962877343],[2.13029654910092,48.7977301552765],[2.13013040029609,48.7978640394082],[2.1299663165456,48.7979964992561],[2.12980005242141,48.7981290329365],[2.12963392508076,48.7982614774301],[2.12946983881949,48.7983939365501],[2.12930357366833,48.798526379562],[2.1291373076728,48.7986588223273],[2.12897335502996,48.798791281711],[2.1288070858497,48.7989238139173],[2.1286429954055,48.7990562718247],[2.12847672604397,48.799188713609],[2.12831059196873,48.7993211561396],[2.12814649901392,48.7994536133189],[2.12803804185796,48.7995400660144],[2.12806594840944,48.7995810133978],[2.12814400491377,48.7997005762714],[2.12823208078512,48.7998316348087],[2.12831797898267,48.799962677381],[2.12840673789942,48.8000936507924],[2.12848763070213,48.8002146731326],[2.12857061487014,48.8003409272913],[2.12865657034204,48.8004686421098],[2.12874527388799,48.8006030325937],[2.12882109880378,48.8007178116989],[2.12890705551,48.8008455262948],[2.12898288113426,48.8009603052728],[2.12906388121873,48.8010832166751],[2.12913473108082,48.8011861768677],[2.12926805726687,48.8013880786448],[2.12926978950309,48.8013903398138],[2.12938814760101,48.8015673083861],[2.12938747442404,48.8015668537729],[2.12941961190298,48.8016154766367],[2.12965150051863,48.801965150825],[2.12965177429436,48.8019650628765],[2.12975538978745,48.8021199777956],[2.12975620961595,48.8021198038807],[2.12984703100206,48.8022581661734],[2.13006407842679,48.8022000246358],[2.13006394378849,48.802199933714],[2.13111726637502,48.8019202308702],[2.1321227337895,48.8016519536853],[2.1336458215307,48.8012455825872],[2.14514768680447,48.7981708068805],[2.14643091776621,48.7981994957284],[2.14643091923781,48.7981994057968],[2.1466396910596,48.7982038647007],[2.14696779573706,48.7982123229807],[2.14792274492483,48.7982351445734],[2.14825400591834,48.7982420928078],[2.14855951088379,48.7982505655396],[2.14888993034576,48.7982590350291],[2.14889112114478,48.7982590632962],[2.14894268046629,48.7964052296967],[2.14883509927211,48.7962630520155],[2.14880678127594,48.7962251591727],[2.14527384800321,48.7956061093355],[2.14510880665606,48.7956004317632],[2.14459495925887,48.7955791191265],[2.14254906361456,48.7940701361426],[2.14280593537644,48.7939280953086],[2.14318377591759,48.7937630028813],[2.14354623591905,48.7936136226],[2.14379295597556,48.7938170090067],[2.14396712161438,48.7937574187365],[2.14407591446579,48.7938195674781],[2.14454235781432,48.7935511624684],[2.14443666036147,48.7934113350287],[2.14475277420386,48.793209622649],[2.14509249955259,48.7930998205322],[2.14537286372233,48.7934139854619],[2.14629799551645,48.7928834048982],[2.14597578054804,48.7926606662789],[2.14636120791665,48.7924645014749],[2.1458410018957,48.7920782265502],[2.14555633297258,48.7918252770197],[2.14554029437541,48.7918157237716],[2.1455459778353,48.791812473411]]]}},{"type":"Feature","properties":{"nom":"Porchefontaine"},"geometry":{"type":"Polygon","coordinates":[[[2.15911621551573,48.7988541041561],[2.15911621696545,48.7988540142245],[2.15911635309537,48.7988540151822],[2.15914469884601,48.7988354167629],[2.15914483642555,48.798835327789],[2.15917005116933,48.7988167073362],[2.15917211776077,48.7988151928636],[2.15917266952826,48.7988147470362],[2.15920338465768,48.7987842929503],[2.15920352078741,48.798784293908],[2.15920352223698,48.7987842039764],[2.15921335559854,48.7987738398991],[2.15921875742916,48.7987681216221],[2.15923066896816,48.7987555236168],[2.1592410845247,48.798742825145],[2.15924108597421,48.7987427352134],[2.15924775065223,48.7987346873308],[2.15926520604418,48.7987075577428],[2.15926520749365,48.7987074678111],[2.15926898010542,48.7987014682458],[2.15926911623494,48.7987014692033],[2.15926911913385,48.7987012893401],[2.15928420957245,48.7986772910772],[2.15929384890714,48.7986620687689],[2.15940789784974,48.7986645798258],[2.15944614008263,48.7986654783706],[2.15944627621216,48.798665479328],[2.15947363243686,48.79866603148],[2.1594737685663,48.7986660324373],[2.1595132359666,48.7986669395766],[2.15959067479618,48.7986686533553],[2.1597075810377,48.7986712741588],[2.15982448729107,48.7986738948481],[2.15982475810149,48.7986739866936],[2.15984272284843,48.7986743828013],[2.15984285897789,48.7986743837582],[2.1598455815677,48.7986744028963],[2.15984571769716,48.7986744038532],[2.15987361555199,48.7986751396046],[2.16003937348745,48.7986792727013],[2.16003950961693,48.798679273658],[2.16005053321065,48.7986795310119],[2.16025793377745,48.7986847659234],[2.16025806990704,48.7986847668799],[2.1603666708692,48.7986874186278],[2.16047690394958,48.7986901716829],[2.1604770400791,48.7986901726391],[2.16071696556706,48.7986962647988],[2.16101006715197,48.7987058777267],[2.16166648319564,48.7987274827026],[2.16166661932527,48.7987274836574],[2.16166689158464,48.7987274855671],[2.16203485040382,48.7987385204298],[2.16214439679163,48.7985890856092],[2.16218127525476,48.7985307920106],[2.16221474499089,48.7984812888022],[2.16221474643527,48.7984811988705],[2.16222464558175,48.7984666976851],[2.16222478171071,48.7984666986393],[2.16226452303597,48.7984081552517],[2.16256487243913,48.7979662172493],[2.16256487388289,48.7979661273175],[2.16256501001065,48.7979661282713],[2.1625650114544,48.7979660383396],[2.16287886455632,48.7975052162912],[2.16287886744272,48.7975050364276],[2.16291483664308,48.7974524025282],[2.16291497565568,48.7974522236181],[2.16291497709882,48.7974521336863],[2.16291511611152,48.7974519547762],[2.16294351026844,48.7974047542667],[2.16296682056753,48.7973689407649],[2.16297672939508,48.7973538099805],[2.16315294825483,48.7970790122774],[2.16333419411958,48.7967962446203],[2.16333447502319,48.7967957069352],[2.16364749282442,48.7962672402829],[2.1636469044188,48.7962190272684],[2.16364690586064,48.7962189373365],[2.16365129633484,48.7961743568407],[2.16374944790151,48.7951810044968],[2.16374960852971,48.7951794766058],[2.1638247005756,48.7944270068888],[2.16382501461553,48.7944244007648],[2.16383523849593,48.794313123955],[2.16383582765397,48.7943103398713],[2.16385090583997,48.7942444278461],[2.1638525824989,48.7942417413129],[2.16388040652695,48.7941959755508],[2.16391109393592,48.794158414547],[2.16391466470733,48.794156460801],[2.16395504364614,48.794134257749],[2.1639586158554,48.7941322140696],[2.16398430910701,48.7941174634113],[2.16398855181391,48.7941160540163],[2.16420724212232,48.7940442807842],[2.16421175849307,48.7940427833531],[2.16435299235538,48.793996281534],[2.16435751448001,48.793994424369],[2.16443082269211,48.7939646264342],[2.16443534913248,48.79396249947],[2.16448582341922,48.7939389277455],[2.16448981258791,48.7939363473122],[2.16455365075514,48.793894340905],[2.16455737200355,48.7938914887701],[2.16463755987932,48.7938316081802],[2.16464128399868,48.7938285761783],[2.16472586409109,48.7937579331697],[2.16472932028636,48.793754629466],[2.16483201281314,48.7936580297423],[2.16483533719778,48.7936544552877],[2.16495899665671,48.7935236440618],[2.16510665955637,48.7933474896453],[2.16510999253784,48.7933433755892],[2.16517498988817,48.7932628816783],[2.16517886732055,48.7932587714234],[2.16527926768779,48.7931521716902],[2.16528368956449,48.7931480652343],[2.16530372123835,48.7931297669957],[2.16541065692945,48.7930315774142],[2.16541535245394,48.793027382922],[2.16553385369326,48.7929209993089],[2.16553909365626,48.7929168086131],[2.16558405243894,48.7928805160491],[2.16558969929886,48.7928764181343],[2.16568171394879,48.7928088843539],[2.16568763302178,48.7928047883347],[2.16574022981856,48.7927675596683],[2.16574655434855,48.792763646361],[2.1658715460573,48.7926854596232],[2.16587814423336,48.7926814582765],[2.16598399720323,48.7926168090527],[2.1659911369417,48.7926129913636],[2.16611829666859,48.7925439036583],[2.16612557393829,48.7925399969785],[2.1662171507908,48.7924912576479],[2.16622362430062,48.7924865358742],[2.16626411737955,48.7924570475002],[2.1662697813868,48.7924518703651],[2.16635846383832,48.7923712711772],[2.16636372523554,48.7923657314599],[2.16644168177481,48.7922833484821],[2.16644654056327,48.7922774461836],[2.16651886631287,48.7921896273404],[2.16652250869048,48.7921831769012],[2.16657688926069,48.7920853392099],[2.16657999148426,48.7920786151746],[2.16665030917318,48.791928991893],[2.16668030657708,48.7918662414761],[2.16668409220628,48.7918593423179],[2.16671016457433,48.7918122144784],[2.1667155777902,48.791805686437],[2.16675542753504,48.7917567658642],[2.16676354429802,48.7917514259207],[2.16683577124088,48.7917038103705],[2.16684536797862,48.791699560047],[2.16694476677297,48.7916552818427],[2.16695517010852,48.791651666729],[2.16714436130043,48.7915849890253],[2.16715503826607,48.791581285859],[2.16735981736049,48.7915102193326],[2.16737103730392,48.7915066098724],[2.16756383068079,48.7914444537165],[2.16763224620841,48.7914223547458],[2.16764387444621,48.7914187481038],[2.16785702797314,48.7913516965146],[2.16786919775286,48.7913482735062],[2.16791732811085,48.7913348474663],[2.16792909959151,48.7913307920823],[2.16800547375826,48.7913047009075],[2.16801711485158,48.7913002848379],[2.16809011485229,48.7912723712717],[2.16810135763846,48.7912673228248],[2.16816634138294,48.7912384539848],[2.16817678039808,48.7912325904551],[2.16823900037432,48.7911977661447],[2.16824957691712,48.7911918136235],[2.16830219024192,48.7911618692437],[2.16831209482199,48.7911553723863],[2.16835075174647,48.7911299179118],[2.16835890408808,48.7911223295483],[2.16838972393356,48.7910932228281],[2.16839395058104,48.7910842580086],[2.16841324986377,48.7910434685507],[2.16841271983079,48.791034020918],[2.16841036188508,48.7909940701158],[2.16840533163593,48.7909851308207],[2.16837143516104,48.7909254430544],[2.16836161099117,48.7909183591845],[2.16823310474584,48.7908247342633],[2.16822328491513,48.7908173805842],[2.16819732699591,48.7907976824159],[2.1680227469558,48.7906654211001],[2.16801320800718,48.7906575297037],[2.16790453327058,48.7905666507956],[2.167895958592,48.7905580465643],[2.16784678425709,48.7905089553808],[2.16783848611744,48.7905000832433],[2.16776915693386,48.7904259376325],[2.16776154509946,48.7904167104988],[2.16770586547492,48.7903487759854],[2.16769894137583,48.7903391039249],[2.16766006159972,48.7902846878079],[2.16765382236058,48.7902747506871],[2.16759765927107,48.7901859461078],[2.16759306195429,48.7901754807654],[2.16756534198515,48.7901126877571],[2.16753749458532,48.7900493541964],[2.16753440164566,48.790038449618],[2.16750864393987,48.7899465289126],[2.16750001412419,48.7899157984261],[2.16749828800777,48.7899045435977],[2.16748387606342,48.7898096438728],[2.16748324167593,48.7897982167639],[2.16747891555116,48.7897195769333],[2.16747937288581,48.7897079775443],[2.16748252134895,48.7896215647876],[2.16748447728273,48.7896098858955],[2.16749713569291,48.7895331632266],[2.16749963747809,48.7895213981936],[2.16750523856296,48.7894945444188],[2.16751099296755,48.7894666124016],[2.16751552198015,48.789455760915],[2.16751566956558,48.7894550424034],[2.16755305788171,48.7893640112588],[2.16755841498781,48.7893524459985],[2.16759085561184,48.7892814375408],[2.16759770698741,48.7892700625719],[2.16763754575593,48.7892045921222],[2.16764467075573,48.7891931291134],[2.16769887681544,48.7891059026887],[2.16777825375838,48.7890023021158],[2.16778795751018,48.7889913067685],[2.16783121100925,48.7889421396149],[2.16784199783475,48.7889315115752],[2.16790699950931,48.7888672056148],[2.1679165714076,48.7888559395105],[2.16805320080362,48.7886958937155],[2.16806291304452,48.7886843587477],[2.16816793075287,48.7885604294997],[2.16820885687976,48.7885120554774],[2.16821884412576,48.7885003425247],[2.1682723863468,48.7884375755472],[2.16828237643155,48.7884256827234],[2.16831776075261,48.78838338618],[2.1683305287804,48.7883680049268],[2.16833808332495,48.7883551957215],[2.16836089163991,48.7883162294536],[2.16836355937786,48.7883025767533],[2.16836757388359,48.7882812883092],[2.16836438921085,48.7882675948785],[2.16834742722683,48.7881959725032],[2.16834220111313,48.7881737203204],[2.16833689480955,48.7881479598191],[2.16831564671063,48.7880463567271],[2.16829437100374,48.7879891850596],[2.16828873797054,48.7879753846396],[2.16828480974943,48.7879656435006],[2.16827996179156,48.7879538272808],[2.1682584835334,48.787952058818],[2.16820913741223,48.7879480276911],[2.1681656710236,48.7879337840204],[2.16816269112631,48.7879328638508],[2.16814644209611,48.7879275340667],[2.16812246264159,48.7879118970107],[2.16806512268349,48.7878884725191],[2.16786084153161,48.787809789442],[2.16782430791055,48.7877961335777],[2.16782376637436,48.7877959499212],[2.16781348292515,48.7877921007169],[2.1677961638126,48.7877855941779],[2.1676629559242,48.7877483295899],[2.16749248833664,48.787700281988],[2.16747433116357,48.7876951187017],[2.16745495339054,48.7876896770807],[2.1673293760024,48.7876604701695],[2.16732842760194,48.7876601937329],[2.16732625716398,48.7876597288957],[2.16724217748556,48.7876401650837],[2.16722197023324,48.7876355271271],[2.16714121016778,48.7876126585014],[2.16705353344486,48.7875882125827],[2.16703320735794,48.787582494454],[2.16697997106572,48.7875663833867],[2.16692270491889,48.7875469163235],[2.16689048530074,48.7875358985795],[2.16686291321898,48.7875236540334],[2.16684453135963,48.7875155209766],[2.16682835439987,48.7875056943807],[2.16677862053543,48.7874663125016],[2.16677136159663,48.7874605954999],[2.16676546653542,48.7874547081227],[2.16667118091097,48.7873071743043],[2.16663544014535,48.7872609643575],[2.16660132365291,48.7872238499338],[2.16659113521676,48.7872140650686],[2.16658309421222,48.7872061839756],[2.16658269022272,48.78720591133],[2.16657880222977,48.7872021965641],[2.16655261331836,48.7871800678963],[2.16654332875274,48.7871733473812],[2.16652920063266,48.7871630853179],[2.16648978999491,48.7871421236097],[2.16645900067672,48.7871267984722],[2.16644225508717,48.787118496878],[2.16637885550517,48.7870910718017],[2.16637155211883,48.7870881426856],[2.16635342831893,48.7870809107756],[2.16619498640616,48.7870386115559],[2.16617573936068,48.7870335304045],[2.16614944677958,48.787026421346],[2.16613196472076,48.787021622332],[2.16607517776428,48.7870062955539],[2.16605633903994,48.7870012172326],[2.1658593418452,48.786927078596],[2.16581078427181,48.786907851658],[2.16581037885081,48.7869076689423],[2.16579182964019,48.7869015132874],[2.16577720429447,48.7868968241064],[2.16572330872751,48.7868794486618],[2.16571951521667,48.7868783428638],[2.16570013936804,48.7868728110217],[2.1656200884408,48.7868567819355],[2.16536083236491,48.7868031643574],[2.16526842401558,48.7867853398063],[2.16524684765124,48.7867812316008],[2.16520549730839,48.7867709590876],[2.1651122831631,48.7867439546291],[2.16505423080831,48.7867226822978],[2.16503948099396,48.7867172726137],[2.16503461743167,48.7867149900614],[2.16498186353348,48.7866858397587],[2.16496986161023,48.7866788302992],[2.16496837748278,48.7866780104435],[2.16494977151801,48.7866669074094],[2.16493318544423,48.786657167629],[2.16491717543584,48.7866454531323],[2.1649081604936,48.7866389142545],[2.16489309166807,48.7866279258737],[2.16487495592837,48.7866129585766],[2.16483289050309,48.7865708412104],[2.16481170228376,48.7865509956608],[2.16479855902917,48.7865387615274],[2.16479655067102,48.7865366788071],[2.1647631056007,48.786491743498],[2.16476177197619,48.7864900252642],[2.16475123476137,48.7864765501425],[2.16472950356914,48.7864396116614],[2.16465139512823,48.7862768089359],[2.16463695073181,48.7862523334709],[2.16463416756417,48.7862476369907],[2.16461680392234,48.7862184640909],[2.1646081879974,48.7862040130145],[2.16458436660759,48.7861701179373],[2.16457438541057,48.7861559271408],[2.16454289438663,48.7861164919223],[2.1645318215569,48.7861024733744],[2.16451707556121,48.7860883391997],[2.16450232669333,48.7860743848885],[2.1644970966871,48.78606949141],[2.16437923062456,48.7859585772559],[2.16435972927472,48.7859354155263],[2.16434931108786,48.7859230205069],[2.16434797893186,48.7859212123349],[2.16434186397828,48.7859120853492],[2.16433988446971,48.7859082039659],[2.16433865313974,48.7859001005042],[2.16433731452125,48.7858901974365],[2.16433738077804,48.7858860605318],[2.16434628615307,48.785848436785],[2.16438790435792,48.7857144432477],[2.16441892849022,48.7856130248368],[2.16442770270171,48.7855835849538],[2.16444147210849,48.7855396992075],[2.16444147786919,48.7855393394766],[2.16444416665308,48.7855244277721],[2.16444757263676,48.7854817287534],[2.16445204433021,48.785389478692],[2.16445206233174,48.785379854936],[2.16444168456127,48.7853479426079],[2.16444155422707,48.7853475819252],[2.1644348438212,48.7853331441487],[2.16441927574987,48.785302364779],[2.16435589325803,48.785197587845],[2.1642135978867,48.7849634607552],[2.16403131952884,48.7846678925546],[2.16388212895049,48.7844225637796],[2.16376808597859,48.7842347743852],[2.16369048734895,48.7841084910709],[2.16361036534892,48.7839783224798],[2.16358503939134,48.7839365016144],[2.16357403503797,48.7839182561067],[2.16352138342452,48.7838489912217],[2.16344732045674,48.7837739099962],[2.16343084660685,48.7837572451518],[2.1631731414805,48.7835146632224],[2.16282354500732,48.7831886892887],[2.16253829955413,48.7829239667601],[2.16231704107383,48.782717615424],[2.16193480934726,48.7823650564533],[2.16191267999613,48.7823446640369],[2.16189205772925,48.7823236525858],[2.16181225300075,48.7822419640926],[2.16167437283529,48.7822933436402],[2.1610901178313,48.7825114922673],[2.16007739703166,48.7829076822447],[2.15844834365317,48.7836013731032],[2.15812818483852,48.783747163974],[2.15772918258471,48.7839289150937],[2.15744165346331,48.7840598236919],[2.15733017464658,48.7841108447176],[2.15693170248144,48.7842931365519],[2.15653309143982,48.7844754260676],[2.15613461225159,48.7846578051182],[2.15573613173288,48.7848400928781],[2.15570061725733,48.7848563015019],[2.15533402776455,48.7850190257959],[2.15502199907372,48.785157580378],[2.1549339347775,48.7851996804905],[2.15441309244784,48.78544855557],[2.15437646798249,48.7854660151435],[2.15425877433872,48.785522205991],[2.1542109199956,48.785543903289],[2.15253987495627,48.7862905520252],[2.15239015249434,48.7863574868914],[2.15232873836755,48.7863803581368],[2.15230449480099,48.786388682156],[2.15175634527214,48.7865126397428],[2.1507151331486,48.786799187137],[2.15009207992552,48.7869195448502],[2.14829139878528,48.787197894896],[2.14812124193731,48.7878247681799],[2.14797160687707,48.7884358520684],[2.14793908820604,48.7885683757377],[2.14790112376224,48.7887259545818],[2.14786130210883,48.7888805520392],[2.14782340036625,48.7890342637281],[2.14778619948876,48.789186721186],[2.14774685597264,48.7893370047073],[2.14771937509773,48.789444380192],[2.14780153030856,48.7896315072566],[2.14778175672571,48.7896587088183],[2.1477665759774,48.7896797370858],[2.14755631207702,48.7898936500773],[2.1473406265801,48.7901143596286],[2.14733605862276,48.7901190040533],[2.14684909012961,48.7906136307733],[2.14672561211262,48.790739298434],[2.14678457291372,48.7907464651112],[2.14683353096051,48.7907659724265],[2.1467970253701,48.7907924247497],[2.14678710641413,48.7907996392826],[2.14670376044208,48.7908602051576],[2.1466151774078,48.7909246910485],[2.14661007958942,48.7909284322333],[2.14651099754486,48.7910022870414],[2.14647819453095,48.7910270567985],[2.14635625748284,48.7911166680738],[2.14627243447935,48.7911813675896],[2.14600294615234,48.7913784849926],[2.1459997994245,48.7913794518736],[2.14596285239771,48.79139124014],[2.14595860942555,48.7913926488985],[2.14595204080136,48.7913947605767],[2.14594191564364,48.791397926148],[2.14585379243048,48.7914258980606],[2.14582671890416,48.7914332597264],[2.14579060171478,48.7914442443878],[2.14574545557476,48.791457952716],[2.14574299233446,48.791458744591],[2.14552273073529,48.7915257960536],[2.14549058124743,48.7915355497983],[2.14537470481803,48.7915707881383],[2.14533530604845,48.7915826486197],[2.14530233540593,48.7915926662687],[2.14525883265243,48.7916057565689],[2.14524646296912,48.7916094861569],[2.14552525357725,48.7918138407343],[2.14553383908746,48.7918158376853],[2.14552815562759,48.7918190880456],[2.14554419422475,48.791828641293],[2.14582886314787,48.7920815908066],[2.14634906916883,48.7924678657054],[2.14596364180021,48.7926640304963],[2.14628585676863,48.7928867691007],[2.14536072497449,48.7934173496288],[2.14508036080476,48.7931031847201],[2.14474063545603,48.7932129868295],[2.14442452161364,48.7934146991958],[2.14453021906649,48.793554526626],[2.14406377571797,48.7938229316177],[2.14395498286655,48.7937607828803],[2.14378081722773,48.7938203731466],[2.14353409717122,48.7936169867535],[2.14317163716976,48.7937663670247],[2.1427937966286,48.793931459441],[2.14253692486672,48.7940735002655],[2.14458282051104,48.7955824831481],[2.14509666790823,48.7956037957834],[2.14526170925538,48.7956094733554],[2.14879464252811,48.796228523151],[2.14882296052427,48.7962664159913],[2.14893054171847,48.7964085936629],[2.14887898244096,48.7982624244402],[2.14924062875571,48.798269928958],[2.14924062142204,48.7982703786157],[2.14953130337692,48.7982778438966],[2.14982919874858,48.7982854497228],[2.15013702424805,48.7982935751257],[2.15017771489372,48.798294583991],[2.15023051803163,48.7982958588451],[2.15043995654652,48.7983012152439],[2.15059807471339,48.798306206564],[2.15074272205825,48.7983107421898],[2.15100661936013,48.7983160348331],[2.15105071617711,48.7983168877123],[2.15124245963054,48.7983220270725],[2.15135854205241,48.798325009969],[2.15165931859548,48.798331282558],[2.15196429472485,48.7983388433743],[2.1520161479758,48.7983399308153],[2.15226003466643,48.798345078714],[2.15253982426626,48.7983526392971],[2.152762890706,48.7983571888309],[2.15284264449928,48.7983588334549],[2.15313550259919,48.7983664852711],[2.15336495405658,48.7983718883989],[2.15339516584395,48.7983726420554],[2.15367497910156,48.7983787610757],[2.15397997767892,48.7983849677747],[2.15457157144535,48.7983988676154],[2.1548524667258,48.7984054412402],[2.15515036360123,48.7984130338034],[2.15544308767102,48.7984205890713],[2.15552691531697,48.7984228902828],[2.15578248652869,48.7984295526154],[2.15611970889684,48.7984384098857],[2.1562529397231,48.7984417789264],[2.1564230512982,48.7984460377224],[2.15648714907225,48.798447659353],[2.1567798880674,48.7984543120306],[2.15708498580102,48.7984628499885],[2.15737481104727,48.7984728984498],[2.15744501434915,48.7984758217965],[2.15768772895259,48.7984861669769],[2.15796299827018,48.7985461191014],[2.15803651751811,48.7985629165067],[2.15821270145765,48.7986211806386],[2.15826054875561,48.7986427438945],[2.15856584405929,48.7987825945351],[2.15875319842394,48.7988743049059],[2.15883870538524,48.7989167215641],[2.15887626624485,48.7990520865983],[2.15895538170002,48.7989837928853],[2.15896545786163,48.7989750944618],[2.15898655113206,48.7989587835346],[2.15902255523183,48.7989296258989],[2.15911621551573,48.7988541041561]]]}}]}