id_mutation,date_mutation,numero_disposition,nature_mutation,valeur_fonciere,adresse_numero,adresse_suffixe,adresse_nom_voie,adresse_code_voie,code_postal,code_commune,nom_commune,code_departement,ancien_code_commune,ancien_nom_commune,id_parcelle,ancien_id_parcelle,numero_volume,lot1_numero,lot1_surface_carrez,lot2_numero,lot2_surface_carrez,lot3_numero,lot3_surface_carrez,lot4_numero,lot4_surface_carrez,lot5_numero,lot5_surface_carrez,nombre_lots,code_type_local,type_local,surface_reelle_bati,nombre_pieces_principales,code_nature_culture,nature_culture,code_nature_culture_speciale,nature_culture_speciale,surface_terrain,longitude,latitude
2021-1323599,2021-01-05,000001,Vente,441000,23,,RUE DES MOINES,1930,78000,78646,Versailles,78,,,78646000BI0144,,,13,,2,56.79,3,,5,,7,,5,2,Appartement,55,2,,,,,,2.155041,48.792598
2021-1323599,2021-01-05,000001,Vente,441000,23,,RUE DES MOINES,1930,78000,78646,Versailles,78,,,78646000BI0144,,,6,,,,,,,,,,1,3,Dépendance,,0,,,,,,2.155041,48.792598
2021-1323601,2021-01-05,000001,Vente,470200,5,,RUE DE L ECOLE DES POSTES,0850,78000,78646,Versailles,78,,,78646000AZ0110,,,3824,,,,,,,,,,1,3,Dépendance,,0,,,,,,2.158672,48.8041
2021-1323601,2021-01-05,000001,Vente,470200,18,,PROM MONA LISA,1965,78000,78646,Versailles,78,,,78646000AZ0110,,,1882,,1900,101.75,,,,,,,2,2,Appartement,102,4,,,,,,2.158672,48.8041
2021-1323602,2021-01-07,000001,Vente,262000,11,,RUE SAINTE SOPHIE,2890,78000,78646,Versailles,78,,,78646000AD0444,,,11,,3,36.32,,,,,,,2,2,Appartement,45,2,,,,,,2.132888,48.810876
2021-1323604,2021-01-05,000001,Vente,572000,17,,RUE DES PRES AUX BOIS,2430,78000,78646,Versailles,78,,,78646000BC0073,,,74,,,,,,,,,,1,3,Dépendance,,0,,,,,,2.159249,48.800346
2021-1323604,2021-01-05,000001,Vente,572000,17,,RUE DES PRES AUX BOIS,2430,78000,78646,Versailles,78,,,78646000BC0073,,,58,,,,,,,,,,1,1,Maison,85,4,,,,,,2.159249,48.800346
2021-1323607,2021-01-08,000001,Vente,286000,6,,RUE BAILLY,0280,78000,78646,Versailles,78,,,78646000AH0044,,,7,,,,,,,,,,1,2,Appartement,50,3,,,,,,2.122652,48.80117
2021-1323608,2021-01-05,000001,Vente,583000,2,,RUE JEAN MERMOZ,1460,78000,78646,Versailles,78,,,78646000BN0167,,,320,,725,,,,,,,,2,2,Appartement,76,3,,,,,,2.142752,48.797871
2021-1323612,2021-01-08,000001,Vente,120000,57,,BD DE LA REINE,2520,78000,78646,Versailles,78,,,78646000AD0484,,,107,,,,,,,,,,1,3,Dépendance,,0,,,,,,2.129678,48.809534
2021-1323613,2021-01-04,000001,Vente,20000,20,,RUE HOCHE,1350,78000,78646,Versailles,78,,,78646000AE0216,,,214,,,,,,,,,,1,4,Local industriel. commercial ou assimilé,10,0,,,,,,2.128924,48.806998
2021-1323615,2021-01-06,000001,Vente,280250,8,,IMP DES GENDARMES,1140,78000,78646,Versailles,78,,,78646000BR0006,,,20,,,,,,,,,,1,2,Appartement,43,2,,,,,,2.131117,48.80027
2021-1323616,2021-01-04,000001,Vente,305000,25,,RUE ALBERT JOLY,0050,78000,78646,Versailles,78,,,78646000AK0269,,,1,56.8,,,,,,,,,1,4,Local industriel. commercial ou assimilé,72,0,,,,,,2.139087,48.810431
2021-1323617,2021-01-08,000001,Vente,320000,11,,RUE DE SATORY,2950,78000,78646,Versailles,78,,,78646000AH0147,,,18,,9,36.61,,,,,,,2,2,Appartement,31,2,,,,,,2.125312,48.800547
2021-1323619,2021-01-04,000001,Vente,365000,2,T,RUE DU JEU DE PAUME,1490,78000,78646,Versailles,78,,,78646000AH0103,,,29,59.2,,,,,,,,,1,2,Appartement,35,2,,,,,,2.123552,48.801086
2021-1323622,2021-01-13,000001,Vente,230000,80,,AV DES ETATS UNIS,0990,78000,78646,Versailles,78,,,78646000AV0251,,,19,45.65,20,,,,,,,,2,2,Appartement,44,2,,,,,,2.149207,48.809669
2021-1323623,2021-01-11,000001,Vente,737200,14,,RUE DE MOUCHY,2010,78000,78646,Versailles,78,,,78646000AD0182,,,10,,11,,12,,4,88.37,7,,5,2,Appartement,86,4,,,,,,2.127515,48.810776
2021-1323626,2021-01-11,000001,Vente,25000,4,,IMP DE TOULOUSE,3030,78000,78646,Versailles,78,,,78646000AE0434,,,36,,,,,,,,,,1,3,Dépendance,,0,,,,,,,
2021-1323627,2021-01-11,000001,Vente,250000,6,,IMP DE TOULOUSE,3030,78000,78646,Versailles,78,,,78646000AE0434,,,60,30.55,,,,,,,,,1,2,Appartement,29,1,,,,,,,
2021-1323630,2021-01-15,000001,Vente,213500,3,,PL HOCHE,1340,78000,78646,Versailles,78,,,78646000AE0194,,,19,,6,17.82,,,,,,,2,2,Appartement,25,1,,,,,,2.127328,48.80658
2021-1323635,2021-01-13,000001,Vente,475000,12,,AV DE PORCHEFONTAINE,2380,78000,78646,Versailles,78,,,78646000BK0021,,,465,78.97,491,,,,,,,,2,2,Appartement,78,3,,,,,,2.152071,48.797176
2021-1323635,2021-01-13,000001,Vente,475000,12,,AV DE PORCHEFONTAINE,2380,78000,78646,Versailles,78,,,78646000BK0021,,,1574,,,,,,,,,,1,3,Dépendance,,0,,,,,,2.152071,48.797176
2021-1323641,2021-01-14,000001,Vente,850000,41,,AV DE SAINT CLOUD,2730,78000,78646,Versailles,78,,,78646000AI0125,,,1,,24,,,,,,,,2,2,Appartement,115,5,,,,,,2.133122,48.805673
2021-1323645,2021-01-14,000001,Vente,50000,5,,RUE DE L ECOLE DES POSTES,0850,78000,78646,Versailles,78,,,78646000AZ0110,,,937,,,,,,,,,,1,3,Dépendance,,0,,,,,,2.158672,48.8041
2021-1323646,2021-01-14,000001,Vente,885000,19,,RUE VICTOR BART,3160,78000,78646,Versailles,78,,,78646000AS0011,,,27,,5,,6,,,,,,3,2,Appartement,145,5,,,,,,2.145549,48.809854
2021-1323646,2021-01-14,000001,Vente,885000,19,,RUE VICTOR BART,3160,78000,78646,Versailles,78,,,78646000AS0011,,,41,,,,,,,,,,1,3,Dépendance,,0,,,,,,2.145549,48.809854
2021-1323647,2021-01-08,000001,Vente,170000,15,,RUE DES ETATS GENERAUX,0980,78000,78646,Versailles,78,,,78646000BR0037,,,1,,10,,11,,15,,,,4,4,Local industriel. commercial ou assimilé,46,0,,,,,,2.132916,48.800326
2021-1323650,2021-01-06,000001,Vente,435000,136,,AV DE PARIS,2180,78000,78646,Versailles,78,,,78646000BD0010,,,,,,,,,,,,,0,1,Maison,113,5,S,sols,,,428,2.154924,48.797878
2021-1323651,2021-01-14,000001,Vente,697100,12,,RUE DES ETATS GENERAUX,0980,78000,78646,Versailles,78,,,78646000BR0044,,,42,,50,,55,,56,,57,,7,2,Appartement,91,6,,,,,,2.132804,48.799526
2021-1323657,2021-01-04,000001,Vente,87840,58,,RUE SAINT CHARLES,2710,78000,78646,Versailles,78,,,78646000AY0276,,,26,10.85,,,,,,,,,1,3,Dépendance,,0,,,,,,2.146746,48.804346
2021-1323658,2021-01-12,000001,Vente,1380975,14,,AV FOURCAULT DE PAVANT,1090,78000,78646,Versailles,78,,,78646000AP0009,,,,,,,,,,,,,0,1,Maison,120,5,S,sols,,,117,2.143691,48.81621
2021-1323658,2021-01-12,000001,Vente,1380975,14,,AV FOURCAULT DE PAVANT,1090,78000,78646,Versailles,78,,,78646000AP0009,,,,,,,,,,,,,0,1,Maison,120,5,AG,terrains d'agrément,,,572,2.143691,48.81621
2021-1323659,2021-01-08,000001,Vente,217429.48,57,,RUE EXELMANS,1020,78000,78646,Versailles,78,,,78646000AC0262,,,413,,,,,,,,,,1,3,Dépendance,,0,,,,,,2.126785,48.814611
2021-1323659,2021-01-08,000001,Vente,217429.48,57,,RUE EXELMANS,1020,78000,78646,Versailles,78,,,78646000AC0262,,,327,29.92,367,,,,,,,,2,2,Appartement,30,1,,,,,,2.126785,48.814611
2021-1323669,2021-01-18,000001,Vente,257000,10,B,RUE REMONT,2560,78000,78646,Versailles,78,,,78646000BE0293,,,1,,,,,,,,,,1,1,Maison,33,1,,,,,,2.161976,48.797021
2021-1323675,2021-01-15,000001,Vente,1007500,15,T,RUE BORGNIS DESBORDES,0395,78000,78646,Versailles,78,,,78646000BW0055,,,35,136.35,36,,85,,,,,,3,2,Appartement,100,5,,,,,,2.126233,48.79456
2021-1323675,2021-01-15,000001,Vente,1007500,15,T,RUE BORGNIS DESBORDES,0395,78000,78646,Versailles,78,,,78646000BW0055,,,35,136.35,36,,84,,,,,,3,2,Appartement,41,2,,,,,,2.126233,48.79456
2021-1323676,2021-01-20,000001,Vente,187000,3,,RUE D ARTOIS,0210,78000,78646,Versailles,78,,,78646000AX0342,,,11,,,,,,,,,,1,2,Appartement,39,2,,,,,,2.144717,48.804175
2021-1323676,2021-01-20,000001,Vente,187000,3,,RUE D ARTOIS,0210,78000,78646,Versailles,78,,,78646000AX0342,,,1,21.63,10,,2,,,,,,3,2,Appartement,22,1,,,,,,2.144717,48.804175
2021-1323678,2021-01-04,000001,Vente,1798190,29,B,RUE BORGNIS DESBORDES,0395,78000,78646,Versailles,78,,,78646000BW0295,,,1,,,,,,,,,,1,2,Appartement,314,11,,,,,,2.12863,48.79364
2021-1323689,2021-01-19,000001,Vente,115000,24,,RUE DU MAL FOCH,1810,78000,78646,Versailles,78,,,78646000AI0212,,,25,,,,,,,,,,1,2,Appartement,20,1,,,,,,2.132919,48.80739
2021-1323694,2021-01-06,000001,Vente,165000,46,,RUE ABEL LAUVRAY,0030,78000,78646,Versailles,78,,,78646000AZ0332,,,1,31.42,14,,,,,,,,2,2,Appartement,33,2,,,,,,2.157616,48.803762
2021-1323696,2021-01-14,000001,Vente,765300,13,,RUE HELENE ANDREE,1320,78000,78646,Versailles,78,,,78646000AV0015,,,,,,,,,,,,,0,1,Maison,120,6,J,jardins,POTAG,Jardin potager,385,2.152205,48.810169
2021-1323696,2021-01-14,000001,Vente,765300,13,,RUE HELENE ANDREE,1320,78000,78646,Versailles,78,,,78646000AV0015,,,,,,,,,,,,,0,1,Maison,120,6,S,sols,,,159,2.152205,48.810169
2021-1323697,2021-01-18,000001,Vente,415260,2,,RUE SAINT LOUIS,2810,78000,78646,Versailles,78,,,78646000BW0081,,,22,57.59,47,,,,,,,,2,2,Appartement,63,3,,,,,,2.122585,48.795743
2021-1323705,2021-01-21,000001,Vente,467000,4,,PL ROYALE,2650,78000,78646,Versailles,78,,,78646000AZ0110,,,1070,,1139,101.63,,,,,,,2,2,Appartement,107,4,,,,,,2.158672,48.8041
2021-1323705,2021-01-21,000001,Vente,467000,5,,RUE DE L ECOLE DES POSTES,0850,78000,78646,Versailles,78,,,78646000AZ0110,,,3196,,,,,,,,,,1,3,Dépendance,,0,,,,,,2.158672,48.8041
2021-1323708,2021-01-20,000001,Vente,232000,77,,RUE DE MONTREUIL,2000,78000,78646,Versailles,78,,,78646000AX0201,,,11,,12,35.33,,,,,,,2,2,Appartement,42,3,,,,,,2.148993,48.804972
2021-1323711,2021-01-15,000001,Vente,265000,2,,RUE MAZIERE,1880,78000,78646,Versailles,78,,,78646000AH0039,,,1,,,,,,,,,,1,4,Local industriel. commercial ou assimilé,60,0,,,,,,2.122404,48.800831
2021-1323713,2021-01-12,000001,Vente,470000,1,,RUE DE LA CATHEDRALE,0450,78000,78646,Versailles,78,,,78646000BV0058,,,13,61.23,14,,19,,20,,,,4,2,Appartement,58,3,,,,,,2.125178,48.799222
2021-1323715,2021-01-19,000001,Vente,325700,29,,RUE DE MONTREUIL,2000,78000,78646,Versailles,78,,,78646000AX0294,,,15,,8,41.41,,,,,,,2,2,Appartement,39,2,,,,,,2.144396,48.805203
2021-1323717,2021-01-22,000001,Vente,250000,21,,RUE VICTOR BART,3160,78000,78646,Versailles,78,,,78646000AS0012,,,8,,,,,,,,,,1,3,Dépendance,,0,,,,,,2.145679,48.809731
2021-1323717,2021-01-22,000001,Vente,250000,21,,RUE VICTOR BART,3160,78000,78646,Versailles,78,,,78646000AS0012,,,1,42.61,6,,,,,,,,2,2,Appartement,44,2,,,,,,2.145679,48.809731
2021-1323726,2021-01-04,000001,Vente,45000,77,,RUE DE MONTREUIL,2000,78000,78646,Versailles,78,,,78646000AX0201,,,162,,,,,,,,,,1,3,Dépendance,,0,,,,,,2.148993,48.804972
2021-1323726,2021-01-04,000001,Vente,45000,77,,RUE DE MONTREUIL,2000,78000,78646,Versailles,78,,,78646000AX0201,,,161,,,,,,,,,,1,3,Dépendance,,0,,,,,,2.148993,48.804972
2021-1323728,2021-01-19,000001,Vente,155000,1,,RUE DE LA PAROISSE,2190,78000,78646,Versailles,78,,,78646000AC0234,,,36,14.86,44,,,,,,,,2,3,Dépendance,,0,,,,,,2.124461,48.80894
2021-1323730,2021-01-25,000001,Vente,300000,29,,RUE DE MONTREUIL,2000,78000,78646,Versailles,78,,,78646000AX0294,,,9,42.59,,,,,,,,,1,4,Local industriel. commercial ou assimilé,39,0,,,,,,2.144396,48.805203
2021-1323731,2021-01-05,000001,Vente,150000,1,,RUE DUCIS,0820,78000,78646,Versailles,78,,,78646000AE0268,,,11,19.34,30,,,,,,,,2,2,Appartement,27,1,,,,,,2.130719,48.806373
2021-1323732,2021-01-20,000001,Vente,410000,58,,RUE DES CHANTIERS,0530,78000,78646,Versailles,78,,,78646000BL0327,,,255,,90,82.89,,,,,,,2,2,Appartement,83,4,,,,,,2.142467,48.792993
2021-1323733,2021-01-19,000001,Vente,141000,31,,RUE DU GENERAL LECLERC,1145,78000,78646,Versailles,78,,,78646000AH0173,,,61,,62,,,,,,,,2,3,Dépendance,,0,,,,,,2.127301,48.7991
2021-1323736,2021-01-13,000001,Vente,180000,5,,RUE MAZIERE,1880,78000,78646,Versailles,78,,,78646000AH0110,,,13,12.67,,,,,,,,,1,2,Appartement,12,1,,,,,,2.122467,48.800456
2021-1323736,2021-01-13,000001,Vente,180000,5,,IMP DES GENDARMES,1140,78000,78646,Versailles,78,,,78646000BR0007,,,29,,35,13.89,,,,,,,2,2,Appartement,14,0,,,,,,2.131407,48.80069
2021-1323745,2021-01-15,000001,Vente,419653,108,,BD DE LA REINE,2520,78000,78646,Versailles,78,,,78646000AX0037,,,205,,,,,,,,,,1,3,Dépendance,,0,,,,,,2.142871,48.807658
2021-1323745,2021-01-15,000001,Vente,419653,108,,BD DE LA REINE,2520,78000,78646,Versailles,78,,,78646000AX0037,,,17,67.23,251,,,,,,,,2,2,Appartement,70,3,,,,,,2.142871,48.807658
2021-1323748,2021-01-18,000001,Vente,869000,62,,AV DE PARIS,2180,78000,78646,Versailles,78,,,78646000BN0006,,,102,95,,,,,,,,,1,2,Appartement,95,4,,,,,,2.138912,48.799284
2021-1323756,2021-01-14,000001,Vente,233600,12,,RUE D ANGOULEME,0180,78000,78646,Versailles,78,,,78646000AD0032,,,2,30.09,,,,,,,,,1,2,Appartement,30,2,,,,,,2.128312,48.810351
2021-1323758,2021-01-22,000001,Vente,3500,81,,RUE DU MAL FOCH,1810,78000,78646,Versailles,78,,,78646000AD0354,,,38,,,,,,,,,,1,2,Appartement,168,7,,,,,,2.13574,48.813684
2021-1323759,2021-01-25,000001,Vente,278000,82,,RUE ALBERT SARRAUT,0080,78000,78646,Versailles,78,,,78646000BL0397,,,4,30.04,,,,,,,,,1,2,Appartement,30,2,,,,,,2.146921,48.792558
2021-1323765,2021-01-12,000001,Vente,1100000,35,,RUE JEAN DE LA FONTAINE,1439,78000,78646,Versailles,78,,,78646000BE0214,,,,,,,,,,,,,0,1,Maison,85,3,S,sols,,,491,2.159668,48.79602
2021-1323768,2021-01-25,000001,Vente,950000,23,,VLA DE L ERMITAGE,0942,78000,78646,Versailles,78,,,78646000AC0060,,,,,,,,,,,,,0,1,Maison,76,4,S,sols,,,340,2.125378,48.81505
2021-1323771,2021-01-25,000001,Vente,2400000,22,,AV DE VILLENEUVE L ETANG,3200,78000,78646,Versailles,78,,,78646000AP0122,,,9,,,,,,,,,,1,3,Dépendance,,0,,,,,,2.143474,48.814176
2021-1323771,2021-01-25,000001,Vente,2400000,22,,AV DE VILLENEUVE L ETANG,3200,78000,78646,Versailles,78,,,78646000AP0122,,,10,,,,,,,,,,1,3,Dépendance,,0,,,,,,2.143474,48.814176
2021-1323771,2021-01-25,000001,Vente,2400000,22,,AV DE VILLENEUVE L ETANG,3200,78000,78646,Versailles,78,,,78646000AP0122,,,5,,6,,8,,,,,,3,2,Appartement,109,6,,,,,,2.143474,48.814176
2021-1323771,2021-01-25,000001,Vente,2400000,22,,AV DE VILLENEUVE L ETANG,3200,78000,78646,Versailles,78,,,78646000AP0122,,,1,,2,,3,,4,,7,,5,2,Appartement,190,6,,,,,,2.143474,48.814176
2021-1323772,2021-01-15,000001,Vente,460000,9,,RUE DES BOURDONNAIS,0400,78000,78646,Versailles,78,,,78646000BV0164,,,15,,7,54.74,,,,,,,2,2,Appartement,52,3,,,,,,2.125067,48.79619
2021-1323779,2021-01-29,000001,Vente,520000,1,,RUE JOUVENCEL,1520,78000,78646,Versailles,78,,,78646000AI0052,,,7,56.86,,,,,,,,,1,2,Appartement,68,3,,,,,,2.132321,48.803557
2021-1323780,2021-01-20,000001,Vente,21000,17,T,RUE DU PONT COLBERT,2370,78000,78646,Versailles,78,,,78646000BI0022,,,613,,,,,,,,,,1,3,Dépendance,,0,,,,,,2.149624,48.789909
2021-1323786,2021-01-27,000001,Vente,775000,65,,RUE BERTHIER,0370,78000,78646,Versailles,78,,,78646000AD0314,,,2,104.66,,,,,,,,,1,2,Appartement,105,4,,,,,,2.133673,48.811096
2021-1323787,2021-01-26,000001,Vente,242200,76,,RUE ROYALE,2648,78000,78646,Versailles,78,,,78646000BW0060,,,102,34.77,,,,,,,,,1,2,Appartement,34,2,,,,,,2.124753,48.795183
2021-1323791,2021-01-22,000001,Vente,641587,20,,RUE VICTOR BART,3160,78000,78646,Versailles,78,,,78646000AR0048,,,227,,,,,,,,,,1,3,Dépendance,,0,,,,,,2.145915,48.808908
2021-1323791,2021-01-22,000001,Vente,641587,20,,RUE VICTOR BART,3160,78000,78646,Versailles,78,,,78646000AR0048,,,122,,76,100.45,,,,,,,2,2,Appartement,76,3,,,,,,2.145915,48.808908
2021-1323798,2021-01-28,000001,Vente,299000,24,,RUE DU VIEUX VERSAILLES,3180,78000,78646,Versailles,78,,,78646000AH0116,,,27,36.7,,,,,,,,,1,2,Appartement,40,2,,,,,,2.123052,48.800531
2021-1323801,2021-01-19,000001,Vente,230000,49,,RUE DE MONTREUIL,2000,78000,78646,Versailles,78,,,78646000AX0303,,,6,,,,,,,,,,1,2,Appartement,29,3,,,,,,2.14551,48.804893
2021-1323802,2021-01-21,000001,Vente,420000,71,,RUE ROYALE,2648,78000,78646,Versailles,78,,,78646000BT0122,,,4,,,,,,,,,,1,2,Appartement,53,4,,,,,,2.126128,48.796183
2021-1323808,2021-01-29,000001,Vente,1319000,66,,RUE DU MAL FOCH,1810,78000,78646,Versailles,78,,,78646000AK0038,,,13,,2,140.57,,,,,,,2,2,Appartement,144,5,,,,,,2.135967,48.812211
2021-1323820,2021-01-22,000001,Vente,310000,4,,AV DE SCEAUX,2980,78000,78646,Versailles,78,,,78646000AH0156,,,36,,37,44.47,,,,,,,2,2,Appartement,39,2,,,,,,2.125731,48.80058
2021-1323823,2021-01-25,000001,Vente,460000,11,,RUE BAILLET REVIRON,0270,78000,78646,Versailles,78,,,78646000AE0041,,,11,52.41,,,,,,,,,1,2,Appartement,51,3,,,,,,2.131592,48.808549
2021-1323828,2021-01-26,000001,Vente,683000,8,,RUE EXELMANS,1020,78000,78646,Versailles,78,,,78646000AC0116,,,107,,24,98.85,,,,,,,2,2,Appartement,102,5,,,,,,2.126206,48.81323
2021-1323828,2021-01-26,000001,Vente,683000,8,,RUE EXELMANS,1020,78000,78646,Versailles,78,,,78646000AC0116,,,56,,,,,,,,,,1,3,Dépendance,,0,,,,,,2.126206,48.81323
2021-1323830,2021-01-27,000001,Vente,280000,17,B,RUE DU PONT COLBERT,2370,78000,78646,Versailles,78,,,78646000BL0318,,,,,,,,,,,,,0,4,Local industriel. commercial ou assimilé,5,0,S,sols,,,200,2.1479,48.790481
2021-1323830,2021-01-27,000001,Vente,280000,17,B,RUE DU PONT COLBERT,2370,78000,78646,Versailles,78,,,78646000BL0318,,,,,,,,,,,,,0,4,Local industriel. commercial ou assimilé,120,0,S,sols,,,200,2.1479,48.790481
2021-1323830,2021-01-27,000001,Vente,280000,17,B,RUE DU PONT COLBERT,2370,78000,78646,Versailles,78,,,78646000BL0318,,,,,,,,,,,,,0,2,Appartement,98,5,S,sols,,,200,2.1479,48.790481
2021-1323834,2021-01-08,000001,Vente en l'état futur d'achèvement,542000,9,,RUE VAUBAN,3110,78000,78646,Versailles,78,,,78646000AY0310,,,211,,,,,,,,,,1,,,,,,,,,,2.15313,48.799852
2021-1323834,2021-01-08,000001,Vente en l'état futur d'achèvement,542000,9,,RUE VAUBAN,3110,78000,78646,Versailles,78,,,78646000AY0310,,,923,,,,,,,,,,1,,,,,,,,,,2.15313,48.799852
2021-1323836,2021-01-15,000001,Vente,16800,53,,RUE EXELMANS,1020,78000,78646,Versailles,78,,,78646000AC0306,,,17142,,,,,,,,,,1,4,Local industriel. commercial ou assimilé,10,0,,,,,,2.125764,48.813952
2021-1323847,2021-01-28,000001,Vente,536600,73,,RUE DE LA PAROISSE,2190,78000,78646,Versailles,78,,,78646000AI0177,,,34,,7,71.78,,,,,,,2,2,Appartement,68,3,,,,,,2.134758,48.806357
2021-1323848,2021-01-06,000001,Vente,665000,7,,RUE DU GENERAL LECLERC,1145,78000,78646,Versailles,78,,,78646000AH0138,,,19,,8,87.48,,,,,,,2,2,Appartement,86,5,,,,,,2.125521,48.799564
2021-1323856,2021-01-21,000001,Vente,259954.77,44,,RUE SAINT CHARLES,2710,78000,78646,Versailles,78,,,78646000AY0019,,,139,,,,,,,,,,1,3,Dépendance,,0,,,,,,2.147972,48.803805
2021-1323856,2021-01-21,000001,Vente,259954.77,44,,RUE SAINT CHARLES,2710,78000,78646,Versailles,78,,,78646000AY0019,,,41,31.89,90,,,,,,,,2,2,Appartement,30,1,,,,,,2.147972,48.803805
2021-1323859,2021-01-27,000001,Vente,716000,98,,BD DE LA REINE,2520,78000,78646,Versailles,78,,,78646000AI0290,,,176,119.91,177,,60,,,,,,3,2,Appartement,117,5,,,,,,2.139429,48.808058
2021-1323869,2021-01-29,000001,Vente,719000,20,,RUE DES MISSIONNAIRES,1920,78000,78646,Versailles,78,,,78646000AD0253,,,2,,4,,,,,,,,2,2,Appartement,106,4,,,,,,2.13158,48.812473
2021-1323869,2021-01-29,000001,Vente,719000,20,,RUE DES MISSIONNAIRES,1920,78000,78646,Versailles,78,,,78646000AD0253,,,19,,,,,,,,,,1,3,Dépendance,,0,,,,,,2.13158,48.812473
2021-1323873,2021-01-29,000001,Vente,526160,7,,BD DU ROI,2641,78000,78646,Versailles,78,,,78646000AC0182,,,28,,65,,87,55.93,,,,,3,2,Appartement,63,2,,,,,,2.125363,48.810421
2021-1323875,2021-01-22,000001,Vente,897340,19,,RUE BAILLET REVIRON,0270,78000,78646,Versailles,78,,,78646000AE0049,,,7,,8,,9,,,,,,3,2,Appartement,56,3,,,,,,2.132526,48.808554
2021-1323875,2021-01-22,000001,Vente,897340,19,,RUE BAILLET REVIRON,0270,78000,78646,Versailles,78,,,78646000AE0049,,,10,,5,,6,,,,,,3,2,Appartement,67,3,,,,,,2.132526,48.808554
2021-1323876,2021-02-03,000001,Vente,488236,18,,PROM MONA LISA,1965,78000,78646,Versailles,78,,,78646000AZ0110,,,1874,,1902,101.26,,,,,,,2,2,Appartement,102,4,,,,,,2.158672,48.8041
2021-1323876,2021-02-03,000001,Vente,488236,5,,RUE DE L ECOLE DES POSTES,0850,78000,78646,Versailles,78,,,78646000AZ0110,,,3826,,,,,,,,,,1,3,Dépendance,,0,,,,,,2.158672,48.8041
2021-1323877,2021-01-29,000001,Vente,710624,6,,RUE SAINTE FAMILLE,2740,78000,78646,Versailles,78,,,78646000BV0167,,,18,,19,,,,,,,,2,2,Appartement,90,3,,,,,,2.125501,48.79634
2021-1323883,2021-01-27,000001,Vente,5000,2,,IMP DU DOC WAPLER,0810,78000,78646,Versailles,78,,,78646000BP0259,,,9,,,,,,,,,,1,3,Dépendance,,0,,,,,,2.135544,48.803251
2021-1323885,2021-02-04,000001,Vente,235000,6,,RUE MONTBAURON,1970,78000,78646,Versailles,78,,,78646000BP0027,,,107,33.91,,,,,,,,,1,2,Appartement,34,1,,,,,,2.135298,48.802989
2021-1323895,2021-01-29,000001,Vente,945750,9,,RUE DU MAL JOFFRE,1820,78000,78646,Versailles,78,,,78646000BV0041,,,3,,8,105.03,,,,,,,2,2,Appartement,120,4,,,,,,2.123232,48.797444
2021-1323899,2021-01-21,000001,Vente,300000,16,,RUE DU VIEUX VERSAILLES,3180,78000,78646,Versailles,78,,,78646000AH0108,,,23,,25,31.1,26,,,,,,3,2,Appartement,39,2,,,,,,2.122629,48.800706
2021-1323904,2021-01-27,000001,Vente,170568,17,,RUE DU MAL JOFFRE,1820,78000,78646,Versailles,78,,,78646000BV0205,,,40,67.89,52,,,,,,,,2,2,Appartement,72,3,,,,,,2.122603,48.796328
2021-1323906,2021-01-29,000001,Vente,210000,18,,RUE MONTBAURON,1970,78000,78646,Versailles,78,,,78646000BP0014,,,110,29.89,,,,,,,,,1,2,Appartement,32,2,,,,,,2.136175,48.804452
2021-1323910,2021-01-28,000001,Vente,498000,19,,RUE BAILLET REVIRON,0270,78000,78646,Versailles,78,,,78646000AE0049,,,12,,18,,3,65.17,,,,,3,2,Appartement,65,3,,,,,,2.132526,48.808554
2021-1323912,2021-01-26,000001,Vente,560000,15,T,RUE BORGNIS DESBORDES,0395,78000,78646,Versailles,78,,,78646000BW0055,,,40,74.21,89,,,,,,,,2,2,Appartement,78,4,,,,,,2.126233,48.79456
2021-1323914,2021-02-02,000001,Vente,10000,17,,RUE PHILIPPE DE DANGEAU,2255,78000,78646,Versailles,78,,,78646000AI0065,,,42,,,,,,,,,,1,3,Dépendance,,0,,,,,,2.134481,48.803549
2021-1323918,2021-01-09,000001,Vente,25000,27,B,BD DU ROI,2641,78000,78646,Versailles,78,,,78646000AC0117,,,167,,,,,,,,,,1,4,Local industriel. commercial ou assimilé,10,0,,,,,,2.126689,48.812877
2021-1323919,2021-02-02,000001,Vente,21000,59,B,RUE JEAN DE LA FONTAINE,1439,78000,78646,Versailles,78,,,78646000BE0086,,,27,,,,,,,,,,1,3,Dépendance,,0,,,,,,2.157108,48.794575
2021-1323929,2021-01-15,000001,Vente,420000,14,,RUE HENRI SIMON,1330,78000,78646,Versailles,78,,,78646000AX0143,,,10,,11,,12,,14,,,,4,2,Appartement,103,4,,,,,,2.148487,48.806017
2021-1323945,2021-01-21,000001,Vente,420000,31,,RUE DU PARC DE CLAGNY,2171,78000,78646,Versailles,78,,,78646000AK0071,,,17,,3,54.89,9,,,,,,3,2,Appartement,55,3,,,,,,2.140259,48.812128
2021-1323947,2021-01-14,000001,Vente,168000,7,,BD ST ANTOINE,2690,78000,78646,Versailles,78,,,78646000AC0098,,,13,38.41,20,,,,,,,,2,2,Appartement,38,2,,,,,,2.127658,48.81536
2021-1323960,2021-02-05,000001,Vente,907700,51,,RUE SAINT HONORE,2780,78000,78646,Versailles,78,,,78646000BW0186,,,,,,,,,,,,,0,3,Dépendance,,0,S,sols,,,144,2.122353,48.794012
2021-1323960,2021-02-05,000001,Vente,907700,51,,RUE SAINT HONORE,2780,78000,78646,Versailles,78,,,78646000BW0186,,,,,,,,,,,,,0,3,Dépendance,,0,S,sols,,,144,2.122353,48.794012
2021-1323960,2021-02-05,000001,Vente,907700,51,,RUE SAINT HONORE,2780,78000,78646,Versailles,78,,,78646000BW0186,,,,,,,,,,,,,0,3,Dépendance,,0,S,sols,,,144,2.122353,48.794012
2021-1323960,2021-02-05,000001,Vente,907700,51,,RUE SAINT HONORE,2780,78000,78646,Versailles,78,,,78646000BW0186,,,,,,,,,,,,,0,3,Dépendance,,0,S,sols,,,144,2.122353,48.794012
2021-1323960,2021-02-05,000001,Vente,907700,51,,RUE SAINT HONORE,2780,78000,78646,Versailles,78,,,78646000BW0186,,,,,,,,,,,,,0,3,Dépendance,,0,S,sols,,,144,2.122353,48.794012
2021-1323960,2021-02-05,000001,Vente,907700,51,,RUE SAINT HONORE,2780,78000,78646,Versailles,78,,,78646000BW0186,,,,,,,,,,,,,0,3,Dépendance,,0,S,sols,,,144,2.122353,48.794012
2021-1323960,2021-02-05,000001,Vente,907700,51,,RUE SAINT HONORE,2780,78000,78646,Versailles,78,,,78646000BW0186,,,,,,,,,,,,,0,3,Dépendance,,0,S,sols,,,144,2.122353,48.794012
2021-1323960,2021-02-05,000001,Vente,907700,51,,RUE SAINT HONORE,2780,78000,78646,Versailles,78,,,78646000BW0186,,,,,,,,,,,,,0,3,Dépendance,,0,S,sols,,,144,2.122353,48.794012
2021-1323960,2021-02-05,000001,Vente,907700,7,,RUE MONSEIGNEUR GIBIER,1950,78000,78646,Versailles,78,,,78646000BW0187,,,,,,,,,,,,,0,4,Local industriel. commercial ou assimilé,290,0,S,sols,,,217,2.122428,48.793948
2021-1323960,2021-02-05,000001,Vente,907700,7,,RUE MONSEIGNEUR GIBIER,1950,78000,78646,Versailles,78,,,78646000BW0187,,,,,,,,,,,,,0,1,Maison,65,3,S,sols,,,217,2.122428,48.793948
2021-1323966,2021-02-09,000001,Vente,706700,72,,AV DE PARIS,2180,78000,78646,Versailles,78,,,78646000BN0029,,,10,98.57,17,,,,,,,,2,2,Appartement,92,5,,,,,,2.142516,48.798154
2021-1323970,2021-01-18,000001,Echange,30000,24,,RUE DES ETATS GENERAUX,0980,78000,78646,Versailles,78,,,78646000BR0127,,,58,,,,,,,,,,1,3,Dépendance,,0,,,,,,2.133885,48.798419
2021-1323970,2021-01-18,000002,Echange,30000,24,,RUE DES ETATS GENERAUX,0980,78000,78646,Versailles,78,,,78646000BR0127,,,60,,,,,,,,,,1,3,Dépendance,,0,,,,,,2.133885,48.798419
2021-1323972,2021-02-05,000001,Vente,174000,22,,RUE DE NOAILLES,2050,78000,78646,Versailles,78,,,78646000BR0134,,,11,32.73,37,,,,,,,,2,2,Appartement,30,2,,,,,,2.132465,48.797488
2021-1323973,2021-02-05,000001,Vente,577500,4,,RUE DES FRERES COUSTOU,1123,78000,78646,Versailles,78,,,78646000BW0293,,,1,,2,53.41,,,,,,,2,1,Maison,54,2,,,,,,2.12521,48.79413
2021-1323978,2021-01-14,000001,Vente,552380,3,B,RUE JEAN MERMOZ,1460,78000,78646,Versailles,78,,,78646000BN0166,,,1435,,1493,,,,,,,,2,2,Appartement,100,5,,,,,,2.145036,48.797427
2021-1323978,2021-01-14,000001,Vente,552380,82,B,AV DE PARIS,2180,78000,78646,Versailles,78,,,78646000BN0166,,,572,,,,,,,,,,1,3,Dépendance,,0,,,,,,2.145036,48.797427
2021-1323981,2021-01-18,000001,Vente,330000,5,,RUE EDOUARD CHARTON,0890,78000,78646,Versailles,78,,,78646000BS0099,,,11,43.6,30,,,,,,,,2,2,Appartement,42,2,,,,,,2.131168,48.796056
2021-1323982,2021-01-15,000001,Vente,1250000,15,B,RUE DU PARC DE CLAGNY,2171,78000,78646,Versailles,78,,,78646000AK0217,,,1,476.94,,,,,,,,,1,4,Local industriel. commercial ou assimilé,524,0,,,,,,2.140182,48.810961
2021-1323983,2021-01-15,000001,Vente,798000,21,B,RUE DU MARECHAL GALLIENI,1812,78000,78646,Versailles,78,,,78646000AC0005,,,1230,,,,,,,,,,1,3,Dépendance,,0,,,,,,2.123201,48.811375
2021-1323983,2021-01-15,000001,Vente,798000,21,B,RUE DU MARECHAL GALLIENI,1812,78000,78646,Versailles,78,,,78646000AC0005,,,1102,78.31,1213,,,,,,,,2,2,Appartement,79,4,,,,,,2.123201,48.811375
2021-1323984,2021-01-13,000001,Vente,535000,114,,AV DE PARIS,2180,78000,78646,Versailles,78,,,78646000BK0021,,,1645,,,,,,,,,,1,3,Dépendance,,0,,,,,,2.152071,48.797176
2021-1323984,2021-01-13,000001,Vente,535000,12,,AV DE PORCHEFONTAINE,2380,78000,78646,Versailles,78,,,78646000BK0021,,,1448,,,,,,,,,,1,3,Dépendance,,0,,,,,,2.152071,48.797176
2021-1323984,2021-01-13,000001,Vente,535000,114,,AV DE PARIS,2180,78000,78646,Versailles,78,,,78646000BK0021,,,143,,145,112.34,,,,,,,2,2,Appartement,111,4,,,,,,2.152071,48.797176
2021-1323991,2021-02-04,000001,Vente,167000,6,,RUE MONTBAURON,1970,78000,78646,Versailles,78,,,78646000BP0027,,,135,21.02,,,,,,,,,1,2,Appartement,21,1,,,,,,2.135298,48.802989
2021-1324002,2021-02-15,000001,Vente,234000,7,,RUE DU GENERAL LECLERC,1145,78000,78646,Versailles,78,,,78646000AH0138,,,26,,9,21.05,,,,,,,2,2,Appartement,19,1,,,,,,2.125521,48.799564
2021-1324004,2021-02-08,000001,Vente,247000,24,T,RUE EDOUARD CHARTON,0890,78000,78646,Versailles,78,,,78646000BW0147,,,13,38.02,,,,,,,,,1,2,Appartement,47,2,,,,,,2.128634,48.793169
2021-1324015,2021-01-29,000001,Vente,625000,3,,RUE DE PROVENCE,2460,78000,78646,Versailles,78,,,78646000AI0230,,,2,81.86,27,,32,,,,,,3,2,Appartement,81,5,,,,,,2.1393,48.806578
2021-1324022,2021-02-08,000001,Vente,77500,34,,RUE CARNOT,0440,78000,78646,Versailles,78,,,78646000AE0306,,,5,10.06,,,,,,,,,1,3,Dépendance,,0,,,,,,2.129387,48.80547
2021-1324025,2021-01-26,000001,Vente,540000,47,,BD DE LA REINE,2520,78000,78646,Versailles,78,,,78646000AD0040,,,17,,18,,,,,,,,2,3,Dépendance,,0,,,,,,2.128532,48.809668
2021-1324025,2021-01-26,000001,Vente,540000,47,,BD DE LA REINE,2520,78000,78646,Versailles,78,,,78646000AD0040,,,1,,11,,26,,32,,,,4,2,Appartement,86,3,,,,,,2.128532,48.809668
2021-1324026,2021-02-12,000001,Vente,860000,36,,RUE DE LA CHAUMIERE,0580,78000,78646,Versailles,78,,,78646000BE0342,,,,,,,,,,,,,0,1,Maison,123,4,S,sols,,,321,2.162804,48.796009
2021-1324028,2021-02-10,000001,Vente,2000000,17,,RUE DE LA PAROISSE,2190,78000,78646,Versailles,78,,,78646000AE0149,,,,,,,,,,,,,0,4,Local industriel. commercial ou assimilé,78,0,S,sols,,,495,2.12737,48.808183
2021-1324028,2021-02-10,000001,Vente,2000000,17,,RUE DE LA PAROISSE,2190,78000,78646,Versailles,78,,,78646000AE0149,,,,,,,,,,,,,0,2,Appartement,55,3,S,sols,,,495,2.12737,48.808183
2021-1324028,2021-02-10,000001,Vente,2000000,17,,RUE DE LA PAROISSE,2190,78000,78646,Versailles,78,,,78646000AE0149,,,,,,,,,,,,,0,2,Appartement,43,3,S,sols,,,495,2.12737,48.808183
2021-1324028,2021-02-10,000001,Vente,2000000,17,,RUE DE LA PAROISSE,2190,78000,78646,Versailles,78,,,78646000AE0149,,,,,,,,,,,,,0,4,Local industriel. commercial ou assimilé,50,0,S,sols,,,495,2.12737,48.808183
2021-1324028,2021-02-10,000001,Vente,2000000,17,,RUE DE LA PAROISSE,2190,78000,78646,Versailles,78,,,78646000AE0149,,,,,,,,,,,,,0,2,Appartement,103,4,S,sols,,,495,2.12737,48.808183
2021-1324028,2021-02-10,000001,Vente,2000000,17,,RUE DE LA PAROISSE,2190,78000,78646,Versailles,78,,,78646000AE0149,,,,,,,,,,,,,0,2,Appartement,48,3,S,sols,,,495,2.12737,48.808183
2021-1324028,2021-02-10,000001,Vente,2000000,17,,RUE DE LA PAROISSE,2190,78000,78646,Versailles,78,,,78646000AE0149,,,,,,,,,,,,,0,2,Appartement,35,2,S,sols,,,495,2.12737,48.808183
2021-1324028,2021-02-10,000001,Vente,2000000,17,,RUE DE LA PAROISSE,2190,78000,78646,Versailles,78,,,78646000AE0149,,,,,,,,,,,,,0,2,Appartement,79,3,S,sols,,,495,2.12737,48.808183
2021-1324028,2021-02-10,000001,Vente,2000000,17,,RUE DE LA PAROISSE,2190,78000,78646,Versailles,78,,,78646000AE0149,,,,,,,,,,,,,0,2,Appartement,43,3,S,sols,,,495,2.12737,48.808183
2021-1324028,2021-02-10,000001,Vente,2000000,17,,RUE DE LA PAROISSE,2190,78000,78646,Versailles,78,,,78646000AE0149,,,,,,,,,,,,,0,2,Appartement,44,3,S,sols,,,495,2.12737,48.808183
2021-1324031,2021-02-12,000001,Vente,683940,7,,AV DE L AMIRAL SERRE,0150,78000,78646,Versailles,78,,,78646000AL0138,,,490,,,,,,,,,,1,3,Dépendance,,0,,,,,,2.139473,48.817747
2021-1324031,2021-02-12,000001,Vente,683940,7,,AV DE L AMIRAL SERRE,0150,78000,78646,Versailles,78,,,78646000AL0138,,,205,107.38,,,,,,,,,1,2,Appartement,108,5,,,,,,2.139473,48.817747
2021-1324033,2021-02-09,000001,Vente,70000,58,,RUE DES CHANTIERS,0530,78000,78646,Versailles,78,,,78646000BL0327,,,202,,,,,,,,,,1,2,Appartement,15,1,,,,,,2.142467,48.792993
2021-1324040,2021-01-29,000001,Vente,567000,2,,ALL DES GARDES ROYALES,1136,78000,78646,Versailles,78,,,78646000AY0212,,,1303,,,,,,,,,,1,3,Dépendance,,0,,,,,,2.151214,48.802177
2021-1324040,2021-01-29,000001,Vente,567000,9,,ALL DES GARDES ROYALES,1136,78000,78646,Versailles,78,,,78646000AY0212,,,545,92.88,570,,,,,,,,2,2,Appartement,90,3,,,,,,2.151214,48.802177
2021-1324041,2021-02-15,000001,Vente,667500,82,,RUE ALBERT SARRAUT,0080,78000,78646,Versailles,78,,,78646000BL0397,,,2,87.1,5,,,,,,,,2,2,Appartement,87,4,,,,,,2.146921,48.792558
2021-1324042,2021-01-25,000001,Vente,85000,16,,RUE DE SATORY,2950,78000,78646,Versailles,78,,,78646000AH0083,,,23,13.26,,,,,,,,,1,3,Dépendance,,0,,,,,,2.124807,48.800699
2021-1324044,2021-02-04,000001,Vente,284000,27,,RUE JACQUES LEMERCIER,1420,78000,78646,Versailles,78,,,78646000AO0064,,,95,68.14,96,,,,,,,,2,2,Appartement,67,3,,,,,,2.148415,48.815728
2021-1324046,2021-02-11,000001,Vente,557200,28,,BD DU ROI,2641,78000,78646,Versailles,78,,,78646000AD0223,,,84,,,,,,,,,,1,3,Dépendance,,0,,,,,,2.128206,48.812739
2021-1324046,2021-02-11,000001,Vente,557200,28,,BD DU ROI,2641,78000,78646,Versailles,78,,,78646000AD0223,,,166,81.15,57,,,,,,,,2,2,Appartement,81,3,,,,,,2.128206,48.812739
2021-1324047,2021-01-27,000001,Vente,831000,30,,RUE PASTEUR,2210,78000,78646,Versailles,78,,,78646000AX0402,,,,,,,,,,,,,0,1,Maison,90,5,S,sols,,,97,2.146268,48.802344
2021-1324053,2021-02-12,000001,Vente,469639,139,,BD DE LA REINE,2520,78000,78646,Versailles,78,,,78646000AR0089,,,18,64.51,31,,,,,,,,2,2,Appartement,40,2,,,,,,2.141375,48.808686
2021-1324054,2021-02-11,000001,Vente,315000,40,,AV DE SAINT CLOUD,2730,78000,78646,Versailles,78,,,78646000AI0301,,,4,,,,,,,,,,1,2,Appartement,69,3,,,,,,2.134342,48.80461
2021-1324055,2021-02-15,000001,Vente,230000,13,,RUE JEAN DE LA BRUYERE,1560,78000,78646,Versailles,78,,,78646000AO0128,,,234,,,,,,,,,,1,3,Dépendance,,0,,,,,,2.145819,48.813432
2021-1324055,2021-02-15,000001,Vente,230000,13,,RUE JEAN DE LA BRUYERE,1560,78000,78646,Versailles,78,,,78646000AO0128,,,124,,143,,,,,,,,2,2,Appartement,32,1,,,,,,2.145819,48.813432
2021-1324060,2021-01-25,000001,Vente,315000,9,,RUE DE L ABBE ROUSSEAUX,0020,78000,78646,Versailles,78,,,78646000BS0058,,,1,44.02,,,,,,,,,1,2,Appartement,24,1,,,,,,2.136481,48.79619
2021-1324063,2021-02-15,000001,Vente,30000,13,,RUE D ANGIVILLER,0170,78000,78646,Versailles,78,,,78646000AD0474,,,51,,,,,,,,,,1,3,Dépendance,,0,,,,,,2.12839,48.810775
2021-1324069,2021-02-15,000001,Vente,698500,18,,RUE EMILE DESCHAMPS,0930,78000,78646,Versailles,78,,,78646000AW0116,,,13,,5,,,,,,,,2,2,Appartement,50,3,,,,,,2.150426,48.806547
2021-1324069,2021-02-15,000001,Vente,698500,18,,RUE EMILE DESCHAMPS,0930,78000,78646,Versailles,78,,,78646000AW0116,,,24,,,,,,,,,,1,3,Dépendance,,0,,,,,,2.150426,48.806547
2021-1324073,2021-02-05,000001,Vente,470000,2,,ALL DES GARDES ROYALES,1136,78000,78646,Versailles,78,,,78646000AY0212,,,1195,,,,,,,,,,1,3,Dépendance,,0,,,,,,2.151214,48.802177
2021-1324073,2021-02-05,000001,Vente,470000,12,,ALL DES GARDES ROYALES,1136,78000,78646,Versailles,78,,,78646000AY0212,,,393,71.74,418,,,,,,,,2,2,Appartement,70,3,,,,,,2.151214,48.802177
2021-1324082,2021-02-18,000001,Vente,305000,4,,ALL DES GARDES ROYALES,1136,78000,78646,Versailles,78,,,78646000AY0212,,,138,50.66,164,,,,,,,,2,2,Appartement,53,2,,,,,,2.151214,48.802177
2021-1324086,2021-02-01,000001,Vente,120000,43,,AV DES ETATS UNIS,0990,78000,78646,Versailles,78,,,78646000AS0098,,,101,16.1,,,,,,,,,1,3,Dépendance,,0,,,,,,2.148446,48.810098
2021-1324091,2021-02-16,000001,Vente,713550,3,,RUE DE PROVENCE,2460,78000,78646,Versailles,78,,,78646000AI0230,,,25,,28,,3,85.1,,,,,3,2,Appartement,86,5,,,,,,2.1393,48.806578
2021-1324093,2021-02-05,000001,Vente,595000,22,,AV DES ETATS UNIS,0990,78000,78646,Versailles,78,,,78646000AX0062,,,20,,41,86.47,,,,,,,2,2,Appartement,90,3,,,,,,2.143895,48.806645
2021-1324093,2021-02-05,000001,Vente,595000,22,,AV DES ETATS UNIS,0990,78000,78646,Versailles,78,,,78646000AX0062,,,5,,,,,,,,,,1,3,Dépendance,,0,,,,,,2.143895,48.806645
2021-1324094,2021-01-26,000001,Vente,78000,98,,AV DE PARIS,2180,78000,78646,Versailles,78,,,78646000BK0001,,,103,14.7,,,,,,,,,1,2,Appartement,104,5,,,,,,2.149414,48.797242
2021-1324095,2021-01-27,000001,Vente,30000,108,,BD DE LA REINE,2520,78000,78646,Versailles,78,,,78646000AX0037,,,207,,,,,,,,,,1,3,Dépendance,,0,,,,,,2.142871,48.807658
2021-1324096,2021-02-15,000001,Vente,625000,17,,RUE ABEL LAUVRAY,0030,78000,78646,Versailles,78,,,78646000AZ0358,,,,,,,,,,,,,0,1,Maison,95,6,S,sols,,,192,2.158473,48.803324
2021-1324113,2021-01-29,000001,Vente,230000,8,,AV DU GEN DE GAULLE,1143,78000,78646,Versailles,78,,,78646000AH0225,,,110,,48,60.18,,,,,,,2,2,Appartement,67,3,,,,,,2.128298,48.801276
2021-1324113,2021-01-29,000001,Vente,230000,8,,AV DU GEN DE GAULLE,1143,78000,78646,Versailles,78,,,78646000AH0225,,,168,,,,,,,,,,1,3,Dépendance,,0,,,,,,2.128298,48.801276
2021-1324114,2021-02-19,000001,Vente,374050,69,,RUE DES CHANTIERS,0530,78000,78646,Versailles,78,,,78646000BL0280,,,162,,3,57.47,,,,,,,2,2,Appartement,57,2,,,,,,2.143596,48.793559
2021-1324116,2021-02-10,000001,Vente,375000,63,,AV DU MAL DOUGLAS HAIG,1795,78000,78646,Versailles,78,,,78646000AM0191,,,32,,69,71.21,,,,,,,2,2,Appartement,73,3,,,,,,2.14415,48.823322
2021-1324116,2021-02-10,000001,Vente,375000,63,,AV DU MAL DOUGLAS HAIG,1795,78000,78646,Versailles,78,,,78646000AM0191,,,8,,,,,,,,,,1,3,Dépendance,,0,,,,,,2.14415,48.823322
2021-1324117,2021-02-19,000001,Vente,770000,9,,RUE NEUVE NOTRE DAME,2040,78000,78646,Versailles,78,,,78646000AE0010,,,41,83.54,,,,,,,,,1,2,Appartement,88,3,,,,,,2.126961,48.809017
2021-1324120,2021-01-29,000001,Vente,468000,66,,RUE CHAMP LAGARDE,0490,78000,78646,Versailles,78,,,78646000AY0094,,,4,80.83,,,,,,,,,1,2,Appartement,80,3,,,,,,2.15016,48.8017
2021-1324120,2021-01-29,000001,Vente,468000,66,,RUE CHAMP LAGARDE,0490,78000,78646,Versailles,78,,,78646000AY0094,,,11,,,,,,,,,,1,3,Dépendance,,0,,,,,,2.15016,48.8017
2021-1324121,2021-02-11,000001,Vente,302000,14,,RUE BENJAMIN FRANKLIN,0340,78000,78646,Versailles,78,,,78646000BR0112,,,8,49.09,,,,,,,,,1,2,Appartement,48,3,,,,,,2.136084,48.79827
2021-1324123,2021-02-11,000001,Vente,825750,1,,RUE DE SATORY,2950,78000,78646,Versailles,78,,,78646000AH0153,,,3,110.63,,,,,,,,,1,2,Appartement,115,5,,,,,,2.125536,48.801032
2021-1324126,2021-02-25,000001,Vente,28500,64,,RUE DES CHANTIERS,0530,78000,78646,Versailles,78,,,78646000BL0326,,,329,,,,,,,,,,1,3,Dépendance,,0,,,,,,2.143523,48.792624
2021-1324131,2021-02-08,000001,Vente,410000,1,,AV DES ETATS UNIS,0990,78000,78646,Versailles,78,,,78646000AX0025,,,4,65.5,52,,,,,,,,2,2,Appartement,77,2,,,,,,2.141563,48.806353
2021-1324137,2021-02-01,000001,Vente,300000,7,,RUE DES DEUX PORTES,0780,78000,78646,Versailles,78,,,78646000AE0260,,,27,,28,,29,,5,83.92,63,,5,4,Local industriel. commercial ou assimilé,90,0,,,,,,2.130361,48.805999
2021-1324139,2021-01-29,000001,Vente,318350,94,,AV DE PARIS,2180,78000,78646,Versailles,78,,,78646000BN0051,,,152,,,,,,,,,,1,3,Dépendance,,0,,,,,,2.148182,48.797645
2021-1324139,2021-01-29,000001,Vente,318350,94,,AV DE PARIS,2180,78000,78646,Versailles,78,,,78646000BN0051,,,10,62.05,,,,,,,,,1,2,Appartement,61,1,,,,,,2.148182,48.797645
2021-1324145,2021-02-12,000001,Vente,772000,18,,RUE MADEMOISELLE,1740,78000,78646,Versailles,78,,,78646000AD0152,,,27,,68,,,,,,,,2,2,Appartement,96,4,,,,,,2.129657,48.811122
2021-1324145,2021-02-12,000001,Vente,772000,18,,RUE MADEMOISELLE,1740,78000,78646,Versailles,78,,,78646000AD0152,,,55,,,,,,,,,,1,3,Dépendance,,0,,,,,,2.129657,48.811122
2021-1324147,2021-02-12,000001,Vente,750797,139,,BD DE LA REINE,2520,78000,78646,Versailles,78,,,78646000AR0089,,,110,,,,,,,,,,1,3,Dépendance,,0,,,,,,2.141375,48.808686
2021-1324147,2021-02-12,000001,Vente,750797,139,,BD DE LA REINE,2520,78000,78646,Versailles,78,,,78646000AR0089,,,21,95.11,47,,,,,,,,2,2,Appartement,95,4,,,,,,2.141375,48.808686
2021-1324148,2021-02-25,000001,Vente,345000,56,,BD DE LA REPUBLIQUE,2570,78000,78646,Versailles,78,,,78646000AX0481,,,39,,5,58.8,,,,,,,2,2,Appartement,60,2,,,,,,2.151437,48.805166
2021-1324148,2021-02-25,000001,Vente,345000,56,,BD DE LA REPUBLIQUE,2570,78000,78646,Versailles,78,,,78646000AX0481,,,75,,,,,,,,,,1,3,Dépendance,,0,,,,,,2.151437,48.805166
2021-1324154,2021-02-10,000001,Vente,594500,75,,AV FOURCAULT DE PAVANT,1090,78000,78646,Versailles,78,,,78646000AM0209,,,1,84.86,,,,,,,,,1,1,Maison,90,4,,,,,,2.144298,48.822451
2021-1324155,2021-02-15,000001,Vente,341497,54,B,RUE REMONT,2560,78000,78646,Versailles,78,,,78646000BE0156,,,3,56.64,,,,,,,,,1,2,Appartement,63,2,,,,,,2.159208,48.794711
2021-1324155,2021-02-15,000001,Vente,341497,54,T,RUE REMONT,2560,78000,78646,Versailles,78,,,78646000BE0418,,,,,,,,,,,,,0,,,,,S,sols,,,77,2.159137,48.794672
2021-1324162,2021-02-05,000001,Vente,310100,8,,RUE LOUIS HAUSSMANN,1679,78000,78646,Versailles,78,,,78646000AS0036,,,123,,179,41.05,,,,,,,2,2,Appartement,41,2,,,,,,2.147113,48.809569
2021-1324163,2021-01-28,000001,Vente,250000,29,,RUE SAINTE VICTOIRE,2920,78000,78646,Versailles,78,,,78646000AD0256,,,5,51.78,,,,,,,,,1,2,Appartement,53,3,,,,,,2.131916,48.812444
2021-1324164,2021-02-12,000001,Vente,551900,15,,RUE DE MONTREUIL,2000,78000,78646,Versailles,78,,,78646000AX0286,,,8,70.89,,,,,,,,,1,2,Appartement,62,3,,,,,,2.143361,48.805601
2021-1324166,2021-02-19,000001,Vente,715289,28,,BD DU ROI,2641,78000,78646,Versailles,78,,,78646000AD0223,,,167,95.71,17,,,,,,,,2,2,Appartement,95,3,,,,,,2.128206,48.812739
2021-1324166,2021-02-19,000001,Vente,715289,28,,BD DU ROI,2641,78000,78646,Versailles,78,,,78646000AD0223,,,117,,,,,,,,,,1,3,Dépendance,,0,,,,,,2.128206,48.812739
2021-1324171,2021-02-19,000001,Vente,310000,82,,AV DES ETATS UNIS,0990,78000,78646,Versailles,78,,,78646000AV0251,,,43,61.25,44,,,,,,,,2,2,Appartement,60,3,,,,,,2.149207,48.809669
2021-1324173,2021-02-17,000001,Vente,215000,12,,RUE YVES LE COZ,3210,78000,78646,Versailles,78,,,78646000BD0033,,,,,,,,,,,,,0,1,Maison,53,3,S,sols,,,128,2.160369,48.797788
2021-1324176,2021-02-26,000001,Vente en l'état futur d'achèvement,674000,9,,RUE VAUBAN,3110,78000,78646,Versailles,78,,,78646000AY0310,,,992,,,,,,,,,,1,3,Dépendance,,0,,,,,,2.15313,48.799852
2021-1324176,2021-02-26,000001,Vente en l'état futur d'achèvement,674000,9,,RUE VAUBAN,3110,78000,78646,Versailles,78,,,78646000AY0310,,,104,,,,,,,,,,1,2,Appartement,79,4,,,,,,2.15313,48.799852
2021-1324177,2021-02-01,000001,Vente,298760,40,,RUE FRANCOIS BOUCHER,1120,78000,78646,Versailles,78,,,78646000AZ0134,,,,,,,,,,,,,0,2,Appartement,29,2,S,sols,,,164,2.160897,48.805509
2021-1324177,2021-02-01,000001,Vente,298760,40,,RUE FRANCOIS BOUCHER,1120,78000,78646,Versailles,78,,,78646000AZ0134,,,,,,,,,,,,,0,3,Dépendance,,0,S,sols,,,164,2.160897,48.805509
2021-1324177,2021-02-01,000001,Vente,298760,40,,RUE FRANCOIS BOUCHER,1120,78000,78646,Versailles,78,,,78646000AZ0134,,,,,,,,,,,,,0,2,Appartement,34,2,S,sols,,,164,2.160897,48.805509
2021-1324188,2021-02-17,000001,Vente,89300,108,,BD DE LA REINE,2520,78000,78646,Versailles,78,,,78646000AX0037,,,141,,,,,,,,,,1,2,Appartement,11,1,,,,,,2.142871,48.807658
2021-1324191,2021-03-02,000001,Vente,988800,45,,RUE CARNOT,0440,78000,78646,Versailles,78,,,78646000AE0279,,,124,,,,,,,,,,1,3,Dépendance,,0,,,,,,2.130718,48.805625
2021-1324191,2021-03-02,000001,Vente,988800,45,,RUE CARNOT,0440,78000,78646,Versailles,78,,,78646000AE0279,,,19,,33,113.14,42,,43,,,,4,2,Appartement,105,4,,,,,,2.130718,48.805625
2021-1324192,2021-02-23,000001,Vente,654000,8,,AV DE SCEAUX,2980,78000,78646,Versailles,78,,,78646000AH0226,,,4,77.94,440,,,,,,,,2,2,Appartement,79,3,,,,,,2.126268,48.79975
2021-1324193,2021-02-09,000001,Vente,1590000,30,,RUE DU MAL FOCH,1810,78000,78646,Versailles,78,,,78646000AI0325,,,8,,,,,,,,,,1,3,Dépendance,,0,,,,,,2.133452,48.80854
2021-1324193,2021-02-09,000001,Vente,1590000,30,,RUE DU MAL FOCH,1810,78000,78646,Versailles,78,,,78646000AI0325,,,5,,,,,,,,,,1,2,Appartement,149,5,,,,,,2.133452,48.80854
2021-1324196,2021-02-24,000001,Vente,200000,15,,RUE BENJAMIN FRANKLIN,0340,78000,78646,Versailles,78,,,78646000BS0035,,,32,24.14,,,,,,,,,1,2,Appartement,22,1,,,,,,2.136519,48.797884
2021-1324196,2021-02-24,000001,Vente,200000,15,,RUE BENJAMIN FRANKLIN,0340,78000,78646,Versailles,78,,,78646000BS0035,,,149,,,,,,,,,,1,3,Dépendance,,0,,,,,,2.136519,48.797884
2021-1324199,2021-02-26,000001,Vente,561500,5,,RUE DE L ECOLE DES POSTES,0850,78000,78646,Versailles,78,,,78646000AZ0110,,,3232,,,,,,,,,,1,3,Dépendance,,0,,,,,,2.158672,48.8041
2021-1324199,2021-02-26,000001,Vente,561500,2,,PL ROBERT DENIS,2625,78000,78646,Versailles,78,,,78646000AZ0110,,,1592,,1654,116.75,,,,,,,2,2,Appartement,119,5,,,,,,2.158672,48.8041
2021-1324200,2021-02-24,000001,Vente,11500,12,,AV DE PORCHEFONTAINE,2380,78000,78646,Versailles,78,,,78646000BK0021,,,1764,,,,,,,,,,1,3,Dépendance,,0,,,,,,2.152071,48.797176
2021-1324201,2021-02-23,000001,Vente,186894.16,12,,RUE DU PEINTRE LEBRUN,2220,78000,78646,Versailles,78,,,78646000AE0348,,,21,22.96,,,,,,,,,1,2,Appartement,25,2,,,,,,2.124707,48.805509
2021-1324202,2021-02-19,000001,Vente,500000,27,,RUE SAINTE VICTOIRE,2920,78000,78646,Versailles,78,,,78646000AD0257,,,16,68,,,,,,,,,1,2,Appartement,66,3,,,,,,2.131886,48.812336
2021-1324207,2021-02-17,000001,Vente,518240,19,,RUE NEUVE NOTRE DAME,2040,78000,78646,Versailles,78,,,78646000AE0024,,,12,63.67,,,,,,,,,1,2,Appartement,54,3,,,,,,2.128511,48.808817
2021-1324215,2021-02-25,000001,Vente,505167.03,9,,PL ALEXANDRE 1E LOUIS BARTHOU,0100,78000,78646,Versailles,78,,,78646000AX0489,,,125,,274,69.49,,,,,,,2,2,Appartement,70,3,,,,,,2.140761,48.806449
2021-1324215,2021-02-25,000001,Vente,505167.03,9,,PL ALEXANDRE 1E LOUIS BARTHOU,0100,78000,78646,Versailles,78,,,78646000AX0489,,,203,,,,,,,,,,1,3,Dépendance,,0,,,,,,2.140761,48.806449
2021-1324216,2021-02-23,000001,Vente,365000,62,,RUE DES CHANTIERS,0530,78000,78646,Versailles,78,,,78646000BL0327,,,131,,292,,,,,,,,2,2,Appartement,72,3,,,,,,2.142467,48.792993
2021-1324220,2021-02-26,000001,Vente,715000,22,,RUE DE LA CHANCELLERIE,0500,78000,78646,Versailles,78,,,78646000AH0068,,,124,92.44,,,,,,,,,1,2,Appartement,90,3,,,,,,2.124175,48.801779
2021-1324222,2021-02-24,000001,Vente,440200,2,,RUE DE VERGENNES,3150,78000,78646,Versailles,78,,,78646000BR0095,,,13,61.24,42,,,,,,,,2,2,Appartement,72,2,,,,,,2.137555,48.799509
2021-1324222,2021-02-24,000001,Vente,440200,2,,RUE DE VERGENNES,3150,78000,78646,Versailles,78,,,78646000BR0095,,,61,10,,,,,,,,,1,3,Dépendance,,0,,,,,,2.137555,48.799509
2021-1324232,2021-02-19,000001,Vente,488400,24,,RUE JACQUES LEMERCIER,1420,78000,78646,Versailles,78,,,78646000AO0020,,,25,,57,,,,,,,,2,2,Appartement,93,4,,,,,,2.150001,48.814605
2021-1324232,2021-02-19,000001,Vente,488400,24,,RUE JACQUES LEMERCIER,1420,78000,78646,Versailles,78,,,78646000AO0020,,,206,,,,,,,,,,1,3,Dépendance,,0,,,,,,2.150001,48.814605
2021-1324233,2021-03-04,000001,Vente,525545,14,,AV DE PARIS,2180,78000,78646,Versailles,78,,,78646000BR0028,,,8,,,,,,,,,,1,2,Appartement,60,3,,,,,,2.132587,48.800878
2021-1324248,2021-02-11,000001,Vente,40000,155,,BD DE LA REINE,2520,78000,78646,Versailles,78,,,78646000AR0073,,,15,,,,,,,,,,1,2,Appartement,70,3,,,,,,2.145056,48.808479
2021-1324248,2021-02-11,000001,Vente,40000,155,,BD DE LA REINE,2520,78000,78646,Versailles,78,,,78646000AR0073,,,15,,,,,,,,,,1,3,Dépendance,,0,,,,,,2.145056,48.808479
2021-1324249,2021-02-16,000001,Vente,246300,17,,RUE DES TOURNELLES,3050,78000,78646,Versailles,78,,,78646000BT0016,,,15,,24,,5,38.9,,,,,3,2,Appartement,35,2,,,,,,2.127929,48.79804
2021-1324254,2021-02-25,000001,Vente,502440,75,,RUE ROYALE,2648,78000,78646,Versailles,78,,,78646000BT0126,,,20,,,,,,,,,,1,3,Dépendance,,0,,,,,,2.125954,48.795874
2021-1324254,2021-02-25,000001,Vente,502440,75,,RUE ROYALE,2648,78000,78646,Versailles,78,,,78646000BT0126,,,19,,,,,,,,,,1,3,Dépendance,,0,,,,,,2.125954,48.795874
2021-1324254,2021-02-25,000001,Vente,502440,75,,RUE ROYALE,2648,78000,78646,Versailles,78,,,78646000BT0126,,,14,,15,,18,,38,,,,4,2,Appartement,71,4,,,,,,2.125954,48.795874
2021-1324260,2021-02-08,000001,Vente,220000,20,,RUE DES TOURNELLES,3050,78000,78646,Versailles,78,,,78646000BT0025,,,15,33.37,,,,,,,,,1,3,Dépendance,,0,,,,,,2.12771,48.797665
2021-1324260,2021-02-08,000001,Vente,220000,20,,RUE DES TOURNELLES,3050,78000,78646,Versailles,78,,,78646000BT0025,,,16,,,,,,,,,,1,3,Dépendance,,0,,,,,,2.12771,48.797665
2021-1324268,2021-02-16,000001,Vente,500,2,,RUE DE NOAILLES,2050,78000,78646,Versailles,78,,,78646000BR0061,,,43,31.94,,,,,,,,,1,2,Appartement,146,7,,,,,,2.135722,48.80008
2021-1324297,2021-03-03,000001,Vente,282865,86,,AV DE PARIS,2180,78000,78646,Versailles,78,,,78646000BN0166,,,190,54.2,225,,,,,,,,2,2,Appartement,54,2,,,,,,2.145036,48.797427
2021-1324297,2021-03-03,000001,Vente,282865,82,B,AV DE PARIS,2180,78000,78646,Versailles,78,,,78646000BN0166,,,954,,,,,,,,,,1,3,Dépendance,,0,,,,,,2.145036,48.797427
2021-1324299,2021-03-03,000001,Vente,28000,11,,BD ST ANTOINE,2690,78000,78646,Versailles,78,,,78646000AC0089,,,11,,,,,,,,,,1,3,Dépendance,,0,,,,,,2.127095,48.815492
2021-1324300,2021-03-02,000001,Vente,560000,43,,RUE DE LA PAROISSE,2190,78000,78646,Versailles,78,,,78646000AE0113,,,14,,38,60.89,54,,,,,,3,2,Appartement,58,3,,,,,,2.130035,48.807414
2021-1324302,2021-03-02,000001,Vente,210000,64,,RUE DES CHANTIERS,0530,78000,78646,Versailles,78,,,78646000BL0326,,,26,32.73,530,,,,,,,,2,2,Appartement,33,1,,,,,,2.143523,48.792624
2021-1324303,2021-03-02,000001,Vente,435622,8,,RUE DES TOURNELLES,3050,78000,78646,Versailles,78,,,78646000BV0119,,,66,,,,,,,,,,1,3,Dépendance,,0,,,,,,2.126141,48.798137
2021-1324303,2021-03-02,000001,Vente,435622,8,,RUE DES TOURNELLES,3050,78000,78646,Versailles,78,,,78646000BV0119,,,65,,,,,,,,,,1,3,Dépendance,,0,,,,,,2.126141,48.798137
2021-1324303,2021-03-02,000001,Vente,435622,8,,RUE DES TOURNELLES,3050,78000,78646,Versailles,78,,,78646000BV0119,,,64,,,,,,,,,,1,2,Appartement,73,3,,,,,,2.126141,48.798137
2021-1324304,2021-03-02,000001,Vente,630000,54,,RUE DU MAL FOCH,1810,78000,78646,Versailles,78,,,78646000AK0140,,,39,87.65,49,,56,,,,,,3,2,Appartement,88,4,,,,,,2.135069,48.810931
2021-1324305,2021-03-02,000001,Vente,235100,20,,RUE LOUIS HAUSSMANN,1679,78000,78646,Versailles,78,,,78646000AS0030,,,52,,,,,,,,,,1,3,Dépendance,,0,,,,,,2.145806,48.81084
2021-1324305,2021-03-02,000001,Vente,235100,20,,RUE LOUIS HAUSSMANN,1679,78000,78646,Versailles,78,,,78646000AS0030,,,26,,3,33.6,,,,,,,2,2,Appartement,32,1,,,,,,2.145806,48.81084
2021-1324306,2021-03-02,000001,Vente,39000,82,B,AV DE PARIS,2180,78000,78646,Versailles,78,,,78646000BN0166,,,1286,,,,,,,,,,1,3,Dépendance,,0,,,,,,2.145036,48.797427
2021-1324306,2021-03-02,000001,Vente,39000,82,B,AV DE PARIS,2180,78000,78646,Versailles,78,,,78646000BN0166,,,1285,,,,,,,,,,1,3,Dépendance,,0,,,,,,2.145036,48.797427
2021-1324307,2021-03-02,000001,Vente,950000,18,,RUE DU MAL FOCH,1810,78000,78646,Versailles,78,,,78646000AI0209,,,12,,13,,19,,4,,,,4,2,Appartement,130,5,,,,,,2.132633,48.807249
2021-1324309,2021-02-26,000001,Vente,344497,4,,RUE EDOUARD CHARTON,0890,78000,78646,Versailles,78,,,78646000BT0163,,,33,45.53,,,,,,,,,1,2,Appartement,47,2,,,,,,2.130736,48.796221
2021-1324309,2021-02-26,000001,Vente,344497,4,,RUE EDOUARD CHARTON,0890,78000,78646,Versailles,78,,,78646000BT0163,,,30,,,,,,,,,,1,3,Dépendance,,0,,,,,,2.130736,48.796221
2021-1324310,2021-03-05,000001,Vente,235000,17,T,RUE DU PONT COLBERT,2370,78000,78646,Versailles,78,,,78646000BI0022,,,535,53.24,,,,,,,,,1,2,Appartement,54,3,,,,,,2.149624,48.789909
2021-1324312,2021-02-12,000001,Vente,1111350,26,,RUE MADEMOISELLE,1740,78000,78646,Versailles,78,,,78646000AD0235,,,10,,22,142,,,,,,,2,2,Appartement,135,5,,,,,,2.129771,48.812147
2021-1324312,2021-02-12,000001,Vente,1111350,26,,RUE MADEMOISELLE,1740,78000,78646,Versailles,78,,,78646000AD0235,,,35,,,,,,,,,,1,3,Dépendance,,0,,,,,,2.129771,48.812147
2021-1324312,2021-02-12,000001,Vente,1111350,26,,RUE MADEMOISELLE,1740,78000,78646,Versailles,78,,,78646000AD0235,,,34,,,,,,,,,,1,3,Dépendance,,0,,,,,,2.129771,48.812147
2021-1324313,2021-03-02,000001,Vente,482700,16,B,RUE CHAMP LAGARDE,0490,78000,78646,Versailles,78,,,78646000BO0066,,,14,66.6,,,,,,,,,1,2,Appartement,67,3,,,,,,2.1434,48.800438
2021-1324313,2021-03-02,000001,Vente,482700,16,B,RUE CHAMP LAGARDE,0490,78000,78646,Versailles,78,,,78646000BO0066,,,50,,,,,,,,,,1,3,Dépendance,,0,,,,,,2.1434,48.800438
2021-1324313,2021-03-02,000001,Vente,482700,16,B,RUE CHAMP LAGARDE,0490,78000,78646,Versailles,78,,,78646000BO0066,,,49,,,,,,,,,,1,3,Dépendance,,0,,,,,,2.1434,48.800438
2021-1324315,2021-02-19,000001,Vente,679000,13,,RUE JEAN DE LA BRUYERE,1560,78000,78646,Versailles,78,,,78646000AO0128,,,27,,4,,,,,,,,2,2,Appartement,104,5,,,,,,2.145819,48.813432
2021-1324315,2021-02-19,000001,Vente,679000,13,,RUE JEAN DE LA BRUYERE,1560,78000,78646,Versailles,78,,,78646000AO0128,,,204,,,,,,,,,,1,3,Dépendance,,0,,,,,,2.145819,48.813432
2021-1324319,2021-03-08,000001,Vente,140000,22,,RUE SAINT LOUIS,2810,78000,78646,Versailles,78,,,78646000BW0058,,,10,26.9,25,,,,,,,,2,2,Appartement,20,1,,,,,,2.125501,48.794864
2021-1324320,2021-03-10,000001,Vente,21000,10,,RUE DE L ERMITAGE,0940,78000,78646,Versailles,78,,,78646000AC0314,,,88,,,,,,,,,,1,3,Dépendance,,0,,,,,,2.123933,48.814609
2021-1324325,2021-03-05,000001,Vente,555000,13,,RUE JEAN DE LA BRUYERE,1560,78000,78646,Versailles,78,,,78646000AO0128,,,191,,,,,,,,,,1,3,Dépendance,,0,,,,,,2.145819,48.813432
2021-1324325,2021-03-05,000001,Vente,555000,13,,RUE JEAN DE LA BRUYERE,1560,78000,78646,Versailles,78,,,78646000AO0128,,,34,86.3,7,,,,,,,,2,2,Appartement,86,4,,,,,,2.145819,48.813432
2021-1324326,2021-02-17,000001,Vente,340000,86,,AV DE PARIS,2180,78000,78646,Versailles,78,,,78646000BN0166,,,170,,198,,,,,,,,2,2,Appartement,61,3,,,,,,2.145036,48.797427
2021-1324326,2021-02-17,000001,Vente,340000,82,B,AV DE PARIS,2180,78000,78646,Versailles,78,,,78646000BN0166,,,963,,,,,,,,,,1,3,Dépendance,,0,,,,,,2.145036,48.797427
2021-1324327,2021-03-04,000001,Vente,545000,115,,AV DE PARIS,2180,78000,78646,Versailles,78,,,78646000BC0062,,,55,,94,,,,,,,,2,2,Appartement,100,3,,,,,,2.157995,48.800801
2021-1324327,2021-03-04,000001,Vente,545000,115,,AV DE PARIS,2180,78000,78646,Versailles,78,,,78646000BC0062,,,280,,,,,,,,,,1,3,Dépendance,,0,,,,,,2.157995,48.800801
2021-1324328,2021-02-26,000001,Vente,850000,21,,RUE DU PEINTRE LEBRUN,2220,78000,78646,Versailles,78,,,78646000AE0177,,,25,,41,,,,,,,,2,2,Appartement,110,5,,,,,,2.124878,48.80734
2021-1324328,2021-02-26,000001,Vente,850000,21,,RUE DU PEINTRE LEBRUN,2220,78000,78646,Versailles,78,,,78646000AE0177,,,63,,,,,,,,,,1,3,Dépendance,,0,,,,,,2.124878,48.80734
2021-1324329,2021-02-25,000001,Vente,240000,3,,SQ DU PONT COLBERT,2375,78000,78646,Versailles,78,,,78646000BI0012,,,1,58.47,,,,,,,,,1,2,Appartement,60,3,,,,,,2.148665,48.788305
2021-1324331,2021-03-08,000001,Vente,367900,7,,RUE SAINT HONORE,2780,78000,78646,Versailles,78,,,78646000BV0207,,,11,,12,,,,,,,,2,2,Appartement,51,3,,,,,,2.125549,48.798264
2021-1324332,2021-03-04,000001,Vente,415200,136,B,AV DES ETATS UNIS,0990,78000,78646,Versailles,78,,,78646000AV0132,,,43,,,,,,,,,,1,3,Dépendance,,0,,,,,,2.15451,48.812449
2021-1324332,2021-03-04,000001,Vente,415200,138,,AV DES ETATS UNIS,0990,78000,78646,Versailles,78,,,78646000AV0132,,,12,59.17,17,,,,,,,,2,2,Appartement,59,3,,,,,,2.15451,48.812449
2021-1324334,2021-03-02,000001,Vente,280000,3,,AV DE PORCHEFONTAINE,2380,78000,78646,Versailles,78,,,78646000BD0157,,,117,57.72,72,,,,,,,,2,2,Appartement,58,2,,,,,,2.15451,48.797411
2021-1324336,2021-02-25,000001,Vente,800000,25,,RUE MONTEBELLO,1980,78000,78646,Versailles,78,,,78646000AK0018,,,106,,,,,,,,,,1,3,Dépendance,,0,,,,,,2.138525,48.812549
2021-1324336,2021-02-25,000001,Vente,800000,25,,RUE MONTEBELLO,1980,78000,78646,Versailles,78,,,78646000AK0018,,,137,117.28,34,,,,,,,,2,2,Appartement,126,4,,,,,,2.138525,48.812549
2021-1324344,2021-03-12,000001,Vente,750000,138,,RUE YVES LE COZ,3210,78000,78646,Versailles,78,,,78646000BL0312,,,,,,,,,,,,,0,1,Maison,100,4,S,sols,,,255,2.14833,48.790795
2021-1324347,2021-02-19,000001,Vente,432000,108,,BD DE LA REINE,2520,78000,78646,Versailles,78,,,78646000AX0037,,,262,,28,,,,,,,,2,2,Appartement,65,3,,,,,,2.142871,48.807658
2021-1324349,2021-02-26,000001,Vente,224000,2,B,RUE EDOUARD CHARTON,0890,78000,78646,Versailles,78,,,78646000BT0185,,,7,,,,,,,,,,1,2,Appartement,181,7,,,,,,2.130453,48.7963
2021-1324353,2021-03-05,000001,Vente,343000,17,T,RUE DU PONT COLBERT,2370,78000,78646,Versailles,78,,,78646000BI0022,,,448,76.03,,,,,,,,,1,2,Appartement,79,5,,,,,,2.149624,48.789909
2021-1324356,2021-03-12,000001,Vente,1040000,66,,AV DE PARIS,2180,78000,78646,Versailles,78,,,78646000BN0007,,,227,,,,,,,,,,1,3,Dépendance,,0,,,,,,2.138959,48.799201
2021-1324356,2021-03-12,000001,Vente,1040000,66,,AV DE PARIS,2180,78000,78646,Versailles,78,,,78646000BN0007,,,203,,214,97.19,,,,,,,2,2,Appartement,97,4,,,,,,2.138959,48.799201
2021-1324358,2021-03-03,000001,Vente,120000,3,,RUE LA QUINTINIE,2470,78000,78646,Versailles,78,,,78646000BV0008,,,38,17.28,,,,,,,,,1,2,Appartement,25,1,,,,,,2.120518,48.800311
2021-1324359,2021-03-05,000001,Vente,220000,12,,AV DE PORCHEFONTAINE,2380,78000,78646,Versailles,78,,,78646000BK0021,,,718,,749,,,,,,,,2,2,Appartement,37,1,,,,,,2.152071,48.797176
2021-1324359,2021-03-05,000001,Vente,220000,12,,AV DE PORCHEFONTAINE,2380,78000,78646,Versailles,78,,,78646000BK0021,,,1730,,,,,,,,,,1,3,Dépendance,,0,,,,,,2.152071,48.797176
2021-1324366,2021-03-10,000001,Vente,1,8,,RUE DU MARECHAL GALLIENI,1812,78000,78646,Versailles,78,,,78646000AC0197,,,157,,,,,,,,,,1,2,Appartement,90,4,,,,,,2.124334,48.810687
2021-1324371,2021-02-26,000001,Vente,239000,11,,RUE MONSEIGNEUR GIBIER,1950,78000,78646,Versailles,78,,,78646000BW0189,,,18,,9,23.16,,,,,,,2,2,Appartement,28,1,,,,,,2.122672,48.793832
2021-1324372,2021-03-09,000001,Vente,520000,2,,RUE ALEXIS DE TOCQUEVILLE,0128,78000,78646,Versailles,78,,,78646000BS0226,,,4029,,,,,,,,,,1,2,Appartement,58,3,,,,,,2.132076,48.794722
2021-1324372,2021-03-09,000001,Vente,520000,2,,RUE ALEXIS DE TOCQUEVILLE,0128,78000,78646,Versailles,78,,,78646000BS0226,,,4314,,,,,,,,,,1,3,Dépendance,,0,,,,,,2.132076,48.794722
2021-1324377,2021-03-15,000001,Vente,635000,18,,RUE MOLIERE,1940,78000,78646,Versailles,78,,,78646000BL0095,,,,,,,,,,,,,0,1,Maison,72,4,S,sols,,,370,2.147727,48.794395
2021-1324378,2021-02-17,000001,Vente,972000,2,,RUE DE NOAILLES,2050,78000,78646,Versailles,78,,,78646000BR0061,,,18,,26,,43,,,,,,3,2,Appartement,146,7,,,,,,2.135722,48.80008
2021-1324384,2021-03-04,000001,Vente,161200,18,,RUE DE MONTREUIL,2000,78000,78646,Versailles,78,,,78646000AX0327,,,31,18.13,41,,,,,,,,2,2,Appartement,18,1,,,,,,2.143845,48.804811
2021-1324387,2021-02-26,000001,Vente,150000,35,,RUE DE L ORANGERIE,2110,78000,78646,Versailles,78,,,78646000AH0125,,,140,,141,,150,21.83,,,,,3,2,Appartement,37,1,,,,,,2.124132,48.800032
2021-1324392,2021-03-04,000001,Vente,990000,6,,RUE ROYALE,2648,78000,78646,Versailles,78,,,78646000BV0088,,,44,143.14,52,,68,,9,,,,4,2,Appartement,140,5,,,,,,2.126821,48.798577
2021-1324394,2021-03-05,000001,Vente,350000,2,B,RUE JEAN HOUDON,1440,78000,78646,Versailles,78,,,78646000AI0023,,,39,48.07,,,,,,,,,1,4,Local industriel. commercial ou assimilé,48,0,,,,,,2.134025,48.802223
2021-1324395,2021-03-15,000001,Vente,582000,1,,AV DE LA TRANQUILLITE,3055,78000,78646,Versailles,78,,,78646000AZ0110,,,489,,723,116.12,,,,,,,2,2,Appartement,118,5,,,,,,2.158672,48.8041
2021-1324395,2021-03-15,000001,Vente,582000,5,,RUE DE L ECOLE DES POSTES,0850,78000,78646,Versailles,78,,,78646000AZ0110,,,599,,,,,,,,,,1,3,Dépendance,,0,,,,,,2.158672,48.8041
2021-1324397,2021-03-09,000001,Vente,755000,5,,RUE PIERRE BERTIN,2290,78000,78646,Versailles,78,,,78646000AX0036,,,34,,72,,,,,,,,2,2,Appartement,112,4,,,,,,2.14205,48.807319
2021-1324397,2021-03-09,000001,Vente,755000,5,,RUE PIERRE BERTIN,2290,78000,78646,Versailles,78,,,78646000AX0036,,,5,,,,,,,,,,1,3,Dépendance,,0,,,,,,2.14205,48.807319
2021-1324410,2021-03-16,000001,Vente,365000,11,,RUE DES MISSIONNAIRES,1920,78000,78646,Versailles,78,,,78646000AD0400,,,20,40,25,,3,,,,,,3,2,Appartement,41,2,,,,,,2.129512,48.813096
2021-1324416,2021-02-25,000001,Vente,1256600,1,B,RUE DE PROVENCE,2460,78000,78646,Versailles,78,,,78646000AI0231,,,3,145.38,6,,7,,,,,,3,2,Appartement,138,5,,,,,,2.139224,48.806341
2021-1324420,2021-02-19,000001,Vente,780000,98,,AV DE PARIS,2180,78000,78646,Versailles,78,,,78646000BK0001,,,318,,,,,,,,,,1,3,Dépendance,,0,,,,,,2.149414,48.797242
2021-1324420,2021-02-19,000001,Vente,780000,98,,AV DE PARIS,2180,78000,78646,Versailles,78,,,78646000BK0001,,,317,,,,,,,,,,1,3,Dépendance,,0,,,,,,2.149414,48.797242
2021-1324420,2021-02-19,000001,Vente,780000,98,,AV DE PARIS,2180,78000,78646,Versailles,78,,,78646000BK0001,,,153,,4,,,,,,,,2,2,Appartement,136,7,,,,,,2.149414,48.797242
2021-1324422,2021-03-16,000001,Vente,10000,72,,AV DE PARIS,2180,78000,78646,Versailles,78,,,78646000BN0029,,,63,,,,,,,,,,1,3,Dépendance,,0,,,,,,2.142516,48.798154
2021-1324423,2021-02-24,000001,Vente,349650,129,,BD DE LA REINE,2520,78000,78646,Versailles,78,,,78646000AK0187,,,12,40.05,45,,,,,,,,2,2,Appartement,41,2,,,,,,2.139834,48.808771
2021-1324424,2021-02-24,000001,Vente,220000,82,B,AV DE PARIS,2180,78000,78646,Versailles,78,,,78646000BN0166,,,937,,,,,,,,,,1,3,Dépendance,,0,,,,,,2.145036,48.797427
2021-1324424,2021-02-24,000001,Vente,220000,86,,AV DE PARIS,2180,78000,78646,Versailles,78,,,78646000BN0166,,,152,42.93,205,,,,,,,,2,2,Appartement,43,1,,,,,,2.145036,48.797427
2021-1324435,2021-02-24,000001,Vente,105000,39,,BD DU ROI,2641,78000,78646,Versailles,78,,,78646000AC0108,,,5,16.25,,,,,,,,,1,2,Appartement,16,1,,,,,,2.127742,48.814503
2021-1324444,2021-03-10,000001,Vente,558000,5,,RUE DU GENERAL LECLERC,1145,78000,78646,Versailles,78,,,78646000AH0137,,,18,,21,,6,72.14,,,,,3,2,Appartement,73,3,,,,,,2.125427,48.799662
2021-1324446,2021-03-10,000001,Vente,365000,18,,RUE DE LA CHANCELLERIE,0500,78000,78646,Versailles,78,,,78646000AH0066,,,24,50.27,39,,,,,,,,2,2,Appartement,44,3,,,,,,2.123865,48.801929
2021-1324456,2021-03-17,000001,Vente,271582,12,,RUE DU GENERAL PERSHING,1170,78000,78646,Versailles,78,,,78646000AS0059,,,130,54.73,,,,,,,,,1,2,Appartement,54,3,,,,,,2.151433,48.814069
2021-1324456,2021-03-17,000001,Vente,271582,12,,RUE DU GENERAL PERSHING,1170,78000,78646,Versailles,78,,,78646000AS0059,,,176,,,,,,,,,,1,3,Dépendance,,0,,,,,,2.151433,48.814069
2021-1324463,2021-03-12,000001,Vente,334000,41,,AV DE PARIS,2180,78000,78646,Versailles,78,,,78646000BP0138,,,82,,,,,,,,,,1,3,Dépendance,,0,,,,,,2.139184,48.800518
2021-1324463,2021-03-12,000001,Vente,334000,41,,AV DE PARIS,2180,78000,78646,Versailles,78,,,78646000BP0138,,,122,49.06,33,,,,,,,,2,2,Appartement,50,2,,,,,,2.139184,48.800518
2021-1324467,2021-03-22,000001,Vente,377000,24,,AV DE PARIS,2180,78000,78646,Versailles,78,,,78646000BR0055,,,54,,74,57,82,,,,,,3,2,Appartement,55,3,,,,,,2.134258,48.800525
2021-1324468,2021-03-08,000001,Vente,210000,6,,RUE RICHAUD,2610,78000,78646,Versailles,78,,,78646000AI0270,,,1,58.2,10,58.2,11,,6,,,,4,4,Local industriel. commercial ou assimilé,62,0,,,,,,2.133144,48.807419
2021-1324471,2021-03-15,000001,Vente,808850,12,,RUE DU PEINTRE LEBRUN,2220,78000,78646,Versailles,78,,,78646000AE0348,,,26,100.51,,,,,,,,,1,2,Appartement,101,5,,,,,,2.124707,48.805509
2021-1324473,2021-03-12,000001,Vente,576749.5,44,,RUE DE VERGENNES,3150,78000,78646,Versailles,78,,,78646000BS0051,,,104,77.03,135,,88,,,,,,3,2,Appartement,80,5,,,,,,2.137211,48.796708
2021-1324476,2021-03-16,000001,Vente,1193100,77,,BD DE LA REINE,2520,78000,78646,Versailles,78,,,78646000AD0096,,,12,12.15,,,,,,,,,1,3,Dépendance,,0,,,,,,2.13286,48.809358
2021-1324476,2021-03-16,000001,Vente,1193100,77,,BD DE LA REINE,2520,78000,78646,Versailles,78,,,78646000AD0096,,,11,115.38,14,,15,,16,,,,4,2,Appartement,110,4,,,,,,2.13286,48.809358
2021-1324477,2021-03-22,000001,Vente,304000,8,,IMP DES GENDARMES,1140,78000,78646,Versailles,78,,,78646000BR0006,,,23,,,,,,,,,,1,2,Appartement,32,3,,,,,,2.131117,48.80027
2021-1324477,2021-03-22,000001,Vente,304000,8,,IMP DES GENDARMES,1140,78000,78646,Versailles,78,,,78646000BR0006,,,25,,,,,,,,,,1,2,Appartement,69,5,,,,,,2.131117,48.80027
2021-1324478,2021-03-01,000001,Vente,431820,12,,RUE SAINT CHARLES,2710,78000,78646,Versailles,78,,,78646000AY0124,,,1,62.43,,,,,,,,,1,2,Appartement,70,3,,,,,,2.150137,48.80042
2021-1324480,2021-03-18,000001,Vente,30000,2,B,AV DE PARIS,2180,78000,78646,Versailles,78,,,78646000AH0225,,,5353,,,,,,,,,,1,3,Dépendance,,0,,,,,,2.128298,48.801276
2021-1324483,2021-03-05,000001,Vente,107000,64,,RUE DES CHANTIERS,0530,78000,78646,Versailles,78,,,78646000BL0326,,,181,13.81,458,,,,,,,,2,2,Appartement,14,1,,,,,,2.143523,48.792624
2021-1324484,2021-03-05,000001,Vente,274000,17,T,RUE DU PONT COLBERT,2370,78000,78646,Versailles,78,,,78646000BI0022,,,536,54.8,,,,,,,,,1,2,Appartement,55,3,,,,,,2.149624,48.789909
2021-1324500,2021-03-17,000001,Vente,297650,23,,RUE DES RECOLLETS,2500,78000,78646,Versailles,78,,,78646000AH0050,,,4,36.33,9,,,,,,,,2,2,Appartement,39,2,,,,,,2.121919,48.801452
2021-1324501,2021-03-25,000001,Vente,464500,5,,RUE DE L ECOLE DES POSTES,0850,78000,78646,Versailles,78,,,78646000AZ0110,,,3832,,,,,,,,,,1,3,Dépendance,,0,,,,,,2.158672,48.8041
2021-1324501,2021-03-25,000001,Vente,464500,18,,PROM MONA LISA,1965,78000,78646,Versailles,78,,,78646000AZ0110,,,1883,,1901,100.04,,,,,,,2,2,Appartement,101,4,,,,,,2.158672,48.8041
2021-1324503,2021-03-09,000001,Vente,301000,14,,RUE MENARD,1890,78000,78646,Versailles,78,,,78646000BR0018,,,3,39.46,,,,,,,,,1,2,Appartement,41,2,,,,,,2.131411,48.800099
2021-1324508,2021-03-23,000001,Vente,345000,12,,RUE DU GENERAL PERSHING,1170,78000,78646,Versailles,78,,,78646000AS0059,,,171,,,,,,,,,,1,3,Dépendance,,0,,,,,,2.151433,48.814069
2021-1324508,2021-03-23,000001,Vente,345000,12,,RUE DU GENERAL PERSHING,1170,78000,78646,Versailles,78,,,78646000AS0059,,,125,66.01,,,,,,,,,1,2,Appartement,65,4,,,,,,2.151433,48.814069
2021-1324513,2021-03-17,000001,Vente,130000,37,,BD DU ROI,2641,78000,78646,Versailles,78,,,78646000AC0316,,,2,,,,,,,,,,1,4,Local industriel. commercial ou assimilé,27,0,,,,,,2.127764,48.813963
2021-1324522,2021-03-19,000001,Vente,170288,37,,RUE YVES LE COZ,3210,78000,78646,Versailles,78,,,78646000BE0240,,,18,,47,35.33,48,,49,,50,,5,2,Appartement,37,3,,,,,,2.160351,48.797386
2021-1324525,2021-03-17,000001,Vente,356000,3,,RUE DE L ABBE ROUSSEAUX,0020,78000,78646,Versailles,78,,,78646000BS0056,,,14,61.1,7,,,,,,,,2,4,Local industriel. commercial ou assimilé,65,0,,,,,,2.136312,48.796463
2021-1324526,2021-03-22,000001,Vente,238000,3,,RUE LA QUINTINIE,2470,78000,78646,Versailles,78,,,78646000BV0008,,,30,,,,,,,,,,1,2,Appartement,25,1,,,,,,2.120518,48.800311
2021-1324526,2021-03-22,000001,Vente,238000,3,,RUE LA QUINTINIE,2470,78000,78646,Versailles,78,,,78646000BV0008,,,25,,31,50.82,,,,,,,2,2,Appartement,51,2,,,,,,2.120518,48.800311
2021-1324528,2021-03-18,000001,Vente,30100,1,,RUE RICHAUD,2610,78000,78646,Versailles,78,,,78646000AI0317,,,160,,,,,,,,,,1,3,Dépendance,,0,,,,,,2.133269,48.807902
2021-1324537,2021-03-19,000001,Vente,785000,6,,RUE DU MARECHAL GALLIENI,1812,78000,78646,Versailles,78,,,78646000AC0194,,,26,,44,,63,,64,,,,4,2,Appartement,119,5,,,,,,2.124471,48.810515
2021-1324539,2021-03-26,000001,Vente,1150000,135,,BD DE LA REINE,2520,78000,78646,Versailles,78,,,78646000AR0091,,,26,172.31,27,,28,,29,,,,4,2,Appartement,165,7,,,,,,2.140769,48.80865
2021-1324541,2021-03-24,000001,Vente,523000,5,,RUE DE L ECOLE DES POSTES,0850,78000,78646,Versailles,78,,,78646000AZ0110,,,3772,,,,,,,,,,1,3,Dépendance,,0,,,,,,2.158672,48.8041
2021-1324541,2021-03-24,000001,Vente,523000,7,,PROM VENEZIA,3135,78000,78646,Versailles,78,,,78646000AZ0110,,,2452,,2535,116.41,,,,,,,2,2,Appartement,118,5,,,,,,2.158672,48.8041
2021-1324542,2021-03-26,000001,Vente,174720,2,,RUE SAINTE SOPHIE,2890,78000,78646,Versailles,78,,,78646000AD0095,,,13,,2,20.22,50,,,,,,3,2,Appartement,21,1,,,,,,2.13257,48.809325
2021-1324543,2021-03-19,000001,Vente,274300,5,,RUE DE L ECOLE DES POSTES,0850,78000,78646,Versailles,78,,,78646000AZ0110,,,3697,,,,,,,,,,1,3,Dépendance,,0,,,,,,2.158672,48.8041
2021-1324543,2021-03-19,000001,Vente,274300,1,,PROM VENEZIA,3135,78000,78646,Versailles,78,,,78646000AZ0110,,,2198,,2241,50.77,,,,,,,2,2,Appartement,51,2,,,,,,2.158672,48.8041
2021-1324548,2021-03-04,000001,Vente en l'état futur d'achèvement,960000,17,,BD ST ANTOINE,2690,78000,78646,Versailles,78,,,78646000AC0055,,,44,,,,,,,,,,1,3,Dépendance,,0,,,,,,2.126221,48.815848
2021-1324548,2021-03-04,000001,Vente en l'état futur d'achèvement,960000,17,,BD ST ANTOINE,2690,78000,78646,Versailles,78,,,78646000AC0055,,,20,,,,,,,,,,1,3,Dépendance,,0,,,,,,2.126221,48.815848
2021-1324548,2021-03-04,000001,Vente en l'état futur d'achèvement,960000,17,,BD ST ANTOINE,2690,78000,78646,Versailles,78,,,78646000AC0055,,,20,,,,,,,,,,1,2,Appartement,108,4,,,,,,2.126221,48.815848
2021-1324548,2021-03-04,000001,Vente en l'état futur d'achèvement,960000,17,,BD ST ANTOINE,2690,78000,78646,Versailles,78,,,78646000AC0055,,,67,,,,,,,,,,1,3,Dépendance,,0,,,,,,2.126221,48.815848
2021-1324551,2021-03-24,000001,Vente,310000,41,,RUE SAINT CHARLES,2710,78000,78646,Versailles,78,,,78646000AX0374,,,34,,,,,,,,,,1,3,Dépendance,,0,,,,,,2.147664,48.803386
2021-1324551,2021-03-24,000001,Vente,310000,41,,RUE SAINT CHARLES,2710,78000,78646,Versailles,78,,,78646000AX0374,,,14,,52,48.8,,,,,,,2,2,Appartement,49,2,,,,,,2.147664,48.803386
2021-1324552,2021-03-10,000001,Echange,400000,18,,RUE DU GENERAL LECLERC,1145,78000,78646,Versailles,78,,,78646000BV0074,,,17,,19,,5,,,,,,3,2,Appartement,48,2,,,,,,2.126062,48.798894
2021-1324553,2021-03-10,000002,Echange,810000,1,,RUE DU MARCHE NEUF,1780,78000,78646,Versailles,78,,,78646000BV0115,,,61,,8,,9,,,,,,3,2,Appartement,85,3,,,,,,2.12583,48.797937
2021-1324553,2021-03-10,000002,Echange,810000,1,,RUE DU MARCHE NEUF,1780,78000,78646,Versailles,78,,,78646000BV0115,,,23,,,,,,,,,,1,3,Dépendance,,0,,,,,,2.12583,48.797937
2021-1324557,2021-03-29,000001,Vente,461538,4,,RUE DU MAL DE LATTRE DE TASSIG,1790,78000,78646,Versailles,78,,,78646000AL0070,,,15,,60,77.44,,,,,,,2,2,Appartement,80,4,,,,,,2.136576,48.814734
2021-1324559,2021-03-25,000001,Vente,460000,26,,PROM MONA LISA,1965,78000,78646,Versailles,78,,,78646000AZ0110,,,2106,100.94,,,,,,,,,1,2,Appartement,101,4,,,,,,2.158672,48.8041
2021-1324563,2021-03-17,000001,Vente,274000,3,,RUE DE SAVOIE,2970,78000,78646,Versailles,78,,,78646000AC0327,,,3,25.54,,,,,,,,,1,2,Appartement,26,1,,,,,,2.124953,48.811159
2021-1324563,2021-03-17,000001,Vente,274000,12,,RUE DU MARECHAL GALLIENI,1812,78000,78646,Versailles,78,,,78646000AC0328,,,23,,,,,,,,,,1,3,Dépendance,,0,,,,,,2.124428,48.811239
2021-1324564,2021-03-18,000001,Vente en l'état futur d'achèvement,341000,9,,RUE VAUBAN,3110,78000,78646,Versailles,78,,,78646000AY0310,,,227,,,,,,,,,,1,2,Appartement,38,2,,,,,,2.15313,48.799852
2021-1324564,2021-03-18,000001,Vente en l'état futur d'achèvement,341000,9,,RUE VAUBAN,3110,78000,78646,Versailles,78,,,78646000AY0310,,,916,,,,,,,,,,1,3,Dépendance,,0,,,,,,2.15313,48.799852
2021-1324565,2021-03-05,000001,Vente en l'état futur d'achèvement,1040000,9,,RUE VAUBAN,3110,78000,78646,Versailles,78,,,78646000AY0310,,,985,,,,,,,,,,1,,,,,,,,,,2.15313,48.799852
2021-1324565,2021-03-05,000001,Vente en l'état futur d'achèvement,1040000,9,,RUE VAUBAN,3110,78000,78646,Versailles,78,,,78646000AY0310,,,984,,,,,,,,,,1,,,,,,,,,,2.15313,48.799852
2021-1324565,2021-03-05,000001,Vente en l'état futur d'achèvement,1040000,9,,RUE VAUBAN,3110,78000,78646,Versailles,78,,,78646000AY0310,,,12,,,,,,,,,,1,,,,,,,,,,2.15313,48.799852
2021-1324566,2021-03-03,000001,Vente,300000,11,,RUE BAILLET REVIRON,0270,78000,78646,Versailles,78,,,78646000AE0041,,,6,49.68,,,,,,,,,1,2,Appartement,52,2,,,,,,2.131592,48.808549
2021-1324567,2021-03-17,000001,Vente,7500,1,,IMP NUNGESSER ET COLI,2090,78000,78646,Versailles,78,,,78646000BN0085,,,46,7.7,,,,,,,,,1,2,Appartement,35,2,,,,,,2.140783,48.796606
2021-1324569,2021-03-19,000001,Vente,285000,59,,AV DES ETATS UNIS,0990,78000,78646,Versailles,78,,,78646000AS0054,,,297,,,,,,,,,,1,3,Dépendance,,0,,,,,,2.152632,48.814149
2021-1324569,2021-03-19,000001,Vente,285000,59,,AV DES ETATS UNIS,0990,78000,78646,Versailles,78,,,78646000AS0054,,,156,67.26,,,,,,,,,1,2,Appartement,62,3,,,,,,2.152632,48.814149
2021-1324570,2021-03-16,000001,Vente,358491,64,,AV DE PARIS,2180,78000,78646,Versailles,78,,,78646000BN0007,,,12,44.8,,,,,,,,,1,3,Dépendance,,0,,,,,,2.138959,48.799201
2021-1324570,2021-03-16,000001,Vente,358491,64,,AV DE PARIS,2180,78000,78646,Versailles,78,,,78646000BN0007,,,12,44.8,,,,,,,,,1,2,Appartement,46,2,,,,,,2.138959,48.799201
2021-1324571,2021-03-29,000001,Vente,688700,27,,RUE DE VERGENNES,3150,78000,78646,Versailles,78,,,78646000BN0024,,,1,82.57,20,,43,,,,,,3,2,Appartement,95,4,,,,,,2.138069,48.798189
2021-1324574,2021-03-03,000001,Vente,15000,56,,BD DE LA REPUBLIQUE,2570,78000,78646,Versailles,78,,,78646000AX0481,,,80,,,,,,,,,,1,3,Dépendance,,0,,,,,,2.151437,48.805166
2021-1324579,2021-03-29,000001,Vente,1489290,15,,RUE MANSART,1770,78000,78646,Versailles,78,,,78646000AL0086,,,1,221.68,3,,,,,,,,2,2,Appartement,190,6,,,,,,2.138871,48.815078
2021-1324587,2021-03-22,000001,Vente,20000,14,B,RUE MONTBAURON,1970,78000,78646,Versailles,78,,,78646000BP0016,,,39,,,,,,,,,,1,3,Dépendance,,0,,,,,,2.135836,48.80397
2021-1324591,2021-03-26,000001,Vente,338512,5,,RUE EXELMANS,1020,78000,78646,Versailles,78,,,78646000AC0321,,,97,46,,,,,,,,,1,2,Appartement,45,3,,,,,,2.124532,48.813139
2021-1324592,2021-03-26,000001,Vente,804850,20,,RUE DE PROVENCE,2460,78000,78646,Versailles,78,,,78646000AX0442,,,302,,326,111.61,,,,,,,2,2,Appartement,111,5,,,,,,2.140987,48.807165
2021-1324592,2021-03-26,000001,Vente,804850,20,,RUE DE PROVENCE,2460,78000,78646,Versailles,78,,,78646000AX0442,,,42,,,,,,,,,,1,3,Dépendance,,0,,,,,,2.140987,48.807165
2021-1324593,2021-03-26,000001,Vente,1025000,53,,RUE DE LA PAROISSE,2190,78000,78646,Versailles,78,,,78646000AE0087,,,113,,12,,14,,6,111.4,,,4,4,Local industriel. commercial ou assimilé,30,0,,,,,,2.131058,48.807302
2021-1324593,2021-03-26,000001,Vente,1025000,53,,RUE DE LA PAROISSE,2190,78000,78646,Versailles,78,,,78646000AE0087,,,113,,12,,14,,6,111.4,,,4,2,Appartement,100,4,,,,,,2.131058,48.807302
2021-1324596,2021-03-30,000001,Vente,187000,88,,RUE REMONT,2560,78000,78646,Versailles,78,,,78646000BI0353,,,8,27.39,,,,,,,,,1,2,Appartement,30,2,,,,,,2.154902,48.790923
2021-1324598,2021-03-31,000001,Vente,150000,88,B,AV DE PARIS,2180,78000,78646,Versailles,78,,,78646000BN0048,,,104,21.18,,,,,,,,,1,2,Appartement,23,1,,,,,,2.146306,48.797577
2021-1324599,2021-03-31,000001,Vente,280000,11,,AV DE SAINT CLOUD,2730,78000,78646,Versailles,78,,,78646000AE0311,,,125,49.44,,,,,,,,,1,4,Local industriel. commercial ou assimilé,18,0,,,,,,2.128848,48.805199
2021-1324600,2021-03-29,000001,Vente,433000,58,,RUE SAINT CHARLES,2710,78000,78646,Versailles,78,,,78646000AY0276,,,48,,7,60.34,,,,,,,2,2,Appartement,63,3,,,,,,2.146746,48.804346
2021-1324602,2021-03-10,000001,Vente,950500,3,,RUE ANTOINE COYPEL,0200,78000,78646,Versailles,78,,,78646000BO0010,,,127,,,,,,,,,,1,3,Dépendance,,0,,,,,,2.142833,48.800054
2021-1324602,2021-03-10,000001,Vente,950500,3,,RUE ANTOINE COYPEL,0200,78000,78646,Versailles,78,,,78646000BO0010,,,136,,,,,,,,,,1,3,Dépendance,,0,,,,,,2.142833,48.800054
2021-1324602,2021-03-10,000001,Vente,950500,3,,RUE ANTOINE COYPEL,0200,78000,78646,Versailles,78,,,78646000BO0010,,,51,,73,,,,,,,,2,2,Appartement,38,2,,,,,,2.142833,48.800054
2021-1324602,2021-03-10,000001,Vente,950500,3,,RUE ANTOINE COYPEL,0200,78000,78646,Versailles,78,,,78646000BO0010,,,50,,74,,,,,,,,2,2,Appartement,58,2,,,,,,2.142833,48.800054
2021-1324608,2021-03-31,000001,Vente,502000,25,,RUE DU MAL FOCH,1810,78000,78646,Versailles,78,,,78646000AE0071,,,5,77.3,,,,,,,,,1,4,Local industriel. commercial ou assimilé,78,0,,,,,,2.132239,48.80751
2021-1324611,2021-03-29,000001,Vente,2559500,3,,RUE DE SAVOIE,2970,78000,78646,Versailles,78,,,78646000AC0327,,,2,262.54,,,,,,,,,1,1,Maison,305,10,,,,,,2.124953,48.811159
2021-1324611,2021-03-29,000001,Vente,2559500,12,,RUE DU MARECHAL GALLIENI,1812,78000,78646,Versailles,78,,,78646000AC0328,,,21,,,,,,,,,,1,3,Dépendance,,0,,,,,,2.124428,48.811239
2021-1324611,2021-03-29,000001,Vente,2559500,12,,RUE DU MARECHAL GALLIENI,1812,78000,78646,Versailles,78,,,78646000AC0328,,,22,,,,,,,,,,1,3,Dépendance,,0,,,,,,2.124428,48.811239
2021-1324611,2021-03-29,000001,Vente,2559500,12,,RUE DU MARECHAL GALLIENI,1812,78000,78646,Versailles,78,,,78646000AC0328,,,19,,,,,,,,,,1,3,Dépendance,,0,,,,,,2.124428,48.811239
2021-1324612,2021-03-11,000001,Vente,345000,19,,RUE JOUVENCEL,1520,78000,78646,Versailles,78,,,78646000AI0032,,,11,,22,,38,43.6,,,,,3,2,Appartement,50,3,,,,,,2.134069,48.803101
2021-1324614,2021-03-26,000001,Vente,70000,19,,RUE CHAMP LAGARDE,0490,78000,78646,Versailles,78,,,78646000AX0408,,,11,,,,,,,,,,1,3,Dépendance,,0,,,,,,2.147179,48.80175
2021-1324614,2021-03-26,000001,Vente,70000,16,,RUE PASTEUR,2210,78000,78646,Versailles,78,,,78646000AX0408,,,1,26.23,2,,7,,,,,,3,2,Appartement,27,2,,,,,,2.147179,48.80175
2021-1324614,2021-03-26,000001,Vente,70000,19,,RUE CHAMP LAGARDE,0490,78000,78646,Versailles,78,,,78646000AX0408,,,10,,,,,,,,,,1,3,Dépendance,,0,,,,,,2.147179,48.80175
2021-1324616,2021-03-26,000001,Vente,862067,5,,RUE DE L ECOLE DES POSTES,0850,78000,78646,Versailles,78,,,78646000AZ0110,,,3859,,,,,,,,,,1,3,Dépendance,,0,,,,,,2.158672,48.8041
2021-1324616,2021-03-26,000001,Vente,862067,32,,PROM MONA LISA,1965,78000,78646,Versailles,78,,,78646000AZ0110,,,2136,,3994,161.8,,,,,,,2,2,Appartement,161,6,,,,,,2.158672,48.8041
2021-1324617,2021-03-23,000001,Vente,392000,7,B,RUE L ABBE DE L EPEE,0010,78000,78646,Versailles,78,,,78646000AI0321,,,8,48.92,,,,,,,,,1,2,Appartement,50,2,,,,,,2.135671,48.806392
2021-1324617,2021-03-23,000001,Vente,392000,7,B,RUE L ABBE DE L EPEE,0010,78000,78646,Versailles,78,,,78646000AI0321,,,21,,,,,,,,,,1,3,Dépendance,,0,,,,,,2.135671,48.806392
2021-1324618,2021-04-01,000001,Vente,1593000,13,,RUE DE L ORIENT,2130,78000,78646,Versailles,78,,,78646000BT0105,,,5,22.03,,,,,,,,,1,2,Appartement,22,1,,,,,,2.127036,48.796284
2021-1324618,2021-04-01,000001,Vente,1593000,13,,RUE DE L ORIENT,2130,78000,78646,Versailles,78,,,78646000BT0105,,,2,20.35,,,,,,,,,1,2,Appartement,21,1,,,,,,2.127036,48.796284
2021-1324618,2021-04-01,000001,Vente,1593000,13,,RUE DE L ORIENT,2130,78000,78646,Versailles,78,,,78646000BT0105,,,1,18.74,,,,,,,,,1,2,Appartement,20,1,,,,,,2.127036,48.796284
2021-1324618,2021-04-01,000001,Vente,1593000,13,,RUE DE L ORIENT,2130,78000,78646,Versailles,78,,,78646000BT0105,,,4,27.02,,,,,,,,,1,2,Appartement,29,2,,,,,,2.127036,48.796284
2021-1324618,2021-04-01,000001,Vente,1593000,13,,RUE DE L ORIENT,2130,78000,78646,Versailles,78,,,78646000BT0105,,,7,26.13,,,,,,,,,1,2,Appartement,26,2,,,,,,2.127036,48.796284
2021-1324618,2021-04-01,000001,Vente,1593000,13,,RUE DE L ORIENT,2130,78000,78646,Versailles,78,,,78646000BT0105,,,3,20,,,,,,,,,1,4,Local industriel. commercial ou assimilé,20,0,,,,,,2.127036,48.796284
2021-1324618,2021-04-01,000001,Vente,1593000,13,,RUE DE L ORIENT,2130,78000,78646,Versailles,78,,,78646000BT0105,,,11,20.5,,,,,,,,,1,2,Appartement,20,1,,,,,,2.127036,48.796284
2021-1324618,2021-04-01,000001,Vente,1593000,13,,RUE DE L ORIENT,2130,78000,78646,Versailles,78,,,78646000BT0105,,,12,29,,,,,,,,,1,2,Appartement,27,2,,,,,,2.127036,48.796284
2021-1324618,2021-04-01,000001,Vente,1593000,13,,RUE DE L ORIENT,2130,78000,78646,Versailles,78,,,78646000BT0105,,,6,26.03,,,,,,,,,1,2,Appartement,26,2,,,,,,2.127036,48.796284
2021-1324618,2021-04-01,000001,Vente,1593000,13,,RUE DE L ORIENT,2130,78000,78646,Versailles,78,,,78646000BT0105,,,9,26.9,,,,,,,,,1,2,Appartement,27,2,,,,,,2.127036,48.796284
2021-1324618,2021-04-01,000001,Vente,1593000,13,,RUE DE L ORIENT,2130,78000,78646,Versailles,78,,,78646000BT0105,,,8,21.9,,,,,,,,,1,2,Appartement,21,1,,,,,,2.127036,48.796284
2021-1324618,2021-04-01,000001,Vente,1593000,13,,RUE DE L ORIENT,2130,78000,78646,Versailles,78,,,78646000BT0105,,,10,28.02,,,,,,,,,1,2,Appartement,26,2,,,,,,2.127036,48.796284
2021-1324619,2021-03-17,000001,Vente,55000,8,,RUE CARNOT,0440,78000,78646,Versailles,78,,,78646000AE0360,,,9,11.67,,,,,,,,,1,2,Appartement,12,1,,,,,,2.125238,48.806573
2021-1324626,2021-03-19,000001,Vente,244000,43,,RUE ALBERT JOLY,0050,78000,78646,Versailles,78,,,78646000AR0021,,,10,,18,,9,,,,,,3,2,Appartement,48,2,,,,,,2.142522,48.8101
2021-1324627,2021-03-31,000001,Vente,420000,58,,RUE DU MAL FOCH,1810,78000,78646,Versailles,78,,,78646000AK0127,,,2,,,,,,,,,,1,2,Appartement,66,3,,,,,,2.135211,48.81139
2021-1324632,2021-03-31,000001,Vente,491950,18,,RUE PHILIPPE DE DANGEAU,2255,78000,78646,Versailles,78,,,78646000AI0031,,,10,,11,,31,,41,,,,4,2,Appartement,155,4,,,,,,2.134102,48.803212
2021-1324635,2021-03-31,000001,Vente,350000,18,,RUE SAINTE SOPHIE,2890,78000,78646,Versailles,78,,,78646000AD0311,,,40,,7,61.4,,,,,,,2,2,Appartement,60,3,,,,,,2.133996,48.811487
2021-1324649,2021-03-31,000001,Vente,885600,20,,RUE DE PROVENCE,2460,78000,78646,Versailles,78,,,78646000AX0442,,,313,,,,,,,,,,1,3,Dépendance,,0,,,,,,2.140987,48.807165
2021-1324649,2021-03-31,000001,Vente,885600,20,,RUE DE PROVENCE,2460,78000,78646,Versailles,78,,,78646000AX0442,,,39,,,,,,,,,,1,3,Dépendance,,0,,,,,,2.140987,48.807165
2021-1324649,2021-03-31,000001,Vente,885600,20,,RUE DE PROVENCE,2460,78000,78646,Versailles,78,,,78646000AX0442,,,339,110.79,,,,,,,,,1,2,Appartement,111,5,,,,,,2.140987,48.807165
2021-1324654,2021-02-24,000001,Vente,286280,12,,RUE DU REFUGE,2510,78000,78646,Versailles,78,,,78646000BP0107,,,12,,13,36.46,16,,,,,,3,2,Appartement,48,2,,,,,,2.142794,48.804564
2021-1324659,2021-03-30,000001,Vente,45000,52,T,AV DE SAINT CLOUD,2730,78000,78646,Versailles,78,,,78646000BP0260,,,494,,,,,,,,,,1,3,Dépendance,,0,,,,,,2.137262,48.804537
2021-1324661,2021-03-18,000001,Vente,420000,3,,RUE SAINT MEDERIC,2840,78000,78646,Versailles,78,,,78646000BT0097,,,6,,,,,,,,,,1,3,Dépendance,,0,,,,,,2.127995,48.796105
2021-1324661,2021-03-18,000001,Vente,420000,3,,RUE SAINT MEDERIC,2840,78000,78646,Versailles,78,,,78646000BT0097,,,1,55.48,,,,,,,,,1,2,Appartement,55,3,,,,,,2.127995,48.796105
2021-1324663,2021-03-25,000001,Vente en l'état futur d'achèvement,310000,45,,RUE DES CHANTIERS,0530,78000,78646,Versailles,78,,,78646000BL0460,,,74,,,,,,,,,,1,,,,,,,,,,2.141485,48.794943
2021-1324663,2021-03-25,000001,Vente en l'état futur d'achèvement,310000,45,,RUE DES CHANTIERS,0530,78000,78646,Versailles,78,,,78646000BL0460,,,20,,,,,,,,,,1,,,,,,,,,,2.141485,48.794943
2021-1324673,2021-04-01,000001,Vente,554000,10,,RUE PIERRE LESCOT,2320,78000,78646,Versailles,78,,,78646000AR0032,,,1,81.35,34,,,,,,,,2,2,Appartement,82,3,,,,,,2.143314,48.810662
2021-1324673,2021-04-01,000001,Vente,554000,10,,RUE PIERRE LESCOT,2320,78000,78646,Versailles,78,,,78646000AR0032,,,17,,,,,,,,,,1,3,Dépendance,,0,,,,,,2.143314,48.810662
2021-1324673,2021-04-01,000001,Vente,554000,10,,RUE PIERRE LESCOT,2320,78000,78646,Versailles,78,,,78646000AR0032,,,16,,,,,,,,,,1,3,Dépendance,,0,,,,,,2.143314,48.810662
2021-1324674,2021-04-06,000001,Vente,228860,6,,RUE MAUREPAS,1870,78000,78646,Versailles,78,,,78646000AC0229,,,49,27.5,,,,,,,,,1,2,Appartement,25,1,,,,,,2.124432,48.809273
2021-1324676,2021-03-30,000001,Vente,45000,15,,RUE DE L ORANGERIE,2110,78000,78646,Versailles,78,,,78646000AH0033,,,4,,,,,,,,,,1,3,Dépendance,,0,,,,,,2.122059,48.800562
2021-1324678,2021-04-01,000001,Vente,333333,15,,RUE HOCHE,1350,78000,78646,Versailles,78,,,78646000AE0199,,,15,43.02,22,,,,,,,,2,2,Appartement,45,2,,,,,,2.127689,48.806878
2021-1324678,2021-04-01,000001,Vente,333333,15,,RUE HOCHE,1350,78000,78646,Versailles,78,,,78646000AE0199,,,43,,,,,,,,,,1,3,Dépendance,,0,,,,,,2.127689,48.806878
2021-1324679,2021-03-25,000001,Vente,720000,4,,RUE TRAVERSIERE,3060,78000,78646,Versailles,78,,,78646000AX0283,,,3,,,,,,,,,,1,3,Dépendance,,0,,,,,,2.142689,48.805685
2021-1324679,2021-03-25,000001,Vente,720000,4,,RUE TRAVERSIERE,3060,78000,78646,Versailles,78,,,78646000AX0283,,,3,,,,,,,,,,1,3,Dépendance,,0,,,,,,2.142689,48.805685
2021-1324679,2021-03-25,000001,Vente,720000,4,,RUE TRAVERSIERE,3060,78000,78646,Versailles,78,,,78646000AX0283,,,3,,,,,,,,,,1,3,Dépendance,,0,,,,,,2.142689,48.805685
2021-1324679,2021-03-25,000001,Vente,720000,4,,RUE TRAVERSIERE,3060,78000,78646,Versailles,78,,,78646000AX0283,,,3,,,,,,,,,,1,3,Dépendance,,0,,,,,,2.142689,48.805685
2021-1324679,2021-03-25,000001,Vente,720000,4,,RUE TRAVERSIERE,3060,78000,78646,Versailles,78,,,78646000AX0283,,,3,,,,,,,,,,1,3,Dépendance,,0,,,,,,2.142689,48.805685
2021-1324679,2021-03-25,000001,Vente,720000,4,,RUE TRAVERSIERE,3060,78000,78646,Versailles,78,,,78646000AX0283,,,3,,,,,,,,,,1,3,Dépendance,,0,,,,,,2.142689,48.805685
2021-1324679,2021-03-25,000001,Vente,720000,4,,RUE TRAVERSIERE,3060,78000,78646,Versailles,78,,,78646000AX0283,,,3,,,,,,,,,,1,3,Dépendance,,0,,,,,,2.142689,48.805685
2021-1324679,2021-03-25,000001,Vente,720000,4,,RUE TRAVERSIERE,3060,78000,78646,Versailles,78,,,78646000AX0283,,,1,,2,,,,,,,,2,1,Maison,108,5,,,,,,2.142689,48.805685
2021-1324679,2021-03-25,000001,Vente,720000,4,,RUE TRAVERSIERE,3060,78000,78646,Versailles,78,,,78646000AX0283,,,4,,,,,,,,,,1,3,Dépendance,,0,,,,,,2.142689,48.805685
2021-1324679,2021-03-25,000001,Vente,720000,4,,RUE TRAVERSIERE,3060,78000,78646,Versailles,78,,,78646000AX0283,,,3,,,,,,,,,,1,3,Dépendance,,0,,,,,,2.142689,48.805685
2021-1324679,2021-03-25,000001,Vente,720000,4,,RUE TRAVERSIERE,3060,78000,78646,Versailles,78,,,78646000AX0283,,,3,,,,,,,,,,1,3,Dépendance,,0,,,,,,2.142689,48.805685
2021-1324679,2021-03-25,000001,Vente,720000,4,,RUE TRAVERSIERE,3060,78000,78646,Versailles,78,,,78646000AX0283,,,3,,,,,,,,,,1,3,Dépendance,,0,,,,,,2.142689,48.805685
2021-1324679,2021-03-25,000001,Vente,720000,4,,RUE TRAVERSIERE,3060,78000,78646,Versailles,78,,,78646000AX0283,,,3,,,,,,,,,,1,3,Dépendance,,0,,,,,,2.142689,48.805685
2021-1324679,2021-03-25,000001,Vente,720000,4,,RUE TRAVERSIERE,3060,78000,78646,Versailles,78,,,78646000AX0283,,,3,,,,,,,,,,1,3,Dépendance,,0,,,,,,2.142689,48.805685
2021-1324679,2021-03-25,000001,Vente,720000,4,,RUE TRAVERSIERE,3060,78000,78646,Versailles,78,,,78646000AX0283,,,3,,,,,,,,,,1,3,Dépendance,,0,,,,,,2.142689,48.805685
2021-1324692,2021-03-15,000001,Vente,500000,12,,AV DE PORCHEFONTAINE,2380,78000,78646,Versailles,78,,,78646000BK0021,,,1412,,,,,,,,,,1,3,Dépendance,,0,,,,,,2.152071,48.797176
2021-1324692,2021-03-15,000001,Vente,500000,12,,AV DE PORCHEFONTAINE,2380,78000,78646,Versailles,78,,,78646000BK0021,,,913,,924,88.35,,,,,,,2,2,Appartement,88,4,,,,,,2.152071,48.797176
2021-1324692,2021-03-15,000001,Vente,500000,12,,AV DE PORCHEFONTAINE,2380,78000,78646,Versailles,78,,,78646000BK0021,,,1411,,,,,,,,,,1,3,Dépendance,,0,,,,,,2.152071,48.797176
2021-1324694,2021-03-15,000001,Vente,250000,8,,AV DU GEN DE GAULLE,1143,78000,78646,Versailles,78,,,78646000AH0225,,,114,,50,,,,,,,,2,2,Appartement,66,3,,,,,,2.128298,48.801276
2021-1324694,2021-03-15,000001,Vente,250000,8,,AV DU GEN DE GAULLE,1143,78000,78646,Versailles,78,,,78646000AH0225,,,171,,,,,,,,,,1,3,Dépendance,,0,,,,,,2.128298,48.801276
2021-1324696,2021-03-17,000001,Vente,20000,16,,RUE DU PARC DE CLAGNY,2171,78000,78646,Versailles,78,,,78646000AP0099,,,100,,,,,,,,,,1,3,Dépendance,,0,,,,,,2.141446,48.81293
2021-1324699,2021-03-25,000001,Vente,1130000,10,B,RTE DE RUEIL,2660,78000,78646,Versailles,78,,,78646000AM0038,,,,,,,,,,,,,0,1,Maison,76,4,AG,terrains d'agrément,,,296,2.138301,48.820279
2021-1324699,2021-03-25,000001,Vente,1130000,10,B,RTE DE RUEIL,2660,78000,78646,Versailles,78,,,78646000AM0038,,,,,,,,,,,,,0,1,Maison,76,4,S,sols,,,240,2.138301,48.820279
2021-1324699,2021-03-25,000001,Vente,1130000,12,,RTE DE RUEIL,2660,78000,78646,Versailles,78,,,78646000AM0376,,,,,,,,,,,,,0,,,,,AG,terrains d'agrément,,,283,2.138271,48.820352
2021-1324701,2021-03-23,000001,Vente,2500,43,,BD DU ROI,2641,78000,78646,Versailles,78,,,78646000AC0104,,,112,,,,,,,,,,1,3,Dépendance,,0,,,,,,2.128119,48.814877
2021-1324701,2021-03-23,000001,Vente,2500,43,,BD DU ROI,2641,78000,78646,Versailles,78,,,78646000AC0104,,,112,,,,,,,,,,1,2,Appartement,38,2,,,,,,2.128119,48.814877
2021-1324705,2021-03-26,000001,Vente,134000,5,,RUE EDOUARD CHARTON,0890,78000,78646,Versailles,78,,,78646000BS0099,,,10,17.6,8,,9,,,,,,3,2,Appartement,19,1,,,,,,2.131168,48.796056
2021-1324708,2021-04-02,000001,Vente,623575,55,,AV DE SAINT CLOUD,2730,78000,78646,Versailles,78,,,78646000AI0144,,,5,84.08,,,,,,,,,1,2,Appartement,81,2,,,,,,2.13411,48.805589
2021-1324713,2021-03-16,000001,Vente,200000,56,,BD DE LA REPUBLIQUE,2570,78000,78646,Versailles,78,,,78646000AX0481,,,16,35,49,,,,,,,,2,2,Appartement,35,1,,,,,,2.151437,48.805166
2021-1324715,2021-04-06,000001,Vente,263500,6,,RUE DE LA CHANCELLERIE,0500,78000,78646,Versailles,78,,,78646000AH0058,,,10,36.35,,,,,,,,,1,2,Appartement,33,1,,,,,,2.122839,48.80293
2021-1324719,2021-04-08,000001,Vente,5000,4,,RUE DU JEU DE PAUME,1490,78000,78646,Versailles,78,,,78646000AH0099,,,16,,,,,,,,,,1,2,Appartement,12,1,,,,,,2.123529,48.800873
2021-1324721,2021-03-26,000001,Vente,1530000,13,,RUE BAILLET REVIRON,0270,78000,78646,Versailles,78,,,78646000AE0044,,,18,,4,,9,,,,,,3,2,Appartement,148,7,,,,,,2.131776,48.808532
2021-1324726,2021-03-19,000001,Vente,19000,8,,RUE DES PETITS BOIS,2250,78000,78646,Versailles,78,,,78646000AZ0182,,,37,,,,,,,,,,1,3,Dépendance,,0,,,,,,2.157795,48.806419
2021-1324732,2021-04-12,000001,Vente,1866500,20,,RUE D ANGOULEME,0180,78000,78646,Versailles,78,,,78646000AD0165,,,,,,,,,,,,,0,1,Maison,120,7,S,sols,,,444,2.128404,48.811325
2021-1324733,2021-04-01,000001,Vente,169390,15,,RUE DUCIS,0820,78000,78646,Versailles,78,,,78646000AE0084,,,23,22.89,43,,,,,,,,2,2,Appartement,22,2,,,,,,2.131252,48.807256
2021-1324734,2021-03-24,000001,Vente,263520,43,,BD DU ROI,2641,78000,78646,Versailles,78,,,78646000AC0104,,,112,,,,,,,,,,1,3,Dépendance,,0,,,,,,2.128119,48.814877
2021-1324734,2021-03-24,000001,Vente,263520,43,,BD DU ROI,2641,78000,78646,Versailles,78,,,78646000AC0104,,,112,,12,,26,34,,,,,3,2,Appartement,38,2,,,,,,2.128119,48.814877
2021-1324736,2021-04-08,000001,Vente,270000,17,,RUE BENJAMIN FRANKLIN,0340,78000,78646,Versailles,78,,,78646000BS0034,,,15,,9,,,,,,,,2,2,Appartement,40,2,,,,,,2.136286,48.797756
2021-1324738,2021-03-31,000001,Vente,2300000,6,,RUE ALEXANDRE BONTEMPS,0110,78000,78646,Versailles,78,,,78646000BW0179,,,23,,,,,,,,,,1,3,Dépendance,,0,,,,,,2.122905,48.793895
2021-1324738,2021-03-31,000001,Vente,2300000,6,,RUE ALEXANDRE BONTEMPS,0110,78000,78646,Versailles,78,,,78646000BW0179,,,19,,,,,,,,,,1,3,Dépendance,,0,,,,,,2.122905,48.793895
2021-1324738,2021-03-31,000001,Vente,2300000,6,,RUE ALEXANDRE BONTEMPS,0110,78000,78646,Versailles,78,,,78646000BW0179,,,24,,,,,,,,,,1,3,Dépendance,,0,,,,,,2.122905,48.793895
2021-1324738,2021-03-31,000001,Vente,2300000,6,,RUE ALEXANDRE BONTEMPS,0110,78000,78646,Versailles,78,,,78646000BW0179,,,20,,,,,,,,,,1,3,Dépendance,,0,,,,,,2.122905,48.793895
2021-1324738,2021-03-31,000001,Vente,2300000,6,,RUE ALEXANDRE BONTEMPS,0110,78000,78646,Versailles,78,,,78646000BW0179,,,28,,,,,,,,,,1,3,Dépendance,,0,,,,,,2.122905,48.793895
2021-1324738,2021-03-31,000001,Vente,2300000,6,,RUE ALEXANDRE BONTEMPS,0110,78000,78646,Versailles,78,,,78646000BW0179,,,27,,,,,,,,,,1,3,Dépendance,,0,,,,,,2.122905,48.793895
2021-1324738,2021-03-31,000001,Vente,2300000,6,,RUE ALEXANDRE BONTEMPS,0110,78000,78646,Versailles,78,,,78646000BW0179,,,25,,,,,,,,,,1,3,Dépendance,,0,,,,,,2.122905,48.793895
2021-1324738,2021-03-31,000001,Vente,2300000,6,,RUE ALEXANDRE BONTEMPS,0110,78000,78646,Versailles,78,,,78646000BW0179,,,26,,,,,,,,,,1,3,Dépendance,,0,,,,,,2.122905,48.793895
2021-1324738,2021-03-31,000001,Vente,2300000,13,,RUE MONSEIGNEUR GIBIER,1950,78000,78646,Versailles,78,,,78646000BW0179,,,17,,,,,,,,,,1,2,Appartement,45,2,,,,,,2.122905,48.793895
2021-1324738,2021-03-31,000001,Vente,2300000,13,,RUE MONSEIGNEUR GIBIER,1950,78000,78646,Versailles,78,,,78646000BW0179,,,16,,,,,,,,,,1,2,Appartement,44,2,,,,,,2.122905,48.793895
2021-1324738,2021-03-31,000001,Vente,2300000,13,,RUE MONSEIGNEUR GIBIER,1950,78000,78646,Versailles,78,,,78646000BW0179,,,15,,,,,,,,,,1,2,Appartement,45,2,,,,,,2.122905,48.793895
2021-1324738,2021-03-31,000001,Vente,2300000,13,,RUE MONSEIGNEUR GIBIER,1950,78000,78646,Versailles,78,,,78646000BW0179,,,14,,,,,,,,,,1,2,Appartement,53,2,,,,,,2.122905,48.793895
2021-1324738,2021-03-31,000001,Vente,2300000,13,,RUE MONSEIGNEUR GIBIER,1950,78000,78646,Versailles,78,,,78646000BW0179,,,13,,,,,,,,,,1,2,Appartement,54,2,,,,,,2.122905,48.793895
2021-1324738,2021-03-31,000001,Vente,2300000,13,,RUE MONSEIGNEUR GIBIER,1950,78000,78646,Versailles,78,,,78646000BW0179,,,12,,,,,,,,,,1,2,Appartement,54,2,,,,,,2.122905,48.793895
2021-1324738,2021-03-31,000001,Vente,2300000,13,,RUE MONSEIGNEUR GIBIER,1950,78000,78646,Versailles,78,,,78646000BW0179,,,10,,,,,,,,,,1,4,Local industriel. commercial ou assimilé,61,0,,,,,,2.122905,48.793895
2021-1324738,2021-03-31,000001,Vente,2300000,13,,RUE MONSEIGNEUR GIBIER,1950,78000,78646,Versailles,78,,,78646000BW0179,,,11,,,,,,,,,,1,2,Appartement,45,2,,,,,,2.122905,48.793895
2021-1324741,2021-04-08,000001,Vente,530850,3,T,RUE JEAN MERMOZ,1460,78000,78646,Versailles,78,,,78646000BN0166,,,1404,102.64,1463,,,,,,,,2,2,Appartement,102,5,,,,,,2.145036,48.797427
2021-1324741,2021-04-08,000001,Vente,530850,82,B,AV DE PARIS,2180,78000,78646,Versailles,78,,,78646000BN0166,,,1117,,,,,,,,,,1,3,Dépendance,,0,,,,,,2.145036,48.797427
2021-1324750,2021-04-09,000001,Vente,125000,137,,BD DE LA REINE,2520,78000,78646,Versailles,78,,,78646000AR0090,,,12,16.04,,,,,,,,,1,3,Dépendance,,0,,,,,,2.140981,48.808803
2021-1324765,2021-04-08,000001,Vente,447000,22,,RUE DE SATORY,2950,78000,78646,Versailles,78,,,78646000AH0086,,,6,58.44,,,,,,,,,1,2,Appartement,60,3,,,,,,2.12472,48.800481
2021-1324767,2021-03-03,000001,Vente,1139900,79,,AV DE SAINT CLOUD,2730,78000,78646,Versailles,78,,,78646000AI0236,,,69,,,,,,,,,,1,2,Appartement,19,1,,,,,,2.138101,48.806152
2021-1324767,2021-03-03,000001,Vente,1139900,79,,AV DE SAINT CLOUD,2730,78000,78646,Versailles,78,,,78646000AI0236,,,26,,27,,68,132,69,,,,4,2,Appartement,112,5,,,,,,2.138101,48.806152
2021-1324769,2021-04-08,000001,Vente,1400000,9,,RUE DES MISSIONNAIRES,1920,78000,78646,Versailles,78,,,78646000AD0546,,,,,,,,,,,,,0,1,Maison,177,8,S,sols,,,435,2.129308,48.813278
2021-1324775,2021-04-14,000001,Vente en l'état futur d'achèvement,10000,45,,RUE DES CHANTIERS,0530,78000,78646,Versailles,78,,,78646000BL0460,,,69,,,,,,,,,,1,,,,,,,,,,2.141485,48.794943
2021-1324775,2021-04-14,000001,Vente en l'état futur d'achèvement,10000,45,,RUE DES CHANTIERS,0530,78000,78646,Versailles,78,,,78646000BL0460,,,68,,,,,,,,,,1,,,,,,,,,,2.141485,48.794943
2021-1324778,2021-04-07,000001,Vente,283000,77,,RUE DE LA PAROISSE,2190,78000,78646,Versailles,78,,,78646000AI0173,,,4,26.05,7,,,,,,,,2,2,Appartement,34,3,,,,,,2.134946,48.806006
2021-1324782,2021-04-15,000001,Vente,758000,32,,RUE DU MAL JOFFRE,1820,78000,78646,Versailles,78,,,78646000BW0207,,,64,,73,111.59,,,,,,,2,2,Appartement,108,5,,,,,,2.119719,48.794497
2021-1324782,2021-04-15,000001,Vente,758000,32,,RUE DU MAL JOFFRE,1820,78000,78646,Versailles,78,,,78646000BW0207,,,133,,,,,,,,,,1,3,Dépendance,,0,,,,,,2.119719,48.794497
2021-1324782,2021-04-15,000001,Vente,758000,32,,RUE DU MAL JOFFRE,1820,78000,78646,Versailles,78,,,78646000BW0207,,,168,,,,,,,,,,1,3,Dépendance,,0,,,,,,2.119719,48.794497
2021-1324784,2021-04-07,000001,Vente,257000,135,,BD DE LA REINE,2520,78000,78646,Versailles,78,,,78646000AR0091,,,6,32.43,7,,8,,9,,,,4,2,Appartement,33,2,,,,,,2.140769,48.80865
2021-1324789,2021-03-31,000001,Vente,218095,10,,RUE EDOUARD CHARTON,0890,78000,78646,Versailles,78,,,78646000BT0073,,,17,,4,31.59,,,,,,,2,2,Appartement,33,2,,,,,,2.130231,48.795448
2021-1324791,2021-04-06,000001,Vente,717000,72,,RUE D ANJOU,0190,78000,78646,Versailles,78,,,78646000BT0094,,,39,,,,,,,,,,1,3,Dépendance,,0,,,,,,2.128197,48.79605
2021-1324791,2021-04-06,000001,Vente,717000,72,,RUE D ANJOU,0190,78000,78646,Versailles,78,,,78646000BT0094,,,1,73.82,,,,,,,,,1,2,Appartement,73,3,,,,,,2.128197,48.79605
2021-1324806,2021-03-31,000001,Vente,610000,43,,RUE DU MAL FOCH,1810,78000,78646,Versailles,78,,,78646000AE0054,,,10,52.32,,,,,,,,,1,3,Dépendance,,0,,,,,,2.13281,48.808441
2021-1324806,2021-03-31,000001,Vente,610000,43,,RUE DU MAL FOCH,1810,78000,78646,Versailles,78,,,78646000AE0054,,,10,52.32,,,,,,,,,1,2,Appartement,52,3,,,,,,2.13281,48.808441
2021-1324806,2021-03-31,000001,Vente,610000,43,,RUE DU MAL FOCH,1810,78000,78646,Versailles,78,,,78646000AE0054,,,16,40.15,,,,,,,,,1,2,Appartement,44,3,,,,,,2.13281,48.808441
2021-1324808,2021-03-31,000001,Vente,840000,43,,RUE DU MAL FOCH,1810,78000,78646,Versailles,78,,,78646000AE0054,,,11,84.04,,,,,,,,,1,3,Dépendance,,0,,,,,,2.13281,48.808441
2021-1324808,2021-03-31,000001,Vente,840000,43,,RUE DU MAL FOCH,1810,78000,78646,Versailles,78,,,78646000AE0054,,,11,84.04,,,,,,,,,1,2,Appartement,75,3,,,,,,2.13281,48.808441
2021-1324809,2021-04-12,000001,Vente,110000,7,,RUE DE LA PAROISSE,2190,78000,78646,Versailles,78,,,78646000AE0163,,,18,12.97,,,,,,,,,1,2,Appartement,17,1,,,,,,2.125705,48.808511
2021-1324812,2021-04-08,000001,Vente,388150,23,,RUE DES ETATS GENERAUX,0980,78000,78646,Versailles,78,,,78646000BR0172,,,103,54.42,105,,,,,,,,2,2,Appartement,49,2,,,,,,2.133865,48.799511
2021-1324822,2021-04-13,000001,Vente,199000,22,,RUE DE NOAILLES,2050,78000,78646,Versailles,78,,,78646000BR0134,,,28,,4,28.43,,,,,,,2,2,Appartement,29,2,,,,,,2.132465,48.797488
2021-1324825,2021-04-12,000001,Vente,715600,22,,RUE SAINT LOUIS,2810,78000,78646,Versailles,78,,,78646000BW0058,,,30,,9,,,,,,,,2,2,Appartement,80,4,,,,,,2.125501,48.794864
2021-1324825,2021-04-12,000001,Vente,715600,22,,RUE SAINT LOUIS,2810,78000,78646,Versailles,78,,,78646000BW0058,,,16,,,,,,,,,,1,3,Dépendance,,0,,,,,,2.125501,48.794864
2021-1324827,2021-04-07,000001,Vente,494200,2,,ALL DES CHEVALIERS,0570,78000,78646,Versailles,78,,,78646000AZ0110,,,306,,317,,,,,,,,2,2,Appartement,118,5,,,,,,2.158672,48.8041
2021-1324827,2021-04-07,000001,Vente,494200,5,,RUE DE L ECOLE DES POSTES,0850,78000,78646,Versailles,78,,,78646000AZ0110,,,2654,,,,,,,,,,1,3,Dépendance,,0,,,,,,2.158672,48.8041
2021-1324830,2021-03-31,000001,Vente,420000,41,,RUE PIERRE CURIE,2300,78000,78646,Versailles,78,,,78646000BD0066,,,10,,11,,,,,,,,2,4,Local industriel. commercial ou assimilé,120,0,,,,,,2.157547,48.796992
2021-1324833,2021-04-07,000001,Vente,660000,14,,RUE DE L ERMITAGE,0940,78000,78646,Versailles,78,,,78646000AC0040,,,32,82.96,,,,,,,,,1,2,Appartement,85,2,,,,,,2.123494,48.815012
2021-1324834,2021-04-14,000001,Vente,6000,13,,RUE ST SYMPHORIEN,2913,78000,78646,Versailles,78,,,78646000AZ0180,,,84,,,,,,,,,,1,3,Dépendance,,0,,,,,,2.15743,48.806201
2021-1324837,2021-04-14,000001,Vente,6000,13,,RUE ST SYMPHORIEN,2913,78000,78646,Versailles,78,,,78646000AZ0180,,,81,,,,,,,,,,1,3,Dépendance,,0,,,,,,2.15743,48.806201
2021-1324842,2021-04-01,000001,Vente,912622,2,,PL GAMBETTA,1135,78000,78646,Versailles,78,,,78646000AE0376,,,100,,,,,,,,,,1,3,Dépendance,,0,,,,,,2.123453,48.805215
2021-1324842,2021-04-01,000001,Vente,912622,2,,PL GAMBETTA,1135,78000,78646,Versailles,78,,,78646000AE0376,,,31,14.01,,,,,,,,,1,3,Dépendance,,0,,,,,,2.123453,48.805215
2021-1324842,2021-04-01,000001,Vente,912622,2,,PL GAMBETTA,1135,78000,78646,Versailles,78,,,78646000AE0376,,,22,105.13,43,,45,,,,,,3,2,Appartement,103,5,,,,,,2.123453,48.805215
2021-1324842,2021-04-01,000001,Vente,912622,2,,PL GAMBETTA,1135,78000,78646,Versailles,78,,,78646000AE0376,,,22,105.13,43,,45,,,,,,3,3,Dépendance,,0,,,,,,2.123453,48.805215
2021-1324843,2021-03-31,000001,Vente,320000,8,,RUE DE LA PAROISSE,2190,78000,78646,Versailles,78,,,78646000AE0171,,,13,,6,,,,,,,,2,2,Appartement,50,3,,,,,,2.125335,48.808028
2021-1324847,2021-04-10,000001,Vente,144750,2,,RUE MADEMOISELLE,1740,78000,78646,Versailles,78,,,78646000AD0053,,,44,,,,,,,,,,1,2,Appartement,18,1,,,,,,2.129302,48.809627
2021-1324847,2021-04-10,000001,Vente,144750,2,,RUE MADEMOISELLE,1740,78000,78646,Versailles,78,,,78646000AD0053,,,31,,,,,,,,,,1,2,Appartement,27,1,,,,,,2.129302,48.809627
2021-1324849,2021-04-15,000001,Vente,50000,5,,RUE DE L ECOLE DES POSTES,0850,78000,78646,Versailles,78,,,78646000AZ0110,,,4503,54.9,,,,,,,,,1,4,Local industriel. commercial ou assimilé,57,0,,,,,,2.158672,48.8041
2021-1324851,2021-03-18,000001,Vente,24700,1,,RUE RICHAUD,2610,78000,78646,Versailles,78,,,78646000AI0317,,,178,,,,,,,,,,1,3,Dépendance,,0,,,,,,2.133269,48.807902
2021-1324852,2021-04-12,000001,Vente,249200,124,,AV DE PARIS,2180,78000,78646,Versailles,78,,,78646000BK0026,,,11,,,,,,,,,,1,2,Appartement,31,3,,,,,,2.153317,48.797911
2021-1324853,2021-04-13,000001,Vente,398850,9,,RUE DES CONDAMINES,0690,78000,78646,Versailles,78,,,78646000BP0123,,,10,,,,,,,,,,1,3,Dépendance,,0,,,,,,2.144867,48.801595
2021-1324853,2021-04-13,000001,Vente,398850,11,,RUE DES CONDAMINES,0690,78000,78646,Versailles,78,,,78646000BP0123,,,24,,39,,,,,,,,2,2,Appartement,55,2,,,,,,2.144867,48.801595
2021-1324853,2021-04-13,000001,Vente,398850,9,,RUE DES CONDAMINES,0690,78000,78646,Versailles,78,,,78646000BP0123,,,54,,,,,,,,,,1,3,Dépendance,,0,,,,,,2.144867,48.801595
2021-1324858,2021-04-15,000001,Vente en l'état futur d'achèvement,424000,21,,RUE DU REFUGE,2510,78000,78646,Versailles,78,,,78646000AX0339,,,181,,,,,,,,,,1,3,Dépendance,,0,,,,,,2.144251,48.804411
2021-1324858,2021-04-15,000001,Vente en l'état futur d'achèvement,424000,21,,RUE DU REFUGE,2510,78000,78646,Versailles,78,,,78646000AX0339,,,228,,,,,,,,,,1,3,Dépendance,,0,,,,,,2.144251,48.804411
2021-1324858,2021-04-15,000001,Vente en l'état futur d'achèvement,424000,21,,RUE DU REFUGE,2510,78000,78646,Versailles,78,,,78646000AX0339,,,14,,,,,,,,,,1,2,Appartement,51,2,,,,,,2.144251,48.804411
2021-1324861,2021-04-14,000001,Vente,356619,2,,RUE JEAN HOUDON,1440,78000,78646,Versailles,78,,,78646000AI0022,,,4,,46,41.33,,,,,,,2,2,Appartement,44,2,,,,,,2.133653,48.802049
2021-1324862,2021-04-19,000001,Vente,409015,43,,AV DES ETATS UNIS,0990,78000,78646,Versailles,78,,,78646000AS0098,,,103,83.1,,,,,,,,,1,2,Appartement,105,4,,,,,,2.148446,48.810098
2021-1324864,2021-04-16,000001,Vente,7500,8,,RUE DES PETITS BOIS,2250,78000,78646,Versailles,78,,,78646000AZ0182,,,48,,,,,,,,,,1,3,Dépendance,,0,,,,,,2.157795,48.806419
2021-1324870,2021-03-26,000001,Vente,689000,82,B,AV DE PARIS,2180,78000,78646,Versailles,78,,,78646000BN0166,,,376,,,,,,,,,,1,3,Dépendance,,0,,,,,,2.145036,48.797427
2021-1324870,2021-03-26,000001,Vente,689000,3,B,RUE JEAN MERMOZ,1460,78000,78646,Versailles,78,,,78646000BN0166,,,1424,113.01,1489,,,,,,,,2,2,Appartement,112,5,,,,,,2.145036,48.797427
2021-1324873,2021-03-31,000001,Vente,2190000,27,,RUE ALBERT JOLY,0050,78000,78646,Versailles,78,,,78646000AK0086,,,,,,,,,,,,,0,4,Local industriel. commercial ou assimilé,1909,0,S,sols,,,1606,2.139369,48.810545
2021-1324875,2021-03-30,000001,Vente,918000,10,,RUE DE L ERMITAGE,0940,78000,78646,Versailles,78,,,78646000AC0314,,,302,,312,130.58,,,,,,,2,2,Appartement,119,5,,,,,,2.123933,48.814609
2021-1324875,2021-03-30,000001,Vente,918000,10,,RUE DE L ERMITAGE,0940,78000,78646,Versailles,78,,,78646000AC0314,,,127,,,,,,,,,,1,3,Dépendance,,0,,,,,,2.123933,48.814609
2021-1324877,2021-04-02,000001,Vente,450000,1,,RUE SAINT LOUIS,2810,78000,78646,Versailles,78,,,78646000BV0205,,,78,68.13,96,,,,,,,,2,2,Appartement,67,4,,,,,,2.122603,48.796328
2021-1324878,2021-04-15,000001,Vente,401500,41,,RUE SAINT CHARLES,2710,78000,78646,Versailles,78,,,78646000AX0374,,,24,,,,,,,,,,1,3,Dépendance,,0,,,,,,2.147664,48.803386
2021-1324878,2021-04-15,000001,Vente,401500,41,,RUE SAINT CHARLES,2710,78000,78646,Versailles,78,,,78646000AX0374,,,10,,42,57.09,,,,,,,2,2,Appartement,58,2,,,,,,2.147664,48.803386
2021-1324881,2021-04-16,000001,Vente,144000,8,,RUE DES PETITS BOIS,2250,78000,78646,Versailles,78,,,78646000AZ0182,,,43,,,,,,,,,,1,3,Dépendance,,0,,,,,,2.157795,48.806419
2021-1324881,2021-04-16,000001,Vente,144000,8,,RUE DES PETITS BOIS,2250,78000,78646,Versailles,78,,,78646000AZ0182,,,1,33.62,,,,,,,,,1,2,Appartement,33,1,,,,,,2.157795,48.806419
2021-1324883,2021-04-02,000001,Vente,605000,2,,PL GAMBETTA,1135,78000,78646,Versailles,78,,,78646000AE0376,,,1,90.85,,,,,,,,,1,4,Local industriel. commercial ou assimilé,85,0,,,,,,2.123453,48.805215
2021-1324886,2021-04-19,000001,Vente,90000,3,,RUE D ANJOU,0190,78000,78646,Versailles,78,,,78646000BV0137,,,9,13.2,,,,,,,,,1,2,Appartement,12,1,,,,,,2.124992,48.797587
2021-1324887,2021-04-16,000001,Vente,420000,8,,PL HOCHE,1340,78000,78646,Versailles,78,,,78646000AE0319,,,14,66.4,41,,,,,,,,2,2,Appartement,110,5,,,,,,2.127968,48.805443
2021-1324897,2021-04-22,000001,Vente,1087400,15,,RUE DE L ORIENT,2130,78000,78646,Versailles,78,,,78646000BT0101,,,423,,504,95.7,,,,,,,2,1,Maison,96,4,,,,,,2.127194,48.79606
2021-1324897,2021-04-22,000001,Vente,1087400,15,,RUE DE L ORIENT,2130,78000,78646,Versailles,78,,,78646000BT0101,,,670,,,,,,,,,,1,3,Dépendance,,0,,,,,,2.127194,48.79606
2021-1324916,2021-04-23,000001,Vente,857350,26,,RUE DE SATORY,2950,78000,78646,Versailles,78,,,78646000AH0130,,,10,103.13,37,,,,,,,,2,2,Appartement,110,3,,,,,,2.124477,48.800176
2021-1324919,2021-04-15,000001,Vente,387000,155,,BD DE LA REINE,2520,78000,78646,Versailles,78,,,78646000AR0073,,,100,,46,68.85,,,,,,,2,2,Appartement,70,3,,,,,,2.145056,48.808479
2021-1326720,2021-04-15,000001,Vente,265000,8,,PL ALEXANDRE 1E LOUIS BARTHOU,0100,78000,78646,Versailles,78,,,78646000AX0494,,,14,,16,,17,,18,,19,,7,4,Local industriel. commercial ou assimilé,62,0,,,,,,2.142044,48.80561
2021-1326761,2021-04-02,000001,Vente,483497,94,,AV DE PARIS,2180,78000,78646,Versailles,78,,,78646000BN0051,,,28,79.77,76,,,,,,,,2,2,Appartement,79,3,,,,,,2.148182,48.797645
2021-1326761,2021-04-02,000001,Vente,483497,94,,AV DE PARIS,2180,78000,78646,Versailles,78,,,78646000BN0051,,,151,,,,,,,,,,1,3,Dépendance,,0,,,,,,2.148182,48.797645
2021-1326764,2021-04-15,000001,Vente,326300,61,,BD DE LA REINE,2520,78000,78646,Versailles,78,,,78646000AD0058,,,6,36.98,,,,,,,,,1,2,Appartement,36,2,,,,,,2.129935,48.809514
2021-1326773,2021-04-16,000001,Vente,560600,1,,IMP DE TOULOUSE,3030,78000,78646,Versailles,78,,,78646000AE0413,,,8,,,,,,,,,,1,2,Appartement,68,3,,,,,,,
2021-1326773,2021-04-16,000001,Vente,560600,1,,IMP DE TOULOUSE,3030,78000,78646,Versailles,78,,,78646000AE0413,,,8,,,,,,,,,,1,3,Dépendance,,0,,,,,,,
2021-1326778,2021-04-23,000001,Vente,765550.25,27,,AV DU LOUVRE,1705,78000,78646,Versailles,78,,,78646000BC0156,,,,,,,,,,,,,0,,,,,AB,terrains a bâtir,,,642,2.156068,48.801325
2021-1326811,2021-04-27,000001,Vente,290000,26,,RUE DU PARC DE CLAGNY,2171,78000,78646,Versailles,78,,,78646000AP0071,,,6,45.9,,,,,,,,,1,2,Appartement,48,1,,,,,,2.141869,48.81526
2021-1326811,2021-04-27,000001,Vente,290000,28,,RUE DU PARC DE CLAGNY,2171,78000,78646,Versailles,78,,,78646000AP0071,,,96,,,,,,,,,,1,3,Dépendance,,0,,,,,,2.141869,48.81526
2021-1326845,2021-04-09,000001,Vente,321060,12,,RUE DE L OCCIDENT,2100,78000,78646,Versailles,78,,,78646000BV0144,,,11,,4,37.53,,,,,,,2,2,Appartement,37,3,,,,,,2.125199,48.797033
2021-1326873,2021-04-23,000001,Vente,790000,7,,RUE DE L ERMITAGE,0940,78000,78646,Versailles,78,,,78646000AC0252,,,137,110.37,,,,,,,,,1,2,Appartement,117,4,,,,,,2.1233,48.812962
2021-1326873,2021-04-23,000001,Vente,790000,7,,RUE DE L ERMITAGE,0940,78000,78646,Versailles,78,,,78646000AC0252,,,108,,,,,,,,,,1,3,Dépendance,,0,,,,,,2.1233,48.812962
2021-1326883,2021-04-08,000001,Vente,1490000,11,,RUE DE L ORIENT,2130,78000,78646,Versailles,78,,,78646000BT0194,,2,,,,,,,,,,,0,,,,,,,,,,2.127077,48.796371
2021-1326901,2021-04-12,000001,Vente,350000,17,,RUE SAINTE ADELAIDE,2670,78000,78646,Versailles,78,,,78646000AD0149,,,6,45.47,,,,,,,,,1,2,Appartement,43,3,,,,,,2.13008,48.810979
2021-1326901,2021-04-12,000001,Vente,350000,17,,RUE SAINTE ADELAIDE,2670,78000,78646,Versailles,78,,,78646000AD0149,,,6,45.47,,,,,,,,,1,3,Dépendance,,0,,,,,,2.13008,48.810979
2021-1326902,2021-04-20,000001,Vente en l'état futur d'achèvement,636000,9,,RUE VAUBAN,3110,78000,78646,Versailles,78,,,78646000AY0310,,,206,,,,,,,,,,1,2,Appartement,71,3,,,,,,2.15313,48.799852
2021-1326902,2021-04-20,000001,Vente en l'état futur d'achèvement,636000,9,,RUE VAUBAN,3110,78000,78646,Versailles,78,,,78646000AY0310,,,947,,,,,,,,,,1,3,Dépendance,,0,,,,,,2.15313,48.799852
2021-1326902,2021-04-20,000001,Vente en l'état futur d'achèvement,636000,9,,RUE VAUBAN,3110,78000,78646,Versailles,78,,,78646000AY0310,,,948,,,,,,,,,,1,3,Dépendance,,0,,,,,,2.15313,48.799852
2021-1326903,2021-04-19,000001,Vente,277000,5,,RUE DU PONT COLBERT,2370,78000,78646,Versailles,78,,,78646000BL0296,,,5,55.19,,,,,,,,,1,2,Appartement,54,4,,,,,,2.147129,48.791359
2021-1326903,2021-04-19,000001,Vente,277000,5,,RUE DU PONT COLBERT,2370,78000,78646,Versailles,78,,,78646000BL0296,,,10,,23,,,,,,,,2,4,Local industriel. commercial ou assimilé,121,0,,,,,,2.147129,48.791359
2021-1326924,2021-04-23,000001,Vente,18000,98,,AV DE PARIS,2180,78000,78646,Versailles,78,,,78646000BK0001,,,514,,,,,,,,,,1,3,Dépendance,,0,,,,,,2.149414,48.797242
2021-1326963,2021-04-23,000001,Vente,17000,26,,RUE DE SATORY,2950,78000,78646,Versailles,78,,,78646000AH0130,,,6,,,,,,,,,,1,3,Dépendance,,0,,,,,,2.124477,48.800176
2021-1326982,2021-04-08,000001,Vente,252550,65,,RUE DE LA PAROISSE,2190,78000,78646,Versailles,78,,,78646000AI0185,,,84,32.34,,,,,,,,,1,2,Appartement,34,2,,,,,,2.134013,48.806671
2021-1326987,2021-04-13,000001,Vente,245200,9,,PL ALEXANDRE 1E LOUIS BARTHOU,0100,78000,78646,Versailles,78,,,78646000AX0489,,,139,,301,29.54,,,,,,,2,2,Appartement,29,1,,,,,,2.140761,48.806449
2021-1326987,2021-04-13,000001,Vente,245200,9,,PL ALEXANDRE 1E LOUIS BARTHOU,0100,78000,78646,Versailles,78,,,78646000AX0489,,,139,,301,29.54,,,,,,,2,3,Dépendance,,0,,,,,,2.140761,48.806449
2021-1326990,2021-04-20,000001,Vente,13500,98,,AV DE PARIS,2180,78000,78646,Versailles,78,,,78646000BK0001,,,533,,,,,,,,,,1,3,Dépendance,,0,,,,,,2.149414,48.797242
2021-1327006,2021-04-19,000001,Vente,1115000,8,,RUE DE L ORANGERIE,2110,78000,78646,Versailles,78,,,78646000BV0009,,,9,180.15,,,,,,,,,1,3,Dépendance,,0,,,,,,2.120471,48.800532
2021-1327006,2021-04-19,000001,Vente,1115000,8,,RUE DE L ORANGERIE,2110,78000,78646,Versailles,78,,,78646000BV0009,,,9,180.15,,,,,,,,,1,3,Dépendance,,0,,,,,,2.120471,48.800532
2021-1327006,2021-04-19,000001,Vente,1115000,8,,RUE DE L ORANGERIE,2110,78000,78646,Versailles,78,,,78646000BV0009,,,9,180.15,,,,,,,,,1,3,Dépendance,,0,,,,,,2.120471,48.800532
2021-1327006,2021-04-19,000001,Vente,1115000,8,,RUE DE L ORANGERIE,2110,78000,78646,Versailles,78,,,78646000BV0009,,,9,180.15,,,,,,,,,1,2,Appartement,181,6,,,,,,2.120471,48.800532
2021-1327008,2021-04-15,000001,Vente,1239630,5,,RUE DE LA CHAUMIERE,0580,78000,78646,Versailles,78,,,78646000BE0328,,,,,,,,,,,,,0,3,Dépendance,,0,S,sols,,,288,2.161666,48.795764
2021-1327008,2021-04-15,000001,Vente,1239630,5,,RUE DE LA CHAUMIERE,0580,78000,78646,Versailles,78,,,78646000BE0328,,,,,,,,,,,,,0,1,Maison,170,8,S,sols,,,288,2.161666,48.795764
2021-1327008,2021-04-15,000001,Vente,1239630,5,,RUE DE LA CHAUMIERE,0580,78000,78646,Versailles,78,,,78646000BE0473,,,,,,,,,,,,,0,,,,,S,sols,,,141,2.161496,48.795831
2021-1327043,2021-04-22,000001,Vente,150000,39,,RUE DES CHANTIERS,0530,78000,78646,Versailles,78,,,78646000BS0108,,,15,23.44,21,,,,,,,,2,2,Appartement,45,2,,,,,,2.138895,48.795904
2021-1327049,2021-04-19,000001,Vente,25000,6,,RUE DE PROVENCE,2460,78000,78646,Versailles,78,,,78646000AX0015,,,12,,,,,,,,,,1,3,Dépendance,,0,,,,,,2.13993,48.806226
2021-1327081,2021-04-28,000001,Vente,19000,98,,AV DE PARIS,2180,78000,78646,Versailles,78,,,78646000BK0001,,,469,,,,,,,,,,1,3,Dépendance,,0,,,,,,2.149414,48.797242
2021-1327103,2021-04-15,000001,Vente,38500,24,,RUE DES RESERVOIRS,2580,78000,78646,Versailles,78,,,78646000AE0173,,,79,,,,,,,,,,1,3,Dépendance,,0,,,,,,2.125222,48.807871
2021-1327103,2021-04-15,000001,Vente,38500,24,,RUE DES RESERVOIRS,2580,78000,78646,Versailles,78,,,78646000AE0173,,,72,,,,,,,,,,1,3,Dépendance,,0,,,,,,2.125222,48.807871
2021-1327103,2021-04-15,000001,Vente,38500,24,,RUE DES RESERVOIRS,2580,78000,78646,Versailles,78,,,78646000AE0173,,,79,,,,,,,,,,1,3,Dépendance,,0,,,,,,2.125222,48.807871
2021-1327103,2021-04-15,000001,Vente,38500,24,,RUE DES RESERVOIRS,2580,78000,78646,Versailles,78,,,78646000AE0173,,,79,,,,,,,,,,1,2,Appartement,210,8,,,,,,2.125222,48.807871
2021-1327107,2021-04-09,000001,Vente,334951,42,,AV DE PARIS,2180,78000,78646,Versailles,78,,,78646000BR0090,,,40,53.42,,,,,,,,,1,2,Appartement,56,3,,,,,,2.136908,48.799809
2021-1327187,2021-03-30,000001,Vente en l'état futur d'achèvement,667000,17,,BD ST ANTOINE,2690,78000,78646,Versailles,78,,,78646000AC0055,,,17,,,,,,,,,,1,2,Appartement,80,4,,,,,,2.126221,48.815848
2021-1327187,2021-03-30,000001,Vente en l'état futur d'achèvement,667000,17,,BD ST ANTOINE,2690,78000,78646,Versailles,78,,,78646000AC0055,,,39,,,,,,,,,,1,3,Dépendance,,0,,,,,,2.126221,48.815848
2021-1327209,2021-04-21,000001,Vente,520000,86,,AV DE PARIS,2180,78000,78646,Versailles,78,,,78646000BN0166,,,604,80.16,647,,,,,,,,2,2,Appartement,78,4,,,,,,2.145036,48.797427
2021-1327209,2021-04-21,000001,Vente,520000,82,B,AV DE PARIS,2180,78000,78646,Versailles,78,,,78646000BN0166,,,973,,,,,,,,,,1,3,Dépendance,,0,,,,,,2.145036,48.797427
2021-1327212,2021-04-07,000001,Vente,367000,86,,AV DE PARIS,2180,78000,78646,Versailles,78,,,78646000BN0166,,,186,61.52,208,,,,,,,,2,3,Dépendance,,0,,,,,,2.145036,48.797427
2021-1327212,2021-04-07,000001,Vente,367000,82,B,AV DE PARIS,2180,78000,78646,Versailles,78,,,78646000BN0166,,,1043,,,,,,,,,,1,3,Dépendance,,0,,,,,,2.145036,48.797427
2021-1327212,2021-04-07,000001,Vente,367000,86,,AV DE PARIS,2180,78000,78646,Versailles,78,,,78646000BN0166,,,186,61.52,208,,,,,,,,2,2,Appartement,61,2,,,,,,2.145036,48.797427
2021-1327231,2021-04-20,000001,Vente,14750,12,,AV DE PORCHEFONTAINE,2380,78000,78646,Versailles,78,,,78646000BK0021,,,1685,,,,,,,,,,1,3,Dépendance,,0,,,,,,2.152071,48.797176
2021-1327232,2021-04-19,000001,Vente,298000,16,,RUE CHAMP LAGARDE,0490,78000,78646,Versailles,78,,,78646000BO0081,,,12,45.5,14,,,,,,,,2,2,Appartement,46,2,,,,,,2.143116,48.800656
2021-1327233,2021-04-15,000001,Vente,19000,2,,RUE EMILE DESCHAMPS,0930,78000,78646,Versailles,78,,,78646000AX0187,,,84,,,,,,,,,,1,3,Dépendance,,0,,,,,,,
2021-1327236,2021-05-03,000001,Vente,387170,7,,AV DE L AMIRAL SERRE,0150,78000,78646,Versailles,78,,,78646000AL0138,,,313,65.11,,,,,,,,,1,2,Appartement,66,3,,,,,,2.139473,48.817747
2021-1327236,2021-05-03,000001,Vente,387170,7,,AV DE L AMIRAL SERRE,0150,78000,78646,Versailles,78,,,78646000AL0138,,,495,,,,,,,,,,1,3,Dépendance,,0,,,,,,2.139473,48.817747
2021-1327241,2021-04-09,000001,Vente,857971,34,,RUE ALBERT JOLY,0050,78000,78646,Versailles,78,,,78646000AK0182,,,32,117.84,39,,,,,,,,2,2,Appartement,112,5,,,,,,2.139706,48.810004
2021-1327241,2021-04-09,000001,Vente,857971,9,,RUE DU PARC DE CLAGNY,2171,78000,78646,Versailles,78,,,78646000AK0183,,,64,,,,,,,,,,1,3,Dépendance,,0,,,,,,2.139976,48.809983
2021-1327241,2021-04-09,000001,Vente,857971,9,,RUE DU PARC DE CLAGNY,2171,78000,78646,Versailles,78,,,78646000AK0183,,,63,,,,,,,,,,1,3,Dépendance,,0,,,,,,2.139976,48.809983
2021-1327242,2021-04-15,000001,Vente,470000,5,,RUE DE L ECOLE DES POSTES,0850,78000,78646,Versailles,78,,,78646000AZ0110,,,3987,,,,,,,,,,1,4,Local industriel. commercial ou assimilé,780,0,,,,,,2.158672,48.8041
2021-1327242,2021-04-15,000001,Vente,470000,5,,RUE DE L ECOLE DES POSTES,0850,78000,78646,Versailles,78,,,78646000AZ0110,,,2850,,,,,,,,,,1,3,Dépendance,,0,,,,,,2.158672,48.8041
2021-1327242,2021-04-15,000001,Vente,470000,5,,RUE DE L ECOLE DES POSTES,0850,78000,78646,Versailles,78,,,78646000AZ0110,,,660,242.48,,,,,,,,,1,4,Local industriel. commercial ou assimilé,294,0,,,,,,2.158672,48.8041
2021-1327244,2021-04-21,000001,Vente,325000,11,,RUE DU VIEUX VERSAILLES,3180,78000,78646,Versailles,78,,,78646000AH0043,,,18,,9,43.83,,,,,,,2,2,Appartement,50,2,,,,,,2.1224,48.801087
2021-1327248,2021-05-03,000001,Vente,521300,6,,IMP ADELE MULOT,0040,78000,78646,Versailles,78,,,78646000AY0109,,,6,,,,,,,,,,1,2,Appartement,71,3,,,,,,2.150483,48.801432
2021-1327256,2021-04-16,000001,Vente,280900,36,,RUE DE L ORANGERIE,2110,78000,78646,Versailles,78,,,78646000BV0026,,,128,33.67,,,,,,,,,1,2,Appartement,38,1,,,,,,2.123689,48.799398
2021-1327265,2021-04-19,000001,Vente,330000,30,,PROM MONA LISA,1965,78000,78646,Versailles,78,,,78646000AZ0110,,,2060,,2070,,,,,,,,2,2,Appartement,73,3,,,,,,2.158672,48.8041
2021-1327265,2021-04-19,000001,Vente,330000,5,,RUE DE L ECOLE DES POSTES,0850,78000,78646,Versailles,78,,,78646000AZ0110,,,3575,,,,,,,,,,1,3,Dépendance,,0,,,,,,2.158672,48.8041
2021-1327286,2021-04-26,000001,Vente,810000,26,,RUE DE SATORY,2950,78000,78646,Versailles,78,,,78646000AH0130,,,14,100.15,45,,,,,,,,2,3,Dépendance,,0,,,,,,2.124477,48.800176
2021-1327286,2021-04-26,000001,Vente,810000,26,,RUE DE SATORY,2950,78000,78646,Versailles,78,,,78646000AH0130,,,14,100.15,45,,,,,,,,2,2,Appartement,103,4,,,,,,2.124477,48.800176
2021-1327286,2021-04-26,000001,Vente,810000,26,,RUE DE SATORY,2950,78000,78646,Versailles,78,,,78646000AH0130,,,14,100.15,45,,,,,,,,2,3,Dépendance,,0,,,,,,2.124477,48.800176
2021-1327287,2021-04-19,000001,Vente,20000,15,,RUE BENJAMIN FRANKLIN,0340,78000,78646,Versailles,78,,,78646000BS0035,,,102,,,,,,,,,,1,3,Dépendance,,0,,,,,,2.136519,48.797884
2021-1327294,2021-05-03,000001,Vente,12500,6,,RUE LOUIS HAUSSMANN,1679,78000,78646,Versailles,78,,,78646000AS0036,,,282,,,,,,,,,,1,3,Dépendance,,0,,,,,,2.147113,48.809569
2021-1327301,2021-04-30,000001,Vente,2680000,2,B,RUE CARNOT,0440,78000,78646,Versailles,78,,,78646000AE0365,,,,,,,,,,,,,0,1,Maison,317,9,S,sols,,,316,2.124404,48.806705
2021-1327302,2021-05-04,000001,Vente,28500,29,,BD ST ANTOINE,2690,78000,78646,Versailles,78,,,78646000AB0037,,,116,,,,,,,,,,1,3,Dépendance,,0,,,,,,2.122786,48.816854
2021-1327350,2021-04-30,000001,Vente,329000,3,,RUE ROYALE,2648,78000,78646,Versailles,78,,,78646000BT0002,,,10,,49,37.6,,,,,,,2,2,Appartement,45,3,,,,,,2.127859,48.798867
2021-1327353,2021-04-29,000001,Vente,14600,3,,PL LOUIS 14,1690,78000,78646,Versailles,78,,,78646000BC0076,,,25,,,,,,,,,,1,3,Dépendance,,0,,,,,,2.158503,48.799192
2021-1327369,2021-04-22,000001,Vente,390000,30,,RUE SAINT LOUIS,2810,78000,78646,Versailles,78,,,78646000BW0052,,,23,52.86,31,,,,,,,,2,2,Appartement,53,3,,,,,,2.126989,48.794522
2021-1327406,2021-04-22,000001,Vente,380000,16,,RUE CHAMP LAGARDE,0490,78000,78646,Versailles,78,,,78646000BO0081,,,19,,9,60.81,,,,,,,2,2,Appartement,62,3,,,,,,2.143116,48.800656
2021-1327448,2021-04-23,000001,Vente,795700,40,,AV DES ETATS UNIS,0990,78000,78646,Versailles,78,,,78646000AX0055,,,26,108.02,4,,,,,,,,2,3,Dépendance,,0,,,,,,2.145211,48.807165
2021-1327448,2021-04-23,000001,Vente,795700,40,,AV DES ETATS UNIS,0990,78000,78646,Versailles,78,,,78646000AX0055,,,26,108.02,4,,,,,,,,2,2,Appartement,106,5,,,,,,2.145211,48.807165
2021-1327467,2021-04-21,000001,Vente,470000,50,,AV DE VILLENEUVE L ETANG,3200,78000,78646,Versailles,78,,,78646000AO0162,,,207,91.06,224,,,,,,,,2,2,Appartement,92,4,,,,,,2.148061,48.818119
2021-1327467,2021-04-21,000001,Vente,470000,50,,AV DE VILLENEUVE L ETANG,3200,78000,78646,Versailles,78,,,78646000AO0162,,,164,,,,,,,,,,1,3,Dépendance,,0,,,,,,2.148061,48.818119
2021-1327468,2021-04-26,000001,Vente,18000,21,,RUE VICTOR BART,3160,78000,78646,Versailles,78,,,78646000AS0012,,,10,,,,,,,,,,1,3,Dépendance,,0,,,,,,2.145679,48.809731
2021-1327513,2021-05-07,000001,Vente,471000,3,,RUE DES TOURNELLES,3050,78000,78646,Versailles,78,,,78646000BV0077,,,16,47.76,17,,22,,23,47.76,,,4,2,Appartement,50,2,,,,,,2.126066,48.798596
2021-1327520,2021-04-29,000001,Vente,205000,17,,RUE DE LA CEINTURE,0460,78000,78646,Versailles,78,,,78646000AV0074,,,15,,3,46.01,,,,,,,2,2,Appartement,45,2,,,,,,2.152664,48.808952
2021-1327540,2021-04-16,000001,Vente,170000,7,,RUE SAINT LOUIS,2810,78000,78646,Versailles,78,,,78646000BV0184,,,2,19,,,,,,,,,1,2,Appartement,25,1,,,,,,2.124317,48.795686
2021-1327547,2021-04-09,000001,Vente,420000,28,,RUE DE MONTREUIL,2000,78000,78646,Versailles,78,,,78646000AX0318,,,1,94.1,3,42.28,,,,,,,2,4,Local industriel. commercial ou assimilé,128,0,,,,,,2.144828,48.804676
2021-1327556,2021-04-22,000001,Vente,650000,98,,AV DE PARIS,2180,78000,78646,Versailles,78,,,78646000BK0001,,,164,,34,111.47,,,,,,,2,2,Appartement,110,5,,,,,,2.149414,48.797242
2021-1327556,2021-04-22,000001,Vente,650000,98,,AV DE PARIS,2180,78000,78646,Versailles,78,,,78646000BK0001,,,164,,34,111.47,,,,,,,2,3,Dépendance,,0,,,,,,2.149414,48.797242
2021-1327556,2021-04-22,000001,Vente,650000,98,,AV DE PARIS,2180,78000,78646,Versailles,78,,,78646000BK0001,,,341,,,,,,,,,,1,3,Dépendance,,0,,,,,,2.149414,48.797242
2021-1327564,2021-05-03,000001,Vente,699350,40,,BD DU ROI,2641,78000,78646,Versailles,78,,,78646000AD0407,,,172,103.91,,,,,,,,,1,3,Dépendance,,0,,,,,,2.129146,48.814076
2021-1327564,2021-05-03,000001,Vente,699350,40,,BD DU ROI,2641,78000,78646,Versailles,78,,,78646000AD0407,,,191,,,,,,,,,,1,3,Dépendance,,0,,,,,,2.129146,48.814076
2021-1327564,2021-05-03,000001,Vente,699350,40,,BD DU ROI,2641,78000,78646,Versailles,78,,,78646000AD0407,,,172,103.91,,,,,,,,,1,2,Appartement,95,5,,,,,,2.129146,48.814076
2021-1327567,2021-04-21,000001,Vente,1202800,49,,RUE DU MAL FOCH,1810,78000,78646,Versailles,78,,,78646000AD0103,,,112,,139,,,,,,,,2,2,Appartement,162,6,,,,,,2.133659,48.809782
2021-1327594,2021-05-06,000001,Vente,725000,1,,RUE DE SAVOIE,2970,78000,78646,Versailles,78,,,78646000AC0198,,,5,,8,,,,,,,,2,2,Appartement,132,5,,,,,,2.124871,48.810935
2021-1327594,2021-05-06,000001,Vente,725000,1,,RUE DE SAVOIE,2970,78000,78646,Versailles,78,,,78646000AC0198,,,5,,8,,,,,,,,2,3,Dépendance,,0,,,,,,2.124871,48.810935
2021-1327605,2021-04-21,000001,Vente,542000,2,,RUE DES RESERVOIRS,2580,78000,78646,Versailles,78,,,78646000AE0375,,,475,63.54,,,,,,,,,1,2,Appartement,64,2,,,,,,2.123878,48.805836
2021-1327605,2021-04-21,000001,Vente,542000,2,,RUE DES RESERVOIRS,2580,78000,78646,Versailles,78,,,78646000AE0375,,,77,,,,,,,,,,1,3,Dépendance,,0,,,,,,2.123878,48.805836
2021-1327605,2021-04-21,000001,Vente,542000,2,,RUE DES RESERVOIRS,2580,78000,78646,Versailles,78,,,78646000AE0375,,,462,,,,,,,,,,1,3,Dépendance,,0,,,,,,2.123878,48.805836
2021-1327605,2021-04-21,000001,Vente,542000,2,,RUE DES RESERVOIRS,2580,78000,78646,Versailles,78,,,78646000AE0375,,,36,,,,,,,,,,1,3,Dépendance,,0,,,,,,2.123878,48.805836
2021-1327641,2021-05-07,000001,Vente,512800,58,,RUE DES CHANTIERS,0530,78000,78646,Versailles,78,,,78646000BL0327,,,233,,68,94.37,,,,,,,2,3,Dépendance,,0,,,,,,2.142467,48.792993
2021-1327641,2021-05-07,000001,Vente,512800,58,,RUE DES CHANTIERS,0530,78000,78646,Versailles,78,,,78646000BL0327,,,383,,,,,,,,,,1,3,Dépendance,,0,,,,,,2.142467,48.792993
2021-1327641,2021-05-07,000001,Vente,512800,58,,RUE DES CHANTIERS,0530,78000,78646,Versailles,78,,,78646000BL0327,,,233,,68,94.37,,,,,,,2,2,Appartement,92,4,,,,,,2.142467,48.792993
2021-1327648,2021-05-03,000001,Vente,533000,8,,RUE JEAN MERMOZ,1460,78000,78646,Versailles,78,,,78646000BN0035,,,20,68.79,,,,,,,,,1,2,Appartement,69,3,,,,,,2.142529,48.797184
2021-1327648,2021-05-03,000001,Vente,533000,8,,RUE JEAN MERMOZ,1460,78000,78646,Versailles,78,,,78646000BN0035,,,82,,,,,,,,,,1,3,Dépendance,,0,,,,,,2.142529,48.797184
2021-1327654,2021-04-15,000001,Vente,742000,60,,RUE PIERRE CORNEILLE,2295,78000,78646,Versailles,78,,,78646000BI0344,,,,,,,,,,,,,0,1,Maison,83,4,S,sols,,,190,2.154786,48.791376
2021-1327662,2021-04-28,000001,Vente,1160000,30,,RUE DU MAL FOCH,1810,78000,78646,Versailles,78,,,78646000AI0325,,,10,,,,,,,,,,1,3,Dépendance,,0,,,,,,2.133452,48.80854
2021-1327662,2021-04-28,000001,Vente,1160000,30,,RUE DU MAL FOCH,1810,78000,78646,Versailles,78,,,78646000AI0325,,,6,108.15,,,,,,,,,1,2,Appartement,108,5,,,,,,2.133452,48.80854
2021-1327688,2021-04-29,000001,Vente,22500,15,,RUE ALBERT JOLY,0050,78000,78646,Versailles,78,,,78646000AK0111,,,47,,,,,,,,,,1,3,Dépendance,,0,,,,,,2.137939,48.810755
2021-1327692,2021-04-19,000001,Vente,535000,1,,RUE CHAMP LAGARDE,0490,78000,78646,Versailles,78,,,78646000BP0132,,,125,,55,,,,,,,,2,3,Dépendance,,0,,,,,,2.1408,48.800274
2021-1327692,2021-04-19,000001,Vente,535000,1,,RUE CHAMP LAGARDE,0490,78000,78646,Versailles,78,,,78646000BP0132,,,125,,55,,,,,,,,2,2,Appartement,87,4,,,,,,2.1408,48.800274
2021-1327692,2021-04-19,000001,Vente,535000,53,,AV DE PARIS,2180,78000,78646,Versailles,78,,,78646000BP0132,,,184,,,,,,,,,,1,3,Dépendance,,0,,,,,,2.1408,48.800274
2021-1327715,2021-04-20,000001,Vente,154220,23,,RUE DE NOAILLES,2050,78000,78646,Versailles,78,,,78646000BR0119,,,3,19.13,,,,,,,,,1,2,Appartement,20,1,,,,,,2.13528,48.798309
2021-1327717,2021-05-05,000001,Vente,812850,75,,RUE DU MAL FOCH,1810,78000,78646,Versailles,78,,,78646000AD0341,,,23,,9,100.09,,,,,,,2,2,Appartement,99,5,,,,,,2.135408,48.812785
2021-1327717,2021-05-05,000001,Vente,812850,75,,RUE DU MAL FOCH,1810,78000,78646,Versailles,78,,,78646000AD0341,,,30,,,,,,,,,,1,3,Dépendance,,0,,,,,,2.135408,48.812785
2021-1327729,2021-04-28,000001,Vente,625000,14,,BD DE LA REPUBLIQUE,2570,78000,78646,Versailles,78,,,78646000AX0484,,,51,,60,110.32,,,,,,,2,3,Dépendance,,0,,,,,,2.147475,48.806773
2021-1327729,2021-04-28,000001,Vente,625000,14,,BD DE LA REPUBLIQUE,2570,78000,78646,Versailles,78,,,78646000AX0484,,,51,,60,110.32,,,,,,,2,2,Appartement,110,4,,,,,,2.147475,48.806773
2021-1327742,2021-03-31,000001,Vente,985030,7,,RUE RACINE,2480,78000,78646,Versailles,78,,,78646000BL0186,,,,,,,,,,,,,0,1,Maison,120,5,S,sols,,,275,2.145319,48.794332
2021-1327747,2021-04-20,000001,Vente,163000,6,,RUE DE L OCCIDENT,2100,78000,78646,Versailles,78,,,78646000BV0111,,,17,18,,,,,,,,,1,2,Appartement,18,2,,,,,,2.125437,48.797654
2021-1327750,2021-05-05,000001,Vente,1000,1,,RUE BORGNIS DESBORDES,0395,78000,78646,Versailles,78,,,78646000BW0225,,1,,,,,,,,,,,0,,,,,,,,,,2.122858,48.795353
2021-1327750,2021-05-05,000001,Vente,1000,1,,RUE BORGNIS DESBORDES,0395,78000,78646,Versailles,78,,,78646000BW0225,,7,,,,,,,,,,,0,,,,,,,,,,2.122858,48.795353
2021-1327750,2021-05-05,000001,Vente,1000,1,,RUE BORGNIS DESBORDES,0395,78000,78646,Versailles,78,,,78646000BW0225,,8,,,,,,,,,,,0,,,,,,,,,,2.122858,48.795353
2021-1327750,2021-05-05,000001,Vente,1000,1,,RUE BORGNIS DESBORDES,0395,78000,78646,Versailles,78,,,78646000BW0225,,9,,,,,,,,,,,0,,,,,,,,,,2.122858,48.795353
2021-1327750,2021-05-05,000001,Vente,1000,1,,RUE BORGNIS DESBORDES,0395,78000,78646,Versailles,78,,,78646000BW0225,,,6052,,,,,,,,,,1,3,Dépendance,,0,,,,,,2.122858,48.795353
2021-1327768,2021-05-06,000001,Vente,820000,28,,RUE SAINTE VICTOIRE,2920,78000,78646,Versailles,78,,,78646000AD0280,,,101,,11,,12,,5,,,,4,2,Appartement,120,6,,,,,,2.132177,48.811725
2021-1327806,2021-04-28,000001,Vente,550000,3,,RUE DE SAVOIE,2970,78000,78646,Versailles,78,,,78646000AC0327,,,1,58.36,,,,,,,,,1,2,Appartement,57,3,,,,,,2.124953,48.811159
2021-1327806,2021-04-28,000001,Vente,550000,12,,RUE DU MARECHAL GALLIENI,1812,78000,78646,Versailles,78,,,78646000AC0328,,,24,,,,,,,,,,1,3,Dépendance,,0,,,,,,2.124428,48.811239
2021-1327856,2021-05-06,000001,Vente,323000,68,,RUE DE MONTREUIL,2000,78000,78646,Versailles,78,,,78646000AY0026,,,123,58.14,,,,,,,,,1,2,Appartement,57,4,,,,,,2.150565,48.803962
2021-1327856,2021-05-06,000001,Vente,323000,68,,RUE DE MONTREUIL,2000,78000,78646,Versailles,78,,,78646000AY0026,,,123,58.14,,,,,,,,,1,3,Dépendance,,0,,,,,,2.150565,48.803962
2021-1327856,2021-05-06,000001,Vente,323000,68,,RUE DE MONTREUIL,2000,78000,78646,Versailles,78,,,78646000AY0026,,,123,58.14,,,,,,,,,1,3,Dépendance,,0,,,,,,2.150565,48.803962
2021-1327856,2021-05-06,000001,Vente,323000,68,,RUE DE MONTREUIL,2000,78000,78646,Versailles,78,,,78646000AY0026,,,438,,,,,,,,,,1,3,Dépendance,,0,,,,,,2.150565,48.803962
2021-1327869,2021-04-22,000001,Vente,140000,3,,RUE DE LIMOGES,1660,78000,78646,Versailles,78,,,78646000BR0043,,,10,,,,,,,,,,1,3,Dépendance,,0,,,,,,2.132405,48.799591
2021-1327869,2021-04-22,000001,Vente,140000,3,,RUE DE LIMOGES,1660,78000,78646,Versailles,78,,,78646000BR0043,,,11,,12,,13,,,,,,3,4,Local industriel. commercial ou assimilé,177,0,,,,,,2.132405,48.799591
2021-1327875,2021-04-16,000001,Vente,52000,18,,RUE SAINTE SOPHIE,2890,78000,78646,Versailles,78,,,78646000AD0311,,,99,,,,,,,,,,1,3,Dépendance,,0,,,,,,2.133996,48.811487
2021-1327875,2021-04-16,000001,Vente,52000,18,,RUE SAINTE SOPHIE,2890,78000,78646,Versailles,78,,,78646000AD0311,,,98,,,,,,,,,,1,3,Dépendance,,0,,,,,,2.133996,48.811487
2021-1327904,2021-04-20,000001,Vente,1003000,41,,RUE BERTHIER,0370,78000,78646,Versailles,78,,,78646000AD0240,,,9,91.8,,,,,,,,,1,1,Maison,92,4,,,,,,2.12982,48.811663
2021-1327913,2021-04-16,000001,Vente,30000,52,T,AV DE SAINT CLOUD,2730,78000,78646,Versailles,78,,,78646000BP0260,,,481,,,,,,,,,,1,3,Dépendance,,0,,,,,,2.137262,48.804537
2021-1327922,2021-05-04,000001,Vente,255000,15,,RUE MONTBAURON,1970,78000,78646,Versailles,78,,,78646000AI0072,,,22,37.3,,,,,,,,,1,2,Appartement,45,2,,,,,,2.135047,48.803936
2021-1327933,2021-04-29,000001,Vente,1320000,10,,AV JEAN JAURES,1450,78000,78646,Versailles,78,,,78646000AL0023,,,,,,,,,,,,,0,1,Maison,117,4,S,sols,,,355,2.140898,48.817976
2021-1327938,2021-04-22,000001,Vente,180000,3,,RUE D ARTOIS,0210,78000,78646,Versailles,78,,,78646000AX0342,,,20,27.73,25,,37,,,,,,3,2,Appartement,29,2,,,,,,2.144717,48.804175
2021-1327939,2021-05-04,000001,Vente,269002.3,2,,RUE ANDRE CHENIER,0160,78000,78646,Versailles,78,,,78646000AI0120,,,5,56.4,,,,,,,,,1,2,Appartement,40,2,,,,,,2.132705,48.805861
2021-1327939,2021-05-04,000001,Vente,269002.3,2,,RUE ANDRE CHENIER,0160,78000,78646,Versailles,78,,,78646000AI0120,,,4,29,,,,,,,,,1,2,Appartement,28,1,,,,,,2.132705,48.805861
2021-1327951,2021-04-29,000001,Vente,345920,2,,RUE ALEXIS DE TOCQUEVILLE,0128,78000,78646,Versailles,78,,,78646000BS0226,,,4016,41.18,,,,,,,,,1,2,Appartement,41,2,,,,,,2.132076,48.794722
2021-1327970,2021-04-23,000001,Vente,920000,30,,RUE DU MAL FOCH,1810,78000,78646,Versailles,78,,,78646000AI0325,,,12,,,,,,,,,,1,3,Dépendance,,0,,,,,,2.133452,48.80854
2021-1327970,2021-04-23,000001,Vente,920000,30,,RUE DU MAL FOCH,1810,78000,78646,Versailles,78,,,78646000AI0325,,,2,79.95,,,,,,,,,1,2,Appartement,79,3,,,,,,2.133452,48.80854
2021-1327975,2021-04-26,000001,Vente,376250,36,,RUE DU VIEUX VERSAILLES,3180,78000,78646,Versailles,78,,,78646000AH0127,,,17,38.2,18,,20,,,,,,3,2,Appartement,42,2,,,,,,2.124469,48.800269
2021-1327987,2021-05-07,000001,Vente en l'état futur d'achèvement,890000,9,,RUE VAUBAN,3110,78000,78646,Versailles,78,,,78646000AY0310,,,1021,,,,,,,,,,1,3,Dépendance,,0,,,,,,2.15313,48.799852
2021-1327987,2021-05-07,000001,Vente en l'état futur d'achèvement,890000,9,,RUE VAUBAN,3110,78000,78646,Versailles,78,,,78646000AY0310,,,231,,,,,,,,,,1,2,Appartement,110,5,,,,,,2.15313,48.799852
2021-1327987,2021-05-07,000001,Vente en l'état futur d'achèvement,890000,9,,RUE VAUBAN,3110,78000,78646,Versailles,78,,,78646000AY0310,,,1020,,,,,,,,,,1,3,Dépendance,,0,,,,,,2.15313,48.799852
2021-1327989,2021-04-29,000001,Vente,1150000,12,B,RUE DE NOAILLES,2050,78000,78646,Versailles,78,,,78646000BR0068,,,,,,,,,,,,,0,2,Appartement,61,3,S,sols,,,511,2.135048,48.79903
2021-1327989,2021-04-29,000001,Vente,1150000,12,B,RUE DE NOAILLES,2050,78000,78646,Versailles,78,,,78646000BR0068,,,,,,,,,,,,,0,3,Dépendance,,0,S,sols,,,511,2.135048,48.79903
2021-1327989,2021-04-29,000001,Vente,1150000,12,B,RUE DE NOAILLES,2050,78000,78646,Versailles,78,,,78646000BR0068,,,,,,,,,,,,,0,3,Dépendance,,0,S,sols,,,511,2.135048,48.79903
2021-1327989,2021-04-29,000001,Vente,1150000,12,B,RUE DE NOAILLES,2050,78000,78646,Versailles,78,,,78646000BR0068,,,,,,,,,,,,,0,3,Dépendance,,0,S,sols,,,511,2.135048,48.79903
2021-1327989,2021-04-29,000001,Vente,1150000,12,B,RUE DE NOAILLES,2050,78000,78646,Versailles,78,,,78646000BR0068,,,,,,,,,,,,,0,2,Appartement,70,4,S,sols,,,511,2.135048,48.79903
2021-1327989,2021-04-29,000001,Vente,1150000,12,B,RUE DE NOAILLES,2050,78000,78646,Versailles,78,,,78646000BR0068,,,,,,,,,,,,,0,3,Dépendance,,0,S,sols,,,511,2.135048,48.79903
2021-1327989,2021-04-29,000001,Vente,1150000,12,B,RUE DE NOAILLES,2050,78000,78646,Versailles,78,,,78646000BR0068,,,,,,,,,,,,,0,3,Dépendance,,0,S,sols,,,511,2.135048,48.79903
2021-1327989,2021-04-29,000001,Vente,1150000,12,B,RUE DE NOAILLES,2050,78000,78646,Versailles,78,,,78646000BR0068,,,,,,,,,,,,,0,3,Dépendance,,0,S,sols,,,511,2.135048,48.79903
2021-1327991,2021-04-29,000001,Vente,1150000,31,,RUE DES ETATS GENERAUX,0980,78000,78646,Versailles,78,,,78646000BR0048,,,,,,,,,,,,,0,1,Maison,55,4,S,sols,,,1078,2.134387,48.799113
2021-1327991,2021-04-29,000001,Vente,1150000,31,,RUE DES ETATS GENERAUX,0980,78000,78646,Versailles,78,,,78646000BR0048,,,,,,,,,,,,,0,2,Appartement,69,3,S,sols,,,1078,2.134387,48.799113
2021-1327991,2021-04-29,000001,Vente,1150000,31,,RUE DES ETATS GENERAUX,0980,78000,78646,Versailles,78,,,78646000BR0048,,,,,,,,,,,,,0,4,Local industriel. commercial ou assimilé,137,0,S,sols,,,1078,2.134387,48.799113
2021-1327991,2021-04-29,000001,Vente,1150000,31,,RUE DES ETATS GENERAUX,0980,78000,78646,Versailles,78,,,78646000BR0048,,,,,,,,,,,,,0,4,Local industriel. commercial ou assimilé,516,0,S,sols,,,1078,2.134387,48.799113
2021-1327991,2021-04-29,000001,Vente,1150000,31,,RUE DES ETATS GENERAUX,0980,78000,78646,Versailles,78,,,78646000BR0048,,,,,,,,,,,,,0,3,Dépendance,,0,S,sols,,,1078,2.134387,48.799113
2021-1327991,2021-04-29,000001,Vente,1150000,31,,RUE DES ETATS GENERAUX,0980,78000,78646,Versailles,78,,,78646000BR0048,,,,,,,,,,,,,0,2,Appartement,55,3,S,sols,,,1078,2.134387,48.799113
2021-1327997,2021-05-07,000001,Vente,498950,5,,RUE DE L ECOLE DES POSTES,0850,78000,78646,Versailles,78,,,78646000AZ0110,,,3643,,,,,,,,,,1,3,Dépendance,,0,,,,,,2.158672,48.8041
2021-1327997,2021-05-07,000001,Vente,498950,24,,PROM MONA LISA,1965,78000,78646,Versailles,78,,,78646000AZ0110,,,2129,99.82,,,,,,,,,1,3,Dépendance,,0,,,,,,2.158672,48.8041
2021-1327997,2021-05-07,000001,Vente,498950,24,,PROM MONA LISA,1965,78000,78646,Versailles,78,,,78646000AZ0110,,,2129,99.82,,,,,,,,,1,2,Appartement,101,4,,,,,,2.158672,48.8041
2021-1328005,2021-05-14,000001,Vente,730000,26,,RUE DU PARC DE CLAGNY,2171,78000,78646,Versailles,78,,,78646000AP0071,,,3,93.73,4,,,,,,,,2,3,Dépendance,,0,,,,,,2.141869,48.81526
2021-1328005,2021-05-14,000001,Vente,730000,28,,RUE DU PARC DE CLAGNY,2171,78000,78646,Versailles,78,,,78646000AP0071,,,105,,,,,,,,,,1,3,Dépendance,,0,,,,,,2.141869,48.81526
2021-1328005,2021-05-14,000001,Vente,730000,26,,RUE DU PARC DE CLAGNY,2171,78000,78646,Versailles,78,,,78646000AP0071,,,3,93.73,4,,,,,,,,2,2,Appartement,93,4,,,,,,2.141869,48.81526
2021-1328014,2021-05-11,000001,Vente,20000,10,,RUE DE L ERMITAGE,0940,78000,78646,Versailles,78,,,78646000AC0314,,,61,,,,,,,,,,1,3,Dépendance,,0,,,,,,2.123933,48.814609
2021-1328038,2021-04-29,000001,Vente,25000,2,,RUE ALEXIS DE TOCQUEVILLE,0128,78000,78646,Versailles,78,,,78646000BS0226,,,4308,,,,,,,,,,1,3,Dépendance,,0,,,,,,2.132076,48.794722
2021-1328071,2021-05-11,000001,Vente,366000,2,,RUE MAZIERE,1880,78000,78646,Versailles,78,,,78646000AH0039,,,13,52.04,,,,,,,,,1,2,Appartement,47,2,,,,,,2.122404,48.800831
2021-1328079,2021-04-27,000001,Vente,13580000,9,,PL ROYALE,2650,78000,78646,Versailles,78,,,78646000AZ0110,,,1229,,,,,,,,,,1,3,Dépendance,,0,,,,,,2.158672,48.8041
2021-1328079,2021-04-27,000001,Vente,13580000,7,,PL ROBERT DENIS,2625,78000,78646,Versailles,78,,,78646000AZ0110,,,1384,,1476,,,,,,,,2,3,Dépendance,,0,,,,,,2.158672,48.8041
2021-1328079,2021-04-27,000001,Vente,13580000,5,,PL ROBERT DENIS,2625,78000,78646,Versailles,78,,,78646000AZ0110,,,1403,,1472,,,,,,,,2,3,Dépendance,,0,,,,,,2.158672,48.8041
2021-1328079,2021-04-27,000001,Vente,13580000,5,,PL ROBERT DENIS,2625,78000,78646,Versailles,78,,,78646000AZ0110,,,1403,,1472,,,,,,,,2,3,Dépendance,,0,,,,,,2.158672,48.8041
2021-1328079,2021-04-27,000001,Vente,13580000,9,,PL ROYALE,2650,78000,78646,Versailles,78,,,78646000AZ0110,,,1220,,,,,,,,,,1,2,Appartement,116,5,,,,,,2.158672,48.8041
2021-1328079,2021-04-27,000001,Vente,13580000,5,,RUE DE L ECOLE DES POSTES,0850,78000,78646,Versailles,78,,,78646000AZ0110,,,3085,,,,,,,,,,1,3,Dépendance,,0,,,,,,2.158672,48.8041
2021-1328079,2021-04-27,000001,Vente,13580000,5,,RUE DE L ECOLE DES POSTES,0850,78000,78646,Versailles,78,,,78646000AZ0110,,,3083,,,,,,,,,,1,3,Dépendance,,0,,,,,,2.158672,48.8041
2021-1328079,2021-04-27,000001,Vente,13580000,5,,RUE DE L ECOLE DES POSTES,0850,78000,78646,Versailles,78,,,78646000AZ0110,,,2944,,,,,,,,,,1,3,Dépendance,,0,,,,,,2.158672,48.8041
2021-1328079,2021-04-27,000001,Vente,13580000,1,,PL ROBERT DENIS,2625,78000,78646,Versailles,78,,,78646000AZ0110,,,1424,,1441,,,,,,,,2,3,Dépendance,,0,,,,,,2.158672,48.8041
2021-1328079,2021-04-27,000001,Vente,13580000,7,,PL ROBERT DENIS,2625,78000,78646,Versailles,78,,,78646000AZ0110,,,1383,,1482,,,,,,,,2,3,Dépendance,,0,,,,,,2.158672,48.8041
2021-1328079,2021-04-27,000001,Vente,13580000,5,,PL ROBERT DENIS,2625,78000,78646,Versailles,78,,,78646000AZ0110,,,1398,,1467,,,,,,,,2,3,Dépendance,,0,,,,,,2.158672,48.8041
2021-1328079,2021-04-27,000001,Vente,13580000,1,,PROM MONA LISA,1965,78000,78646,Versailles,78,,,78646000AZ0110,,,2542,,2591,,,,,,,,2,3,Dépendance,,0,,,,,,2.158672,48.8041
2021-1328079,2021-04-27,000001,Vente,13580000,3,,PL ROBERT DENIS,2625,78000,78646,Versailles,78,,,78646000AZ0110,,,1412,,1450,,,,,,,,2,3,Dépendance,,0,,,,,,2.158672,48.8041
2021-1328079,2021-04-27,000001,Vente,13580000,1,,PL ROBERT DENIS,2625,78000,78646,Versailles,78,,,78646000AZ0110,,,1423,,1440,,,,,,,,2,3,Dépendance,,0,,,,,,2.158672,48.8041
2021-1328079,2021-04-27,000001,Vente,13580000,1,,PL ROBERT DENIS,2625,78000,78646,Versailles,78,,,78646000AZ0110,,,1427,,1444,,,,,,,,2,3,Dépendance,,0,,,,,,2.158672,48.8041
2021-1328079,2021-04-27,000001,Vente,13580000,5,,PL ROBERT DENIS,2625,78000,78646,Versailles,78,,,78646000AZ0110,,,1392,,1461,,,,,,,,2,3,Dépendance,,0,,,,,,2.158672,48.8041
2021-1328079,2021-04-27,000001,Vente,13580000,9,,PL ROYALE,2650,78000,78646,Versailles,78,,,78646000AZ0110,,,1211,,,,,,,,,,1,3,Dépendance,,0,,,,,,2.158672,48.8041
2021-1328079,2021-04-27,000001,Vente,13580000,1,,PROM MONA LISA,1965,78000,78646,Versailles,78,,,78646000AZ0110,,,2544,,2598,,,,,,,,2,3,Dépendance,,0,,,,,,2.158672,48.8041
2021-1328079,2021-04-27,000001,Vente,13580000,1,,PL ROBERT DENIS,2625,78000,78646,Versailles,78,,,78646000AZ0110,,,1425,,1442,,,,,,,,2,3,Dépendance,,0,,,,,,2.158672,48.8041
2021-1328079,2021-04-27,000001,Vente,13580000,9,,PL ROYALE,2650,78000,78646,Versailles,78,,,78646000AZ0110,,,1221,,,,,,,,,,1,2,Appartement,132,5,,,,,,2.158672,48.8041
2021-1328079,2021-04-27,000001,Vente,13580000,9,,PL ROYALE,2650,78000,78646,Versailles,78,,,78646000AZ0110,,,1229,,,,,,,,,,1,2,Appartement,117,5,,,,,,2.158672,48.8041
2021-1328079,2021-04-27,000001,Vente,13580000,9,,PL ROYALE,2650,78000,78646,Versailles,78,,,78646000AZ0110,,,1221,,,,,,,,,,1,3,Dépendance,,0,,,,,,2.158672,48.8041
2021-1328079,2021-04-27,000001,Vente,13580000,5,,RUE DE L ECOLE DES POSTES,0850,78000,78646,Versailles,78,,,78646000AZ0110,,,1266,,,,,,,,,,1,3,Dépendance,,0,,,,,,2.158672,48.8041
2021-1328079,2021-04-27,000001,Vente,13580000,5,,PL ROBERT DENIS,2625,78000,78646,Versailles,78,,,78646000AZ0110,,,1394,,1463,,,,,,,,2,3,Dépendance,,0,,,,,,2.158672,48.8041
2021-1328079,2021-04-27,000001,Vente,13580000,3,,PL ROBERT DENIS,2625,78000,78646,Versailles,78,,,78646000AZ0110,,,1409,,1459,,,,,,,,2,3,Dépendance,,0,,,,,,2.158672,48.8041
2021-1328079,2021-04-27,000001,Vente,13580000,9,,PL ROYALE,2650,78000,78646,Versailles,78,,,78646000AZ0110,,,1203,,,,,,,,,,1,3,Dépendance,,0,,,,,,2.158672,48.8041
2021-1328079,2021-04-27,000001,Vente,13580000,3,,PL ROBERT DENIS,2625,78000,78646,Versailles,78,,,78646000AZ0110,,,1409,,1459,,,,,,,,2,3,Dépendance,,0,,,,,,2.158672,48.8041
2021-1328079,2021-04-27,000001,Vente,13580000,9,,PL ROYALE,2650,78000,78646,Versailles,78,,,78646000AZ0110,,,1216,,,,,,,,,,1,3,Dépendance,,0,,,,,,2.158672,48.8041
2021-1328079,2021-04-27,000001,Vente,13580000,9,,PL ROYALE,2650,78000,78646,Versailles,78,,,78646000AZ0110,,,1206,,,,,,,,,,1,3,Dépendance,,0,,,,,,2.158672,48.8041
2021-1328079,2021-04-27,000001,Vente,13580000,1,,PROM MONA LISA,1965,78000,78646,Versailles,78,,,78646000AZ0110,,,2541,,2593,,,,,,,,2,3,Dépendance,,0,,,,,,2.158672,48.8041
2021-1328079,2021-04-27,000001,Vente,13580000,1,,PROM MONA LISA,1965,78000,78646,Versailles,78,,,78646000AZ0110,,,2541,,2593,,,,,,,,2,3,Dépendance,,0,,,,,,2.158672,48.8041
2021-1328079,2021-04-27,000001,Vente,13580000,3,,PL ROBERT DENIS,2625,78000,78646,Versailles,78,,,78646000AZ0110,,,1458,,,,,,,,,,1,3,Dépendance,,0,,,,,,2.158672,48.8041
2021-1328079,2021-04-27,000001,Vente,13580000,9,,PL ROYALE,2650,78000,78646,Versailles,78,,,78646000AZ0110,,,1204,,,,,,,,,,1,3,Dépendance,,0,,,,,,2.158672,48.8041
2021-1328079,2021-04-27,000001,Vente,13580000,7,,PL ROBERT DENIS,2625,78000,78646,Versailles,78,,,78646000AZ0110,,,1384,,1476,,,,,,,,2,2,Appartement,70,2,,,,,,2.158672,48.8041
2021-1328079,2021-04-27,000001,Vente,13580000,1,,PROM MONA LISA,1965,78000,78646,Versailles,78,,,78646000AZ0110,,,2542,,2591,,,,,,,,2,2,Appartement,120,3,,,,,,2.158672,48.8041
2021-1328079,2021-04-27,000001,Vente,13580000,1,,PROM MONA LISA,1965,78000,78646,Versailles,78,,,78646000AZ0110,,,2541,,2593,,,,,,,,2,2,Appartement,119,5,,,,,,2.158672,48.8041
2021-1328079,2021-04-27,000001,Vente,13580000,1,,PROM MONA LISA,1965,78000,78646,Versailles,78,,,78646000AZ0110,,,2544,,2598,,,,,,,,2,2,Appartement,51,2,,,,,,2.158672,48.8041
2021-1328079,2021-04-27,000001,Vente,13580000,1,,PL ROBERT DENIS,2625,78000,78646,Versailles,78,,,78646000AZ0110,,,1423,,1440,,,,,,,,2,2,Appartement,87,3,,,,,,2.158672,48.8041
2021-1328079,2021-04-27,000001,Vente,13580000,1,,PL ROBERT DENIS,2625,78000,78646,Versailles,78,,,78646000AZ0110,,,1424,,1441,,,,,,,,2,2,Appartement,81,3,,,,,,2.158672,48.8041
2021-1328079,2021-04-27,000001,Vente,13580000,1,,PL ROBERT DENIS,2625,78000,78646,Versailles,78,,,78646000AZ0110,,,1425,,1442,,,,,,,,2,2,Appartement,87,3,,,,,,2.158672,48.8041
2021-1328079,2021-04-27,000001,Vente,13580000,1,,PL ROBERT DENIS,2625,78000,78646,Versailles,78,,,78646000AZ0110,,,1427,,1444,,,,,,,,2,2,Appartement,87,3,,,,,,2.158672,48.8041
2021-1328079,2021-04-27,000001,Vente,13580000,1,,PL ROBERT DENIS,2625,78000,78646,Versailles,78,,,78646000AZ0110,,,1428,,1445,,,,,,,,2,2,Appartement,81,3,,,,,,2.158672,48.8041
2021-1328079,2021-04-27,000001,Vente,13580000,3,,PL ROBERT DENIS,2625,78000,78646,Versailles,78,,,78646000AZ0110,,,1410,,1448,,,,,,,,2,2,Appartement,63,2,,,,,,2.158672,48.8041
2021-1328079,2021-04-27,000001,Vente,13580000,3,,PL ROBERT DENIS,2625,78000,78646,Versailles,78,,,78646000AZ0110,,,1412,,1450,,,,,,,,2,2,Appartement,102,4,,,,,,2.158672,48.8041
2021-1328079,2021-04-27,000001,Vente,13580000,3,,PL ROBERT DENIS,2625,78000,78646,Versailles,78,,,78646000AZ0110,,,1413,,1451,,,,,,,,2,2,Appartement,85,3,,,,,,2.158672,48.8041
2021-1328079,2021-04-27,000001,Vente,13580000,3,,PL ROBERT DENIS,2625,78000,78646,Versailles,78,,,78646000AZ0110,,,1417,,1455,,,,,,,,2,2,Appartement,85,3,,,,,,2.158672,48.8041
2021-1328079,2021-04-27,000001,Vente,13580000,3,,PL ROBERT DENIS,2625,78000,78646,Versailles,78,,,78646000AZ0110,,,1458,,,,,,,,,,1,2,Appartement,102,4,,,,,,2.158672,48.8041
2021-1328079,2021-04-27,000001,Vente,13580000,3,,PL ROBERT DENIS,2625,78000,78646,Versailles,78,,,78646000AZ0110,,,1409,,1459,,,,,,,,2,2,Appartement,73,3,,,,,,2.158672,48.8041
2021-1328079,2021-04-27,000001,Vente,13580000,5,,PL ROBERT DENIS,2625,78000,78646,Versailles,78,,,78646000AZ0110,,,1392,,1461,,,,,,,,2,2,Appartement,63,2,,,,,,2.158672,48.8041
2021-1328079,2021-04-27,000001,Vente,13580000,5,,PL ROBERT DENIS,2625,78000,78646,Versailles,78,,,78646000AZ0110,,,1394,,1463,,,,,,,,2,2,Appartement,42,1,,,,,,2.158672,48.8041
2021-1328079,2021-04-27,000001,Vente,13580000,5,,PL ROBERT DENIS,2625,78000,78646,Versailles,78,,,78646000AZ0110,,,1395,,1464,,,,,,,,2,2,Appartement,102,4,,,,,,2.158672,48.8041
2021-1328079,2021-04-27,000001,Vente,13580000,5,,PL ROBERT DENIS,2625,78000,78646,Versailles,78,,,78646000AZ0110,,,1398,,1467,,,,,,,,2,2,Appartement,85,3,,,,,,2.158672,48.8041
2021-1328079,2021-04-27,000001,Vente,13580000,5,,PL ROBERT DENIS,2625,78000,78646,Versailles,78,,,78646000AZ0110,,,1399,,1468,,,,,,,,2,2,Appartement,102,4,,,,,,2.158672,48.8041
2021-1328079,2021-04-27,000001,Vente,13580000,5,,PL ROBERT DENIS,2625,78000,78646,Versailles,78,,,78646000AZ0110,,,1403,,1472,,,,,,,,2,2,Appartement,80,3,,,,,,2.158672,48.8041
2021-1328079,2021-04-27,000001,Vente,13580000,7,,PL ROBERT DENIS,2625,78000,78646,Versailles,78,,,78646000AZ0110,,,1385,,1477,,,,,,,,2,2,Appartement,99,4,,,,,,2.158672,48.8041
2021-1328079,2021-04-27,000001,Vente,13580000,7,,PL ROBERT DENIS,2625,78000,78646,Versailles,78,,,78646000AZ0110,,,1383,,1482,,,,,,,,2,2,Appartement,81,3,,,,,,2.158672,48.8041
2021-1328079,2021-04-27,000001,Vente,13580000,7,,PL ROBERT DENIS,2625,78000,78646,Versailles,78,,,78646000AZ0110,,,1377,,1485,,,,,,,,2,2,Appartement,87,3,,,,,,2.158672,48.8041
2021-1328079,2021-04-27,000001,Vente,13580000,7,,PL ROBERT DENIS,2625,78000,78646,Versailles,78,,,78646000AZ0110,,,1389,,1406,,1486,,,,,,3,2,Appartement,55,2,,,,,,2.158672,48.8041
2021-1328079,2021-04-27,000001,Vente,13580000,9,,PL ROYALE,2650,78000,78646,Versailles,78,,,78646000AZ0110,,,1203,,,,,,,,,,1,2,Appartement,117,5,,,,,,2.158672,48.8041
2021-1328079,2021-04-27,000001,Vente,13580000,9,,PL ROYALE,2650,78000,78646,Versailles,78,,,78646000AZ0110,,,1204,,,,,,,,,,1,2,Appartement,117,5,,,,,,2.158672,48.8041
2021-1328079,2021-04-27,000001,Vente,13580000,9,,PL ROYALE,2650,78000,78646,Versailles,78,,,78646000AZ0110,,,1206,,,,,,,,,,1,2,Appartement,117,5,,,,,,2.158672,48.8041
2021-1328079,2021-04-27,000001,Vente,13580000,9,,PL ROYALE,2650,78000,78646,Versailles,78,,,78646000AZ0110,,,1211,,,,,,,,,,1,2,Appartement,117,5,,,,,,2.158672,48.8041
2021-1328079,2021-04-27,000001,Vente,13580000,9,,PL ROYALE,2650,78000,78646,Versailles,78,,,78646000AZ0110,,,1216,,,,,,,,,,1,2,Appartement,67,3,,,,,,2.158672,48.8041
2021-1328079,2021-04-27,000001,Vente,13580000,7,,PL ROBERT DENIS,2625,78000,78646,Versailles,78,,,78646000AZ0110,,,1389,,1406,,1486,,,,,,3,3,Dépendance,,0,,,,,,2.158672,48.8041
2021-1328079,2021-04-27,000001,Vente,13580000,7,,PL ROBERT DENIS,2625,78000,78646,Versailles,78,,,78646000AZ0110,,,1389,,1406,,1486,,,,,,3,3,Dépendance,,0,,,,,,2.158672,48.8041
2021-1328079,2021-04-27,000001,Vente,13580000,3,,PL ROBERT DENIS,2625,78000,78646,Versailles,78,,,78646000AZ0110,,,1413,,1451,,,,,,,,2,3,Dépendance,,0,,,,,,2.158672,48.8041
2021-1328079,2021-04-27,000001,Vente,13580000,5,,RUE DE L ECOLE DES POSTES,0850,78000,78646,Versailles,78,,,78646000AZ0110,,,3702,,,,,,,,,,1,3,Dépendance,,0,,,,,,2.158672,48.8041
2021-1328079,2021-04-27,000001,Vente,13580000,5,,PL ROBERT DENIS,2625,78000,78646,Versailles,78,,,78646000AZ0110,,,1399,,1468,,,,,,,,2,3,Dépendance,,0,,,,,,2.158672,48.8041
2021-1328079,2021-04-27,000001,Vente,13580000,5,,RUE DE L ECOLE DES POSTES,0850,78000,78646,Versailles,78,,,78646000AZ0110,,,3742,,,,,,,,,,1,3,Dépendance,,0,,,,,,2.158672,48.8041
2021-1328079,2021-04-27,000001,Vente,13580000,9,,PL ROYALE,2650,78000,78646,Versailles,78,,,78646000AZ0110,,,1220,,,,,,,,,,1,3,Dépendance,,0,,,,,,2.158672,48.8041
2021-1328079,2021-04-27,000001,Vente,13580000,5,,RUE DE L ECOLE DES POSTES,0850,78000,78646,Versailles,78,,,78646000AZ0110,,,3672,,,,,,,,,,1,3,Dépendance,,0,,,,,,2.158672,48.8041
2021-1328079,2021-04-27,000001,Vente,13580000,5,,RUE DE L ECOLE DES POSTES,0850,78000,78646,Versailles,78,,,78646000AZ0110,,,3511,,,,,,,,,,1,3,Dépendance,,0,,,,,,2.158672,48.8041
2021-1328079,2021-04-27,000001,Vente,13580000,5,,RUE DE L ECOLE DES POSTES,0850,78000,78646,Versailles,78,,,78646000AZ0110,,,3510,,,,,,,,,,1,3,Dépendance,,0,,,,,,2.158672,48.8041
2021-1328079,2021-04-27,000001,Vente,13580000,5,,RUE DE L ECOLE DES POSTES,0850,78000,78646,Versailles,78,,,78646000AZ0110,,,3509,,,,,,,,,,1,3,Dépendance,,0,,,,,,2.158672,48.8041
2021-1328079,2021-04-27,000001,Vente,13580000,5,,RUE DE L ECOLE DES POSTES,0850,78000,78646,Versailles,78,,,78646000AZ0110,,,3495,,,,,,,,,,1,3,Dépendance,,0,,,,,,2.158672,48.8041
2021-1328079,2021-04-27,000001,Vente,13580000,5,,RUE DE L ECOLE DES POSTES,0850,78000,78646,Versailles,78,,,78646000AZ0110,,,3426,,,,,,,,,,1,3,Dépendance,,0,,,,,,2.158672,48.8041
2021-1328079,2021-04-27,000001,Vente,13580000,5,,RUE DE L ECOLE DES POSTES,0850,78000,78646,Versailles,78,,,78646000AZ0110,,,3424,,,,,,,,,,1,3,Dépendance,,0,,,,,,2.158672,48.8041
2021-1328079,2021-04-27,000001,Vente,13580000,5,,RUE DE L ECOLE DES POSTES,0850,78000,78646,Versailles,78,,,78646000AZ0110,,,3239,,,,,,,,,,1,3,Dépendance,,0,,,,,,2.158672,48.8041
2021-1328079,2021-04-27,000001,Vente,13580000,5,,RUE DE L ECOLE DES POSTES,0850,78000,78646,Versailles,78,,,78646000AZ0110,,,3215,,,,,,,,,,1,3,Dépendance,,0,,,,,,2.158672,48.8041
2021-1328079,2021-04-27,000001,Vente,13580000,5,,RUE DE L ECOLE DES POSTES,0850,78000,78646,Versailles,78,,,78646000AZ0110,,,3210,,,,,,,,,,1,3,Dépendance,,0,,,,,,2.158672,48.8041
2021-1328079,2021-04-27,000001,Vente,13580000,5,,RUE DE L ECOLE DES POSTES,0850,78000,78646,Versailles,78,,,78646000AZ0110,,,3209,,,,,,,,,,1,3,Dépendance,,0,,,,,,2.158672,48.8041
2021-1328079,2021-04-27,000001,Vente,13580000,5,,RUE DE L ECOLE DES POSTES,0850,78000,78646,Versailles,78,,,78646000AZ0110,,,3208,,,,,,,,,,1,3,Dépendance,,0,,,,,,2.158672,48.8041
2021-1328079,2021-04-27,000001,Vente,13580000,5,,RUE DE L ECOLE DES POSTES,0850,78000,78646,Versailles,78,,,78646000AZ0110,,,3205,,,,,,,,,,1,3,Dépendance,,0,,,,,,2.158672,48.8041
2021-1328079,2021-04-27,000001,Vente,13580000,5,,RUE DE L ECOLE DES POSTES,0850,78000,78646,Versailles,78,,,78646000AZ0110,,,3203,,,,,,,,,,1,3,Dépendance,,0,,,,,,2.158672,48.8041
2021-1328079,2021-04-27,000001,Vente,13580000,5,,RUE DE L ECOLE DES POSTES,0850,78000,78646,Versailles,78,,,78646000AZ0110,,,3198,,,,,,,,,,1,3,Dépendance,,0,,,,,,2.158672,48.8041
2021-1328079,2021-04-27,000001,Vente,13580000,5,,RUE DE L ECOLE DES POSTES,0850,78000,78646,Versailles,78,,,78646000AZ0110,,,3139,,,,,,,,,,1,3,Dépendance,,0,,,,,,2.158672,48.8041
2021-1328079,2021-04-27,000001,Vente,13580000,5,,RUE DE L ECOLE DES POSTES,0850,78000,78646,Versailles,78,,,78646000AZ0110,,,3138,,,,,,,,,,1,3,Dépendance,,0,,,,,,2.158672,48.8041
2021-1328079,2021-04-27,000001,Vente,13580000,5,,RUE DE L ECOLE DES POSTES,0850,78000,78646,Versailles,78,,,78646000AZ0110,,,3124,,,,,,,,,,1,3,Dépendance,,0,,,,,,2.158672,48.8041
2021-1328079,2021-04-27,000001,Vente,13580000,5,,RUE DE L ECOLE DES POSTES,0850,78000,78646,Versailles,78,,,78646000AZ0110,,,3122,,,,,,,,,,1,3,Dépendance,,0,,,,,,2.158672,48.8041
2021-1328079,2021-04-27,000001,Vente,13580000,5,,RUE DE L ECOLE DES POSTES,0850,78000,78646,Versailles,78,,,78646000AZ0110,,,3095,,,,,,,,,,1,3,Dépendance,,0,,,,,,2.158672,48.8041
2021-1328079,2021-04-27,000001,Vente,13580000,5,,RUE DE L ECOLE DES POSTES,0850,78000,78646,Versailles,78,,,78646000AZ0110,,,3096,,,,,,,,,,1,3,Dépendance,,0,,,,,,2.158672,48.8041
2021-1328079,2021-04-27,000001,Vente,13580000,5,,RUE DE L ECOLE DES POSTES,0850,78000,78646,Versailles,78,,,78646000AZ0110,,,3103,,,,,,,,,,1,3,Dépendance,,0,,,,,,2.158672,48.8041
2021-1328079,2021-04-27,000001,Vente,13580000,5,,RUE DE L ECOLE DES POSTES,0850,78000,78646,Versailles,78,,,78646000AZ0110,,,3104,,,,,,,,,,1,3,Dépendance,,0,,,,,,2.158672,48.8041
2021-1328079,2021-04-27,000001,Vente,13580000,1,,PL ROBERT DENIS,2625,78000,78646,Versailles,78,,,78646000AZ0110,,,1428,,1445,,,,,,,,2,3,Dépendance,,0,,,,,,2.158672,48.8041
2021-1328079,2021-04-27,000001,Vente,13580000,5,,PL ROBERT DENIS,2625,78000,78646,Versailles,78,,,78646000AZ0110,,,1395,,1464,,,,,,,,2,3,Dépendance,,0,,,,,,2.158672,48.8041
2021-1328079,2021-04-27,000001,Vente,13580000,7,,PL ROBERT DENIS,2625,78000,78646,Versailles,78,,,78646000AZ0110,,,1385,,1477,,,,,,,,2,3,Dépendance,,0,,,,,,2.158672,48.8041
2021-1328079,2021-04-27,000001,Vente,13580000,3,,PL ROBERT DENIS,2625,78000,78646,Versailles,78,,,78646000AZ0110,,,1410,,1448,,,,,,,,2,3,Dépendance,,0,,,,,,2.158672,48.8041
2021-1328079,2021-04-27,000001,Vente,13580000,5,,RUE DE L ECOLE DES POSTES,0850,78000,78646,Versailles,78,,,78646000AZ0110,,,3105,,,,,,,,,,1,3,Dépendance,,0,,,,,,2.158672,48.8041
2021-1328079,2021-04-27,000001,Vente,13580000,5,,RUE DE L ECOLE DES POSTES,0850,78000,78646,Versailles,78,,,78646000AZ0110,,,3106,,,,,,,,,,1,3,Dépendance,,0,,,,,,2.158672,48.8041
2021-1328079,2021-04-27,000001,Vente,13580000,5,,RUE DE L ECOLE DES POSTES,0850,78000,78646,Versailles,78,,,78646000AZ0110,,,3118,,,,,,,,,,1,3,Dépendance,,0,,,,,,2.158672,48.8041
2021-1328079,2021-04-27,000001,Vente,13580000,5,,RUE DE L ECOLE DES POSTES,0850,78000,78646,Versailles,78,,,78646000AZ0110,,,3121,,,,,,,,,,1,3,Dépendance,,0,,,,,,2.158672,48.8041
2021-1328079,2021-04-27,000001,Vente,13580000,3,,PL ROBERT DENIS,2625,78000,78646,Versailles,78,,,78646000AZ0110,,,1417,,1455,,,,,,,,2,3,Dépendance,,0,,,,,,2.158672,48.8041
2021-1328079,2021-04-27,000001,Vente,13580000,7,,PL ROBERT DENIS,2625,78000,78646,Versailles,78,,,78646000AZ0110,,,1377,,1485,,,,,,,,2,3,Dépendance,,0,,,,,,2.158672,48.8041
2021-1328091,2021-05-03,000001,Vente,610000,31,,RUE JEAN DE LA BRUYERE,1560,78000,78646,Versailles,78,,,78646000AO0001,,,45,,63,101.34,,,,,,,2,2,Appartement,102,5,,,,,,2.145961,48.812878
2021-1328091,2021-05-03,000001,Vente,610000,15,,RUE JEAN DE LA BRUYERE,1560,78000,78646,Versailles,78,,,78646000AO0001,,,351,,,,,,,,,,1,3,Dépendance,,0,,,,,,2.145961,48.812878
2021-1328097,2021-04-22,000001,Vente,43000,53,,RUE EXELMANS,1020,78000,78646,Versailles,78,,,78646000AC0306,,,17158,,,,,,,,,,1,3,Dépendance,,0,,,,,,2.125764,48.813952
2021-1328097,2021-04-22,000001,Vente,43000,53,,RUE EXELMANS,1020,78000,78646,Versailles,78,,,78646000AC0306,,,17159,,,,,,,,,,1,3,Dépendance,,0,,,,,,2.125764,48.813952
2021-1328102,2021-05-07,000001,Vente,294000,20,,RUE SAINTE ADELAIDE,2670,78000,78646,Versailles,78,,,78646000AD0137,,,10,47.42,,,,,,,,,1,2,Appartement,46,2,,,,,,2.130676,48.810879
2021-1328105,2021-05-06,000001,Vente,320000,14,,RUE MENARD,1890,78000,78646,Versailles,78,,,78646000BR0018,,,7,41.69,,,,,,,,,1,2,Appartement,46,2,,,,,,2.131411,48.800099
2021-1328111,2021-04-19,000001,Vente,670550,1,,RUE CHAMP LAGARDE,0490,78000,78646,Versailles,78,,,78646000BP0132,,,123,,63,103.89,,,,,,,2,2,Appartement,103,5,,,,,,2.1408,48.800274
2021-1328111,2021-04-19,000001,Vente,670550,53,,AV DE PARIS,2180,78000,78646,Versailles,78,,,78646000BP0132,,,332,,,,,,,,,,1,3,Dépendance,,0,,,,,,2.1408,48.800274
2021-1328111,2021-04-19,000001,Vente,670550,1,,RUE CHAMP LAGARDE,0490,78000,78646,Versailles,78,,,78646000BP0132,,,123,,63,103.89,,,,,,,2,3,Dépendance,,0,,,,,,2.1408,48.800274
2021-1328111,2021-04-19,000001,Vente,670550,53,,AV DE PARIS,2180,78000,78646,Versailles,78,,,78646000BP0132,,,172,,,,,,,,,,1,3,Dépendance,,0,,,,,,2.1408,48.800274
2021-1328116,2021-04-27,000001,Vente,401300,18,,RUE SAINTE SOPHIE,2890,78000,78646,Versailles,78,,,78646000AD0311,,,44,,6,,,,,,,,2,3,Dépendance,,0,,,,,,2.133996,48.811487
2021-1328116,2021-04-27,000001,Vente,401300,18,,RUE SAINTE SOPHIE,2890,78000,78646,Versailles,78,,,78646000AD0311,,,119,,,,,,,,,,1,3,Dépendance,,0,,,,,,2.133996,48.811487
2021-1328116,2021-04-27,000001,Vente,401300,18,,RUE SAINTE SOPHIE,2890,78000,78646,Versailles,78,,,78646000AD0311,,,44,,6,,,,,,,,2,2,Appartement,60,3,,,,,,2.133996,48.811487
2021-1328146,2021-05-07,000001,Vente,220000,65,,RUE DE LA PAROISSE,2190,78000,78646,Versailles,78,,,78646000AI0185,,,24,31.16,,,,,,,,,1,3,Dépendance,,0,,,,,,2.134013,48.806671
2021-1328146,2021-05-07,000001,Vente,220000,65,,RUE DE LA PAROISSE,2190,78000,78646,Versailles,78,,,78646000AI0185,,,24,31.16,,,,,,,,,1,2,Appartement,21,1,,,,,,2.134013,48.806671
2021-1328149,2021-05-03,000001,Vente,25000,69,,RUE DES CHANTIERS,0530,78000,78646,Versailles,78,,,78646000BL0280,,,179,,,,,,,,,,1,3,Dépendance,,0,,,,,,2.143596,48.793559
2021-1328150,2021-05-04,000001,Vente,668269,40,,BD DU ROI,2641,78000,78646,Versailles,78,,,78646000AD0407,,,180,104.44,181,,,,,,,,2,2,Appartement,103,5,,,,,,2.129146,48.814076
2021-1328151,2021-04-26,000001,Vente,931400,21,B,RUE DU MARECHAL GALLIENI,1812,78000,78646,Versailles,78,,,78646000AC0005,,,2133,,,,,,,,,,1,3,Dépendance,,0,,,,,,2.123201,48.811375
2021-1328151,2021-04-26,000001,Vente,931400,21,,RUE DU MARECHAL GALLIENI,1812,78000,78646,Versailles,78,,,78646000AC0005,,,2002,,2062,,,,,,,,2,2,Appartement,105,4,,,,,,2.123201,48.811375
2021-1328151,2021-04-26,000001,Vente,931400,21,B,RUE DU MARECHAL GALLIENI,1812,78000,78646,Versailles,78,,,78646000AC0005,,,2134,,,,,,,,,,1,3,Dépendance,,0,,,,,,2.123201,48.811375
2021-1328152,2021-04-23,000001,Vente,479000,28,,RUE SAINT CHARLES,2710,78000,78646,Versailles,78,,,78646000AY0099,,,7,,,,,,,,,,1,3,Dépendance,,0,,,,,,2.149473,48.801546
2021-1328152,2021-04-23,000001,Vente,479000,28,,RUE SAINT CHARLES,2710,78000,78646,Versailles,78,,,78646000AY0099,,,3,,,,,,,,,,1,2,Appartement,92,4,,,,,,2.149473,48.801546
2021-1328157,2021-05-03,000001,Vente,1081550,11,,RUE DE MOUCHY,2010,78000,78646,Versailles,78,,,78646000AD0183,,,19,,24,130.68,,,,,,,2,2,Appartement,120,4,,,,,,2.12708,48.81074
2021-1328157,2021-05-03,000001,Vente,1081550,11,,RUE DE MOUCHY,2010,78000,78646,Versailles,78,,,78646000AD0183,,,19,,24,130.68,,,,,,,2,3,Dépendance,,0,,,,,,2.12708,48.81074
2021-1328157,2021-05-03,000001,Vente,1081550,11,,RUE DE MOUCHY,2010,78000,78646,Versailles,78,,,78646000AD0183,,,6,130.68,,,,,,,,,1,3,Dépendance,,0,,,,,,2.12708,48.81074
2021-1328196,2021-05-06,000001,Vente,15000,98,,AV DE PARIS,2180,78000,78646,Versailles,78,,,78646000BK0001,,,487,,,,,,,,,,1,3,Dépendance,,0,,,,,,2.149414,48.797242
2021-1328211,2021-05-17,000001,Vente,713960,3,,RUE SAINT HONORE,2780,78000,78646,Versailles,78,,,78646000BV0124,,,25,69.35,,,,,,,,,1,2,Appartement,95,4,,,,,,2.125484,48.798438
2021-1328215,2021-05-07,000001,Vente,800000,6,,RUE ALEXANDRE BONTEMPS,0110,78000,78646,Versailles,78,,,78646000BW0179,,,21,,,,,,,,,,1,3,Dépendance,,0,,,,,,2.122905,48.793895
2021-1328215,2021-05-07,000001,Vente,800000,6,,RUE ALEXANDRE BONTEMPS,0110,78000,78646,Versailles,78,,,78646000BW0179,,,18,130.88,,,,,,,,,1,1,Maison,130,6,,,,,,2.122905,48.793895
2021-1328215,2021-05-07,000001,Vente,800000,6,,RUE ALEXANDRE BONTEMPS,0110,78000,78646,Versailles,78,,,78646000BW0179,,,22,,,,,,,,,,1,3,Dépendance,,0,,,,,,2.122905,48.793895
2021-1328237,2021-05-12,000001,Vente,35000,15,,RUE BENJAMIN FRANKLIN,0340,78000,78646,Versailles,78,,,78646000BS0035,,,93,,,,,,,,,,1,3,Dépendance,,0,,,,,,2.136519,48.797884
2021-1328251,2021-05-21,000001,Vente,551300,30,,RUE DE LA BONNE AVENTURE,0390,78000,78646,Versailles,78,,,78646000AX0122,,,58,,,,,,,,,,1,3,Dépendance,,0,,,,,,2.147246,48.806086
2021-1328251,2021-05-21,000001,Vente,551300,18,,BD DE LESSEPS,1638,78000,78646,Versailles,78,,,78646000AX0122,,,1,85.83,12,,59,,,,,,3,2,Appartement,81,4,,,,,,2.147246,48.806086
2021-1328251,2021-05-21,000001,Vente,551300,18,,BD DE LESSEPS,1638,78000,78646,Versailles,78,,,78646000AX0122,,,1,85.83,12,,59,,,,,,3,3,Dépendance,,0,,,,,,2.147246,48.806086
2021-1328266,2021-04-26,000001,Vente,162000,1,,AV DU GENERAL MANGIN,1165,78000,78646,Versailles,78,,,78646000AL0068,,,3,19.56,,,,,,,,,1,2,Appartement,20,1,,,,,,2.136485,48.813954
2021-1328266,2021-04-26,000001,Vente,162000,1,,AV DU GENERAL MANGIN,1165,78000,78646,Versailles,78,,,78646000AL0068,,,85,,,,,,,,,,1,3,Dépendance,,0,,,,,,2.136485,48.813954
2021-1328270,2021-05-03,000001,Vente,4000000,91,,AV DE PARIS,2180,78000,78646,Versailles,78,,,78646000AY0185,,,,,,,,,,,,,0,3,Dépendance,,0,AG,terrains d'agrément,,,1184,2.152982,48.798995
2021-1328270,2021-05-03,000001,Vente,4000000,91,,AV DE PARIS,2180,78000,78646,Versailles,78,,,78646000AY0185,,,,,,,,,,,,,0,3,Dépendance,,0,AG,terrains d'agrément,,,1184,2.152982,48.798995
2021-1328270,2021-05-03,000001,Vente,4000000,91,,AV DE PARIS,2180,78000,78646,Versailles,78,,,78646000AY0185,,,,,,,,,,,,,0,2,Appartement,51,3,AG,terrains d'agrément,,,1184,2.152982,48.798995
2021-1328270,2021-05-03,000001,Vente,4000000,91,,AV DE PARIS,2180,78000,78646,Versailles,78,,,78646000AY0185,,,,,,,,,,,,,0,2,Appartement,162,4,AG,terrains d'agrément,,,1184,2.152982,48.798995
2021-1328270,2021-05-03,000001,Vente,4000000,91,,AV DE PARIS,2180,78000,78646,Versailles,78,,,78646000AY0185,,,,,,,,,,,,,0,1,Maison,390,11,AG,terrains d'agrément,,,1184,2.152982,48.798995
2021-1328270,2021-05-03,000001,Vente,4000000,91,,AV DE PARIS,2180,78000,78646,Versailles,78,,,78646000AY0185,,,,,,,,,,,,,0,2,Appartement,53,1,AG,terrains d'agrément,,,1184,2.152982,48.798995
2021-1328270,2021-05-03,000001,Vente,4000000,91,,AV DE PARIS,2180,78000,78646,Versailles,78,,,78646000AY0185,,,,,,,,,,,,,0,3,Dépendance,,0,S,sols,,,1519,2.152982,48.798995
2021-1328270,2021-05-03,000001,Vente,4000000,91,,AV DE PARIS,2180,78000,78646,Versailles,78,,,78646000AY0185,,,,,,,,,,,,,0,2,Appartement,51,3,S,sols,,,1519,2.152982,48.798995
2021-1328270,2021-05-03,000001,Vente,4000000,91,,AV DE PARIS,2180,78000,78646,Versailles,78,,,78646000AY0185,,,,,,,,,,,,,0,3,Dépendance,,0,S,sols,,,1519,2.152982,48.798995
2021-1328270,2021-05-03,000001,Vente,4000000,91,,AV DE PARIS,2180,78000,78646,Versailles,78,,,78646000AY0185,,,,,,,,,,,,,0,1,Maison,390,11,S,sols,,,1519,2.152982,48.798995
2021-1328270,2021-05-03,000001,Vente,4000000,91,,AV DE PARIS,2180,78000,78646,Versailles,78,,,78646000AY0185,,,,,,,,,,,,,0,2,Appartement,162,4,S,sols,,,1519,2.152982,48.798995
2021-1328270,2021-05-03,000001,Vente,4000000,91,,AV DE PARIS,2180,78000,78646,Versailles,78,,,78646000AY0185,,,,,,,,,,,,,0,2,Appartement,53,1,S,sols,,,1519,2.152982,48.798995
2021-1328275,2021-04-27,000001,Vente,570150,4,,RUE MENARD,1890,78000,78646,Versailles,78,,,78646000BR0014,,,9,71.29,,,,,,,,,1,2,Appartement,69,4,,,,,,2.131574,48.800512
2021-1328275,2021-04-27,000001,Vente,570150,4,,RUE MENARD,1890,78000,78646,Versailles,78,,,78646000BR0014,,,9,71.29,,,,,,,,,1,3,Dépendance,,0,,,,,,2.131574,48.800512
2021-1328287,2021-05-19,000001,Vente,250000,21,,RUE ROYALE,2648,78000,78646,Versailles,78,,,78646000BT0012,,,7,29.33,,,,,,,,,1,2,Appartement,30,1,,,,,,2.127398,48.798156
2021-1328294,2021-03-09,000001,Vente,306000,44,,RUE CHAMP LAGARDE,0490,78000,78646,Versailles,78,,,78646000AY0247,,,144,,,,,,,,,,1,3,Dépendance,,0,,,,,,2.147703,48.801276
2021-1328294,2021-03-09,000001,Vente,306000,44,,RUE CHAMP LAGARDE,0490,78000,78646,Versailles,78,,,78646000AY0247,,,124,,,,,,,,,,1,2,Appartement,122,5,,,,,,2.147703,48.801276
2021-1328294,2021-03-09,000001,Vente,306000,44,,RUE CHAMP LAGARDE,0490,78000,78646,Versailles,78,,,78646000AY0247,,,143,,,,,,,,,,1,3,Dépendance,,0,,,,,,2.147703,48.801276
2021-1328311,2021-05-07,000001,Vente,207000,110,,RUE DE LA PAROISSE,2190,78000,78646,Versailles,78,,,78646000AI0287,,,19,,9,21.82,,,,,,,2,2,Appartement,23,1,,,,,,2.13512,48.805614
2021-1328349,2021-05-07,000001,Vente,804920,7,,RUE RICHAUD,2610,78000,78646,Versailles,78,,,78646000AI0313,,,281,,,,,,,,,,1,3,Dépendance,,0,,,,,,2.135209,48.807376
2021-1328349,2021-05-07,000001,Vente,804920,7,,RUE RICHAUD,2610,78000,78646,Versailles,78,,,78646000AI0313,,,120,,96,72.37,,,,,,,2,2,Appartement,74,3,,,,,,2.135209,48.807376
2021-1328385,2021-05-17,000001,Vente,795000,2,B,RUE JEAN HOUDON,1440,78000,78646,Versailles,78,,,78646000AI0023,,,10,93.7,,,,,,,,,1,3,Dépendance,,0,,,,,,2.134025,48.802223
2021-1328385,2021-05-17,000001,Vente,795000,2,B,RUE JEAN HOUDON,1440,78000,78646,Versailles,78,,,78646000AI0023,,,10,93.7,,,,,,,,,1,2,Appartement,86,4,,,,,,2.134025,48.802223
2021-1328385,2021-05-17,000001,Vente,795000,2,B,RUE JEAN HOUDON,1440,78000,78646,Versailles,78,,,78646000AI0023,,,10,93.7,,,,,,,,,1,3,Dépendance,,0,,,,,,2.134025,48.802223
2021-1328385,2021-05-17,000001,Vente,795000,2,B,RUE JEAN HOUDON,1440,78000,78646,Versailles,78,,,78646000AI0023,,,7,,,,,,,,,,1,3,Dépendance,,0,,,,,,2.134025,48.802223
2021-1328387,2021-05-04,000001,Vente,685000,26,,RUE DE SATORY,2950,78000,78646,Versailles,78,,,78646000AH0130,,,19,99.6,41,,,,,,,,2,2,Appartement,100,4,,,,,,2.124477,48.800176
2021-1328388,2021-05-07,000001,Vente,200000,80,,AV DES ETATS UNIS,0990,78000,78646,Versailles,78,,,78646000AV0251,,,27,45.3,28,,,,,,,,2,2,Appartement,45,2,,,,,,2.149207,48.809669
2021-1328397,2021-05-10,000001,Vente,1100000,21,,RUE SAINT LOUIS,2810,78000,78646,Versailles,78,,,78646000BW0009,,,32,,,,,,,,,,1,4,Local industriel. commercial ou assimilé,17,0,,,,,,2.12625,48.795104
2021-1328397,2021-05-10,000001,Vente,1100000,78,,RUE ROYALE,2648,78000,78646,Versailles,78,,,78646000BW0061,,,78,,,,,,,,,,1,3,Dépendance,,0,,,,,,2.124663,48.795048
2021-1328397,2021-05-10,000001,Vente,1100000,78,,RUE ROYALE,2648,78000,78646,Versailles,78,,,78646000BW0061,,,61,,62,,70,,71,,72,,9,4,Local industriel. commercial ou assimilé,256,0,,,,,,2.124663,48.795048
2021-1328433,2021-05-20,000001,Vente,19000,19,B,RUE DU PONT COLBERT,2370,78000,78646,Versailles,78,,,78646000BI0284,,,99,,,,,,,,,,1,3,Dépendance,,0,,,,,,2.151506,48.789725
2021-1328441,2021-05-05,000001,Vente,288489,8,,PL HOCHE,1340,78000,78646,Versailles,78,,,78646000AE0319,,,49,39.28,,,,,,,,,1,2,Appartement,110,5,,,,,,2.127968,48.805443
2021-1328442,2021-05-07,000001,Vente,785151.1,2,B,RUE MONSEIGNEUR GIBIER,1950,78000,78646,Versailles,78,,,78646000BW0297,,,17,,,,,,,,,,1,2,Appartement,30,1,,,,,,2.12127,48.793682
2021-1328442,2021-05-07,000001,Vente,785151.1,2,B,RUE MONSEIGNEUR GIBIER,1950,78000,78646,Versailles,78,,,78646000BW0297,,,19,,,,,,,,,,1,2,Appartement,25,1,,,,,,2.12127,48.793682
2021-1328442,2021-05-07,000001,Vente,785151.1,2,B,RUE MONSEIGNEUR GIBIER,1950,78000,78646,Versailles,78,,,78646000BW0297,,,18,,,,,,,,,,1,2,Appartement,26,1,,,,,,2.12127,48.793682
2021-1328442,2021-05-07,000001,Vente,785151.1,2,B,RUE MONSEIGNEUR GIBIER,1950,78000,78646,Versailles,78,,,78646000BW0297,,,16,,,,,,,,,,1,2,Appartement,28,1,,,,,,2.12127,48.793682
2021-1328442,2021-05-07,000001,Vente,785151.1,2,B,RUE MONSEIGNEUR GIBIER,1950,78000,78646,Versailles,78,,,78646000BW0297,,,13,,,,,,,,,,1,2,Appartement,20,1,,,,,,2.12127,48.793682
2021-1328442,2021-05-07,000001,Vente,785151.1,2,B,RUE MONSEIGNEUR GIBIER,1950,78000,78646,Versailles,78,,,78646000BW0297,,,12,,,,,,,,,,1,2,Appartement,24,1,,,,,,2.12127,48.793682
2021-1328442,2021-05-07,000001,Vente,785151.1,2,B,RUE MONSEIGNEUR GIBIER,1950,78000,78646,Versailles,78,,,78646000BW0297,,,11,,,,,,,,,,1,2,Appartement,23,1,,,,,,2.12127,48.793682
2021-1328442,2021-05-07,000001,Vente,785151.1,2,B,RUE MONSEIGNEUR GIBIER,1950,78000,78646,Versailles,78,,,78646000BW0297,,,10,,,,,,,,,,1,2,Appartement,26,1,,,,,,2.12127,48.793682
2021-1328442,2021-05-07,000001,Vente,785151.1,2,B,RUE MONSEIGNEUR GIBIER,1950,78000,78646,Versailles,78,,,78646000BW0297,,,14,,,,,,,,,,1,3,Dépendance,,0,,,,,,2.12127,48.793682
2021-1328442,2021-05-07,000001,Vente,785151.1,2,B,RUE MONSEIGNEUR GIBIER,1950,78000,78646,Versailles,78,,,78646000BW0297,,,20,,,,,,,,,,1,2,Appartement,22,1,,,,,,2.12127,48.793682
2021-1328442,2021-05-07,000001,Vente,785151.1,2,B,RUE MONSEIGNEUR GIBIER,1950,78000,78646,Versailles,78,,,78646000BW0297,,,15,,,,,,,,,,1,3,Dépendance,,0,,,,,,2.12127,48.793682
2021-1328446,2021-05-19,000001,Vente,327000,23,T,BD DU ROI,2641,78000,78646,Versailles,78,,,78646000AC0155,,,12,35.74,21,,,,,,,,2,2,Appartement,32,2,,,,,,2.126651,48.812113
2021-1328453,2021-05-12,000001,Vente,510000,8,,RUE D ANJOU,0190,78000,78646,Versailles,78,,,78646000BV0045,,,37,,40,,49,,,,,,3,2,Appartement,50,2,,,,,,2.12391,48.797334
2021-1328453,2021-05-12,000001,Vente,510000,8,,RUE D ANJOU,0190,78000,78646,Versailles,78,,,78646000BV0045,,,50,,,,,,,,,,1,3,Dépendance,,0,,,,,,2.12391,48.797334
2021-1328454,2021-05-21,000001,Vente,426000,2,B,RUE NEUVE NOTRE DAME,2040,78000,78646,Versailles,78,,,78646000AE0162,,,14,,6,58.31,,,,,,,2,2,Appartement,72,4,,,,,,2.125796,48.808658
2021-1328479,2021-05-18,000001,Vente,780000,10,,RUE RAMEAU,2490,78000,78646,Versailles,78,,,78646000AE0092,,,3,96.87,,,,,,,,,1,2,Appartement,95,4,,,,,,2.131313,48.807858
2021-1328482,2021-05-18,000001,Vente,285000,7,B,RUE L ABBE DE L EPEE,0010,78000,78646,Versailles,78,,,78646000AI0321,,,7,33.76,,,,,,,,,1,2,Appartement,33,2,,,,,,2.135671,48.806392
2021-1328482,2021-05-18,000001,Vente,285000,7,B,RUE L ABBE DE L EPEE,0010,78000,78646,Versailles,78,,,78646000AI0321,,,24,,,,,,,,,,1,3,Dépendance,,0,,,,,,2.135671,48.806392
2021-1328485,2021-05-18,000001,Vente,890000,11,,RUE GEORGES CLEMENCEAU,1200,78000,78646,Versailles,78,,,78646000AI0251,,,54,142.43,66,,,,,,,,2,2,Appartement,26,1,,,,,,2.131824,48.803985
2021-1328485,2021-05-18,000001,Vente,890000,11,,RUE GEORGES CLEMENCEAU,1200,78000,78646,Versailles,78,,,78646000AI0251,,,54,142.43,66,,,,,,,,2,4,Local industriel. commercial ou assimilé,140,0,,,,,,2.131824,48.803985
2021-1328490,2021-05-21,000001,Vente,487000,27,,RUE DES RESERVOIRS,2580,78000,78646,Versailles,78,,,78646000AC0227,,,20,70.57,21,,,,,,,,2,2,Appartement,15,1,,,,,,2.125054,48.8093
2021-1328490,2021-05-21,000001,Vente,487000,27,,RUE DES RESERVOIRS,2580,78000,78646,Versailles,78,,,78646000AC0227,,,28,,31,,,,,,,,2,2,Appartement,28,1,,,,,,2.125054,48.8093
2021-1328504,2021-04-16,000001,Vente en l'état futur d'achèvement,625000,17,,BD ST ANTOINE,2690,78000,78646,Versailles,78,,,78646000AC0055,,,13,,,,,,,,,,1,2,Appartement,77,3,,,,,,2.126221,48.815848
2021-1328504,2021-04-16,000001,Vente en l'état futur d'achèvement,625000,17,,BD ST ANTOINE,2690,78000,78646,Versailles,78,,,78646000AC0055,,,43,,,,,,,,,,1,3,Dépendance,,0,,,,,,2.126221,48.815848
2021-1328513,2021-04-29,000001,Vente,326500,84,,AV DE PARIS,2180,78000,78646,Versailles,78,,,78646000BN0045,,,63,,94,59.84,,,,,,,2,2,Appartement,60,3,,,,,,2.145174,48.797578
2021-1328513,2021-04-29,000001,Vente,326500,84,,AV DE PARIS,2180,78000,78646,Versailles,78,,,78646000BN0045,,,124,,,,,,,,,,1,3,Dépendance,,0,,,,,,2.145174,48.797578
2021-1328513,2021-04-29,000001,Vente,326500,84,,AV DE PARIS,2180,78000,78646,Versailles,78,,,78646000BN0045,,,63,,94,59.84,,,,,,,2,3,Dépendance,,0,,,,,,2.145174,48.797578
2021-1328539,2021-04-29,000001,Vente,440000,13,,RUE DU GENERAL PERSHING,1170,78000,78646,Versailles,78,,,78646000AO0068,,,340,,,,,,,,,,1,3,Dépendance,,0,,,,,,2.148928,48.817113
2021-1328539,2021-04-29,000001,Vente,440000,13,,RUE DU GENERAL PERSHING,1170,78000,78646,Versailles,78,,,78646000AO0068,,,70,75.02,,,,,,,,,1,2,Appartement,73,3,,,,,,2.148928,48.817113
2021-1328543,2021-05-06,000001,Vente,840000,16,,RUE DU PEINTRE LEBRUN,2220,78000,78646,Versailles,78,,,78646000AE0351,,,22,,23,,27,,,,,,3,1,Maison,146,6,,,,,,2.124698,48.805699
2021-1328569,2021-05-11,000001,Vente,10000,7,,RUE DES PRES AUX BOIS,2430,78000,78646,Versailles,78,,,78646000BC0125,,,71,,,,,,,,,,1,3,Dépendance,,0,,,,,,2.159314,48.799944
2021-1328589,2021-04-29,000001,Vente,220000,29,,RUE DU GENERAL LECLERC,1145,78000,78646,Versailles,78,,,78646000AH0172,,,1,,,,,,,,,,1,4,Local industriel. commercial ou assimilé,43,0,,,,,,2.12708,48.799142
2021-1328602,2021-05-07,000001,Vente,340000,9,,RUE DU PARC DE CLAGNY,2171,78000,78646,Versailles,78,,,78646000AK0183,,,43,57.17,9,,,,,,,,2,2,Appartement,52,2,,,,,,2.139976,48.809983
2021-1328605,2021-05-20,000001,Vente,238000,4,,AV DES ETATS UNIS,0990,78000,78646,Versailles,78,,,78646000AX0270,,,5,37.85,6,37.85,,,,,,,2,2,Appartement,32,2,,,,,,2.142385,48.805801
2021-1328617,2021-04-27,000001,Vente,72500,8,,AV DU GEN DE GAULLE,1143,78000,78646,Versailles,78,,,78646000AH0225,,,72,,79,,,,,,,,2,2,Appartement,31,1,,,,,,2.128298,48.801276
2021-1328657,2021-05-18,000001,Vente,248804,29,Q,RUE DE L ERMITAGE,0940,78000,78646,Versailles,78,,,78646000AC0338,,,165,,46,,,,,,,,2,2,Appartement,26,1,,,,,,2.122062,48.815041
2021-1328657,2021-05-18,000001,Vente,248804,29,T,RUE DE L ERMITAGE,0940,78000,78646,Versailles,78,,,78646000AC0338,,,138,,,,,,,,,,1,3,Dépendance,,0,,,,,,2.122062,48.815041
2021-1328671,2021-04-29,000001,Vente,700000,49,,RUE PORTE DE BUC,2390,78000,78646,Versailles,78,,,78646000BM0015,,,,,,,,,,,,,0,4,Local industriel. commercial ou assimilé,15,0,S,sols,,,586,2.135624,48.79021
2021-1328671,2021-04-29,000001,Vente,700000,49,,RUE PORTE DE BUC,2390,78000,78646,Versailles,78,,,78646000BM0015,,,,,,,,,,,,,0,3,Dépendance,,0,S,sols,,,586,2.135624,48.79021
2021-1328671,2021-04-29,000001,Vente,700000,49,,RUE PORTE DE BUC,2390,78000,78646,Versailles,78,,,78646000BM0015,,,,,,,,,,,,,0,4,Local industriel. commercial ou assimilé,12,0,S,sols,,,586,2.135624,48.79021
2021-1328671,2021-04-29,000001,Vente,700000,49,,RUE PORTE DE BUC,2390,78000,78646,Versailles,78,,,78646000BM0015,,,,,,,,,,,,,0,4,Local industriel. commercial ou assimilé,12,0,S,sols,,,586,2.135624,48.79021
2021-1328671,2021-04-29,000001,Vente,700000,49,,RUE PORTE DE BUC,2390,78000,78646,Versailles,78,,,78646000BM0015,,,,,,,,,,,,,0,4,Local industriel. commercial ou assimilé,15,0,S,sols,,,586,2.135624,48.79021
2021-1328671,2021-04-29,000001,Vente,700000,49,,RUE PORTE DE BUC,2390,78000,78646,Versailles,78,,,78646000BM0015,,,,,,,,,,,,,0,1,Maison,78,3,S,sols,,,586,2.135624,48.79021
2021-1328694,2021-05-19,000001,Vente,697000,38,,RUE FRANCOIS BOUCHER,1120,78000,78646,Versailles,78,,,78646000AZ0133,,,,,,,,,,,,,0,1,Maison,112,5,S,sols,,,149,2.160755,48.805511
2021-1328699,2021-05-20,000001,Vente,257000,15,,RUE DE LA PAROISSE,2190,78000,78646,Versailles,78,,,78646000AE0150,,,63,27.58,,,,,,,,,1,2,Appartement,32,2,,,,,,2.127187,48.808221
2021-1328728,2021-04-30,000001,Vente,160000,6,,RUE DU GENERAL PERSHING,1170,78000,78646,Versailles,78,,,78646000AS0051,,,1245,,,,,,,,,,1,3,Dépendance,,0,,,,,,2.152002,48.812811
2021-1328732,2021-05-06,000001,Vente,542856,6,,RUE DE LA PAROISSE,2190,78000,78646,Versailles,78,,,78646000AE0167,,,24,60.29,,,,,,,,,1,2,Appartement,62,3,,,,,,2.125085,48.808278
2021-1328746,2021-05-06,000001,Vente,1446000,11,,RUE COLBERT,0630,78000,78646,Versailles,78,,,78646000AE0338,,,27,194.18,41,16.24,49,9.12,5,,8,,5,2,Appartement,150,6,,,,,,2.126007,48.805232
2021-1328810,2021-04-02,000001,Vente,142800,16,,RUE EDOUARD CHARTON,0890,78000,78646,Versailles,78,,,78646000BT0158,,,41,47.15,,,,,,,,,1,3,Dépendance,,0,,,,,,2.129886,48.794935
2021-1328810,2021-04-02,000001,Vente,142800,16,,RUE EDOUARD CHARTON,0890,78000,78646,Versailles,78,,,78646000BT0158,,,41,47.15,,,,,,,,,1,2,Appartement,41,3,,,,,,2.129886,48.794935
2021-1328810,2021-04-02,000001,Vente,142800,16,,RUE EDOUARD CHARTON,0890,78000,78646,Versailles,78,,,78646000BT0158,,,41,47.15,,,,,,,,,1,3,Dépendance,,0,,,,,,2.129886,48.794935
2021-1328814,2021-05-11,000001,Vente,261905,58,,AV DE PARIS,2180,78000,78646,Versailles,78,,,78646000BN0004,,,19,39.14,3,,,,,,,,2,2,Appartement,37,2,,,,,,2.138521,48.799382
2021-1328814,2021-05-11,000001,Vente,261905,58,,AV DE PARIS,2180,78000,78646,Versailles,78,,,78646000BN0004,,,19,39.14,3,,,,,,,,2,3,Dépendance,,0,,,,,,2.138521,48.799382
2021-1328831,2021-05-25,000001,Vente,227000,5,,RUE EDOUARD CHARTON,0890,78000,78646,Versailles,78,,,78646000BS0099,,,19,,27,,,,,,,,2,2,Appartement,27,1,,,,,,2.131168,48.796056
2021-1328850,2021-05-27,000001,Vente,384000,98,,AV DE PARIS,2180,78000,78646,Versailles,78,,,78646000BK0001,,,524,,,,,,,,,,1,3,Dépendance,,0,,,,,,2.149414,48.797242
2021-1328850,2021-05-27,000001,Vente,384000,98,,AV DE PARIS,2180,78000,78646,Versailles,78,,,78646000BK0001,,,278,,,,,,,,,,1,3,Dépendance,,0,,,,,,2.149414,48.797242
2021-1328850,2021-05-27,000001,Vente,384000,98,,AV DE PARIS,2180,78000,78646,Versailles,78,,,78646000BK0001,,,133,69.28,,,,,,,,,1,2,Appartement,70,3,,,,,,2.149414,48.797242
2021-1328883,2021-05-05,000001,Vente,10000,13,,RUE DU GENERAL PERSHING,1170,78000,78646,Versailles,78,,,78646000AO0068,,,445,,,,,,,,,,1,3,Dépendance,,0,,,,,,2.148928,48.817113
2021-1328922,2021-05-12,000001,Vente,166400,76,,RUE ROYALE,2648,78000,78646,Versailles,78,,,78646000BW0060,,,104,,,,,,,,,,1,2,Appartement,38,2,,,,,,2.124753,48.795183
2021-1328943,2021-05-03,000001,Vente,1005000,6,,RUE JACQUES LEMERCIER,1420,78000,78646,Versailles,78,,,78646000AO0161,,,6,,,,,,,,,,1,3,Dépendance,,0,,,,,,2.146422,48.814501
2021-1328943,2021-05-03,000001,Vente,1005000,6,,RUE JACQUES LEMERCIER,1420,78000,78646,Versailles,78,,,78646000AO0161,,,104,,207,135.42,,,,,,,2,2,Appartement,136,6,,,,,,2.146422,48.814501
2021-1328943,2021-05-03,000001,Vente,1005000,6,,RUE JACQUES LEMERCIER,1420,78000,78646,Versailles,78,,,78646000AO0161,,,7,,,,,,,,,,1,3,Dépendance,,0,,,,,,2.146422,48.814501
2021-1328971,2021-05-20,000001,Vente,610000,108,,BD DE LA REINE,2520,78000,78646,Versailles,78,,,78646000AX0037,,,224,,,,,,,,,,1,3,Dépendance,,0,,,,,,2.142871,48.807658
2021-1328971,2021-05-20,000001,Vente,610000,108,,BD DE LA REINE,2520,78000,78646,Versailles,78,,,78646000AX0037,,,308,,74,86.25,,,,,,,2,2,Appartement,86,4,,,,,,2.142871,48.807658
2021-1328997,2021-05-05,000001,Vente,35000,45,,RUE CARNOT,0440,78000,78646,Versailles,78,,,78646000AE0279,,,142,,,,,,,,,,1,3,Dépendance,,0,,,,,,2.130718,48.805625
2021-1329006,2021-05-18,000001,Vente,800000,20,,RUE DE PROVENCE,2460,78000,78646,Versailles,78,,,78646000AX0442,,,390,,,,,,,,,,1,2,Appartement,106,5,,,,,,2.140987,48.807165
2021-1329006,2021-05-18,000001,Vente,800000,20,,RUE DE PROVENCE,2460,78000,78646,Versailles,78,,,78646000AX0442,,,22,,,,,,,,,,1,3,Dépendance,,0,,,,,,2.140987,48.807165
2021-1329006,2021-05-18,000001,Vente,800000,20,,RUE DE PROVENCE,2460,78000,78646,Versailles,78,,,78646000AX0442,,,360,,,,,,,,,,1,3,Dépendance,,0,,,,,,2.140987,48.807165
2021-1329007,2021-05-03,000001,Vente,22500,42,B,RUE HENRI DE REGNIER,1310,78000,78646,Versailles,78,,,78646000BW0255,,,40,,,,,,,,,,1,3,Dépendance,,0,,,,,,2.127626,48.792725
2021-1329035,2021-05-31,000001,Vente,353000,10,,RUE ROYALE,2648,78000,78646,Versailles,78,,,78646000BV0091,,,1,,19,46.02,27,,,,,,3,2,Appartement,49,3,,,,,,2.126872,48.798272
2021-1329036,2021-05-31,000001,Vente,1000000,59,,RUE DU MAL FOCH,1810,78000,78646,Versailles,78,,,78646000AD0490,,,302,,,,,,,,,,1,3,Dépendance,,0,,,,,,2.134228,48.811238
2021-1329036,2021-05-31,000001,Vente,1000000,59,,RUE DU MAL FOCH,1810,78000,78646,Versailles,78,,,78646000AD0490,,,211,97.02,,,,,,,,,1,2,Appartement,97,5,,,,,,2.134228,48.811238
2021-1329038,2021-05-17,000001,Vente,16500,98,,AV DE PARIS,2180,78000,78646,Versailles,78,,,78646000BK0001,,,424,,,,,,,,,,1,3,Dépendance,,0,,,,,,2.149414,48.797242
2021-1329097,2021-05-31,000001,Vente,1502000,8,,AV DU LOUVRE,1705,78000,78646,Versailles,78,,,78646000BC0004,,,,,,,,,,,,,0,1,Maison,146,6,S,sols,,,537,2.154252,48.800623
2021-1329097,2021-05-31,000001,Vente,1502000,8,,AV DU LOUVRE,1705,78000,78646,Versailles,78,,,78646000BC0004,,,,,,,,,,,,,0,3,Dépendance,,0,S,sols,,,537,2.154252,48.800623
2021-1329099,2021-05-25,000001,Vente,240000,2,,RUE MAZIERE,1880,78000,78646,Versailles,78,,,78646000AH0039,,,12,33.58,,,,,,,,,1,2,Appartement,32,1,,,,,,2.122404,48.800831
2021-1329099,2021-05-25,000001,Vente,240000,2,,RUE MAZIERE,1880,78000,78646,Versailles,78,,,78646000AH0039,,,12,33.58,,,,,,,,,1,3,Dépendance,,0,,,,,,2.122404,48.800831
2021-1329103,2021-05-28,000001,Vente,1007700,12,,RUE SAINT MEDERIC,2840,78000,78646,Versailles,78,,,78646000BT0101,,,414,95.61,418,,,,,,,,2,2,Appartement,110,4,,,,,,2.127194,48.79606
2021-1329103,2021-05-28,000001,Vente,1007700,15,,RUE DE L ORIENT,2130,78000,78646,Versailles,78,,,78646000BT0101,,,620,,,,,,,,,,1,3,Dépendance,,0,,,,,,2.127194,48.79606
2021-1329115,2021-05-27,000001,Vente,322500,3,B,RUE EXELMANS,1020,78000,78646,Versailles,78,,,78646000AC0321,,,23,55.25,,,,,,,,,1,2,Appartement,56,2,,,,,,2.124532,48.813139
2021-1329144,2021-05-18,000001,Vente,915400,10,,AV DE SCEAUX,2980,78000,78646,Versailles,78,,,78646000AH0171,,,638,,,,,,,,,,1,3,Dépendance,,0,,,,,,2.126832,48.799401
2021-1329144,2021-05-18,000001,Vente,915400,10,,AV DE SCEAUX,2980,78000,78646,Versailles,78,,,78646000AH0171,,,203,106.92,606,,,,,,,,2,2,Appartement,98,3,,,,,,2.126832,48.799401
2021-1329144,2021-05-18,000001,Vente,915400,10,,AV DE SCEAUX,2980,78000,78646,Versailles,78,,,78646000AH0171,,,637,,,,,,,,,,1,3,Dépendance,,0,,,,,,2.126832,48.799401
2021-1329187,2021-05-27,000001,Vente,265800,42,B,RUE DE MONTREUIL,2000,78000,78646,Versailles,78,,,78646000AY0004,,,12,35.09,,,,,,,,,1,3,Dépendance,,0,,,,,,2.146967,48.804478
2021-1329187,2021-05-27,000001,Vente,265800,42,B,RUE DE MONTREUIL,2000,78000,78646,Versailles,78,,,78646000AY0004,,,12,35.09,,,,,,,,,1,2,Appartement,36,2,,,,,,2.146967,48.804478
2021-1329200,2021-05-27,000001,Vente,530000,82,B,AV DE PARIS,2180,78000,78646,Versailles,78,,,78646000BN0166,,,454,,,,,,,,,,1,3,Dépendance,,0,,,,,,2.145036,48.797427
2021-1329200,2021-05-27,000001,Vente,530000,86,,AV DE PARIS,2180,78000,78646,Versailles,78,,,78646000BN0166,,,602,80.15,626,,,,,,,,2,2,Appartement,78,4,,,,,,2.145036,48.797427
2021-1329200,2021-05-27,000001,Vente,530000,86,,AV DE PARIS,2180,78000,78646,Versailles,78,,,78646000BN0166,,,602,80.15,626,,,,,,,,2,3,Dépendance,,0,,,,,,2.145036,48.797427
2021-1329200,2021-05-27,000001,Vente,530000,86,,AV DE PARIS,2180,78000,78646,Versailles,78,,,78646000BN0166,,,602,80.15,626,,,,,,,,2,3,Dépendance,,0,,,,,,2.145036,48.797427
2021-1329231,2021-05-28,000001,Vente,630000,88,,RUE D ANJOU,0190,78000,78646,Versailles,78,,,78646000BT0078,,,104,72.09,118,,,,,,,,2,2,Appartement,82,3,,,,,,2.129714,48.79553
2021-1329235,2021-05-28,000001,Vente,730000,1,,BD DE LA REPUBLIQUE,2570,78000,78646,Versailles,78,,,78646000AW0162,,,23,,5,,,,,,,,2,2,Appartement,106,5,,,,,,2.146135,48.807934
2021-1329236,2021-05-19,000001,Vente,500000,98,,AV DE PARIS,2180,78000,78646,Versailles,78,,,78646000BK0001,,,473,,,,,,,,,,1,3,Dépendance,,0,,,,,,2.149414,48.797242
2021-1329236,2021-05-19,000001,Vente,500000,98,,AV DE PARIS,2180,78000,78646,Versailles,78,,,78646000BK0001,,,222,,80,,,,,,,,2,2,Appartement,75,3,,,,,,2.149414,48.797242
2021-1329309,2021-05-25,000001,Vente,365000,6,,RUE BAILLY,0280,78000,78646,Versailles,78,,,78646000AH0044,,,18,,8,71.97,,,,,,,2,2,Appartement,70,5,,,,,,2.122652,48.80117
2021-1329372,2021-05-21,000001,Vente,35000,15,,RUE BENJAMIN FRANKLIN,0340,78000,78646,Versailles,78,,,78646000BS0035,,,125,,,,,,,,,,1,3,Dépendance,,0,,,,,,2.136519,48.797884
2021-1329377,2021-05-21,000001,Vente,19000,53,,RUE EXELMANS,1020,78000,78646,Versailles,78,,,78646000AC0306,,,17160,,,,,,,,,,1,3,Dépendance,,0,,,,,,2.125764,48.813952
2021-1329393,2021-05-29,000001,Vente,215000,44,,RUE ALBERT SARRAUT,0080,78000,78646,Versailles,78,,,78646000BK0232,,,517,,,,,,,,,,1,3,Dépendance,,0,,,,,,2.14982,48.795098
2021-1329393,2021-05-29,000001,Vente,215000,44,,RUE ALBERT SARRAUT,0080,78000,78646,Versailles,78,,,78646000BK0232,,,152,,40,33.24,,,,,,,2,2,Appartement,34,1,,,,,,2.14982,48.795098
2021-1329422,2021-06-02,000001,Vente,1147000,1,,RUE DU MARCHE NEUF,1780,78000,78646,Versailles,78,,,78646000BV0115,,,17,,18,,36,,37,,,,4,2,Appartement,145,6,,,,,,2.12583,48.797937
2021-1329422,2021-06-02,000001,Vente,1147000,1,,RUE DU MARCHE NEUF,1780,78000,78646,Versailles,78,,,78646000BV0115,,,17,,18,,36,,37,,,,4,3,Dépendance,,0,,,,,,2.12583,48.797937
2021-1329422,2021-06-02,000001,Vente,1147000,1,,RUE DU MARCHE NEUF,1780,78000,78646,Versailles,78,,,78646000BV0115,,,17,,18,,36,,37,,,,4,3,Dépendance,,0,,,,,,2.12583,48.797937
2021-1329436,2021-05-19,000001,Vente,1157000,30,,RUE DU MAL FOCH,1810,78000,78646,Versailles,78,,,78646000AI0325,,,9,,,,,,,,,,1,3,Dépendance,,0,,,,,,2.133452,48.80854
2021-1329436,2021-05-19,000001,Vente,1157000,30,,RUE DU MAL FOCH,1810,78000,78646,Versailles,78,,,78646000AI0325,,,7,108.05,,,,,,,,,1,2,Appartement,108,5,,,,,,2.133452,48.80854
2021-1329467,2021-05-06,000001,Vente,860000,17,,RUE DES BOURDONNAIS,0400,78000,78646,Versailles,78,,,78646000BT0129,,,2,105.49,5,,,,,,,,2,2,Appartement,95,5,,,,,,2.126456,48.795728
2021-1329472,2021-05-12,000001,Vente,430000,14,,RUE DES CHANTIERS,0530,78000,78646,Versailles,78,,,78646000BS0060,,,39,29.05,,,,,,,,,1,4,Local industriel. commercial ou assimilé,35,0,,,,,,2.136832,48.796406
2021-1329472,2021-05-12,000001,Vente,430000,14,,RUE DES CHANTIERS,0530,78000,78646,Versailles,78,,,78646000BS0060,,,2,33.21,5,,,,,,,,2,2,Appartement,31,1,,,,,,2.136832,48.796406
2021-1329472,2021-05-12,000001,Vente,430000,14,,RUE DES CHANTIERS,0530,78000,78646,Versailles,78,,,78646000BS0060,,,39,29.05,9,,,,,,,,2,3,Dépendance,,0,,,,,,2.136832,48.796406
2021-1329472,2021-05-12,000001,Vente,430000,14,,RUE DES CHANTIERS,0530,78000,78646,Versailles,78,,,78646000BS0060,,,2,33.21,5,,,,,,,,2,3,Dépendance,,0,,,,,,2.136832,48.796406
2021-1329472,2021-05-12,000001,Vente,430000,14,,RUE DES CHANTIERS,0530,78000,78646,Versailles,78,,,78646000BS0060,,,39,29.05,9,,,,,,,,2,2,Appartement,41,1,,,,,,2.136832,48.796406
2021-1329475,2021-05-04,000001,Vente,1450000,34,,RUE DU GENERAL LECLERC,1145,78000,78646,Versailles,78,,,78646000BV0086,,,1,,,,,,,,,,1,4,Local industriel. commercial ou assimilé,234,0,,,,,,2.127122,48.798687
2021-1329537,2021-05-26,000001,Vente,250000,27,,RUE DE MONTREUIL,2000,78000,78646,Versailles,78,,,78646000AX0293,,,9,24.47,,,,,,,,,1,2,Appartement,24,2,,,,,,2.144128,48.805256
2021-1329541,2021-05-07,000001,Vente,116483,4,,RUE EDOUARD CHARTON,0890,78000,78646,Versailles,78,,,78646000BT0163,,,12,,16,13.7,,,,,,,2,2,Appartement,18,1,,,,,,2.130736,48.796221
2021-1329580,2021-05-27,000001,Vente,970000,40,,RUE CARNOT,0440,78000,78646,Versailles,78,,,78646000AE0298,,,,,,,,,,,,,0,4,Local industriel. commercial ou assimilé,6,0,S,sols,,,65,2.129784,48.805406
2021-1329580,2021-05-27,000001,Vente,970000,40,,RUE CARNOT,0440,78000,78646,Versailles,78,,,78646000AE0298,,,,,,,,,,,,,0,2,Appartement,20,1,S,sols,,,65,2.129784,48.805406
2021-1329580,2021-05-27,000001,Vente,970000,40,,RUE CARNOT,0440,78000,78646,Versailles,78,,,78646000AE0298,,,,,,,,,,,,,0,4,Local industriel. commercial ou assimilé,58,0,S,sols,,,65,2.129784,48.805406
2021-1329580,2021-05-27,000001,Vente,970000,40,,RUE CARNOT,0440,78000,78646,Versailles,78,,,78646000AE0298,,,,,,,,,,,,,0,2,Appartement,38,2,S,sols,,,65,2.129784,48.805406
2021-1329580,2021-05-27,000001,Vente,970000,40,,RUE CARNOT,0440,78000,78646,Versailles,78,,,78646000AE0298,,,,,,,,,,,,,0,2,Appartement,38,2,S,sols,,,65,2.129784,48.805406
2021-1329584,2021-05-25,000001,Vente,681500,12,,RUE D ANJOU,0190,78000,78646,Versailles,78,,,78646000BV0139,,,32,,33,,51,,,,,,3,3,Dépendance,,0,,,,,,2.124719,48.797206
2021-1329584,2021-05-25,000001,Vente,681500,12,,RUE D ANJOU,0190,78000,78646,Versailles,78,,,78646000BV0139,,,32,,33,,51,,,,,,3,2,Appartement,100,5,,,,,,2.124719,48.797206
2021-1329610,2021-05-28,000001,Vente,8000,13,,RUE REMILLY,2530,78000,78646,Versailles,78,,,78646000AK0047,,,2,,,,,,,,,,1,2,Appartement,56,3,,,,,,2.137115,48.811862
2021-1329613,2021-05-06,000002,Echange,3000,11,,RUE COLBERT,0630,78000,78646,Versailles,78,,,78646000AE0338,,,8,,,,,,,,,,1,3,Dépendance,,0,,,,,,2.126007,48.805232
2021-1329613,2021-05-06,000002,Echange,3000,11,,RUE COLBERT,0630,78000,78646,Versailles,78,,,78646000AE0338,,,8,,,,,,,,,,1,2,Appartement,150,6,,,,,,2.126007,48.805232
2021-1329613,2021-05-06,000002,Echange,3000,11,,RUE COLBERT,0630,78000,78646,Versailles,78,,,78646000AE0338,,,8,,,,,,,,,,1,3,Dépendance,,0,,,,,,2.126007,48.805232
2021-1329613,2021-05-06,000002,Echange,3000,11,,RUE COLBERT,0630,78000,78646,Versailles,78,,,78646000AE0338,,,8,,,,,,,,,,1,3,Dépendance,,0,,,,,,2.126007,48.805232
2021-1329644,2021-05-28,000001,Vente,1200000,15,B,RUE REMILLY,2530,78000,78646,Versailles,78,,,78646000AK0048,,,3,,,,,,,,,,1,4,Local industriel. commercial ou assimilé,24,0,,,,,,2.137527,48.81186
2021-1329644,2021-05-28,000001,Vente,1200000,15,B,RUE REMILLY,2530,78000,78646,Versailles,78,,,78646000AK0048,,,17,,,,,,,,,,1,4,Local industriel. commercial ou assimilé,86,0,,,,,,2.137527,48.81186
2021-1329644,2021-05-28,000001,Vente,1200000,15,,RUE REMILLY,2530,78000,78646,Versailles,78,,,78646000AK0048,,,7,,,,,,,,,,1,4,Local industriel. commercial ou assimilé,10,0,,,,,,2.137527,48.81186
2021-1329644,2021-05-28,000001,Vente,1200000,15,B,RUE REMILLY,2530,78000,78646,Versailles,78,,,78646000AK0048,,,11,,,,,,,,,,1,4,Local industriel. commercial ou assimilé,21,0,,,,,,2.137527,48.81186
2021-1329654,2021-05-28,000001,Vente,259700,36,,RUE DES CHANTIERS,0530,78000,78646,Versailles,78,,,78646000BM0043,,,14,,26,,5,49.6,,,,,3,2,Appartement,47,3,,,,,,2.139618,48.795007
2021-1329656,2021-06-02,000001,Vente,950000,1,B,RUE SAINT LOUIS,2810,78000,78646,Versailles,78,,,78646000BV0208,,,1,96.71,6,,,,,,,,2,2,Appartement,99,4,,,,,,2.122689,48.796074
2021-1329661,2021-06-02,000001,Vente,465000,64,,AV DE PARIS,2180,78000,78646,Versailles,78,,,78646000BN0007,,,16,199.3,,,,,,,,,1,4,Local industriel. commercial ou assimilé,190,0,,,,,,2.138959,48.799201
2021-1329662,2021-06-03,000001,Vente,278450,43,,AV DES ETATS UNIS,0990,78000,78646,Versailles,78,,,78646000AS0098,,,104,53.9,,,,,,,,,1,2,Appartement,62,3,,,,,,2.148446,48.810098
2021-1329699,2021-05-11,000001,Vente,685000,2,,ALL DES GARDES ROYALES,1136,78000,78646,Versailles,78,,,78646000AY0212,,,1157,,,,,,,,,,1,3,Dépendance,,0,,,,,,2.151214,48.802177
2021-1329699,2021-05-11,000001,Vente,685000,6,,ALL DES GARDES ROYALES,1136,78000,78646,Versailles,78,,,78646000AY0212,,,65,105.13,84,,,,,,,,2,2,Appartement,104,5,,,,,,2.151214,48.802177
2021-1329726,2021-06-01,000001,Vente,32000,15,,BD DE LA REINE,2520,78000,78646,Versailles,78,,,78646000AC0190,,,97,,,,,,,,,,1,3,Dépendance,,0,,,,,,2.124346,48.809915
2021-1329741,2021-03-01,000001,Echange,500,114,,AV DE PARIS,2180,78000,78646,Versailles,78,,,78646000BK0021,,,142,,,,,,,,,,1,3,Dépendance,,0,,,,,,2.152071,48.797176
2021-1329741,2021-03-01,000001,Echange,500,114,,AV DE PARIS,2180,78000,78646,Versailles,78,,,78646000BK0021,,,142,,,,,,,,,,1,2,Appartement,116,5,,,,,,2.152071,48.797176
2021-1329741,2021-03-01,000002,Echange,500,114,,AV DE PARIS,2180,78000,78646,Versailles,78,,,78646000BK0021,,,143,,,,,,,,,,1,3,Dépendance,,0,,,,,,2.152071,48.797176
2021-1329741,2021-03-01,000002,Echange,500,114,,AV DE PARIS,2180,78000,78646,Versailles,78,,,78646000BK0021,,,143,,,,,,,,,,1,2,Appartement,111,4,,,,,,2.152071,48.797176
2021-1329784,2021-06-03,000001,Vente,345600,72,,RUE DU MAL FOCH,1810,78000,78646,Versailles,78,,,78646000AK0009,,,123,,28,46.01,,,,,,,2,2,Appartement,50,3,,,,,,2.136535,48.812771
2021-1329789,2021-05-28,000001,Vente,750000,14,,RUE GEORGES CLEMENCEAU,1200,78000,78646,Versailles,78,,,78646000AI0100,,,19,,7,96.49,,,,,,,2,2,Appartement,99,4,,,,,,2.132618,48.804443
2021-1329790,2021-06-04,000001,Vente,337000,52,,AV DE VILLENEUVE L ETANG,3200,78000,78646,Versailles,78,,,78646000AO0195,,,1630,,,,,,,,,,1,3,Dépendance,,0,,,,,,2.148734,48.818785
2021-1329790,2021-06-04,000001,Vente,337000,52,,AV DE VILLENEUVE L ETANG,3200,78000,78646,Versailles,78,,,78646000AO0195,,,1415,46.26,1755,,,,,,,,2,2,Appartement,46,2,,,,,,2.148734,48.818785
2021-1329874,2021-05-28,000001,Vente,1000000,8,,IMP DES CHANTIERS,0520,78000,78646,Versailles,78,,,78646000BL0258,,,,,,,,,,,,,0,1,Maison,105,5,S,sols,,,221,2.145188,48.793588
2021-1329884,2021-05-28,000001,Vente,29500,98,,AV DE PARIS,2180,78000,78646,Versailles,78,,,78646000BK0001,,,387,,,,,,,,,,1,3,Dépendance,,0,,,,,,2.149414,48.797242
2021-1329884,2021-05-28,000001,Vente,29500,98,,AV DE PARIS,2180,78000,78646,Versailles,78,,,78646000BK0001,,,388,,,,,,,,,,1,3,Dépendance,,0,,,,,,2.149414,48.797242
2021-1329890,2021-05-31,000001,Vente,400000,6,,RUE DU GENERAL PERSHING,1170,78000,78646,Versailles,78,,,78646000AS0051,,,1246,,,,,,,,,,1,3,Dépendance,,0,,,,,,2.152002,48.812811
2021-1329907,2021-05-27,000001,Vente,680000,66,,RUE ALBERT JOLY,0050,78000,78646,Versailles,78,,,78646000AR0129,,,82,,,,,,,,,,1,3,Dépendance,,0,,,,,,2.145022,48.809293
2021-1329907,2021-05-27,000001,Vente,680000,66,,RUE ALBERT JOLY,0050,78000,78646,Versailles,78,,,78646000AR0129,,,28,,,,,,,,,,1,3,Dépendance,,0,,,,,,2.145022,48.809293
2021-1329907,2021-05-27,000001,Vente,680000,68,,RUE ALBERT JOLY,0050,78000,78646,Versailles,78,,,78646000AR0129,,,25,89.09,60,,,,,,,,2,3,Dépendance,,0,,,,,,2.145022,48.809293
2021-1329907,2021-05-27,000001,Vente,680000,68,,RUE ALBERT JOLY,0050,78000,78646,Versailles,78,,,78646000AR0129,,,25,89.09,60,,,,,,,,2,2,Appartement,63,3,,,,,,2.145022,48.809293
2021-1329909,2021-06-07,000001,Vente,1622200,3,,BD DU ROI,2641,78000,78646,Versailles,78,,,78646000AC0185,,,23,,6,,7,,,,,,3,3,Dépendance,,0,,,,,,2.12515,48.810107
2021-1329909,2021-06-07,000001,Vente,1622200,3,,BD DU ROI,2641,78000,78646,Versailles,78,,,78646000AC0185,,,23,,6,,7,,,,,,3,2,Appartement,228,6,,,,,,2.12515,48.810107
2021-1329909,2021-06-07,000001,Vente,1622200,3,,BD DU ROI,2641,78000,78646,Versailles,78,,,78646000AC0185,,,52,,,,,,,,,,1,3,Dépendance,,0,,,,,,2.12515,48.810107
2021-1329932,2021-06-04,000001,Vente,1054385,25,,RUE BERTHELOT,0360,78000,78646,Versailles,78,,,78646000BE0379,,,,,,,,,,,,,0,1,Maison,110,5,S,sols,,,379,2.160167,48.7943
2021-1329932,2021-06-04,000001,Vente,1054385,25,,RUE BERTHELOT,0360,78000,78646,Versailles,78,,,78646000BE0379,,,,,,,,,,,,,0,3,Dépendance,,0,S,sols,,,379,2.160167,48.7943
2021-1329937,2021-05-31,000001,Vente,1076700,13,B,RUE NEUVE NOTRE DAME,2040,78000,78646,Versailles,78,,,78646000AE0018,,,3,90.34,,,,,,,,,1,3,Dépendance,,0,,,,,,2.127824,48.80885
2021-1329937,2021-05-31,000001,Vente,1076700,13,B,RUE NEUVE NOTRE DAME,2040,78000,78646,Versailles,78,,,78646000AE0018,,,3,90.34,,,,,,,,,1,2,Appartement,98,4,,,,,,2.127824,48.80885
2021-1329937,2021-05-31,000001,Vente,1076700,13,B,RUE NEUVE NOTRE DAME,2040,78000,78646,Versailles,78,,,78646000AE0018,,,3,90.34,,,,,,,,,1,3,Dépendance,,0,,,,,,2.127824,48.80885
2021-1329959,2021-05-14,000001,Vente,25000,58,,RUE DES CHANTIERS,0530,78000,78646,Versailles,78,,,78646000BL0327,,,475,,,,,,,,,,1,3,Dépendance,,0,,,,,,2.142467,48.792993
2021-1329966,2021-06-02,000001,Vente,292000,6,,RUE SAINT HONORE,2780,78000,78646,Versailles,78,,,78646000BV0071,,,3,,,,,,,,,,1,4,Local industriel. commercial ou assimilé,14,0,,,,,,2.125255,48.798778
2021-1329966,2021-06-02,000001,Vente,292000,6,,RUE SAINT HONORE,2780,78000,78646,Versailles,78,,,78646000BV0071,,,2,52.5,,,,,,,,,1,4,Local industriel. commercial ou assimilé,37,0,,,,,,2.125255,48.798778
2021-1329975,2021-06-01,000001,Vente,180000,17,T,RUE DU PONT COLBERT,2370,78000,78646,Versailles,78,,,78646000BI0022,,,546,54.89,,,,,,,,,1,3,Dépendance,,0,,,,,,2.149624,48.789909
2021-1329975,2021-06-01,000001,Vente,180000,17,T,RUE DU PONT COLBERT,2370,78000,78646,Versailles,78,,,78646000BI0022,,,546,54.89,,,,,,,,,1,2,Appartement,56,3,,,,,,2.149624,48.789909
2021-1329983,2021-05-12,000001,Vente,470000,28,,BD DE LESSEPS,1638,78000,78646,Versailles,78,,,78646000AX0484,,,12,,29,80.94,,,,,,,2,3,Dépendance,,0,,,,,,2.147475,48.806773
2021-1329983,2021-05-12,000001,Vente,470000,28,,BD DE LESSEPS,1638,78000,78646,Versailles,78,,,78646000AX0484,,,12,,29,80.94,,,,,,,2,2,Appartement,82,3,,,,,,2.147475,48.806773
2021-1329983,2021-05-12,000001,Vente,470000,14,,BD DE LA REPUBLIQUE,2570,78000,78646,Versailles,78,,,78646000AX0484,,,78,,,,,,,,,,1,3,Dépendance,,0,,,,,,2.147475,48.806773
2021-1329994,2021-06-04,000001,Vente,15000,12,,AV DE PORCHEFONTAINE,2380,78000,78646,Versailles,78,,,78646000BK0021,,,1640,,,,,,,,,,1,3,Dépendance,,0,,,,,,2.152071,48.797176
2021-1330036,2021-05-17,000001,Vente,330000,18,,RUE ALBERT JOLY,0050,78000,78646,Versailles,78,,,78646000AK0174,,,108,49.71,33,,,,,,,,2,3,Dépendance,,0,,,,,,2.137825,48.810091
2021-1330036,2021-05-17,000001,Vente,330000,18,,RUE ALBERT JOLY,0050,78000,78646,Versailles,78,,,78646000AK0174,,,51,,,,,,,,,,1,3,Dépendance,,0,,,,,,2.137825,48.810091
2021-1330036,2021-05-17,000001,Vente,330000,18,,RUE ALBERT JOLY,0050,78000,78646,Versailles,78,,,78646000AK0174,,,108,49.71,33,,,,,,,,2,2,Appartement,50,1,,,,,,2.137825,48.810091
2021-1330054,2021-06-01,000001,Vente,200000,7,,RUE DU VIEUX VERSAILLES,3180,78000,78646,Versailles,78,,,78646000AH0046,,,27,45.49,,,,,,,,,1,2,Appartement,15,1,,,,,,2.122159,48.801354
2021-1330054,2021-06-01,000001,Vente,200000,7,,RUE DU VIEUX VERSAILLES,3180,78000,78646,Versailles,78,,,78646000AH0046,,,27,45.49,,,,,,,,,1,4,Local industriel. commercial ou assimilé,46,0,,,,,,2.122159,48.801354
2021-1330061,2021-06-04,000001,Vente,20000,13,,RUE DU GENERAL PERSHING,1170,78000,78646,Versailles,78,,,78646000AO0068,,,387,,,,,,,,,,1,3,Dépendance,,0,,,,,,2.148928,48.817113
2021-1330073,2021-06-09,000001,Vente,546500,31,,RUE SAINT HONORE,2780,78000,78646,Versailles,78,,,78646000BV0159,,,1,81.22,,,,,,,,,1,2,Appartement,85,4,,,,,,2.12448,48.796689
2021-1330073,2021-06-09,000001,Vente,546500,31,,RUE SAINT HONORE,2780,78000,78646,Versailles,78,,,78646000BV0159,,,1,81.22,,,,,,,,,1,3,Dépendance,,0,,,,,,2.12448,48.796689
2021-1330083,2021-06-08,000001,Vente,308000,2,,RUE DU PARC DE CLAGNY,2171,78000,78646,Versailles,78,,,78646000AR0094,,,1,41.1,28,,,,,,,,2,3,Dépendance,,0,,,,,,2.140261,48.808704
2021-1330083,2021-06-08,000001,Vente,308000,2,,RUE DU PARC DE CLAGNY,2171,78000,78646,Versailles,78,,,78646000AR0094,,,1,41.1,28,,,,,,,,2,2,Appartement,41,2,,,,,,2.140261,48.808704
2021-1330106,2021-05-28,000001,Vente,720000,28,,RUE DU PEINTRE LEBRUN,2220,78000,78646,Versailles,78,,,78646000AE0359,,,1,,12,,15,,2,,3,,5,3,Dépendance,,0,,,,,,2.125076,48.806592
2021-1330106,2021-05-28,000001,Vente,720000,28,,RUE DU PEINTRE LEBRUN,2220,78000,78646,Versailles,78,,,78646000AE0359,,,1,,12,,15,,2,,3,,5,3,Dépendance,,0,,,,,,2.125076,48.806592
2021-1330106,2021-05-28,000001,Vente,720000,28,,RUE DU PEINTRE LEBRUN,2220,78000,78646,Versailles,78,,,78646000AE0359,,,1,,12,,15,,2,,3,,5,2,Appartement,120,6,,,,,,2.125076,48.806592
2021-1330117,2021-05-28,000001,Vente,25000,7,,RUE RICHAUD,2610,78000,78646,Versailles,78,,,78646000AI0313,,,190,,,,,,,,,,1,3,Dépendance,,0,,,,,,2.135209,48.807376
2021-1330146,2021-05-28,000001,Vente,595000,5,,RUE CHAMP LAGARDE,0490,78000,78646,Versailles,78,,,78646000BP0207,,,31,96.39,70,,,,,,,,2,3,Dépendance,,0,,,,,,2.144353,48.801239
2021-1330146,2021-05-28,000001,Vente,595000,5,,RUE CHAMP LAGARDE,0490,78000,78646,Versailles,78,,,78646000BP0207,,,31,96.39,70,,,,,,,,2,2,Appartement,98,5,,,,,,2.144353,48.801239
2021-1330146,2021-05-28,000001,Vente,595000,5,,RUE CHAMP LAGARDE,0490,78000,78646,Versailles,78,,,78646000BP0207,,,87,,,,,,,,,,1,3,Dépendance,,0,,,,,,2.144353,48.801239
2021-1330147,2021-05-31,000001,Vente,528100,4,,RUE DU MAL JOFFRE,1820,78000,78646,Versailles,78,,,78646000BV0030,,,18,,9,56.86,,,,,,,2,2,Appartement,56,3,,,,,,2.123886,48.799306
2021-1330147,2021-05-31,000001,Vente,528100,4,,RUE DU MAL JOFFRE,1820,78000,78646,Versailles,78,,,78646000BV0030,,,18,,9,56.86,,,,,,,2,3,Dépendance,,0,,,,,,2.123886,48.799306
2021-1330150,2021-05-21,000001,Vente,191500,14,,RUE DU REFUGE,2510,78000,78646,Versailles,78,,,78646000BP0108,,,10,24.71,,,,,,,,,1,3,Dépendance,,0,,,,,,2.142848,48.804402
2021-1330150,2021-05-21,000001,Vente,191500,14,,RUE DU REFUGE,2510,78000,78646,Versailles,78,,,78646000BP0108,,,10,24.71,,,,,,,,,1,3,Dépendance,,0,,,,,,2.142848,48.804402
2021-1330150,2021-05-21,000001,Vente,191500,14,,RUE DU REFUGE,2510,78000,78646,Versailles,78,,,78646000BP0108,,,10,24.71,,,,,,,,,1,2,Appartement,32,2,,,,,,2.142848,48.804402
2021-1330158,2021-06-04,000002,Vente,1000,15,,RUE DU MARECHAL GALLIENI,1812,78000,78646,Versailles,78,,,78646000AC0211,,,25,,,,,,,,,,1,3,Dépendance,,0,,,,,,2.123651,48.811068
2021-1330158,2021-06-04,000002,Vente,1000,15,,RUE DU MARECHAL GALLIENI,1812,78000,78646,Versailles,78,,,78646000AC0211,,,25,,,,,,,,,,1,3,Dépendance,,0,,,,,,2.123651,48.811068
2021-1330158,2021-06-04,000002,Vente,1000,15,,RUE DU MARECHAL GALLIENI,1812,78000,78646,Versailles,78,,,78646000AC0211,,,25,,,,,,,,,,1,2,Appartement,147,6,,,,,,2.123651,48.811068
2021-1330158,2021-06-04,000002,Vente,1000,15,,RUE DU MARECHAL GALLIENI,1812,78000,78646,Versailles,78,,,78646000AC0211,,,25,,,,,,,,,,1,3,Dépendance,,0,,,,,,2.123651,48.811068
2021-1330158,2021-06-04,000002,Vente,1000,15,,RUE DU MARECHAL GALLIENI,1812,78000,78646,Versailles,78,,,78646000AC0211,,,25,,,,,,,,,,1,3,Dépendance,,0,,,,,,2.123651,48.811068
2021-1330160,2021-05-31,000001,Vente,4130500,15,,RUE DU PEINTRE LEBRUN,2220,78000,78646,Versailles,78,,,78646000AE0370,,,12,,,,,,,,,,1,2,Appartement,38,1,,,,,,2.124535,48.806472
2021-1330160,2021-05-31,000001,Vente,4130500,14,,RUE DE SATORY,2950,78000,78646,Versailles,78,,,78646000AH0082,,,34,,37,,,,,,,,2,3,Dépendance,,0,,,,,,2.124857,48.800812
2021-1330160,2021-05-31,000001,Vente,4130500,14,,RUE DE SATORY,2950,78000,78646,Versailles,78,,,78646000AH0082,,,34,,37,,,,,,,,2,2,Appartement,56,2,,,,,,2.124857,48.800812
2021-1330160,2021-05-31,000001,Vente,4130500,31,,RUE DU VIEUX VERSAILLES,3180,78000,78646,Versailles,78,,,78646000AH0089,,,29,,,,,,,,,,1,3,Dépendance,,0,,,,,,2.124559,48.800568
2021-1330160,2021-05-31,000001,Vente,4130500,13,,RUE DU GENERAL LECLERC,1145,78000,78646,Versailles,78,,,78646000AH0164,,,2,,,,,,,,,,1,4,Local industriel. commercial ou assimilé,38,0,,,,,,2.125982,48.799485
2021-1330160,2021-05-31,000001,Vente,4130500,13,,RUE DU GENERAL LECLERC,1145,78000,78646,Versailles,78,,,78646000AH0164,,,1,,,,,,,,,,1,4,Local industriel. commercial ou assimilé,60,0,,,,,,2.125982,48.799485
2021-1330160,2021-05-31,000001,Vente,4130500,17,,RUE DU GENERAL LECLERC,1145,78000,78646,Versailles,78,,,78646000AH0166,,,1,,,,,,,,,,1,4,Local industriel. commercial ou assimilé,65,0,,,,,,2.126131,48.799309
2021-1330160,2021-05-31,000001,Vente,4130500,23,,RUE DU GENERAL LECLERC,1145,78000,78646,Versailles,78,,,78646000AH0168,,,31,,,,,,,,,,1,4,Local industriel. commercial ou assimilé,29,0,,,,,,2.126482,48.799277
2021-1330160,2021-05-31,000001,Vente,4130500,9001,,AV DE SCEAUX,2980,78000,78646,Versailles,78,,,78646000AH0226,,,353,,,,,,,,,,1,3,Dépendance,,0,,,,,,2.126268,48.79975
2021-1330160,2021-05-31,000001,Vente,4130500,39,,RUE DE MONTREUIL,2000,78000,78646,Versailles,78,,,78646000AX0298,,,18,,19,,31,,6,,,,4,3,Dépendance,,0,,,,,,2.144948,48.805035
2021-1330160,2021-05-31,000001,Vente,4130500,39,,RUE DE MONTREUIL,2000,78000,78646,Versailles,78,,,78646000AX0298,,,18,,19,,31,,6,,,,4,2,Appartement,48,2,,,,,,2.144948,48.805035
2021-1330160,2021-05-31,000001,Vente,4130500,39,,RUE DE MONTREUIL,2000,78000,78646,Versailles,78,,,78646000AX0298,,,18,,19,,31,,6,,,,4,3,Dépendance,,0,,,,,,2.144948,48.805035
2021-1330160,2021-05-31,000001,Vente,4130500,45,,RUE PORTE DE BUC,2390,78000,78646,Versailles,78,,,78646000BM0019,,,10,,14,,,,,,,,2,3,Dépendance,,0,,,,,,2.135705,48.790746
2021-1330160,2021-05-31,000001,Vente,4130500,45,,RUE PORTE DE BUC,2390,78000,78646,Versailles,78,,,78646000BM0019,,,10,,14,,,,,,,,2,2,Appartement,31,1,,,,,,2.135705,48.790746
2021-1330160,2021-05-31,000001,Vente,4130500,45,,RUE PORTE DE BUC,2390,78000,78646,Versailles,78,,,78646000BM0019,,,26,,,,,,,,,,1,3,Dépendance,,0,,,,,,2.135705,48.790746
2021-1330160,2021-05-31,000001,Vente,4130500,34,,RUE DE L ORANGERIE,2110,78000,78646,Versailles,78,,,78646000BV0025,,,23,,26,,,,,,,,2,3,Dépendance,,0,,,,,,2.123448,48.799477
2021-1330160,2021-05-31,000001,Vente,4130500,34,,RUE DE L ORANGERIE,2110,78000,78646,Versailles,78,,,78646000BV0025,,,20,,,,,,,,,,1,3,Dépendance,,0,,,,,,2.123448,48.799477
2021-1330160,2021-05-31,000001,Vente,4130500,34,,RUE DE L ORANGERIE,2110,78000,78646,Versailles,78,,,78646000BV0025,,,23,,26,,,,,,,,2,2,Appartement,26,1,,,,,,2.123448,48.799477
2021-1330160,2021-05-31,000001,Vente,4130500,2,B,RUE SAINT HONORE,2780,78000,78646,Versailles,78,,,78646000BV0066,,,1,,16,,2,,,,,,3,4,Local industriel. commercial ou assimilé,42,0,,,,,,2.125355,48.799013
2021-1330160,2021-05-31,000001,Vente,4130500,1,B,RUE SAINT HONORE,2780,78000,78646,Versailles,78,,,78646000BV0072,,,19,,,,,,,,,,1,4,Local industriel. commercial ou assimilé,66,0,,,,,,2.125758,48.798713
2021-1330160,2021-05-31,000001,Vente,4130500,16,,RUE DU GENERAL LECLERC,1145,78000,78646,Versailles,78,,,78646000BV0073,,,52,,,,,,,,,,1,4,Local industriel. commercial ou assimilé,139,0,,,,,,2.125896,48.798984
2021-1330160,2021-05-31,000001,Vente,4130500,16,,RUE DU GENERAL LECLERC,1145,78000,78646,Versailles,78,,,78646000BV0073,,,64,,74,,,,,,,,2,4,Local industriel. commercial ou assimilé,50,0,,,,,,2.125896,48.798984
2021-1330160,2021-05-31,000001,Vente,4130500,16,,RUE DU GENERAL LECLERC,1145,78000,78646,Versailles,78,,,78646000BV0073,,,6,,,,,,,,,,1,4,Local industriel. commercial ou assimilé,96,0,,,,,,2.125896,48.798984
2021-1330160,2021-05-31,000001,Vente,4130500,16,,RUE DU GENERAL LECLERC,1145,78000,78646,Versailles,78,,,78646000BV0073,,,1,,,,,,,,,,1,4,Local industriel. commercial ou assimilé,91,0,,,,,,2.125896,48.798984
2021-1330160,2021-05-31,000001,Vente,4130500,16,,RUE DU GENERAL LECLERC,1145,78000,78646,Versailles,78,,,78646000BV0073,,,1,,42,,46,,,,,,3,2,Appartement,49,2,,,,,,2.125896,48.798984
2021-1330160,2021-05-31,000001,Vente,4130500,16,,RUE DU GENERAL LECLERC,1145,78000,78646,Versailles,78,,,78646000BV0073,,,1,,42,,46,,,,,,3,3,Dépendance,,0,,,,,,2.125896,48.798984
2021-1330197,2021-06-02,000001,Vente en l'état futur d'achèvement,884000,9,,RUE VAUBAN,3110,78000,78646,Versailles,78,,,78646000AY0310,,,944,,,,,,,,,,1,3,Dépendance,,0,,,,,,2.15313,48.799852
2021-1330197,2021-06-02,000001,Vente en l'état futur d'achèvement,884000,9,,RUE VAUBAN,3110,78000,78646,Versailles,78,,,78646000AY0310,,,120,,,,,,,,,,1,2,Appartement,111,5,,,,,,2.15313,48.799852
2021-1330197,2021-06-02,000001,Vente en l'état futur d'achèvement,884000,9,,RUE VAUBAN,3110,78000,78646,Versailles,78,,,78646000AY0310,,,945,,,,,,,,,,1,3,Dépendance,,0,,,,,,2.15313,48.799852
2021-1330205,2021-06-04,000001,Vente,220300,27,,RUE DU PARC DE CLAGNY,2171,78000,78646,Versailles,78,,,78646000AK0073,,,55,,59,,,,,,,,2,3,Dépendance,,0,,,,,,2.14023,48.811905
2021-1330205,2021-06-04,000001,Vente,220300,27,,RUE DU PARC DE CLAGNY,2171,78000,78646,Versailles,78,,,78646000AK0073,,,55,,59,,,,,,,,2,2,Appartement,27,2,,,,,,2.14023,48.811905
2021-1330217,2021-06-08,000001,Vente,285300,43,,AV DES ETATS UNIS,0990,78000,78646,Versailles,78,,,78646000AS0098,,,102,47.4,,,,,,,,,1,2,Appartement,50,2,,,,,,2.148446,48.810098
2021-1330229,2021-05-28,000001,Vente en l'état futur d'achèvement,355000,9,,RUE VAUBAN,3110,78000,78646,Versailles,78,,,78646000AY0310,,,215,,,,,,,,,,1,2,Appartement,38,2,,,,,,2.15313,48.799852
2021-1330229,2021-05-28,000001,Vente en l'état futur d'achèvement,355000,9,,RUE VAUBAN,3110,78000,78646,Versailles,78,,,78646000AY0310,,,924,,,,,,,,,,1,3,Dépendance,,0,,,,,,2.15313,48.799852
2021-1330234,2021-05-20,000001,Vente,20737,74,,BD DE LA REINE,2520,78000,78646,Versailles,78,,,78646000AE0051,,,38,,43,,,,,,,,2,3,Dépendance,,0,,,,,,2.132676,48.808718
2021-1330234,2021-05-20,000001,Vente,20737,74,,BD DE LA REINE,2520,78000,78646,Versailles,78,,,78646000AE0051,,,38,,43,,,,,,,,2,2,Appartement,74,3,,,,,,2.132676,48.808718
2021-1330234,2021-05-20,000001,Vente,20737,74,,BD DE LA REINE,2520,78000,78646,Versailles,78,,,78646000AE0051,,,49,,,,,,,,,,1,3,Dépendance,,0,,,,,,2.132676,48.808718
2021-1330238,2021-06-04,000001,Vente,876923,58,B,RUE REMONT,2560,78000,78646,Versailles,78,,,78646000BE0094,,,,,,,,,,,,,0,1,Maison,83,4,S,sols,,,106,2.158596,48.794275
2021-1330242,2021-06-10,000001,Vente,475300,12,,AV DES ETATS UNIS,0990,78000,78646,Versailles,78,,,78646000AX0266,,,21,,,,,,,,,,1,3,Dépendance,,0,,,,,,2.14316,48.806046
2021-1330242,2021-06-10,000001,Vente,475300,12,,AV DES ETATS UNIS,0990,78000,78646,Versailles,78,,,78646000AX0266,,,38,57.12,,,,,,,,,1,2,Appartement,53,2,,,,,,2.14316,48.806046
2021-1330250,2021-05-28,000001,Vente,775300,41,,AV DE PARIS,2180,78000,78646,Versailles,78,,,78646000BP0138,,,101,,32,,,,,,,,2,2,Appartement,108,4,,,,,,2.139184,48.800518
2021-1330250,2021-05-28,000001,Vente,775300,41,,AV DE PARIS,2180,78000,78646,Versailles,78,,,78646000BP0138,,,54,,,,,,,,,,1,3,Dépendance,,0,,,,,,2.139184,48.800518
2021-1330250,2021-05-28,000001,Vente,775300,41,,AV DE PARIS,2180,78000,78646,Versailles,78,,,78646000BP0138,,,52,,,,,,,,,,1,3,Dépendance,,0,,,,,,2.139184,48.800518
2021-1330250,2021-05-28,000001,Vente,775300,41,,AV DE PARIS,2180,78000,78646,Versailles,78,,,78646000BP0138,,,101,,32,,,,,,,,2,3,Dépendance,,0,,,,,,2.139184,48.800518
2021-1330258,2021-06-08,000001,Vente,382300,4,,RUE ALEXIS FOURCAULT,0130,78000,78646,Versailles,78,,,78646000AW0072,,,5,55.59,,,,,,,,,1,2,Appartement,61,3,,,,,,2.152492,48.805431
2021-1330258,2021-06-08,000001,Vente,382300,4,,RUE ALEXIS FOURCAULT,0130,78000,78646,Versailles,78,,,78646000AW0072,,,5,55.59,,,,,,,,,1,3,Dépendance,,0,,,,,,2.152492,48.805431
2021-1330259,2021-06-10,000001,Vente,825000,70,,RUE ALBERT SARRAUT,0080,78000,78646,Versailles,78,,,78646000BL0150,,,,,,,,,,,,,0,1,Maison,51,3,S,sols,,,407,2.148043,48.793114
2021-1330270,2021-05-28,000001,Vente,588000,19,,RUE DE LIMOGES,1660,78000,78646,Versailles,78,,,78646000BR0143,,,14,,,,,,,,,,1,3,Dépendance,,0,,,,,,2.131412,48.797668
2021-1330270,2021-05-28,000001,Vente,588000,19,,RUE DE LIMOGES,1660,78000,78646,Versailles,78,,,78646000BR0143,,,3,67.3,,,,,,,,,1,2,Appartement,55,3,,,,,,2.131412,48.797668
2021-1330294,2021-06-03,000001,Vente,1013000,15,,RUE DE LA PAROISSE,2190,78000,78646,Versailles,78,,,78646000AE0150,,,27,52.48,,,,,,,,,1,2,Appartement,50,2,,,,,,2.127187,48.808221
2021-1330294,2021-06-03,000001,Vente,1013000,15,,RUE DE LA PAROISSE,2190,78000,78646,Versailles,78,,,78646000AE0150,,,16,115.08,6,,,,,,,,2,2,Appartement,70,2,,,,,,2.127187,48.808221
2021-1330294,2021-06-03,000001,Vente,1013000,15,,RUE DE LA PAROISSE,2190,78000,78646,Versailles,78,,,78646000AE0150,,,16,115.08,6,,,,,,,,2,3,Dépendance,,0,,,,,,2.127187,48.808221
2021-1330294,2021-06-03,000001,Vente,1013000,15,,RUE DE LA PAROISSE,2190,78000,78646,Versailles,78,,,78646000AE0150,,,27,52.48,,,,,,,,,1,3,Dépendance,,0,,,,,,2.127187,48.808221
2021-1330466,2021-06-01,000001,Vente,375000,9,,RUE ALBERT SAMAIN,0070,78000,78646,Versailles,78,,,78646000BW0095,,,12,,,,,,,,,,1,2,Appartement,52,4,,,,,,2.122875,48.794559
2021-1330466,2021-06-01,000001,Vente,375000,9,,RUE ALBERT SAMAIN,0070,78000,78646,Versailles,78,,,78646000BW0095,,,24,,,,,,,,,,1,3,Dépendance,,0,,,,,,2.122875,48.794559
2021-1330488,2021-05-27,000001,Vente,900000,136,B,AV DES ETATS UNIS,0990,78000,78646,Versailles,78,,,78646000AV0132,,,42,,,,,,,,,,1,3,Dépendance,,0,,,,,,2.15451,48.812449
2021-1330488,2021-05-27,000001,Vente,900000,136,,AV DES ETATS UNIS,0990,78000,78646,Versailles,78,,,78646000AV0132,,,26,,7,,,,,,,,2,2,Appartement,128,5,,,,,,2.15451,48.812449
2021-1330488,2021-05-27,000001,Vente,900000,136,,AV DES ETATS UNIS,0990,78000,78646,Versailles,78,,,78646000AV0132,,,26,,7,,,,,,,,2,3,Dépendance,,0,,,,,,2.15451,48.812449
2021-1330488,2021-05-27,000001,Vente,900000,136,B,AV DES ETATS UNIS,0990,78000,78646,Versailles,78,,,78646000AV0132,,,41,,,,,,,,,,1,3,Dépendance,,0,,,,,,2.15451,48.812449
2021-1330500,2021-06-03,000001,Vente,326950,19,B,RUE DU PONT COLBERT,2370,78000,78646,Versailles,78,,,78646000BI0284,,,25,65.68,26,,,,,,,,2,2,Appartement,64,3,,,,,,2.151506,48.789725
2021-1330500,2021-06-03,000001,Vente,326950,19,B,RUE DU PONT COLBERT,2370,78000,78646,Versailles,78,,,78646000BI0284,,,25,65.68,26,,,,,,,,2,3,Dépendance,,0,,,,,,2.151506,48.789725
2021-1330500,2021-06-03,000001,Vente,326950,19,B,RUE DU PONT COLBERT,2370,78000,78646,Versailles,78,,,78646000BI0284,,,25,65.68,26,,,,,,,,2,3,Dépendance,,0,,,,,,2.151506,48.789725
2021-1330500,2021-06-03,000001,Vente,326950,19,B,RUE DU PONT COLBERT,2370,78000,78646,Versailles,78,,,78646000BI0284,,,83,,,,,,,,,,1,3,Dépendance,,0,,,,,,2.151506,48.789725
2021-1330502,2021-05-19,000001,Vente,557693,28,,RUE HENRI SIMON,1330,78000,78646,Versailles,78,,,78646000AW0006,,,925,,,,,,,,,,1,3,Dépendance,,0,,,,,,2.15013,48.808121
2021-1330502,2021-05-19,000001,Vente,557693,28,,RUE HENRI SIMON,1330,78000,78646,Versailles,78,,,78646000AW0006,,,315,,334,,,,,,,,2,2,Appartement,108,4,,,,,,2.15013,48.808121
2021-1330502,2021-05-19,000001,Vente,557693,28,,RUE HENRI SIMON,1330,78000,78646,Versailles,78,,,78646000AW0006,,,315,,334,,,,,,,,2,3,Dépendance,,0,,,,,,2.15013,48.808121
2021-1330502,2021-05-19,000001,Vente,557693,28,,RUE HENRI SIMON,1330,78000,78646,Versailles,78,,,78646000AW0006,,,926,,,,,,,,,,1,3,Dépendance,,0,,,,,,2.15013,48.808121
2021-1330505,2021-05-27,000001,Vente,528847,35,,RUE HENRI SIMON,1330,78000,78646,Versailles,78,,,78646000AW0219,,,424,,432,,,,,,,,2,3,Dépendance,,0,,,,,,2.147909,48.808568
2021-1330505,2021-05-27,000001,Vente,528847,35,,RUE HENRI SIMON,1330,78000,78646,Versailles,78,,,78646000AW0219,,,424,,432,,,,,,,,2,2,Appartement,83,3,,,,,,2.147909,48.808568
2021-1330505,2021-05-27,000001,Vente,528847,35,,RUE HENRI SIMON,1330,78000,78646,Versailles,78,,,78646000AW0219,,,665,,,,,,,,,,1,3,Dépendance,,0,,,,,,2.147909,48.808568
2021-1330517,2021-06-08,000001,Vente,207000,6,,RUE DE L OCCIDENT,2100,78000,78646,Versailles,78,,,78646000BV0111,,,19,26.4,,,,,,,,,1,3,Dépendance,,0,,,,,,2.125437,48.797654
2021-1330517,2021-06-08,000001,Vente,207000,6,,RUE DE L OCCIDENT,2100,78000,78646,Versailles,78,,,78646000BV0111,,,19,26.4,,,,,,,,,1,2,Appartement,33,2,,,,,,2.125437,48.797654
2021-1330580,2021-06-02,000001,Vente,504250,1,,RUE SAINT LOUIS,2810,78000,78646,Versailles,78,,,78646000BV0205,,,101,,83,62.03,,,,,,,2,2,Appartement,66,3,,,,,,2.122603,48.796328
2021-1330580,2021-06-02,000001,Vente,504250,1,,RUE SAINT LOUIS,2810,78000,78646,Versailles,78,,,78646000BV0205,,,101,,83,62.03,,,,,,,2,3,Dépendance,,0,,,,,,2.122603,48.796328
2021-1330590,2021-06-01,000001,Vente,280000,28,,RUE DE LA PAROISSE,2190,78000,78646,Versailles,78,,,78646000AE0188,,,25,,,,,,,,,,1,4,Local industriel. commercial ou assimilé,34,0,,,,,,2.127676,48.807526
2021-1330635,2021-06-03,000001,Vente,270000,12,,RUE DES MOINES,1930,78000,78646,Versailles,78,,,78646000BK0138,,,5,,,,,,,,,,1,2,Appartement,40,2,,,,,,2.153256,48.79363
2021-1330657,2021-05-21,000001,Vente,822500,5,,RUE SAINTE SOPHIE,2890,78000,78646,Versailles,78,,,78646000AD0089,,,25,,3,97.65,5,,,,,,3,3,Dépendance,,0,,,,,,2.132294,48.80992
2021-1330657,2021-05-21,000001,Vente,822500,5,,RUE SAINTE SOPHIE,2890,78000,78646,Versailles,78,,,78646000AD0089,,,35,,,,,,,,,,1,3,Dépendance,,0,,,,,,2.132294,48.80992
2021-1330657,2021-05-21,000001,Vente,822500,5,,RUE SAINTE SOPHIE,2890,78000,78646,Versailles,78,,,78646000AD0089,,,25,,3,97.65,5,,,,,,3,2,Appartement,104,6,,,,,,2.132294,48.80992
2021-1330670,2021-06-02,000001,Vente,18000,53,,AV DE PARIS,2180,78000,78646,Versailles,78,,,78646000BP0132,,,330,,,,,,,,,,1,3,Dépendance,,0,,,,,,2.1408,48.800274
2021-1330674,2021-06-08,000001,Vente,217500,29,,RUE DU MARECHAL GALLIENI,1812,78000,78646,Versailles,78,,,78646000AC0009,,,1,34.45,,,,,,,,,1,3,Dépendance,,0,,,,,,2.123901,48.811915
2021-1330674,2021-06-08,000001,Vente,217500,29,,RUE DU MARECHAL GALLIENI,1812,78000,78646,Versailles,78,,,78646000AC0009,,,1,34.45,,,,,,,,,1,2,Appartement,37,1,,,,,,2.123901,48.811915
2021-1330708,2021-06-09,000001,Vente,234000,37,,RUE DE VERGENNES,3150,78000,78646,Versailles,78,,,78646000BN0106,,,54,,64,,,,,,,,2,2,Appartement,29,1,,,,,,2.137986,48.797678
2021-1330708,2021-06-09,000001,Vente,234000,37,,RUE DE VERGENNES,3150,78000,78646,Versailles,78,,,78646000BN0106,,,54,,64,,,,,,,,2,3,Dépendance,,0,,,,,,2.137986,48.797678
2021-1330708,2021-06-09,000001,Vente,234000,37,,RUE DE VERGENNES,3150,78000,78646,Versailles,78,,,78646000BN0106,,,132,,,,,,,,,,1,3,Dépendance,,0,,,,,,2.137986,48.797678
2021-1330713,2021-05-25,000001,Vente,497000,12,,AV DE PORCHEFONTAINE,2380,78000,78646,Versailles,78,,,78646000BK0021,,,1566,,,,,,,,,,1,3,Dépendance,,0,,,,,,2.152071,48.797176
2021-1330713,2021-05-25,000001,Vente,497000,12,,AV DE PORCHEFONTAINE,2380,78000,78646,Versailles,78,,,78646000BK0021,,,829,,839,97.66,,,,,,,2,2,Appartement,98,3,,,,,,2.152071,48.797176
2021-1330713,2021-05-25,000001,Vente,497000,12,,AV DE PORCHEFONTAINE,2380,78000,78646,Versailles,78,,,78646000BK0021,,,829,,839,97.66,,,,,,,2,3,Dépendance,,0,,,,,,2.152071,48.797176
2021-1330713,2021-05-25,000001,Vente,497000,12,,AV DE PORCHEFONTAINE,2380,78000,78646,Versailles,78,,,78646000BK0021,,,829,,839,97.66,,,,,,,2,3,Dépendance,,0,,,,,,2.152071,48.797176
2021-1330721,2021-05-31,000001,Vente,735000,14,,RUE DE LA PAROISSE,2190,78000,78646,Versailles,78,,,78646000AE0182,,,68,,,,,,,,,,1,3,Dépendance,,0,,,,,,2.126034,48.8078
2021-1330721,2021-05-31,000001,Vente,735000,14,,RUE DE LA PAROISSE,2190,78000,78646,Versailles,78,,,78646000AE0182,,,68,,,,,,,,,,1,2,Appartement,80,4,,,,,,2.126034,48.8078
2021-1330741,2021-06-11,000001,Vente,469354,4,,RUE DU MAL DE LATTRE DE TASSIG,1790,78000,78646,Versailles,78,,,78646000AL0070,,,67,,,,,,,,,,1,3,Dépendance,,0,,,,,,2.136576,48.814734
2021-1330741,2021-06-11,000001,Vente,469354,4,,RUE DU MAL DE LATTRE DE TASSIG,1790,78000,78646,Versailles,78,,,78646000AL0070,,,19,,56,74.54,,,,,,,2,2,Appartement,81,4,,,,,,2.136576,48.814734
2021-1330741,2021-06-11,000001,Vente,469354,4,,RUE DU MAL DE LATTRE DE TASSIG,1790,78000,78646,Versailles,78,,,78646000AL0070,,,19,,56,74.54,,,,,,,2,3,Dépendance,,0,,,,,,2.136576,48.814734
2021-1330781,2021-06-01,000001,Vente,585640,1,T,RUE DE LIMOGES,1660,78000,78646,Versailles,78,,,78646000BR0042,,,3,,,,,,,,,,1,2,Appartement,76,5,,,,,,2.132371,48.799852
2021-1330781,2021-06-01,000001,Vente,585640,1,T,RUE DE LIMOGES,1660,78000,78646,Versailles,78,,,78646000BR0042,,,3,,,,,,,,,,1,3,Dépendance,,0,,,,,,2.132371,48.799852
2021-1330797,2021-05-28,000001,Vente,324000,4,,ALL DES GARDES ROYALES,1136,78000,78646,Versailles,78,,,78646000AY0212,,,143,51.81,167,,,,,,,,2,3,Dépendance,,0,,,,,,2.151214,48.802177
2021-1330797,2021-05-28,000001,Vente,324000,2,,ALL DES GARDES ROYALES,1136,78000,78646,Versailles,78,,,78646000AY0212,,,1041,,,,,,,,,,1,3,Dépendance,,0,,,,,,2.151214,48.802177
2021-1330797,2021-05-28,000001,Vente,324000,4,,ALL DES GARDES ROYALES,1136,78000,78646,Versailles,78,,,78646000AY0212,,,143,51.81,167,,,,,,,,2,3,Dépendance,,0,,,,,,2.151214,48.802177
2021-1330797,2021-05-28,000001,Vente,324000,4,,ALL DES GARDES ROYALES,1136,78000,78646,Versailles,78,,,78646000AY0212,,,143,51.81,167,,,,,,,,2,2,Appartement,53,2,,,,,,2.151214,48.802177
2021-1330807,2021-06-03,000001,Vente en l'état futur d'achèvement,5000,45,,RUE DES CHANTIERS,0530,78000,78646,Versailles,78,,,78646000BL0460,,,67,,,,,,,,,,1,,,,,,,,,,2.141485,48.794943
2021-1330845,2021-05-27,000001,Vente,16380,98,,AV DE PARIS,2180,78000,78646,Versailles,78,,,78646000BK0001,,,391,,,,,,,,,,1,3,Dépendance,,0,,,,,,2.149414,48.797242
2021-1330872,2021-06-14,000001,Vente,210000,23,,RUE DU MAL JOFFRE,1820,78000,78646,Versailles,78,,,78646000BW0087,,,16,,9,38.22,,,,,,,2,3,Dépendance,,0,,,,,,2.121757,48.795167
2021-1330872,2021-06-14,000001,Vente,210000,23,,RUE DU MAL JOFFRE,1820,78000,78646,Versailles,78,,,78646000BW0087,,,16,,9,38.22,,,,,,,2,2,Appartement,39,2,,,,,,2.121757,48.795167
2021-1330874,2021-06-15,000001,Vente,430000,19,B,BD DE LA REPUBLIQUE,2570,78000,78646,Versailles,78,,,78646000AW0148,,,19,,40,64.02,,,,,,,2,3,Dépendance,,0,,,,,,2.14789,48.807494
2021-1330874,2021-06-15,000001,Vente,430000,19,B,BD DE LA REPUBLIQUE,2570,78000,78646,Versailles,78,,,78646000AW0148,,,19,,40,64.02,,,,,,,2,2,Appartement,65,3,,,,,,2.14789,48.807494
2021-1330874,2021-06-15,000001,Vente,430000,19,B,BD DE LA REPUBLIQUE,2570,78000,78646,Versailles,78,,,78646000AW0148,,,53,,,,,,,,,,1,3,Dépendance,,0,,,,,,2.14789,48.807494
2021-1330876,2021-06-14,000001,Vente,96000,1,,RUE MONTEBELLO,1980,78000,78646,Versailles,78,,,78646000AK0011,,,6,15.64,,,,,,,,,1,3,Dépendance,,0,,,,,,2.135995,48.812507
2021-1330882,2021-06-04,000001,Vente,3713600,2,,AV DE VILLENEUVE L ETANG,3200,78000,78646,Versailles,78,,,78646000AL0053,,,,,,,,,,,,,0,,,,,AG,terrains d'agrément,,,1448,2.140258,48.813284
2021-1330882,2021-06-04,000001,Vente,3713600,2,,AV DE VILLENEUVE L ETANG,3200,78000,78646,Versailles,78,,,78646000AL0053,,,,,,,,,,,,,0,,,,,S,sols,,,212,2.140258,48.813284
2021-1330940,2021-06-14,000001,Vente,375000,1,,PL CHAROST,0550,78000,78646,Versailles,78,,,78646000AI0095,,,16,,5,52.61,,,,,,,2,2,Appartement,52,2,,,,,,2.132385,48.804014
2021-1330940,2021-06-14,000001,Vente,375000,1,,PL CHAROST,0550,78000,78646,Versailles,78,,,78646000AI0095,,,16,,5,52.61,,,,,,,2,3,Dépendance,,0,,,,,,2.132385,48.804014
2021-1330957,2021-06-04,000001,Vente,219310,82,,RUE D ANJOU,0190,78000,78646,Versailles,78,,,78646000BT0208,,,3,,,,,,,,,,1,3,Dépendance,,0,,,,,,2.129262,48.795909
2021-1330957,2021-06-04,000001,Vente,219310,82,,RUE D ANJOU,0190,78000,78646,Versailles,78,,,78646000BT0208,,,3,,,,,,,,,,1,2,Appartement,28,2,,,,,,2.129262,48.795909
2021-1330958,2021-06-16,000001,Vente,430000,3,,AV DE LA TRANQUILLITE,3055,78000,78646,Versailles,78,,,78646000AZ0110,,,532,,750,65.34,,,,,,,2,3,Dépendance,,0,,,,,,2.158672,48.8041
2021-1330958,2021-06-16,000001,Vente,430000,5,,RUE DE L ECOLE DES POSTES,0850,78000,78646,Versailles,78,,,78646000AZ0110,,,2822,,,,,,,,,,1,3,Dépendance,,0,,,,,,2.158672,48.8041
2021-1330958,2021-06-16,000001,Vente,430000,3,,AV DE LA TRANQUILLITE,3055,78000,78646,Versailles,78,,,78646000AZ0110,,,532,,750,65.34,,,,,,,2,2,Appartement,67,3,,,,,,2.158672,48.8041
2021-1330958,2021-06-16,000001,Vente,430000,3,,AV DE LA TRANQUILLITE,3055,78000,78646,Versailles,78,,,78646000AZ0110,,,532,,750,65.34,,,,,,,2,3,Dépendance,,0,,,,,,2.158672,48.8041
2021-1330962,2021-06-09,000001,Vente,165563,2,T,RUE DU JEU DE PAUME,1490,78000,78646,Versailles,78,,,78646000AH0103,,,30,15.6,,,,,,,,,1,2,Appartement,18,1,,,,,,2.123552,48.801086
2021-1330965,2021-06-14,000001,Vente,435000,6,,ALL LA BRUYERE,1557,78000,78646,Versailles,78,,,78646000AO0205,,,1413,67.91,1613,,,,,,,,2,2,Appartement,64,3,,,,,,2.146857,48.813978
2021-1330965,2021-06-14,000001,Vente,435000,1,,ALL LA BRUYERE,1557,78000,78646,Versailles,78,,,78646000AO0205,,,1729,,,,,,,,,,1,3,Dépendance,,0,,,,,,2.146857,48.813978
2021-1330965,2021-06-14,000001,Vente,435000,6,,ALL LA BRUYERE,1557,78000,78646,Versailles,78,,,78646000AO0205,,,1413,67.91,1613,,,,,,,,2,3,Dépendance,,0,,,,,,2.146857,48.813978
2021-1330965,2021-06-14,000001,Vente,435000,6,,ALL LA BRUYERE,1557,78000,78646,Versailles,78,,,78646000AO0205,,,1413,67.91,1613,,,,,,,,2,3,Dépendance,,0,,,,,,2.146857,48.813978
2021-1330974,2021-06-03,000001,Vente,698000,27,,RUE LAFAYETTE,1580,78000,78646,Versailles,78,,,78646000AD0220,,,31,,,,,,,,,,1,3,Dépendance,,0,,,,,,2.128157,48.81239
2021-1330974,2021-06-03,000001,Vente,698000,27,B,RUE LAFAYETTE,1580,78000,78646,Versailles,78,,,78646000AD0220,,,102,,149,97.56,,,,,,,2,2,Appartement,102,5,,,,,,2.128157,48.81239
2021-1330974,2021-06-03,000001,Vente,698000,27,B,RUE LAFAYETTE,1580,78000,78646,Versailles,78,,,78646000AD0220,,,102,,149,97.56,,,,,,,2,3,Dépendance,,0,,,,,,2.128157,48.81239
2021-1330985,2021-05-28,000001,Vente,1050000,49,,BD DE LA REINE,2520,78000,78646,Versailles,78,,,78646000AD0041,,,31,,,,,,,,,,1,3,Dépendance,,0,,,,,,2.128717,48.809603
2021-1330985,2021-05-28,000001,Vente,1050000,49,,BD DE LA REINE,2520,78000,78646,Versailles,78,,,78646000AD0041,,,29,,30,,32,,,,,,3,3,Dépendance,,0,,,,,,2.128717,48.809603
2021-1330985,2021-05-28,000001,Vente,1050000,49,,BD DE LA REINE,2520,78000,78646,Versailles,78,,,78646000AD0041,,,29,,30,,32,,,,,,3,2,Appartement,120,5,,,,,,2.128717,48.809603
2021-1331005,2021-06-10,000001,Vente,867800,6,,RUE DU MARECHAL GALLIENI,1812,78000,78646,Versailles,78,,,78646000AC0194,,,47,,48,,57,,58,,,,4,3,Dépendance,,0,,,,,,2.124471,48.810515
2021-1331005,2021-06-10,000001,Vente,867800,6,,RUE DU MARECHAL GALLIENI,1812,78000,78646,Versailles,78,,,78646000AC0194,,,47,,48,,57,,58,,,,4,3,Dépendance,,0,,,,,,2.124471,48.810515
2021-1331005,2021-06-10,000001,Vente,867800,6,,RUE DU MARECHAL GALLIENI,1812,78000,78646,Versailles,78,,,78646000AC0194,,,25,,,,,,,,,,1,3,Dépendance,,0,,,,,,2.124471,48.810515
2021-1331005,2021-06-10,000001,Vente,867800,6,,RUE DU MARECHAL GALLIENI,1812,78000,78646,Versailles,78,,,78646000AC0194,,,47,,48,,57,,58,,,,4,2,Appartement,136,5,,,,,,2.124471,48.810515
2021-1331006,2021-06-16,000001,Vente,908654,37,,RUE DE MONTREUIL,2000,78000,78646,Versailles,78,,,78646000AX0297,,,6,,,,,,,,,,1,3,Dépendance,,0,,,,,,2.144777,48.805077
2021-1331006,2021-06-16,000001,Vente,908654,37,,RUE DE MONTREUIL,2000,78000,78646,Versailles,78,,,78646000AX0297,,,2,96.61,3,,5,,,,,,3,3,Dépendance,,0,,,,,,2.144777,48.805077
2021-1331006,2021-06-16,000001,Vente,908654,37,,RUE DE MONTREUIL,2000,78000,78646,Versailles,78,,,78646000AX0297,,,2,96.61,3,,5,,,,,,3,2,Appartement,110,3,,,,,,2.144777,48.805077
2021-1331006,2021-06-16,000001,Vente,908654,37,,RUE DE MONTREUIL,2000,78000,78646,Versailles,78,,,78646000AX0297,,,8,,,,,,,,,,1,3,Dépendance,,0,,,,,,2.144777,48.805077
2021-1331016,2021-06-17,000001,Vente,2500,18,,RUE DU GENERAL LECLERC,1145,78000,78646,Versailles,78,,,78646000BV0074,,,47,,,,,,,,,,1,2,Appartement,40,2,,,,,,2.126062,48.798894
2021-1331016,2021-06-17,000001,Vente,2500,18,,RUE DU GENERAL LECLERC,1145,78000,78646,Versailles,78,,,78646000BV0074,,,47,,,,,,,,,,1,3,Dépendance,,0,,,,,,2.126062,48.798894
2021-1331051,2021-06-22,000001,Vente,357000,7,,RUE JEAN MERMOZ,1460,78000,78646,Versailles,78,,,78646000BN0133,,,124,,312,,623,,,,,,3,4,Local industriel. commercial ou assimilé,90,0,,,,,,2.143947,48.796782
2021-1331056,2021-06-18,000001,Vente,825000,46,,RUE PIERRE CORNEILLE,2295,78000,78646,Versailles,78,,,78646000BI0115,,,,,,,,,,,,,0,1,Maison,130,6,S,sols,,,157,2.153871,48.79202
2021-1331066,2021-06-14,000001,Vente,1130000,8,,RUE DE L ORANGERIE,2110,78000,78646,Versailles,78,,,78646000BV0009,,,7,177.93,,,,,,,,,1,2,Appartement,175,5,,,,,,2.120471,48.800532
2021-1331069,2021-06-15,000001,Vente,301435,79,,RUE ALBERT SARRAUT,0080,78000,78646,Versailles,78,,,78646000BL0294,,,409,,,,,,,,,,1,3,Dépendance,,0,,,,,,2.146987,48.791716
2021-1331069,2021-06-15,000001,Vente,301435,79,,RUE ALBERT SARRAUT,0080,78000,78646,Versailles,78,,,78646000BL0294,,,215,57.42,234,,,,,,,,2,3,Dépendance,,0,,,,,,2.146987,48.791716
2021-1331069,2021-06-15,000001,Vente,301435,79,,RUE ALBERT SARRAUT,0080,78000,78646,Versailles,78,,,78646000BL0294,,,215,57.42,234,,,,,,,,2,2,Appartement,56,3,,,,,,2.146987,48.791716
2021-1331071,2021-06-21,000001,Vente,1249450,23,,RUE DE L ORANGERIE,2110,78000,78646,Versailles,78,,,78646000AH0115,,,102,,103,,112,,128,,,,4,2,Appartement,150,4,,,,,,2.122802,48.800477
2021-1331071,2021-06-21,000001,Vente,1249450,23,,RUE DE L ORANGERIE,2110,78000,78646,Versailles,78,,,78646000AH0115,,,102,,103,,112,,128,,,,4,3,Dépendance,,0,,,,,,2.122802,48.800477
2021-1331074,2021-06-21,000001,Vente,190000,19,B,RUE DU VIEUX VERSAILLES,3180,78000,78646,Versailles,78,,,78646000AH0102,,,33,,37,28.46,59,,,,,,3,2,Appartement,29,2,,,,,,2.123378,48.800948
2021-1331074,2021-06-21,000001,Vente,190000,19,B,RUE DU VIEUX VERSAILLES,3180,78000,78646,Versailles,78,,,78646000AH0102,,,33,,37,28.46,59,,,,,,3,3,Dépendance,,0,,,,,,2.123378,48.800948
2021-1331075,2021-06-15,000001,Vente,1210000,4,,RUE REMONT,2560,78000,78646,Versailles,78,,,78646000BE0304,,,,,,,,,,,,,0,3,Dépendance,,0,S,sols,,,439,2.162494,48.797286
2021-1331075,2021-06-15,000001,Vente,1210000,4,,RUE REMONT,2560,78000,78646,Versailles,78,,,78646000BE0304,,,,,,,,,,,,,0,1,Maison,138,7,S,sols,,,439,2.162494,48.797286
2021-1331096,2021-06-22,000001,Vente,737000,45,,BD DE LA REINE,2520,78000,78646,Versailles,78,,,78646000AD0039,,,107,78.02,119,,,,,,,,2,3,Dépendance,,0,,,,,,2.12833,48.809709
2021-1331096,2021-06-22,000001,Vente,737000,45,,BD DE LA REINE,2520,78000,78646,Versailles,78,,,78646000AD0039,,,107,78.02,119,,,,,,,,2,2,Appartement,75,3,,,,,,2.12833,48.809709
2021-1331159,2021-06-02,000001,Vente,261000,4,,RUE DU MAL DE LATTRE DE TASSIG,1790,78000,78646,Versailles,78,,,78646000AL0070,,,40,,6,,,,,,,,2,2,Appartement,49,2,,,,,,2.136576,48.814734
2021-1331159,2021-06-02,000001,Vente,261000,4,,RUE DU MAL DE LATTRE DE TASSIG,1790,78000,78646,Versailles,78,,,78646000AL0070,,,40,,6,,,,,,,,2,3,Dépendance,,0,,,,,,2.136576,48.814734
2021-1331193,2021-06-10,000001,Vente,220000,2,T,RUE DU JEU DE PAUME,1490,78000,78646,Versailles,78,,,78646000AH0103,,,27,27.1,,,,,,,,,1,2,Appartement,25,2,,,,,,2.123552,48.801086
2021-1331236,2021-06-21,000001,Vente,1192880,14,,BD DE LA REPUBLIQUE,2570,78000,78646,Versailles,78,,,78646000AX0484,,,40,,,,,,,,,,1,3,Dépendance,,0,,,,,,2.147475,48.806773
2021-1331236,2021-06-21,000001,Vente,1192880,28,,BD DE LESSEPS,1638,78000,78646,Versailles,78,,,78646000AX0484,,,2,,20,154.12,23,,3,,,,4,3,Dépendance,,0,,,,,,2.147475,48.806773
2021-1331236,2021-06-21,000001,Vente,1192880,28,,BD DE LESSEPS,1638,78000,78646,Versailles,78,,,78646000AX0484,,,2,,20,154.12,23,,3,,,,4,3,Dépendance,,0,,,,,,2.147475,48.806773
2021-1331236,2021-06-21,000001,Vente,1192880,28,,BD DE LESSEPS,1638,78000,78646,Versailles,78,,,78646000AX0484,,,2,,20,154.12,23,,3,,,,4,2,Appartement,160,6,,,,,,2.147475,48.806773
2021-1331236,2021-06-21,000001,Vente,1192880,28,,BD DE LESSEPS,1638,78000,78646,Versailles,78,,,78646000AX0484,,,39,,,,,,,,,,1,3,Dépendance,,0,,,,,,2.147475,48.806773
2021-1331242,2021-06-18,000001,Vente,500000,4,,RUE DU MAL DE LATTRE DE TASSIG,1790,78000,78646,Versailles,78,,,78646000AL0070,,,11,,59,76.01,,,,,,,2,2,Appartement,66,3,,,,,,2.136576,48.814734
2021-1331242,2021-06-18,000001,Vente,500000,4,,RUE DU MAL DE LATTRE DE TASSIG,1790,78000,78646,Versailles,78,,,78646000AL0070,,,11,,59,76.01,,,,,,,2,3,Dépendance,,0,,,,,,2.136576,48.814734
2021-1331242,2021-06-18,000001,Vente,500000,4,,RUE DU MAL DE LATTRE DE TASSIG,1790,78000,78646,Versailles,78,,,78646000AL0070,,,69,,,,,,,,,,1,3,Dépendance,,0,,,,,,2.136576,48.814734
2021-1331253,2021-06-04,000001,Vente,1000000,22,,RUE CARNOT,0440,78000,78646,Versailles,78,,,78646000AE0314,,,3,,,,,,,,,,1,4,Local industriel. commercial ou assimilé,81,0,,,,,,2.128703,48.805657
2021-1331253,2021-06-04,000001,Vente,1000000,22,,RUE CARNOT,0440,78000,78646,Versailles,78,,,78646000AE0314,,,2,152.13,,,,,,,,,1,4,Local industriel. commercial ou assimilé,69,0,,,,,,2.128703,48.805657
2021-1331268,2021-06-17,000001,Vente,18000,10,,RUE DE L ERMITAGE,0940,78000,78646,Versailles,78,,,78646000AC0314,,,98,,,,,,,,,,1,3,Dépendance,,0,,,,,,2.123933,48.814609
2021-1331304,2021-05-27,000001,Vente,560800,7,,PROM VENEZIA,3135,78000,78646,Versailles,78,,,78646000AZ0110,,,2486,,2525,,,,,,,,2,2,Appartement,118,5,,,,,,2.158672,48.8041
2021-1331304,2021-05-27,000001,Vente,560800,7,,PROM VENEZIA,3135,78000,78646,Versailles,78,,,78646000AZ0110,,,2486,,2525,,,,,,,,2,3,Dépendance,,0,,,,,,2.158672,48.8041
2021-1331304,2021-05-27,000001,Vente,560800,5,,RUE DE L ECOLE DES POSTES,0850,78000,78646,Versailles,78,,,78646000AZ0110,,,3679,,,,,,,,,,1,3,Dépendance,,0,,,,,,2.158672,48.8041
2021-1331337,2021-06-15,000001,Vente,525000,48,,RUE ALBERT JOLY,0050,78000,78646,Versailles,78,,,78646000AR0060,,,24,66.26,,,,,,,,,1,2,Appartement,64,3,,,,,,2.142363,48.809623
2021-1331337,2021-06-15,000001,Vente,525000,48,,RUE ALBERT JOLY,0050,78000,78646,Versailles,78,,,78646000AR0060,,,24,66.26,,,,,,,,,1,3,Dépendance,,0,,,,,,2.142363,48.809623
2021-1331337,2021-06-15,000001,Vente,525000,48,,RUE ALBERT JOLY,0050,78000,78646,Versailles,78,,,78646000AR0060,,,24,66.26,,,,,,,,,1,3,Dépendance,,0,,,,,,2.142363,48.809623
2021-1331337,2021-06-15,000001,Vente,525000,48,,RUE ALBERT JOLY,0050,78000,78646,Versailles,78,,,78646000AR0060,,,60,,,,,,,,,,1,3,Dépendance,,0,,,,,,2.142363,48.809623
2021-1331396,2021-05-28,000001,Vente,285000,29,,RUE DU GENERAL LECLERC,1145,78000,78646,Versailles,78,,,78646000AH0172,,,2,47.86,,,,,,,,,1,4,Local industriel. commercial ou assimilé,47,0,,,,,,2.12708,48.799142
2021-1331400,2021-06-23,000001,Vente,11000,5,,RUE DU PONT COLBERT,2370,78000,78646,Versailles,78,,,78646000BL0296,,,15,,,,,,,,,,1,4,Local industriel. commercial ou assimilé,121,0,,,,,,2.147129,48.791359
2021-1331407,2021-06-22,000001,Vente,675000,8,,ALL DES GARDES ROYALES,1136,78000,78646,Versailles,78,,,78646000AY0212,,,608,106.54,633,,,,,,,,2,3,Dépendance,,0,,,,,,2.151214,48.802177
2021-1331407,2021-06-22,000001,Vente,675000,2,,ALL DES GARDES ROYALES,1136,78000,78646,Versailles,78,,,78646000AY0212,,,1243,,,,,,,,,,1,3,Dépendance,,0,,,,,,2.151214,48.802177
2021-1331407,2021-06-22,000001,Vente,675000,8,,ALL DES GARDES ROYALES,1136,78000,78646,Versailles,78,,,78646000AY0212,,,608,106.54,633,,,,,,,,2,2,Appartement,104,5,,,,,,2.151214,48.802177
2021-1331407,2021-06-22,000001,Vente,675000,8,,ALL DES GARDES ROYALES,1136,78000,78646,Versailles,78,,,78646000AY0212,,,608,106.54,633,,,,,,,,2,3,Dépendance,,0,,,,,,2.151214,48.802177
2021-1331414,2021-06-17,000001,Vente,205000,17,T,RUE DU PONT COLBERT,2370,78000,78646,Versailles,78,,,78646000BI0022,,,533,53.17,,,,,,,,,1,2,Appartement,53,3,,,,,,2.149624,48.789909
2021-1331414,2021-06-17,000001,Vente,205000,17,T,RUE DU PONT COLBERT,2370,78000,78646,Versailles,78,,,78646000BI0022,,,533,53.17,,,,,,,,,1,3,Dépendance,,0,,,,,,2.149624,48.789909
2021-1331422,2021-06-25,000001,Vente,575500,35,B,RUE DU MARECHAL GALLIENI,1812,78000,78646,Versailles,78,,,78646000AC0315,,,208,73.11,,,,,,,,,1,2,Appartement,75,3,,,,,,2.123552,48.81207
2021-1331422,2021-06-25,000001,Vente,575500,35,B,RUE DU MARECHAL GALLIENI,1812,78000,78646,Versailles,78,,,78646000AC0315,,,509,,,,,,,,,,1,3,Dépendance,,0,,,,,,2.123552,48.81207
2021-1331422,2021-06-25,000001,Vente,575500,35,B,RUE DU MARECHAL GALLIENI,1812,78000,78646,Versailles,78,,,78646000AC0315,,,208,73.11,,,,,,,,,1,3,Dépendance,,0,,,,,,2.123552,48.81207
2021-1331437,2021-06-22,000001,Vente,,3,,AV DE SAINT CLOUD,2730,78000,78646,Versailles,78,,,78646000AE0318,,,3,,43,,,,,,,,2,2,Appartement,130,5,,,,,,2.127938,48.80526
2021-1331437,2021-06-22,000001,Vente,,3,,AV DE SAINT CLOUD,2730,78000,78646,Versailles,78,,,78646000AE0318,,,3,,43,,,,,,,,2,3,Dépendance,,0,,,,,,2.127938,48.80526
2021-1331441,2021-06-18,000001,Vente en l'état futur d'achèvement,429000,9,,RUE VAUBAN,3110,78000,78646,Versailles,78,,,78646000AY0310,,,987,,,,,,,,,,1,,,,,,,,,,2.15313,48.799852
2021-1331441,2021-06-18,000001,Vente en l'état futur d'achèvement,429000,9,,RUE VAUBAN,3110,78000,78646,Versailles,78,,,78646000AY0310,,,969,,,,,,,,,,1,,,,,,,,,,2.15313,48.799852
2021-1331441,2021-06-18,000001,Vente en l'état futur d'achèvement,429000,9,,RUE VAUBAN,3110,78000,78646,Versailles,78,,,78646000AY0310,,,237,,,,,,,,,,1,,,,,,,,,,2.15313,48.799852
2021-1331441,2021-06-18,000001,Vente en l'état futur d'achèvement,429000,9,,RUE VAUBAN,3110,78000,78646,Versailles,78,,,78646000AY0310,,,10,,,,,,,,,,1,,,,,,,,,,2.15313,48.799852
2021-1331442,2021-06-14,000001,Vente en l'état futur d'achèvement,5000,9,,RUE VAUBAN,3110,78000,78646,Versailles,78,,,78646000AY0310,,,238,,,,,,,,,,1,2,Appartement,42,2,,,,,,2.15313,48.799852
2021-1331465,2021-06-01,000001,Vente,1350000,10,,RUE MENARD,1890,78000,78646,Versailles,78,,,78646000BR0016,,,,,,,,,,,,,0,1,Maison,120,7,S,sols,,,182,2.131541,48.800326
2021-1331475,2021-06-11,000001,Vente,160000,10,,RUE EDOUARD CHARTON,0890,78000,78646,Versailles,78,,,78646000BT0073,,,14,,20,,,,,,,,2,2,Appartement,18,2,,,,,,2.130231,48.795448
2021-1331475,2021-06-11,000001,Vente,160000,10,,RUE EDOUARD CHARTON,0890,78000,78646,Versailles,78,,,78646000BT0073,,,14,,20,,,,,,,,2,3,Dépendance,,0,,,,,,2.130231,48.795448
2021-1331476,2021-06-17,000001,Vente,580000,3,,AV DE PORCHEFONTAINE,2380,78000,78646,Versailles,78,,,78646000BD0157,,,113,128.22,,,,,,,,,1,4,Local industriel. commercial ou assimilé,145,0,,,,,,2.15451,48.797411
2021-1331482,2021-06-18,000001,Vente,1029370,15,,RUE DU MARECHAL GALLIENI,1812,78000,78646,Versailles,78,,,78646000AC0211,,,11,150.22,12,,24,,26,,,,4,2,Appartement,147,6,,,,,,2.123651,48.811068
2021-1331482,2021-06-18,000001,Vente,1029370,15,,RUE DU MARECHAL GALLIENI,1812,78000,78646,Versailles,78,,,78646000AC0211,,,11,150.22,12,,24,,,,,,3,3,Dépendance,,0,,,,,,2.123651,48.811068
2021-1331482,2021-06-18,000001,Vente,1029370,15,,RUE DU MARECHAL GALLIENI,1812,78000,78646,Versailles,78,,,78646000AC0211,,,11,150.22,12,,24,,,,,,3,3,Dépendance,,0,,,,,,2.123651,48.811068
2021-1331482,2021-06-18,000001,Vente,1029370,15,,RUE DU MARECHAL GALLIENI,1812,78000,78646,Versailles,78,,,78646000AC0211,,,11,150.22,12,,24,,,,,,3,3,Dépendance,,0,,,,,,2.123651,48.811068
2021-1331482,2021-06-18,000001,Vente,1029370,15,,RUE DU MARECHAL GALLIENI,1812,78000,78646,Versailles,78,,,78646000AC0211,,,11,150.22,12,,24,,,,,,3,3,Dépendance,,0,,,,,,2.123651,48.811068
2021-1331499,2021-06-21,000001,Vente,906050,30,,RUE CARNOT,0440,78000,78646,Versailles,78,,,78646000AE0308,,,14,,21,,23,,25,,5,117.39,5,2,Appartement,117,5,,,,,,2.129192,48.805566
2021-1331499,2021-06-21,000001,Vente,906050,30,,RUE CARNOT,0440,78000,78646,Versailles,78,,,78646000AE0308,,,14,,21,,23,,25,,5,117.39,5,3,Dépendance,,0,,,,,,2.129192,48.805566
2021-1331525,2021-06-18,000001,Vente,,15,,RUE DU MARECHAL GALLIENI,1812,78000,78646,Versailles,78,,,78646000AC0211,,,26,,,,,,,,,,1,2,Appartement,147,6,,,,,,2.123651,48.811068
2021-1331526,2021-06-18,000002,Vente,1,15,,RUE DU MARECHAL GALLIENI,1812,78000,78646,Versailles,78,,,78646000AC0211,,,26,,,,,,,,,,1,2,Appartement,147,6,,,,,,2.123651,48.811068
2021-1331548,2021-06-25,000001,Vente,298000,72,,RUE DU MAL FOCH,1810,78000,78646,Versailles,78,,,78646000AK0009,,,2,45.98,97,,,,,,,,2,2,Appartement,46,3,,,,,,2.136535,48.812771
2021-1331548,2021-06-25,000001,Vente,298000,72,,RUE DU MAL FOCH,1810,78000,78646,Versailles,78,,,78646000AK0009,,,2,45.98,97,,,,,,,,2,3,Dépendance,,0,,,,,,2.136535,48.812771
2021-1331570,2021-06-28,000001,Vente,380000,64,,RUE DES CHANTIERS,0530,78000,78646,Versailles,78,,,78646000BL0326,,,373,,,,,,,,,,1,3,Dépendance,,0,,,,,,2.143523,48.792624
2021-1331570,2021-06-28,000001,Vente,380000,64,,RUE DES CHANTIERS,0530,78000,78646,Versailles,78,,,78646000BL0326,,,502,,65,70.11,,,,,,,2,2,Appartement,72,3,,,,,,2.143523,48.792624
2021-1331570,2021-06-28,000001,Vente,380000,64,,RUE DES CHANTIERS,0530,78000,78646,Versailles,78,,,78646000BL0326,,,502,,65,70.11,,,,,,,2,3,Dépendance,,0,,,,,,2.143523,48.792624
2021-1331604,2021-05-28,000001,Vente,1171100,27,,RUE DE SATORY,2950,78000,78646,Versailles,78,,,78646000AH0141,,,34,,43,149.24,,,,,,,2,2,Appartement,137,5,,,,,,2.125446,48.799841
2021-1331604,2021-05-28,000001,Vente,1171100,27,,RUE DE SATORY,2950,78000,78646,Versailles,78,,,78646000AH0141,,,34,,43,149.24,,,,,,,2,3,Dépendance,,0,,,,,,2.125446,48.799841
2021-1331604,2021-05-28,000001,Vente,1171100,27,,RUE DE SATORY,2950,78000,78646,Versailles,78,,,78646000AH0141,,,35,,58,,,,,,,,2,3,Dépendance,,0,,,,,,2.125446,48.799841
2021-1331653,2021-06-09,000001,Vente,1050000,99,,RUE YVES LE COZ,3210,78000,78646,Versailles,78,,,78646000BE0013,,,,,,,,,,,,,0,4,Local industriel. commercial ou assimilé,35,0,S,sols,,,402,2.155792,48.794589
2021-1331653,2021-06-09,000001,Vente,1050000,99,,RUE YVES LE COZ,3210,78000,78646,Versailles,78,,,78646000BE0013,,,,,,,,,,,,,0,1,Maison,80,5,S,sols,,,402,2.155792,48.794589
2021-1331778,2021-05-31,000001,Vente,1350081,8,,RUE DE MOUCHY,2010,78000,78646,Versailles,78,,,78646000AD0480,,,3,136.84,,,,,,,,,1,2,Appartement,113,5,,,,,,2.127218,48.810176
2021-1331778,2021-05-31,000001,Vente,1350081,8,,RUE DE MOUCHY,2010,78000,78646,Versailles,78,,,78646000AD0480,,,3,136.84,,,,,,,,,1,3,Dépendance,,0,,,,,,2.127218,48.810176
2021-1331778,2021-05-31,000001,Vente,1350081,8,,RUE DE MOUCHY,2010,78000,78646,Versailles,78,,,78646000AD0480,,,3,136.84,,,,,,,,,1,3,Dépendance,,0,,,,,,2.127218,48.810176
2021-1331778,2021-05-31,000001,Vente,1350081,6,,RUE DE MOUCHY,2010,78000,78646,Versailles,78,,,78646000AD0483,,,25,,,,,,,,,,1,3,Dépendance,,0,,,,,,2.127332,48.810066
2021-1331799,2021-06-23,000001,Vente,313600,2,T,RUE DU FOYER VERSAILLAIS,1100,78000,78646,Versailles,78,,,78646000BL0294,,,531,,,,,,,,,,1,3,Dépendance,,0,,,,,,2.146987,48.791716
2021-1331799,2021-06-23,000001,Vente,313600,2,T,RUE DU FOYER VERSAILLAIS,1100,78000,78646,Versailles,78,,,78646000BL0294,,,312,56.57,327,,,,,,,,2,2,Appartement,56,3,,,,,,2.146987,48.791716
2021-1331799,2021-06-23,000001,Vente,313600,2,T,RUE DU FOYER VERSAILLAIS,1100,78000,78646,Versailles,78,,,78646000BL0294,,,312,56.57,327,,,,,,,,2,3,Dépendance,,0,,,,,,2.146987,48.791716
2021-1331804,2021-06-17,000001,Vente,585000,14,,RUE DU HAZARD,1300,78000,78646,Versailles,78,,,78646000BT0151,,,15,,29,,48,,50,,53,,5,3,Dépendance,,0,,,,,,2.128971,48.795236
2021-1331804,2021-06-17,000001,Vente,585000,14,,RUE DU HAZARD,1300,78000,78646,Versailles,78,,,78646000BT0151,,,15,,29,,48,,50,,53,,5,2,Appartement,81,3,,,,,,2.128971,48.795236
2021-1331859,2021-06-21,000001,Vente,615400,2,,RUE JEAN MERMOZ,1460,78000,78646,Versailles,78,,,78646000BN0167,,,594,,,,,,,,,,1,3,Dépendance,,0,,,,,,2.142752,48.797871
2021-1331859,2021-06-21,000001,Vente,615400,4,,RUE JEAN MERMOZ,1460,78000,78646,Versailles,78,,,78646000BN0167,,,126,88.66,620,,,,,,,,2,3,Dépendance,,0,,,,,,2.142752,48.797871
2021-1331859,2021-06-21,000001,Vente,615400,4,,RUE JEAN MERMOZ,1460,78000,78646,Versailles,78,,,78646000BN0167,,,126,88.66,620,,,,,,,,2,2,Appartement,85,4,,,,,,2.142752,48.797871
2021-1331909,2021-06-21,000001,Vente,283000,58,,RUE DES CHANTIERS,0530,78000,78646,Versailles,78,,,78646000BL0327,,,178,73.31,330,,,,,,,,2,3,Dépendance,,0,,,,,,2.142467,48.792993
2021-1331909,2021-06-21,000001,Vente,283000,58,,RUE DES CHANTIERS,0530,78000,78646,Versailles,78,,,78646000BL0327,,,178,73.31,330,,,,,,,,2,2,Appartement,77,3,,,,,,2.142467,48.792993
2021-1331909,2021-06-21,000001,Vente,283000,58,,RUE DES CHANTIERS,0530,78000,78646,Versailles,78,,,78646000BL0327,,,470,,,,,,,,,,1,3,Dépendance,,0,,,,,,2.142467,48.792993
2021-1331916,2021-06-08,000001,Vente,112000,78,,RUE DE LA PAROISSE,2190,78000,78646,Versailles,78,,,78646000AI0129,,,8,14.69,,,,,,,,,1,2,Appartement,13,1,,,,,,2.133271,48.806088
2021-1331916,2021-06-08,000001,Vente,112000,78,,RUE DE LA PAROISSE,2190,78000,78646,Versailles,78,,,78646000AI0129,,,9,,,,,,,,,,1,2,Appartement,40,1,,,,,,2.133271,48.806088
2021-1331926,2021-06-28,000001,Vente,445000,7,T,RUE SAINT CHARLES,2710,78000,78646,Versailles,78,,,78646000AY0191,,,1,,24,64.89,,,,,,,2,2,Appartement,55,2,,,,,,2.148986,48.80127
2021-1331926,2021-06-28,000001,Vente,445000,7,T,RUE SAINT CHARLES,2710,78000,78646,Versailles,78,,,78646000AY0191,,,10,14,,,,,,,,,1,3,Dépendance,,0,,,,,,2.148986,48.80127
2021-1331926,2021-06-28,000001,Vente,445000,7,T,RUE SAINT CHARLES,2710,78000,78646,Versailles,78,,,78646000AY0191,,,1,,24,64.89,,,,,,,2,3,Dépendance,,0,,,,,,2.148986,48.80127
2021-1331930,2021-06-08,000001,Vente,1185000,4,,RUE DES CHANTIERS,0530,78000,78646,Versailles,78,,,78646000BS0054,,,504,,,,,,,,,,1,1,Maison,119,4,,,,,,2.13609,48.796747
2021-1332038,2021-06-03,000001,Vente,552500,30,,RUE SAINT LOUIS,2810,78000,78646,Versailles,78,,,78646000BW0052,,,2,,27,,,,,,,,2,2,Appartement,36,2,,,,,,2.126989,48.794522
2021-1332038,2021-06-03,000001,Vente,552500,30,,RUE SAINT LOUIS,2810,78000,78646,Versailles,78,,,78646000BW0052,,,2,,27,,,,,,,,2,3,Dépendance,,0,,,,,,2.126989,48.794522
2021-1332038,2021-06-03,000001,Vente,552500,30,,RUE SAINT LOUIS,2810,78000,78646,Versailles,78,,,78646000BW0052,,,19,,36,,37,,38,,,,4,4,Local industriel. commercial ou assimilé,46,0,,,,,,2.126989,48.794522
2021-1332056,2021-06-22,000001,Vente,822232,22,,RUE MANSART,1770,78000,78646,Versailles,78,,,78646000AL0058,,,6,,9,123.57,,,,,,,2,2,Appartement,113,4,,,,,,2.140005,48.814283
2021-1332056,2021-06-22,000001,Vente,822232,22,,RUE MANSART,1770,78000,78646,Versailles,78,,,78646000AL0058,,,6,,9,123.57,,,,,,,2,3,Dépendance,,0,,,,,,2.140005,48.814283
2021-1332059,2021-06-22,000001,Vente,457950,11,,RUE DES ETATS GENERAUX,0980,78000,78646,Versailles,78,,,78646000BR0031,,,105,56.61,110,,,,,,,,2,2,Appartement,57,3,,,,,,2.132629,48.80064
2021-1332059,2021-06-22,000001,Vente,457950,11,,RUE DES ETATS GENERAUX,0980,78000,78646,Versailles,78,,,78646000BR0031,,,105,56.61,110,,,,,,,,2,3,Dépendance,,0,,,,,,2.132629,48.80064
2021-1332062,2021-06-22,000001,Vente,118000,24,,RUE JACQUES LEMERCIER,1420,78000,78646,Versailles,78,,,78646000AO0020,,,149,19.79,,,,,,,,,1,3,Dépendance,,0,,,,,,2.150001,48.814605
2021-1332076,2021-06-28,000001,Vente,1718850,25,,AV MIRABEAU,1910,78000,78646,Versailles,78,,,78646000AM0022,,,5,,,,,,,,,,1,,,,,AG,terrains d'agrément,,,323,2.139676,48.821376
2021-1332076,2021-06-28,000001,Vente,1718850,25,,AV MIRABEAU,1910,78000,78646,Versailles,78,,,78646000AM0022,,,1,102,2,,3,,4,,,,4,1,Maison,281,9,,,,,,2.139676,48.821376
2021-1332160,2021-06-21,000001,Vente,193000,5,,RUE SAINT MEDERIC,2840,78000,78646,Versailles,78,,,78646000BT0096,,,11,,,,,,,,,,1,2,Appartement,24,2,,,,,,2.127956,48.795969
2021-1332160,2021-06-21,000001,Vente,193000,5,,RUE SAINT MEDERIC,2840,78000,78646,Versailles,78,,,78646000BT0096,,,11,,,,,,,,,,1,3,Dépendance,,0,,,,,,2.127956,48.795969
2021-1332176,2021-06-28,000001,Vente,335050,19,B,RUE DU PONT COLBERT,2370,78000,78646,Versailles,78,,,78646000BI0284,,,5,79.06,6,,,,,,,,2,3,Dépendance,,0,,,,,,2.151506,48.789725
2021-1332176,2021-06-28,000001,Vente,335050,19,B,RUE DU PONT COLBERT,2370,78000,78646,Versailles,78,,,78646000BI0284,,,5,79.06,6,,,,,,,,2,2,Appartement,90,5,,,,,,2.151506,48.789725
2021-1332194,2021-06-18,000001,Vente,367640,5,,RUE JEAN MERMOZ,1460,78000,78646,Versailles,78,,,78646000BN0109,,,107,,127,60.04,,,,,,,2,2,Appartement,60,3,,,,,,2.146069,48.796572
2021-1332194,2021-06-18,000001,Vente,367640,5,,RUE JEAN MERMOZ,1460,78000,78646,Versailles,78,,,78646000BN0109,,,107,,127,60.04,,,,,,,2,3,Dépendance,,0,,,,,,2.146069,48.796572
2021-1332194,2021-06-18,000001,Vente,367640,82,B,AV DE PARIS,2180,78000,78646,Versailles,78,,,78646000BN0166,,,1298,,,,,,,,,,1,3,Dépendance,,0,,,,,,2.145036,48.797427
2021-1332195,2021-06-29,000001,Vente,249410,15,,RUE DES RESERVOIRS,2580,78000,78646,Versailles,78,,,78646000AC0239,,,39,,46,,,,,,,,2,3,Dépendance,,0,,,,,,2.12418,48.80834
2021-1332195,2021-06-29,000001,Vente,249410,15,,RUE DES RESERVOIRS,2580,78000,78646,Versailles,78,,,78646000AC0239,,,39,,46,,,,,,,,2,3,Dépendance,,0,,,,,,2.12418,48.80834
2021-1332195,2021-06-29,000001,Vente,249410,15,,RUE DES RESERVOIRS,2580,78000,78646,Versailles,78,,,78646000AC0239,,,39,,46,,,,,,,,2,2,Appartement,133,7,,,,,,2.12418,48.80834
2021-1332195,2021-06-29,000001,Vente,249410,15,,RUE DES RESERVOIRS,2580,78000,78646,Versailles,78,,,78646000AC0239,,,39,,46,,,,,,,,2,3,Dépendance,,0,,,,,,2.12418,48.80834
2021-1332199,2021-06-30,000001,Vente,449000,60,,RUE CHAMP LAGARDE,0490,78000,78646,Versailles,78,,,78646000AY0097,,,22,68.3,31,,,,,,,,2,3,Dépendance,,0,,,,,,2.149752,48.801617
2021-1332199,2021-06-30,000001,Vente,449000,60,,RUE CHAMP LAGARDE,0490,78000,78646,Versailles,78,,,78646000AY0097,,,55,,,,,,,,,,1,3,Dépendance,,0,,,,,,2.149752,48.801617
2021-1332199,2021-06-30,000001,Vente,449000,60,,RUE CHAMP LAGARDE,0490,78000,78646,Versailles,78,,,78646000AY0097,,,22,68.3,31,,,,,,,,2,2,Appartement,60,4,,,,,,2.149752,48.801617
2021-1332223,2021-06-29,000001,Vente,977910,15,,RUE DES RESERVOIRS,2580,78000,78646,Versailles,78,,,78646000AC0239,,,29,,31,,38,104.61,42,,,,4,3,Dépendance,,0,,,,,,2.12418,48.80834
2021-1332223,2021-06-29,000001,Vente,977910,15,,RUE DES RESERVOIRS,2580,78000,78646,Versailles,78,,,78646000AC0239,,,29,,31,,38,104.61,42,,,,4,2,Appartement,133,7,,,,,,2.12418,48.80834
2021-1332223,2021-06-29,000001,Vente,977910,15,,RUE DES RESERVOIRS,2580,78000,78646,Versailles,78,,,78646000AC0239,,,29,,31,,38,104.61,42,,,,4,3,Dépendance,,0,,,,,,2.12418,48.80834
2021-1332223,2021-06-29,000001,Vente,977910,15,,RUE DES RESERVOIRS,2580,78000,78646,Versailles,78,,,78646000AC0239,,,29,,31,,38,104.61,42,,,,4,3,Dépendance,,0,,,,,,2.12418,48.80834
2021-1332231,2021-06-29,000001,Vente,256000,11,,RUE JEAN DE LA BRUYERE,1560,78000,78646,Versailles,78,,,78646000AO0205,,,1003,43.1,1103,,,,,,,,2,3,Dépendance,,0,,,,,,2.146857,48.813978
2021-1332231,2021-06-29,000001,Vente,256000,11,,RUE JEAN DE LA BRUYERE,1560,78000,78646,Versailles,78,,,78646000AO0205,,,1189,,,,,,,,,,1,3,Dépendance,,0,,,,,,2.146857,48.813978
2021-1332231,2021-06-29,000001,Vente,256000,11,,RUE JEAN DE LA BRUYERE,1560,78000,78646,Versailles,78,,,78646000AO0205,,,1003,43.1,1103,,,,,,,,2,2,Appartement,40,2,,,,,,2.146857,48.813978
2021-1332247,2021-06-28,000001,Vente,328283,4,,RUE DES TOURNELLES,3050,78000,78646,Versailles,78,,,78646000BV0122,,,3,43.85,7,,,,,,,,2,3,Dépendance,,0,,,,,,2.125593,48.798475
2021-1332247,2021-06-28,000001,Vente,328283,4,,RUE DES TOURNELLES,3050,78000,78646,Versailles,78,,,78646000BV0122,,,3,43.85,7,,,,,,,,2,2,Appartement,41,1,,,,,,2.125593,48.798475
2021-1332249,2021-06-10,000001,Vente,200000,54,,AV DES ETATS UNIS,0990,78000,78646,Versailles,78,,,78646000AW0159,,,18,29.84,7,,,,,,,,2,3,Dépendance,,0,,,,,,2.146486,48.807979
2021-1332249,2021-06-10,000001,Vente,200000,54,,AV DES ETATS UNIS,0990,78000,78646,Versailles,78,,,78646000AW0159,,,18,29.84,7,,,,,,,,2,2,Appartement,25,2,,,,,,2.146486,48.807979
2021-1332295,2021-06-29,000001,Vente,1276353,19,,AV DES ARTS,0220,78000,78646,Versailles,78,,,78646000AM0093,,,1,,,,,,,,,,1,1,Maison,147,6,,,,,,2.141746,48.822867
2021-1332313,2021-07-05,000001,Vente,395500,32,,PROM MONA LISA,1965,78000,78646,Versailles,78,,,78646000AZ0110,,,2155,,2171,65.83,,,,,,,2,3,Dépendance,,0,,,,,,2.158672,48.8041
2021-1332313,2021-07-05,000001,Vente,395500,32,,PROM MONA LISA,1965,78000,78646,Versailles,78,,,78646000AZ0110,,,2155,,2171,65.83,,,,,,,2,2,Appartement,67,3,,,,,,2.158672,48.8041
2021-1332313,2021-07-05,000001,Vente,395500,5,,RUE DE L ECOLE DES POSTES,0850,78000,78646,Versailles,78,,,78646000AZ0110,,,3590,,,,,,,,,,1,3,Dépendance,,0,,,,,,2.158672,48.8041
2021-1332317,2021-07-01,000001,Vente,133000,7,,RUE DE L ERMITAGE,0940,78000,78646,Versailles,78,,,78646000AC0252,,,122,,142,15.27,,,,,,,2,2,Appartement,14,1,,,,,,2.1233,48.812962
2021-1332317,2021-07-01,000001,Vente,133000,7,,RUE DE L ERMITAGE,0940,78000,78646,Versailles,78,,,78646000AC0252,,,122,,142,15.27,,,,,,,2,3,Dépendance,,0,,,,,,2.1233,48.812962
2021-1332323,2021-07-02,000001,Vente,600000,5,,RUE DES MISSIONNAIRES,1920,78000,78646,Versailles,78,,,78646000AD0407,,,279,,,,,,,,,,1,3,Dépendance,,0,,,,,,2.129146,48.814076
2021-1332323,2021-07-02,000001,Vente,600000,5,,RUE DES MISSIONNAIRES,1920,78000,78646,Versailles,78,,,78646000AD0407,,,240,84.41,241,,,,,,,,2,3,Dépendance,,0,,,,,,2.129146,48.814076
2021-1332323,2021-07-02,000001,Vente,600000,5,,RUE DES MISSIONNAIRES,1920,78000,78646,Versailles,78,,,78646000AD0407,,,240,84.41,241,,,,,,,,2,2,Appartement,84,4,,,,,,2.129146,48.814076
2021-1332375,2021-06-07,000001,Vente,590000,3,,RUE ROYALE,2648,78000,78646,Versailles,78,,,78646000BT0002,,,19,,34,91.2,,,,,,,2,3,Dépendance,,0,,,,,,2.127859,48.798867
2021-1332375,2021-06-07,000001,Vente,590000,3,,RUE ROYALE,2648,78000,78646,Versailles,78,,,78646000BT0002,,,19,,34,91.2,,,,,,,2,3,Dépendance,,0,,,,,,2.127859,48.798867
2021-1332375,2021-06-07,000001,Vente,590000,3,,RUE ROYALE,2648,78000,78646,Versailles,78,,,78646000BT0002,,,19,,34,91.2,,,,,,,2,2,Appartement,85,4,,,,,,2.127859,48.798867
2021-1332375,2021-06-07,000001,Vente,590000,3,,RUE ROYALE,2648,78000,78646,Versailles,78,,,78646000BT0002,,,19,,34,91.2,,,,,,,2,3,Dépendance,,0,,,,,,2.127859,48.798867
2021-1332375,2021-06-07,000001,Vente,590000,3,,RUE ROYALE,2648,78000,78646,Versailles,78,,,78646000BT0002,,,19,,34,91.2,,,,,,,2,3,Dépendance,,0,,,,,,2.127859,48.798867
2021-1332399,2021-07-06,000001,Vente,173350,12,,RUE BERTHIER,0370,78000,78646,Versailles,78,,,78646000AC0163,,,6,24.08,,,,,,,,,1,2,Appartement,20,1,,,,,,2.12578,48.81164
2021-1332522,2021-06-30,000001,Vente,1109117,53,,RUE DU MAL FOCH,1810,78000,78646,Versailles,78,,,78646000AD0106,,,39,16.92,6,120.52,,,,,,,2,3,Dépendance,,0,,,,,,2.133622,48.810261
2021-1332522,2021-06-30,000001,Vente,1109117,53,,RUE DU MAL FOCH,1810,78000,78646,Versailles,78,,,78646000AD0106,,,39,16.92,6,120.52,,,,,,,2,2,Appartement,115,4,,,,,,2.133622,48.810261
2021-1332522,2021-06-30,000001,Vente,1109117,53,,RUE DU MAL FOCH,1810,78000,78646,Versailles,78,,,78646000AD0106,,,39,16.92,6,120.52,,,,,,,2,3,Dépendance,,0,,,,,,2.133622,48.810261
2021-1332551,2021-06-29,000001,Vente,1925300,11,B,RUE COLBERT,0630,78000,78646,Versailles,78,,,78646000AE0338,,,1,,13,,28,183.45,42,,,,4,3,Dépendance,,0,,,,,,2.126007,48.805232
2021-1332551,2021-06-29,000001,Vente,1925300,11,B,RUE COLBERT,0630,78000,78646,Versailles,78,,,78646000AE0338,,,1,,13,,28,183.45,42,,,,4,3,Dépendance,,0,,,,,,2.126007,48.805232
2021-1332551,2021-06-29,000001,Vente,1925300,11,B,RUE COLBERT,0630,78000,78646,Versailles,78,,,78646000AE0338,,,1,,13,,28,183.45,42,,,,4,3,Dépendance,,0,,,,,,2.126007,48.805232
2021-1332551,2021-06-29,000001,Vente,1925300,11,B,RUE COLBERT,0630,78000,78646,Versailles,78,,,78646000AE0338,,,1,,13,,28,183.45,42,,,,4,2,Appartement,202,6,,,,,,2.126007,48.805232
2021-1332568,2021-06-21,000001,Vente,336150,14,,RUE GEORGES CLEMENCEAU,1200,78000,78646,Versailles,78,,,78646000AI0100,,,8,36.55,,,,,,,,,1,2,Appartement,51,3,,,,,,2.132618,48.804443
2021-1332569,2021-06-10,000001,Vente,416000,6,,IMP DES CHANTIERS,0520,78000,78646,Versailles,78,,,78646000BL0259,,,,,,,,,,,,,0,1,Maison,41,3,S,sols,,,104,2.145262,48.793613
2021-1332569,2021-06-10,000001,Vente,416000,6,,IMP DES CHANTIERS,0520,78000,78646,Versailles,78,,,78646000BL0259,,,,,,,,,,,,,0,3,Dépendance,,0,S,sols,,,104,2.145262,48.793613
2021-1332611,2021-07-01,000001,Vente,250000,6,,RUE ALBERT SAMAIN,0070,78000,78646,Versailles,78,,,78646000BW0180,,,15,,50,,,,,,,,2,2,Appartement,33,1,,,,,,2.122995,48.794118
2021-1332611,2021-07-01,000001,Vente,250000,6,,RUE ALBERT SAMAIN,0070,78000,78646,Versailles,78,,,78646000BW0180,,,15,,50,,,,,,,,2,3,Dépendance,,0,,,,,,2.122995,48.794118
2021-1332623,2021-07-06,000001,Vente,410000,21,,RUE JOUVENCEL,1520,78000,78646,Versailles,78,,,78646000AI0029,,,2,,21,51.52,,,,,,,2,2,Appartement,55,3,,,,,,2.134246,48.803041
2021-1332623,2021-07-06,000001,Vente,410000,21,,RUE JOUVENCEL,1520,78000,78646,Versailles,78,,,78646000AI0029,,,2,,21,51.52,,,,,,,2,3,Dépendance,,0,,,,,,2.134246,48.803041
2021-1332630,2021-06-24,000001,Vente,250500,76,,AV DE PARIS,2180,78000,78646,Versailles,78,,,78646000BN0167,,,414,34.17,415,,,,,,,,2,2,Appartement,34,2,,,,,,2.142752,48.797871
2021-1332630,2021-06-24,000001,Vente,250500,76,,AV DE PARIS,2180,78000,78646,Versailles,78,,,78646000BN0167,,,414,34.17,415,,,,,,,,2,3,Dépendance,,0,,,,,,2.142752,48.797871
2021-1332631,2021-07-06,000001,Vente,679170,8,,RUE EXELMANS,1020,78000,78646,Versailles,78,,,78646000AC0116,,,104,,4,,,,,,,,2,2,Appartement,100,6,,,,,,2.126206,48.81323
2021-1332631,2021-07-06,000001,Vente,679170,8,,RUE EXELMANS,1020,78000,78646,Versailles,78,,,78646000AC0116,,,104,,4,,,,,,,,2,3,Dépendance,,0,,,,,,2.126206,48.81323
2021-1332631,2021-07-06,000001,Vente,679170,8,,RUE EXELMANS,1020,78000,78646,Versailles,78,,,78646000AC0116,,,57,,,,,,,,,,1,3,Dépendance,,0,,,,,,2.126206,48.81323
2021-1332670,2021-06-09,000001,Vente,840000,30,,RUE DU MAL FOCH,1810,78000,78646,Versailles,78,,,78646000AI0325,,,13,,,,,,,,,,1,3,Dépendance,,0,,,,,,2.133452,48.80854
2021-1332670,2021-06-09,000001,Vente,840000,30,,RUE DU MAL FOCH,1810,78000,78646,Versailles,78,,,78646000AI0325,,,4,,,,,,,,,,1,2,Appartement,68,3,,,,,,2.133452,48.80854
2021-1332680,2021-07-02,000001,Vente,277000,5,,RUE DE L ECOLE DES POSTES,0850,78000,78646,Versailles,78,,,78646000AZ0110,,,3978,,,,,,,,,,1,3,Dépendance,,0,,,,,,2.158672,48.8041
2021-1332680,2021-07-02,000001,Vente,277000,2,,PL ROBERT DENIS,2625,78000,78646,Versailles,78,,,78646000AZ0110,,,1596,,1653,50.62,,,,,,,2,2,Appartement,51,2,,,,,,2.158672,48.8041
2021-1332680,2021-07-02,000001,Vente,277000,2,,PL ROBERT DENIS,2625,78000,78646,Versailles,78,,,78646000AZ0110,,,1596,,1653,50.62,,,,,,,2,3,Dépendance,,0,,,,,,2.158672,48.8041
2021-1332790,2021-06-10,000001,Vente,952500,22,,AV DU PROGRES,2450,78000,78646,Versailles,78,,,78646000AM0108,,,,,,,,,,,,,0,1,Maison,100,5,S,sols,,,433,2.141567,48.823666
2021-1332800,2021-06-11,000001,Vente,422000,10,,RUE DE L ERMITAGE,0940,78000,78646,Versailles,78,,,78646000AC0314,,,228,63.81,245,,,,,,,,2,2,Appartement,61,2,,,,,,2.123933,48.814609
2021-1332800,2021-06-11,000001,Vente,422000,10,,RUE DE L ERMITAGE,0940,78000,78646,Versailles,78,,,78646000AC0314,,,46,,,,,,,,,,1,3,Dépendance,,0,,,,,,2.123933,48.814609
2021-1332800,2021-06-11,000001,Vente,422000,10,,RUE DE L ERMITAGE,0940,78000,78646,Versailles,78,,,78646000AC0314,,,228,63.81,245,,,,,,,,2,3,Dépendance,,0,,,,,,2.123933,48.814609
2021-1332820,2021-06-21,000001,Vente,700000,85,,AV DE SAINT CLOUD,2730,78000,78646,Versailles,78,,,78646000AI0234,,,24,,51,,,,,,,,2,3,Dépendance,,0,,,,,,2.138776,48.806157
2021-1332820,2021-06-21,000001,Vente,700000,85,,AV DE SAINT CLOUD,2730,78000,78646,Versailles,78,,,78646000AI0234,,,24,,51,,,,,,,,2,3,Dépendance,,0,,,,,,2.138776,48.806157
2021-1332820,2021-06-21,000001,Vente,700000,85,,AV DE SAINT CLOUD,2730,78000,78646,Versailles,78,,,78646000AI0234,,,12,,21,,,,,,,,2,3,Dépendance,,0,,,,,,2.138776,48.806157
2021-1332820,2021-06-21,000001,Vente,700000,85,,AV DE SAINT CLOUD,2730,78000,78646,Versailles,78,,,78646000AI0234,,,24,,51,,,,,,,,2,2,Appartement,93,3,,,,,,2.138776,48.806157
2021-1332820,2021-06-21,000001,Vente,700000,85,,AV DE SAINT CLOUD,2730,78000,78646,Versailles,78,,,78646000AI0234,,,12,,21,,,,,,,,2,3,Dépendance,,0,,,,,,2.138776,48.806157
2021-1332831,2021-06-24,000001,Vente,340000,38,,RUE HENRI DE REGNIER,1310,78000,78646,Versailles,78,,,78646000BW0152,,,5,39.33,8,,9,,,,,,3,3,Dépendance,,0,,,,,,2.126962,48.792785
2021-1332831,2021-06-24,000001,Vente,340000,38,,RUE HENRI DE REGNIER,1310,78000,78646,Versailles,78,,,78646000BW0152,,,5,39.33,8,,9,,,,,,3,3,Dépendance,,0,,,,,,2.126962,48.792785
2021-1332831,2021-06-24,000001,Vente,340000,38,,RUE HENRI DE REGNIER,1310,78000,78646,Versailles,78,,,78646000BW0152,,,5,39.33,8,,9,,,,,,3,3,Dépendance,,0,,,,,,2.126962,48.792785
2021-1332831,2021-06-24,000001,Vente,340000,38,,RUE HENRI DE REGNIER,1310,78000,78646,Versailles,78,,,78646000BW0152,,,4,34.62,,,,,,,,,1,3,Dépendance,,0,,,,,,2.126962,48.792785
2021-1332831,2021-06-24,000001,Vente,340000,38,,RUE HENRI DE REGNIER,1310,78000,78646,Versailles,78,,,78646000BW0152,,,5,39.33,8,,9,,,,,,3,2,Appartement,38,2,,,,,,2.126962,48.792785
2021-1332831,2021-06-24,000001,Vente,340000,38,,RUE HENRI DE REGNIER,1310,78000,78646,Versailles,78,,,78646000BW0152,,,4,34.62,,,,,,,,,1,2,Appartement,34,2,,,,,,2.126962,48.792785
2021-1332834,2021-06-18,000001,Vente,1723038,31,,RUE REMILLY,2530,78000,78646,Versailles,78,,,78646000AK0057,,,,,,,,,,,,,0,3,Dépendance,,0,S,sols,,,578,2.139584,48.811706
2021-1332834,2021-06-18,000001,Vente,1723038,31,,RUE REMILLY,2530,78000,78646,Versailles,78,,,78646000AK0057,,,,,,,,,,,,,0,1,Maison,156,5,S,sols,,,578,2.139584,48.811706
2021-1332858,2021-06-30,000001,Vente,453000,1,,RUE DE L ASSEMBLEE NATIONALE,0230,78000,78646,Versailles,78,,,78646000BR0054,,,20,,96,,,,,,,,2,2,Appartement,51,3,,,,,,2.13419,48.800225
2021-1332858,2021-06-30,000001,Vente,453000,1,,RUE DE L ASSEMBLEE NATIONALE,0230,78000,78646,Versailles,78,,,78646000BR0054,,,20,,96,,,,,,,,2,3,Dépendance,,0,,,,,,2.13419,48.800225
2021-1332861,2021-06-11,000001,Vente,1754700,23,,AV DU LOUVRE,1705,78000,78646,Versailles,78,,,78646000BC0111,,,,,,,,,,,,,0,1,Maison,147,7,S,sols,,,694,2.155559,48.8012
2021-1332861,2021-06-11,000001,Vente,1754700,23,,AV DU LOUVRE,1705,78000,78646,Versailles,78,,,78646000BC0111,,,,,,,,,,,,,0,3,Dépendance,,0,S,sols,,,694,2.155559,48.8012
2021-1332864,2021-06-14,000001,Vente,528000,3,,AV DE PORCHEFONTAINE,2380,78000,78646,Versailles,78,,,78646000BD0157,,,1,,,,,,,,,,1,3,Dépendance,,0,,,,,,2.15451,48.797411
2021-1332864,2021-06-14,000001,Vente,528000,12,,AV DE PORCHEFONTAINE,2380,78000,78646,Versailles,78,,,78646000BK0021,,,884,,889,93.87,,,,,,,2,3,Dépendance,,0,,,,,,2.152071,48.797176
2021-1332864,2021-06-14,000001,Vente,528000,12,,AV DE PORCHEFONTAINE,2380,78000,78646,Versailles,78,,,78646000BK0021,,,884,,889,93.87,,,,,,,2,2,Appartement,95,4,,,,,,2.152071,48.797176
2021-1332881,2021-07-08,000001,Echange,500,19,B,RUE DU PONT COLBERT,2370,78000,78646,Versailles,78,,,78646000BI0284,,,14,,,,,,,,,,1,3,Dépendance,,0,,,,,,2.151506,48.789725
2021-1332881,2021-07-08,000001,Echange,500,19,B,RUE DU PONT COLBERT,2370,78000,78646,Versailles,78,,,78646000BI0284,,,14,,,,,,,,,,1,2,Appartement,78,4,,,,,,2.151506,48.789725
2021-1332881,2021-07-08,000002,Echange,500,19,B,RUE DU PONT COLBERT,2370,78000,78646,Versailles,78,,,78646000BI0284,,,8,,,,,,,,,,1,2,Appartement,65,4,,,,,,2.151506,48.789725
2021-1332881,2021-07-08,000002,Echange,500,19,B,RUE DU PONT COLBERT,2370,78000,78646,Versailles,78,,,78646000BI0284,,,8,,,,,,,,,,1,3,Dépendance,,0,,,,,,2.151506,48.789725
2021-1332888,2021-06-14,000001,Vente,35000,5,,RUE DE NOAILLES,2050,78000,78646,Versailles,78,,,78646000BR0086,,,88,,,,,,,,,,1,3,Dépendance,,0,,,,,,2.136115,48.799599
2021-1332897,2021-06-17,000001,Vente,535000,20,,RUE DES ETATS GENERAUX,0980,78000,78646,Versailles,78,,,78646000BR0191,,,13,,,,,,,,,,1,3,Dépendance,,0,,,,,,2.13339,48.798708
2021-1332897,2021-06-17,000001,Vente,535000,20,,RUE DES ETATS GENERAUX,0980,78000,78646,Versailles,78,,,78646000BR0191,,,12,,6,69.89,,,,,,,2,1,Maison,55,2,,,,,,2.13339,48.798708
2021-1332908,2021-07-01,000001,Vente,444000,16,,RUE DE VERGENNES,3150,78000,78646,Versailles,78,,,78646000BR0107,,,10,,4,,6,80.65,,,,,3,3,Dépendance,,0,,,,,,2.137496,48.798585
2021-1332908,2021-07-01,000001,Vente,444000,16,,RUE DE VERGENNES,3150,78000,78646,Versailles,78,,,78646000BR0107,,,10,,4,,6,80.65,,,,,3,3,Dépendance,,0,,,,,,2.137496,48.798585
2021-1332908,2021-07-01,000001,Vente,444000,16,,RUE DE VERGENNES,3150,78000,78646,Versailles,78,,,78646000BR0107,,,10,,4,,6,80.65,,,,,3,2,Appartement,76,4,,,,,,2.137496,48.798585
2021-1332989,2021-06-23,000001,Vente,460000,32,,RUE DU MAL JOFFRE,1820,78000,78646,Versailles,78,,,78646000BW0207,,,42,,55,,,,,,,,2,3,Dépendance,,0,,,,,,2.119719,48.794497
2021-1332989,2021-06-23,000001,Vente,460000,32,,RUE DU MAL JOFFRE,1820,78000,78646,Versailles,78,,,78646000BW0207,,,42,,55,,,,,,,,2,2,Appartement,70,3,,,,,,2.119719,48.794497
2021-1332989,2021-06-23,000001,Vente,460000,32,,RUE DU MAL JOFFRE,1820,78000,78646,Versailles,78,,,78646000BW0207,,,100,,,,,,,,,,1,3,Dépendance,,0,,,,,,2.119719,48.794497
2021-1332995,2021-05-28,000001,Vente,741666,121,,BD DE LA REINE,2520,78000,78646,Versailles,78,,,78646000AK0191,,,,,,,,,,,,,0,1,Maison,230,9,S,sols,,,618,2.139101,48.808822
2021-1332995,2021-05-28,000001,Vente,741666,121,,BD DE LA REINE,2520,78000,78646,Versailles,78,,,78646000AK0191,,,,,,,,,,,,,0,3,Dépendance,,0,S,sols,,,618,2.139101,48.808822
2021-1332999,2021-07-05,000001,Vente,407000,73,,RUE DE LA PAROISSE,2190,78000,78646,Versailles,78,,,78646000AI0177,,,49,48.77,,,,,,,,,1,2,Appartement,43,3,,,,,,2.134758,48.806357
2021-1333008,2021-06-24,000001,Vente,360000,19,,RUE MONTBAURON,1970,78000,78646,Versailles,78,,,78646000AI0074,,,2,,,,,,,,,,1,4,Local industriel. commercial ou assimilé,70,0,,,,,,2.135301,48.804349
2021-1333075,2021-07-02,000001,Vente,285000,32,,RUE DE L ORANGERIE,2110,78000,78646,Versailles,78,,,78646000BV0023,,,9,,,,,,,,,,1,3,Dépendance,,0,,,,,,2.12323,48.799639
2021-1333075,2021-07-02,000001,Vente,285000,32,,RUE DE L ORANGERIE,2110,78000,78646,Versailles,78,,,78646000BV0023,,,9,,,,,,,,,,1,2,Appartement,40,2,,,,,,2.12323,48.799639
2021-1333075,2021-07-02,000001,Vente,285000,32,,RUE DE L ORANGERIE,2110,78000,78646,Versailles,78,,,78646000BV0023,,,9,,,,,,,,,,1,3,Dépendance,,0,,,,,,2.12323,48.799639
2021-1333076,2021-06-30,000001,Vente,666641,70,B,RUE YVES LE COZ,3210,78000,78646,Versailles,78,,,78646000BD0134,,,1,94.75,,,,,,,,,1,3,Dépendance,,0,,,,,,2.156546,48.795687
2021-1333076,2021-06-30,000001,Vente,666641,70,B,RUE YVES LE COZ,3210,78000,78646,Versailles,78,,,78646000BD0134,,,1,94.75,,,,,,,,,1,3,Dépendance,,0,,,,,,2.156546,48.795687
2021-1333076,2021-06-30,000001,Vente,666641,70,B,RUE YVES LE COZ,3210,78000,78646,Versailles,78,,,78646000BD0134,,,1,94.75,,,,,,,,,1,2,Appartement,70,4,,,,,,2.156546,48.795687
2021-1333090,2021-06-25,000001,Vente,300000,47,,RUE DE MONTREUIL,2000,78000,78646,Versailles,78,,,78646000AX0302,,,13,,21,,6,45.58,,,,,3,3,Dépendance,,0,,,,,,2.14541,48.805093
2021-1333090,2021-06-25,000001,Vente,300000,47,,RUE DE MONTREUIL,2000,78000,78646,Versailles,78,,,78646000AX0302,,,13,,21,,6,45.58,,,,,3,3,Dépendance,,0,,,,,,2.14541,48.805093
2021-1333090,2021-06-25,000001,Vente,300000,47,,RUE DE MONTREUIL,2000,78000,78646,Versailles,78,,,78646000AX0302,,,13,,21,,6,45.58,,,,,3,2,Appartement,46,2,,,,,,2.14541,48.805093
2021-1333121,2021-06-21,000001,Vente,1321360,38,,RUE BERTHELOT,0360,78000,78646,Versailles,78,,,78646000BE0386,,,,,,,,,,,,,0,1,Maison,140,7,S,sols,,,774,2.160091,48.793893
2021-1333122,2021-06-24,000001,Vente,160000,30,,PROM MONA LISA,1965,78000,78646,Versailles,78,,,78646000AZ0110,,,2068,,,,,,,,,,1,2,Appartement,28,1,,,,,,2.158672,48.8041
2021-1333122,2021-06-24,000001,Vente,160000,30,,PROM MONA LISA,1965,78000,78646,Versailles,78,,,78646000AZ0110,,,2068,,,,,,,,,,1,3,Dépendance,,0,,,,,,2.158672,48.8041
2021-1333125,2021-06-21,000001,Vente,550000,2,,RUE MAUREPAS,1870,78000,78646,Versailles,78,,,78646000AC0235,,,9,85.15,,,,,,,,,1,3,Dépendance,,0,,,,,,2.124266,48.808942
2021-1333125,2021-06-21,000001,Vente,550000,2,,RUE MAUREPAS,1870,78000,78646,Versailles,78,,,78646000AC0235,,,9,85.15,,,,,,,,,1,3,Dépendance,,0,,,,,,2.124266,48.808942
2021-1333125,2021-06-21,000001,Vente,550000,2,,RUE MAUREPAS,1870,78000,78646,Versailles,78,,,78646000AC0235,,,9,85.15,,,,,,,,,1,2,Appartement,100,4,,,,,,2.124266,48.808942
2021-1333128,2021-07-06,000001,Vente,607000,47,,RUE DE LA PAROISSE,2190,78000,78646,Versailles,78,,,78646000AE0112,,,12,,,,,,,,,,1,4,Local industriel. commercial ou assimilé,85,0,,,,,,2.130121,48.807391
2021-1333162,2021-07-07,000001,Vente,1300150,8,,RUE DU MARECHAL GALLIENI,1812,78000,78646,Versailles,78,,,78646000AC0197,,,106,,107,,135,,,,,,3,2,Appartement,150,6,,,,,,2.124334,48.810687
2021-1333162,2021-07-07,000001,Vente,1300150,8,,RUE DU MARECHAL GALLIENI,1812,78000,78646,Versailles,78,,,78646000AC0197,,,106,,107,,135,,,,,,3,3,Dépendance,,0,,,,,,2.124334,48.810687
2021-1333162,2021-07-07,000001,Vente,1300150,8,,RUE DU MARECHAL GALLIENI,1812,78000,78646,Versailles,78,,,78646000AC0197,,,106,,107,,135,,,,,,3,3,Dépendance,,0,,,,,,2.124334,48.810687
2021-1333162,2021-07-07,000001,Vente,1300150,8,,RUE DU MARECHAL GALLIENI,1812,78000,78646,Versailles,78,,,78646000AC0197,,,106,,107,,135,,,,,,3,3,Dépendance,,0,,,,,,2.124334,48.810687
2021-1333163,2021-06-30,000001,Vente en l'état futur d'achèvement,1050000,9,,RUE VAUBAN,3110,78000,78646,Versailles,78,,,78646000AY0310,,,991,,,,,,,,,,1,3,Dépendance,,0,,,,,,2.15313,48.799852
2021-1333163,2021-06-30,000001,Vente en l'état futur d'achèvement,1050000,9,,RUE VAUBAN,3110,78000,78646,Versailles,78,,,78646000AY0310,,,990,,,,,,,,,,1,3,Dépendance,,0,,,,,,2.15313,48.799852
2021-1333163,2021-06-30,000001,Vente en l'état futur d'achèvement,1050000,9,,RUE VAUBAN,3110,78000,78646,Versailles,78,,,78646000AY0310,,,8,,,,,,,,,,1,2,Appartement,115,5,,,,,,2.15313,48.799852
2021-1333167,2021-06-30,000001,Vente en l'état futur d'achèvement,1050000,9,,RUE VAUBAN,3110,78000,78646,Versailles,78,,,78646000AY0310,,,977,,,,,,,,,,1,3,Dépendance,,0,,,,,,2.15313,48.799852
2021-1333167,2021-06-30,000001,Vente en l'état futur d'achèvement,1050000,9,,RUE VAUBAN,3110,78000,78646,Versailles,78,,,78646000AY0310,,,7,,,,,,,,,,1,2,Appartement,116,5,,,,,,2.15313,48.799852
2021-1333167,2021-06-30,000001,Vente en l'état futur d'achèvement,1050000,9,,RUE VAUBAN,3110,78000,78646,Versailles,78,,,78646000AY0310,,,976,,,,,,,,,,1,3,Dépendance,,0,,,,,,2.15313,48.799852
2021-1333170,2021-07-09,000001,Vente,340000,2,T,RUE DU FOYER VERSAILLAIS,1100,78000,78646,Versailles,78,,,78646000BL0294,,,510,,,,,,,,,,1,3,Dépendance,,0,,,,,,2.146987,48.791716
2021-1333170,2021-07-09,000001,Vente,340000,2,T,RUE DU FOYER VERSAILLAIS,1100,78000,78646,Versailles,78,,,78646000BL0294,,,320,57.05,337,,,,,,,,2,3,Dépendance,,0,,,,,,2.146987,48.791716
2021-1333170,2021-07-09,000001,Vente,340000,2,T,RUE DU FOYER VERSAILLAIS,1100,78000,78646,Versailles,78,,,78646000BL0294,,,320,57.05,337,,,,,,,,2,2,Appartement,56,3,,,,,,2.146987,48.791716
2021-1333171,2021-06-18,000001,Vente,280000,46,,RUE DES BOURDONNAIS,0400,78000,78646,Versailles,78,,,78646000BW0030,,,5,39.02,,,,,,,,,1,2,Appartement,38,3,,,,,,2.129529,48.794429
2021-1333179,2021-06-24,000001,Vente,1000000,93,,AV DE SAINT CLOUD,2730,78000,78646,Versailles,78,,,78646000AX0019,,,2,,8,,,,,,,,2,2,Appartement,129,4,,,,,,2.140568,48.806031
2021-1333190,2021-06-22,000001,Vente,511500,8,,ALL DES GARDES ROYALES,1136,78000,78646,Versailles,78,,,78646000AY0212,,,603,,629,,,,,,,,2,2,Appartement,70,3,,,,,,2.151214,48.802177
2021-1333190,2021-06-22,000001,Vente,511500,8,,ALL DES GARDES ROYALES,1136,78000,78646,Versailles,78,,,78646000AY0212,,,603,,629,,,,,,,,2,3,Dépendance,,0,,,,,,2.151214,48.802177
2021-1333190,2021-06-22,000001,Vente,511500,8,,ALL DES GARDES ROYALES,1136,78000,78646,Versailles,78,,,78646000AY0212,,,603,,629,,,,,,,,2,3,Dépendance,,0,,,,,,2.151214,48.802177
2021-1333192,2021-07-05,000001,Vente,627200,12,,ALL DES GARDES ROYALES,1136,78000,78646,Versailles,78,,,78646000AY0212,,,415,,440,,,,,,,,2,2,Appartement,90,3,,,,,,2.151214,48.802177
2021-1333192,2021-07-05,000001,Vente,627200,2,,ALL DES GARDES ROYALES,1136,78000,78646,Versailles,78,,,78646000AY0212,,,1211,,,,,,,,,,1,3,Dépendance,,0,,,,,,2.151214,48.802177
2021-1333192,2021-07-05,000001,Vente,627200,12,,ALL DES GARDES ROYALES,1136,78000,78646,Versailles,78,,,78646000AY0212,,,415,,440,,,,,,,,2,3,Dépendance,,0,,,,,,2.151214,48.802177
2021-1333192,2021-07-05,000001,Vente,627200,12,,ALL DES GARDES ROYALES,1136,78000,78646,Versailles,78,,,78646000AY0212,,,415,,440,,,,,,,,2,3,Dépendance,,0,,,,,,2.151214,48.802177
2021-1333194,2021-07-07,000001,Vente,100,15,,RUE DU MARECHAL GALLIENI,1812,78000,78646,Versailles,78,,,78646000AC0211,,,20,,,,,,,,,,1,3,Dépendance,,0,,,,,,2.123651,48.811068
2021-1333194,2021-07-07,000001,Vente,100,15,,RUE DU MARECHAL GALLIENI,1812,78000,78646,Versailles,78,,,78646000AC0211,,,20,,,,,,,,,,1,3,Dépendance,,0,,,,,,2.123651,48.811068
2021-1333199,2021-07-07,000001,Vente,1474400,34,,RUE DE L ORANGERIE,2110,78000,78646,Versailles,78,,,78646000BV0025,,,6,,7,,,,,,,,2,3,Dépendance,,0,,,,,,2.123448,48.799477
2021-1333199,2021-07-07,000001,Vente,1474400,34,,RUE DE L ORANGERIE,2110,78000,78646,Versailles,78,,,78646000BV0025,,,6,,7,,,,,,,,2,2,Appartement,180,7,,,,,,2.123448,48.799477
2021-1333199,2021-07-07,000001,Vente,1474400,34,,RUE DE L ORANGERIE,2110,78000,78646,Versailles,78,,,78646000BV0025,,,7,,,,,,,,,,1,3,Dépendance,,0,,,,,,2.123448,48.799477
2021-1333199,2021-07-07,000001,Vente,1474400,34,,RUE DE L ORANGERIE,2110,78000,78646,Versailles,78,,,78646000BV0025,,,6,,7,,,,,,,,2,3,Dépendance,,0,,,,,,2.123448,48.799477
2021-1333205,2021-07-08,000001,Vente,513500,28,,RUE HENRI SIMON,1330,78000,78646,Versailles,78,,,78646000AW0006,,,419,79.56,,,,,,,,,1,2,Appartement,82,3,,,,,,2.15013,48.808121
2021-1333205,2021-07-08,000001,Vente,513500,28,,RUE HENRI SIMON,1330,78000,78646,Versailles,78,,,78646000AW0006,,,1033,,,,,,,,,,1,3,Dépendance,,0,,,,,,2.15013,48.808121
2021-1333205,2021-07-08,000001,Vente,513500,28,,RUE HENRI SIMON,1330,78000,78646,Versailles,78,,,78646000AW0006,,,419,79.56,,,,,,,,,1,3,Dépendance,,0,,,,,,2.15013,48.808121
2021-1333215,2021-06-25,000001,Vente,435000,10,,RUE MONTEBELLO,1980,78000,78646,Versailles,78,,,78646000AK0034,,,7,,,,,,,,,,1,2,Appartement,54,3,,,,,,2.137627,48.812061
2021-1333215,2021-06-25,000001,Vente,435000,10,,RUE MONTEBELLO,1980,78000,78646,Versailles,78,,,78646000AK0034,,,7,,,,,,,,,,1,3,Dépendance,,0,,,,,,2.137627,48.812061
2021-1333347,2021-06-25,000001,Vente,230927,2,,RUE DE LA CATHEDRALE,0450,78000,78646,Versailles,78,,,78646000BV0055,,,21,,,,,,,,,,1,2,Appartement,30,1,,,,,,2.124573,48.799308
2021-1333364,2021-06-21,000001,Vente,17500,8,,RUE DU GENERAL PERSHING,1170,78000,78646,Versailles,78,,,78646000AS0052,,,131,,,,,,,,,,1,3,Dépendance,,0,,,,,,2.151367,48.813337
2021-1333441,2021-06-25,000001,Vente,1100000,7,,ALL DES CAPUCINS,0435,78000,78646,Versailles,78,,,78646000AM0190,,,,,,,,,,,,,0,1,Maison,180,5,S,sols,,,507,2.143602,48.823329
2021-1333441,2021-06-25,000001,Vente,1100000,7,,ALL DES CAPUCINS,0435,78000,78646,Versailles,78,,,78646000AM0190,,,,,,,,,,,,,0,4,Local industriel. commercial ou assimilé,12,0,S,sols,,,507,2.143602,48.823329
2021-1333460,2021-07-09,000001,Vente,627534,1,B,RUE SAINT LOUIS,2810,78000,78646,Versailles,78,,,78646000BV0208,,,4,,7,,,,,,,,2,2,Appartement,83,3,,,,,,2.122689,48.796074
2021-1333460,2021-07-09,000001,Vente,627534,1,B,RUE SAINT LOUIS,2810,78000,78646,Versailles,78,,,78646000BV0208,,,4,,7,,,,,,,,2,3,Dépendance,,0,,,,,,2.122689,48.796074
2021-1333518,2021-07-01,000002,Vente terrain à bâtir,5510000,77,,RUE DES CHANTIERS,0530,78000,78646,Versailles,78,,,78646000BL0470,,,,,,,,,,,,,0,,,,,S,sols,,,1929,2.144996,48.793315
2021-1333522,2021-07-09,000001,Vente,590000,42,,AV DE PARIS,2180,78000,78646,Versailles,78,,,78646000BR0090,,,32,88.16,47,,,,,,,,2,2,Appartement,88,4,,,,,,2.136908,48.799809
2021-1333522,2021-07-09,000001,Vente,590000,42,,AV DE PARIS,2180,78000,78646,Versailles,78,,,78646000BR0090,,,32,88.16,47,,,,,,,,2,3,Dépendance,,0,,,,,,2.136908,48.799809
2021-1333522,2021-07-09,000001,Vente,590000,42,,AV DE PARIS,2180,78000,78646,Versailles,78,,,78646000BR0090,,,32,88.16,47,,,,,,,,2,3,Dépendance,,0,,,,,,2.136908,48.799809
2021-1333533,2021-07-12,000001,Vente,346700,11,,RUE DE VERGENNES,3150,78000,78646,Versailles,78,,,78646000BN0015,,,1,,11,52.63,2,,,,,,3,3,Dépendance,,0,,,,,,2.138072,48.799081
2021-1333533,2021-07-12,000001,Vente,346700,11,,RUE DE VERGENNES,3150,78000,78646,Versailles,78,,,78646000BN0015,,,1,,11,52.63,2,,,,,,3,2,Appartement,52,3,,,,,,2.138072,48.799081
2021-1333533,2021-07-12,000001,Vente,346700,11,,RUE DE VERGENNES,3150,78000,78646,Versailles,78,,,78646000BN0015,,,1,,11,52.63,2,,,,,,3,3,Dépendance,,0,,,,,,2.138072,48.799081
2021-1333556,2021-07-09,000001,Vente,12000,35,,RUE HENRI SIMON,1330,78000,78646,Versailles,78,,,78646000AW0219,,,796,,,,,,,,,,1,3,Dépendance,,0,,,,,,2.147909,48.808568
2021-1333674,2021-07-09,000001,Vente en l'état futur d'achèvement,430000,44,,RUE CHAMP LAGARDE,0490,78000,78646,Versailles,78,,,78646000AY0198,,,31,,,,,,,,,,1,3,Dépendance,,0,,,,,,2.147958,48.801006
2021-1333674,2021-07-09,000001,Vente en l'état futur d'achèvement,430000,44,,RUE CHAMP LAGARDE,0490,78000,78646,Versailles,78,,,78646000AY0198,,,12,48.39,,,,,,,,,1,2,Appartement,48,2,,,,,,2.147958,48.801006
2021-1333699,2021-06-24,000001,Vente,310000,35,,BD ST ANTOINE,2690,78000,78646,Versailles,78,,,78646000AB0031,,,262,,290,,,,,,,,2,3,Dépendance,,0,,,,,,2.121628,48.817201
2021-1333699,2021-06-24,000001,Vente,310000,37,,BD ST ANTOINE,2690,78000,78646,Versailles,78,,,78646000AB0031,,,257,,,,,,,,,,1,3,Dépendance,,0,,,,,,2.121628,48.817201
2021-1333699,2021-06-24,000001,Vente,310000,35,,BD ST ANTOINE,2690,78000,78646,Versailles,78,,,78646000AB0031,,,262,,290,,,,,,,,2,2,Appartement,66,4,,,,,,2.121628,48.817201
2021-1333719,2021-07-06,000001,Vente,1146500,5,,ALL DE JARDY,1435,78000,78646,Versailles,78,,,78646000AM0292,,,,,,,,,,,,,0,1,Maison,142,6,S,sols,,,487,2.146936,48.822667
2021-1333719,2021-07-06,000001,Vente,1146500,,,ALL DE JARDY,1435,78000,78646,Versailles,78,,,78646000AM0528,,,,,,,,,,,,,0,,,,,AB,terrains a bâtir,RUE,Rue,486,2.146509,48.822568
2021-1333741,2021-07-02,000001,Vente,2500,16,,RUE DE LA PAROISSE,2190,78000,78646,Versailles,78,,,78646000AE0183,,,48,,,,,,,,,,1,2,Appartement,143,5,,,,,,2.12629,48.807774
2021-1333840,2021-07-08,000001,Vente,1510000,16,,RUE ALEXIS FOURCAULT,0130,78000,78646,Versailles,78,,,78646000AW0078,,,,,,,,,,,,,0,1,Maison,154,5,S,sols,,,371,2.153643,48.805148
2021-1333856,2021-07-02,000001,Vente,485600,21,,RUE DU MARECHAL GALLIENI,1812,78000,78646,Versailles,78,,,78646000AC0005,,,2004,,2063,,,,,,,,2,2,Appartement,51,2,,,,,,2.123201,48.811375
2021-1333856,2021-07-02,000001,Vente,485600,21,B,RUE DU MARECHAL GALLIENI,1812,78000,78646,Versailles,78,,,78646000AC0005,,,2118,,,,,,,,,,1,3,Dépendance,,0,,,,,,2.123201,48.811375
2021-1333856,2021-07-02,000001,Vente,485600,21,,RUE DU MARECHAL GALLIENI,1812,78000,78646,Versailles,78,,,78646000AC0005,,,2004,,2063,,,,,,,,2,3,Dépendance,,0,,,,,,2.123201,48.811375
2021-1333864,2021-07-05,000001,Vente,819950,1,,RUE DE L ORIENT,2130,78000,78646,Versailles,78,,,78646000BT0051,,,108,86,125,,134,,,,,,3,3,Dépendance,,0,,,,,,2.127735,48.797144
2021-1333864,2021-07-05,000001,Vente,819950,1,,RUE DE L ORIENT,2130,78000,78646,Versailles,78,,,78646000BT0051,,,108,86,125,,134,,,,,,3,3,Dépendance,,0,,,,,,2.127735,48.797144
2021-1333864,2021-07-05,000001,Vente,819950,1,,RUE DE L ORIENT,2130,78000,78646,Versailles,78,,,78646000BT0051,,,108,86,125,,134,,,,,,3,2,Appartement,86,3,,,,,,2.127735,48.797144
2021-1333865,2021-07-02,000001,Vente,432900,7,T,RUE SAINT CHARLES,2710,78000,78646,Versailles,78,,,78646000AY0191,,,22,,3,,,,,,,,2,2,Appartement,55,2,,,,,,2.148986,48.80127
2021-1333865,2021-07-02,000001,Vente,432900,7,T,RUE SAINT CHARLES,2710,78000,78646,Versailles,78,,,78646000AY0191,,,15,,,,,,,,,,1,3,Dépendance,,0,,,,,,2.148986,48.80127
2021-1333865,2021-07-02,000001,Vente,432900,7,T,RUE SAINT CHARLES,2710,78000,78646,Versailles,78,,,78646000AY0191,,,22,,3,,,,,,,,2,3,Dépendance,,0,,,,,,2.148986,48.80127
2021-1333927,2021-07-16,000001,Vente,294285,24,,RUE JACQUES LEMERCIER,1420,78000,78646,Versailles,78,,,78646000AO0020,,,130,45.03,181,,,,,,,,2,3,Dépendance,,0,,,,,,2.150001,48.814605
2021-1333927,2021-07-16,000001,Vente,294285,24,,RUE JACQUES LEMERCIER,1420,78000,78646,Versailles,78,,,78646000AO0020,,,130,45.03,181,,,,,,,,2,2,Appartement,46,2,,,,,,2.150001,48.814605
2021-1333927,2021-07-16,000001,Vente,294285,24,,RUE JACQUES LEMERCIER,1420,78000,78646,Versailles,78,,,78646000AO0020,,,248,,,,,,,,,,1,3,Dépendance,,0,,,,,,2.150001,48.814605
2021-1333934,2021-07-07,000001,Vente,420000,7,,RUE DES DEUX PORTES,0780,78000,78646,Versailles,78,,,78646000AE0260,,,54,48.71,55,48.71,93,,,,,,3,2,Appartement,72,3,,,,,,2.130361,48.805999
2021-1333944,2021-07-15,000001,Vente,330000,57,,RUE BERTHIER,0370,78000,78646,Versailles,78,,,78646000AD0287,,,15,39.52,22,,42,,,,,,3,3,Dépendance,,0,,,,,,2.132318,48.811278
2021-1333944,2021-07-15,000001,Vente,330000,57,,RUE BERTHIER,0370,78000,78646,Versailles,78,,,78646000AD0287,,,15,39.52,22,,42,,,,,,3,2,Appartement,40,3,,,,,,2.132318,48.811278
2021-1333967,2021-06-24,000001,Vente,385000,8,,RUE ALBERT JOLY,0050,78000,78646,Versailles,78,,,78646000AK0229,,,41,,53,,,,,,,,2,3,Dépendance,,0,,,,,,2.135908,48.810277
2021-1333967,2021-06-24,000001,Vente,385000,8,,RUE ALBERT JOLY,0050,78000,78646,Versailles,78,,,78646000AK0229,,,41,,53,,,,,,,,2,2,Appartement,54,3,,,,,,2.135908,48.810277
2021-1333985,2021-07-15,000001,Vente en l'état futur d'achèvement,803000,9,,RUE VAUBAN,3110,78000,78646,Versailles,78,,,78646000AY0310,,,993,,,,,,,,,,1,3,Dépendance,,0,,,,,,2.15313,48.799852
2021-1333985,2021-07-15,000001,Vente en l'état futur d'achèvement,803000,9,,RUE VAUBAN,3110,78000,78646,Versailles,78,,,78646000AY0310,,,118,,,,,,,,,,1,2,Appartement,97,5,,,,,,2.15313,48.799852
2021-1333985,2021-07-15,000001,Vente en l'état futur d'achèvement,803000,9,,RUE VAUBAN,3110,78000,78646,Versailles,78,,,78646000AY0310,,,994,,,,,,,,,,1,3,Dépendance,,0,,,,,,2.15313,48.799852
2021-1333999,2021-07-09,000001,Vente,1239150,92,,BD DE LA REINE,2520,78000,78646,Versailles,78,,,78646000AI0224,,,19,,25,,33,,,,,,3,2,Appartement,164,6,,,,,,2.138055,48.808262
2021-1333999,2021-07-09,000001,Vente,1239150,92,,BD DE LA REINE,2520,78000,78646,Versailles,78,,,78646000AI0224,,,19,,25,,33,,,,,,3,3,Dépendance,,0,,,,,,2.138055,48.808262
2021-1333999,2021-07-09,000001,Vente,1239150,92,,BD DE LA REINE,2520,78000,78646,Versailles,78,,,78646000AI0224,,,50,,,,,,,,,,1,3,Dépendance,,0,,,,,,2.138055,48.808262
2021-1334042,2021-07-02,000001,Vente,319500,21,,RUE DU VIEUX VERSAILLES,3180,78000,78646,Versailles,78,,,78646000AH0102,,,12,42.05,24,,25,,,,,,3,3,Dépendance,,0,,,,,,2.123378,48.800948
2021-1334042,2021-07-02,000001,Vente,319500,21,,RUE DU VIEUX VERSAILLES,3180,78000,78646,Versailles,78,,,78646000AH0102,,,12,42.05,24,,25,,,,,,3,3,Dépendance,,0,,,,,,2.123378,48.800948
2021-1334042,2021-07-02,000001,Vente,319500,21,,RUE DU VIEUX VERSAILLES,3180,78000,78646,Versailles,78,,,78646000AH0102,,,12,42.05,24,,25,,,,,,3,2,Appartement,39,2,,,,,,2.123378,48.800948
2021-1334087,2021-07-15,000001,Vente en l'état futur d'achèvement,770000,44,,RUE CHAMP LAGARDE,0490,78000,78646,Versailles,78,,,78646000AY0198,,,34,,,,,,,,,,1,3,Dépendance,,0,,,,,,2.147958,48.801006
2021-1334087,2021-07-15,000001,Vente en l'état futur d'achèvement,770000,44,,RUE CHAMP LAGARDE,0490,78000,78646,Versailles,78,,,78646000AY0198,,,21,,,,,,,,,,1,3,Dépendance,,0,,,,,,2.147958,48.801006
2021-1334087,2021-07-15,000001,Vente en l'état futur d'achèvement,770000,44,,RUE CHAMP LAGARDE,0490,78000,78646,Versailles,78,,,78646000AY0198,,,11,,,,,,,,,,1,2,Appartement,95,4,,,,,,2.147958,48.801006
2021-1334159,2021-07-16,000001,Vente,616250,24,B,RUE DE NOAILLES,2050,78000,78646,Versailles,78,,,78646000BR0136,,,26,68.08,,,,,,,,,1,2,Appartement,75,3,,,,,,2.13225,48.797423
2021-1334172,2021-07-13,000001,Vente,380000,67,,RUE DE MONTREUIL,2000,78000,78646,Versailles,78,,,78646000AX0230,,,61,,73,51.77,,,,,,,2,2,Appartement,50,3,,,,,,2.147038,48.80478
2021-1334172,2021-07-13,000001,Vente,380000,67,,RUE DE MONTREUIL,2000,78000,78646,Versailles,78,,,78646000AX0230,,,61,,73,51.77,,,,,,,2,3,Dépendance,,0,,,,,,2.147038,48.80478
2021-1334174,2021-07-19,000001,Vente,311600,17,T,RUE DU PONT COLBERT,2370,78000,78646,Versailles,78,,,78646000BI0022,,,506,65.14,,,,,,,,,1,2,Appartement,63,4,,,,,,2.149624,48.789909
2021-1334188,2021-07-09,000001,Vente,20000,52,T,AV DE SAINT CLOUD,2730,78000,78646,Versailles,78,,,78646000BP0260,,,490,,,,,,,,,,1,3,Dépendance,,0,,,,,,2.137262,48.804537
2021-1334189,2021-07-12,000001,Vente,692350,14,,RUE BAILLET REVIRON,0270,78000,78646,Versailles,78,,,78646000AE0096,,,11,,14,,5,,9,,,,4,3,Dépendance,,0,,,,,,2.131553,48.808172
2021-1334189,2021-07-12,000001,Vente,692350,14,,RUE BAILLET REVIRON,0270,78000,78646,Versailles,78,,,78646000AE0096,,,11,,14,,5,,9,,,,4,3,Dépendance,,0,,,,,,2.131553,48.808172
2021-1334189,2021-07-12,000001,Vente,692350,14,,RUE BAILLET REVIRON,0270,78000,78646,Versailles,78,,,78646000AE0096,,,11,,14,,5,,9,,,,4,2,Appartement,86,4,,,,,,2.131553,48.808172
2021-1334192,2021-07-12,000001,Vente,515100,39,,RUE DES ETATS GENERAUX,0980,78000,78646,Versailles,78,,,78646000BR0074,,,6,65.12,,,,,,,,,1,3,Dépendance,,0,,,,,,2.134561,48.798635
2021-1334192,2021-07-12,000001,Vente,515100,39,,RUE DES ETATS GENERAUX,0980,78000,78646,Versailles,78,,,78646000BR0074,,,6,65.12,,,,,,,,,1,2,Appartement,68,3,,,,,,2.134561,48.798635
2021-1334231,2021-07-19,000001,Vente,2119600,14,,RUE SAINTE ADELAIDE,2670,78000,78646,Versailles,78,,,78646000AD0140,,,,,,,,,,,,,0,1,Maison,84,5,S,sols,,,237,2.13053,48.810645
2021-1334231,2021-07-19,000001,Vente,2119600,14,,RUE SAINTE ADELAIDE,2670,78000,78646,Versailles,78,,,78646000AD0140,,,,,,,,,,,,,0,3,Dépendance,,0,S,sols,,,237,2.13053,48.810645
2021-1334237,2021-06-23,000001,Vente,,13,T,AV DES ETATS UNIS,0990,78000,78646,Versailles,78,,,78646000AX0041,,,12,,,,,,,,,,1,1,Maison,120,5,,,,,,2.143169,48.807306
2021-1334238,2021-06-23,000002,Vente,10,13,T,AV DES ETATS UNIS,0990,78000,78646,Versailles,78,,,78646000AX0041,,,12,,,,,,,,,,1,1,Maison,120,5,,,,,,2.143169,48.807306
2021-1334258,2021-06-30,000001,Vente,1239000,52,,RUE DE MONTREUIL,2000,78000,78646,Versailles,78,,,78646000AY0013,,,,,,,,,,,,,0,1,Maison,113,4,S,sols,,,541,2.148017,48.804338
2021-1334258,2021-06-30,000001,Vente,1239000,52,,RUE DE MONTREUIL,2000,78000,78646,Versailles,78,,,78646000AY0013,,,,,,,,,,,,,0,3,Dépendance,,0,J,jardins,POTAG,Jardin potager,759,2.148017,48.804338
2021-1334258,2021-06-30,000001,Vente,1239000,52,,RUE DE MONTREUIL,2000,78000,78646,Versailles,78,,,78646000AY0013,,,,,,,,,,,,,0,1,Maison,113,4,J,jardins,POTAG,Jardin potager,759,2.148017,48.804338
2021-1334258,2021-06-30,000001,Vente,1239000,52,,RUE DE MONTREUIL,2000,78000,78646,Versailles,78,,,78646000AY0013,,,,,,,,,,,,,0,3,Dépendance,,0,S,sols,,,541,2.148017,48.804338
2021-1334278,2021-07-02,000001,Vente,216000,17,T,RUE DU PONT COLBERT,2370,78000,78646,Versailles,78,,,78646000BI0022,,,352,,,,,,,,,,1,2,Appartement,37,2,,,,,,2.149624,48.789909
2021-1334278,2021-07-02,000001,Vente,216000,17,T,RUE DU PONT COLBERT,2370,78000,78646,Versailles,78,,,78646000BI0022,,,352,,,,,,,,,,1,3,Dépendance,,0,,,,,,2.149624,48.789909
2021-1334288,2021-07-12,000001,Vente,441750,1,,RUE JOUVENCEL,1520,78000,78646,Versailles,78,,,78646000AI0052,,,54,,,,,,,,,,1,3,Dépendance,,0,,,,,,2.132321,48.803557
2021-1334288,2021-07-12,000001,Vente,441750,1,,RUE JOUVENCEL,1520,78000,78646,Versailles,78,,,78646000AI0052,,,54,,,,,,,,,,1,2,Appartement,45,2,,,,,,2.132321,48.803557
2021-1334305,2021-07-19,000001,Vente,689000,3,,ALL DES GARDES ROYALES,1136,78000,78646,Versailles,78,,,78646000AY0212,,,194,106.58,213,,,,,,,,2,2,Appartement,104,5,,,,,,2.151214,48.802177
2021-1334305,2021-07-19,000001,Vente,689000,3,,ALL DES GARDES ROYALES,1136,78000,78646,Versailles,78,,,78646000AY0212,,,194,106.58,213,,,,,,,,2,3,Dépendance,,0,,,,,,2.151214,48.802177
2021-1334305,2021-07-19,000001,Vente,689000,2,,ALL DES GARDES ROYALES,1136,78000,78646,Versailles,78,,,78646000AY0212,,,1005,,,,,,,,,,1,3,Dépendance,,0,,,,,,2.151214,48.802177
2021-1334305,2021-07-19,000001,Vente,689000,3,,ALL DES GARDES ROYALES,1136,78000,78646,Versailles,78,,,78646000AY0212,,,194,106.58,213,,,,,,,,2,3,Dépendance,,0,,,,,,2.151214,48.802177
2021-1334315,2021-07-01,000001,Vente,3000000,17,,RUE DE LA PAROISSE,2190,78000,78646,Versailles,78,,,78646000AE0149,,,,,,,,,,,,,0,2,Appartement,79,3,S,sols,,,495,2.12737,48.808183
2021-1334315,2021-07-01,000001,Vente,3000000,17,,RUE DE LA PAROISSE,2190,78000,78646,Versailles,78,,,78646000AE0149,,,,,,,,,,,,,0,2,Appartement,55,3,S,sols,,,495,2.12737,48.808183
2021-1334315,2021-07-01,000001,Vente,3000000,17,,RUE DE LA PAROISSE,2190,78000,78646,Versailles,78,,,78646000AE0149,,,,,,,,,,,,,0,2,Appartement,43,3,S,sols,,,495,2.12737,48.808183
2021-1334315,2021-07-01,000001,Vente,3000000,17,,RUE DE LA PAROISSE,2190,78000,78646,Versailles,78,,,78646000AE0149,,,,,,,,,,,,,0,2,Appartement,103,4,S,sols,,,495,2.12737,48.808183
2021-1334315,2021-07-01,000001,Vente,3000000,17,,RUE DE LA PAROISSE,2190,78000,78646,Versailles,78,,,78646000AE0149,,,,,,,,,,,,,0,2,Appartement,48,3,S,sols,,,495,2.12737,48.808183
2021-1334315,2021-07-01,000001,Vente,3000000,17,,RUE DE LA PAROISSE,2190,78000,78646,Versailles,78,,,78646000AE0149,,,,,,,,,,,,,0,2,Appartement,35,2,S,sols,,,495,2.12737,48.808183
2021-1334315,2021-07-01,000001,Vente,3000000,17,,RUE DE LA PAROISSE,2190,78000,78646,Versailles,78,,,78646000AE0149,,,,,,,,,,,,,0,2,Appartement,43,3,S,sols,,,495,2.12737,48.808183
2021-1334315,2021-07-01,000001,Vente,3000000,17,,RUE DE LA PAROISSE,2190,78000,78646,Versailles,78,,,78646000AE0149,,,,,,,,,,,,,0,4,Local industriel. commercial ou assimilé,78,0,S,sols,,,495,2.12737,48.808183
2021-1334315,2021-07-01,000001,Vente,3000000,17,,RUE DE LA PAROISSE,2190,78000,78646,Versailles,78,,,78646000AE0149,,,,,,,,,,,,,0,2,Appartement,44,3,S,sols,,,495,2.12737,48.808183
2021-1334315,2021-07-01,000001,Vente,3000000,17,,RUE DE LA PAROISSE,2190,78000,78646,Versailles,78,,,78646000AE0149,,,,,,,,,,,,,0,4,Local industriel. commercial ou assimilé,50,0,S,sols,,,495,2.12737,48.808183
2021-1334322,2021-07-12,000001,Vente,120000,8,,AV DU GEN DE GAULLE,1143,78000,78646,Versailles,78,,,78646000AH0225,,,142,,49,,,,,,,,2,3,Dépendance,,0,,,,,,2.128298,48.801276
2021-1334322,2021-07-12,000001,Vente,120000,8,,AV DU GEN DE GAULLE,1143,78000,78646,Versailles,78,,,78646000AH0225,,,142,,49,,,,,,,,2,2,Appartement,40,1,,,,,,2.128298,48.801276
2021-1334333,2021-07-16,000001,Vente,475950,6,,RUE LOUIS HAUSSMANN,1679,78000,78646,Versailles,78,,,78646000AS0036,,,133,,,,,,,,,,1,3,Dépendance,,0,,,,,,2.147113,48.809569
2021-1334333,2021-07-16,000001,Vente,475950,8,,RUE LOUIS HAUSSMANN,1679,78000,78646,Versailles,78,,,78646000AS0036,,,192,68.75,27,,,,,,,,2,3,Dépendance,,0,,,,,,2.147113,48.809569
2021-1334333,2021-07-16,000001,Vente,475950,8,,RUE LOUIS HAUSSMANN,1679,78000,78646,Versailles,78,,,78646000AS0036,,,192,68.75,27,,,,,,,,2,2,Appartement,70,4,,,,,,2.147113,48.809569
2021-1334354,2021-07-01,000001,Vente,500,26,,RUE DU GENERAL LECLERC,1145,78000,78646,Versailles,78,,,78646000BV0080,,,89,,,,,,,,,,1,2,Appartement,81,4,,,,,,2.12633,48.798673
2021-1334362,2021-07-01,000001,Vente,345000,18,,RUE SAINTE SOPHIE,2890,78000,78646,Versailles,78,,,78646000AD0311,,,131,,,,,,,,,,1,3,Dépendance,,0,,,,,,2.133996,48.811487
2021-1334362,2021-07-01,000001,Vente,345000,18,,RUE SAINTE SOPHIE,2890,78000,78646,Versailles,78,,,78646000AD0311,,,2,63.15,60,,,,,,,,2,3,Dépendance,,0,,,,,,2.133996,48.811487
2021-1334362,2021-07-01,000001,Vente,345000,18,,RUE SAINTE SOPHIE,2890,78000,78646,Versailles,78,,,78646000AD0311,,,2,63.15,60,,,,,,,,2,2,Appartement,62,3,,,,,,2.133996,48.811487
2021-1334364,2021-07-08,000001,Vente,853155.8,14,,RUE DU PARC DE CLAGNY,2171,78000,78646,Versailles,78,,,78646000AR0002,,2,,,,,,,,,,,0,,,,,,,,,,2.140821,48.81203
2021-1334368,2021-06-28,000001,Vente,126000,93,,RUE YVES LE COZ,3210,78000,78646,Versailles,78,,,78646000BE0108,,,52,21.38,,,,,,,,,1,2,Appartement,18,2,,,,,,2.15647,48.795075
2021-1334371,2021-06-29,000001,Vente,465000,5,,RUE GIRARDON,1240,78000,78646,Versailles,78,,,78646000BD0052,,,100,,115,,132,,135,,96,75.15,7,3,Dépendance,,0,,,,,,,
2021-1334371,2021-06-29,000001,Vente,465000,5,,RUE GIRARDON,1240,78000,78646,Versailles,78,,,78646000BD0052,,,100,,115,,132,,135,,96,75.15,7,2,Appartement,76,4,,,,,,,
2021-1334371,2021-06-29,000001,Vente,465000,5,,RUE GIRARDON,1240,78000,78646,Versailles,78,,,78646000BD0052,,,100,,115,,132,,135,,96,75.15,7,3,Dépendance,,0,,,,,,,
2021-1334374,2021-06-29,000001,Vente,736150,48,,RUE CHAMP LAGARDE,0490,78000,78646,Versailles,78,,,78646000AY0196,,,19,,,,,,,,,,1,3,Dépendance,,0,,,,,,2.148301,48.801267
2021-1334374,2021-06-29,000001,Vente,736150,48,,RUE CHAMP LAGARDE,0490,78000,78646,Versailles,78,,,78646000AY0196,,,19,,,,,,,,,,1,3,Dépendance,,0,,,,,,2.148301,48.801267
2021-1334374,2021-06-29,000001,Vente,736150,48,,RUE CHAMP LAGARDE,0490,78000,78646,Versailles,78,,,78646000AY0196,,,27,,85,104.96,,,,,,,2,2,Appartement,109,3,,,,,,2.148301,48.801267
2021-1334374,2021-06-29,000001,Vente,736150,48,,RUE CHAMP LAGARDE,0490,78000,78646,Versailles,78,,,78646000AY0196,,,27,,85,104.96,,,,,,,2,3,Dépendance,,0,,,,,,2.148301,48.801267
2021-1334381,2021-07-13,000001,Vente,360000,11,,RUE DE L ABBE ROUSSEAUX,0020,78000,78646,Versailles,78,,,78646000BS0058,,,10,,,,,,,,,,1,3,Dépendance,,0,,,,,,2.136481,48.79619
2021-1334381,2021-07-13,000001,Vente,360000,11,,RUE DE L ABBE ROUSSEAUX,0020,78000,78646,Versailles,78,,,78646000BS0058,,,10,,,,,,,,,,1,2,Appartement,68,3,,,,,,2.136481,48.79619
2021-1334401,2021-07-08,000001,Vente,260000,9,,RUE DU VIEUX VERSAILLES,3180,78000,78646,Versailles,78,,,78646000AH0045,,,19,,3,38.61,,,,,,,2,2,Appartement,42,2,,,,,,2.122335,48.801337
2021-1334409,2021-07-20,000001,Vente,646200,4,,ALL DES GARDES ROYALES,1136,78000,78646,Versailles,78,,,78646000AY0212,,,148,106.46,173,,,,,,,,2,3,Dépendance,,0,,,,,,2.151214,48.802177
2021-1334409,2021-07-20,000001,Vente,646200,4,,ALL DES GARDES ROYALES,1136,78000,78646,Versailles,78,,,78646000AY0212,,,148,106.46,173,,,,,,,,2,3,Dépendance,,0,,,,,,2.151214,48.802177
2021-1334409,2021-07-20,000001,Vente,646200,4,,ALL DES GARDES ROYALES,1136,78000,78646,Versailles,78,,,78646000AY0212,,,148,106.46,173,,,,,,,,2,2,Appartement,104,5,,,,,,2.151214,48.802177
2021-1334409,2021-07-20,000001,Vente,646200,2,,ALL DES GARDES ROYALES,1136,78000,78646,Versailles,78,,,78646000AY0212,,,1024,,,,,,,,,,1,3,Dépendance,,0,,,,,,2.151214,48.802177
2021-1334416,2021-07-07,000001,Vente,400000,28,,RUE DE LA PAROISSE,2190,78000,78646,Versailles,78,,,78646000AE0188,,,7,,,,,,,,,,1,3,Dépendance,,0,,,,,,2.127676,48.807526
2021-1334416,2021-07-07,000001,Vente,400000,28,,RUE DE LA PAROISSE,2190,78000,78646,Versailles,78,,,78646000AE0188,,,26,,,,,,,,,,1,2,Appartement,70,3,,,,,,2.127676,48.807526
2021-1334416,2021-07-07,000001,Vente,400000,28,,RUE DE LA PAROISSE,2190,78000,78646,Versailles,78,,,78646000AE0188,,,27,,,,,,,,,,1,3,Dépendance,,0,,,,,,2.127676,48.807526
2021-1334440,2021-07-08,000001,Vente,219000,4,,IMP DU DEBARCADERE,0750,78000,78646,Versailles,78,,,78646000AK0253,,,103,29.28,,,,,,,,,1,2,Appartement,24,1,,,,,,2.135752,48.810093
2021-1334458,2021-06-29,000001,Vente,269650,15,,RUE ST SYMPHORIEN,2913,78000,78646,Versailles,78,,,78646000AZ0183,,,51,,,,,,,,,,1,3,Dépendance,,0,,,,,,2.157986,48.805991
2021-1334458,2021-06-29,000001,Vente,269650,15,,RUE ST SYMPHORIEN,2913,78000,78646,Versailles,78,,,78646000AZ0183,,,12,,32,,,,,,,,2,2,Appartement,45,2,,,,,,2.157986,48.805991
2021-1334458,2021-06-29,000001,Vente,269650,15,,RUE ST SYMPHORIEN,2913,78000,78646,Versailles,78,,,78646000AZ0183,,,12,,32,,,,,,,,2,3,Dépendance,,0,,,,,,2.157986,48.805991
2021-1334468,2021-07-20,000001,Vente,603000,47,,BD DE LA REINE,2520,78000,78646,Versailles,78,,,78646000AD0040,,,2,81.86,27,,28,,29,,3,,5,2,Appartement,75,3,,,,,,2.128532,48.809668
2021-1334468,2021-07-20,000001,Vente,603000,47,,BD DE LA REINE,2520,78000,78646,Versailles,78,,,78646000AD0040,,,13,,21,,24,,,,,,3,3,Dépendance,,0,,,,,,2.128532,48.809668
2021-1334468,2021-07-20,000001,Vente,603000,47,,BD DE LA REINE,2520,78000,78646,Versailles,78,,,78646000AD0040,,,13,,21,,24,,,,,,3,3,Dépendance,,0,,,,,,2.128532,48.809668
2021-1334468,2021-07-20,000001,Vente,603000,47,,BD DE LA REINE,2520,78000,78646,Versailles,78,,,78646000AD0040,,,13,,21,,24,,,,,,3,3,Dépendance,,0,,,,,,2.128532,48.809668
2021-1334468,2021-07-20,000001,Vente,603000,47,,BD DE LA REINE,2520,78000,78646,Versailles,78,,,78646000AD0040,,,13,,21,,24,,,,,,3,3,Dépendance,,0,,,,,,2.128532,48.809668
2021-1334468,2021-07-20,000001,Vente,603000,47,,BD DE LA REINE,2520,78000,78646,Versailles,78,,,78646000AD0040,,,13,,21,,24,,,,,,3,3,Dépendance,,0,,,,,,2.128532,48.809668
2021-1334473,2021-06-25,000001,Vente,1100000,13,T,AV DES ETATS UNIS,0990,78000,78646,Versailles,78,,,78646000AX0041,,,12,,6,115.56,,,,,,,2,1,Maison,120,5,,,,,,2.143169,48.807306
2021-1334473,2021-06-25,000001,Vente,1100000,11,,AV DES ETATS UNIS,0990,78000,78646,Versailles,78,,,78646000AX0493,,,129,,,,,,,,,,1,3,Dépendance,,0,,,,,,2.14304,48.80717
2021-1334478,2021-07-16,000001,Vente,360000,136,,RUE REMONT,2560,78000,78646,Versailles,78,,,78646000BI0254,,,,,,,,,,,,,0,1,Maison,51,3,S,sols,,,293,2.152512,48.789558
2021-1334478,2021-07-16,000001,Vente,360000,136,,RUE REMONT,2560,78000,78646,Versailles,78,,,78646000BI0254,,,,,,,,,,,,,0,3,Dépendance,,0,S,sols,,,293,2.152512,48.789558
2021-1334481,2021-07-13,000001,Vente,255240,4,,RUE SAINT JULIEN,2790,78000,78646,Versailles,78,,,78646000AH0004,,,4,,,,,,,,,,1,2,Appartement,31,1,,,,,,2.121962,48.802255
2021-1334482,2021-06-30,000001,Vente,500000,8,,RUE ALBERT JOLY,0050,78000,78646,Versailles,78,,,78646000AK0229,,,73,,,,,,,,,,1,3,Dépendance,,0,,,,,,2.135908,48.810277
2021-1334491,2021-06-24,000001,Vente,500920,86,,AV DE PARIS,2180,78000,78646,Versailles,78,,,78646000BN0166,,,683,79.88,715,,,,,,,,2,3,Dépendance,,0,,,,,,2.145036,48.797427
2021-1334491,2021-06-24,000001,Vente,500920,86,,AV DE PARIS,2180,78000,78646,Versailles,78,,,78646000BN0166,,,683,79.88,715,,,,,,,,2,3,Dépendance,,0,,,,,,2.145036,48.797427
2021-1334491,2021-06-24,000001,Vente,500920,86,,AV DE PARIS,2180,78000,78646,Versailles,78,,,78646000BN0166,,,683,79.88,715,,,,,,,,2,2,Appartement,78,4,,,,,,2.145036,48.797427
2021-1334491,2021-06-24,000001,Vente,500920,82,B,AV DE PARIS,2180,78000,78646,Versailles,78,,,78646000BN0166,,,1161,,,,,,,,,,1,3,Dépendance,,0,,,,,,2.145036,48.797427
2021-1334499,2021-06-25,000001,Vente,3600000,15,,RUE JOUVENCEL,1520,78000,78646,Versailles,78,,,78646000AI0034,,,,,,,,,,,,,0,4,Local industriel. commercial ou assimilé,760,0,S,sols,,,412,2.133804,48.803203
2021-1334517,2021-07-08,000001,Vente,32000,3,,AV DE PORCHEFONTAINE,2380,78000,78646,Versailles,78,,,78646000BD0157,,,25,,,,,,,,,,1,3,Dépendance,,0,,,,,,2.15451,48.797411
2021-1334517,2021-07-08,000001,Vente,32000,3,,AV DE PORCHEFONTAINE,2380,78000,78646,Versailles,78,,,78646000BD0157,,,26,,,,,,,,,,1,3,Dépendance,,0,,,,,,2.15451,48.797411
2021-1334523,2021-07-22,000001,Vente,1092550,31,,RUE LAFAYETTE,1580,78000,78646,Versailles,78,,,78646000AD0219,,,3,117.62,,,,,,,,,1,2,Appartement,130,4,,,,,,2.128612,48.812391
2021-1334576,2021-07-21,000001,Vente,572372.7,57,,RUE EXELMANS,1020,78000,78646,Versailles,78,,,78646000AC0262,,,1,,,,,,,,,,1,2,Appartement,84,3,,,,,,2.126785,48.814611
2021-1334576,2021-07-21,000001,Vente,572372.7,57,,RUE EXELMANS,1020,78000,78646,Versailles,78,,,78646000AC0262,,,204,,,,,,,,,,1,3,Dépendance,,0,,,,,,2.126785,48.814611
2021-1334576,2021-07-21,000001,Vente,572372.7,57,,RUE EXELMANS,1020,78000,78646,Versailles,78,,,78646000AC0262,,,1,,,,,,,,,,1,3,Dépendance,,0,,,,,,2.126785,48.814611
2021-1334586,2021-07-21,000001,Vente,360000,7,,RUE GEORGES GUYNEMER,1210,78000,78646,Versailles,78,,,78646000AX0211,,,,,,,,,,,,,0,1,Maison,170,8,S,sols,,,339,2.148422,48.805217
2021-1334598,2021-06-30,000001,Vente,809000,29,,RUE DU GENERAL LECLERC,1145,78000,78646,Versailles,78,,,78646000AH0172,,,8,95.33,,,,,,,,,1,2,Appartement,51,2,,,,,,2.12708,48.799142
2021-1334598,2021-06-30,000001,Vente,809000,29,,RUE DU GENERAL LECLERC,1145,78000,78646,Versailles,78,,,78646000AH0172,,,8,95.33,,,,,,,,,1,3,Dépendance,,0,,,,,,2.12708,48.799142
2021-1334602,2021-07-08,000001,Vente,505000,2,,PROM VENEZIA,3135,78000,78646,Versailles,78,,,78646000AZ0110,,,1529,,1553,,,,,,,,2,2,Appartement,118,5,,,,,,2.158672,48.8041
2021-1334602,2021-07-08,000001,Vente,505000,2,,PROM VENEZIA,3135,78000,78646,Versailles,78,,,78646000AZ0110,,,1529,,1553,,,,,,,,2,3,Dépendance,,0,,,,,,2.158672,48.8041
2021-1334602,2021-07-08,000001,Vente,505000,5,,RUE DE L ECOLE DES POSTES,0850,78000,78646,Versailles,78,,,78646000AZ0110,,,3178,,,,,,,,,,1,3,Dépendance,,0,,,,,,2.158672,48.8041
2021-1334646,2021-06-24,000001,Vente,169581,25,,RUE MONTEBELLO,1980,78000,78646,Versailles,78,,,78646000AK0018,,,136,,14,,,,,,,,2,3,Dépendance,,0,,,,,,2.138525,48.812549
2021-1334646,2021-06-24,000001,Vente,169581,25,,RUE MONTEBELLO,1980,78000,78646,Versailles,78,,,78646000AK0018,,,136,,14,,,,,,,,2,2,Appartement,6,2,,,,,,2.138525,48.812549
2021-1334646,2021-06-24,000001,Vente,169581,25,,RUE MONTEBELLO,1980,78000,78646,Versailles,78,,,78646000AK0018,,,85,,,,,,,,,,1,3,Dépendance,,0,,,,,,2.138525,48.812549
2021-1334647,2021-07-21,000001,Vente,180000,7,,RUE GEORGES GUYNEMER,1210,78000,78646,Versailles,78,,,78646000AX0211,,,,,,,,,,,,,0,1,Maison,170,8,S,sols,,,339,2.148422,48.805217
2021-1334655,2021-06-29,000001,Vente,801000,49,,AV DE PARIS,2180,78000,78646,Versailles,78,,,78646000BP0135,,,10,121.46,25,,,,,,,,2,3,Dépendance,,0,,,,,,2.140035,48.800154
2021-1334655,2021-06-29,000001,Vente,801000,49,,AV DE PARIS,2180,78000,78646,Versailles,78,,,78646000BP0135,,,10,121.46,25,,,,,,,,2,2,Appartement,124,5,,,,,,2.140035,48.800154
2021-1334655,2021-06-29,000001,Vente,801000,49,,AV DE PARIS,2180,78000,78646,Versailles,78,,,78646000BP0135,,,31,,,,,,,,,,1,3,Dépendance,,0,,,,,,2.140035,48.800154
2021-1334673,2021-07-20,000001,Vente,531000,5,,AV DE LA TRANQUILLITE,3055,78000,78646,Versailles,78,,,78646000AZ0110,,,585,,796,116.15,,,,,,,2,2,Appartement,117,5,,,,,,2.158672,48.8041
2021-1334673,2021-07-20,000001,Vente,531000,5,,RUE DE L ECOLE DES POSTES,0850,78000,78646,Versailles,78,,,78646000AZ0110,,,3383,,,,,,,,,,1,3,Dépendance,,0,,,,,,2.158672,48.8041
2021-1334673,2021-07-20,000001,Vente,531000,5,,AV DE LA TRANQUILLITE,3055,78000,78646,Versailles,78,,,78646000AZ0110,,,585,,796,116.15,,,,,,,2,3,Dépendance,,0,,,,,,2.158672,48.8041
2021-1334675,2021-07-22,000001,Vente,55000,53,,RUE EXELMANS,1020,78000,78646,Versailles,78,,,78646000AC0306,,,17169,,,,,,,,,,1,3,Dépendance,,0,,,,,,2.125764,48.813952
2021-1334675,2021-07-22,000001,Vente,55000,53,,RUE EXELMANS,1020,78000,78646,Versailles,78,,,78646000AC0306,,,17170,,,,,,,,,,1,3,Dépendance,,0,,,,,,2.125764,48.813952
2021-1334679,2021-07-13,000001,Vente,1290000,36,,RTE DE RUEIL,2660,78000,78646,Versailles,78,,,78646000AM0068,,,,,,,,,,,,,0,3,Dépendance,,0,S,sols,,,399,2.139244,48.822453
2021-1334679,2021-07-13,000001,Vente,1290000,36,,RTE DE RUEIL,2660,78000,78646,Versailles,78,,,78646000AM0068,,,,,,,,,,,,,0,1,Maison,100,6,S,sols,,,399,2.139244,48.822453
2021-1334679,2021-07-13,000001,Vente,1290000,36,,RTE DE RUEIL,2660,78000,78646,Versailles,78,,,78646000AM0068,,,,,,,,,,,,,0,1,Maison,27,1,S,sols,,,399,2.139244,48.822453
2021-1334689,2021-07-13,000001,Vente,508000,12,,AV DE PORCHEFONTAINE,2380,78000,78646,Versailles,78,,,78646000BK0021,,,1647,,,,,,,,,,1,3,Dépendance,,0,,,,,,2.152071,48.797176
2021-1334689,2021-07-13,000001,Vente,508000,12,,AV DE PORCHEFONTAINE,2380,78000,78646,Versailles,78,,,78646000BK0021,,,810,,815,,,,,,,,2,3,Dépendance,,0,,,,,,2.152071,48.797176
2021-1334689,2021-07-13,000001,Vente,508000,12,,AV DE PORCHEFONTAINE,2380,78000,78646,Versailles,78,,,78646000BK0021,,,810,,815,,,,,,,,2,2,Appartement,73,2,,,,,,2.152071,48.797176
2021-1334693,2021-07-21,000001,Vente,1450000,19,,RUE REMILLY,2530,78000,78646,Versailles,78,,,78646000AK0050,,,,,,,,,,,,,0,3,Dépendance,,0,S,sols,,,230,2.138021,48.811775
2021-1334693,2021-07-21,000001,Vente,1450000,19,,RUE REMILLY,2530,78000,78646,Versailles,78,,,78646000AK0050,,,,,,,,,,,,,0,1,Maison,35,2,S,sols,,,230,2.138021,48.811775
2021-1334693,2021-07-21,000001,Vente,1450000,19,,RUE REMILLY,2530,78000,78646,Versailles,78,,,78646000AK0050,,,,,,,,,,,,,0,1,Maison,150,6,S,sols,,,230,2.138021,48.811775
2021-1334703,2021-07-22,000001,Vente,267600,2,,AV DES ETATS UNIS,0990,78000,78646,Versailles,78,,,78646000AX0494,,,41,,45,,74,32.58,,,,,3,3,Dépendance,,0,,,,,,2.142044,48.80561
2021-1334703,2021-07-22,000001,Vente,267600,2,,AV DES ETATS UNIS,0990,78000,78646,Versailles,78,,,78646000AX0494,,,41,,45,,74,32.58,,,,,3,2,Appartement,32,2,,,,,,2.142044,48.80561
2021-1334703,2021-07-22,000001,Vente,267600,2,,AV DES ETATS UNIS,0990,78000,78646,Versailles,78,,,78646000AX0494,,,41,,45,,74,32.58,,,,,3,3,Dépendance,,0,,,,,,2.142044,48.80561
2021-1334706,2021-07-20,000001,Vente,720000,3,,RUE HARDY,1290,78000,78646,Versailles,78,,,78646000BV0012,,,8,95.18,,,,,,,,,1,2,Appartement,96,4,,,,,,2.120507,48.800173
2021-1334706,2021-07-20,000001,Vente,720000,3,,RUE HARDY,1290,78000,78646,Versailles,78,,,78646000BV0012,,,8,95.18,,,,,,,,,1,3,Dépendance,,0,,,,,,2.120507,48.800173
2021-1334706,2021-07-20,000001,Vente,720000,3,,RUE HARDY,1290,78000,78646,Versailles,78,,,78646000BV0012,,,8,95.18,,,,,,,,,1,3,Dépendance,,0,,,,,,2.120507,48.800173
2021-1334707,2021-07-23,000001,Vente,20000,1,,AV DE PORCHEFONTAINE,2380,78000,78646,Versailles,78,,,78646000BD0147,,,49,,,,,,,,,,1,3,Dépendance,,0,,,,,,2.154028,48.797563
2021-1334707,2021-07-23,000001,Vente,20000,1,,AV DE PORCHEFONTAINE,2380,78000,78646,Versailles,78,,,78646000BD0147,,,71,,,,,,,,,,1,3,Dépendance,,0,,,,,,2.154028,48.797563
2021-1334708,2021-07-22,000001,Vente,722500,8,,RUE DU GENERAL PERSHING,1170,78000,78646,Versailles,78,,,78646000AS0052,,,25,,75,,,,,,,,2,3,Dépendance,,0,,,,,,2.151367,48.813337
2021-1334708,2021-07-22,000001,Vente,722500,8,,RUE DU GENERAL PERSHING,1170,78000,78646,Versailles,78,,,78646000AS0052,,,195,,,,,,,,,,1,3,Dépendance,,0,,,,,,2.151367,48.813337
2021-1334708,2021-07-22,000001,Vente,722500,8,,RUE DU GENERAL PERSHING,1170,78000,78646,Versailles,78,,,78646000AS0052,,,194,,,,,,,,,,1,3,Dépendance,,0,,,,,,2.151367,48.813337
2021-1334708,2021-07-22,000001,Vente,722500,8,,RUE DU GENERAL PERSHING,1170,78000,78646,Versailles,78,,,78646000AS0052,,,25,,75,,,,,,,,2,2,Appartement,105,5,,,,,,2.151367,48.813337
2021-1334710,2021-07-06,000001,Vente,22000,59,B,RUE JEAN DE LA FONTAINE,1439,78000,78646,Versailles,78,,,78646000BE0086,,,22,,,,,,,,,,1,3,Dépendance,,0,,,,,,2.157108,48.794575
2021-1334714,2021-07-23,000001,Vente,486000,1,,AV DE PORCHEFONTAINE,2380,78000,78646,Versailles,78,,,78646000BD0147,,,21,68.57,,,,,,,,,1,3,Dépendance,,0,,,,,,2.154028,48.797563
2021-1334714,2021-07-23,000001,Vente,486000,1,,AV DE PORCHEFONTAINE,2380,78000,78646,Versailles,78,,,78646000BD0147,,,21,68.57,,,,,,,,,1,2,Appartement,68,3,,,,,,2.154028,48.797563
2021-1334714,2021-07-23,000001,Vente,486000,1,,AV DE PORCHEFONTAINE,2380,78000,78646,Versailles,78,,,78646000BD0147,,,65,,,,,,,,,,1,3,Dépendance,,0,,,,,,2.154028,48.797563
2021-1334714,2021-07-23,000001,Vente,486000,1,,AV DE PORCHEFONTAINE,2380,78000,78646,Versailles,78,,,78646000BD0147,,,21,68.57,,,,,,,,,1,3,Dépendance,,0,,,,,,2.154028,48.797563
2021-1334715,2021-07-15,000001,Vente,987850,35,B,RUE DU MARECHAL GALLIENI,1812,78000,78646,Versailles,78,,,78646000AC0315,,,220,108.88,,,,,,,,,1,2,Appartement,109,4,,,,,,2.123552,48.81207
2021-1334715,2021-07-15,000001,Vente,987850,35,B,RUE DU MARECHAL GALLIENI,1812,78000,78646,Versailles,78,,,78646000AC0315,,,220,108.88,,,,,,,,,1,3,Dépendance,,0,,,,,,2.123552,48.81207
2021-1334715,2021-07-15,000001,Vente,987850,35,B,RUE DU MARECHAL GALLIENI,1812,78000,78646,Versailles,78,,,78646000AC0315,,,275,,,,,,,,,,1,3,Dépendance,,0,,,,,,2.123552,48.81207
2021-1334724,2021-07-09,000001,Vente,478000,27,,RUE DU REFUGE,2510,78000,78646,Versailles,78,,,78646000AX0345,,,26,,6,,,,,,,,2,2,Appartement,65,3,,,,,,2.145064,48.803428
2021-1334724,2021-07-09,000001,Vente,478000,27,,RUE DU REFUGE,2510,78000,78646,Versailles,78,,,78646000AX0345,,,26,,6,,,,,,,,2,3,Dépendance,,0,,,,,,2.145064,48.803428
2021-1334724,2021-07-09,000001,Vente,478000,27,,RUE DU REFUGE,2510,78000,78646,Versailles,78,,,78646000AX0345,,,60,,,,,,,,,,1,3,Dépendance,,0,,,,,,2.145064,48.803428
2021-1334729,2021-06-29,000001,Vente,845000,14,,BD DE LA REPUBLIQUE,2570,78000,78646,Versailles,78,,,78646000AX0484,,,57,,66,122.54,,,,,,,2,2,Appartement,123,5,,,,,,2.147475,48.806773
2021-1334729,2021-06-29,000001,Vente,845000,28,,BD DE LESSEPS,1638,78000,78646,Versailles,78,,,78646000AX0484,,,91,,,,,,,,,,1,3,Dépendance,,0,,,,,,2.147475,48.806773
2021-1334729,2021-06-29,000001,Vente,845000,14,,BD DE LA REPUBLIQUE,2570,78000,78646,Versailles,78,,,78646000AX0484,,,57,,66,122.54,,,,,,,2,3,Dépendance,,0,,,,,,2.147475,48.806773
2021-1334731,2021-06-28,000001,Vente,375000,44,,RUE CARNOT,0440,78000,78646,Versailles,78,,,78646000AE0294,,,22,50.02,,,,,,,,,1,2,Appartement,65,2,,,,,,2.130205,48.805295
2021-1334768,2021-07-13,000001,Vente,259615,4,,RUE DE LA CEINTURE,0460,78000,78646,Versailles,78,,,78646000AW0006,,,140,,71,54.06,,,,,,,2,4,Local industriel. commercial ou assimilé,59,0,,,,,,2.15013,48.808121
2021-1334780,2021-07-23,000001,Vente,960000,15,,RUE DE LA PAROISSE,2190,78000,78646,Versailles,78,,,78646000AE0150,,,14,90.76,31,,62,,,,,,3,2,Appartement,70,3,,,,,,2.127187,48.808221
2021-1334780,2021-07-23,000001,Vente,960000,15,,RUE DE LA PAROISSE,2190,78000,78646,Versailles,78,,,78646000AE0150,,,14,90.76,31,,62,,,,,,3,3,Dépendance,,0,,,,,,2.127187,48.808221
2021-1334850,2021-06-14,000001,Vente,560000,7,,RUE EDOUARD CHARTON,0890,78000,78646,Versailles,78,,,78646000BS0011,,,52,,56,,71,,,,,,3,2,Appartement,86,4,,,,,,2.13109,48.795902
2021-1334850,2021-06-14,000001,Vente,560000,7,,RUE EDOUARD CHARTON,0890,78000,78646,Versailles,78,,,78646000BS0011,,,52,,56,,71,,,,,,3,3,Dépendance,,0,,,,,,2.13109,48.795902
2021-1334850,2021-06-14,000001,Vente,560000,7,,RUE EDOUARD CHARTON,0890,78000,78646,Versailles,78,,,78646000BS0011,,,21,,,,,,,,,,1,3,Dépendance,,0,,,,,,2.13109,48.795902
2021-1334850,2021-06-14,000001,Vente,560000,7,,RUE EDOUARD CHARTON,0890,78000,78646,Versailles,78,,,78646000BS0011,,,52,,56,,71,,,,,,3,3,Dépendance,,0,,,,,,2.13109,48.795902
2021-1334888,2021-07-23,000001,Vente,286000,3,,RUE LA QUINTINIE,2470,78000,78646,Versailles,78,,,78646000BV0008,,,32,44.67,,,,,,,,,1,2,Appartement,47,2,,,,,,2.120518,48.800311
2021-1334909,2021-07-01,000001,Vente,376000,15,,RUE DES TOURNELLES,3050,78000,78646,Versailles,78,,,78646000BT0015,,,12,56.66,,,,,,,,,1,3,Dépendance,,0,,,,,,2.127763,48.798144
2021-1334909,2021-07-01,000001,Vente,376000,15,,RUE DES TOURNELLES,3050,78000,78646,Versailles,78,,,78646000BT0015,,,12,56.66,,,,,,,,,1,2,Appartement,51,3,,,,,,2.127763,48.798144
2021-1334916,2021-07-02,000001,Vente,1660500,2,,RUE JACQUES LEMERCIER,1420,78000,78646,Versailles,78,,,78646000AO0006,,,5,183.72,,,,,,,,,1,1,Maison,160,6,,,,,,2.145786,48.815255
2021-1334924,2021-06-30,000001,Vente,301500,19,B,RUE DU PONT COLBERT,2370,78000,78646,Versailles,78,,,78646000BI0284,,,77,64.2,78,,,,,,,,2,3,Dépendance,,0,,,,,,2.151506,48.789725
2021-1334924,2021-06-30,000001,Vente,301500,19,B,RUE DU PONT COLBERT,2370,78000,78646,Versailles,78,,,78646000BI0284,,,77,64.2,78,,,,,,,,2,2,Appartement,65,4,,,,,,2.151506,48.789725
2021-1334928,2021-07-27,000001,Vente,1179200,18,B,RUE SAINTE VICTOIRE,2920,78000,78646,Versailles,78,,,78646000AD0120,,,18,,32,,8,,,,,,3,3,Dépendance,,0,,,,,,2.132058,48.810975
2021-1334928,2021-07-27,000001,Vente,1179200,18,B,RUE SAINTE VICTOIRE,2920,78000,78646,Versailles,78,,,78646000AD0120,,,18,,32,,8,,,,,,3,2,Appartement,130,5,,,,,,2.132058,48.810975
2021-1334931,2021-07-27,000001,Vente,1284350,7,,RUE DE L ERMITAGE,0940,78000,78646,Versailles,78,,,78646000AC0252,,,144,,,,,,,,,,1,2,Appartement,150,5,,,,,,2.1233,48.812962
2021-1334931,2021-07-27,000001,Vente,1284350,7,,RUE DE L ERMITAGE,0940,78000,78646,Versailles,78,,,78646000AC0252,,,105,,,,,,,,,,1,3,Dépendance,,0,,,,,,2.1233,48.812962
2021-1334933,2021-07-26,000001,Vente,445000,10,,RUE ROYALE,2648,78000,78646,Versailles,78,,,78646000BV0091,,,12,,14,,3,,,,,,3,4,Local industriel. commercial ou assimilé,115,0,,,,,,2.126872,48.798272
2021-1334954,2021-07-26,000001,Vente,1525000,33,,RUE DE LA PAROISSE,2190,78000,78646,Versailles,78,,,78646000AE0136,,,25,,8,,,,,,,,2,2,Appartement,126,4,,,,,,2.128369,48.807853
2021-1334954,2021-07-26,000001,Vente,1525000,33,,RUE DE LA PAROISSE,2190,78000,78646,Versailles,78,,,78646000AE0136,,,25,,8,,,,,,,,2,3,Dépendance,,0,,,,,,2.128369,48.807853
2021-1334954,2021-07-26,000001,Vente,1525000,33,,RUE DE LA PAROISSE,2190,78000,78646,Versailles,78,,,78646000AE0136,,,54,,7,176.03,,,,,,,2,2,Appartement,59,3,,,,,,2.128369,48.807853
2021-1334961,2021-07-13,000001,Vente,439100,28,,RUE DU GENERAL LECLERC,1145,78000,78646,Versailles,78,,,78646000BV0081,,,9,53.09,,,,,,,,,1,2,Appartement,53,3,,,,,,2.126652,48.798654
2021-1334961,2021-07-13,000001,Vente,439100,28,,RUE DU GENERAL LECLERC,1145,78000,78646,Versailles,78,,,78646000BV0081,,,9,53.09,,,,,,,,,1,3,Dépendance,,0,,,,,,2.126652,48.798654
2021-1334976,2021-07-26,000001,Vente,30000,2,B,RUE DU PARC DE CLAGNY,2171,78000,78646,Versailles,78,,,78646000AR0094,,,48,,,,,,,,,,1,3,Dépendance,,0,,,,,,2.140261,48.808704
2021-1334977,2021-07-09,000001,Vente,1145500,74,,RUE ROYALE,2648,78000,78646,Versailles,78,,,78646000BV0197,,,7,133.15,,,,,,,,,1,3,Dépendance,,0,,,,,,2.124913,48.795411
2021-1334977,2021-07-09,000001,Vente,1145500,74,,RUE ROYALE,2648,78000,78646,Versailles,78,,,78646000BV0197,,,7,133.15,,,,,,,,,1,2,Appartement,125,5,,,,,,2.124913,48.795411
2021-1334982,2021-07-08,000001,Vente,691290,8,,BD DE LA REINE,2520,78000,78646,Versailles,78,,,78646000AC0223,,,12,,2,,,,,,,,2,3,Dépendance,,0,,,,,,2.124417,48.809357
2021-1334982,2021-07-08,000001,Vente,691290,8,,BD DE LA REINE,2520,78000,78646,Versailles,78,,,78646000AC0223,,,12,,2,,,,,,,,2,2,Appartement,76,4,,,,,,2.124417,48.809357
2021-1334983,2021-07-26,000001,Vente,1090000,7,,RUE DE L ORANGERIE,2110,78000,78646,Versailles,78,,,78646000AH0026,,,22,,9,,,,,,,,2,3,Dépendance,,0,,,,,,2.121384,48.800694
2021-1334983,2021-07-26,000001,Vente,1090000,7,,RUE DE L ORANGERIE,2110,78000,78646,Versailles,78,,,78646000AH0026,,,22,,9,,,,,,,,2,2,Appartement,134,4,,,,,,2.121384,48.800694
2021-1335115,2021-07-07,000001,Vente,40000,61,,RUE D ANJOU,0190,78000,78646,Versailles,78,,,78646000BT0189,,,46,,,,,,,,,,1,3,Dépendance,,0,,,,,,2.130228,48.79637
2021-1335124,2021-07-09,000001,Vente,373000,8,,RUE MONTBAURON,1970,78000,78646,Versailles,78,,,78646000BP0258,,,37,,4,,41,,,,,,3,2,Appartement,54,3,,,,,,2.135244,48.803268
2021-1335124,2021-07-09,000001,Vente,373000,8,,RUE MONTBAURON,1970,78000,78646,Versailles,78,,,78646000BP0258,,,37,,4,,41,,,,,,3,3,Dépendance,,0,,,,,,2.135244,48.803268
2021-1335127,2021-07-09,000001,Vente,758500,8,,BD DE LA REINE,2520,78000,78646,Versailles,78,,,78646000AC0223,,,17,,5,,,,,,,,2,3,Dépendance,,0,,,,,,2.124417,48.809357
2021-1335127,2021-07-09,000001,Vente,758500,8,,BD DE LA REINE,2520,78000,78646,Versailles,78,,,78646000AC0223,,,17,,5,,,,,,,,2,2,Appartement,77,4,,,,,,2.124417,48.809357
2021-1335128,2021-06-30,000001,Vente,845000,127,,RUE YVES LE COZ,3210,78000,78646,Versailles,78,,,78646000BI0342,,,16,122.62,2,122.62,21,,22,,6,,5,1,Maison,150,6,,,,,,2.153749,48.793553
2021-1335218,2021-07-06,000001,Vente,248000,27,,RUE COSTE,0730,78000,78646,Versailles,78,,,78646000BE0086,,,17,,31,,32,,41,,56,43.49,5,2,Appartement,43,2,,,,,,2.157108,48.794575
2021-1335218,2021-07-06,000001,Vente,248000,27,,RUE COSTE,0730,78000,78646,Versailles,78,,,78646000BE0086,,,17,,31,,32,,41,,56,43.49,5,3,Dépendance,,0,,,,,,2.157108,48.794575
2021-1335270,2021-07-09,000001,Vente,640000,19,,RUE SAINTE VICTOIRE,2920,78000,78646,Versailles,78,,,78646000AD0277,,,,,,,,,,,,,0,1,Maison,160,5,S,sols,,,195,2.131698,48.81155
2021-1335273,2021-07-16,000001,Vente,214315,9,,RUE DU PONT COLBERT,2370,78000,78646,Versailles,78,,,78646000BL0422,,,387,,433,,,,,,,,2,3,Dépendance,,0,,,,,,2.147593,48.79113
2021-1335273,2021-07-16,000001,Vente,214315,9,,RUE DU PONT COLBERT,2370,78000,78646,Versailles,78,,,78646000BL0422,,,387,,433,,,,,,,,2,2,Appartement,29,1,,,,,,2.147593,48.79113
2021-1335277,2021-07-20,000001,Vente,875000,6,T,RUE DE L ERMITAGE,0940,78000,78646,Versailles,78,,,78646000AC0030,,,2,,55,,62,,,,,,3,3,Dépendance,,0,,,,,,2.124244,48.814005
2021-1335277,2021-07-20,000001,Vente,875000,6,T,RUE DE L ERMITAGE,0940,78000,78646,Versailles,78,,,78646000AC0030,,,2,,55,,62,,,,,,3,3,Dépendance,,0,,,,,,2.124244,48.814005
2021-1335277,2021-07-20,000001,Vente,875000,6,T,RUE DE L ERMITAGE,0940,78000,78646,Versailles,78,,,78646000AC0030,,,2,,55,,62,,,,,,3,2,Appartement,122,6,,,,,,2.124244,48.814005
2021-1335277,2021-07-20,000001,Vente,875000,6,,RUE DE L ERMITAGE,0940,78000,78646,Versailles,78,,,78646000AC0030,,,94,,,,,,,,,,1,3,Dépendance,,0,,,,,,2.124244,48.814005
2021-1335277,2021-07-20,000001,Vente,875000,6,,RUE DE L ERMITAGE,0940,78000,78646,Versailles,78,,,78646000AC0030,,,93,,,,,,,,,,1,3,Dépendance,,0,,,,,,2.124244,48.814005
2021-1335308,2021-07-07,000001,Vente,868150,5,,RUE DU MARECHAL GALLIENI,1812,78000,78646,Versailles,78,,,78646000AC0216,,,25,,26,,5,105.32,,,,,3,3,Dépendance,,0,,,,,,2.123648,48.810352
2021-1335308,2021-07-07,000001,Vente,868150,5,,RUE DU MARECHAL GALLIENI,1812,78000,78646,Versailles,78,,,78646000AC0216,,,25,,26,,5,105.32,,,,,3,2,Appartement,110,4,,,,,,2.123648,48.810352
2021-1335308,2021-07-07,000001,Vente,868150,5,,RUE DU MARECHAL GALLIENI,1812,78000,78646,Versailles,78,,,78646000AC0216,,,25,,26,,5,105.32,,,,,3,3,Dépendance,,0,,,,,,2.123648,48.810352
2021-1335327,2021-07-06,000001,Vente,461100,37,,RUE CARNOT,0440,78000,78646,Versailles,78,,,78646000AE0254,,,22,53.75,,,,,,,,,1,3,Dépendance,,0,,,,,,2.129987,48.805755
2021-1335327,2021-07-06,000001,Vente,461100,37,,RUE CARNOT,0440,78000,78646,Versailles,78,,,78646000AE0254,,,22,53.75,,,,,,,,,1,2,Appartement,45,1,,,,,,2.129987,48.805755
2021-1335340,2021-07-26,000001,Vente,1280000,18,,RUE DE L ORANGERIE,2110,78000,78646,Versailles,78,,,78646000BV0016,,,251,,57,141.66,68,,,,,,3,2,Appartement,140,5,,,,,,2.121671,48.800025
2021-1335340,2021-07-26,000001,Vente,1280000,18,,RUE DE L ORANGERIE,2110,78000,78646,Versailles,78,,,78646000BV0016,,,252,,,,,,,,,,1,3,Dépendance,,0,,,,,,2.121671,48.800025
2021-1335340,2021-07-26,000001,Vente,1280000,18,,RUE DE L ORANGERIE,2110,78000,78646,Versailles,78,,,78646000BV0016,,,251,,57,141.66,68,,,,,,3,3,Dépendance,,0,,,,,,2.121671,48.800025
2021-1335392,2021-07-15,000001,Vente,317000,59,,AV DES ETATS UNIS,0990,78000,78646,Versailles,78,,,78646000AS0054,,,208,,,,,,,,,,1,2,Appartement,67,4,,,,,,2.152632,48.814149
2021-1335392,2021-07-15,000001,Vente,317000,59,,AV DES ETATS UNIS,0990,78000,78646,Versailles,78,,,78646000AS0054,,,349,,,,,,,,,,1,3,Dépendance,,0,,,,,,2.152632,48.814149
2021-1335483,2021-07-15,000001,Vente,235797,2,,RUE PLOIX,2350,78000,78646,Versailles,78,,,78646000BL0278,,,2,,8,35.78,,,,,,,2,2,Appartement,36,2,,,,,,2.143031,48.793594
2021-1335483,2021-07-15,000001,Vente,235797,2,,RUE PLOIX,2350,78000,78646,Versailles,78,,,78646000BL0278,,,2,,8,35.78,,,,,,,2,3,Dépendance,,0,,,,,,2.143031,48.793594
2021-1335484,2021-07-02,000001,Vente,794300,14,,RUE GEORGES CLEMENCEAU,1200,78000,78646,Versailles,78,,,78646000AI0100,,,16,,4,,5,,6,,,,4,4,Local industriel. commercial ou assimilé,24,0,,,,,,2.132618,48.804443
2021-1335484,2021-07-02,000001,Vente,794300,14,,RUE GEORGES CLEMENCEAU,1200,78000,78646,Versailles,78,,,78646000AI0100,,,16,,4,,5,,6,,,,4,2,Appartement,71,3,,,,,,2.132618,48.804443
2021-1335484,2021-07-02,000001,Vente,794300,14,,RUE GEORGES CLEMENCEAU,1200,78000,78646,Versailles,78,,,78646000AI0100,,,16,,4,,5,,6,,,,4,3,Dépendance,,0,,,,,,2.132618,48.804443
2021-1335510,2021-07-26,000001,Vente,828000,90,,RUE D ANJOU,0190,78000,78646,Versailles,78,,,78646000BT0071,,,24,,,,,,,,,,1,3,Dépendance,,0,,,,,,2.130041,48.795585
2021-1335510,2021-07-26,000001,Vente,828000,90,,RUE D ANJOU,0190,78000,78646,Versailles,78,,,78646000BT0071,,,4,102.04,,,,,,,,,1,2,Appartement,102,4,,,,,,2.130041,48.795585
2021-1335510,2021-07-26,000001,Vente,828000,90,,RUE D ANJOU,0190,78000,78646,Versailles,78,,,78646000BT0071,,,4,102.04,,,,,,,,,1,3,Dépendance,,0,,,,,,2.130041,48.795585
2021-1335519,2021-07-13,000001,Vente,775000,11,B,IMP ADELE MULOT,0040,78000,78646,Versailles,78,,,78646000AY0268,,,,,,,,,,,,,0,1,Maison,80,3,S,sols,,,153,2.151015,48.801364
2021-1335519,2021-07-13,000001,Vente,775000,,,IMP ADELE MULOT,0040,78000,78646,Versailles,78,,,78646000AY0299,,,,,,,,,,,,,0,,,,,S,sols,,,12,2.150827,48.801312
2021-1335535,2021-07-28,000001,Vente,752900,27,B,BD DU ROI,2641,78000,78646,Versailles,78,,,78646000AC0117,,,133,,134,,152,104.62,,,,,3,2,Appartement,103,4,,,,,,2.126689,48.812877
2021-1335535,2021-07-28,000001,Vente,752900,27,B,BD DU ROI,2641,78000,78646,Versailles,78,,,78646000AC0117,,,133,,134,,152,104.62,,,,,3,3,Dépendance,,0,,,,,,2.126689,48.812877
2021-1335535,2021-07-28,000001,Vente,752900,27,B,BD DU ROI,2641,78000,78646,Versailles,78,,,78646000AC0117,,,133,,134,,152,104.62,,,,,3,3,Dépendance,,0,,,,,,2.126689,48.812877
2021-1335539,2021-07-27,000001,Vente,230000,20,,RUE DU GENERAL LECLERC,1145,78000,78646,Versailles,78,,,78646000BV0075,,,23,34.83,,,,,,,,,1,2,Appartement,40,2,,,,,,2.126175,48.798897
2021-1335647,2021-07-23,000001,Vente,420000,16,,RUE COSTE,0730,78000,78646,Versailles,78,,,78646000BK0296,,,,,,,,,,,,,0,4,Local industriel. commercial ou assimilé,90,0,S,sols,,,134,2.155043,48.795418
2021-1335650,2021-07-29,000001,Vente,435000,49,,BD DE LA REINE,2520,78000,78646,Versailles,78,,,78646000AD0041,,,20,,21,,37,,,,,,3,3,Dépendance,,0,,,,,,2.128717,48.809603
2021-1335650,2021-07-29,000001,Vente,435000,49,,BD DE LA REINE,2520,78000,78646,Versailles,78,,,78646000AD0041,,,20,,21,,37,,,,,,3,3,Dépendance,,0,,,,,,2.128717,48.809603
2021-1335650,2021-07-29,000001,Vente,435000,49,,BD DE LA REINE,2520,78000,78646,Versailles,78,,,78646000AD0041,,,20,,21,,37,,,,,,3,2,Appartement,57,3,,,,,,2.128717,48.809603
2021-1335660,2021-07-20,000001,Vente,1317050,11,,RUE NEUVE NOTRE DAME,2040,78000,78646,Versailles,78,,,78646000AE0011,,,11,,12,,30,,31,,,,4,3,Dépendance,,0,,,,,,2.127242,48.808907
2021-1335660,2021-07-20,000001,Vente,1317050,11,,RUE NEUVE NOTRE DAME,2040,78000,78646,Versailles,78,,,78646000AE0011,,,11,,12,,30,,31,,,,4,3,Dépendance,,0,,,,,,2.127242,48.808907
2021-1335660,2021-07-20,000001,Vente,1317050,11,,RUE NEUVE NOTRE DAME,2040,78000,78646,Versailles,78,,,78646000AE0011,,,11,,12,,30,,31,,,,4,2,Appartement,145,6,,,,,,2.127242,48.808907
2021-1335671,2021-07-05,000001,Vente,1115000,17,,RUE DU PARC DE CLAGNY,2171,78000,78646,Versailles,78,,,78646000AK0078,,,20,125.89,35,,,,,,,,2,3,Dépendance,,0,,,,,,2.14028,48.811308
2021-1335671,2021-07-05,000001,Vente,1115000,40,,RUE REMILLY,2530,78000,78646,Versailles,78,,,78646000AK0078,,,25,,,,,,,,,,1,3,Dépendance,,0,,,,,,2.14028,48.811308
2021-1335671,2021-07-05,000001,Vente,1115000,17,,RUE DU PARC DE CLAGNY,2171,78000,78646,Versailles,78,,,78646000AK0078,,,20,125.89,35,,,,,,,,2,2,Appartement,133,5,,,,,,2.14028,48.811308
2021-1335671,2021-07-05,000001,Vente,1115000,40,,RUE REMILLY,2530,78000,78646,Versailles,78,,,78646000AK0078,,,45,,,,,,,,,,1,3,Dépendance,,0,,,,,,2.14028,48.811308
2021-1335673,2021-07-21,000001,Vente,24000,6,,RUE LOUIS HAUSSMANN,1679,78000,78646,Versailles,78,,,78646000AS0036,,,68,,,,,,,,,,1,3,Dépendance,,0,,,,,,2.147113,48.809569
2021-1335679,2021-07-01,000001,Vente,23000,8,,AV DU GEN DE GAULLE,1143,78000,78646,Versailles,78,,,78646000AH0225,,,183,,,,,,,,,,1,3,Dépendance,,0,,,,,,2.128298,48.801276
2021-1335725,2021-07-02,000001,Vente,60000,3,,RUE DE PROVENCE,2460,78000,78646,Versailles,78,,,78646000AI0230,,,13,9.8,,,,,,,,,1,3,Dépendance,,0,,,,,,2.1393,48.806578
2021-1335742,2021-07-21,000001,Vente,590244,6,,RUE DU MAL DE LATTRE DE TASSIG,1790,78000,78646,Versailles,78,,,78646000AL0093,,,4,,54,,,,,,,,2,3,Dépendance,,0,,,,,,2.136708,48.81529
2021-1335742,2021-07-21,000001,Vente,590244,6,,RUE DU MAL DE LATTRE DE TASSIG,1790,78000,78646,Versailles,78,,,78646000AL0093,,,4,,54,,,,,,,,2,2,Appartement,77,2,,,,,,2.136708,48.81529
2021-1335742,2021-07-21,000001,Vente,590244,6,,RUE DU MAL DE LATTRE DE TASSIG,1790,78000,78646,Versailles,78,,,78646000AL0093,,,83,,,,,,,,,,1,3,Dépendance,,0,,,,,,2.136708,48.81529
2021-1335800,2021-07-29,000001,Vente,115000,31,,RUE DU HAZARD,1300,78000,78646,Versailles,78,,,78646000BT0076,,,11,30.5,12,,,,,,,,2,2,Appartement,33,2,,,,,,2.129994,48.79529
2021-1335800,2021-07-29,000001,Vente,115000,31,,RUE DU HAZARD,1300,78000,78646,Versailles,78,,,78646000BT0076,,,11,30.5,12,,,,,,,,2,3,Dépendance,,0,,,,,,2.129994,48.79529
2021-1335813,2021-07-28,000001,Vente,442000,155,,BD DE LA REINE,2520,78000,78646,Versailles,78,,,78646000AR0073,,,104,,50,68.6,,,,,,,2,2,Appartement,69,3,,,,,,2.145056,48.808479
2021-1335813,2021-07-28,000001,Vente,442000,155,,BD DE LA REINE,2520,78000,78646,Versailles,78,,,78646000AR0073,,,104,,50,68.6,,,,,,,2,3,Dépendance,,0,,,,,,2.145056,48.808479
2021-1335842,2021-07-07,000001,Vente,539850,28,,RUE HENRI DE REGNIER,1310,78000,78646,Versailles,78,,,78646000BW0157,,,14,,17,59.43,,,,,,,2,3,Dépendance,,0,,,,,,2.12639,48.79316
2021-1335842,2021-07-07,000001,Vente,539850,28,,RUE HENRI DE REGNIER,1310,78000,78646,Versailles,78,,,78646000BW0157,,,14,,17,59.43,,,,,,,2,2,Appartement,70,4,,,,,,2.12639,48.79316
2021-1335848,2021-07-20,000001,Vente,230000,2,T,RUE DU JEU DE PAUME,1490,78000,78646,Versailles,78,,,78646000AH0103,,,36,,,,,,,,,,1,2,Appartement,25,1,,,,,,2.123552,48.801086
2021-1335850,2021-07-19,000001,Vente,160500,7,,RUE DES PRES AUX BOIS,2430,78000,78646,Versailles,78,,,78646000BC0125,,,10,30.2,,,,,,,,,1,2,Appartement,30,1,,,,,,2.159314,48.799944
2021-1335850,2021-07-19,000001,Vente,160500,7,,RUE DES PRES AUX BOIS,2430,78000,78646,Versailles,78,,,78646000BC0125,,,78,,,,,,,,,,1,3,Dépendance,,0,,,,,,2.159314,48.799944
2021-1335903,2021-07-29,000001,Vente,1025930,75,,RUE DES PRES AUX BOIS,2430,78000,78646,Versailles,78,,,78646000AZ0109,,,,,,,,,,,,,0,1,Maison,83,3,S,sols,,,195,2.163554,48.804009
2021-1335903,2021-07-29,000001,Vente,1025930,75,,RUE DES PRES AUX BOIS,2430,78000,78646,Versailles,78,,,78646000AZ0109,,,,,,,,,,,,,0,3,Dépendance,,0,S,sols,,,195,2.163554,48.804009
2021-1335913,2021-07-15,000001,Vente,1793193,22,,RUE DES RESERVOIRS,2580,78000,78646,Versailles,78,,,78646000AE0175,,,2,209.78,3,,,,,,,,2,3,Dépendance,,0,,,,,,2.124804,48.807568
2021-1335913,2021-07-15,000001,Vente,1793193,22,,RUE DES RESERVOIRS,2580,78000,78646,Versailles,78,,,78646000AE0175,,,2,209.78,3,,,,,,,,2,3,Dépendance,,0,,,,,,2.124804,48.807568
2021-1335913,2021-07-15,000001,Vente,1793193,22,,RUE DES RESERVOIRS,2580,78000,78646,Versailles,78,,,78646000AE0175,,,2,209.78,3,,,,,,,,2,2,Appartement,196,6,,,,,,2.124804,48.807568
2021-1335945,2021-07-08,000001,Vente,150000,2,,BD DE LESSEPS,1638,78000,78646,Versailles,78,,,78646000AX0247,,,1,17.49,,,,,,,,,1,2,Appartement,21,1,,,,,,2.146571,48.804777
2021-1335971,2021-07-23,000001,Vente,379050,155,,BD DE LA REINE,2520,78000,78646,Versailles,78,,,78646000AR0073,,,101,,47,78.15,,,,,,,2,3,Dépendance,,0,,,,,,2.145056,48.808479
2021-1335971,2021-07-23,000001,Vente,379050,155,,BD DE LA REINE,2520,78000,78646,Versailles,78,,,78646000AR0073,,,101,,47,78.15,,,,,,,2,2,Appartement,83,4,,,,,,2.145056,48.808479
2021-1335992,2021-07-27,000001,Vente,152700,22,,RUE DE NOAILLES,2050,78000,78646,Versailles,78,,,78646000BR0134,,,24,21.42,30,,,,,,,,2,2,Appartement,21,1,,,,,,2.132465,48.797488
2021-1335992,2021-07-27,000001,Vente,152700,22,,RUE DE NOAILLES,2050,78000,78646,Versailles,78,,,78646000BR0134,,,24,21.42,30,,,,,,,,2,3,Dépendance,,0,,,,,,2.132465,48.797488
2021-1336042,2021-07-09,000001,Vente,986000,2,,RUE GABRIEL,1130,78000,78646,Versailles,78,,,78646000AD0373,,,5,,,,,,,,,,1,3,Dépendance,,0,,,,,,2.133205,48.812898
2021-1336042,2021-07-09,000001,Vente,986000,2,,RUE GABRIEL,1130,78000,78646,Versailles,78,,,78646000AD0373,,,4,,,,,,,,,,1,3,Dépendance,,0,,,,,,2.133205,48.812898
2021-1336042,2021-07-09,000001,Vente,986000,2,,RUE GABRIEL,1130,78000,78646,Versailles,78,,,78646000AD0373,,,33,120.91,9,,,,,,,,2,3,Dépendance,,0,,,,,,2.133205,48.812898
2021-1336042,2021-07-09,000001,Vente,986000,2,,RUE GABRIEL,1130,78000,78646,Versailles,78,,,78646000AD0373,,,33,120.91,9,,,,,,,,2,2,Appartement,120,5,,,,,,2.133205,48.812898
2021-1336092,2021-07-22,000001,Vente,620500,39,,RUE DE MONTREUIL,2000,78000,78646,Versailles,78,,,78646000AX0298,,,13,83.41,2,,,,,,,,2,3,Dépendance,,0,,,,,,2.144948,48.805035
2021-1336092,2021-07-22,000001,Vente,620500,39,,RUE DE MONTREUIL,2000,78000,78646,Versailles,78,,,78646000AX0298,,,13,83.41,2,,,,,,,,2,2,Appartement,83,4,,,,,,2.144948,48.805035
2021-1336092,2021-07-22,000001,Vente,620500,39,,RUE DE MONTREUIL,2000,78000,78646,Versailles,78,,,78646000AX0298,,,35,,,,,,,,,,1,3,Dépendance,,0,,,,,,2.144948,48.805035
2021-1336105,2021-07-22,000001,Vente,130000,67,,AV DE SAINT CLOUD,2730,78000,78646,Versailles,78,,,78646000AI0240,,,29,17.2,8,,,,,,,,2,2,Appartement,25,1,,,,,,2.135957,48.805822
2021-1336134,2021-07-30,000001,Vente,280000,29,,RUE MADEMOISELLE,1740,78000,78646,Versailles,78,,,78646000AD0214,,,12,41.85,40,,,,,,,,2,3,Dépendance,,0,,,,,,2.129182,48.812251
2021-1336134,2021-07-30,000001,Vente,280000,29,,RUE MADEMOISELLE,1740,78000,78646,Versailles,78,,,78646000AD0214,,,23,,,,,,,,,,1,3,Dépendance,,0,,,,,,2.129182,48.812251
2021-1336134,2021-07-30,000001,Vente,280000,29,,RUE MADEMOISELLE,1740,78000,78646,Versailles,78,,,78646000AD0214,,,12,41.85,40,,,,,,,,2,2,Appartement,41,2,,,,,,2.129182,48.812251
2021-1336138,2021-07-22,000001,Vente,206158,41,,RUE CARNOT,0440,78000,78646,Versailles,78,,,78646000AE0256,,,13,,14,24.84,,,,,,,2,2,Appartement,34,1,,,,,,2.130266,48.805608
2021-1336138,2021-07-22,000001,Vente,206158,41,,RUE CARNOT,0440,78000,78646,Versailles,78,,,78646000AE0256,,,13,,14,24.84,,,,,,,2,3,Dépendance,,0,,,,,,2.130266,48.805608
2021-1336141,2021-08-02,000001,Vente,504800,13,,RUE DU GENERAL PERSHING,1170,78000,78646,Versailles,78,,,78646000AO0068,,,113,89.38,,,,,,,,,1,2,Appartement,89,3,,,,,,2.148928,48.817113
2021-1336141,2021-08-02,000001,Vente,504800,13,,RUE DU GENERAL PERSHING,1170,78000,78646,Versailles,78,,,78646000AO0068,,,113,89.38,,,,,,,,,1,3,Dépendance,,0,,,,,,2.148928,48.817113
2021-1336141,2021-08-02,000001,Vente,504800,13,,RUE DU GENERAL PERSHING,1170,78000,78646,Versailles,78,,,78646000AO0068,,,486,,,,,,,,,,1,3,Dépendance,,0,,,,,,2.148928,48.817113
2021-1336147,2021-07-30,000001,Vente,148000,1,B,RUE RAMEAU,2490,78000,78646,Versailles,78,,,78646000AE0110,,,21,,,,,,,,,,1,2,Appartement,30,2,,,,,,2.130459,48.807381
2021-1336177,2021-08-03,000001,Vente,691400,12,,AV DE PORCHEFONTAINE,2380,78000,78646,Versailles,78,,,78646000BK0021,,,203,,229,113.81,,,,,,,2,3,Dépendance,,0,,,,,,2.152071,48.797176
2021-1336177,2021-08-03,000001,Vente,691400,12,,AV DE PORCHEFONTAINE,2380,78000,78646,Versailles,78,,,78646000BK0021,,,1787,,,,,,,,,,1,3,Dépendance,,0,,,,,,2.152071,48.797176
2021-1336177,2021-08-03,000001,Vente,691400,12,,AV DE PORCHEFONTAINE,2380,78000,78646,Versailles,78,,,78646000BK0021,,,1727,,,,,,,,,,1,3,Dépendance,,0,,,,,,2.152071,48.797176
2021-1336177,2021-08-03,000001,Vente,691400,12,,AV DE PORCHEFONTAINE,2380,78000,78646,Versailles,78,,,78646000BK0021,,,203,,229,113.81,,,,,,,2,2,Appartement,115,4,,,,,,2.152071,48.797176
2021-1336194,2021-07-26,000001,Vente,309500,20,,RUE DES TOURNELLES,3050,78000,78646,Versailles,78,,,78646000BT0025,,,38,40.86,,,,,,,,,1,2,Appartement,39,1,,,,,,2.12771,48.797665
2021-1336198,2021-07-21,000001,Vente,741600,42,B,RUE HENRI DE REGNIER,1310,78000,78646,Versailles,78,,,78646000BW0255,,,50,,,,,,,,,,1,3,Dépendance,,0,,,,,,2.127626,48.792725
2021-1336198,2021-07-21,000001,Vente,741600,42,B,RUE HENRI DE REGNIER,1310,78000,78646,Versailles,78,,,78646000BW0255,,,12,,60,83.47,82,,,,,,3,2,Appartement,84,3,,,,,,2.127626,48.792725
2021-1336198,2021-07-21,000001,Vente,741600,42,B,RUE HENRI DE REGNIER,1310,78000,78646,Versailles,78,,,78646000BW0255,,,12,,60,83.47,82,,,,,,3,3,Dépendance,,0,,,,,,2.127626,48.792725
2021-1336204,2021-07-30,000001,Vente,1010970,15,,RUE SAINTE ADELAIDE,2670,78000,78646,Versailles,78,,,78646000AD0148,,,27,105.19,33,,35,,36,105.19,,,4,2,Appartement,100,6,,,,,,2.129969,48.810932
2021-1336204,2021-07-30,000001,Vente,1010970,15,,RUE SAINTE ADELAIDE,2670,78000,78646,Versailles,78,,,78646000AD0148,,,16,,,,,,,,,,1,3,Dépendance,,0,,,,,,2.129969,48.810932
2021-1336242,2021-07-23,000001,Vente,335400,7,B,RUE L ABBE DE L EPEE,0010,78000,78646,Versailles,78,,,78646000AI0321,,,17,44.36,,,,,,,,,1,2,Appartement,51,2,,,,,,2.135671,48.806392
2021-1336253,2021-07-23,000001,Vente,80000,3,,RUE DE LIMOGES,1660,78000,78646,Versailles,78,,,78646000BR0043,,,23,10.14,,,,,,,,,1,2,Appartement,15,1,,,,,,2.132405,48.799591
2021-1336257,2021-08-02,000001,Vente,432000,52,,RUE MOLIERE,1940,78000,78646,Versailles,78,,,78646000BL0403,,,12,,,,,,,,,,1,3,Dépendance,,0,,,,,,2.150369,48.792526
2021-1336257,2021-08-02,000001,Vente,432000,126,,RUE YVES LE COZ,3210,78000,78646,Versailles,78,,,78646000BL0403,,,92,,,,,,,,,,1,3,Dépendance,,0,,,,,,2.150369,48.792526
2021-1336257,2021-08-02,000001,Vente,432000,52,,RUE MOLIERE,1940,78000,78646,Versailles,78,,,78646000BL0403,,,12,,,,,,,,,,1,2,Appartement,68,3,,,,,,2.150369,48.792526
2021-1336269,2021-07-28,000001,Vente,770945,16,,RUE DE LA PAROISSE,2190,78000,78646,Versailles,78,,,78646000AE0183,,,12,93.68,,,,,,,,,1,3,Dépendance,,0,,,,,,2.12629,48.807774
2021-1336269,2021-07-28,000001,Vente,770945,16,,RUE DE LA PAROISSE,2190,78000,78646,Versailles,78,,,78646000AE0183,,,12,93.68,,,,,,,,,1,2,Appartement,86,3,,,,,,2.12629,48.807774
2021-1336290,2021-08-03,000001,Vente,639473,136,B,AV DES ETATS UNIS,0990,78000,78646,Versailles,78,,,78646000AV0132,,,54,,,,,,,,,,1,3,Dépendance,,0,,,,,,2.15451,48.812449
2021-1336290,2021-08-03,000001,Vente,639473,136,B,AV DES ETATS UNIS,0990,78000,78646,Versailles,78,,,78646000AV0132,,,55,,,,,,,,,,1,3,Dépendance,,0,,,,,,2.15451,48.812449
2021-1336290,2021-08-03,000001,Vente,639473,136,,AV DES ETATS UNIS,0990,78000,78646,Versailles,78,,,78646000AV0132,,,2,81.33,32,,,,,,,,2,2,Appartement,82,4,,,,,,2.15451,48.812449
2021-1336290,2021-08-03,000001,Vente,639473,136,,AV DES ETATS UNIS,0990,78000,78646,Versailles,78,,,78646000AV0132,,,2,81.33,32,,,,,,,,2,3,Dépendance,,0,,,,,,2.15451,48.812449
2021-1336302,2021-07-22,000001,Vente,81000,115,,AV DE PARIS,2180,78000,78646,Versailles,78,,,78646000BC0062,,,174,15.39,,,,,,,,,1,3,Dépendance,,0,,,,,,2.157995,48.800801
2021-1336302,2021-07-22,000001,Vente,81000,115,,AV DE PARIS,2180,78000,78646,Versailles,78,,,78646000BC0062,,,299,,,,,,,,,,1,2,Appartement,130,4,,,,,,2.157995,48.800801
2021-1336302,2021-07-22,000001,Vente,81000,115,,AV DE PARIS,2180,78000,78646,Versailles,78,,,78646000BC0062,,,299,,,,,,,,,,1,3,Dépendance,,0,,,,,,2.157995,48.800801
2021-1336303,2021-07-26,000001,Vente,450000,85,,RUE DE LA BONNE AVENTURE,0390,78000,78646,Versailles,78,,,78646000AW0181,,,2,80.37,5,,,,,,,,2,2,Appartement,85,4,,,,,,2.155582,48.806865
2021-1336303,2021-07-26,000001,Vente,450000,85,,RUE DE LA BONNE AVENTURE,0390,78000,78646,Versailles,78,,,78646000AW0181,,,2,80.37,5,,,,,,,,2,3,Dépendance,,0,,,,,,2.155582,48.806865
2021-1336320,2021-07-21,000001,Vente,970000,53,,AV DE PARIS,2180,78000,78646,Versailles,78,,,78646000BP0132,,,230,,249,,,,,,,,2,2,Appartement,137,7,,,,,,2.1408,48.800274
2021-1336320,2021-07-21,000001,Vente,970000,53,,AV DE PARIS,2180,78000,78646,Versailles,78,,,78646000BP0132,,,230,,249,,,,,,,,2,3,Dépendance,,0,,,,,,2.1408,48.800274
2021-1336320,2021-07-21,000001,Vente,970000,53,,AV DE PARIS,2180,78000,78646,Versailles,78,,,78646000BP0132,,,286,,,,,,,,,,1,3,Dépendance,,0,,,,,,2.1408,48.800274
2021-1336320,2021-07-21,000001,Vente,970000,53,,AV DE PARIS,2180,78000,78646,Versailles,78,,,78646000BP0132,,,325,,,,,,,,,,1,3,Dépendance,,0,,,,,,2.1408,48.800274
2021-1336332,2021-07-16,000001,Vente,264496,10,,RUE ROYALE,2648,78000,78646,Versailles,78,,,78646000BV0091,,,18,33.32,31,,,,,,,,2,2,Appartement,35,1,,,,,,2.126872,48.798272
2021-1336332,2021-07-16,000001,Vente,264496,10,,RUE ROYALE,2648,78000,78646,Versailles,78,,,78646000BV0091,,,18,33.32,31,,,,,,,,2,3,Dépendance,,0,,,,,,2.126872,48.798272
2021-1336338,2021-07-21,000001,Vente,384000,8,,RUE MAZIERE,1880,78000,78646,Versailles,78,,,78646000AH0035,,,5,39.02,6,,,,,,,,2,3,Dépendance,,0,,,,,,2.122218,48.800544
2021-1336338,2021-07-21,000001,Vente,384000,8,,RUE MAZIERE,1880,78000,78646,Versailles,78,,,78646000AH0035,,,5,39.02,6,,,,,,,,2,2,Appartement,51,3,,,,,,2.122218,48.800544
2021-1336339,2021-08-05,000001,Vente,413968,98,,AV DE PARIS,2180,78000,78646,Versailles,78,,,78646000BK0001,,,246,,94,59.59,,,,,,,2,3,Dépendance,,0,,,,,,2.149414,48.797242
2021-1336339,2021-08-05,000001,Vente,413968,98,,AV DE PARIS,2180,78000,78646,Versailles,78,,,78646000BK0001,,,246,,94,59.59,,,,,,,2,2,Appartement,59,2,,,,,,2.149414,48.797242
2021-1336339,2021-08-05,000001,Vente,413968,98,,AV DE PARIS,2180,78000,78646,Versailles,78,,,78646000BK0001,,,535,,,,,,,,,,1,3,Dépendance,,0,,,,,,2.149414,48.797242
2021-1336341,2021-07-07,000001,Vente,1010510,41,,RUE DE LA PAROISSE,2190,78000,78646,Versailles,78,,,78646000AE0114,,,11,,18,,3,,7,81.5,,,4,3,Dépendance,,0,,,,,,2.129892,48.80746
2021-1336341,2021-07-07,000001,Vente,1010510,41,,RUE DE LA PAROISSE,2190,78000,78646,Versailles,78,,,78646000AE0114,,,63,,,,,,,,,,1,3,Dépendance,,0,,,,,,2.129892,48.80746
2021-1336341,2021-07-07,000001,Vente,1010510,41,,RUE DE LA PAROISSE,2190,78000,78646,Versailles,78,,,78646000AE0114,,,11,,18,,3,,7,81.5,,,4,2,Appartement,83,5,,,,,,2.129892,48.80746
2021-1336341,2021-07-07,000001,Vente,1010510,41,,RUE DE LA PAROISSE,2190,78000,78646,Versailles,78,,,78646000AE0114,,,11,,18,,3,,7,81.5,,,4,3,Dépendance,,0,,,,,,2.129892,48.80746
2021-1336341,2021-07-07,000001,Vente,1010510,41,,RUE DE LA PAROISSE,2190,78000,78646,Versailles,78,,,78646000AE0114,,,11,,18,,3,,7,81.5,,,4,3,Dépendance,,0,,,,,,2.129892,48.80746
2021-1336342,2021-07-27,000001,Vente,615000,6,,ALL DES GARDES ROYALES,1136,78000,78646,Versailles,78,,,78646000AY0212,,,70,91.58,89,,,,,,,,2,2,Appartement,90,4,,,,,,2.151214,48.802177
2021-1336342,2021-07-27,000001,Vente,615000,2,,ALL DES GARDES ROYALES,1136,78000,78646,Versailles,78,,,78646000AY0212,,,1098,,,,,,,,,,1,3,Dépendance,,0,,,,,,2.151214,48.802177
2021-1336342,2021-07-27,000001,Vente,615000,6,,ALL DES GARDES ROYALES,1136,78000,78646,Versailles,78,,,78646000AY0212,,,70,91.58,89,,,,,,,,2,3,Dépendance,,0,,,,,,2.151214,48.802177
2021-1336342,2021-07-27,000001,Vente,615000,6,,ALL DES GARDES ROYALES,1136,78000,78646,Versailles,78,,,78646000AY0212,,,70,91.58,89,,,,,,,,2,3,Dépendance,,0,,,,,,2.151214,48.802177
2021-1336351,2021-07-29,000001,Vente,580000,5,,RUE DE L ECOLE DES POSTES,0850,78000,78646,Versailles,78,,,78646000AZ0110,,,408,,,,,,,,,,1,3,Dépendance,,0,,,,,,2.158672,48.8041
2021-1336351,2021-07-29,000001,Vente,580000,2,,AV DE LA TRANQUILLITE,3055,78000,78646,Versailles,78,,,78646000AZ0110,,,384,,457,107.64,,,,,,,2,2,Appartement,113,3,,,,,,2.158672,48.8041
2021-1336351,2021-07-29,000001,Vente,580000,2,,AV DE LA TRANQUILLITE,3055,78000,78646,Versailles,78,,,78646000AZ0110,,,384,,457,107.64,,,,,,,2,3,Dépendance,,0,,,,,,2.158672,48.8041
2021-1336351,2021-07-29,000001,Vente,580000,2,,AV DE LA TRANQUILLITE,3055,78000,78646,Versailles,78,,,78646000AZ0110,,,384,,457,107.64,,,,,,,2,3,Dépendance,,0,,,,,,2.158672,48.8041
2021-1336355,2021-07-30,000001,Vente,263000,4,,RUE DU JEU DE PAUME,1490,78000,78646,Versailles,78,,,78646000AH0099,,,15,,8,29.63,9,,,,,,3,3,Dépendance,,0,,,,,,2.123529,48.800873
2021-1336355,2021-07-30,000001,Vente,263000,4,,RUE DU JEU DE PAUME,1490,78000,78646,Versailles,78,,,78646000AH0099,,,15,,8,29.63,9,,,,,,3,2,Appartement,38,2,,,,,,2.123529,48.800873
2021-1336371,2021-07-29,000001,Vente,1403100,41,A,AV DE SAINT CLOUD,2730,78000,78646,Versailles,78,,,78646000AI0125,,,12,183.73,,,,,,,,,1,1,Maison,194,7,,,,,,2.133122,48.805673
2021-1336371,2021-07-29,000001,Vente,1403100,41,A,AV DE SAINT CLOUD,2730,78000,78646,Versailles,78,,,78646000AI0125,,,12,183.73,,,,,,,,,1,3,Dépendance,,0,,,,,,2.133122,48.805673
2021-1336374,2021-07-30,000001,Vente,520500,8,,RUE DES CELESTINS,0470,78000,78646,Versailles,78,,,78646000BK0294,,,,,,,,,,,,,0,1,Maison,55,3,S,sols,,,90,2.153032,48.794805
2021-1336374,2021-07-30,000001,Vente,520500,8,,RUE DES CELESTINS,0470,78000,78646,Versailles,78,,,78646000BK0294,,,,,,,,,,,,,0,3,Dépendance,,0,S,sols,,,90,2.153032,48.794805
2021-1336419,2021-08-03,000001,Vente,770000,21,,RUE DU PEINTRE LEBRUN,2220,78000,78646,Versailles,78,,,78646000AE0177,,,21,,40,86.36,,,,,,,2,2,Appartement,85,1,,,,,,2.124878,48.80734
2021-1336419,2021-08-03,000001,Vente,770000,21,,RUE DU PEINTRE LEBRUN,2220,78000,78646,Versailles,78,,,78646000AE0177,,,21,,40,86.36,,,,,,,2,3,Dépendance,,0,,,,,,2.124878,48.80734
2021-1336433,2021-07-12,000001,Vente,840000,94,,RUE REMONT,2560,78000,78646,Versailles,78,,,78646000BI0276,,,,,,,,,,,,,0,1,Maison,54,4,S,sols,,,259,2.154149,48.790511
2021-1336445,2021-07-31,000001,Vente,17000,98,,AV DE PARIS,2180,78000,78646,Versailles,78,,,78646000BK0001,,,392,,,,,,,,,,1,3,Dépendance,,0,,,,,,2.149414,48.797242
2021-1336453,2021-08-05,000001,Vente,600707,50,,RUE DE LA PAROISSE,2190,78000,78646,Versailles,78,,,78646000AE0215,,,33,61.12,38,,,,,,,,2,3,Dépendance,,0,,,,,,2.129508,48.806878
2021-1336453,2021-08-05,000001,Vente,600707,50,,RUE DE LA PAROISSE,2190,78000,78646,Versailles,78,,,78646000AE0215,,,33,61.12,38,,,,,,,,2,2,Appartement,61,3,,,,,,2.129508,48.806878
2021-1336459,2021-08-05,000001,Vente,931000,7,,RUE DE L ERMITAGE,0940,78000,78646,Versailles,78,,,78646000AC0252,,,107,,120,,,,,,,,2,3,Dépendance,,0,,,,,,2.1233,48.812962
2021-1336459,2021-08-05,000001,Vente,931000,7,,RUE DE L ERMITAGE,0940,78000,78646,Versailles,78,,,78646000AC0252,,,135,116,,,,,,,,,1,2,Appartement,117,4,,,,,,2.1233,48.812962
2021-1336459,2021-08-05,000001,Vente,931000,7,,RUE DE L ERMITAGE,0940,78000,78646,Versailles,78,,,78646000AC0252,,,107,,120,,,,,,,,2,3,Dépendance,,0,,,,,,2.1233,48.812962
2021-1336459,2021-08-05,000001,Vente,931000,7,,RUE DE L ERMITAGE,0940,78000,78646,Versailles,78,,,78646000AC0252,,,135,116,,,,,,,,,1,3,Dépendance,,0,,,,,,2.1233,48.812962
2021-1336463,2021-07-28,000001,Vente,25500,13,,RUE DU GENERAL PERSHING,1170,78000,78646,Versailles,78,,,78646000AO0068,,,517,,,,,,,,,,1,3,Dépendance,,0,,,,,,2.148928,48.817113
2021-1336473,2021-07-19,000001,Vente,1675000,26,B,RUE COSTE,0730,78000,78646,Versailles,78,,,78646000BE0016,,,1,67.76,5,,,,,,,,2,4,Local industriel. commercial ou assimilé,226,0,,,,,,2.15635,48.79457
2021-1336475,2021-07-21,000001,Vente,170320,7,,RUE DE SAVOIE,2970,78000,78646,Versailles,78,,,78646000AC0201,,,5,22.2,9,,,,,,,,2,2,Appartement,21,2,,,,,,2.125058,48.811492
2021-1336508,2021-07-28,000001,Vente,215000,1,,RUE D ARTOIS,0210,78000,78646,Versailles,78,,,78646000AX0341,,,1,,9,37.81,,,,,,,2,2,Appartement,45,3,,,,,,2.144451,48.804056
2021-1336547,2021-07-23,000001,Vente,719000,4,,PL LYAUTEY,1720,78000,78646,Versailles,78,,,78646000AH0180,,,7,104.66,,,,,,,,,1,2,Appartement,113,4,,,,,,2.127876,48.800472
2021-1336550,2021-07-12,000001,Vente,299925,13,,RUE EDME FREMY,0880,78000,78646,Versailles,78,,,78646000BN0097,,,37,42.91,,,,,,,,,1,3,Dépendance,,0,,,,,,2.13884,48.79718
2021-1336550,2021-07-12,000001,Vente,299925,13,,RUE EDME FREMY,0880,78000,78646,Versailles,78,,,78646000BN0097,,,37,42.91,,,,,,,,,1,2,Appartement,43,3,,,,,,2.13884,48.79718
2021-1336550,2021-07-12,000001,Vente,299925,13,,RUE EDME FREMY,0880,78000,78646,Versailles,78,,,78646000BN0097,,,35,44.02,,,,,,,,,1,3,Dépendance,,0,,,,,,2.13884,48.79718
2021-1336550,2021-07-12,000001,Vente,299925,13,,RUE EDME FREMY,0880,78000,78646,Versailles,78,,,78646000BN0097,,,35,44.02,,,,,,,,,1,2,Appartement,43,3,,,,,,2.13884,48.79718
2021-1336557,2021-07-12,000001,Vente,140000,13,,RUE EDME FREMY,0880,78000,78646,Versailles,78,,,78646000BN0097,,,6,42.91,,,,,,,,,1,2,Appartement,42,3,,,,,,2.13884,48.79718
2021-1336557,2021-07-12,000001,Vente,140000,13,,RUE EDME FREMY,0880,78000,78646,Versailles,78,,,78646000BN0097,,,6,42.91,,,,,,,,,1,3,Dépendance,,0,,,,,,2.13884,48.79718
2021-1336566,2021-07-12,000001,Vente,912000,9,,RUE DE L ERMITAGE,0940,78000,78646,Versailles,78,,,78646000AC0273,,,14,,5,,,,,,,,2,3,Dépendance,,0,,,,,,2.122251,48.813276
2021-1336566,2021-07-12,000001,Vente,912000,9,,RUE DE L ERMITAGE,0940,78000,78646,Versailles,78,,,78646000AC0273,,,14,,5,,,,,,,,2,2,Appartement,125,5,,,,,,2.122251,48.813276
2021-1336566,2021-07-12,000001,Vente,912000,15,,RUE DE L ERMITAGE,0940,78000,78646,Versailles,78,,,78646000AC0273,,,529,,,,,,,,,,1,3,Dépendance,,0,,,,,,2.122251,48.813276
2021-1336566,2021-07-12,000001,Vente,912000,15,,RUE DE L ERMITAGE,0940,78000,78646,Versailles,78,,,78646000AC0273,,,530,,,,,,,,,,1,3,Dépendance,,0,,,,,,2.122251,48.813276
2021-1336580,2021-07-26,000001,Vente en l'état futur d'achèvement,542000,9,,RUE VAUBAN,3110,78000,78646,Versailles,78,,,78646000AY0310,,,224,,,,,,,,,,1,2,Appartement,65,3,,,,,,2.15313,48.799852
2021-1336580,2021-07-26,000001,Vente en l'état futur d'achèvement,542000,9,,RUE VAUBAN,3110,78000,78646,Versailles,78,,,78646000AY0310,,,933,,,,,,,,,,1,3,Dépendance,,0,,,,,,2.15313,48.799852
2021-1336582,2021-07-09,000001,Vente,314000,10,,RUE SAINT LOUIS,2810,78000,78646,Versailles,78,,,78646000BW0073,,,11,,,,,,,,,,1,2,Appartement,36,2,,,,,,2.123854,48.795296
2021-1336582,2021-07-09,000001,Vente,314000,10,,RUE SAINT LOUIS,2810,78000,78646,Versailles,78,,,78646000BW0073,,,11,,3,,4,,5,,,,4,3,Dépendance,,0,,,,,,2.123854,48.795296
2021-1336588,2021-07-29,000001,Vente,640000,29,B,RUE DE NOAILLES,2050,78000,78646,Versailles,78,,,78646000BS0019,,,33,,34,,35,,36,,37,,12,4,Local industriel. commercial ou assimilé,238,0,,,,,,2.133774,48.79749
2021-1336589,2021-07-13,000001,Vente,480000,14,B,RUE BENJAMIN FRANKLIN,0340,78000,78646,Versailles,78,,,78646000BR0190,,,323,,,,,,,,,,1,3,Dépendance,,0,,,,,,2.135581,48.798108
2021-1336589,2021-07-13,000001,Vente,480000,47,,RUE DES ETATS GENERAUX,0980,78000,78646,Versailles,78,,,78646000BR0190,,,8,64.02,89,,,,,,,,2,2,Appartement,63,3,,,,,,2.135581,48.798108
2021-1336599,2021-07-28,000001,Vente,325000,10,,RUE DU VIEUX VERSAILLES,3180,78000,78646,Versailles,78,,,78646000AH0032,,,55,49.89,,,,,,,,,1,2,Appartement,50,2,,,,,,2.122134,48.800766
2021-1336599,2021-07-28,000001,Vente,325000,10,,RUE DU VIEUX VERSAILLES,3180,78000,78646,Versailles,78,,,78646000AH0032,,,55,49.89,,,,,,,,,1,3,Dépendance,,0,,,,,,2.122134,48.800766
2021-1336599,2021-07-28,000001,Vente,325000,10,,RUE DU VIEUX VERSAILLES,3180,78000,78646,Versailles,78,,,78646000AH0032,,,55,49.89,,,,,,,,,1,3,Dépendance,,0,,,,,,2.122134,48.800766
2021-1336601,2021-07-05,000001,Vente,800000,6,,RUE DU MARECHAL GALLIENI,1812,78000,78646,Versailles,78,,,78646000AC0194,,,49,,66,,70,,72,,,,4,3,Dépendance,,0,,,,,,2.124471,48.810515
2021-1336601,2021-07-05,000001,Vente,800000,6,,RUE DU MARECHAL GALLIENI,1812,78000,78646,Versailles,78,,,78646000AC0194,,,3,,,,,,,,,,1,3,Dépendance,,0,,,,,,2.124471,48.810515
2021-1336601,2021-07-05,000001,Vente,800000,6,,RUE DU MARECHAL GALLIENI,1812,78000,78646,Versailles,78,,,78646000AC0194,,,49,,66,,70,,72,,,,4,2,Appartement,80,3,,,,,,2.124471,48.810515
2021-1336601,2021-07-05,000001,Vente,800000,6,,RUE DU MARECHAL GALLIENI,1812,78000,78646,Versailles,78,,,78646000AC0194,,,49,,66,,70,,72,,,,4,3,Dépendance,,0,,,,,,2.124471,48.810515
2021-1336603,2021-07-30,000001,Vente,450000,155,,BD DE LA REINE,2520,78000,78646,Versailles,78,,,78646000AR0073,,,114,,68,60.91,,,,,,,2,2,Appartement,68,3,,,,,,2.145056,48.808479
2021-1336603,2021-07-30,000001,Vente,450000,155,,BD DE LA REINE,2520,78000,78646,Versailles,78,,,78646000AR0073,,,114,,68,60.91,,,,,,,2,3,Dépendance,,0,,,,,,2.145056,48.808479
2021-1336605,2021-07-23,000001,Vente,585000,1,,AV DE PORCHEFONTAINE,2380,78000,78646,Versailles,78,,,78646000BD0147,,,20,70.06,25,,,,,,,,2,2,Appartement,60,3,,,,,,2.154028,48.797563
2021-1336605,2021-07-23,000001,Vente,585000,1,,AV DE PORCHEFONTAINE,2380,78000,78646,Versailles,78,,,78646000BD0147,,,62,,,,,,,,,,1,3,Dépendance,,0,,,,,,2.154028,48.797563
2021-1336605,2021-07-23,000001,Vente,585000,1,,AV DE PORCHEFONTAINE,2380,78000,78646,Versailles,78,,,78646000BD0147,,,20,70.06,25,,,,,,,,2,3,Dépendance,,0,,,,,,2.154028,48.797563
2021-1336605,2021-07-23,000001,Vente,585000,1,,AV DE PORCHEFONTAINE,2380,78000,78646,Versailles,78,,,78646000BD0147,,,20,70.06,25,,,,,,,,2,3,Dépendance,,0,,,,,,2.154028,48.797563
2021-1336623,2021-08-06,000001,Vente,1202522.4,12,T,RUE DE LA CHANCELLERIE,0500,78000,78646,Versailles,78,,,78646000AH0237,,,3,,,,,,,,,,1,3,Dépendance,,0,,,,,,2.12341,48.802234
2021-1336623,2021-08-06,000001,Vente,1202522.4,12,T,RUE DE LA CHANCELLERIE,0500,78000,78646,Versailles,78,,,78646000AH0237,,,3,,,,,,,,,,1,3,Dépendance,,0,,,,,,2.12341,48.802234
2021-1336623,2021-08-06,000001,Vente,1202522.4,12,T,RUE DE LA CHANCELLERIE,0500,78000,78646,Versailles,78,,,78646000AH0237,,,3,,,,,,,,,,1,3,Dépendance,,0,,,,,,2.12341,48.802234
2021-1336623,2021-08-06,000001,Vente,1202522.4,12,T,RUE DE LA CHANCELLERIE,0500,78000,78646,Versailles,78,,,78646000AH0237,,,4,,,,,,,,,,1,2,Appartement,119,5,,,,,,2.12341,48.802234
2021-1336665,2021-07-21,000001,Vente,328570,21,,BD ST ANTOINE,2690,78000,78646,Versailles,78,,,78646000AC0054,,,426,,,,,,,,,,1,3,Dépendance,,0,,,,,,2.125692,48.815948
2021-1336665,2021-07-21,000001,Vente,328570,21,,BD ST ANTOINE,2690,78000,78646,Versailles,78,,,78646000AC0054,,,25,47.16,406,,,,,,,,2,3,Dépendance,,0,,,,,,2.125692,48.815948
2021-1336665,2021-07-21,000001,Vente,328570,21,,BD ST ANTOINE,2690,78000,78646,Versailles,78,,,78646000AC0054,,,25,47.16,406,,,,,,,,2,2,Appartement,49,2,,,,,,2.125692,48.815948
2021-1336668,2021-08-05,000001,Vente,623725,2,,ALL DES GARDES ROYALES,1136,78000,78646,Versailles,78,,,78646000AY0212,,,1096,,,,,,,,,,1,3,Dépendance,,0,,,,,,2.151214,48.802177
2021-1336668,2021-08-05,000001,Vente,623725,6,,ALL DES GARDES ROYALES,1136,78000,78646,Versailles,78,,,78646000AY0212,,,64,94.1,83,,,,,,,,2,3,Dépendance,,0,,,,,,2.151214,48.802177
2021-1336668,2021-08-05,000001,Vente,623725,6,,ALL DES GARDES ROYALES,1136,78000,78646,Versailles,78,,,78646000AY0212,,,64,94.1,83,,,,,,,,2,2,Appartement,90,4,,,,,,2.151214,48.802177
2021-1336668,2021-08-05,000001,Vente,623725,6,,ALL DES GARDES ROYALES,1136,78000,78646,Versailles,78,,,78646000AY0212,,,64,94.1,83,,,,,,,,2,3,Dépendance,,0,,,,,,2.151214,48.802177
2021-1336685,2021-07-28,000001,Vente,345631,21,,RUE MONTBAURON,1970,78000,78646,Versailles,78,,,78646000AI0075,,,13,,6,43.11,,,,,,,2,3,Dépendance,,0,,,,,,2.135364,48.804519
2021-1336685,2021-07-28,000001,Vente,345631,21,,RUE MONTBAURON,1970,78000,78646,Versailles,78,,,78646000AI0075,,,13,,6,43.11,,,,,,,2,2,Appartement,43,2,,,,,,2.135364,48.804519
2021-1336716,2021-07-29,000001,Vente,340000,36,T,RUE DU PARC DE CLAGNY,2171,78000,78646,Versailles,78,,,78646000AP0143,,,3,48.74,,,,,,,,,1,2,Appartement,47,3,,,,,,2.141822,48.817063
2021-1336716,2021-07-29,000001,Vente,340000,36,T,RUE DU PARC DE CLAGNY,2171,78000,78646,Versailles,78,,,78646000AP0143,,,14,,,,,,,,,,1,3,Dépendance,,0,,,,,,2.141822,48.817063
2021-1336752,2021-07-15,000001,Vente,300000,124,,AV DE PARIS,2180,78000,78646,Versailles,78,,,78646000BK0026,,,2,,,,,,,,,,1,2,Appartement,19,1,,,,,,2.153317,48.797911
2021-1336752,2021-07-15,000001,Vente,300000,124,,AV DE PARIS,2180,78000,78646,Versailles,78,,,78646000BK0026,,,10,,,,,,,,,,1,2,Appartement,18,1,,,,,,2.153317,48.797911
2021-1336775,2021-07-15,000001,Vente,424675,3,,RUE DE L ABBE ROUSSEAUX,0020,78000,78646,Versailles,78,,,78646000BS0056,,,23,,43,74.28,,,,,,,2,3,Dépendance,,0,,,,,,2.136312,48.796463
2021-1336775,2021-07-15,000001,Vente,424675,3,,RUE DE L ABBE ROUSSEAUX,0020,78000,78646,Versailles,78,,,78646000BS0056,,,23,,43,74.28,,,,,,,2,2,Appartement,74,4,,,,,,2.136312,48.796463
2021-1336804,2021-07-27,000001,Vente,304405,1,,RUE NEUVE NOTRE DAME,2040,78000,78646,Versailles,78,,,78646000AE0161,,,21,40.01,9,,,,,,,,2,3,Dépendance,,0,,,,,,2.125537,48.808918
2021-1336804,2021-07-27,000001,Vente,304405,1,,RUE NEUVE NOTRE DAME,2040,78000,78646,Versailles,78,,,78646000AE0161,,,21,40.01,9,,,,,,,,2,2,Appartement,40,2,,,,,,2.125537,48.808918
2021-1336816,2021-08-11,000001,Vente,145000,48,,AV DE SAINT CLOUD,2730,78000,78646,Versailles,78,,,78646000AI0077,,,21,19.25,,,,,,,,,1,3,Dépendance,,0,,,,,,2.135661,48.804847
2021-1336849,2021-07-21,000001,Vente,3230000,23,B,AV CHAUCHARD,0560,78000,78646,Versailles,78,,,78646000BC0042,,,,,,,,,,,,,0,1,Maison,435,15,AG,terrains d'agrément,,,2353,2.15691,48.800563
2021-1336849,2021-07-21,000001,Vente,3230000,23,B,AV CHAUCHARD,0560,78000,78646,Versailles,78,,,78646000BC0042,,,,,,,,,,,,,0,1,Maison,435,15,S,sols,,,2003,2.15691,48.800563
2021-1336854,2021-07-30,000001,Vente,864790,4,,RUE DES CONDAMINES,0690,78000,78646,Versailles,78,,,78646000BP0118,,,15,,,,,,,,,,1,3,Dépendance,,0,,,,,,2.145399,48.801257
2021-1336854,2021-07-30,000001,Vente,864790,4,,RUE DES CONDAMINES,0690,78000,78646,Versailles,78,,,78646000BP0118,,,5,117.61,,,,,,,,,1,2,Appartement,138,4,,,,,,2.145399,48.801257
2021-1336872,2021-08-11,000001,Vente,571450,23,,RUE DU PEINTRE LEBRUN,2220,78000,78646,Versailles,78,,,78646000AE0174,,,7,64.87,,,,,,,,,1,2,Appartement,67,3,,,,,,2.125261,48.807622
2021-1336889,2021-08-06,000001,Vente,310000,19,B,RUE DU PONT COLBERT,2370,78000,78646,Versailles,78,,,78646000BI0284,,,7,64.81,,,,,,,,,1,2,Appartement,65,4,,,,,,2.151506,48.789725
2021-1336889,2021-08-06,000001,Vente,310000,19,B,RUE DU PONT COLBERT,2370,78000,78646,Versailles,78,,,78646000BI0284,,,14,,,,,,,,,,1,3,Dépendance,,0,,,,,,2.151506,48.789725
2021-1336988,2021-07-30,000001,Vente,383850,18,,RUE PHILIPPE DE DANGEAU,2255,78000,78646,Versailles,78,,,78646000AI0031,,,14,46.54,24,,,,,,,,2,2,Appartement,45,3,,,,,,2.134102,48.803212
2021-1336988,2021-07-30,000001,Vente,383850,18,,RUE PHILIPPE DE DANGEAU,2255,78000,78646,Versailles,78,,,78646000AI0031,,,14,46.54,24,,,,,,,,2,3,Dépendance,,0,,,,,,2.134102,48.803212
2021-1337016,2021-07-26,000001,Vente,840000,4,,RUE DEROISIN,0770,78000,78646,Versailles,78,,,78646000BD0096,,,,,,,,,,,,,0,1,Maison,86,4,S,sols,,,222,2.155552,48.796138
2021-1337038,2021-07-23,000001,Vente,50000,10,,RUE CARNOT,0440,78000,78646,Versailles,78,,,78646000AE0356,,,86,,,,,,,,,,1,3,Dépendance,,0,,,,,,2.125428,48.806349
2021-1337123,2021-08-09,000001,Vente,322500,56,,RUE DE MONTREUIL,2000,78000,78646,Versailles,78,,,78646000AY0016,,,16,,20,,23,,24,,33,,5,2,Appartement,53,3,,,,,,2.148463,48.80451
2021-1337123,2021-08-09,000001,Vente,322500,56,,RUE DE MONTREUIL,2000,78000,78646,Versailles,78,,,78646000AY0016,,,16,,20,,23,,24,,33,,5,3,Dépendance,,0,,,,,,2.148463,48.80451
2021-1337243,2021-07-23,000001,Vente,129000,14,,RUE DES ETATS GENERAUX,0980,78000,78646,Versailles,78,,,78646000BR0044,,,13,14.62,35,,41,,,,,,3,3,Dépendance,,0,,,,,,2.132804,48.799526
2021-1337243,2021-07-23,000001,Vente,129000,14,,RUE DES ETATS GENERAUX,0980,78000,78646,Versailles,78,,,78646000BR0044,,,13,14.62,35,,41,,,,,,3,3,Dépendance,,0,,,,,,2.132804,48.799526
2021-1337253,2021-07-27,000001,Vente en l'état futur d'achèvement,550000,17,,BD ST ANTOINE,2690,78000,78646,Versailles,78,,,78646000AC0055,,,49,,,,,,,,,,1,3,Dépendance,,0,,,,,,2.126221,48.815848
2021-1337253,2021-07-27,000001,Vente en l'état futur d'achèvement,550000,17,,BD ST ANTOINE,2690,78000,78646,Versailles,78,,,78646000AC0055,,,63,,,,,,,,,,1,3,Dépendance,,0,,,,,,2.126221,48.815848
2021-1337253,2021-07-27,000001,Vente en l'état futur d'achèvement,550000,17,,BD ST ANTOINE,2690,78000,78646,Versailles,78,,,78646000AC0055,,,21,,,,,,,,,,1,2,Appartement,80,3,,,,,,2.126221,48.815848
2021-1337253,2021-07-27,000001,Vente en l'état futur d'achèvement,550000,17,,BD ST ANTOINE,2690,78000,78646,Versailles,78,,,78646000AC0055,,,48,,,,,,,,,,1,3,Dépendance,,0,,,,,,2.126221,48.815848
2021-1337262,2021-06-11,000001,Vente,320000,8,,RUE DE LA CEINTURE,0460,78000,78646,Versailles,78,,,78646000AW0006,,,501,43.6,,,,,,,,,1,3,Dépendance,,0,,,,,,2.15013,48.808121
2021-1337262,2021-06-11,000001,Vente,320000,8,,RUE DE LA CEINTURE,0460,78000,78646,Versailles,78,,,78646000AW0006,,,501,43.6,,,,,,,,,1,2,Appartement,45,1,,,,,,2.15013,48.808121
2021-1337292,2021-08-19,000001,Vente,15000,82,B,AV DE PARIS,2180,78000,78646,Versailles,78,,,78646000BN0166,,,944,,,,,,,,,,1,3,Dépendance,,0,,,,,,2.145036,48.797427
2021-1337296,2021-08-09,000001,Vente,368350,33,T,RUE REMONT,2560,78000,78646,Versailles,78,,,78646000BE0424,,,28,54.07,4,,,,,,,,2,3,Dépendance,,0,,,,,,2.160658,48.795208
2021-1337296,2021-08-09,000001,Vente,368350,33,T,RUE REMONT,2560,78000,78646,Versailles,78,,,78646000BE0424,,,28,54.07,4,,,,,,,,2,2,Appartement,52,3,,,,,,2.160658,48.795208
2021-1337359,2021-07-30,000001,Vente en l'état futur d'achèvement,383000,9,,RUE VAUBAN,3110,78000,78646,Versailles,78,,,78646000AY0310,,,926,,,,,,,,,,1,3,Dépendance,,0,,,,,,2.15313,48.799852
2021-1337359,2021-07-30,000001,Vente en l'état futur d'achèvement,383000,9,,RUE VAUBAN,3110,78000,78646,Versailles,78,,,78646000AY0310,,,214,,,,,,,,,,1,2,Appartement,43,2,,,,,,2.15313,48.799852
2021-1337383,2021-08-23,000001,Vente,541000,23,,RUE DE SATORY,2950,78000,78646,Versailles,78,,,78646000AH0143,,,33,,34,,51,,56,,57,,5,3,Dépendance,,0,,,,,,2.125151,48.800021
2021-1337383,2021-08-23,000001,Vente,541000,23,,RUE DE SATORY,2950,78000,78646,Versailles,78,,,78646000AH0143,,,33,,34,,51,,56,,57,,5,3,Dépendance,,0,,,,,,2.125151,48.800021
2021-1337383,2021-08-23,000001,Vente,541000,23,,RUE DE SATORY,2950,78000,78646,Versailles,78,,,78646000AH0143,,,33,,34,,51,,56,,57,,5,2,Appartement,62,3,,,,,,2.125151,48.800021
2021-1337383,2021-08-23,000001,Vente,541000,23,,RUE DE SATORY,2950,78000,78646,Versailles,78,,,78646000AH0143,,,33,,34,,51,,56,,57,,5,3,Dépendance,,0,,,,,,2.125151,48.800021
2021-1337383,2021-08-23,000001,Vente,541000,23,,RUE DE SATORY,2950,78000,78646,Versailles,78,,,78646000AH0143,,,33,,34,,51,,56,,57,,5,3,Dépendance,,0,,,,,,2.125151,48.800021
2021-1337383,2021-08-23,000001,Vente,541000,23,,RUE DE SATORY,2950,78000,78646,Versailles,78,,,78646000AH0143,,,33,,34,,51,,56,,57,,5,3,Dépendance,,0,,,,,,2.125151,48.800021
2021-1337395,2021-08-24,000001,Vente,527700,1,,PROM MONA LISA,1965,78000,78646,Versailles,78,,,78646000AZ0110,,,2555,,2608,117.05,,,,,,,2,2,Appartement,118,5,,,,,,2.158672,48.8041
2021-1337395,2021-08-24,000001,Vente,527700,1,,PROM MONA LISA,1965,78000,78646,Versailles,78,,,78646000AZ0110,,,2555,,2608,117.05,,,,,,,2,3,Dépendance,,0,,,,,,2.158672,48.8041
2021-1337395,2021-08-24,000001,Vente,527700,5,,RUE DE L ECOLE DES POSTES,0850,78000,78646,Versailles,78,,,78646000AZ0110,,,3708,,,,,,,,,,1,3,Dépendance,,0,,,,,,2.158672,48.8041
2021-1337411,2021-08-18,000001,Vente,359620,20,B,RUE RACINE,2480,78000,78646,Versailles,78,,,78646000BL0246,,,1,,6,49.87,,,,,,,2,2,Appartement,59,3,,,,,,2.146775,48.793162
2021-1337411,2021-08-18,000001,Vente,359620,20,B,RUE RACINE,2480,78000,78646,Versailles,78,,,78646000BL0246,,,1,,6,49.87,,,,,,,2,3,Dépendance,,0,,,,,,2.146775,48.793162
2021-1337411,2021-08-18,000001,Vente,359620,20,B,RUE RACINE,2480,78000,78646,Versailles,78,,,78646000BL0246,,,1,,6,49.87,,,,,,,2,3,Dépendance,,0,,,,,,2.146775,48.793162
2021-1337449,2021-08-03,000001,Vente,340000,42,B,RUE HENRI DE REGNIER,1310,78000,78646,Versailles,78,,,78646000BW0255,,,25,,72,53.32,,,,,,,2,2,Appartement,52,2,,,,,,2.127626,48.792725
2021-1337449,2021-08-03,000001,Vente,340000,42,B,RUE HENRI DE REGNIER,1310,78000,78646,Versailles,78,,,78646000BW0255,,,25,,72,53.32,,,,,,,2,3,Dépendance,,0,,,,,,2.127626,48.792725
2021-1337449,2021-08-03,000001,Vente,340000,42,B,RUE HENRI DE REGNIER,1310,78000,78646,Versailles,78,,,78646000BW0255,,,34,,,,,,,,,,1,3,Dépendance,,0,,,,,,2.127626,48.792725
2021-1337507,2021-08-04,000001,Vente,2350000,34,T,AV DU MAL DOUGLAS HAIG,1795,78000,78646,Versailles,78,,,78646000AM0563,,,,,,,,,,,,,0,3,Dépendance,,0,S,sols,,,1367,2.146751,48.821338
2021-1337507,2021-08-04,000001,Vente,2350000,34,T,AV DU MAL DOUGLAS HAIG,1795,78000,78646,Versailles,78,,,78646000AM0563,,,,,,,,,,,,,0,2,Appartement,239,5,S,sols,,,1367,2.146751,48.821338
2021-1337507,2021-08-04,000001,Vente,2350000,34,T,AV DU MAL DOUGLAS HAIG,1795,78000,78646,Versailles,78,,,78646000AM0563,,,,,,,,,,,,,0,3,Dépendance,,0,S,sols,,,1367,2.146751,48.821338
2021-1337507,2021-08-04,000001,Vente,2350000,34,T,AV DU MAL DOUGLAS HAIG,1795,78000,78646,Versailles,78,,,78646000AM0563,,,,,,,,,,,,,0,2,Appartement,70,3,S,sols,,,1367,2.146751,48.821338
2021-1337530,2021-08-13,000001,Vente,342350,69,,AV DE PARIS,2180,78000,78646,Versailles,78,,,78646000BO0037,,,13,,14,,,,,,,,2,3,Dépendance,,0,,,,,,2.143326,48.799356
2021-1337530,2021-08-13,000001,Vente,342350,69,,AV DE PARIS,2180,78000,78646,Versailles,78,,,78646000BO0037,,,13,,14,,,,,,,,2,2,Appartement,50,2,,,,,,2.143326,48.799356
2021-1337611,2021-08-04,000001,Vente,50000,53,,RUE EXELMANS,1020,78000,78646,Versailles,78,,,78646000AC0306,,,17129,,,,,,,,,,1,4,Local industriel. commercial ou assimilé,14,0,,,,,,2.125764,48.813952
2021-1337611,2021-08-04,000001,Vente,50000,53,,RUE EXELMANS,1020,78000,78646,Versailles,78,,,78646000AC0306,,,17128,,,,,,,,,,1,4,Local industriel. commercial ou assimilé,12,0,,,,,,2.125764,48.813952
2021-1337611,2021-08-04,000001,Vente,50000,53,,RUE EXELMANS,1020,78000,78646,Versailles,78,,,78646000AC0306,,,17125,,,,,,,,,,1,4,Local industriel. commercial ou assimilé,12,0,,,,,,2.125764,48.813952
2021-1337615,2021-08-24,000001,Vente,1030000,2,,RUE DE LA CATHEDRALE,0450,78000,78646,Versailles,78,,,78646000BV0055,,,29,123.37,62,,,,,,,,2,2,Appartement,123,6,,,,,,2.124573,48.799308
2021-1337649,2021-07-29,000001,Vente,290000,3,,AV DE PORCHEFONTAINE,2380,78000,78646,Versailles,78,,,78646000BD0157,,,195,,,,,,,,,,1,4,Local industriel. commercial ou assimilé,63,0,,,,,,2.15451,48.797411
2021-1337691,2021-07-29,000001,Vente,410000,6,,RUE DE MOUCHY,2010,78000,78646,Versailles,78,,,78646000AD0483,,,4,59.61,,,,,,,,,1,4,Local industriel. commercial ou assimilé,60,0,,,,,,2.127332,48.810066
2021-1337717,2021-08-03,000001,Vente,260000,80,,AV DES ETATS UNIS,0990,78000,78646,Versailles,78,,,78646000AV0251,,,13,45.63,,,,,,,,,1,2,Appartement,44,2,,,,,,2.149207,48.809669
2021-1337747,2021-08-25,000001,Vente,1325000,71,,BD DE LA REINE,2520,78000,78646,Versailles,78,,,78646000AD0420,,,11,145.67,17,,18,,,,,,3,2,Appartement,132,6,,,,,,2.131594,48.809367
2021-1337747,2021-08-25,000001,Vente,1325000,71,,BD DE LA REINE,2520,78000,78646,Versailles,78,,,78646000AD0420,,,11,145.67,17,,18,,,,,,3,3,Dépendance,,0,,,,,,2.131594,48.809367
2021-1337753,2021-08-25,000001,Vente,907000,41,,AV DE VILLENEUVE L ETANG,3200,78000,78646,Versailles,78,,,78646000AO0163,,,,,,,,,,,,,0,1,Maison,84,4,S,sols,,,358,2.147584,48.817427
2021-1337759,2021-08-24,000001,Vente,150500,36,,RUE DES RESERVOIRS,2580,78000,78646,Versailles,78,,,78646000AE0402,,,29,15.9,,,,,,,,,1,3,Dépendance,,0,,,,,,2.125799,48.809109
2021-1337773,2021-08-03,000001,Vente,228000,24,,BD DE LA REINE,2520,78000,78646,Versailles,78,,,78646000AE0009,,,13,,,,,,,,,,1,2,Appartement,54,3,,,,,,2.126662,48.809135
2021-1337773,2021-08-03,000001,Vente,228000,24,,BD DE LA REINE,2520,78000,78646,Versailles,78,,,78646000AE0009,,,13,,,,,,,,,,1,3,Dépendance,,0,,,,,,2.126662,48.809135
2021-1337773,2021-08-03,000001,Vente,228000,24,,BD DE LA REINE,2520,78000,78646,Versailles,78,,,78646000AE0009,,,28,29.4,,,,,,,,,1,2,Appartement,45,3,,,,,,2.126662,48.809135
2021-1337780,2021-07-29,000001,Vente,630000,9,,AV DE SAINT CLOUD,2730,78000,78646,Versailles,78,,,78646000AE0311,,,105,18.88,,,,,,,,,1,2,Appartement,70,3,,,,,,2.128848,48.805199
2021-1337792,2021-07-29,000002,Vente,590000,8,,CHE DU CORDON,0710,78000,78646,Versailles,78,,,78646000BE0504,,,,,,,,,,,,,0,,,,,S,sols,,,293,2.162706,48.797381
2021-1337882,2021-08-05,000001,Vente,440000,2,,PL ROYALE,2650,78000,78646,Versailles,78,,,78646000AZ0110,,,1068,,1154,79.58,,,,,,,2,3,Dépendance,,0,,,,,,2.158672,48.8041
2021-1337882,2021-08-05,000001,Vente,440000,5,,RUE DE L ECOLE DES POSTES,0850,78000,78646,Versailles,78,,,78646000AZ0110,,,3089,,,,,,,,,,1,3,Dépendance,,0,,,,,,2.158672,48.8041
2021-1337882,2021-08-05,000001,Vente,440000,2,,PL ROYALE,2650,78000,78646,Versailles,78,,,78646000AZ0110,,,1068,,1154,79.58,,,,,,,2,2,Appartement,81,3,,,,,,2.158672,48.8041
2021-1337895,2021-08-19,000001,Vente,220000,2,,RUE DE L ERMITAGE,0940,78000,78646,Versailles,78,,,78646000AC0321,,,109,,,,,,,,,,1,3,Dépendance,,0,,,,,,2.124532,48.813139
2021-1337895,2021-08-19,000001,Vente,220000,5,,RUE EXELMANS,1020,78000,78646,Versailles,78,,,78646000AC0321,,,93,25.51,,,,,,,,,1,2,Appartement,24,1,,,,,,2.124532,48.813139
2021-1337902,2021-08-23,000001,Vente,499242,30,,PROM MONA LISA,1965,78000,78646,Versailles,78,,,78646000AZ0110,,,2066,,2074,,,,,,,,2,2,Appartement,102,4,,,,,,2.158672,48.8041
2021-1337902,2021-08-23,000001,Vente,499242,5,,RUE DE L ECOLE DES POSTES,0850,78000,78646,Versailles,78,,,78646000AZ0110,,,3953,,,,,,,,,,1,3,Dépendance,,0,,,,,,2.158672,48.8041
2021-1337902,2021-08-23,000001,Vente,499242,30,,PROM MONA LISA,1965,78000,78646,Versailles,78,,,78646000AZ0110,,,2066,,2074,,,,,,,,2,3,Dépendance,,0,,,,,,2.158672,48.8041
2021-1337957,2021-08-27,000001,Vente,750000,36,,RUE DE L ORANGERIE,2110,78000,78646,Versailles,78,,,78646000BV0026,,,109,95.1,129,,13,,,,,,3,3,Dépendance,,0,,,,,,2.123689,48.799398
2021-1337957,2021-08-27,000001,Vente,750000,36,,RUE DE L ORANGERIE,2110,78000,78646,Versailles,78,,,78646000BV0026,,,109,95.1,129,,13,,,,,,3,2,Appartement,93,4,,,,,,2.123689,48.799398
2021-1337957,2021-08-27,000001,Vente,750000,36,,RUE DE L ORANGERIE,2110,78000,78646,Versailles,78,,,78646000BV0026,,,109,95.1,129,,13,,,,,,3,3,Dépendance,,0,,,,,,2.123689,48.799398
2021-1337964,2021-08-27,000001,Vente,1250400,15,,RUE COLBERT,0630,78000,78646,Versailles,78,,,78646000AE0336,,,12,,43,140.53,44,,46,,55,,11,3,Dépendance,,0,,,,,,2.126601,48.805183
2021-1337964,2021-08-27,000001,Vente,1250400,15,,RUE COLBERT,0630,78000,78646,Versailles,78,,,78646000AE0336,,,12,,43,140.53,44,,46,,55,,11,2,Appartement,148,6,,,,,,2.126601,48.805183
2021-1337964,2021-08-27,000001,Vente,1250400,15,,RUE COLBERT,0630,78000,78646,Versailles,78,,,78646000AE0336,,,12,,43,140.53,44,,46,,55,,11,3,Dépendance,,0,,,,,,2.126601,48.805183
2021-1337971,2021-08-25,000001,Vente,1073275,23,,RUE DES RESERVOIRS,2580,78000,78646,Versailles,78,,,78646000AC0231,,,18,,28,,67,,8,,,,4,3,Dépendance,,0,,,,,,2.12459,48.809112
2021-1337971,2021-08-25,000001,Vente,1073275,23,,RUE DES RESERVOIRS,2580,78000,78646,Versailles,78,,,78646000AC0231,,,18,,28,,67,,8,,,,4,2,Appartement,160,5,,,,,,2.12459,48.809112
2021-1337971,2021-08-25,000001,Vente,1073275,23,,RUE DES RESERVOIRS,2580,78000,78646,Versailles,78,,,78646000AC0231,,,18,,28,,67,,8,,,,4,3,Dépendance,,0,,,,,,2.12459,48.809112
2021-1337971,2021-08-25,000001,Vente,1073275,23,,RUE DES RESERVOIRS,2580,78000,78646,Versailles,78,,,78646000AC0231,,,18,,28,,67,,8,,,,4,3,Dépendance,,0,,,,,,2.12459,48.809112
2021-1337976,2021-08-23,000001,Vente,656000,90,,RUE REMONT,2560,78000,78646,Versailles,78,,,78646000BI0211,,,104,84.8,105,,106,,,,,,3,2,Appartement,71,4,,,,,,2.154653,48.790855
2021-1338058,2021-08-05,000001,Vente,1096797,8,,AV DE NORMANDIE,2060,78000,78646,Versailles,78,,,78646000AM0053,,,,,,,,,,,,,0,3,Dépendance,,0,AG,terrains d'agrément,,,342,2.139517,48.82171
2021-1338058,2021-08-05,000001,Vente,1096797,8,,AV DE NORMANDIE,2060,78000,78646,Versailles,78,,,78646000AM0053,,,,,,,,,,,,,0,1,Maison,109,6,S,sols,,,200,2.139517,48.82171
2021-1338058,2021-08-05,000001,Vente,1096797,8,,AV DE NORMANDIE,2060,78000,78646,Versailles,78,,,78646000AM0053,,,,,,,,,,,,,0,3,Dépendance,,0,S,sols,,,200,2.139517,48.82171
2021-1338058,2021-08-05,000001,Vente,1096797,8,,AV DE NORMANDIE,2060,78000,78646,Versailles,78,,,78646000AM0053,,,,,,,,,,,,,0,1,Maison,109,6,AG,terrains d'agrément,,,342,2.139517,48.82171
2021-1338061,2021-08-25,000001,Vente,979700,66,,RUE ALBERT JOLY,0050,78000,78646,Versailles,78,,,78646000AR0129,,,2,124.44,66,,,,,,,,2,3,Dépendance,,0,,,,,,2.145022,48.809293
2021-1338061,2021-08-25,000001,Vente,979700,66,,RUE ALBERT JOLY,0050,78000,78646,Versailles,78,,,78646000AR0129,,,42,,,,,,,,,,1,3,Dépendance,,0,,,,,,2.145022,48.809293
2021-1338061,2021-08-25,000001,Vente,979700,66,,RUE ALBERT JOLY,0050,78000,78646,Versailles,78,,,78646000AR0129,,,73,,,,,,,,,,1,3,Dépendance,,0,,,,,,2.145022,48.809293
2021-1338061,2021-08-25,000001,Vente,979700,66,,RUE ALBERT JOLY,0050,78000,78646,Versailles,78,,,78646000AR0129,,,2,124.44,66,,,,,,,,2,2,Appartement,125,5,,,,,,2.145022,48.809293
2021-1338073,2021-08-24,000001,Vente,25000,9,,PL ALEXANDRE 1E LOUIS BARTHOU,0100,78000,78646,Versailles,78,,,78646000AX0489,,,75,,,,,,,,,,1,3,Dépendance,,0,,,,,,2.140761,48.806449
2021-1338094,2021-08-30,000001,Vente,670100,3,,ALL DES GARDES ROYALES,1136,78000,78646,Versailles,78,,,78646000AY0212,,,182,88.58,201,,,,,,,,2,2,Appartement,90,4,,,,,,2.151214,48.802177
2021-1338094,2021-08-30,000001,Vente,670100,3,,ALL DES GARDES ROYALES,1136,78000,78646,Versailles,78,,,78646000AY0212,,,182,88.58,201,,,,,,,,2,3,Dépendance,,0,,,,,,2.151214,48.802177
2021-1338094,2021-08-30,000001,Vente,670100,2,,ALL DES GARDES ROYALES,1136,78000,78646,Versailles,78,,,78646000AY0212,,,1001,,,,,,,,,,1,3,Dépendance,,0,,,,,,2.151214,48.802177
2021-1338115,2021-08-18,000001,Vente,330000,8,,RUE DU MARECHAL GALLIENI,1812,78000,78646,Versailles,78,,,78646000AC0197,,,115,,156,42.97,,,,,,,2,2,Appartement,55,3,,,,,,2.124334,48.810687
2021-1338126,2021-08-31,000001,Vente,315000,90,,AV DE PARIS,2180,78000,78646,Versailles,78,,,78646000BN0049,,,18,43.87,41,,,,,,,,2,3,Dépendance,,0,,,,,,2.146772,48.797712
2021-1338126,2021-08-31,000001,Vente,315000,90,,AV DE PARIS,2180,78000,78646,Versailles,78,,,78646000BN0049,,,18,43.87,41,,,,,,,,2,2,Appartement,43,1,,,,,,2.146772,48.797712
2021-1338126,2021-08-31,000001,Vente,315000,90,,AV DE PARIS,2180,78000,78646,Versailles,78,,,78646000BN0049,,,62,,,,,,,,,,1,3,Dépendance,,0,,,,,,2.146772,48.797712
2021-1338136,2021-08-26,000001,Vente,620450,108,,BD DE LA REINE,2520,78000,78646,Versailles,78,,,78646000AX0037,,,175,,,,,,,,,,1,3,Dépendance,,0,,,,,,2.142871,48.807658
2021-1338136,2021-08-26,000001,Vente,620450,108,,BD DE LA REINE,2520,78000,78646,Versailles,78,,,78646000AX0037,,,314,,80,,,,,,,,2,2,Appartement,78,3,,,,,,2.142871,48.807658
2021-1338136,2021-08-26,000001,Vente,620450,108,,BD DE LA REINE,2520,78000,78646,Versailles,78,,,78646000AX0037,,,314,,80,,,,,,,,2,3,Dépendance,,0,,,,,,2.142871,48.807658
2021-1338153,2021-08-05,000001,Vente,260000,51,,RUE PORTE DE BUC,2390,78000,78646,Versailles,78,,,78646000BM0014,,,19,,20,,41,,7,42.31,,,4,3,Dépendance,,0,,,,,,2.135472,48.789964
2021-1338153,2021-08-05,000001,Vente,260000,51,,RUE PORTE DE BUC,2390,78000,78646,Versailles,78,,,78646000BM0014,,,19,,20,,41,,7,42.31,,,4,2,Appartement,46,3,,,,,,2.135472,48.789964
2021-1338153,2021-08-05,000001,Vente,260000,51,,RUE PORTE DE BUC,2390,78000,78646,Versailles,78,,,78646000BM0014,,,19,,20,,41,,7,42.31,,,4,3,Dépendance,,0,,,,,,2.135472,48.789964
2021-1338153,2021-08-05,000001,Vente,260000,51,,RUE PORTE DE BUC,2390,78000,78646,Versailles,78,,,78646000BM0014,,,19,,20,,41,,7,42.31,,,4,3,Dépendance,,0,,,,,,2.135472,48.789964
2021-1338268,2021-08-03,000001,Vente,379500,2,B,RUE NEUVE NOTRE DAME,2040,78000,78646,Versailles,78,,,78646000AE0162,,,13,,5,44.71,,,,,,,2,3,Dépendance,,0,,,,,,2.125796,48.808658
2021-1338268,2021-08-03,000001,Vente,379500,2,B,RUE NEUVE NOTRE DAME,2040,78000,78646,Versailles,78,,,78646000AE0162,,,13,,5,44.71,,,,,,,2,2,Appartement,48,2,,,,,,2.125796,48.808658
2021-1338284,2021-08-23,000001,Vente,253500,17,T,RUE DU PONT COLBERT,2370,78000,78646,Versailles,78,,,78646000BI0022,,,544,54.35,,,,,,,,,1,3,Dépendance,,0,,,,,,2.149624,48.789909
2021-1338284,2021-08-23,000001,Vente,253500,17,T,RUE DU PONT COLBERT,2370,78000,78646,Versailles,78,,,78646000BI0022,,,544,54.35,,,,,,,,,1,2,Appartement,54,3,,,,,,2.149624,48.789909
2021-1338309,2021-08-30,000001,Vente en l'état futur d'achèvement,848900.56,,,,,,78646,Versailles,78,,,78646000AP0339,,,,,,,,,,,,,0,,,,,,,,,,,
2021-1338309,2021-08-30,000001,Vente en l'état futur d'achèvement,848900.56,,,,,,78646,Versailles,78,,,78646000AP0340,,,,,,,,,,,,,0,,,,,,,,,,,
2021-1338309,2021-08-30,000001,Vente en l'état futur d'achèvement,848900.56,,,,,,78646,Versailles,78,,,78646000AP0342,,,,,,,,,,,,,0,,,,,,,,,,,
2021-1338309,2021-08-30,000001,Vente en l'état futur d'achèvement,848900.56,,,,,,78646,Versailles,78,,,78646000AP0343,,,,,,,,,,,,,0,,,,,,,,,,,
2021-1338309,2021-08-30,000001,Vente en l'état futur d'achèvement,848900.56,,,,,,78646,Versailles,78,,,78646000AP0345,,,,,,,,,,,,,0,,,,,,,,,,,
2021-1338309,2021-08-30,000001,Vente en l'état futur d'achèvement,848900.56,,,,,,78646,Versailles,78,,,78646000AP0347,,,,,,,,,,,,,0,,,,,,,,,,,
2021-1338312,2021-09-01,000001,Vente,177000,39,,BD DU ROI,2641,78000,78646,Versailles,78,,,78646000AC0108,,,56,,,,,,,,,,1,2,Appartement,19,1,,,,,,2.127742,48.814503
2021-1338355,2021-08-11,000001,Vente,26000,13,,RUE DU GENERAL PERSHING,1170,78000,78646,Versailles,78,,,78646000AO0068,,,396,,,,,,,,,,1,3,Dépendance,,0,,,,,,2.148928,48.817113
2021-1338359,2021-08-26,000001,Vente,750000,6,,RUE SAINTE FAMILLE,2740,78000,78646,Versailles,78,,,78646000BV0167,,,12,,6,,,,,,,,2,3,Dépendance,,0,,,,,,2.125501,48.79634
2021-1338359,2021-08-26,000001,Vente,750000,6,,RUE SAINTE FAMILLE,2740,78000,78646,Versailles,78,,,78646000BV0167,,,12,,6,,,,,,,,2,2,Appartement,85,3,,,,,,2.125501,48.79634
2021-1338364,2021-08-13,000001,Vente,650000,51,,RUE DE MONTREUIL,2000,78000,78646,Versailles,78,,,78646000AX0304,,,6,,8,,,,,,,,2,2,Appartement,54,3,,,,,,2.145628,48.804874
2021-1338364,2021-08-13,000001,Vente,650000,51,,RUE DE MONTREUIL,2000,78000,78646,Versailles,78,,,78646000AX0304,,,7,,,,,,,,,,1,2,Appartement,34,2,,,,,,2.145628,48.804874
2021-1338364,2021-08-13,000001,Vente,650000,51,,RUE DE MONTREUIL,2000,78000,78646,Versailles,78,,,78646000AX0304,,,7,,,,,,,,,,1,3,Dépendance,,0,,,,,,2.145628,48.804874
2021-1338373,2021-08-13,000001,Vente,264000,35,B,RUE DU MARECHAL GALLIENI,1812,78000,78646,Versailles,78,,,78646000AC0315,,,205,31.83,,,,,,,,,1,3,Dépendance,,0,,,,,,2.123552,48.81207
2021-1338373,2021-08-13,000001,Vente,264000,35,B,RUE DU MARECHAL GALLIENI,1812,78000,78646,Versailles,78,,,78646000AC0315,,,506,,,,,,,,,,1,3,Dépendance,,0,,,,,,2.123552,48.81207
2021-1338373,2021-08-13,000001,Vente,264000,35,B,RUE DU MARECHAL GALLIENI,1812,78000,78646,Versailles,78,,,78646000AC0315,,,205,31.83,,,,,,,,,1,2,Appartement,32,1,,,,,,2.123552,48.81207
2021-1338374,2021-08-13,000001,Vente,504626,6,,RUE JACQUES LEMERCIER,1420,78000,78646,Versailles,78,,,78646000AO0161,,,210,,,,,,,,,,1,2,Appartement,72,3,,,,,,2.146422,48.814501
2021-1338374,2021-08-13,000001,Vente,504626,6,,RUE JACQUES LEMERCIER,1420,78000,78646,Versailles,78,,,78646000AO0161,,,210,,,,,,,,,,1,3,Dépendance,,0,,,,,,2.146422,48.814501
2021-1338374,2021-08-13,000001,Vente,504626,6,,RUE JACQUES LEMERCIER,1420,78000,78646,Versailles,78,,,78646000AO0161,,,103,,8,,,,,,,,2,3,Dépendance,,0,,,,,,2.146422,48.814501
2021-1338384,2021-08-30,000001,Vente,36350,82,B,AV DE PARIS,2180,78000,78646,Versailles,78,,,78646000BN0166,,,475,,,,,,,,,,1,3,Dépendance,,0,,,,,,2.145036,48.797427
2021-1338386,2021-08-31,000001,Vente,128000,26,C,RUE HENRI SIMON,1330,78000,78646,Versailles,78,,,78646000AW0006,,,676,,,,,,,,,,1,2,Appartement,18,1,,,,,,2.15013,48.808121
2021-1338396,2021-08-05,000001,Vente,3500000,,,LA SABLIERE,B029,78000,78646,Versailles,78,,,78646000BY0075,,,,,,,,,,,,,0,,,,,T,terres,,,732,2.079113,48.813872
2021-1338407,2021-08-30,000001,Vente,205000,28,,RUE DE LA PAROISSE,2190,78000,78646,Versailles,78,,,78646000AE0188,,,49,18.85,53,,,,,,,,2,3,Dépendance,,0,,,,,,2.127676,48.807526
2021-1338407,2021-08-30,000001,Vente,205000,28,,RUE DE LA PAROISSE,2190,78000,78646,Versailles,78,,,78646000AE0188,,,49,18.85,53,,,,,,,,2,2,Appartement,19,1,,,,,,2.127676,48.807526
2021-1338409,2021-09-01,000001,Vente,336700,6,,RUE DU VIEUX VERSAILLES,3180,78000,78646,Versailles,78,,,78646000AH0024,,,54,47.99,,,,,,,,,1,2,Appartement,53,2,,,,,,2.121467,48.800989
2021-1338448,2021-08-31,000001,Vente,1012400,41,,RUE DE LA PAROISSE,2190,78000,78646,Versailles,78,,,78646000AE0114,,,70,,,,,,,,,,1,3,Dépendance,,0,,,,,,2.129892,48.80746
2021-1338448,2021-08-31,000001,Vente,1012400,41,,RUE DE LA PAROISSE,2190,78000,78646,Versailles,78,,,78646000AE0114,,,42,,79,115.55,,,,,,,2,3,Dépendance,,0,,,,,,2.129892,48.80746
2021-1338448,2021-08-31,000001,Vente,1012400,41,,RUE DE LA PAROISSE,2190,78000,78646,Versailles,78,,,78646000AE0114,,,42,,79,115.55,,,,,,,2,2,Appartement,115,7,,,,,,2.129892,48.80746
2021-1338451,2021-08-31,000001,Vente,660000,24,,RUE DE VERGENNES,3150,78000,78646,Versailles,78,,,78646000BS0038,,,18,,19,,,,,,,,2,2,Appartement,73,3,,,,,,2.137082,48.7979
2021-1338455,2021-08-31,000001,Vente,1642700,10,,RUE SAINT CHARLES,2710,78000,78646,Versailles,78,,,78646000AY0163,,,,,,,,,,,,,0,1,Maison,185,8,S,sols,,,431,2.150373,48.800089
2021-1338457,2021-08-30,000001,Vente,564520,28,,RUE HENRI SIMON,1330,78000,78646,Versailles,78,,,78646000AW0006,,,427,80.22,,,,,,,,,1,3,Dépendance,,0,,,,,,2.15013,48.808121
2021-1338457,2021-08-30,000001,Vente,564520,28,,RUE HENRI SIMON,1330,78000,78646,Versailles,78,,,78646000AW0006,,,427,80.22,,,,,,,,,1,2,Appartement,82,3,,,,,,2.15013,48.808121
2021-1338457,2021-08-30,000001,Vente,564520,28,,RUE HENRI SIMON,1330,78000,78646,Versailles,78,,,78646000AW0006,,,921,,922,,,,,,,,2,3,Dépendance,,0,,,,,,2.15013,48.808121
2021-1338457,2021-08-30,000001,Vente,564520,28,,RUE HENRI SIMON,1330,78000,78646,Versailles,78,,,78646000AW0006,,,449,,,,,,,,,,1,2,Appartement,83,3,,,,,,2.15013,48.808121
2021-1338457,2021-08-30,000001,Vente,564520,28,,RUE HENRI SIMON,1330,78000,78646,Versailles,78,,,78646000AW0006,,,449,,,,,,,,,,1,3,Dépendance,,0,,,,,,2.15013,48.808121
2021-1338463,2021-08-16,000001,Vente,747700,12,,RUE LOUIS HAUSSMANN,1679,78000,78646,Versailles,78,,,78646000AS0057,,,42,,,,,,,,,,1,3,Dépendance,,0,,,,,,2.14687,48.810099
2021-1338463,2021-08-16,000001,Vente,747700,12,,RUE LOUIS HAUSSMANN,1679,78000,78646,Versailles,78,,,78646000AS0057,,,9,90,,,,,,,,,1,3,Dépendance,,0,,,,,,2.14687,48.810099
2021-1338463,2021-08-16,000001,Vente,747700,12,,RUE LOUIS HAUSSMANN,1679,78000,78646,Versailles,78,,,78646000AS0057,,,9,90,,,,,,,,,1,2,Appartement,86,4,,,,,,2.14687,48.810099
2021-1338478,2021-08-31,000001,Vente,355510,17,T,RUE DU PONT COLBERT,2370,78000,78646,Versailles,78,,,78646000BI0022,,,526,76.2,,,,,,,,,1,2,Appartement,75,5,,,,,,2.149624,48.789909
2021-1338478,2021-08-31,000001,Vente,355510,17,T,RUE DU PONT COLBERT,2370,78000,78646,Versailles,78,,,78646000BI0022,,,526,76.2,,,,,,,,,1,3,Dépendance,,0,,,,,,2.149624,48.789909
2021-1338504,2021-09-02,000001,Vente,197520,12,,RUE BERTHIER,0370,78000,78646,Versailles,78,,,78646000AC0163,,,2,,,,,,,,,,1,2,Appartement,20,1,,,,,,2.12578,48.81164
2021-1338535,2021-08-26,000001,Vente,405200,11,,RUE DES DEUX PORTES,0780,78000,78646,Versailles,78,,,78646000AE0261,,,34,,7,49.62,,,,,,,2,3,Dépendance,,0,,,,,,2.130431,48.806176
2021-1338535,2021-08-26,000001,Vente,405200,11,,RUE DES DEUX PORTES,0780,78000,78646,Versailles,78,,,78646000AE0261,,,34,,7,49.62,,,,,,,2,2,Appartement,63,2,,,,,,2.130431,48.806176
2021-1338542,2021-08-31,000001,Vente,484650,18,,RUE SAINTE SOPHIE,2890,78000,78646,Versailles,78,,,78646000AD0311,,,31,62.04,37,,,,,,,,2,2,Appartement,62,3,,,,,,2.133996,48.811487
2021-1338542,2021-08-31,000001,Vente,484650,18,,RUE SAINTE SOPHIE,2890,78000,78646,Versailles,78,,,78646000AD0311,,,31,62.04,37,,,,,,,,2,3,Dépendance,,0,,,,,,2.133996,48.811487
2021-1338552,2021-09-02,000001,Vente,1000,53,,AV DE SAINT CLOUD,2730,78000,78646,Versailles,78,,,78646000AI0143,,,16,,17,,,,,,,,2,2,Appartement,110,3,,,,,,2.134015,48.805598
2021-1338579,2021-09-03,000001,Vente,1000000,16,,RUE ALBERT JOLY,0050,78000,78646,Versailles,78,,,78646000AK0173,,,121,,124,,209,,210,,,,4,2,Appartement,120,5,,,,,,2.137394,48.810233
2021-1338579,2021-09-03,000001,Vente,1000000,16,,RUE ALBERT JOLY,0050,78000,78646,Versailles,78,,,78646000AK0173,,,3,134.47,,,,,,,,,1,3,Dépendance,,0,,,,,,2.137394,48.810233
2021-1338579,2021-09-03,000001,Vente,1000000,16,,RUE ALBERT JOLY,0050,78000,78646,Versailles,78,,,78646000AK0173,,,121,,124,,209,,210,,,,4,3,Dépendance,,0,,,,,,2.137394,48.810233
2021-1338579,2021-09-03,000001,Vente,1000000,16,,RUE ALBERT JOLY,0050,78000,78646,Versailles,78,,,78646000AK0173,,,121,,124,,209,,210,,,,4,3,Dépendance,,0,,,,,,2.137394,48.810233
2021-1338579,2021-09-03,000001,Vente,1000000,16,,RUE ALBERT JOLY,0050,78000,78646,Versailles,78,,,78646000AK0173,,,4,,,,,,,,,,1,3,Dépendance,,0,,,,,,2.137394,48.810233
2021-1338587,2021-08-24,000001,Vente,1500000,18,,BD DE GLATIGNY,1275,78000,78646,Versailles,78,,,78646000AM0503,,,2,171.1,,,,,,,,,1,1,Maison,171,5,,,,,,2.142282,48.81952
2021-1338587,2021-08-24,000001,Vente,1500000,18,,BD DE GLATIGNY,1275,78000,78646,Versailles,78,,,78646000AM0503,,,3,,4,,,,,,,,2,3,Dépendance,,0,,,,,,2.142282,48.81952
2021-1338604,2021-08-23,000001,Vente,346500,17,,RUE ROYALE,2648,78000,78646,Versailles,78,,,78646000BT0010,,,21,,39,,6,,,,,,3,2,Appartement,35,1,,,,,,2.127578,48.798258
2021-1338604,2021-08-23,000001,Vente,346500,17,,RUE ROYALE,2648,78000,78646,Versailles,78,,,78646000BT0010,,,21,,39,,6,,,,,,3,3,Dépendance,,0,,,,,,2.127578,48.798258
2021-1338611,2021-09-01,000001,Vente,109150,139,,BD DE LA REINE,2520,78000,78646,Versailles,78,,,78646000AR0089,,,8,,,,,,,,,,1,2,Appartement,16,1,,,,,,2.141375,48.808686
2021-1338620,2021-08-27,000001,Vente,237570,46,,RUE DE VERGENNES,3150,78000,78646,Versailles,78,,,78646000BS0053,,,14,,,,,,,,,,1,2,Appartement,28,2,,,,,,2.137401,48.796533
2021-1338623,2021-08-13,000001,Vente,633333,57,,RUE EXELMANS,1020,78000,78646,Versailles,78,,,78646000AC0262,,,326,95.12,380,,,,,,,,2,2,Appartement,95,4,,,,,,2.126785,48.814611
2021-1338623,2021-08-13,000001,Vente,633333,57,,RUE EXELMANS,1020,78000,78646,Versailles,78,,,78646000AC0262,,,326,95.12,380,,,,,,,,2,3,Dépendance,,0,,,,,,2.126785,48.814611
2021-1338623,2021-08-13,000001,Vente,633333,57,,RUE EXELMANS,1020,78000,78646,Versailles,78,,,78646000AC0262,,,421,,,,,,,,,,1,3,Dépendance,,0,,,,,,2.126785,48.814611
2021-1338625,2021-08-26,000001,Vente,101700,27,,RUE DES RESERVOIRS,2580,78000,78646,Versailles,78,,,78646000AC0227,,,35,,,,,,,,,,1,2,Appartement,14,1,,,,,,2.125054,48.8093
2021-1338681,2021-08-13,000001,Vente,480000,2,B,RUE DU HAZARD,1300,78000,78646,Versailles,78,,,78646000BT0141,,,16,,23,57.04,,,,,,,2,3,Dépendance,,0,,,,,,2.128024,48.795527
2021-1338681,2021-08-13,000001,Vente,480000,2,B,RUE DU HAZARD,1300,78000,78646,Versailles,78,,,78646000BT0141,,,16,,23,57.04,,,,,,,2,2,Appartement,55,3,,,,,,2.128024,48.795527
2021-1338689,2021-08-27,000001,Vente,880000,44,B,RUE DE LA CHAUMIERE,0580,78000,78646,Versailles,78,,,78646000BE0413,,,13,,14,,,,,,,,2,3,Dépendance,,0,,,,,,2.163037,48.79668
2021-1338689,2021-08-27,000001,Vente,880000,44,B,RUE DE LA CHAUMIERE,0580,78000,78646,Versailles,78,,,78646000BE0413,,,13,,14,,,,,,,,2,2,Appartement,110,4,,,,,,2.163037,48.79668
2021-1338727,2021-08-06,000001,Vente,160000,93,,RUE YVES LE COZ,3210,78000,78646,Versailles,78,,,78646000BE0108,,,39,17.84,,,,,,,,,1,2,Appartement,11,1,,,,,,2.15647,48.795075
2021-1338729,2021-09-03,000001,Vente,475000,3,,ALL DES GARDES ROYALES,1136,78000,78646,Versailles,78,,,78646000AY0212,,,186,72.44,205,,,,,,,,2,3,Dépendance,,0,,,,,,2.151214,48.802177
2021-1338729,2021-09-03,000001,Vente,475000,3,,ALL DES GARDES ROYALES,1136,78000,78646,Versailles,78,,,78646000AY0212,,,186,72.44,205,,,,,,,,2,2,Appartement,70,3,,,,,,2.151214,48.802177
2021-1338729,2021-09-03,000001,Vente,475000,2,,ALL DES GARDES ROYALES,1136,78000,78646,Versailles,78,,,78646000AY0212,,,1008,,,,,,,,,,1,3,Dépendance,,0,,,,,,2.151214,48.802177
2021-1338731,2021-08-18,000001,Vente,729616,7,,RUE YVES LE COZ,3210,78000,78646,Versailles,78,,,78646000BE0256,,,,,,,,,,,,,0,1,Maison,64,4,S,sols,,,383,2.161741,48.798162
2021-1338735,2021-09-03,000001,Vente,108655,47,,RUE SAINT HONORE,2780,78000,78646,Versailles,78,,,78646000BW0184,,,19,12.1,,,,,,,,,1,2,Appartement,12,1,,,,,,2.122554,48.794173
2021-1338745,2021-09-07,000001,Vente,287910,84,,RUE DE LA PAROISSE,2190,78000,78646,Versailles,78,,,78646000AI0135,,,10,35.61,18,,,,,,,,2,2,Appartement,35,1,,,,,,2.133615,48.805921
2021-1338745,2021-09-07,000001,Vente,287910,84,,RUE DE LA PAROISSE,2190,78000,78646,Versailles,78,,,78646000AI0135,,,10,35.61,18,,,,,,,,2,3,Dépendance,,0,,,,,,2.133615,48.805921
2021-1338745,2021-09-07,000001,Vente,287910,84,,RUE DE LA PAROISSE,2190,78000,78646,Versailles,78,,,78646000AI0135,,,10,35.61,18,,,,,,,,2,3,Dépendance,,0,,,,,,2.133615,48.805921
2021-1338749,2021-09-01,000001,Vente,4000,4,,RUE SAINTE FAMILLE,2740,78000,78646,Versailles,78,,,78646000BV0166,,,29,,34,,,,,,,,2,3,Dépendance,,0,,,,,,2.125287,48.796348
2021-1338749,2021-09-01,000001,Vente,4000,4,,RUE SAINTE FAMILLE,2740,78000,78646,Versailles,78,,,78646000BV0166,,,29,,34,,,,,,,,2,2,Appartement,29,2,,,,,,2.125287,48.796348
2021-1338749,2021-09-01,000001,Vente,4000,4,,RUE SAINTE FAMILLE,2740,78000,78646,Versailles,78,,,78646000BV0166,,,29,,34,,,,,,,,2,3,Dépendance,,0,,,,,,2.125287,48.796348
2021-1338751,2021-09-06,000001,Vente,578000,58,,RUE ALBERT JOLY,0050,78000,78646,Versailles,78,,,78646000AR0053,,,105,,117,,87,,,,,,3,2,Appartement,90,3,,,,,,2.143711,48.809427
2021-1338751,2021-09-06,000001,Vente,578000,58,,RUE ALBERT JOLY,0050,78000,78646,Versailles,78,,,78646000AR0053,,,105,,117,,87,,,,,,3,3,Dépendance,,0,,,,,,2.143711,48.809427
2021-1338751,2021-09-06,000001,Vente,578000,58,,RUE ALBERT JOLY,0050,78000,78646,Versailles,78,,,78646000AR0053,,,105,,117,,87,,,,,,3,3,Dépendance,,0,,,,,,2.143711,48.809427
2021-1338751,2021-09-06,000001,Vente,578000,58,,RUE ALBERT JOLY,0050,78000,78646,Versailles,78,,,78646000AR0053,,,138,,,,,,,,,,1,3,Dépendance,,0,,,,,,2.143711,48.809427
2021-1338752,2021-09-06,000001,Vente,497350,22,,PROM MONA LISA,1965,78000,78646,Versailles,78,,,78646000AZ0110,,,1970,,1979,101.19,,,,,,,2,2,Appartement,102,4,,,,,,2.158672,48.8041
2021-1338752,2021-09-06,000001,Vente,497350,22,,PROM MONA LISA,1965,78000,78646,Versailles,78,,,78646000AZ0110,,,1970,,1979,101.19,,,,,,,2,3,Dépendance,,0,,,,,,2.158672,48.8041
2021-1338752,2021-09-06,000001,Vente,497350,5,,RUE DE L ECOLE DES POSTES,0850,78000,78646,Versailles,78,,,78646000AZ0110,,,3838,,,,,,,,,,1,3,Dépendance,,0,,,,,,2.158672,48.8041
2021-1338787,2021-08-12,000001,Vente,1333000,24,,RUE DE LA PAROISSE,2190,78000,78646,Versailles,78,,,78646000AE0187,,,59,,69,,,,,,,,2,2,Appartement,59,2,,,,,,2.127327,48.807596
2021-1338787,2021-08-12,000001,Vente,1333000,24,,RUE DE LA PAROISSE,2190,78000,78646,Versailles,78,,,78646000AE0187,,,5,,,,,,,,,,1,2,Appartement,90,3,,,,,,2.127327,48.807596
2021-1338787,2021-08-12,000001,Vente,1333000,24,,RUE DE LA PAROISSE,2190,78000,78646,Versailles,78,,,78646000AE0187,,,59,,69,,,,,,,,2,3,Dépendance,,0,,,,,,2.127327,48.807596
2021-1338808,2021-08-30,000001,Vente,300000,30,,RUE ROYALE,2648,78000,78646,Versailles,78,,,78646000BV0100,,,1,,2,,,,,,,,2,4,Local industriel. commercial ou assimilé,37,0,,,,,,2.126256,48.797233
2021-1338813,2021-08-27,000001,Vente,229900,4,,RUE DU MAL DE LATTRE DE TASSIG,1790,78000,78646,Versailles,78,,,78646000AL0070,,,22,,34,,,,,,,,2,2,Appartement,30,1,,,,,,2.136576,48.814734
2021-1338813,2021-08-27,000001,Vente,229900,4,,RUE DU MAL DE LATTRE DE TASSIG,1790,78000,78646,Versailles,78,,,78646000AL0070,,,22,,34,,,,,,,,2,3,Dépendance,,0,,,,,,2.136576,48.814734
2021-1338846,2021-09-01,000001,Vente,290000,4,,RUE SAINTE FAMILLE,2740,78000,78646,Versailles,78,,,78646000BV0166,,,14,,43,,,,,,,,2,3,Dépendance,,0,,,,,,2.125287,48.796348
2021-1338846,2021-09-01,000001,Vente,290000,4,,RUE SAINTE FAMILLE,2740,78000,78646,Versailles,78,,,78646000BV0166,,,14,,43,,,,,,,,2,2,Appartement,29,2,,,,,,2.125287,48.796348
2021-1338846,2021-09-01,000001,Vente,290000,4,,RUE SAINTE FAMILLE,2740,78000,78646,Versailles,78,,,78646000BV0166,,,14,,43,,,,,,,,2,3,Dépendance,,0,,,,,,2.125287,48.796348
2021-1338865,2021-09-07,000001,Vente,279300,3,,PROM VENEZIA,3135,78000,78646,Versailles,78,,,78646000AZ0110,,,2290,,2352,50.81,,,,,,,2,2,Appartement,51,2,,,,,,2.158672,48.8041
2021-1338865,2021-09-07,000001,Vente,279300,5,,RUE DE L ECOLE DES POSTES,0850,78000,78646,Versailles,78,,,78646000AZ0110,,,3557,,,,,,,,,,1,3,Dépendance,,0,,,,,,2.158672,48.8041
2021-1338865,2021-09-07,000001,Vente,279300,3,,PROM VENEZIA,3135,78000,78646,Versailles,78,,,78646000AZ0110,,,2290,,2352,50.81,,,,,,,2,3,Dépendance,,0,,,,,,2.158672,48.8041
2021-1338925,2021-09-07,000001,Vente,510000,6,,RUE LOUIS HAUSSMANN,1679,78000,78646,Versailles,78,,,78646000AS0036,,,255,,273,,,,,,,,2,2,Appartement,89,3,,,,,,2.147113,48.809569
2021-1338925,2021-09-07,000001,Vente,510000,6,,RUE LOUIS HAUSSMANN,1679,78000,78646,Versailles,78,,,78646000AS0036,,,255,,273,,,,,,,,2,3,Dépendance,,0,,,,,,2.147113,48.809569
2021-1338925,2021-09-07,000001,Vente,510000,6,,RUE LOUIS HAUSSMANN,1679,78000,78646,Versailles,78,,,78646000AS0036,,,55,,,,,,,,,,1,3,Dépendance,,0,,,,,,2.147113,48.809569
2021-1338929,2021-09-01,000001,Vente,165400,27,,RUE SAINT MEDERIC,2840,78000,78646,Versailles,78,,,78646000BW0130,,,2,,,,,,,,,,1,3,Dépendance,,0,,,,,,2.12632,48.793557
2021-1338929,2021-09-01,000001,Vente,165400,27,,RUE SAINT MEDERIC,2840,78000,78646,Versailles,78,,,78646000BW0130,,,2,,83,,,,,,,,2,2,Appartement,32,2,,,,,,2.12632,48.793557
2021-1338931,2021-09-03,000001,Vente,155000,5,B,RUE D ANJOU,0190,78000,78646,Versailles,78,,,78646000BV0110,,,11,,,,,,,,,,1,2,Appartement,28,1,,,,,,2.125292,48.797503
2021-1338948,2021-09-01,000001,Vente,268372,21,,RUE PIERRE CURIE,2300,78000,78646,Versailles,78,,,78646000BD0075,,,2,36.25,,,,,,,,,1,2,Appartement,41,2,,,,,,2.156216,48.796679
2021-1338950,2021-09-08,000001,Vente,954150,21,,RUE DU PEINTRE LEBRUN,2220,78000,78646,Versailles,78,,,78646000AE0177,,,16,,54,,,,,,,,2,3,Dépendance,,0,,,,,,2.124878,48.80734
2021-1338950,2021-09-08,000001,Vente,954150,21,,RUE DU PEINTRE LEBRUN,2220,78000,78646,Versailles,78,,,78646000AE0177,,,16,,54,,,,,,,,2,2,Appartement,102,4,,,,,,2.124878,48.80734
2021-1338953,2021-09-08,000001,Vente,2150000,26,,RUE REMILLY,2530,78000,78646,Versailles,78,,,78646000AK0097,,,,,,,,,,,,,0,2,Appartement,60,3,S,sols,,,553,2.138139,48.811366
2021-1338953,2021-09-08,000001,Vente,2150000,26,,RUE REMILLY,2530,78000,78646,Versailles,78,,,78646000AK0097,,,,,,,,,,,,,0,2,Appartement,85,3,S,sols,,,553,2.138139,48.811366
2021-1338953,2021-09-08,000001,Vente,2150000,26,,RUE REMILLY,2530,78000,78646,Versailles,78,,,78646000AK0097,,,,,,,,,,,,,0,3,Dépendance,,0,S,sols,,,553,2.138139,48.811366
2021-1338953,2021-09-08,000001,Vente,2150000,26,,RUE REMILLY,2530,78000,78646,Versailles,78,,,78646000AK0097,,,,,,,,,,,,,0,3,Dépendance,,0,S,sols,,,553,2.138139,48.811366
2021-1338953,2021-09-08,000001,Vente,2150000,26,,RUE REMILLY,2530,78000,78646,Versailles,78,,,78646000AK0097,,,,,,,,,,,,,0,2,Appartement,85,3,S,sols,,,553,2.138139,48.811366
2021-1338957,2021-08-31,000001,Vente,220000,78,,RUE DE LA PAROISSE,2190,78000,78646,Versailles,78,,,78646000AI0129,,,7,32.27,,,,,,,,,1,2,Appartement,40,1,,,,,,2.133271,48.806088
2021-1339080,2021-09-06,000001,Vente,502318,60,,RUE DE MONTREUIL,2000,78000,78646,Versailles,78,,,78646000AY0270,,,209,,213,,,,,,,,2,2,Appartement,86,3,,,,,,2.148581,48.804249
2021-1339080,2021-09-06,000001,Vente,502318,60,,RUE DE MONTREUIL,2000,78000,78646,Versailles,78,,,78646000AY0270,,,209,,213,,,,,,,,2,3,Dépendance,,0,,,,,,2.148581,48.804249
2021-1339080,2021-09-06,000001,Vente,502318,60,,RUE DE MONTREUIL,2000,78000,78646,Versailles,78,,,78646000AY0270,,,264,,,,,,,,,,1,3,Dépendance,,0,,,,,,2.148581,48.804249
2021-1339097,2021-09-03,000001,Vente,220000,5,,RUE MAZIERE,1880,78000,78646,Versailles,78,,,78646000AH0110,,,14,,,,,,,,,,1,2,Appartement,45,2,,,,,,2.122467,48.800456
2021-1339109,2021-08-27,000001,Vente,99000,4,,RUE SAINTE FAMILLE,2740,78000,78646,Versailles,78,,,78646000BV0166,,,311,,37,,,,,,,,2,3,Dépendance,,0,,,,,,2.125287,48.796348
2021-1339131,2021-09-02,000001,Vente,386400,6,,RUE MAUREPAS,1870,78000,78646,Versailles,78,,,78646000AC0229,,,21,36.49,32,,39,,45,,,,4,2,Appartement,54,2,,,,,,2.124432,48.809273
2021-1339152,2021-08-20,000001,Vente,330000,64,,RUE DES CHANTIERS,0530,78000,78646,Versailles,78,,,78646000BL0326,,,128,71.08,542,,,,,,,,2,2,Appartement,73,3,,,,,,2.143523,48.792624
2021-1339152,2021-08-20,000001,Vente,330000,64,,RUE DES CHANTIERS,0530,78000,78646,Versailles,78,,,78646000BL0326,,,359,,,,,,,,,,1,3,Dépendance,,0,,,,,,2.143523,48.792624
2021-1339174,2021-08-19,000001,Vente,1055360,11,,RUE HOCHE,1350,78000,78646,Versailles,78,,,78646000AE0197,,,14,,21,,9,120.85,,,,,3,3,Dépendance,,0,,,,,,2.127726,48.806765
2021-1339174,2021-08-19,000001,Vente,1055360,11,,RUE HOCHE,1350,78000,78646,Versailles,78,,,78646000AE0197,,,14,,21,,9,120.85,,,,,3,2,Appartement,120,5,,,,,,2.127726,48.806765
2021-1339174,2021-08-19,000001,Vente,1055360,11,,RUE HOCHE,1350,78000,78646,Versailles,78,,,78646000AE0197,,,14,,21,,9,120.85,,,,,3,3,Dépendance,,0,,,,,,2.127726,48.806765
2021-1339195,2021-09-02,000001,Vente,796700,6,,RUE ROYALE,2648,78000,78646,Versailles,78,,,78646000BV0088,,,10,,45,114.52,,,,,,,2,3,Dépendance,,0,,,,,,2.126821,48.798577
2021-1339195,2021-09-02,000001,Vente,796700,6,,RUE ROYALE,2648,78000,78646,Versailles,78,,,78646000BV0088,,,10,,45,114.52,,,,,,,2,2,Appartement,111,3,,,,,,2.126821,48.798577
2021-1339216,2021-09-08,000001,Vente,14932133,,,LA SABLIERE,B029,78000,78646,Versailles,78,,,78646000BY0073,,,,,,,,,,,,,0,,,,,S,sols,,,34100,,
2021-1339216,2021-09-08,000001,Vente,14932133,9001,,RTE DE ST CYR,2734,78000,78646,Versailles,78,,,78646000BY0093,,,,,,,,,,,,,0,4,Local industriel. commercial ou assimilé,,0,S,sols,,,178138,,
2021-1339252,2021-08-30,000001,Vente,525000,140,,RUE YVES LE COZ,3210,78000,78646,Versailles,78,,,78646000BL0313,,,,,,,,,,,,,0,1,Maison,56,3,S,sols,,,175,2.148258,48.790733
2021-1339252,2021-08-30,000001,Vente,525000,140,,RUE YVES LE COZ,3210,78000,78646,Versailles,78,,,78646000BL0313,,,,,,,,,,,,,0,3,Dépendance,,0,S,sols,,,175,2.148258,48.790733
2021-1339256,2021-08-24,000001,Vente,163000,5,,RUE EDOUARD CHARTON,0890,78000,78646,Versailles,78,,,78646000BS0099,,,16,20.09,32,,,,,,,,2,2,Appartement,20,1,,,,,,2.131168,48.796056
2021-1339256,2021-08-24,000001,Vente,163000,5,,RUE EDOUARD CHARTON,0890,78000,78646,Versailles,78,,,78646000BS0099,,,16,20.09,32,,,,,,,,2,3,Dépendance,,0,,,,,,2.131168,48.796056
2021-1339268,2021-09-07,000001,Vente,762334.94,3,,RUE DE L ABBE ROUSSEAUX,0020,78000,78646,Versailles,78,,,78646000BS0056,,,24,,60,,,,,,,,2,3,Dépendance,,0,,,,,,2.136312,48.796463
2021-1339268,2021-09-07,000001,Vente,762334.94,3,,RUE DE L ABBE ROUSSEAUX,0020,78000,78646,Versailles,78,,,78646000BS0056,,,24,,60,,,,,,,,2,2,Appartement,108,5,,,,,,2.136312,48.796463
2021-1339268,2021-09-07,000001,Vente,762334.94,3,,RUE DE L ABBE ROUSSEAUX,0020,78000,78646,Versailles,78,,,78646000BS0056,,,77,,,,,,,,,,1,3,Dépendance,,0,,,,,,2.136312,48.796463
2021-1339272,2021-09-14,000001,Vente,407000,41,,AV DE SAINT CLOUD,2730,78000,78646,Versailles,78,,,78646000AI0125,,,16,,6,56.74,,,,,,,2,2,Appartement,49,3,,,,,,2.133122,48.805673
2021-1339272,2021-09-14,000001,Vente,407000,41,,AV DE SAINT CLOUD,2730,78000,78646,Versailles,78,,,78646000AI0125,,,16,,6,56.74,,,,,,,2,3,Dépendance,,0,,,,,,2.133122,48.805673
2021-1339272,2021-09-14,000001,Vente,407000,41,,AV DE SAINT CLOUD,2730,78000,78646,Versailles,78,,,78646000AI0125,,,16,,6,56.74,,,,,,,2,3,Dépendance,,0,,,,,,2.133122,48.805673
2021-1339298,2021-09-10,000001,Vente,424950,6,,RUE DE MONTREUIL,2000,78000,78646,Versailles,78,,,78646000AX0277,,,60,53.15,,,,,,,,,1,2,Appartement,55,3,,,,,,2.142149,48.805257
2021-1339298,2021-09-10,000001,Vente,424950,6,,RUE DE MONTREUIL,2000,78000,78646,Versailles,78,,,78646000AX0277,,,60,53.15,,,,,,,,,1,3,Dépendance,,0,,,,,,2.142149,48.805257
2021-1339335,2021-09-03,000001,Vente,112000,53,,AV DE PARIS,2180,78000,78646,Versailles,78,,,78646000BP0132,,,10,,,,,,,,,,1,3,Dépendance,,0,,,,,,2.1408,48.800274
2021-1339335,2021-09-03,000001,Vente,112000,53,,AV DE PARIS,2180,78000,78646,Versailles,78,,,78646000BP0132,,,273,,,,,,,,,,1,3,Dépendance,,0,,,,,,2.1408,48.800274
2021-1339335,2021-09-03,000001,Vente,112000,53,,AV DE PARIS,2180,78000,78646,Versailles,78,,,78646000BP0132,,,10,,,,,,,,,,1,3,Dépendance,,0,,,,,,2.1408,48.800274
2021-1339345,2021-09-06,000001,Vente,147600,11,,RUE SAINT MEDERIC,2840,78000,78646,Versailles,78,,,78646000BT0136,,,7,,,,,,,,,,1,2,Appartement,18,1,,,,,,2.12747,48.79535
2021-1339403,2021-08-27,000001,Vente,430000,14,,RUE DE LA CHANCELLERIE,0500,78000,78646,Versailles,78,,,78646000AH0209,,,17,,3,53.27,4,,,,,,3,2,Appartement,60,3,,,,,,2.123775,48.802304
2021-1339403,2021-08-27,000001,Vente,430000,14,,RUE DE LA CHANCELLERIE,0500,78000,78646,Versailles,78,,,78646000AH0209,,,17,,3,53.27,4,,,,,,3,3,Dépendance,,0,,,,,,2.123775,48.802304
2021-1339439,2021-08-30,000001,Vente,916650,47,,RUE BERTHIER,0370,78000,78646,Versailles,78,,,78646000AD0268,,,21,,7,112.2,,,,,,,2,3,Dépendance,,0,,,,,,2.130617,48.811404
2021-1339439,2021-08-30,000001,Vente,916650,47,,RUE BERTHIER,0370,78000,78646,Versailles,78,,,78646000AD0268,,,21,,7,112.2,,,,,,,2,3,Dépendance,,0,,,,,,2.130617,48.811404
2021-1339439,2021-08-30,000001,Vente,916650,47,,RUE BERTHIER,0370,78000,78646,Versailles,78,,,78646000AD0268,,,21,,7,112.2,,,,,,,2,2,Appartement,110,4,,,,,,2.130617,48.811404
2021-1339455,2021-09-10,000001,Vente,548000,21,,BD ST ANTOINE,2690,78000,78646,Versailles,78,,,78646000AC0054,,,308,68.45,469,,,,,,,,2,3,Dépendance,,0,,,,,,2.125692,48.815948
2021-1339455,2021-09-10,000001,Vente,548000,21,,BD ST ANTOINE,2690,78000,78646,Versailles,78,,,78646000AC0054,,,308,68.45,469,,,,,,,,2,2,Appartement,70,3,,,,,,2.125692,48.815948
2021-1339455,2021-09-10,000001,Vente,548000,21,,BD ST ANTOINE,2690,78000,78646,Versailles,78,,,78646000AC0054,,,478,,,,,,,,,,1,3,Dépendance,,0,,,,,,2.125692,48.815948
2021-1339457,2021-09-13,000001,Vente,402071.9,1,,ALL LA BRUYERE,1557,78000,78646,Versailles,78,,,78646000AO0205,,,1680,,,,,,,,,,1,3,Dépendance,,0,,,,,,2.146857,48.813978
2021-1339457,2021-09-13,000001,Vente,402071.9,2,,ALL LA BRUYERE,1557,78000,78646,Versailles,78,,,78646000AO0205,,,1331,68.12,1531,,,,,,,,2,3,Dépendance,,0,,,,,,2.146857,48.813978
2021-1339457,2021-09-13,000001,Vente,402071.9,2,,ALL LA BRUYERE,1557,78000,78646,Versailles,78,,,78646000AO0205,,,1331,68.12,1531,,,,,,,,2,2,Appartement,64,3,,,,,,2.146857,48.813978
2021-1339457,2021-09-13,000001,Vente,402071.9,2,,ALL LA BRUYERE,1557,78000,78646,Versailles,78,,,78646000AO0205,,,1331,68.12,1531,,,,,,,,2,3,Dépendance,,0,,,,,,2.146857,48.813978
2021-1339458,2021-09-10,000001,Vente,893000,18,,RUE DE L OCCIDENT,2100,78000,78646,Versailles,78,,,78646000BV0158,,,18,78.77,22,,23,,39,,40,,5,2,Appartement,118,5,,,,,,2.124881,48.796607
2021-1339458,2021-09-10,000001,Vente,893000,18,,RUE DE L OCCIDENT,2100,78000,78646,Versailles,78,,,78646000BV0158,,,18,78.77,22,,23,,39,,40,,5,3,Dépendance,,0,,,,,,2.124881,48.796607
2021-1339458,2021-09-10,000001,Vente,893000,18,,RUE DE L OCCIDENT,2100,78000,78646,Versailles,78,,,78646000BV0158,,,18,78.77,22,,23,,39,,40,,5,3,Dépendance,,0,,,,,,2.124881,48.796607
2021-1339473,2021-09-07,000001,Vente,449650,62,,RUE DES CHANTIERS,0530,78000,78646,Versailles,78,,,78646000BL0327,,,118,,279,,,,,,,,2,3,Dépendance,,0,,,,,,2.142467,48.792993
2021-1339473,2021-09-07,000001,Vente,449650,62,,RUE DES CHANTIERS,0530,78000,78646,Versailles,78,,,78646000BL0327,,,419,,,,,,,,,,1,3,Dépendance,,0,,,,,,2.142467,48.792993
2021-1339473,2021-09-07,000001,Vente,449650,62,,RUE DES CHANTIERS,0530,78000,78646,Versailles,78,,,78646000BL0327,,,118,,279,,,,,,,,2,2,Appartement,88,4,,,,,,2.142467,48.792993
2021-1339476,2021-09-01,000001,Vente,1785550,4,,VLA DE L ERMITAGE,0942,78000,78646,Versailles,78,,,78646000AC0070,,,,,,,,,,,,,0,1,Maison,178,6,S,sols,,,609,2.124968,48.814512
2021-1339476,2021-09-01,000001,Vente,1785550,4,,VLA DE L ERMITAGE,0942,78000,78646,Versailles,78,,,78646000AC0070,,,,,,,,,,,,,0,1,Maison,30,2,S,sols,,,609,2.124968,48.814512
2021-1339514,2021-09-17,000001,Vente,1021725,8,,RUE DU MAL DE LATTRE DE TASSIG,1790,78000,78646,Versailles,78,,,78646000AL0094,,,29,,,,,,,,,,1,3,Dépendance,,0,,,,,,2.136855,48.815557
2021-1339514,2021-09-17,000001,Vente,1021725,8,,RUE DU MAL DE LATTRE DE TASSIG,1790,78000,78646,Versailles,78,,,78646000AL0094,,,61,,,,,,,,,,1,3,Dépendance,,0,,,,,,2.136855,48.815557
2021-1339519,2021-09-16,000001,Vente,20000,8,,RUE ALBERT JOLY,0050,78000,78646,Versailles,78,,,78646000AK0229,,,94,,,,,,,,,,1,4,Local industriel. commercial ou assimilé,11,0,,,,,,2.135908,48.810277
2021-1339520,2021-08-24,000001,Vente,1200000,71,,AV DU MAL DOUGLAS HAIG,1795,78000,78646,Versailles,78,,,78646000AM0410,,,,,,,,,,,,,0,1,Maison,171,7,S,sols,,,273,2.143516,48.823999
2021-1339520,2021-08-24,000001,Vente,1200000,71,,AV DU MAL DOUGLAS HAIG,1795,78000,78646,Versailles,78,,,78646000AM0410,,,,,,,,,,,,,0,1,Maison,171,7,AG,terrains d'agrément,,,650,2.143516,48.823999
2021-1339521,2021-09-16,000001,Vente,820000,4,,RUE ALBERT SAMAIN,0070,78000,78646,Versailles,78,,,78646000BW0181,,,15,,29,92.52,,,,,,,2,3,Dépendance,,0,,,,,,2.122783,48.794217
2021-1339521,2021-09-16,000001,Vente,820000,4,,RUE ALBERT SAMAIN,0070,78000,78646,Versailles,78,,,78646000BW0181,,,15,,29,92.52,,,,,,,2,2,Appartement,96,4,,,,,,2.122783,48.794217
2021-1339521,2021-09-16,000001,Vente,820000,4,,RUE ALBERT SAMAIN,0070,78000,78646,Versailles,78,,,78646000BW0181,,,13,,,,,,,,,,1,3,Dépendance,,0,,,,,,2.122783,48.794217
2021-1339527,2021-08-25,000001,Vente,646941,13,,RUE DU GENERAL PERSHING,1170,78000,78646,Versailles,78,,,78646000AO0068,,,100,,,,,,,,,,1,2,Appartement,105,3,,,,,,2.148928,48.817113
2021-1339527,2021-08-25,000001,Vente,646941,13,,RUE DU GENERAL PERSHING,1170,78000,78646,Versailles,78,,,78646000AO0068,,,466,,,,,,,,,,1,3,Dépendance,,0,,,,,,2.148928,48.817113
2021-1339527,2021-08-25,000001,Vente,646941,13,,RUE DU GENERAL PERSHING,1170,78000,78646,Versailles,78,,,78646000AO0068,,,454,,,,,,,,,,1,3,Dépendance,,0,,,,,,2.148928,48.817113
2021-1339549,2021-09-03,000001,Vente,635300,36,,RUE HELENE ANDREE,1320,78000,78646,Versailles,78,,,78646000AV0357,,,16,,64,98.37,,,,,,,2,2,Appartement,100,4,,,,,,2.15223,48.811267
2021-1339549,2021-09-03,000001,Vente,635300,36,,RUE HELENE ANDREE,1320,78000,78646,Versailles,78,,,78646000AV0357,,,16,,64,98.37,,,,,,,2,3,Dépendance,,0,,,,,,2.15223,48.811267
2021-1339549,2021-09-03,000001,Vente,635300,36,,RUE HELENE ANDREE,1320,78000,78646,Versailles,78,,,78646000AV0357,,,85,,,,,,,,,,1,3,Dépendance,,0,,,,,,2.15223,48.811267
2021-1339549,2021-09-03,000001,Vente,635300,36,,RUE HELENE ANDREE,1320,78000,78646,Versailles,78,,,78646000AV0357,,,46,,,,,,,,,,1,3,Dépendance,,0,,,,,,2.15223,48.811267
2021-1339549,2021-09-03,000001,Vente,635300,36,,RUE HELENE ANDREE,1320,78000,78646,Versailles,78,,,78646000AV0357,,,25,,,,,,,,,,1,3,Dépendance,,0,,,,,,2.15223,48.811267
2021-1339553,2021-09-15,000001,Vente,800300,8,,RUE ANDRE CHENIER,0160,78000,78646,Versailles,78,,,78646000AI0117,,,15,95.95,16,7.4,57,,63,,,,4,3,Dépendance,,0,,,,,,2.133027,48.806118
2021-1339553,2021-09-15,000001,Vente,800300,8,,RUE ANDRE CHENIER,0160,78000,78646,Versailles,78,,,78646000AI0117,,,15,95.95,16,7.4,57,,63,,,,4,2,Appartement,69,4,,,,,,2.133027,48.806118
2021-1339553,2021-09-15,000001,Vente,800300,8,,RUE ANDRE CHENIER,0160,78000,78646,Versailles,78,,,78646000AI0117,,,42,,,,,,,,,,1,3,Dépendance,,0,,,,,,2.133027,48.806118
2021-1339559,2021-08-17,000001,Vente,165000,8,,AV DU GEN DE GAULLE,1143,78000,78646,Versailles,78,,,78646000AH0225,,,47,48.95,97,,,,,,,,2,3,Dépendance,,0,,,,,,2.128298,48.801276
2021-1339559,2021-08-17,000001,Vente,165000,8,,AV DU GEN DE GAULLE,1143,78000,78646,Versailles,78,,,78646000AH0225,,,47,48.95,97,,,,,,,,2,2,Appartement,49,2,,,,,,2.128298,48.801276
2021-1339560,2021-09-15,000001,Vente,876000,5,,RUE HARDY,1290,78000,78646,Versailles,78,,,78646000BV0013,,,21,,22,,30,,,,,,3,3,Dépendance,,0,,,,,,2.120909,48.800065
2021-1339560,2021-09-15,000001,Vente,876000,5,,RUE HARDY,1290,78000,78646,Versailles,78,,,78646000BV0013,,,21,,22,,30,,,,,,3,3,Dépendance,,0,,,,,,2.120909,48.800065
2021-1339560,2021-09-15,000001,Vente,876000,5,,RUE HARDY,1290,78000,78646,Versailles,78,,,78646000BV0013,,,21,,22,,30,,,,,,3,3,Dépendance,,0,,,,,,2.120909,48.800065
2021-1339560,2021-09-15,000001,Vente,876000,5,,RUE HARDY,1290,78000,78646,Versailles,78,,,78646000BV0013,,,12,102.62,39,,,,,,,,2,2,Appartement,118,4,,,,,,2.120909,48.800065
2021-1339571,2021-09-09,000001,Vente,444000,58,,RUE DES CHANTIERS,0530,78000,78646,Versailles,78,,,78646000BL0327,,,251,,86,82.04,,,,,,,2,2,Appartement,80,4,,,,,,2.142467,48.792993
2021-1339571,2021-09-09,000001,Vente,444000,58,,RUE DES CHANTIERS,0530,78000,78646,Versailles,78,,,78646000BL0327,,,251,,86,82.04,,,,,,,2,3,Dépendance,,0,,,,,,2.142467,48.792993
2021-1339571,2021-09-09,000001,Vente,444000,58,,RUE DES CHANTIERS,0530,78000,78646,Versailles,78,,,78646000BL0327,,,403,,,,,,,,,,1,3,Dépendance,,0,,,,,,2.142467,48.792993
2021-1339622,2021-09-10,000001,Vente,120000,23,,RUE DE L ORANGERIE,2110,78000,78646,Versailles,78,,,78646000AH0115,,,107,,,,,,,,,,1,3,Dépendance,,0,,,,,,2.122802,48.800477
2021-1339622,2021-09-10,000001,Vente,120000,23,,RUE DE L ORANGERIE,2110,78000,78646,Versailles,78,,,78646000AH0115,,,108,,,,,,,,,,1,3,Dépendance,,0,,,,,,2.122802,48.800477
2021-1339636,2021-08-26,000001,Vente,445000,18,,AV DES ETATS UNIS,0990,78000,78646,Versailles,78,,,78646000AX0263,,,17,57.07,35,,,,,,,,2,3,Dépendance,,0,,,,,,2.14347,48.806371
2021-1339636,2021-08-26,000001,Vente,445000,18,,AV DES ETATS UNIS,0990,78000,78646,Versailles,78,,,78646000AX0263,,,17,57.07,35,,,,,,,,2,2,Appartement,62,3,,,,,,2.14347,48.806371
2021-1339639,2021-09-10,000001,Vente,235200,12,,AV DE PORCHEFONTAINE,2380,78000,78646,Versailles,78,,,78646000BK0021,,,717,,751,37.64,,,,,,,2,3,Dépendance,,0,,,,,,2.152071,48.797176
2021-1339639,2021-09-10,000001,Vente,235200,12,,AV DE PORCHEFONTAINE,2380,78000,78646,Versailles,78,,,78646000BK0021,,,1805,,,,,,,,,,1,3,Dépendance,,0,,,,,,2.152071,48.797176
2021-1339639,2021-09-10,000001,Vente,235200,12,,AV DE PORCHEFONTAINE,2380,78000,78646,Versailles,78,,,78646000BK0021,,,717,,751,37.64,,,,,,,2,2,Appartement,37,1,,,,,,2.152071,48.797176
2021-1339642,2021-09-16,000001,Vente,789740,11,B,RUE DES MOINES,1930,78000,78646,Versailles,78,,,78646000BI0057,,,,,,,,,,,,,0,3,Dépendance,,0,S,sols,,,202,2.154205,48.793254
2021-1339642,2021-09-16,000001,Vente,789740,11,B,RUE DES MOINES,1930,78000,78646,Versailles,78,,,78646000BI0057,,,,,,,,,,,,,0,1,Maison,80,4,S,sols,,,202,2.154205,48.793254
2021-1339655,2021-08-26,000001,Vente,406100,31,,RUE DES BOURDONNAIS,0400,78000,78646,Versailles,78,,,78646000BT0138,,,12,,2,51.67,,,,,,,2,2,Appartement,51,2,,,,,,2.127698,48.795324
2021-1339655,2021-08-26,000001,Vente,406100,31,,RUE DES BOURDONNAIS,0400,78000,78646,Versailles,78,,,78646000BT0138,,,12,,2,51.67,,,,,,,2,3,Dépendance,,0,,,,,,2.127698,48.795324
2021-1339675,2021-09-13,000001,Vente,150000,2,T,RUE DU JEU DE PAUME,1490,78000,78646,Versailles,78,,,78646000AH0103,,,24,15.6,,,,,,,,,1,2,Appartement,18,1,,,,,,2.123552,48.801086
2021-1339698,2021-09-08,000001,Vente,145000,105,B,RUE YVES LE COZ,3210,78000,78646,Versailles,78,,,78646000BE0009,,,9,29.57,,,,,,,,,1,2,Appartement,29,1,,,,,,2.155259,48.794293
2021-1339706,2021-09-16,000001,Vente,510000,1,,PL ST SYMPHORIEN,2912,78000,78646,Versailles,78,,,78646000AX0357,,,17,70.12,18,,,,,,,,2,2,Appartement,61,4,,,,,,2.145708,48.804238
2021-1339706,2021-09-16,000001,Vente,510000,1,,PL ST SYMPHORIEN,2912,78000,78646,Versailles,78,,,78646000AX0357,,,17,70.12,18,,,,,,,,2,3,Dépendance,,0,,,,,,2.145708,48.804238
2021-1339715,2021-09-17,000001,Vente,687650,2,,RUE GABRIEL,1130,78000,78646,Versailles,78,,,78646000AD0373,,,23,,,,,,,,,,1,3,Dépendance,,0,,,,,,2.133205,48.812898
2021-1339715,2021-09-17,000001,Vente,687650,2,,RUE GABRIEL,1130,78000,78646,Versailles,78,,,78646000AD0373,,,15,,36,,,,,,,,2,2,Appartement,93,3,,,,,,2.133205,48.812898
2021-1339715,2021-09-17,000001,Vente,687650,2,,RUE GABRIEL,1130,78000,78646,Versailles,78,,,78646000AD0373,,,15,,36,,,,,,,,2,3,Dépendance,,0,,,,,,2.133205,48.812898
2021-1339733,2021-08-30,000001,Vente en l'état futur d'achèvement,565000,9,,RUE VAUBAN,3110,78000,78646,Versailles,78,,,78646000AY0310,,,937,,,,,,,,,,1,3,Dépendance,,0,,,,,,2.15313,48.799852
2021-1339733,2021-08-30,000001,Vente en l'état futur d'achèvement,565000,9,,RUE VAUBAN,3110,78000,78646,Versailles,78,,,78646000AY0310,,,232,,,,,,,,,,1,2,Appartement,65,3,,,,,,2.15313,48.799852
2021-1339733,2021-08-30,000001,Vente en l'état futur d'achèvement,565000,9,,RUE VAUBAN,3110,78000,78646,Versailles,78,,,78646000AY0310,,,963,,,,,,,,,,1,3,Dépendance,,0,,,,,,2.15313,48.799852
2021-1339755,2021-09-13,000001,Vente,325828,47,,RUE DE VERGENNES,3150,78000,78646,Versailles,78,,,78646000BS0065,,,6,42.51,,,,,,,,,1,2,Appartement,41,2,,,,,,2.137776,48.79692
2021-1339755,2021-09-13,000001,Vente,325828,47,,RUE DE VERGENNES,3150,78000,78646,Versailles,78,,,78646000BS0065,,,6,42.51,,,,,,,,,1,3,Dépendance,,0,,,,,,2.137776,48.79692
2021-1339790,2021-09-16,000001,Vente,123000,98,,AV DE PARIS,2180,78000,78646,Versailles,78,,,78646000BK0001,,,52,14.33,,,,,,,,,1,3,Dépendance,,0,,,,,,2.149414,48.797242
2021-1339790,2021-09-16,000001,Vente,123000,98,,AV DE PARIS,2180,78000,78646,Versailles,78,,,78646000BK0001,,,377,,,,,,,,,,1,3,Dépendance,,0,,,,,,2.149414,48.797242
2021-1339862,2021-09-17,000001,Vente,246000,7,,RUE DES DEUX PORTES,0780,78000,78646,Versailles,78,,,78646000AE0260,,,45,,46,,,,,,,,2,2,Appartement,40,2,,,,,,2.130361,48.805999
2021-1339863,2021-08-25,000001,Vente,1126700,106,,RUE JEAN DE LA FONTAINE,1439,78000,78646,Versailles,78,,,78646000BI0074,,,,,,,,,,,,,0,1,Maison,179,9,S,sols,,,353,2.15241,48.79225
2021-1339885,2021-09-10,000001,Vente,650000,14,,RUE DU GENERAL PERSHING,1170,78000,78646,Versailles,78,,,78646000AS0056,,,100,,,,,,,,,,1,3,Dépendance,,0,,,,,,2.151346,48.814959
2021-1339885,2021-09-10,000001,Vente,650000,14,,RUE DU GENERAL PERSHING,1170,78000,78646,Versailles,78,,,78646000AS0056,,,180,,,,,,,,,,1,3,Dépendance,,0,,,,,,2.151346,48.814959
2021-1339885,2021-09-10,000001,Vente,650000,14,,RUE DU GENERAL PERSHING,1170,78000,78646,Versailles,78,,,78646000AS0056,,,138,,,,,,,,,,1,3,Dépendance,,0,,,,,,2.151346,48.814959
2021-1339885,2021-09-10,000001,Vente,650000,14,,RUE DU GENERAL PERSHING,1170,78000,78646,Versailles,78,,,78646000AS0056,,,121,,137,,,,,,,,2,2,Appartement,116,5,,,,,,2.151346,48.814959
2021-1339892,2021-09-15,000001,Vente,1045000,7,,RUE LA QUINTINIE,2470,78000,78646,Versailles,78,,,78646000BV0007,,,107,,12,,13,,19,,,,4,3,Dépendance,,0,,,,,,2.12019,48.800208
2021-1339892,2021-09-15,000001,Vente,1045000,7,,RUE LA QUINTINIE,2470,78000,78646,Versailles,78,,,78646000BV0007,,,107,,14,,15,,,,,,3,2,Appartement,83,3,,,,,,2.12019,48.800208
2021-1339892,2021-09-15,000001,Vente,1045000,7,,RUE LA QUINTINIE,2470,78000,78646,Versailles,78,,,78646000BV0007,,,107,,12,,13,,19,,,,4,2,Appartement,35,2,,,,,,2.12019,48.800208
2021-1339892,2021-09-15,000001,Vente,1045000,7,,RUE LA QUINTINIE,2470,78000,78646,Versailles,78,,,78646000BV0007,,,3,,,,,,,,,,1,3,Dépendance,,0,,,,,,2.12019,48.800208
2021-1339902,2021-09-10,000001,Vente,660287,4,,RUE RAMEAU,2490,78000,78646,Versailles,78,,,78646000AE0089,,,9,96.73,,,,,,,,,1,2,Appartement,81,4,,,,,,2.130902,48.807434
2021-1339902,2021-09-10,000001,Vente,660287,4,,RUE RAMEAU,2490,78000,78646,Versailles,78,,,78646000AE0089,,,9,96.73,,,,,,,,,1,3,Dépendance,,0,,,,,,2.130902,48.807434
2021-1339902,2021-09-10,000001,Vente,660287,4,,RUE RAMEAU,2490,78000,78646,Versailles,78,,,78646000AE0089,,,9,96.73,,,,,,,,,1,3,Dépendance,,0,,,,,,2.130902,48.807434
2021-1339929,2021-09-09,000001,Vente,252010,8,,AV DU GEN DE GAULLE,1143,78000,78646,Versailles,78,,,78646000AH0225,,,74,,,,,,,,,,1,3,Dépendance,,0,,,,,,2.128298,48.801276
2021-1339929,2021-09-09,000001,Vente,252010,8,,AV DU GEN DE GAULLE,1143,78000,78646,Versailles,78,,,78646000AH0225,,,174,,,,,,,,,,1,3,Dépendance,,0,,,,,,2.128298,48.801276
2021-1339929,2021-09-09,000001,Vente,252010,8,,AV DU GEN DE GAULLE,1143,78000,78646,Versailles,78,,,78646000AH0225,,,74,,,,,,,,,,1,2,Appartement,69,3,,,,,,2.128298,48.801276
2021-1339929,2021-09-09,000001,Vente,252010,8,,AV DU GEN DE GAULLE,1143,78000,78646,Versailles,78,,,78646000AH0225,,,74,,,,,,,,,,1,3,Dépendance,,0,,,,,,2.128298,48.801276
2021-1339980,2021-09-03,000001,Vente,475000,13,,RUE DES RECOLLETS,2500,78000,78646,Versailles,78,,,78646000AH0055,,,21,64.41,29,,30,,34,,,,4,2,Appartement,28,1,,,,,,2.122307,48.801671
2021-1339980,2021-09-03,000001,Vente,475000,13,,RUE DES RECOLLETS,2500,78000,78646,Versailles,78,,,78646000AH0055,,,28,,,,,,,,,,1,3,Dépendance,,0,,,,,,2.122307,48.801671
2021-1339980,2021-09-03,000001,Vente,475000,13,,RUE DES RECOLLETS,2500,78000,78646,Versailles,78,,,78646000AH0055,,,21,64.41,29,,30,,34,,,,4,3,Dépendance,,0,,,,,,2.122307,48.801671
2021-1339980,2021-09-03,000001,Vente,475000,13,,RUE DES RECOLLETS,2500,78000,78646,Versailles,78,,,78646000AH0055,,,21,64.41,29,,30,,34,,,,4,3,Dépendance,,0,,,,,,2.122307,48.801671
2021-1339983,2021-09-21,000001,Vente,1265000,18,,RUE DE MOUCHY,2010,78000,78646,Versailles,78,,,78646000AD0179,,,2,111.14,3,,,,,,,,2,2,Appartement,98,4,,,,,,2.127603,48.810999
2021-1339984,2021-08-30,000001,Vente,441350,14,B,RUE BENJAMIN FRANKLIN,0340,78000,78646,Versailles,78,,,78646000BR0190,,,337,,,,,,,,,,1,3,Dépendance,,0,,,,,,2.135581,48.798108
2021-1339984,2021-08-30,000001,Vente,441350,47,,RUE DES ETATS GENERAUX,0980,78000,78646,Versailles,78,,,78646000BR0190,,,143,,69,,,,,,,,2,2,Appartement,56,3,,,,,,2.135581,48.798108
2021-1339984,2021-08-30,000001,Vente,441350,47,,RUE DES ETATS GENERAUX,0980,78000,78646,Versailles,78,,,78646000BR0190,,,143,,69,,,,,,,,2,3,Dépendance,,0,,,,,,2.135581,48.798108
2021-1339987,2021-09-23,000001,Vente,180000,35,,RUE SAINT HONORE,2780,78000,78646,Versailles,78,,,78646000BV0180,,,16,,8,20.71,,,,,,,2,3,Dépendance,,0,,,,,,2.123788,48.795926
2021-1339987,2021-09-23,000001,Vente,180000,35,,RUE SAINT HONORE,2780,78000,78646,Versailles,78,,,78646000BV0180,,,16,,8,20.71,,,,,,,2,2,Appartement,20,1,,,,,,2.123788,48.795926
2021-1340021,2021-08-30,000001,Vente,365000,98,,AV DE PARIS,2180,78000,78646,Versailles,78,,,78646000BK0001,,,127,70,274,,,,,,,,2,3,Dépendance,,0,,,,,,2.149414,48.797242
2021-1340021,2021-08-30,000001,Vente,365000,98,,AV DE PARIS,2180,78000,78646,Versailles,78,,,78646000BK0001,,,528,,,,,,,,,,1,3,Dépendance,,0,,,,,,2.149414,48.797242
2021-1340021,2021-08-30,000001,Vente,365000,98,,AV DE PARIS,2180,78000,78646,Versailles,78,,,78646000BK0001,,,127,70,274,,,,,,,,2,2,Appartement,70,3,,,,,,2.149414,48.797242
2021-1340051,2021-09-03,000001,Vente,200000,9,,RUE SAINT MEDERIC,2840,78000,78646,Versailles,78,,,78646000BT0139,,,12,,13,,21,,35,,,,4,2,Appartement,21,1,,,,,,2.127615,48.79546
2021-1340051,2021-09-03,000001,Vente,200000,9,,RUE SAINT MEDERIC,2840,78000,78646,Versailles,78,,,78646000BT0139,,,12,,13,,21,,35,,,,4,3,Dépendance,,0,,,,,,2.127615,48.79546
2021-1340051,2021-09-03,000001,Vente,200000,9,,RUE SAINT MEDERIC,2840,78000,78646,Versailles,78,,,78646000BT0139,,,12,,13,,21,,35,,,,4,3,Dépendance,,0,,,,,,2.127615,48.79546
2021-1340122,2021-09-01,000001,Vente,315000,35,,BD ST ANTOINE,2690,78000,78646,Versailles,78,,,78646000AB0031,,,261,,296,66.55,,,,,,,2,2,Appartement,66,4,,,,,,2.121628,48.817201
2021-1340122,2021-09-01,000001,Vente,315000,35,,BD ST ANTOINE,2690,78000,78646,Versailles,78,,,78646000AB0031,,,261,,296,66.55,,,,,,,2,3,Dépendance,,0,,,,,,2.121628,48.817201
2021-1340122,2021-09-01,000001,Vente,315000,36,,RUE DE L ERMITAGE,0940,78000,78646,Versailles,78,,,78646000AB0031,,,324,,,,,,,,,,1,3,Dépendance,,0,,,,,,2.121628,48.817201
2021-1340124,2021-09-06,000001,Vente,435600,64,,RUE ROYALE,2648,78000,78646,Versailles,78,,,78646000BV0170,,,11,57.04,18,,31,,,,,,3,2,Appartement,59,3,,,,,,2.125374,48.796098
2021-1340124,2021-09-06,000001,Vente,435600,64,,RUE ROYALE,2648,78000,78646,Versailles,78,,,78646000BV0170,,,11,57.04,18,,31,,,,,,3,3,Dépendance,,0,,,,,,2.125374,48.796098
2021-1340124,2021-09-06,000001,Vente,435600,64,,RUE ROYALE,2648,78000,78646,Versailles,78,,,78646000BV0170,,,11,57.04,18,,31,,,,,,3,3,Dépendance,,0,,,,,,2.125374,48.796098
2021-1340132,2021-09-10,000001,Vente,684400,13,,RUE DU PARC DE CLAGNY,2171,78000,78646,Versailles,78,,,78646000AK0081,,,31,,7,87.01,,,,,,,2,2,Appartement,88,4,,,,,,2.140076,48.81044
2021-1340132,2021-09-10,000001,Vente,684400,13,,RUE DU PARC DE CLAGNY,2171,78000,78646,Versailles,78,,,78646000AK0081,,,31,,7,87.01,,,,,,,2,3,Dépendance,,0,,,,,,2.140076,48.81044
2021-1340132,2021-09-10,000001,Vente,684400,13,,RUE DU PARC DE CLAGNY,2171,78000,78646,Versailles,78,,,78646000AK0081,,,24,,,,,,,,,,1,3,Dépendance,,0,,,,,,2.140076,48.81044
2021-1340133,2021-09-15,000001,Vente,343500,6,,RUE EDOUARD CHARTON,0890,78000,78646,Versailles,78,,,78646000BT0067,,,16,,19,,32,39.23,,,,,3,3,Dépendance,,0,,,,,,2.130673,48.796048
2021-1340133,2021-09-15,000001,Vente,343500,6,,RUE EDOUARD CHARTON,0890,78000,78646,Versailles,78,,,78646000BT0067,,,16,,19,,32,39.23,,,,,3,2,Appartement,40,2,,,,,,2.130673,48.796048
2021-1340133,2021-09-15,000001,Vente,343500,6,,RUE EDOUARD CHARTON,0890,78000,78646,Versailles,78,,,78646000BT0067,,,16,,19,,32,39.23,,,,,3,3,Dépendance,,0,,,,,,2.130673,48.796048
2021-1340174,2021-08-31,000001,Vente,530500,155,,BD DE LA REINE,2520,78000,78646,Versailles,78,,,78646000AR0073,,,107,,53,85.35,,,,,,,2,3,Dépendance,,0,,,,,,2.145056,48.808479
2021-1340174,2021-08-31,000001,Vente,530500,155,,BD DE LA REINE,2520,78000,78646,Versailles,78,,,78646000AR0073,,,147,,,,,,,,,,1,3,Dépendance,,0,,,,,,2.145056,48.808479
2021-1340174,2021-08-31,000001,Vente,530500,155,,BD DE LA REINE,2520,78000,78646,Versailles,78,,,78646000AR0073,,,107,,53,85.35,,,,,,,2,2,Appartement,85,5,,,,,,2.145056,48.808479
2021-1340220,2021-09-09,000001,Vente,597300,3,,PROM VENEZIA,3135,78000,78646,Versailles,78,,,78646000AZ0110,,,2296,,2353,,,,,,,,2,2,Appartement,118,5,,,,,,2.158672,48.8041
2021-1340220,2021-09-09,000001,Vente,597300,5,,RUE DE L ECOLE DES POSTES,0850,78000,78646,Versailles,78,,,78646000AZ0110,,,2318,,,,,,,,,,1,3,Dépendance,,0,,,,,,2.158672,48.8041
2021-1340220,2021-09-09,000001,Vente,597300,3,,PROM VENEZIA,3135,78000,78646,Versailles,78,,,78646000AZ0110,,,2296,,2353,,,,,,,,2,3,Dépendance,,0,,,,,,2.158672,48.8041
2021-1340247,2021-09-03,000001,Vente,690200,7,,RUE DES PRES AUX BOIS,2430,78000,78646,Versailles,78,,,78646000BC0125,,,37,,56,,,,,,,,2,2,Appartement,121,5,,,,,,2.159314,48.799944
2021-1340247,2021-09-03,000001,Vente,690200,7,,RUE DES PRES AUX BOIS,2430,78000,78646,Versailles,78,,,78646000BC0125,,,37,,56,,,,,,,,2,3,Dépendance,,0,,,,,,2.159314,48.799944
2021-1340247,2021-09-03,000001,Vente,690200,7,,RUE DES PRES AUX BOIS,2430,78000,78646,Versailles,78,,,78646000BC0125,,,99,,,,,,,,,,1,3,Dépendance,,0,,,,,,2.159314,48.799944
2021-1340247,2021-09-03,000001,Vente,690200,7,,RUE DES PRES AUX BOIS,2430,78000,78646,Versailles,78,,,78646000BC0125,,,98,,,,,,,,,,1,3,Dépendance,,0,,,,,,2.159314,48.799944
2021-1340247,2021-09-03,000001,Vente,690200,7,,RUE DES PRES AUX BOIS,2430,78000,78646,Versailles,78,,,78646000BC0125,,,97,,,,,,,,,,1,3,Dépendance,,0,,,,,,2.159314,48.799944
2021-1340261,2021-09-17,000001,Vente,315000,2,,PAS DE LA CHARITE,0154,78000,78646,Versailles,78,,,78646000AI0317,,,43,30.02,94,,,,,,,,2,2,Appartement,28,1,,,,,,2.133269,48.807902
2021-1340281,2021-09-17,000001,Vente,20500,136,B,AV DES ETATS UNIS,0990,78000,78646,Versailles,78,,,78646000AV0132,,,48,,,,,,,,,,1,3,Dépendance,,0,,,,,,2.15451,48.812449
2021-1340283,2021-09-16,000001,Vente,355000,53,,RUE D ANJOU,0190,78000,78646,Versailles,78,,,78646000BT0056,,,48,,49,,,,,,,,2,2,Appartement,42,2,,,,,,2.127998,48.796684
2021-1340284,2021-09-13,000001,Vente,197135,15,,RUE BENJAMIN FRANKLIN,0340,78000,78646,Versailles,78,,,78646000BS0035,,,36,,56,,,,,,,,2,3,Dépendance,,0,,,,,,2.136519,48.797884
2021-1340284,2021-09-13,000001,Vente,197135,15,,RUE BENJAMIN FRANKLIN,0340,78000,78646,Versailles,78,,,78646000BS0035,,,36,,56,,,,,,,,2,2,Appartement,25,1,,,,,,2.136519,48.797884
2021-1340284,2021-09-13,000001,Vente,197135,15,,RUE BENJAMIN FRANKLIN,0340,78000,78646,Versailles,78,,,78646000BS0035,,,153,,,,,,,,,,1,3,Dépendance,,0,,,,,,2.136519,48.797884
2021-1340290,2021-09-03,000001,Vente,484823,5,,RUE DU MAL JOFFRE,1820,78000,78646,Versailles,78,,,78646000BV0052,,,90,64.66,,,,,,,,,1,2,Appartement,48,2,,,,,,2.124321,48.799107
2021-1340290,2021-09-03,000001,Vente,484823,5,,RUE DU MAL JOFFRE,1820,78000,78646,Versailles,78,,,78646000BV0052,,,90,64.66,,,,,,,,,1,3,Dépendance,,0,,,,,,2.124321,48.799107
2021-1340304,2021-09-17,000001,Vente,675000,18,,RUE LOUIS HAUSSMANN,1679,78000,78646,Versailles,78,,,78646000AS0058,,,13,,14,,,,,,,,2,3,Dépendance,,0,,,,,,2.146314,48.810582
2021-1340304,2021-09-17,000001,Vente,675000,18,,RUE LOUIS HAUSSMANN,1679,78000,78646,Versailles,78,,,78646000AS0058,,,28,,,,,,,,,,1,3,Dépendance,,0,,,,,,2.146314,48.810582
2021-1340304,2021-09-17,000001,Vente,675000,18,,RUE LOUIS HAUSSMANN,1679,78000,78646,Versailles,78,,,78646000AS0058,,,39,89,40,,,,,,,,2,4,Local industriel. commercial ou assimilé,114,0,,,,,,2.146314,48.810582
2021-1340470,2021-09-24,000001,Vente,2230000,7,,RUE RICHAUD,2610,78000,78646,Versailles,78,,,78646000AI0313,,,343,,,,,,,,,,1,3,Dépendance,,0,,,,,,2.135209,48.807376
2021-1340470,2021-09-24,000001,Vente,2230000,5,A,RUE RICHAUD,2610,78000,78646,Versailles,78,,,78646000AI0316,,,9,202.02,,,,,,,,,1,2,Appartement,200,6,,,,,,2.134167,48.807966
2021-1340470,2021-09-24,000001,Vente,2230000,5,A,RUE RICHAUD,2610,78000,78646,Versailles,78,,,78646000AI0316,,,9,202.02,,,,,,,,,1,3,Dépendance,,0,,,,,,2.134167,48.807966
2021-1340477,2021-09-10,000001,Vente,800250,108,,BD DE LA REINE,2520,78000,78646,Versailles,78,,,78646000AX0037,,,261,,27,107.89,,,,,,,2,3,Dépendance,,0,,,,,,2.142871,48.807658
2021-1340477,2021-09-10,000001,Vente,800250,108,,BD DE LA REINE,2520,78000,78646,Versailles,78,,,78646000AX0037,,,167,,,,,,,,,,1,3,Dépendance,,0,,,,,,2.142871,48.807658
2021-1340477,2021-09-10,000001,Vente,800250,108,,BD DE LA REINE,2520,78000,78646,Versailles,78,,,78646000AX0037,,,261,,27,107.89,,,,,,,2,2,Appartement,110,5,,,,,,2.142871,48.807658
2021-1340481,2021-09-22,000001,Vente,539140,28,,RUE HENRI SIMON,1330,78000,78646,Versailles,78,,,78646000AW0006,,,429,80.55,439,,,,,,,,2,2,Appartement,83,3,,,,,,2.15013,48.808121
2021-1340481,2021-09-22,000001,Vente,539140,28,,RUE HENRI SIMON,1330,78000,78646,Versailles,78,,,78646000AW0006,,,1088,,,,,,,,,,1,3,Dépendance,,0,,,,,,2.15013,48.808121
2021-1340481,2021-09-22,000001,Vente,539140,28,,RUE HENRI SIMON,1330,78000,78646,Versailles,78,,,78646000AW0006,,,429,80.55,439,,,,,,,,2,3,Dépendance,,0,,,,,,2.15013,48.808121
2021-1340490,2021-09-16,000001,Vente,180000,17,,BD DU ROI,2641,78000,78646,Versailles,78,,,78646000AC0168,,,42,,45,,46,,47,,,,4,3,Dépendance,,0,,,,,,2.125947,48.811478
2021-1340490,2021-09-16,000001,Vente,180000,17,,BD DU ROI,2641,78000,78646,Versailles,78,,,78646000AC0168,,,42,,45,,46,,47,,,,4,2,Appartement,15,1,,,,,,2.125947,48.811478
2021-1340496,2021-09-08,000001,Vente,541613,5,,RUE CHAMP LAGARDE,0490,78000,78646,Versailles,78,,,78646000BP0207,,,104,,,,,,,,,,1,3,Dépendance,,0,,,,,,2.144353,48.801239
2021-1340496,2021-09-08,000001,Vente,541613,5,,RUE CHAMP LAGARDE,0490,78000,78646,Versailles,78,,,78646000BP0207,,,23,81.17,36,,,,,,,,2,3,Dépendance,,0,,,,,,2.144353,48.801239
2021-1340496,2021-09-08,000001,Vente,541613,5,,RUE CHAMP LAGARDE,0490,78000,78646,Versailles,78,,,78646000BP0207,,,23,81.17,36,,,,,,,,2,3,Dépendance,,0,,,,,,2.144353,48.801239
2021-1340496,2021-09-08,000001,Vente,541613,5,,RUE CHAMP LAGARDE,0490,78000,78646,Versailles,78,,,78646000BP0207,,,23,81.17,36,,,,,,,,2,2,Appartement,82,4,,,,,,2.144353,48.801239
2021-1340512,2021-09-21,000001,Vente,83000,6,,RUE SAINT JULIEN,2790,78000,78646,Versailles,78,,,78646000AH0005,,,16,,,,,,,,,,1,2,Appartement,11,1,,,,,,2.122175,48.802395
2021-1340538,2021-09-16,000001,Vente,35000,21,,RUE DU REFUGE,2510,78000,78646,Versailles,78,,,78646000AX0339,,,120,,,,,,,,,,1,3,Dépendance,,0,,,,,,2.144251,48.804411
2021-1340564,2021-09-23,000001,Vente,200000,6,,PL HOCHE,1340,78000,78646,Versailles,78,,,78646000AE0320,,,31,,,,,,,,,,1,2,Appartement,25,1,,,,,,2.127801,48.8055
2021-1340565,2021-09-07,000001,Vente,522000,64,,RUE DES CHANTIERS,0530,78000,78646,Versailles,78,,,78646000BL0326,,,479,,53,,,,,,,,2,3,Dépendance,,0,,,,,,2.143523,48.792624
2021-1340565,2021-09-07,000001,Vente,522000,64,,RUE DES CHANTIERS,0530,78000,78646,Versailles,78,,,78646000BL0326,,,479,,53,,,,,,,,2,2,Appartement,112,3,,,,,,2.143523,48.792624
2021-1340565,2021-09-07,000001,Vente,522000,64,,RUE DES CHANTIERS,0530,78000,78646,Versailles,78,,,78646000BL0326,,,331,,,,,,,,,,1,3,Dépendance,,0,,,,,,2.143523,48.792624
2021-1340578,2021-09-29,000001,Vente,625400,45,,RUE CARNOT,0440,78000,78646,Versailles,78,,,78646000AE0279,,,13,,38,,,,,,,,2,2,Appartement,72,4,,,,,,2.130718,48.805625
2021-1340582,2021-09-10,000001,Vente,418000,49,,RUE DE MONTREUIL,2000,78000,78646,Versailles,78,,,78646000AX0303,,,10,,8,,9,,,,,,3,2,Appartement,52,3,,,,,,2.14551,48.804893
2021-1340595,2021-09-06,000001,Vente,575000,45,,RUE D ANJOU,0190,78000,78646,Versailles,78,,,78646000BT0049,,,8,86.21,9,,,,,,,,2,3,Dépendance,,0,,,,,,2.127484,48.796849
2021-1340595,2021-09-06,000001,Vente,575000,45,,RUE D ANJOU,0190,78000,78646,Versailles,78,,,78646000BT0049,,,8,86.21,9,,,,,,,,2,3,Dépendance,,0,,,,,,2.127484,48.796849
2021-1340595,2021-09-06,000001,Vente,575000,45,,RUE D ANJOU,0190,78000,78646,Versailles,78,,,78646000BT0049,,,8,86.21,9,,,,,,,,2,2,Appartement,79,4,,,,,,2.127484,48.796849
2021-1340595,2021-09-06,000001,Vente,575000,45,,RUE D ANJOU,0190,78000,78646,Versailles,78,,,78646000BT0049,,,8,86.21,9,,,,,,,,2,3,Dépendance,,0,,,,,,2.127484,48.796849
2021-1340615,2021-09-15,000001,Vente,462600,22,,RUE JACQUES LEMERCIER,1420,78000,78646,Versailles,78,,,78646000AO0017,,,69,,,,,,,,,,1,3,Dépendance,,0,,,,,,2.149694,48.813972
2021-1340615,2021-09-15,000001,Vente,462600,22,,RUE JACQUES LEMERCIER,1420,78000,78646,Versailles,78,,,78646000AO0017,,,21,68.41,56,,,,,,,,2,3,Dépendance,,0,,,,,,2.149694,48.813972
2021-1340615,2021-09-15,000001,Vente,462600,22,,RUE JACQUES LEMERCIER,1420,78000,78646,Versailles,78,,,78646000AO0017,,,21,68.41,56,,,,,,,,2,2,Appartement,66,2,,,,,,2.149694,48.813972
2021-1340631,2021-09-23,000001,Vente,240000,33,,RUE DE MONTREUIL,2000,78000,78646,Versailles,78,,,78646000AX0296,,,1,37.6,8,,,,,,,,2,4,Local industriel. commercial ou assimilé,40,0,,,,,,2.144563,48.80518
2021-1340635,2021-09-15,000001,Vente,326000,102,,AV DES ETATS UNIS,0990,78000,78646,Versailles,78,,,78646000AV0364,,,26,41,,,,,,,,,1,2,Appartement,47,2,,,,,,2.152749,48.81152
2021-1340635,2021-09-15,000001,Vente,326000,102,,AV DES ETATS UNIS,0990,78000,78646,Versailles,78,,,78646000AV0364,,,86,,,,,,,,,,1,3,Dépendance,,0,,,,,,2.152749,48.81152
2021-1340635,2021-09-15,000001,Vente,326000,102,,AV DES ETATS UNIS,0990,78000,78646,Versailles,78,,,78646000AV0364,,,26,41,,,,,,,,,1,3,Dépendance,,0,,,,,,2.152749,48.81152
2021-1340641,2021-09-10,000001,Vente,178000,33,,RUE REMILLY,2530,78000,78646,Versailles,78,,,78646000AK0058,,,66,21.42,,,,,,,,,1,2,Appartement,19,1,,,,,,2.139885,48.811777
2021-1340645,2021-09-10,000001,Vente,355000,23,,RUE HOCHE,1350,78000,78646,Versailles,78,,,78646000AE0202,,,14,54.76,,,,,,,,,1,2,Appartement,50,2,,,,,,2.128088,48.807322
2021-1340647,2021-09-14,000001,Vente,465000,18,,RUE SAINTE SOPHIE,2890,78000,78646,Versailles,78,,,78646000AD0311,,,29,62.3,45,,,,,,,,2,3,Dépendance,,0,,,,,,2.133996,48.811487
2021-1340647,2021-09-14,000001,Vente,465000,18,,RUE SAINTE SOPHIE,2890,78000,78646,Versailles,78,,,78646000AD0311,,,29,62.3,45,,,,,,,,2,2,Appartement,66,3,,,,,,2.133996,48.811487
2021-1340702,2021-09-24,000001,Vente,89500,2,,RUE DE LA CEINTURE,0460,78000,78646,Versailles,78,,,78646000AW0219,,,345,15.47,,,,,,,,,1,3,Dépendance,,0,,,,,,2.147909,48.808568
2021-1340719,2021-09-30,000001,Vente,1595600,35,,RUE SAINTE SOPHIE,2890,78000,78646,Versailles,78,,,78646000AD0368,,,,,,,,,,,,,0,1,Maison,135,7,S,sols,,,338,2.13388,48.813864
2021-1340741,2021-09-29,000001,Vente,369550,14,,RUE DU GENERAL PERSHING,1170,78000,78646,Versailles,78,,,78646000AS0056,,,139,68.38,142,,,,,,,,2,3,Dépendance,,0,,,,,,2.151346,48.814959
2021-1340741,2021-09-29,000001,Vente,369550,14,,RUE DU GENERAL PERSHING,1170,78000,78646,Versailles,78,,,78646000AS0056,,,186,,,,,,,,,,1,3,Dépendance,,0,,,,,,2.151346,48.814959
2021-1340741,2021-09-29,000001,Vente,369550,14,,RUE DU GENERAL PERSHING,1170,78000,78646,Versailles,78,,,78646000AS0056,,,139,68.38,142,,,,,,,,2,2,Appartement,75,3,,,,,,2.151346,48.814959
2021-1340743,2021-09-03,000001,Vente,916500,18,,RUE DU PARC DE CLAGNY,2171,78000,78646,Versailles,78,,,78646000AP0097,,,147,,170,,,,,,,,2,2,Appartement,120,5,,,,,,2.141563,48.813647
2021-1340743,2021-09-03,000001,Vente,916500,18,,RUE DU PARC DE CLAGNY,2171,78000,78646,Versailles,78,,,78646000AP0097,,,320,,376,,,,,,,,2,3,Dépendance,,0,,,,,,2.141563,48.813647
2021-1340743,2021-09-03,000001,Vente,916500,18,,RUE DU PARC DE CLAGNY,2171,78000,78646,Versailles,78,,,78646000AP0097,,,147,,170,,,,,,,,2,3,Dépendance,,0,,,,,,2.141563,48.813647
2021-1340776,2021-09-07,000001,Vente,1076200,137,,RUE YVES LE COZ,3210,78000,78646,Versailles,78,,,78646000BI0030,,,,,,,,,,,,,0,1,Maison,102,5,S,sols,,,587,2.152565,48.792715
2021-1340800,2021-09-15,000001,Vente,7500,45,,AV DE SAINT CLOUD,2730,78000,78646,Versailles,78,,,78646000AI0134,,,47,,,,,,,,,,1,3,Dépendance,,0,,,,,,2.133489,48.805732
2021-1340800,2021-09-15,000001,Vente,7500,45,,AV DE SAINT CLOUD,2730,78000,78646,Versailles,78,,,78646000AI0134,,,47,,,,,,,,,,1,3,Dépendance,,0,,,,,,2.133489,48.805732
2021-1340800,2021-09-15,000001,Vente,7500,45,,AV DE SAINT CLOUD,2730,78000,78646,Versailles,78,,,78646000AI0134,,,47,,,,,,,,,,1,2,Appartement,75,3,,,,,,2.133489,48.805732
2021-1340865,2021-09-17,000001,Vente,293000,6,,RUE DE L OCCIDENT,2100,78000,78646,Versailles,78,,,78646000BV0111,,,2,,34,,,,,,,,2,2,Appartement,44,2,,,,,,2.125437,48.797654
2021-1340921,2021-09-06,000001,Vente,603398,16,,RUE DE LA PAROISSE,2190,78000,78646,Versailles,78,,,78646000AE0183,,,18,,19,,20,,21,,46,,5,2,Appartement,71,3,,,,,,2.12629,48.807774
2021-1340950,2021-09-09,000001,Vente,1010000,26,,RUE SAINT CHARLES,2710,78000,78646,Versailles,78,,,78646000AY0100,,,,,,,,,,,,,0,3,Dépendance,,0,S,sols,,,323,2.149512,48.801447
2021-1340950,2021-09-09,000001,Vente,1010000,26,,RUE SAINT CHARLES,2710,78000,78646,Versailles,78,,,78646000AY0100,,,,,,,,,,,,,0,1,Maison,90,5,S,sols,,,323,2.149512,48.801447
2021-1340966,2021-09-30,000001,Vente,160000,10,,RUE ROYALE,2648,78000,78646,Versailles,78,,,78646000BV0091,,,11,34.81,,,,,,,,,1,4,Local industriel. commercial ou assimilé,33,0,,,,,,2.126872,48.798272
2021-1340969,2021-09-23,000001,Vente,970000,61,,RUE DES PRES AUX BOIS,2430,78000,78646,Versailles,78,,,78646000AZ0102,,,,,,,,,,,,,0,1,Maison,111,4,J,jardins,POTAG,Jardin potager,528,2.162824,48.80343
2021-1340969,2021-09-23,000001,Vente,970000,61,,RUE DES PRES AUX BOIS,2430,78000,78646,Versailles,78,,,78646000AZ0102,,,,,,,,,,,,,0,1,Maison,111,4,S,sols,,,224,2.162824,48.80343
2021-1340970,2021-09-30,000001,Vente,734150,37,,BD DU ROI,2641,78000,78646,Versailles,78,,,78646000AC0316,,,10,,11,,12,,13,,14,,7,2,Appartement,85,5,,,,,,2.127764,48.813963
2021-1340970,2021-09-30,000001,Vente,734150,37,,BD DU ROI,2641,78000,78646,Versailles,78,,,78646000AC0316,,,10,,11,,12,,13,,14,,7,3,Dépendance,,0,,,,,,2.127764,48.813963
2021-1340970,2021-09-30,000001,Vente,734150,37,,BD DU ROI,2641,78000,78646,Versailles,78,,,78646000AC0316,,,10,,11,,12,,13,,14,,7,3,Dépendance,,0,,,,,,2.127764,48.813963
2021-1340972,2021-09-30,000001,Vente,409000,20,,PROM MONA LISA,1965,78000,78646,Versailles,78,,,78646000AZ0110,,,1997,,2004,,,,,,,,2,3,Dépendance,,0,,,,,,2.158672,48.8041
2021-1340972,2021-09-30,000001,Vente,409000,20,,PROM MONA LISA,1965,78000,78646,Versailles,78,,,78646000AZ0110,,,1997,,2004,,,,,,,,2,2,Appartement,75,2,,,,,,2.158672,48.8041
2021-1340972,2021-09-30,000001,Vente,409000,5,,RUE DE L ECOLE DES POSTES,0850,78000,78646,Versailles,78,,,78646000AZ0110,,,3781,,,,,,,,,,1,3,Dépendance,,0,,,,,,2.158672,48.8041
2021-1340977,2021-09-30,000001,Vente,726770,19,,RUE MAGENTA,1760,78000,78646,Versailles,78,,,78646000AK0026,,,33,,5,95.5,,,,,,,2,2,Appartement,98,3,,,,,,2.139,48.812354
2021-1340977,2021-09-30,000001,Vente,726770,19,,RUE MAGENTA,1760,78000,78646,Versailles,78,,,78646000AK0026,,,33,,5,95.5,,,,,,,2,3,Dépendance,,0,,,,,,2.139,48.812354
2021-1340977,2021-09-30,000001,Vente,726770,19,,RUE MAGENTA,1760,78000,78646,Versailles,78,,,78646000AK0026,,,46,,,,,,,,,,1,3,Dépendance,,0,,,,,,2.139,48.812354
2021-1340978,2021-10-01,000001,Vente,473000,22,,RUE DU HAZARD,1300,78000,78646,Versailles,78,,,78646000BT0157,,,17,,30,,,,,,,,2,2,Appartement,64,3,,,,,,2.129647,48.795031
2021-1340987,2021-09-10,000001,Vente,286494,24,,RUE JACQUES LEMERCIER,1420,78000,78646,Versailles,78,,,78646000AO0020,,,127,45.05,178,,,,,,,,2,2,Appartement,41,2,,,,,,2.150001,48.814605
2021-1340987,2021-09-10,000001,Vente,286494,24,,RUE JACQUES LEMERCIER,1420,78000,78646,Versailles,78,,,78646000AO0020,,,236,,,,,,,,,,1,3,Dépendance,,0,,,,,,2.150001,48.814605
2021-1340987,2021-09-10,000001,Vente,286494,24,,RUE JACQUES LEMERCIER,1420,78000,78646,Versailles,78,,,78646000AO0020,,,127,45.05,178,,,,,,,,2,3,Dépendance,,0,,,,,,2.150001,48.814605
2021-1340988,2021-09-16,000001,Vente,2605930,18,T,RUE DU PARC DE CLAGNY,2171,78000,78646,Versailles,78,,,78646000AP0067,,,,,,,,,,,,,0,1,Maison,277,10,S,sols,,,142,2.14132,48.814382
2021-1340988,2021-09-16,000001,Vente,2605930,18,T,RUE DU PARC DE CLAGNY,2171,78000,78646,Versailles,78,,,78646000AP0067,,,,,,,,,,,,,0,1,Maison,277,10,AG,terrains d'agrément,,,553,2.14132,48.814382
2021-1340994,2021-09-13,000001,Vente,442000,23,,RUE HARDY,1290,78000,78646,Versailles,78,,,78646000BV0024,,,27,,38,57.52,,,,,,,2,3,Dépendance,,0,,,,,,2.123089,48.799423
2021-1340994,2021-09-13,000001,Vente,442000,23,,RUE HARDY,1290,78000,78646,Versailles,78,,,78646000BV0024,,,27,,38,57.52,,,,,,,2,2,Appartement,60,3,,,,,,2.123089,48.799423
2021-1341037,2021-09-17,000001,Vente,327950,18,,RUE PHILIPPE DE DANGEAU,2255,78000,78646,Versailles,78,,,78646000AI0031,,,34,,,,,,,,,,1,2,Appartement,48,2,,,,,,2.134102,48.803212
2021-1341037,2021-09-17,000001,Vente,327950,18,,RUE PHILIPPE DE DANGEAU,2255,78000,78646,Versailles,78,,,78646000AI0031,,,34,,,,,,,,,,1,3,Dépendance,,0,,,,,,2.134102,48.803212
2021-1341038,2021-09-30,000001,Vente,280900,25,,RUE DE SATORY,2950,78000,78646,Versailles,78,,,78646000AH0142,,,10,,,,,,,,,,1,2,Appartement,35,2,,,,,,2.124881,48.800023
2021-1341061,2021-09-10,000001,Vente,917000,7,,RUE SAINT HONORE,2780,78000,78646,Versailles,78,,,78646000BV0207,,,27,,6,,83,107.05,,,,,3,3,Dépendance,,0,,,,,,2.125549,48.798264
2021-1341061,2021-09-10,000001,Vente,917000,7,,RUE SAINT HONORE,2780,78000,78646,Versailles,78,,,78646000BV0207,,,27,,6,,83,107.05,,,,,3,2,Appartement,105,4,,,,,,2.125549,48.798264
2021-1341061,2021-09-10,000001,Vente,917000,7,,RUE SAINT HONORE,2780,78000,78646,Versailles,78,,,78646000BV0207,,,27,,6,,83,107.05,,,,,3,3,Dépendance,,0,,,,,,2.125549,48.798264
2021-1341065,2021-09-21,000001,Vente en l'état futur d'achèvement,383000,9,,RUE VAUBAN,3110,78000,78646,Versailles,78,,,78646000AY0310,,,222,,,,,,,,,,1,2,Appartement,43,2,,,,,,2.15313,48.799852
2021-1341065,2021-09-21,000001,Vente en l'état futur d'achèvement,383000,9,,RUE VAUBAN,3110,78000,78646,Versailles,78,,,78646000AY0310,,,928,,,,,,,,,,1,3,Dépendance,,0,,,,,,2.15313,48.799852
2021-1341066,2021-09-09,000001,Vente,130000,27,,AV DE PARIS,2180,78000,78646,Versailles,78,,,78646000BP0160,,,42,20.47,43,,,,,,,,2,2,Appartement,22,2,,,,,,2.136116,48.801289
2021-1341083,2021-09-10,000001,Vente,2700000,11,,AV DE VILLENEUVE L ETANG,3200,78000,78646,Versailles,78,,,78646000AP0064,,,,,,,,,,,,,0,3,Dépendance,,0,AG,terrains d'agrément,,,790,2.141657,48.814467
2021-1341083,2021-09-10,000001,Vente,2700000,11,,AV DE VILLENEUVE L ETANG,3200,78000,78646,Versailles,78,,,78646000AP0064,,,,,,,,,,,,,0,1,Maison,314,13,AG,terrains d'agrément,,,790,2.141657,48.814467
2021-1341083,2021-09-10,000001,Vente,2700000,11,,AV DE VILLENEUVE L ETANG,3200,78000,78646,Versailles,78,,,78646000AP0064,,,,,,,,,,,,,0,3,Dépendance,,0,AG,terrains d'agrément,,,790,2.141657,48.814467
2021-1341083,2021-09-10,000001,Vente,2700000,11,,AV DE VILLENEUVE L ETANG,3200,78000,78646,Versailles,78,,,78646000AP0064,,,,,,,,,,,,,0,3,Dépendance,,0,S,sols,,,388,2.141657,48.814467
2021-1341083,2021-09-10,000001,Vente,2700000,11,,AV DE VILLENEUVE L ETANG,3200,78000,78646,Versailles,78,,,78646000AP0064,,,,,,,,,,,,,0,1,Maison,314,13,S,sols,,,388,2.141657,48.814467
2021-1341083,2021-09-10,000001,Vente,2700000,11,,AV DE VILLENEUVE L ETANG,3200,78000,78646,Versailles,78,,,78646000AP0064,,,,,,,,,,,,,0,3,Dépendance,,0,S,sols,,,388,2.141657,48.814467
2021-1341094,2021-09-23,000001,Vente en l'état futur d'achèvement,746000,9,,RUE VAUBAN,3110,78000,78646,Versailles,78,,,78646000AY0310,,,1019,,,,,,,,,,1,3,Dépendance,,0,,,,,,2.15313,48.799852
2021-1341094,2021-09-23,000001,Vente en l'état futur d'achèvement,746000,9,,RUE VAUBAN,3110,78000,78646,Versailles,78,,,78646000AY0310,,,205,,,,,,,,,,1,2,Appartement,88,4,,,,,,2.15313,48.799852
2021-1341103,2021-10-01,000001,Vente,1750000,96,,RUE ROYALE,2648,78000,78646,Versailles,78,,,78646000BW0172,,,,,,,,,,,,,0,3,Dépendance,,0,S,sols,,,436,2.123647,48.793576
2021-1341103,2021-10-01,000001,Vente,1750000,96,,RUE ROYALE,2648,78000,78646,Versailles,78,,,78646000BW0172,,,,,,,,,,,,,0,3,Dépendance,,0,S,sols,,,436,2.123647,48.793576
2021-1341103,2021-10-01,000001,Vente,1750000,96,,RUE ROYALE,2648,78000,78646,Versailles,78,,,78646000BW0172,,,,,,,,,,,,,0,2,Appartement,48,2,S,sols,,,436,2.123647,48.793576
2021-1341103,2021-10-01,000001,Vente,1750000,96,,RUE ROYALE,2648,78000,78646,Versailles,78,,,78646000BW0172,,,,,,,,,,,,,0,2,Appartement,44,2,S,sols,,,436,2.123647,48.793576
2021-1341103,2021-10-01,000001,Vente,1750000,96,,RUE ROYALE,2648,78000,78646,Versailles,78,,,78646000BW0172,,,,,,,,,,,,,0,3,Dépendance,,0,S,sols,,,436,2.123647,48.793576
2021-1341103,2021-10-01,000001,Vente,1750000,96,,RUE ROYALE,2648,78000,78646,Versailles,78,,,78646000BW0172,,,,,,,,,,,,,0,3,Dépendance,,0,S,sols,,,436,2.123647,48.793576
2021-1341103,2021-10-01,000001,Vente,1750000,96,,RUE ROYALE,2648,78000,78646,Versailles,78,,,78646000BW0172,,,,,,,,,,,,,0,2,Appartement,75,4,S,sols,,,436,2.123647,48.793576
2021-1341103,2021-10-01,000001,Vente,1750000,96,,RUE ROYALE,2648,78000,78646,Versailles,78,,,78646000BW0172,,,,,,,,,,,,,0,3,Dépendance,,0,S,sols,,,436,2.123647,48.793576
2021-1341141,2021-09-29,000001,Vente,230000,26,,RUE CARNOT,0440,78000,78646,Versailles,78,,,78646000AE0313,,,6,,8,35.05,,,,,,,2,2,Appartement,34,2,,,,,,2.128835,48.805636
2021-1341141,2021-09-29,000001,Vente,230000,26,,RUE CARNOT,0440,78000,78646,Versailles,78,,,78646000AE0313,,,6,,8,35.05,,,,,,,2,3,Dépendance,,0,,,,,,2.128835,48.805636
2021-1341154,2021-09-10,000001,Vente,920000,24,,BD DE LA REINE,2520,78000,78646,Versailles,78,,,78646000AE0009,,,14,,3,,,,,,,,2,3,Dépendance,,0,,,,,,2.126662,48.809135
2021-1341154,2021-09-10,000001,Vente,920000,24,,BD DE LA REINE,2520,78000,78646,Versailles,78,,,78646000AE0009,,,14,,3,,,,,,,,2,2,Appartement,145,6,,,,,,2.126662,48.809135
2021-1341177,2021-10-01,000001,Vente,245000,57,,RUE EXELMANS,1020,78000,78646,Versailles,78,,,78646000AC0262,,,303,,,,,,,,,,1,3,Dépendance,,0,,,,,,2.126785,48.814611
2021-1341177,2021-10-01,000001,Vente,245000,57,,RUE EXELMANS,1020,78000,78646,Versailles,78,,,78646000AC0262,,,303,,,,,,,,,,1,2,Appartement,29,1,,,,,,2.126785,48.814611
2021-1341177,2021-10-01,000001,Vente,245000,57,,RUE EXELMANS,1020,78000,78646,Versailles,78,,,78646000AC0262,,,396,,,,,,,,,,1,3,Dépendance,,0,,,,,,2.126785,48.814611
2021-1341177,2021-10-01,000001,Vente,245000,57,,RUE EXELMANS,1020,78000,78646,Versailles,78,,,78646000AC0262,,,335,,,,,,,,,,1,2,Appartement,78,3,,,,,,2.126785,48.814611
2021-1341177,2021-10-01,000001,Vente,245000,57,,RUE EXELMANS,1020,78000,78646,Versailles,78,,,78646000AC0262,,,335,,,,,,,,,,1,3,Dépendance,,0,,,,,,2.126785,48.814611
2021-1341183,2021-09-09,000001,Vente,22500,31,,RUE DE LA PAROISSE,2190,78000,78646,Versailles,78,,,78646000AE0141,,,2,35,20,,24,,,,,,3,4,Local industriel. commercial ou assimilé,32,0,,,,,,2.128166,48.808064
2021-1341188,2021-09-30,000001,Vente,28000,47,,RUE DES CHANTIERS,0530,78000,78646,Versailles,78,,,78646000BL0467,,,40,,,,,,,,,,1,3,Dépendance,,0,,,,,,2.141787,48.794665
2021-1341204,2021-09-27,000001,Vente,33000,4,,RUE RAMEAU,2490,78000,78646,Versailles,78,,,78646000AE0089,,,13,,,,,,,,,,1,3,Dépendance,,0,,,,,,2.130902,48.807434
2021-1341209,2021-09-16,000001,Vente,120000,15,,RUE DUCIS,0820,78000,78646,Versailles,78,,,78646000AE0084,,,26,,,,,,,,,,1,2,Appartement,13,1,,,,,,2.131252,48.807256
2021-1341266,2021-09-29,000001,Vente,7000,21,,RUE NEUVE NOTRE DAME,2040,78000,78646,Versailles,78,,,78646000AE0025,,,12,,,,,,,,,,1,3,Dépendance,,0,,,,,,2.128633,48.808941
2021-1341266,2021-09-29,000001,Vente,7000,21,,RUE NEUVE NOTRE DAME,2040,78000,78646,Versailles,78,,,78646000AE0025,,,12,,,,,,,,,,1,1,Maison,180,7,,,,,,2.128633,48.808941
2021-1341266,2021-09-29,000001,Vente,7000,21,,RUE NEUVE NOTRE DAME,2040,78000,78646,Versailles,78,,,78646000AE0025,,,12,,,,,,,,,,1,3,Dépendance,,0,,,,,,2.128633,48.808941
2021-1341266,2021-09-29,000001,Vente,7000,21,,RUE NEUVE NOTRE DAME,2040,78000,78646,Versailles,78,,,78646000AE0025,,,12,,,,,,,,,,1,3,Dépendance,,0,,,,,,2.128633,48.808941
2021-1341289,2021-09-28,000001,Vente,22500,3,,RUE BENJAMIN FRANKLIN,0340,78000,78646,Versailles,78,,,78646000BR0099,,,119,,,,,,,,,,1,3,Dépendance,,0,,,,,,2.137457,48.799114
2021-1341303,2021-09-14,000001,Vente,25000,21,,RUE SAINT MEDERIC,2840,78000,78646,Versailles,78,,,78646000BW0050,,,29,,,,,,,,,,1,3,Dépendance,,0,,,,,,2.126744,48.794208
2021-1341311,2021-09-20,000001,Vente,895000,98,,RUE ALBERT SARRAUT,0080,78000,78646,Versailles,78,,,78646000BL0290,,,,,,,,,,,,,0,1,Maison,120,6,S,sols,,,411,2.146223,48.792162
2021-1341329,2021-09-29,000001,Vente,1050000,28,,RUE DE LA PAROISSE,2190,78000,78646,Versailles,78,,,78646000AE0188,,,13,,,,,,,,,,1,4,Local industriel. commercial ou assimilé,13,0,,,,,,2.127676,48.807526
2021-1341329,2021-09-29,000001,Vente,1050000,28,,RUE DE LA PAROISSE,2190,78000,78646,Versailles,78,,,78646000AE0188,,,8,,,,,,,,,,1,3,Dépendance,,0,,,,,,2.127676,48.807526
2021-1341329,2021-09-29,000001,Vente,1050000,28,,RUE DE LA PAROISSE,2190,78000,78646,Versailles,78,,,78646000AE0188,,,35,,,,,,,,,,1,3,Dépendance,,0,,,,,,2.127676,48.807526
2021-1341329,2021-09-29,000001,Vente,1050000,28,,RUE DE LA PAROISSE,2190,78000,78646,Versailles,78,,,78646000AE0188,,,34,,44,175.49,45,175.49,,,,,3,4,Local industriel. commercial ou assimilé,163,0,,,,,,2.127676,48.807526
2021-1341329,2021-09-29,000001,Vente,1050000,28,,RUE DE LA PAROISSE,2190,78000,78646,Versailles,78,,,78646000AE0188,,,14,,,,,,,,,,1,4,Local industriel. commercial ou assimilé,13,0,,,,,,2.127676,48.807526
2021-1341355,2021-09-29,000001,Vente,355750,21,,RUE PIERRE CURIE,2300,78000,78646,Versailles,78,,,78646000BD0075,,,5,,,,,,,,,,1,3,Dépendance,,0,,,,,,2.156216,48.796679
2021-1341355,2021-09-29,000001,Vente,355750,21,,RUE PIERRE CURIE,2300,78000,78646,Versailles,78,,,78646000BD0075,,,5,,,,,,,,,,1,1,Maison,37,2,,,,,,2.156216,48.796679
2021-1341406,2021-09-16,000001,Vente,340000,14,B,BD DU ROI,2641,78000,78646,Versailles,78,,,78646000AD0417,,,28,,,,,,,,,,1,3,Dépendance,,0,,,,,,2.127,48.811138
2021-1341406,2021-09-16,000001,Vente,340000,14,B,BD DU ROI,2641,78000,78646,Versailles,78,,,78646000AD0417,,,1,,11,,,,,,,,2,4,Local industriel. commercial ou assimilé,106,0,,,,,,2.127,48.811138
2021-1341408,2021-09-30,000001,Vente,210000,41,,RUE DE VERGENNES,3150,78000,78646,Versailles,78,,,78646000BN0104,,,20,,26,,9,24.12,,,,,3,2,Appartement,30,1,,,,,,2.137799,48.797473
2021-1341408,2021-09-30,000001,Vente,210000,41,,RUE DE VERGENNES,3150,78000,78646,Versailles,78,,,78646000BN0104,,,20,,26,,9,24.12,,,,,3,3,Dépendance,,0,,,,,,2.137799,48.797473
2021-1341422,2021-09-30,000001,Vente,817500,108,,BD DE LA REINE,2520,78000,78646,Versailles,78,,,78646000AX0037,,,190,,,,,,,,,,1,3,Dépendance,,0,,,,,,2.142871,48.807658
2021-1341422,2021-09-30,000001,Vente,817500,108,,BD DE LA REINE,2520,78000,78646,Versailles,78,,,78646000AX0037,,,334,,99,103.41,,,,,,,2,3,Dépendance,,0,,,,,,2.142871,48.807658
2021-1341422,2021-09-30,000001,Vente,817500,108,,BD DE LA REINE,2520,78000,78646,Versailles,78,,,78646000AX0037,,,334,,99,103.41,,,,,,,2,2,Appartement,104,5,,,,,,2.142871,48.807658
2021-1341433,2021-10-01,000001,Vente,1137000,9,,IMP ETIENNE MULOT,0998,78000,78646,Versailles,78,,,78646000AY0040,,,,,,,,,,,,,0,1,Maison,101,4,S,sols,,,375,2.150184,48.802834
2021-1341433,2021-10-01,000001,Vente,1137000,9,,IMP ETIENNE MULOT,0998,78000,78646,Versailles,78,,,78646000AY0040,,,,,,,,,,,,,0,3,Dépendance,,0,S,sols,,,375,2.150184,48.802834
2021-1341438,2021-09-21,000001,Vente,438851.38,9,,RUE LAFAYETTE,1580,78000,78646,Versailles,78,,,78646000AC0320,,,21,65.07,86,,,,,,,,2,2,Appartement,59,3,,,,,,2.125523,48.812649
2021-1341438,2021-09-21,000001,Vente,438851.38,9,,RUE LAFAYETTE,1580,78000,78646,Versailles,78,,,78646000AC0320,,,21,65.07,86,,,,,,,,2,3,Dépendance,,0,,,,,,2.125523,48.812649
2021-1341455,2021-09-30,000001,Vente,363461,79,,RUE ALBERT SARRAUT,0080,78000,78646,Versailles,78,,,78646000BL0294,,,212,66.36,226,,,,,,,,2,2,Appartement,64,4,,,,,,2.146987,48.791716
2021-1341455,2021-09-30,000001,Vente,363461,3,,RUE DU PONT COLBERT,2370,78000,78646,Versailles,78,,,78646000BL0294,,,448,,,,,,,,,,1,3,Dépendance,,0,,,,,,2.146987,48.791716
2021-1341455,2021-09-30,000001,Vente,363461,79,,RUE ALBERT SARRAUT,0080,78000,78646,Versailles,78,,,78646000BL0294,,,212,66.36,226,,,,,,,,2,3,Dépendance,,0,,,,,,2.146987,48.791716
2021-1341458,2021-10-01,000001,Vente,496425,22,,RUE PASTEUR,2210,78000,78646,Versailles,78,,,78646000AX0406,,,,,,,,,,,,,0,1,Maison,50,2,S,sols,,,178,2.147003,48.801843
2021-1341483,2021-09-30,000001,Vente,100,2,,AV DES ARTS,0220,78000,78646,Versailles,78,,,78646000AM0071,,,21,,,,,,,,,,1,3,Dépendance,,0,,,,,,2.139444,48.82259
2021-1341484,2021-09-27,000001,Vente,650717,54,,RTE DE RUEIL,2660,78000,78646,Versailles,78,,,78646000AM0595,,,,,,,,,,,,,0,1,Maison,104,5,S,sols,,,367,2.140282,48.823958
2021-1341484,2021-09-27,000001,Vente,650717,54,,RTE DE RUEIL,2660,78000,78646,Versailles,78,,,78646000AM0595,,,,,,,,,,,,,0,3,Dépendance,,0,S,sols,,,367,2.140282,48.823958
2021-1341484,2021-09-27,000001,Vente,650717,54,,RTE DE RUEIL,2660,78000,78646,Versailles,78,,,78646000AM0595,,,,,,,,,,,,,0,3,Dépendance,,0,S,sols,,,367,2.140282,48.823958
2021-1341490,2021-09-21,000001,Vente,743898,21,,RUE PASTEUR,2210,78000,78646,Versailles,78,,,78646000BO0055,,,74,103.2,82,,,,,,,,2,2,Appartement,103,4,,,,,,2.147024,48.80094
2021-1341490,2021-09-21,000001,Vente,743898,21,,RUE PASTEUR,2210,78000,78646,Versailles,78,,,78646000BO0055,,,74,103.2,82,,,,,,,,2,3,Dépendance,,0,,,,,,2.147024,48.80094
2021-1341490,2021-09-21,000001,Vente,743898,40,,RUE CHAMP LAGARDE,0490,78000,78646,Versailles,78,,,78646000BO0055,,,112,,,,,,,,,,1,3,Dépendance,,0,,,,,,2.147024,48.80094
2021-1341493,2021-10-08,000001,Vente,1334350,60,,RUE YVES LE COZ,3210,78000,78646,Versailles,78,,,78646000BD0127,,,,,,,,,,,,,0,1,Maison,149,7,S,sols,,,349,2.157269,48.796093
2021-1341502,2021-09-24,000001,Vente,195000,1,,RUE DU MAL JOFFRE,1820,78000,78646,Versailles,78,,,78646000BV0054,,,10,35.35,9,,,,,,,,2,2,Appartement,33,2,,,,,,2.124535,48.799403
2021-1341510,2021-09-16,000001,Vente,781400,7,,AV DE L AMIRAL SERRE,0150,78000,78646,Versailles,78,,,78646000AL0138,,,511,,,,,,,,,,1,3,Dépendance,,0,,,,,,2.139473,48.817747
2021-1341510,2021-09-16,000001,Vente,781400,7,,AV DE L AMIRAL SERRE,0150,78000,78646,Versailles,78,,,78646000AL0138,,,115,97.87,,,,,,,,,1,2,Appartement,98,5,,,,,,2.139473,48.817747
2021-1341510,2021-09-16,000001,Vente,781400,7,,AV DE L AMIRAL SERRE,0150,78000,78646,Versailles,78,,,78646000AL0138,,,115,97.87,,,,,,,,,1,3,Dépendance,,0,,,,,,2.139473,48.817747
2021-1341510,2021-09-16,000001,Vente,781400,7,,AV DE L AMIRAL SERRE,0150,78000,78646,Versailles,78,,,78646000AL0138,,,489,,,,,,,,,,1,3,Dépendance,,0,,,,,,2.139473,48.817747
2021-1341519,2021-09-30,000001,Vente,17500000,2,,RUE PASTEUR,2210,78000,78646,Versailles,78,,,78646000AY0189,,,,,,,,,,,,,0,,,,,S,sols,,,6103,2.148601,48.800863
2021-1341519,2021-09-30,000001,Vente,17500000,3,,RUE SAINT CHARLES,2710,78000,78646,Versailles,78,,,78646000AY0258,,,,,,,,,,,,,0,4,Local industriel. commercial ou assimilé,6000,0,S,sols,,,10178,2.149293,48.800219
2021-1341519,2021-09-30,000001,Vente,17500000,3,,RUE SAINT CHARLES,2710,78000,78646,Versailles,78,,,78646000AY0258,,,,,,,,,,,,,0,2,Appartement,42,2,S,sols,,,10178,2.149293,48.800219
2021-1341519,2021-09-30,000001,Vente,17500000,3,,RUE SAINT CHARLES,2710,78000,78646,Versailles,78,,,78646000AY0258,,,,,,,,,,,,,0,3,Dépendance,,0,S,sols,,,10178,2.149293,48.800219
2021-1341519,2021-09-30,000001,Vente,17500000,3,,RUE SAINT CHARLES,2710,78000,78646,Versailles,78,,,78646000AY0258,,,,,,,,,,,,,0,3,Dépendance,,0,S,sols,,,10178,2.149293,48.800219
2021-1341519,2021-09-30,000001,Vente,17500000,3,,RUE SAINT CHARLES,2710,78000,78646,Versailles,78,,,78646000AY0258,,,,,,,,,,,,,0,3,Dépendance,,0,S,sols,,,10178,2.149293,48.800219
2021-1341519,2021-09-30,000001,Vente,17500000,3,,RUE SAINT CHARLES,2710,78000,78646,Versailles,78,,,78646000AY0258,,,,,,,,,,,,,0,2,Appartement,86,4,S,sols,,,10178,2.149293,48.800219
2021-1341521,2021-09-24,000001,Vente,1000,34,,RUE DES BOURDONNAIS,0400,78000,78646,Versailles,78,,,78646000BW0022,,,34,,,,,,,,,,1,3,Dépendance,,0,,,,,,2.127799,48.794925
2021-1341531,2021-09-27,000001,Vente,74000,8,,AV DU GEN DE GAULLE,1143,78000,78646,Versailles,78,,,78646000AH0225,,,58,,77,,,,,,,,2,3,Dépendance,,0,,,,,,2.128298,48.801276
2021-1341531,2021-09-27,000001,Vente,74000,8,,AV DU GEN DE GAULLE,1143,78000,78646,Versailles,78,,,78646000AH0225,,,58,,77,,,,,,,,2,2,Appartement,31,1,,,,,,2.128298,48.801276
2021-1341532,2021-10-01,000001,Vente,547150,2,,AV DE LA TRANQUILLITE,3055,78000,78646,Versailles,78,,,78646000AZ0110,,,388,,427,118.61,,,,,,,2,3,Dépendance,,0,,,,,,2.158672,48.8041
2021-1341532,2021-10-01,000001,Vente,547150,5,,RUE DE L ECOLE DES POSTES,0850,78000,78646,Versailles,78,,,78646000AZ0110,,,2690,,,,,,,,,,1,3,Dépendance,,0,,,,,,2.158672,48.8041
2021-1341532,2021-10-01,000001,Vente,547150,2,,AV DE LA TRANQUILLITE,3055,78000,78646,Versailles,78,,,78646000AZ0110,,,388,,427,118.61,,,,,,,2,2,Appartement,118,4,,,,,,2.158672,48.8041
2021-1341535,2021-09-27,000001,Vente,760000,9001,,ALL DE MARIVEL,1853,78000,78646,Versailles,78,,,78646000BN0126,,,115,,,,,,,,,,1,3,Dépendance,,0,,,,,,2.148622,48.797466
2021-1341535,2021-09-27,000001,Vente,760000,2,,ALL DE MARIVEL,1853,78000,78646,Versailles,78,,,78646000BN0126,,,61,116.54,,,,,,,,,1,3,Dépendance,,0,,,,,,2.148622,48.797466
2021-1341535,2021-09-27,000001,Vente,760000,2,,ALL DE MARIVEL,1853,78000,78646,Versailles,78,,,78646000BN0126,,,61,116.54,,,,,,,,,1,2,Appartement,116,6,,,,,,2.148622,48.797466
2021-1341535,2021-09-27,000001,Vente,760000,9001,,ALL DE MARIVEL,1853,78000,78646,Versailles,78,,,78646000BN0126,,,115,,,,,,,,,,1,3,Dépendance,,0,,,,,,2.148622,48.797466
2021-1341536,2021-09-30,000001,Vente,1224750,40,,RUE MOLIERE,1940,78000,78646,Versailles,78,,,78646000BL0076,,,,,,,,,,,,,0,3,Dépendance,,0,S,sols,,,417,2.149518,48.793284
2021-1341536,2021-09-30,000001,Vente,1224750,40,,RUE MOLIERE,1940,78000,78646,Versailles,78,,,78646000BL0076,,,,,,,,,,,,,0,1,Maison,155,7,S,sols,,,417,2.149518,48.793284
2021-1341537,2021-09-30,000001,Vente,170990,5,,RUE EDOUARD CHARTON,0890,78000,78646,Versailles,78,,,78646000BS0099,,,2,21.54,25,,,,,,,,2,3,Dépendance,,0,,,,,,2.131168,48.796056
2021-1341537,2021-09-30,000001,Vente,170990,5,,RUE EDOUARD CHARTON,0890,78000,78646,Versailles,78,,,78646000BS0099,,,2,21.54,25,,,,,,,,2,2,Appartement,20,1,,,,,,2.131168,48.796056
2021-1341541,2021-09-30,000001,Vente,958000,15,,RUE MANSART,1770,78000,78646,Versailles,78,,,78646000AL0086,,,2,,4,,,,,,,,2,2,Appartement,140,7,,,,,,2.138871,48.815078
2021-1341541,2021-09-30,000001,Vente,958000,15,,RUE MANSART,1770,78000,78646,Versailles,78,,,78646000AL0086,,,2,,4,,,,,,,,2,3,Dépendance,,0,,,,,,2.138871,48.815078
2021-1341565,2021-09-30,000001,Vente,2066878,24,A,BD DU ROI,2641,78000,78646,Versailles,78,,,78646000AD0531,,,,,,,,,,,,,0,1,Maison,255,9,S,sols,,,285,2.127572,48.812321
2021-1341584,2021-10-05,000001,Vente,501850,5,,RUE DE L ECOLE DES POSTES,0850,78000,78646,Versailles,78,,,78646000AZ0110,,,3777,,,,,,,,,,1,3,Dépendance,,0,,,,,,2.158672,48.8041
2021-1341584,2021-10-05,000001,Vente,501850,5,,PROM VENEZIA,3135,78000,78646,Versailles,78,,,78646000AZ0110,,,2383,,2446,116.96,,,,,,,2,2,Appartement,118,5,,,,,,2.158672,48.8041
2021-1341584,2021-10-05,000001,Vente,501850,5,,PROM VENEZIA,3135,78000,78646,Versailles,78,,,78646000AZ0110,,,2383,,2446,116.96,,,,,,,2,3,Dépendance,,0,,,,,,2.158672,48.8041
2021-1341642,2021-09-29,000001,Vente,147000,2,T,RUE DU JEU DE PAUME,1490,78000,78646,Versailles,78,,,78646000AH0103,,,21,15.27,,,,,,,,,1,2,Appartement,18,1,,,,,,2.123552,48.801086
2021-1341677,2021-10-05,000001,Vente,523000,32,,RUE DU VIEUX VERSAILLES,3180,78000,78646,Versailles,78,,,78646000AH0124,,,67,,,,,,,,,,1,3,Dépendance,,0,,,,,,2.124024,48.800279
2021-1341677,2021-10-05,000001,Vente,523000,32,,RUE DU VIEUX VERSAILLES,3180,78000,78646,Versailles,78,,,78646000AH0124,,,56,,57,,,,,,,,2,3,Dépendance,,0,,,,,,2.124024,48.800279
2021-1341677,2021-10-05,000001,Vente,523000,32,,RUE DU VIEUX VERSAILLES,3180,78000,78646,Versailles,78,,,78646000AH0124,,,62,,,,,,,,,,1,3,Dépendance,,0,,,,,,2.124024,48.800279
2021-1341677,2021-10-05,000001,Vente,523000,32,,RUE DU VIEUX VERSAILLES,3180,78000,78646,Versailles,78,,,78646000AH0124,,,56,,57,,,,,,,,2,2,Appartement,71,4,,,,,,2.124024,48.800279
2021-1341690,2021-10-07,000001,Vente,531000,9,,RUE DE SATORY,2950,78000,78646,Versailles,78,,,78646000AH0148,,,21,,22,,40,,,,,,3,3,Dépendance,,0,,,,,,2.12543,48.800683
2021-1341690,2021-10-07,000001,Vente,531000,9,,RUE DE SATORY,2950,78000,78646,Versailles,78,,,78646000AH0148,,,21,,22,,40,,,,,,3,2,Appartement,65,3,,,,,,2.12543,48.800683
2021-1341700,2021-09-15,000001,Vente,199000,25,,RUE REMILLY,2530,78000,78646,Versailles,78,,,78646000AK0052,,,11,21.14,,,,,,,,,1,2,Appartement,18,1,,,,,,2.138754,48.811735
2021-1341723,2021-10-06,000001,Vente,241500,13,,RUE DUCIS,0820,78000,78646,Versailles,78,,,78646000AE0083,,,24,31.69,,,,,,,,,1,2,Appartement,40,1,,,,,,2.131212,48.807138
2021-1341723,2021-10-06,000001,Vente,241500,13,,RUE DUCIS,0820,78000,78646,Versailles,78,,,78646000AE0083,,,24,31.69,,,,,,,,,1,3,Dépendance,,0,,,,,,2.131212,48.807138
2021-1341749,2021-09-16,000001,Vente,466340,64,,RUE DES CHANTIERS,0530,78000,78646,Versailles,78,,,78646000BL0326,,,131,85.62,555,,,,,,,,2,2,Appartement,87,3,,,,,,2.143523,48.792624
2021-1341749,2021-09-16,000001,Vente,466340,64,,RUE DES CHANTIERS,0530,78000,78646,Versailles,78,,,78646000BL0326,,,131,85.62,555,,,,,,,,2,3,Dépendance,,0,,,,,,2.143523,48.792624
2021-1341749,2021-09-16,000001,Vente,466340,64,,RUE DES CHANTIERS,0530,78000,78646,Versailles,78,,,78646000BL0326,,,383,,,,,,,,,,1,3,Dépendance,,0,,,,,,2.143523,48.792624
2021-1341790,2021-09-23,000001,Vente,635698,29,,RUE DE NOAILLES,2050,78000,78646,Versailles,78,,,78646000BS0020,,,165,,,,,,,,,,1,3,Dépendance,,0,,,,,,2.134087,48.797573
2021-1341790,2021-09-23,000001,Vente,635698,29,,RUE DE NOAILLES,2050,78000,78646,Versailles,78,,,78646000BS0020,,,114,82.63,144,,,,,,,,2,2,Appartement,82,3,,,,,,2.134087,48.797573
2021-1341790,2021-09-23,000001,Vente,635698,29,,RUE DE NOAILLES,2050,78000,78646,Versailles,78,,,78646000BS0020,,,114,82.63,144,,,,,,,,2,3,Dépendance,,0,,,,,,2.134087,48.797573
2021-1341841,2021-10-01,000001,Vente,180000,2,,RUE DE L OCCIDENT,2100,78000,78646,Versailles,78,,,78646000BV0113,,,44,,,,,,,,,,1,2,Appartement,18,1,,,,,,2.125627,48.797786
2021-1341842,2021-09-23,000001,Vente,450000,41,,BD DU ROI,2641,78000,78646,Versailles,78,,,78646000AC0107,,,21,67.27,,,,,,,,,1,3,Dépendance,,0,,,,,,2.12804,48.814598
2021-1341842,2021-09-23,000001,Vente,450000,41,,BD DU ROI,2641,78000,78646,Versailles,78,,,78646000AC0107,,,21,67.27,,,,,,,,,1,2,Appartement,72,3,,,,,,2.12804,48.814598
2021-1341869,2021-10-08,000001,Vente,253000,17,T,RUE DU PONT COLBERT,2370,78000,78646,Versailles,78,,,78646000BI0022,,,479,53.37,,,,,,,,,1,3,Dépendance,,0,,,,,,2.149624,48.789909
2021-1341869,2021-10-08,000001,Vente,253000,17,T,RUE DU PONT COLBERT,2370,78000,78646,Versailles,78,,,78646000BI0022,,,479,53.37,,,,,,,,,1,2,Appartement,53,2,,,,,,2.149624,48.789909
2021-1341887,2021-09-23,000001,Vente,275000,5,,RUE DU MAL JOFFRE,1820,78000,78646,Versailles,78,,,78646000BV0052,,,82,,9,34.67,,,,,,,2,2,Appartement,37,2,,,,,,2.124321,48.799107
2021-1341887,2021-09-23,000001,Vente,275000,5,,RUE DU MAL JOFFRE,1820,78000,78646,Versailles,78,,,78646000BV0052,,,82,,9,34.67,,,,,,,2,3,Dépendance,,0,,,,,,2.124321,48.799107
2021-1341906,2021-09-21,000001,Vente,500,5,,IMP DUPLESSIS,0830,78000,78646,Versailles,78,,,78646000AE0062,,,6,,,,,,,,,,1,2,Appartement,70,3,,,,,,2.132062,48.808105
2021-1341919,2021-10-08,000001,Vente,275000,19,,RUE JEAN MERMOZ,1460,78000,78646,Versailles,78,,,78646000BN0061,,,10,40.27,,,,,,,,,1,3,Dépendance,,0,,,,,,2.141058,48.796289
2021-1341919,2021-10-08,000001,Vente,275000,19,,RUE JEAN MERMOZ,1460,78000,78646,Versailles,78,,,78646000BN0061,,,10,40.27,,,,,,,,,1,2,Appartement,44,3,,,,,,2.141058,48.796289
2021-1341931,2021-09-21,000001,Vente,596000,5,,IMP DUPLESSIS,0830,78000,78646,Versailles,78,,,78646000AE0062,,,5,,,,,,,,,,1,3,Dépendance,,0,,,,,,2.132062,48.808105
2021-1341931,2021-09-21,000001,Vente,596000,5,,IMP DUPLESSIS,0830,78000,78646,Versailles,78,,,78646000AE0062,,,5,,6,,,,,,,,2,2,Appartement,70,3,,,,,,2.132062,48.808105
2021-1341957,2021-09-24,000001,Vente,1236850,9,,PL ALEXANDRE 1E LOUIS BARTHOU,0100,78000,78646,Versailles,78,,,78646000AX0489,,,65,,,,,,,,,,1,3,Dépendance,,0,,,,,,2.140761,48.806449
2021-1341957,2021-09-24,000001,Vente,1236850,9,,PL ALEXANDRE 1E LOUIS BARTHOU,0100,78000,78646,Versailles,78,,,78646000AX0489,,,22,,222,,,,,,,,2,2,Appartement,126,5,,,,,,2.140761,48.806449
2021-1341957,2021-09-24,000001,Vente,1236850,9,,PL ALEXANDRE 1E LOUIS BARTHOU,0100,78000,78646,Versailles,78,,,78646000AX0489,,,22,,222,,,,,,,,2,3,Dépendance,,0,,,,,,2.140761,48.806449
2021-1341962,2021-10-05,000001,Vente,776000,2,,RUE EMILE DESCHAMPS,0930,78000,78646,Versailles,78,,,78646000AX0187,,,1,138.28,23,,,,,,,,2,3,Dépendance,,0,,,,,,,
2021-1341962,2021-10-05,000001,Vente,776000,2,,RUE EMILE DESCHAMPS,0930,78000,78646,Versailles,78,,,78646000AX0187,,,67,,,,,,,,,,1,3,Dépendance,,0,,,,,,,
2021-1341962,2021-10-05,000001,Vente,776000,2,,RUE EMILE DESCHAMPS,0930,78000,78646,Versailles,78,,,78646000AX0187,,,79,,,,,,,,,,1,3,Dépendance,,0,,,,,,,
2021-1341962,2021-10-05,000001,Vente,776000,2,,RUE EMILE DESCHAMPS,0930,78000,78646,Versailles,78,,,78646000AX0187,,,66,,,,,,,,,,1,3,Dépendance,,0,,,,,,,
2021-1341962,2021-10-05,000001,Vente,776000,2,,RUE EMILE DESCHAMPS,0930,78000,78646,Versailles,78,,,78646000AX0187,,,1,138.28,23,,,,,,,,2,2,Appartement,138,5,,,,,,,
2021-1341983,2021-10-12,000001,Vente,1550000,12,B,RUE EDOUARD LEFEBVRE,0910,78000,78646,Versailles,78,,,78646000BR0145,,,1,148.07,,,,,,,,,1,1,Maison,146,6,,,,,,2.131794,48.797763
2021-1341983,2021-10-12,000001,Vente,1550000,12,B,RUE EDOUARD LEFEBVRE,0910,78000,78646,Versailles,78,,,78646000BR0145,,,1,148.07,,,,,,,,,1,4,Local industriel. commercial ou assimilé,9,0,,,,,,2.131794,48.797763
2021-1341985,2021-10-04,000001,Vente,725000,57,,RUE DU MAL FOCH,1810,78000,78646,Versailles,78,,,78646000AD0316,,,31,,8,,,,,,,,2,3,Dépendance,,0,,,,,,2.134323,48.811029
2021-1341985,2021-10-04,000001,Vente,725000,57,,RUE DU MAL FOCH,1810,78000,78646,Versailles,78,,,78646000AD0316,,,31,,8,,,,,,,,2,2,Appartement,108,3,,,,,,2.134323,48.811029
2021-1341985,2021-10-04,000001,Vente,725000,57,,RUE DU MAL FOCH,1810,78000,78646,Versailles,78,,,78646000AD0316,,,63,,,,,,,,,,1,3,Dépendance,,0,,,,,,2.134323,48.811029
2021-1341989,2021-09-29,000001,Vente,3970000,147,,RUE YVES LE COZ,3210,78000,78646,Versailles,78,,,78646000BI0348,,3,,,,,,,,,,,0,,,,,,,,,,2.151022,48.790673
2021-1341989,2021-09-29,000001,Vente,3970000,147,,RUE YVES LE COZ,3210,78000,78646,Versailles,78,,,78646000BI0348,,4,,,,,,,,,,,0,,,,,,,,,,2.151022,48.790673
2021-1342001,2021-10-12,000001,Vente,390000,1,,RUE DU BAILLAGE,0260,78000,78646,Versailles,78,,,78646000AE0090,,,11,61.95,32,,,,,,,,2,4,Local industriel. commercial ou assimilé,62,0,,,,,,2.131128,48.807732
2021-1342015,2021-09-20,000001,Vente,200000,18,,RUE DE MONTREUIL,2000,78000,78646,Versailles,78,,,78646000AX0327,,,15,,,,,,,,,,1,3,Dépendance,,0,,,,,,2.143845,48.804811
2021-1342015,2021-09-20,000001,Vente,200000,18,,RUE DE MONTREUIL,2000,78000,78646,Versailles,78,,,78646000AX0327,,,15,,,,,,,,,,1,2,Appartement,23,1,,,,,,2.143845,48.804811
2021-1342038,2021-10-11,000001,Vente,322200,2,,RUE ALEXIS DE TOCQUEVILLE,0128,78000,78646,Versailles,78,,,78646000BS0226,,,4137,,,,,,,,,,1,2,Appartement,45,2,,,,,,2.132076,48.794722
2021-1342038,2021-10-11,000001,Vente,322200,2,,RUE ALEXIS DE TOCQUEVILLE,0128,78000,78646,Versailles,78,,,78646000BS0226,,,4370,,,,,,,,,,1,3,Dépendance,,0,,,,,,2.132076,48.794722
2021-1342080,2021-09-30,000001,Vente,540100,2,,AV DES ARTS,0220,78000,78646,Versailles,78,,,78646000AM0071,,,20,,,,,,,,,,1,2,Appartement,30,2,,,,,,2.139444,48.82259
2021-1342080,2021-09-30,000001,Vente,540100,2,,AV DES ARTS,0220,78000,78646,Versailles,78,,,78646000AM0071,,,20,,,,,,,,,,1,2,Appartement,30,2,,,,,,2.139444,48.82259
2021-1342080,2021-09-30,000001,Vente,540100,2,,AV DES ARTS,0220,78000,78646,Versailles,78,,,78646000AM0071,,,20,,21,,,,,,,,2,3,Dépendance,,0,,,,,,2.139444,48.82259
2021-1342080,2021-09-30,000001,Vente,540100,2,,AV DES ARTS,0220,78000,78646,Versailles,78,,,78646000AM0071,,,20,,,,,,,,,,1,3,Dépendance,,0,,,,,,2.139444,48.82259
2021-1342098,2021-09-20,000001,Vente,333595,34,,RUE DU GENERAL LECLERC,1145,78000,78646,Versailles,78,,,78646000BV0086,,,18,43.83,,,,,,,,,1,2,Appartement,40,2,,,,,,2.127122,48.798687
2021-1342101,2021-09-20,000001,Vente,283081,21,,RUE SAINT MEDERIC,2840,78000,78646,Versailles,78,,,78646000BW0050,,,19,,8,,,,,,,,2,3,Dépendance,,0,,,,,,2.126744,48.794208
2021-1342101,2021-09-20,000001,Vente,283081,21,,RUE SAINT MEDERIC,2840,78000,78646,Versailles,78,,,78646000BW0050,,,19,,8,,,,,,,,2,2,Appartement,32,2,,,,,,2.126744,48.794208
2021-1342104,2021-09-16,000001,Vente,1114000,27,,AV MIRABEAU,1910,78000,78646,Versailles,78,,,78646000AM0021,,,,,,,,,,,,,0,1,Maison,102,5,S,sols,,,487,2.139904,48.821401
2021-1342190,2021-10-06,000001,Vente,1031700,9,,RUE DE MOUCHY,2010,78000,78646,Versailles,78,,,78646000AD0013,,,14,,4,,,,,,,,2,3,Dépendance,,0,,,,,,2.126847,48.810398
2021-1342190,2021-10-06,000001,Vente,1031700,9,,RUE DE MOUCHY,2010,78000,78646,Versailles,78,,,78646000AD0013,,,14,,4,,,,,,,,2,3,Dépendance,,0,,,,,,2.126847,48.810398
2021-1342190,2021-10-06,000001,Vente,1031700,9,,RUE DE MOUCHY,2010,78000,78646,Versailles,78,,,78646000AD0013,,,14,,4,,,,,,,,2,3,Dépendance,,0,,,,,,2.126847,48.810398
2021-1342190,2021-10-06,000001,Vente,1031700,9,,RUE DE MOUCHY,2010,78000,78646,Versailles,78,,,78646000AD0013,,,14,,4,,,,,,,,2,2,Appartement,110,6,,,,,,2.126847,48.810398
2021-1342193,2021-09-22,000001,Vente,396100,66,,RUE ROYALE,2648,78000,78646,Versailles,78,,,78646000BV0171,,,1,,16,,66,,,,,,3,3,Dépendance,,0,,,,,,2.125321,48.796013
2021-1342193,2021-09-22,000001,Vente,396100,66,,RUE ROYALE,2648,78000,78646,Versailles,78,,,78646000BV0171,,,1,,16,,66,,,,,,3,2,Appartement,55,3,,,,,,2.125321,48.796013
2021-1342243,2021-09-30,000001,Vente,19700000,2,,ESP DU GD SIECLE,0952,78000,78646,Versailles,78,,,78646000AZ0110,,,9299,,,,,,,,,,1,4,Local industriel. commercial ou assimilé,303,0,,,,,,2.158672,48.8041
2021-1342243,2021-09-30,000001,Vente,19700000,2,,ESP DU GD SIECLE,0952,78000,78646,Versailles,78,,,78646000AZ0110,,,2869,,2870,,2871,,2872,,2873,,98,4,Local industriel. commercial ou assimilé,5814,0,,,,,,2.158672,48.8041
2021-1342259,2021-10-12,000001,Vente,710000,9,,PL ALEXANDRE 1E LOUIS BARTHOU,0100,78000,78646,Versailles,78,,,78646000AX0489,,,50,,,,,,,,,,1,3,Dépendance,,0,,,,,,2.140761,48.806449
2021-1342259,2021-10-12,000001,Vente,710000,9,,PL ALEXANDRE 1E LOUIS BARTHOU,0100,78000,78646,Versailles,78,,,78646000AX0489,,,159,,289,97.14,,,,,,,2,2,Appartement,98,3,,,,,,2.140761,48.806449
2021-1342259,2021-10-12,000001,Vente,710000,9,,PL ALEXANDRE 1E LOUIS BARTHOU,0100,78000,78646,Versailles,78,,,78646000AX0489,,,159,,289,97.14,,,,,,,2,3,Dépendance,,0,,,,,,2.140761,48.806449
2021-1342272,2021-09-27,000001,Vente,385000,1,T,RUE SAINT LOUIS,2810,78000,78646,Versailles,78,,,78646000BV0209,,,1,,,,,,,,,,1,3,Dépendance,,0,,,,,,2.122851,48.796013
2021-1342272,2021-09-27,000001,Vente,385000,1,T,RUE SAINT LOUIS,2810,78000,78646,Versailles,78,,,78646000BV0209,,,1,,,,,,,,,,1,2,Appartement,52,2,,,,,,2.122851,48.796013
2021-1342289,2021-09-24,000001,Vente,480000,1,B,RUE ALEXANDRE BONTEMPS,0110,78000,78646,Versailles,78,,,78646000BW0108,,,109,59.01,172,,,,,,,,2,3,Dépendance,,0,,,,,,2.123897,48.794291
2021-1342289,2021-09-24,000001,Vente,480000,1,B,RUE ALEXANDRE BONTEMPS,0110,78000,78646,Versailles,78,,,78646000BW0108,,,109,59.01,172,,,,,,,,2,2,Appartement,58,2,,,,,,2.123897,48.794291
2021-1342299,2021-09-28,000001,Vente,215000,36,,RUE DES RESERVOIRS,2580,78000,78646,Versailles,78,,,78646000AE0402,,,45,22.19,,,,,,,,,1,3,Dépendance,,0,,,,,,2.125799,48.809109
2021-1342302,2021-10-12,000001,Vente,1970000,6,,ALL PIERRE DE COUBERTIN,2310,78000,78646,Versailles,78,,,78646000BP0153,,,,,,,,,,,,,0,3,Dépendance,,0,S,sols,,,445,2.135926,48.802193
2021-1342302,2021-10-12,000001,Vente,1970000,6,,ALL PIERRE DE COUBERTIN,2310,78000,78646,Versailles,78,,,78646000BP0153,,,,,,,,,,,,,0,1,Maison,140,6,S,sols,,,445,2.135926,48.802193
2021-1342303,2021-10-08,000001,Vente,845200,13,,RUE DES ETATS GENERAUX,0980,78000,78646,Versailles,78,,,78646000BR0038,,,100,,105,,106,,107,,43,,15,3,Dépendance,,0,,,,,,2.132793,48.800428
2021-1342303,2021-10-08,000001,Vente,845200,13,,RUE DES ETATS GENERAUX,0980,78000,78646,Versailles,78,,,78646000BR0038,,,100,,105,,106,,107,,43,,15,2,Appartement,100,6,,,,,,2.132793,48.800428
2021-1342310,2021-10-13,000001,Vente,620000,6,,RUE DU GENERAL PERSHING,1170,78000,78646,Versailles,78,,,78646000AS0051,,,1235,,,,,,,,,,1,3,Dépendance,,0,,,,,,2.152002,48.812811
2021-1342310,2021-10-13,000001,Vente,620000,6,,RUE DU GENERAL PERSHING,1170,78000,78646,Versailles,78,,,78646000AS0051,,,1236,,,,,,,,,,1,3,Dépendance,,0,,,,,,2.152002,48.812811
2021-1342326,2021-09-28,000001,Vente,525000,51,,BD DE LA REINE,2520,78000,78646,Versailles,78,,,78646000AD0042,,,105,,114,62.44,,,,,,,2,2,Appartement,48,4,,,,,,2.12885,48.809521
2021-1342326,2021-09-28,000001,Vente,525000,51,,BD DE LA REINE,2520,78000,78646,Versailles,78,,,78646000AD0042,,,105,,114,62.44,,,,,,,2,3,Dépendance,,0,,,,,,2.12885,48.809521
2021-1342340,2021-10-12,000001,Vente,402000,7,,RUE DE LA POURVOIERIE,2420,78000,78646,Versailles,78,,,78646000AE0076,,,19,,8,57.79,,,,,,,2,3,Dépendance,,0,,,,,,2.131902,48.807412
2021-1342340,2021-10-12,000001,Vente,402000,7,,RUE DE LA POURVOIERIE,2420,78000,78646,Versailles,78,,,78646000AE0076,,,19,,8,57.79,,,,,,,2,2,Appartement,54,2,,,,,,2.131902,48.807412
2021-1342343,2021-10-13,000001,Vente,32000,22,,RUE DES CHANTIERS,0530,78000,78646,Versailles,78,,,78646000BS0086,,,13,8,,,,,,,,,1,3,Dépendance,,0,,,,,,2.137754,48.796036
2021-1342351,2021-10-14,000001,Vente,305000,17,,RUE D ANJOU,0190,78000,78646,Versailles,78,,,78646000BV0104,,,1,,8,,,,,,,,2,4,Local industriel. commercial ou assimilé,38,0,,,,,,2.126003,48.797211
2021-1342354,2021-10-13,000001,Vente,28500,23,,RUE DU REFUGE,2510,78000,78646,Versailles,78,,,78646000AX0339,,,184,,,,,,,,,,1,3,Dépendance,,0,,,,,,2.144251,48.804411
2021-1342370,2021-10-01,000001,Vente,254000,9,,PL ALEXANDRE 1E LOUIS BARTHOU,0100,78000,78646,Versailles,78,,,78646000AX0489,,,140,,278,31.18,,,,,,,2,3,Dépendance,,0,,,,,,2.140761,48.806449
2021-1342370,2021-10-01,000001,Vente,254000,9,,PL ALEXANDRE 1E LOUIS BARTHOU,0100,78000,78646,Versailles,78,,,78646000AX0489,,,140,,278,31.18,,,,,,,2,2,Appartement,31,1,,,,,,2.140761,48.806449
2021-1342370,2021-10-01,000001,Vente,254000,9,,PL ALEXANDRE 1E LOUIS BARTHOU,0100,78000,78646,Versailles,78,,,78646000AX0489,,,169,,,,,,,,,,1,3,Dépendance,,0,,,,,,2.140761,48.806449
2021-1342381,2021-10-12,000001,Vente,980000,29,,VLA DE L ERMITAGE,0942,78000,78646,Versailles,78,,,78646000AC0057,,,,,,,,,,,,,0,1,Maison,80,4,S,sols,,,391,2.125471,48.815295
2021-1342397,2021-10-08,000001,Vente,231000,18,,RUE DES TOURNELLES,3050,78000,78646,Versailles,78,,,78646000BT0026,,,29,25.31,,,,,,,,,1,2,Appartement,16,1,,,,,,2.127492,48.797744
2021-1342397,2021-10-08,000001,Vente,231000,18,,RUE DES TOURNELLES,3050,78000,78646,Versailles,78,,,78646000BT0026,,,33,,34,,35,,,,,,3,2,Appartement,30,1,,,,,,2.127492,48.797744
2021-1342451,2021-10-12,000001,Vente,647161,60,,AV DES ETATS UNIS,0990,78000,78646,Versailles,78,,,78646000AW0219,,,740,,,,,,,,,,1,3,Dépendance,,0,,,,,,2.147909,48.808568
2021-1342451,2021-10-12,000001,Vente,647161,60,,AV DES ETATS UNIS,0990,78000,78646,Versailles,78,,,78646000AW0219,,,15,,75,,,,,,,,2,2,Appartement,104,4,,,,,,2.147909,48.808568
2021-1342451,2021-10-12,000001,Vente,647161,60,,AV DES ETATS UNIS,0990,78000,78646,Versailles,78,,,78646000AW0219,,,15,,75,,,,,,,,2,3,Dépendance,,0,,,,,,2.147909,48.808568
2021-1342451,2021-10-12,000001,Vente,647161,60,,AV DES ETATS UNIS,0990,78000,78646,Versailles,78,,,78646000AW0219,,,739,,,,,,,,,,1,3,Dépendance,,0,,,,,,2.147909,48.808568
2021-1342457,2021-10-13,000001,Vente,799594,53,,RUE DE LA PAROISSE,2190,78000,78646,Versailles,78,,,78646000AE0087,,,105,105.4,114,,,,,,,,2,3,Dépendance,,0,,,,,,2.131058,48.807302
2021-1342457,2021-10-13,000001,Vente,799594,53,,RUE DE LA PAROISSE,2190,78000,78646,Versailles,78,,,78646000AE0087,,,104,104.25,119,,,,,,,,2,3,Dépendance,,0,,,,,,2.131058,48.807302
2021-1342457,2021-10-13,000001,Vente,799594,53,,RUE DE LA PAROISSE,2190,78000,78646,Versailles,78,,,78646000AE0087,,,105,105.4,114,,,,,,,,2,2,Appartement,36,1,,,,,,2.131058,48.807302
2021-1342457,2021-10-13,000001,Vente,799594,53,,RUE DE LA PAROISSE,2190,78000,78646,Versailles,78,,,78646000AE0087,,,104,104.25,119,,,,,,,,2,2,Appartement,56,3,,,,,,2.131058,48.807302
2021-1342475,2021-10-01,000001,Vente,540000,86,,AV DE PARIS,2180,78000,78646,Versailles,78,,,78646000BN0166,,,778,85.23,804,,,,,,,,2,3,Dépendance,,0,,,,,,2.145036,48.797427
2021-1342475,2021-10-01,000001,Vente,540000,82,B,AV DE PARIS,2180,78000,78646,Versailles,78,,,78646000BN0166,,,458,,,,,,,,,,1,3,Dépendance,,0,,,,,,2.145036,48.797427
2021-1342475,2021-10-01,000001,Vente,540000,86,,AV DE PARIS,2180,78000,78646,Versailles,78,,,78646000BN0166,,,778,85.23,804,,,,,,,,2,2,Appartement,85,4,,,,,,2.145036,48.797427
2021-1342475,2021-10-01,000001,Vente,540000,86,,AV DE PARIS,2180,78000,78646,Versailles,78,,,78646000BN0166,,,778,85.23,804,,,,,,,,2,3,Dépendance,,0,,,,,,2.145036,48.797427
2021-1342498,2021-10-13,000001,Vente,1440000,15,,AV DE PARIS,2180,78000,78646,Versailles,78,,,78646000AI0248,,,153,213.03,,,,,,,,,1,3,Dépendance,,0,,,,,,2.13366,48.801942
2021-1342498,2021-10-13,000001,Vente,1440000,15,,AV DE PARIS,2180,78000,78646,Versailles,78,,,78646000AI0248,,,139,7.2,,,,,,,,,1,3,Dépendance,,0,,,,,,2.13366,48.801942
2021-1342498,2021-10-13,000001,Vente,1440000,15,,AV DE PARIS,2180,78000,78646,Versailles,78,,,78646000AI0248,,,141,10.3,146,,,,,,,,2,3,Dépendance,,0,,,,,,2.13366,48.801942
2021-1342498,2021-10-13,000001,Vente,1440000,15,,AV DE PARIS,2180,78000,78646,Versailles,78,,,78646000AI0248,,,153,213.03,,,,,,,,,1,3,Dépendance,,0,,,,,,2.13366,48.801942
2021-1342498,2021-10-13,000001,Vente,1440000,15,,AV DE PARIS,2180,78000,78646,Versailles,78,,,78646000AI0248,,,153,213.03,,,,,,,,,1,3,Dépendance,,0,,,,,,2.13366,48.801942
2021-1342498,2021-10-13,000001,Vente,1440000,15,,AV DE PARIS,2180,78000,78646,Versailles,78,,,78646000AI0248,,,145,,,,,,,,,,1,3,Dépendance,,0,,,,,,2.13366,48.801942
2021-1342498,2021-10-13,000001,Vente,1440000,15,,AV DE PARIS,2180,78000,78646,Versailles,78,,,78646000AI0248,,,153,213.03,,,,,,,,,1,2,Appartement,282,7,,,,,,2.13366,48.801942
2021-1342526,2021-10-14,000001,Vente en l'état futur d'achèvement,632000,44,,RUE CHAMP LAGARDE,0490,78000,78646,Versailles,78,,,78646000AY0198,,,44,,,,,,,,,,1,3,Dépendance,,0,,,,,,2.147958,48.801006
2021-1342526,2021-10-14,000001,Vente en l'état futur d'achèvement,632000,44,,RUE CHAMP LAGARDE,0490,78000,78646,Versailles,78,,,78646000AY0198,,,7,,,,,,,,,,1,2,Appartement,70,2,,,,,,2.147958,48.801006
2021-1342540,2021-09-29,000001,Vente,401004,6,,RUE LOUIS HAUSSMANN,1679,78000,78646,Versailles,78,,,78646000AS0036,,,57,,,,,,,,,,1,3,Dépendance,,0,,,,,,2.147113,48.809569
2021-1342540,2021-09-29,000001,Vente,401004,10,,RUE LOUIS HAUSSMANN,1679,78000,78646,Versailles,78,,,78646000AS0036,,,203,69.28,38,,,,,,,,2,2,Appartement,70,3,,,,,,2.147113,48.809569
2021-1342540,2021-09-29,000001,Vente,401004,10,,RUE LOUIS HAUSSMANN,1679,78000,78646,Versailles,78,,,78646000AS0036,,,203,69.28,38,,,,,,,,2,3,Dépendance,,0,,,,,,2.147113,48.809569
2021-1342548,2021-10-15,000001,Vente,518950,76,,RUE DE LA PAROISSE,2190,78000,78646,Versailles,78,,,78646000AI0127,,,14,55,4,55.32,,,,,,,2,2,Appartement,54,3,,,,,,2.133192,48.805982
2021-1342549,2021-10-18,000001,Vente,812900,3,,RUE ANTOINE COYPEL,0200,78000,78646,Versailles,78,,,78646000BO0010,,,117,,36,108.91,37,108.91,38,108.91,,,4,3,Dépendance,,0,,,,,,2.142833,48.800054
2021-1342549,2021-10-18,000001,Vente,812900,3,,RUE ANTOINE COYPEL,0200,78000,78646,Versailles,78,,,78646000BO0010,,,117,,36,108.91,37,108.91,38,108.91,,,4,2,Appartement,110,4,,,,,,2.142833,48.800054
2021-1342549,2021-10-18,000001,Vente,812900,3,,RUE ANTOINE COYPEL,0200,78000,78646,Versailles,78,,,78646000BO0010,,,121,,,,,,,,,,1,3,Dépendance,,0,,,,,,2.142833,48.800054
2021-1342552,2021-09-28,000001,Vente,1151800,10,,RUE DE L ERMITAGE,0940,78000,78646,Versailles,78,,,78646000AC0314,,,260,,284,143.73,,,,,,,2,3,Dépendance,,0,,,,,,2.123933,48.814609
2021-1342552,2021-09-28,000001,Vente,1151800,10,,RUE DE L ERMITAGE,0940,78000,78646,Versailles,78,,,78646000AC0314,,,260,,284,143.73,,,,,,,2,3,Dépendance,,0,,,,,,2.123933,48.814609
2021-1342552,2021-09-28,000001,Vente,1151800,10,,RUE DE L ERMITAGE,0940,78000,78646,Versailles,78,,,78646000AC0314,,,79,,,,,,,,,,1,3,Dépendance,,0,,,,,,2.123933,48.814609
2021-1342552,2021-09-28,000001,Vente,1151800,10,,RUE DE L ERMITAGE,0940,78000,78646,Versailles,78,,,78646000AC0314,,,260,,284,143.73,,,,,,,2,2,Appartement,117,5,,,,,,2.123933,48.814609
2021-1342559,2021-09-28,000001,Vente,438540,5,,RUE JEAN MERMOZ,1460,78000,78646,Versailles,78,,,78646000BN0109,,,26,61.98,6,,,,,,,,2,2,Appartement,60,3,,,,,,2.146069,48.796572
2021-1342559,2021-09-28,000001,Vente,438540,5,,RUE JEAN MERMOZ,1460,78000,78646,Versailles,78,,,78646000BN0109,,,26,61.98,6,,,,,,,,2,3,Dépendance,,0,,,,,,2.146069,48.796572
2021-1342600,2021-09-24,000001,Vente,860000,3,B,RUE REMONT,2560,78000,78646,Versailles,78,,,78646000BE0310,,,,,,,,,,,,,0,1,Maison,81,5,S,sols,,,304,2.16259,48.796859
2021-1342627,2021-09-23,000001,Vente,1790900,31,,RUE DE LA PAROISSE,2190,78000,78646,Versailles,78,,,78646000AE0141,,,41,163.27,42,,,,,,,,2,3,Dépendance,,0,,,,,,2.128166,48.808064
2021-1342627,2021-09-23,000001,Vente,1790900,31,,RUE DE LA PAROISSE,2190,78000,78646,Versailles,78,,,78646000AE0141,,,41,163.27,42,,,,,,,,2,1,Maison,160,7,,,,,,2.128166,48.808064
2021-1342637,2021-09-29,000001,Vente,19236000,147,,RUE YVES LE COZ,3210,78000,78646,Versailles,78,,,78646000BI0348,,2,,,,,,,,,,,0,,,,,,,,,,2.151022,48.790673
2021-1342681,2021-10-15,000001,Vente,1006180,9,,AV DE SAINT CLOUD,2730,78000,78646,Versailles,78,,,78646000AE0311,,,109,118.59,,,,,,,,,1,2,Appartement,91,4,,,,,,2.128848,48.805199
2021-1342690,2021-10-15,000001,Vente,645000,35,B,RUE DU MARECHAL GALLIENI,1812,78000,78646,Versailles,78,,,78646000AC0315,,,218,74.31,,,,,,,,,1,2,Appartement,74,3,,,,,,2.123552,48.81207
2021-1342690,2021-10-15,000001,Vente,645000,35,B,RUE DU MARECHAL GALLIENI,1812,78000,78646,Versailles,78,,,78646000AC0315,,,268,,,,,,,,,,1,3,Dépendance,,0,,,,,,2.123552,48.81207
2021-1342690,2021-10-15,000001,Vente,645000,35,B,RUE DU MARECHAL GALLIENI,1812,78000,78646,Versailles,78,,,78646000AC0315,,,218,74.31,,,,,,,,,1,3,Dépendance,,0,,,,,,2.123552,48.81207
2021-1342690,2021-10-15,000001,Vente,645000,35,B,RUE DU MARECHAL GALLIENI,1812,78000,78646,Versailles,78,,,78646000AC0315,,,267,,,,,,,,,,1,3,Dépendance,,0,,,,,,2.123552,48.81207
2021-1342713,2021-10-15,000001,Vente,704000,21,B,RUE DU MARECHAL GALLIENI,1812,78000,78646,Versailles,78,,,78646000AC0005,,,1297,,,,,,,,,,1,3,Dépendance,,0,,,,,,2.123201,48.811375
2021-1342713,2021-10-15,000001,Vente,704000,21,B,RUE DU MARECHAL GALLIENI,1812,78000,78646,Versailles,78,,,78646000AC0005,,,1022,81.75,1257,,,,,,,,2,3,Dépendance,,0,,,,,,2.123201,48.811375
2021-1342713,2021-10-15,000001,Vente,704000,21,B,RUE DU MARECHAL GALLIENI,1812,78000,78646,Versailles,78,,,78646000AC0005,,,1296,,,,,,,,,,1,3,Dépendance,,0,,,,,,2.123201,48.811375
2021-1342713,2021-10-15,000001,Vente,704000,21,B,RUE DU MARECHAL GALLIENI,1812,78000,78646,Versailles,78,,,78646000AC0005,,,1022,81.75,1257,,,,,,,,2,2,Appartement,82,3,,,,,,2.123201,48.811375
2021-1342734,2021-10-18,000001,Vente,1533100,48,,RUE DE LA BONNE AVENTURE,0390,78000,78646,Versailles,78,,,78646000AX0154,,,,,,,,,,,,,0,1,Maison,130,6,S,sols,,,250,2.148776,48.806294
2021-1342737,2021-09-29,000001,Vente,1776050,17,,RUE EMILE DESCHAMPS,0930,78000,78646,Versailles,78,,,78646000AX0167,,,,,,,,,,,,,0,1,Maison,177,7,S,sols,,,262,2.14977,48.805703
2021-1342737,2021-09-29,000001,Vente,1776050,2,,RUE EMILE DESCHAMPS,0930,78000,78646,Versailles,78,,,78646000AX0187,,,82,,,,,,,,,,1,3,Dépendance,,0,,,,,,,
2021-1342745,2021-10-08,000001,Vente,302000,17,T,RUE DU PONT COLBERT,2370,78000,78646,Versailles,78,,,78646000BI0022,,,428,62.85,,,,,,,,,1,3,Dépendance,,0,,,,,,2.149624,48.789909
2021-1342745,2021-10-08,000001,Vente,302000,17,T,RUE DU PONT COLBERT,2370,78000,78646,Versailles,78,,,78646000BI0022,,,428,62.85,,,,,,,,,1,2,Appartement,61,4,,,,,,2.149624,48.789909
2021-1342761,2021-10-19,000001,Vente,280000,64,,AV DE PARIS,2180,78000,78646,Versailles,78,,,78646000BN0007,,,8,,,,,,,,,,1,2,Appartement,45,2,,,,,,2.138959,48.799201
2021-1342790,2021-10-15,000001,Vente,2181000,4,,RPT DE L ALLIANCE,0140,78000,78646,Versailles,78,,,78646000AP0021,,,,,,,,,,,,,0,3,Dépendance,,0,S,sols,,,702,2.145167,48.816038
2021-1342790,2021-10-15,000001,Vente,2181000,4,,RPT DE L ALLIANCE,0140,78000,78646,Versailles,78,,,78646000AP0021,,,,,,,,,,,,,0,3,Dépendance,,0,AG,terrains d'agrément,,,500,2.145167,48.816038
2021-1342790,2021-10-15,000001,Vente,2181000,4,,RPT DE L ALLIANCE,0140,78000,78646,Versailles,78,,,78646000AP0021,,,,,,,,,,,,,0,1,Maison,301,9,S,sols,,,702,2.145167,48.816038
2021-1342790,2021-10-15,000001,Vente,2181000,4,,RPT DE L ALLIANCE,0140,78000,78646,Versailles,78,,,78646000AP0021,,,,,,,,,,,,,0,1,Maison,301,9,AG,terrains d'agrément,,,500,2.145167,48.816038
2021-1342813,2021-10-21,000001,Vente,1859100,5,,RUE DES CONDAMINES,0690,78000,78646,Versailles,78,,,78646000BP0125,,,,,,,,,,,,,0,1,Maison,205,6,S,sols,,,703,2.144766,48.801253
2021-1342815,2021-10-21,000001,Vente,1154000,7,,RUE DES CONDAMINES,0690,78000,78646,Versailles,78,,,78646000BP0124,,,4,143.29,5,,,,,,,,2,2,Appartement,150,5,,,,,,2.144844,48.801416
2021-1342815,2021-10-21,000001,Vente,1154000,7,,RUE DES CONDAMINES,0690,78000,78646,Versailles,78,,,78646000BP0124,,,6,,,,,,,,,,1,3,Dépendance,,0,,,,,,2.144844,48.801416
2021-1342815,2021-10-21,000001,Vente,1154000,7,,RUE DES CONDAMINES,0690,78000,78646,Versailles,78,,,78646000BP0124,,,4,143.29,5,,,,,,,,2,3,Dépendance,,0,,,,,,2.144844,48.801416
2021-1342839,2021-10-01,000001,Vente,300000,14,,CHE DE FAUSSES REPOSES,1030,78000,78646,Versailles,78,,,78646000AV0078,,,5,54.63,,,,,,,,,1,2,Appartement,55,3,,,,,,2.153491,48.808977
2021-1342839,2021-10-01,000001,Vente,300000,27,,RUE DE LA CEINTURE,0460,78000,78646,Versailles,78,,,78646000AV0078,,,24,,,,,,,,,,1,3,Dépendance,,0,,,,,,2.153491,48.808977
2021-1342843,2021-10-01,000001,Vente,336000,2,,RUE ALEXIS DE TOCQUEVILLE,0128,78000,78646,Versailles,78,,,78646000BS0226,,,4113,,,,,,,,,,1,2,Appartement,42,2,,,,,,2.132076,48.794722
2021-1342843,2021-10-01,000001,Vente,336000,2,,RUE ALEXIS DE TOCQUEVILLE,0128,78000,78646,Versailles,78,,,78646000BS0226,,,4288,,,,,,,,,,1,3,Dépendance,,0,,,,,,2.132076,48.794722
2021-1342855,2021-10-18,000001,Vente,10000,11,,RUE DES DEUX PORTES,0780,78000,78646,Versailles,78,,,78646000AE0261,,,22,,,,,,,,,,1,2,Appartement,23,1,,,,,,2.130431,48.806176
2021-1342855,2021-10-18,000001,Vente,10000,11,,RUE DES DEUX PORTES,0780,78000,78646,Versailles,78,,,78646000AE0261,,,22,,,,,,,,,,1,3,Dépendance,,0,,,,,,2.130431,48.806176
2021-1342855,2021-10-18,000001,Vente,10000,11,,RUE DES DEUX PORTES,0780,78000,78646,Versailles,78,,,78646000AE0261,,,22,,,,,,,,,,1,3,Dépendance,,0,,,,,,2.130431,48.806176
2021-1342856,2021-10-15,000001,Vente,450000,10,,RUE EDOUARD CHARTON,0890,78000,78646,Versailles,78,,,78646000BT0073,,,10,,18,,8,45.52,,,,,3,3,Dépendance,,0,,,,,,2.130231,48.795448
2021-1342856,2021-10-15,000001,Vente,450000,10,,RUE EDOUARD CHARTON,0890,78000,78646,Versailles,78,,,78646000BT0073,,,10,,18,,8,45.52,,,,,3,3,Dépendance,,0,,,,,,2.130231,48.795448
2021-1342856,2021-10-15,000001,Vente,450000,10,,RUE EDOUARD CHARTON,0890,78000,78646,Versailles,78,,,78646000BT0073,,,10,,18,,8,45.52,,,,,3,2,Appartement,60,2,,,,,,2.130231,48.795448
2021-1342857,2021-10-19,000001,Vente,943000,22,,RUE DE LA PAROISSE,2190,78000,78646,Versailles,78,,,78646000AE0185,,,26,99.11,46,,53,,,,,,3,3,Dépendance,,0,,,,,,2.12683,48.807669
2021-1342857,2021-10-19,000001,Vente,943000,22,,RUE DE LA PAROISSE,2190,78000,78646,Versailles,78,,,78646000AE0185,,,26,99.11,46,,53,,,,,,3,3,Dépendance,,0,,,,,,2.12683,48.807669
2021-1342857,2021-10-19,000001,Vente,943000,20,,RUE DE LA PAROISSE,2190,78000,78646,Versailles,78,,,78646000AE0185,,,57,,,,,,,,,,1,3,Dépendance,,0,,,,,,2.12683,48.807669
2021-1342857,2021-10-19,000001,Vente,943000,22,,RUE DE LA PAROISSE,2190,78000,78646,Versailles,78,,,78646000AE0185,,,26,99.11,46,,53,,,,,,3,2,Appartement,96,2,,,,,,2.12683,48.807669
2021-1342857,2021-10-19,000001,Vente,943000,20,,RUE DE LA PAROISSE,2190,78000,78646,Versailles,78,,,78646000AE0185,,,38,,,,,,,,,,1,3,Dépendance,,0,,,,,,2.12683,48.807669
2021-1342866,2021-10-15,000001,Vente,395000,1,,IMP NUNGESSER ET COLI,2090,78000,78646,Versailles,78,,,78646000BN0085,,,39,75.13,,,,,,,,,1,3,Dépendance,,0,,,,,,2.140783,48.796606
2021-1342866,2021-10-15,000001,Vente,395000,1,,IMP NUNGESSER ET COLI,2090,78000,78646,Versailles,78,,,78646000BN0085,,,39,75.13,,,,,,,,,1,2,Appartement,73,3,,,,,,2.140783,48.796606
2021-1342877,2021-10-12,000001,Vente,1185850,9,,RUE DU MARECHAL GALLIENI,1812,78000,78646,Versailles,78,,,78646000AC0214,,,23,,4,123.05,,,,,,,2,3,Dépendance,,0,,,,,,2.123647,48.810549
2021-1342877,2021-10-12,000001,Vente,1185850,9,,RUE DU MARECHAL GALLIENI,1812,78000,78646,Versailles,78,,,78646000AC0214,,,23,,4,123.05,,,,,,,2,2,Appartement,118,4,,,,,,2.123647,48.810549
2021-1342877,2021-10-12,000001,Vente,1185850,9,,RUE DU MARECHAL GALLIENI,1812,78000,78646,Versailles,78,,,78646000AC0214,,,12,13.21,,,,,,,,,1,3,Dépendance,,0,,,,,,2.123647,48.810549
2021-1342877,2021-10-12,000001,Vente,1185850,9,,RUE DU MARECHAL GALLIENI,1812,78000,78646,Versailles,78,,,78646000AC0214,,,23,,4,123.05,,,,,,,2,3,Dépendance,,0,,,,,,2.123647,48.810549
2021-1342901,2021-10-13,000001,Vente,1325000,15,,RUE DU PARC DE CLAGNY,2171,78000,78646,Versailles,78,,,78646000AK0274,,,,,,,,,,,,,0,,,,,AB,terrains a bâtir,,,1264,2.140001,48.810745
2021-1342912,2021-10-22,000001,Vente,34500,26,,RUE HENRI SIMON,1330,78000,78646,Versailles,78,,,78646000AW0006,,,1081,,,,,,,,,,1,3,Dépendance,,0,,,,,,2.15013,48.808121
2021-1342912,2021-10-22,000001,Vente,34500,26,,RUE HENRI SIMON,1330,78000,78646,Versailles,78,,,78646000AW0006,,,1080,,,,,,,,,,1,3,Dépendance,,0,,,,,,2.15013,48.808121
2021-1342914,2021-09-27,000001,Vente,630000,14,,ALL DES GARDES ROYALES,1136,78000,78646,Versailles,78,,,78646000AY0212,,,358,,382,,,,,,,,2,3,Dépendance,,0,,,,,,2.151214,48.802177
2021-1342914,2021-09-27,000001,Vente,630000,2,,ALL DES GARDES ROYALES,1136,78000,78646,Versailles,78,,,78646000AY0212,,,1176,,,,,,,,,,1,3,Dépendance,,0,,,,,,2.151214,48.802177
2021-1342914,2021-09-27,000001,Vente,630000,2,,ALL DES GARDES ROYALES,1136,78000,78646,Versailles,78,,,78646000AY0212,,,1143,,,,,,,,,,1,3,Dépendance,,0,,,,,,2.151214,48.802177
2021-1342914,2021-09-27,000001,Vente,630000,14,,ALL DES GARDES ROYALES,1136,78000,78646,Versailles,78,,,78646000AY0212,,,358,,382,,,,,,,,2,3,Dépendance,,0,,,,,,2.151214,48.802177
2021-1342914,2021-09-27,000001,Vente,630000,14,,ALL DES GARDES ROYALES,1136,78000,78646,Versailles,78,,,78646000AY0212,,,358,,382,,,,,,,,2,2,Appartement,104,5,,,,,,2.151214,48.802177
2021-1342931,2021-10-01,000001,Vente,141500,1,B,RUE ALBERT SARRAUT,0080,78000,78646,Versailles,78,,,78646000BK0058,,,13,,8,20.77,,,,,,,2,3,Dépendance,,0,,,,,,2.154205,48.796174
2021-1342931,2021-10-01,000001,Vente,141500,1,B,RUE ALBERT SARRAUT,0080,78000,78646,Versailles,78,,,78646000BK0058,,,13,,8,20.77,,,,,,,2,2,Appartement,22,1,,,,,,2.154205,48.796174
2021-1342952,2021-10-02,000001,Vente,2672000,27,,BD DU ROI,2641,78000,78646,Versailles,78,,,78646000AC0117,,,173,,,,,,,,,,1,3,Dépendance,,0,,,,,,2.126689,48.812877
2021-1342952,2021-10-02,000001,Vente,2672000,25,,BD DU ROI,2641,78000,78646,Versailles,78,,,78646000AC0118,,,,,,,,,,,,,0,1,Maison,341,9,S,sols,,,799,2.126808,48.812543
2021-1342954,2021-10-11,000001,Vente,525000,14,,RUE DES CHANTIERS,0530,78000,78646,Versailles,78,,,78646000BS0060,,,37,,4,74.01,7,,,,,,3,2,Appartement,70,4,,,,,,2.136832,48.796406
2021-1342954,2021-10-11,000001,Vente,525000,14,,RUE DES CHANTIERS,0530,78000,78646,Versailles,78,,,78646000BS0060,,,37,,4,74.01,7,,,,,,3,3,Dépendance,,0,,,,,,2.136832,48.796406
2021-1342979,2021-10-08,000001,Vente,30000,17,,BD DE LA REPUBLIQUE,2570,78000,78646,Versailles,78,,,78646000AW0150,,,26,,,,,,,,,,1,3,Dépendance,,0,,,,,,2.147534,48.807494
2021-1342981,2021-10-12,000001,Vente,927300,18,,RUE DU PEINTRE LEBRUN,2220,78000,78646,Versailles,78,,,78646000AE0352,,,32,,35,,38,102.74,,,,,3,3,Dépendance,,0,,,,,,2.124801,48.805972
2021-1342981,2021-10-12,000001,Vente,927300,18,,RUE DU PEINTRE LEBRUN,2220,78000,78646,Versailles,78,,,78646000AE0352,,,32,,35,,38,102.74,,,,,3,3,Dépendance,,0,,,,,,2.124801,48.805972
2021-1342981,2021-10-12,000001,Vente,927300,18,,RUE DU PEINTRE LEBRUN,2220,78000,78646,Versailles,78,,,78646000AE0352,,,32,,35,,38,102.74,,,,,3,2,Appartement,104,5,,,,,,2.124801,48.805972
2021-1342997,2021-10-18,000001,Vente,1245000,41,,AV DE VILLENEUVE L ETANG,3200,78000,78646,Versailles,78,,,78646000AO0164,,,2,,7,150.96,,,,,,,2,3,Dépendance,,0,,,,,,2.14695,48.817484
2021-1342997,2021-10-18,000001,Vente,1245000,41,,AV DE VILLENEUVE L ETANG,3200,78000,78646,Versailles,78,,,78646000AO0164,,,2,,7,150.96,,,,,,,2,3,Dépendance,,0,,,,,,2.14695,48.817484
2021-1342997,2021-10-18,000001,Vente,1245000,41,,AV DE VILLENEUVE L ETANG,3200,78000,78646,Versailles,78,,,78646000AO0164,,,14,,,,,,,,,,1,3,Dépendance,,0,,,,,,2.14695,48.817484
2021-1342997,2021-10-18,000001,Vente,1245000,41,,AV DE VILLENEUVE L ETANG,3200,78000,78646,Versailles,78,,,78646000AO0164,,,13,,,,,,,,,,1,3,Dépendance,,0,,,,,,2.14695,48.817484
2021-1342997,2021-10-18,000001,Vente,1245000,41,,AV DE VILLENEUVE L ETANG,3200,78000,78646,Versailles,78,,,78646000AO0164,,,2,,7,150.96,,,,,,,2,2,Appartement,161,5,,,,,,2.14695,48.817484
2021-1343010,2021-10-14,000001,Vente,1162123,29,,RUE ALEXIS FOURCAULT,0130,78000,78646,Versailles,78,,,78646000AW0056,,,,,,,,,,,,,0,3,Dépendance,,0,S,sols,,,275,2.154665,48.805099
2021-1343010,2021-10-14,000001,Vente,1162123,29,,RUE ALEXIS FOURCAULT,0130,78000,78646,Versailles,78,,,78646000AW0056,,,,,,,,,,,,,0,1,Maison,122,4,S,sols,,,275,2.154665,48.805099
2021-1343033,2021-10-14,000001,Vente,24000,19,B,RUE DU PONT COLBERT,2370,78000,78646,Versailles,78,,,78646000BI0284,,,90,,,,,,,,,,1,3,Dépendance,,0,,,,,,2.151506,48.789725
2021-1343051,2021-10-11,000001,Vente en l'état futur d'achèvement,409000,9,,RUE VAUBAN,3110,78000,78646,Versailles,78,,,78646000AY0310,,,965,,,,,,,,,,1,,,,,,,,,,2.15313,48.799852
2021-1343051,2021-10-11,000001,Vente en l'état futur d'achèvement,409000,9,,RUE VAUBAN,3110,78000,78646,Versailles,78,,,78646000AY0310,,,9,,,,,,,,,,1,,,,,,,,,,2.15313,48.799852
2021-1343062,2021-10-15,000001,Vente,320000,2,,RUE ALEXIS DE TOCQUEVILLE,0128,78000,78646,Versailles,78,,,78646000BS0226,,,4149,44.27,,,,,,,,,1,2,Appartement,44,2,,,,,,2.132076,48.794722
2021-1343062,2021-10-15,000001,Vente,320000,2,,RUE ALEXIS DE TOCQUEVILLE,0128,78000,78646,Versailles,78,,,78646000BS0226,,,4369,,,,,,,,,,1,3,Dépendance,,0,,,,,,2.132076,48.794722
2021-1343080,2021-10-01,000001,Vente,344150,1,,RUE DE L ASSEMBLEE NATIONALE,0230,78000,78646,Versailles,78,,,78646000BR0054,,,9,48.39,,,,,,,,,1,2,Appartement,47,2,,,,,,2.13419,48.800225
2021-1343090,2021-10-15,000001,Vente,760300,7,,ALL DES GARDES ROYALES,1136,78000,78646,Versailles,78,,,78646000AY0212,,,734,106.77,752,,,,,,,,2,2,Appartement,104,5,,,,,,2.151214,48.802177
2021-1343090,2021-10-15,000001,Vente,760300,7,,ALL DES GARDES ROYALES,1136,78000,78646,Versailles,78,,,78646000AY0212,,,734,106.77,752,,,,,,,,2,3,Dépendance,,0,,,,,,2.151214,48.802177
2021-1343090,2021-10-15,000001,Vente,760300,7,,ALL DES GARDES ROYALES,1136,78000,78646,Versailles,78,,,78646000AY0212,,,734,106.77,752,,,,,,,,2,3,Dépendance,,0,,,,,,2.151214,48.802177
2021-1343090,2021-10-15,000001,Vente,760300,2,,ALL DES GARDES ROYALES,1136,78000,78646,Versailles,78,,,78646000AY0212,,,1155,,,,,,,,,,1,3,Dépendance,,0,,,,,,2.151214,48.802177
2021-1343109,2021-10-14,000001,Vente,465193,25,,RUE MONTEBELLO,1980,78000,78646,Versailles,78,,,78646000AK0018,,,184,71.26,50,,,,,,,,2,2,Appartement,195,6,,,,,,2.138525,48.812549
2021-1343109,2021-10-14,000001,Vente,465193,25,,RUE MONTEBELLO,1980,78000,78646,Versailles,78,,,78646000AK0018,,,50,,,,,,,,,,1,3,Dépendance,,0,,,,,,2.138525,48.812549
2021-1343109,2021-10-14,000001,Vente,465193,25,,RUE MONTEBELLO,1980,78000,78646,Versailles,78,,,78646000AK0018,,,184,71.26,50,,,,,,,,2,3,Dépendance,,0,,,,,,2.138525,48.812549
2021-1343109,2021-10-14,000001,Vente,465193,25,,RUE MONTEBELLO,1980,78000,78646,Versailles,78,,,78646000AK0018,,,80,,,,,,,,,,1,3,Dépendance,,0,,,,,,2.138525,48.812549
2021-1343109,2021-10-14,000001,Vente,465193,25,,RUE MONTEBELLO,1980,78000,78646,Versailles,78,,,78646000AK0018,,,50,,,,,,,,,,1,3,Dépendance,,0,,,,,,2.138525,48.812549
2021-1343119,2021-10-05,000001,Vente,755000,51,,AV DE SAINT CLOUD,2730,78000,78646,Versailles,78,,,78646000AI0139,,,20,,41,,5,96.26,,,,,3,2,Appartement,82,4,,,,,,2.133856,48.805645
2021-1343119,2021-10-05,000001,Vente,755000,51,,AV DE SAINT CLOUD,2730,78000,78646,Versailles,78,,,78646000AI0139,,,20,,41,,5,96.26,,,,,3,3,Dépendance,,0,,,,,,2.133856,48.805645
2021-1343119,2021-10-05,000001,Vente,755000,51,,AV DE SAINT CLOUD,2730,78000,78646,Versailles,78,,,78646000AI0139,,,20,,41,,5,96.26,,,,,3,3,Dépendance,,0,,,,,,2.133856,48.805645
2021-1343169,2021-10-22,000001,Vente,70000,14,,BD DU ROI,2641,78000,78646,Versailles,78,,,78646000AD0186,,,40,9.63,,,,,,,,,1,3,Dépendance,,0,,,,,,2.127026,48.810963
2021-1343191,2021-10-20,000001,Vente,860000,18,,RUE DE L OCCIDENT,2100,78000,78646,Versailles,78,,,78646000BV0158,,,21,109.12,30,,43,,,,,,3,3,Dépendance,,0,,,,,,2.124881,48.796607
2021-1343191,2021-10-20,000001,Vente,860000,18,,RUE DE L OCCIDENT,2100,78000,78646,Versailles,78,,,78646000BV0158,,,21,109.12,30,,43,,,,,,3,3,Dépendance,,0,,,,,,2.124881,48.796607
2021-1343191,2021-10-20,000001,Vente,860000,18,,RUE DE L OCCIDENT,2100,78000,78646,Versailles,78,,,78646000BV0158,,,21,109.12,30,,43,,,,,,3,2,Appartement,117,5,,,,,,2.124881,48.796607
2021-1343196,2021-10-22,000001,Vente,23000,10,,RUE DU VIEUX VERSAILLES,3180,78000,78646,Versailles,78,,,78646000AH0032,,,73,,,,,,,,,,1,3,Dépendance,,0,,,,,,2.122134,48.800766
2021-1343208,2021-10-15,000001,Vente,700000,14,B,AV DES ARTS,0220,78000,78646,Versailles,78,,,78646000AM0603,,,,,,,,,,,,,0,,,,,AB,terrains a bâtir,,,397,2.141408,48.822538
2021-1343213,2021-09-30,000001,Vente,1279500,1,,RUE RICHAUD,2610,78000,78646,Versailles,78,,,78646000AI0317,,,121,,,,,,,,,,1,3,Dépendance,,0,,,,,,2.133269,48.807902
2021-1343213,2021-09-30,000001,Vente,1279500,1,,RUE RICHAUD,2610,78000,78646,Versailles,78,,,78646000AI0317,,,25,118.46,26,118.46,76,,83,,,,4,2,Appartement,116,4,,,,,,2.133269,48.807902
2021-1343215,2021-10-01,000001,Vente,975000,7,,RUE RICHAUD,2610,78000,78646,Versailles,78,,,78646000AI0313,,,210,,,,,,,,,,1,3,Dépendance,,0,,,,,,2.135209,48.807376
2021-1343215,2021-10-01,000001,Vente,975000,7,,RUE RICHAUD,2610,78000,78646,Versailles,78,,,78646000AI0313,,,130,,51,,,,,,,,2,2,Appartement,86,3,,,,,,2.135209,48.807376
2021-1343220,2021-10-25,000001,Vente,205660,18,,RUE PHILIPPE DE DANGEAU,2255,78000,78646,Versailles,78,,,78646000AI0031,,,38,26.01,,,,,,,,,1,2,Appartement,28,1,,,,,,2.134102,48.803212
2021-1343232,2021-10-14,000001,Vente,759807,25,,RUE MONTEBELLO,1980,78000,78646,Versailles,78,,,78646000AK0018,,,169,92.58,183,23.81,48,,,,,,3,3,Dépendance,,0,,,,,,2.138525,48.812549
2021-1343232,2021-10-14,000001,Vente,759807,25,,RUE MONTEBELLO,1980,78000,78646,Versailles,78,,,78646000AK0018,,,79,,,,,,,,,,1,3,Dépendance,,0,,,,,,2.138525,48.812549
2021-1343232,2021-10-14,000001,Vente,759807,25,,RUE MONTEBELLO,1980,78000,78646,Versailles,78,,,78646000AK0018,,,169,92.58,183,23.81,48,,,,,,3,3,Dépendance,,0,,,,,,2.138525,48.812549
2021-1343232,2021-10-14,000001,Vente,759807,25,,RUE MONTEBELLO,1980,78000,78646,Versailles,78,,,78646000AK0018,,,169,92.58,183,23.81,48,,,,,,3,3,Dépendance,,0,,,,,,2.138525,48.812549
2021-1343232,2021-10-14,000001,Vente,759807,25,,RUE MONTEBELLO,1980,78000,78646,Versailles,78,,,78646000AK0018,,,169,92.58,183,23.81,48,,,,,,3,2,Appartement,195,6,,,,,,2.138525,48.812549
2021-1343245,2021-10-25,000001,Vente,1053500,19,,RUE MOLIERE,1940,78000,78646,Versailles,78,,,78646000BL0047,,,,,,,,,,,,,0,1,Maison,82,5,S,sols,,,414,2.149889,48.793612
2021-1343245,2021-10-25,000001,Vente,1053500,19,,RUE MOLIERE,1940,78000,78646,Versailles,78,,,78646000BL0047,,,,,,,,,,,,,0,3,Dépendance,,0,S,sols,,,414,2.149889,48.793612
2021-1343258,2021-10-05,000001,Vente,300000,29,,RUE MADEMOISELLE,1740,78000,78646,Versailles,78,,,78646000AD0214,,,39,,9,,,,,,,,2,3,Dépendance,,0,,,,,,2.129182,48.812251
2021-1343258,2021-10-05,000001,Vente,300000,29,,RUE MADEMOISELLE,1740,78000,78646,Versailles,78,,,78646000AD0214,,,39,,9,,,,,,,,2,2,Appartement,41,2,,,,,,2.129182,48.812251
2021-1343267,2021-10-01,000001,Vente,30000,39,,BD DU ROI,2641,78000,78646,Versailles,78,,,78646000AC0108,,,183,,,,,,,,,,1,3,Dépendance,,0,,,,,,2.127742,48.814503
2021-1343287,2021-10-01,000001,Vente,854044,58,,RUE DE MONTREUIL,2000,78000,78646,Versailles,78,,,78646000AY0270,,,170,,,,,,,,,,1,3,Dépendance,,0,,,,,,2.148581,48.804249
2021-1343287,2021-10-01,000001,Vente,854044,58,,RUE DE MONTREUIL,2000,78000,78646,Versailles,78,,,78646000AY0270,,,171,,,,,,,,,,1,3,Dépendance,,0,,,,,,2.148581,48.804249
2021-1343287,2021-10-01,000001,Vente,854044,58,,RUE DE MONTREUIL,2000,78000,78646,Versailles,78,,,78646000AY0270,,,515,108.45,,,,,,,,,1,2,Appartement,108,5,,,,,,2.148581,48.804249
2021-1343449,2021-10-06,000001,Vente,512688,10,,RUE EDOUARD LEFEBVRE,0910,78000,78646,Versailles,78,,,78646000BR0147,,,25,,5,67.46,,,,,,,2,3,Dépendance,,0,,,,,,2.132117,48.798291
2021-1343449,2021-10-06,000001,Vente,512688,10,,RUE EDOUARD LEFEBVRE,0910,78000,78646,Versailles,78,,,78646000BR0147,,,65,,,,,,,,,,1,3,Dépendance,,0,,,,,,2.132117,48.798291
2021-1343449,2021-10-06,000001,Vente,512688,10,,RUE EDOUARD LEFEBVRE,0910,78000,78646,Versailles,78,,,78646000BR0147,,,25,,5,67.46,,,,,,,2,2,Appartement,66,3,,,,,,2.132117,48.798291
2021-1343473,2021-11-02,000001,Vente,320000,6,,RUE DE MONTREUIL,2000,78000,78646,Versailles,78,,,78646000AX0277,,,32,,,,,,,,,,1,4,Local industriel. commercial ou assimilé,62,0,,,,,,2.142149,48.805257
2021-1343475,2021-10-22,000001,Vente,403320,8,,PL ROYALE,2650,78000,78646,Versailles,78,,,78646000AZ0110,,,1105,,1111,69.85,,,,,,,2,2,Appartement,70,2,,,,,,2.158672,48.8041
2021-1343475,2021-10-22,000001,Vente,403320,5,,RUE DE L ECOLE DES POSTES,0850,78000,78646,Versailles,78,,,78646000AZ0110,,,3081,,,,,,,,,,1,3,Dépendance,,0,,,,,,2.158672,48.8041
2021-1343475,2021-10-22,000001,Vente,403320,8,,PL ROYALE,2650,78000,78646,Versailles,78,,,78646000AZ0110,,,1105,,1111,69.85,,,,,,,2,3,Dépendance,,0,,,,,,2.158672,48.8041
2021-1343517,2021-10-13,000001,Vente,967000,12,,RUE ALEXANDRE LANGE,0120,78000,78646,Versailles,78,,,78646000AL0102,,,,,,,,,,,,,0,2,Appartement,65,2,AG,terrains d'agrément,,,751,2.13786,48.815737
2021-1343517,2021-10-13,000001,Vente,967000,12,,RUE ALEXANDRE LANGE,0120,78000,78646,Versailles,78,,,78646000AL0102,,,,,,,,,,,,,0,4,Local industriel. commercial ou assimilé,516,0,AG,terrains d'agrément,,,751,2.13786,48.815737
2021-1343517,2021-10-13,000001,Vente,967000,12,,RUE ALEXANDRE LANGE,0120,78000,78646,Versailles,78,,,78646000AL0102,,,,,,,,,,,,,0,2,Appartement,65,2,S,sols,,,205,2.13786,48.815737
2021-1343517,2021-10-13,000001,Vente,967000,12,,RUE ALEXANDRE LANGE,0120,78000,78646,Versailles,78,,,78646000AL0102,,,,,,,,,,,,,0,4,Local industriel. commercial ou assimilé,516,0,S,sols,,,205,2.13786,48.815737
2021-1343519,2021-10-11,000001,Vente,568000,5,,RUE DE L ORANGERIE,2110,78000,78646,Versailles,78,,,78646000AH0025,,,45,84.79,,,,,,,,,1,3,Dépendance,,0,,,,,,2.121379,48.800792
2021-1343519,2021-10-11,000001,Vente,568000,5,,RUE DE L ORANGERIE,2110,78000,78646,Versailles,78,,,78646000AH0025,,,45,84.79,,,,,,,,,1,2,Appartement,87,3,,,,,,2.121379,48.800792
2021-1343556,2021-10-28,000001,Vente,265733,17,T,RUE DU PONT COLBERT,2370,78000,78646,Versailles,78,,,78646000BI0022,,,358,42.36,,,,,,,,,1,2,Appartement,46,2,,,,,,2.149624,48.789909
2021-1343556,2021-10-28,000001,Vente,265733,17,T,RUE DU PONT COLBERT,2370,78000,78646,Versailles,78,,,78646000BI0022,,,358,42.36,,,,,,,,,1,3,Dépendance,,0,,,,,,2.149624,48.789909
2021-1343579,2021-10-29,000001,Vente,344200,88,,RUE D ANJOU,0190,78000,78646,Versailles,78,,,78646000BT0078,,,105,,120,,,,,,,,2,3,Dépendance,,0,,,,,,2.129714,48.79553
2021-1343579,2021-10-29,000001,Vente,344200,88,,RUE D ANJOU,0190,78000,78646,Versailles,78,,,78646000BT0078,,,105,,120,,,,,,,,2,2,Appartement,62,2,,,,,,2.129714,48.79553
2021-1343692,2021-10-22,000001,Vente,1385000,17,,RUE DES RESERVOIRS,2580,78000,78646,Versailles,78,,,78646000AC0238,,,22,9.92,,,,,,,,,1,3,Dépendance,,0,,,,,,2.124388,48.80841
2021-1343692,2021-10-22,000001,Vente,1385000,17,,RUE DES RESERVOIRS,2580,78000,78646,Versailles,78,,,78646000AC0238,,,47,,63,187.43,64,187.43,,,,,3,2,Appartement,180,4,,,,,,2.124388,48.80841
2021-1343705,2021-10-27,000001,Vente,626350,28,,RUE BORGNIS DESBORDES,0395,78000,78646,Versailles,78,,,78646000BW0145,,,5,,,,,,,,,,1,3,Dépendance,,0,,,,,,2.128305,48.793356
2021-1343705,2021-10-27,000001,Vente,626350,28,,RUE BORGNIS DESBORDES,0395,78000,78646,Versailles,78,,,78646000BW0145,,,5,,,,,,,,,,1,2,Appartement,123,6,,,,,,2.128305,48.793356
2021-1343705,2021-10-27,000001,Vente,626350,28,,RUE BORGNIS DESBORDES,0395,78000,78646,Versailles,78,,,78646000BW0145,,,15,96.76,4,,,,,,,,2,2,Appartement,102,4,,,,,,2.128305,48.793356
2021-1343705,2021-10-27,000001,Vente,626350,28,,RUE BORGNIS DESBORDES,0395,78000,78646,Versailles,78,,,78646000BW0145,,,15,96.76,4,,,,,,,,2,3,Dépendance,,0,,,,,,2.128305,48.793356
2021-1343719,2021-10-29,000001,Vente,2350000,4,,RUE ALBERT JOLY,0050,78000,78646,Versailles,78,,,78646000AK0154,,,,,,,,,,,,,0,2,Appartement,58,2,S,sols,,,791,2.135096,48.810526
2021-1343719,2021-10-29,000001,Vente,2350000,4,,RUE ALBERT JOLY,0050,78000,78646,Versailles,78,,,78646000AK0154,,,,,,,,,,,,,0,2,Appartement,106,3,S,sols,,,791,2.135096,48.810526
2021-1343719,2021-10-29,000001,Vente,2350000,4,,RUE ALBERT JOLY,0050,78000,78646,Versailles,78,,,78646000AK0154,,,,,,,,,,,,,0,3,Dépendance,,0,S,sols,,,791,2.135096,48.810526
2021-1343719,2021-10-29,000001,Vente,2350000,4,,RUE ALBERT JOLY,0050,78000,78646,Versailles,78,,,78646000AK0154,,,,,,,,,,,,,0,3,Dépendance,,0,S,sols,,,791,2.135096,48.810526
2021-1343719,2021-10-29,000001,Vente,2350000,4,,RUE ALBERT JOLY,0050,78000,78646,Versailles,78,,,78646000AK0154,,,,,,,,,,,,,0,2,Appartement,79,3,S,sols,,,791,2.135096,48.810526
2021-1343719,2021-10-29,000001,Vente,2350000,4,,RUE ALBERT JOLY,0050,78000,78646,Versailles,78,,,78646000AK0154,,,,,,,,,,,,,0,2,Appartement,30,2,S,sols,,,791,2.135096,48.810526
2021-1343719,2021-10-29,000001,Vente,2350000,4,,RUE ALBERT JOLY,0050,78000,78646,Versailles,78,,,78646000AK0154,,,,,,,,,,,,,0,3,Dépendance,,0,S,sols,,,791,2.135096,48.810526
2021-1343773,2021-10-13,000001,Vente,3100000,21,,RUE D ANGIVILLER,0170,78000,78646,Versailles,78,,,78646000AD0156,,,,,,,,,,,,,0,4,Local industriel. commercial ou assimilé,74,0,AG,terrains d'agrément,,,582,2.129534,48.810561
2021-1343773,2021-10-13,000001,Vente,3100000,21,,RUE D ANGIVILLER,0170,78000,78646,Versailles,78,,,78646000AD0156,,,,,,,,,,,,,0,4,Local industriel. commercial ou assimilé,188,0,AG,terrains d'agrément,,,582,2.129534,48.810561
2021-1343773,2021-10-13,000001,Vente,3100000,21,,RUE D ANGIVILLER,0170,78000,78646,Versailles,78,,,78646000AD0156,,,,,,,,,,,,,0,4,Local industriel. commercial ou assimilé,210,0,AG,terrains d'agrément,,,582,2.129534,48.810561
2021-1343773,2021-10-13,000001,Vente,3100000,21,,RUE D ANGIVILLER,0170,78000,78646,Versailles,78,,,78646000AD0156,,,,,,,,,,,,,0,4,Local industriel. commercial ou assimilé,211,0,AG,terrains d'agrément,,,582,2.129534,48.810561
2021-1343773,2021-10-13,000001,Vente,3100000,21,,RUE D ANGIVILLER,0170,78000,78646,Versailles,78,,,78646000AD0156,,,,,,,,,,,,,0,4,Local industriel. commercial ou assimilé,215,0,AG,terrains d'agrément,,,582,2.129534,48.810561
2021-1343773,2021-10-13,000001,Vente,3100000,21,,RUE D ANGIVILLER,0170,78000,78646,Versailles,78,,,78646000AD0156,,,,,,,,,,,,,0,4,Local industriel. commercial ou assimilé,211,0,S,sols,,,309,2.129534,48.810561
2021-1343773,2021-10-13,000001,Vente,3100000,21,,RUE D ANGIVILLER,0170,78000,78646,Versailles,78,,,78646000AD0156,,,,,,,,,,,,,0,4,Local industriel. commercial ou assimilé,210,0,S,sols,,,309,2.129534,48.810561
2021-1343773,2021-10-13,000001,Vente,3100000,21,,RUE D ANGIVILLER,0170,78000,78646,Versailles,78,,,78646000AD0156,,,,,,,,,,,,,0,4,Local industriel. commercial ou assimilé,157,0,S,sols,,,309,2.129534,48.810561
2021-1343773,2021-10-13,000001,Vente,3100000,21,,RUE D ANGIVILLER,0170,78000,78646,Versailles,78,,,78646000AD0156,,,,,,,,,,,,,0,4,Local industriel. commercial ou assimilé,188,0,S,sols,,,309,2.129534,48.810561
2021-1343773,2021-10-13,000001,Vente,3100000,21,,RUE D ANGIVILLER,0170,78000,78646,Versailles,78,,,78646000AD0156,,,,,,,,,,,,,0,4,Local industriel. commercial ou assimilé,1092,0,S,sols,,,309,2.129534,48.810561
2021-1343773,2021-10-13,000001,Vente,3100000,21,,RUE D ANGIVILLER,0170,78000,78646,Versailles,78,,,78646000AD0156,,,,,,,,,,,,,0,4,Local industriel. commercial ou assimilé,74,0,S,sols,,,309,2.129534,48.810561
2021-1343773,2021-10-13,000001,Vente,3100000,21,,RUE D ANGIVILLER,0170,78000,78646,Versailles,78,,,78646000AD0156,,,,,,,,,,,,,0,4,Local industriel. commercial ou assimilé,1092,0,AG,terrains d'agrément,,,582,2.129534,48.810561
2021-1343773,2021-10-13,000001,Vente,3100000,21,,RUE D ANGIVILLER,0170,78000,78646,Versailles,78,,,78646000AD0156,,,,,,,,,,,,,0,4,Local industriel. commercial ou assimilé,157,0,AG,terrains d'agrément,,,582,2.129534,48.810561
2021-1343773,2021-10-13,000001,Vente,3100000,21,,RUE D ANGIVILLER,0170,78000,78646,Versailles,78,,,78646000AD0156,,,,,,,,,,,,,0,4,Local industriel. commercial ou assimilé,215,0,S,sols,,,309,2.129534,48.810561
2021-1343794,2021-10-14,000001,Vente,489525,18,,RUE ALBERT JOLY,0050,78000,78646,Versailles,78,,,78646000AK0174,,,62,,,,,,,,,,1,3,Dépendance,,0,,,,,,2.137825,48.810091
2021-1343794,2021-10-14,000001,Vente,489525,18,,RUE ALBERT JOLY,0050,78000,78646,Versailles,78,,,78646000AK0174,,,23,,98,,,,,,,,2,4,Local industriel. commercial ou assimilé,85,0,,,,,,2.137825,48.810091
2021-1343833,2021-10-14,000001,Vente,775100,9,,RUE DE PROVENCE,2460,78000,78646,Versailles,78,,,78646000AI0227,,,19,,23,,7,85.28,,,,,3,2,Appartement,85,3,,,,,,2.139743,48.808149
2021-1343833,2021-10-14,000001,Vente,775100,9,,RUE DE PROVENCE,2460,78000,78646,Versailles,78,,,78646000AI0227,,,19,,23,,7,85.28,,,,,3,3,Dépendance,,0,,,,,,2.139743,48.808149
2021-1343833,2021-10-14,000001,Vente,775100,9,,RUE DE PROVENCE,2460,78000,78646,Versailles,78,,,78646000AI0227,,,19,,23,,7,85.28,,,,,3,3,Dépendance,,0,,,,,,2.139743,48.808149
2021-1343917,2021-10-25,000001,Vente,205000,10,,RUE GEORGES CLEMENCEAU,1200,78000,78646,Versailles,78,,,78646000AI0098,,,11,24.75,12,24.75,13,24.75,,,,,3,2,Appartement,29,2,,,,,,2.132604,48.804165
2021-1343921,2021-10-22,000001,Vente,415000,9,,RUE DE LA PAROISSE,2190,78000,78646,Versailles,78,,,78646000AE0157,,,13,51.23,15,,28,,44,,,,4,2,Appartement,49,2,,,,,,2.126478,48.808351
2021-1343921,2021-10-22,000001,Vente,415000,9,,RUE DE LA PAROISSE,2190,78000,78646,Versailles,78,,,78646000AE0157,,,13,51.23,15,,28,,44,,,,4,3,Dépendance,,0,,,,,,2.126478,48.808351
2021-1343921,2021-10-22,000001,Vente,415000,9,,RUE DE LA PAROISSE,2190,78000,78646,Versailles,78,,,78646000AE0157,,,13,51.23,15,,28,,44,,,,4,3,Dépendance,,0,,,,,,2.126478,48.808351
2021-1343939,2021-10-25,000001,Vente,424000,50,,RUE SAINT LOUIS,2810,78000,78646,Versailles,78,,,78646000BW0035,,,7,,9,46.35,,,,,,,2,2,Appartement,50,2,,,,,,2.128884,48.793885
2021-1343939,2021-10-25,000001,Vente,424000,50,,RUE SAINT LOUIS,2810,78000,78646,Versailles,78,,,78646000BW0035,,,7,,9,46.35,,,,,,,2,3,Dépendance,,0,,,,,,2.128884,48.793885
2021-1343946,2021-11-02,000001,Vente,380000,7,,RUE SAINT HONORE,2780,78000,78646,Versailles,78,,,78646000BV0207,,,129,42.01,138,42.01,72,,,,,,3,2,Appartement,55,3,,,,,,2.125549,48.798264
2021-1343946,2021-11-02,000001,Vente,380000,7,,RUE SAINT HONORE,2780,78000,78646,Versailles,78,,,78646000BV0207,,,129,42.01,138,42.01,72,,,,,,3,3,Dépendance,,0,,,,,,2.125549,48.798264
2021-1343953,2021-10-15,000001,Vente,272000,35,,RUE DE VERGENNES,3150,78000,78646,Versailles,78,,,78646000BN0106,,,61,,,,,,,,,,1,3,Dépendance,,0,,,,,,2.137986,48.797678
2021-1343953,2021-10-15,000001,Vente,272000,37,,RUE DE VERGENNES,3150,78000,78646,Versailles,78,,,78646000BN0106,,,130,,51,37.19,,,,,,,2,2,Appartement,35,2,,,,,,2.137986,48.797678
2021-1343961,2021-10-22,000001,Vente,593500,20,,RUE DU MAL JOFFRE,1820,78000,78646,Versailles,78,,,78646000BW0201,,,127,,,,,,,,,,1,3,Dépendance,,0,,,,,,2.121035,48.79512
2021-1343961,2021-10-22,000001,Vente,593500,20,,RUE DU MAL JOFFRE,1820,78000,78646,Versailles,78,,,78646000BW0201,,,102,,116,73.69,,,,,,,2,3,Dépendance,,0,,,,,,2.121035,48.79512
2021-1343961,2021-10-22,000001,Vente,593500,20,,RUE DU MAL JOFFRE,1820,78000,78646,Versailles,78,,,78646000BW0201,,,102,,116,73.69,,,,,,,2,2,Appartement,73,3,,,,,,2.121035,48.79512
2021-1344002,2021-10-14,000001,Vente,1095861,10,,RUE DE L ERMITAGE,0940,78000,78646,Versailles,78,,,78646000AC0314,,,304,,314,135,,,,,,,2,3,Dépendance,,0,,,,,,2.123933,48.814609
2021-1344002,2021-10-14,000001,Vente,1095861,10,,RUE DE L ERMITAGE,0940,78000,78646,Versailles,78,,,78646000AC0314,,,304,,314,135,,,,,,,2,2,Appartement,127,5,,,,,,2.123933,48.814609
2021-1344002,2021-10-14,000001,Vente,1095861,10,,RUE DE L ERMITAGE,0940,78000,78646,Versailles,78,,,78646000AC0314,,,112,,,,,,,,,,1,3,Dépendance,,0,,,,,,2.123933,48.814609
2021-1344002,2021-10-14,000001,Vente,1095861,10,,RUE DE L ERMITAGE,0940,78000,78646,Versailles,78,,,78646000AC0314,,,111,,,,,,,,,,1,3,Dépendance,,0,,,,,,2.123933,48.814609
2021-1344041,2021-10-28,000001,Vente,286000,6,,IMP DU DEBARCADERE,0750,78000,78646,Versailles,78,,,78646000AK0253,,,108,34.44,109,,,,,,,,2,2,Appartement,40,2,,,,,,2.135752,48.810093
2021-1344067,2021-11-04,000001,Vente,442030,6,B,RUE JEAN MERMOZ,1460,78000,78646,Versailles,78,,,78646000BN0167,,,208,61,518,,,,,,,,2,3,Dépendance,,0,,,,,,2.142752,48.797871
2021-1344067,2021-11-04,000001,Vente,442030,6,B,RUE JEAN MERMOZ,1460,78000,78646,Versailles,78,,,78646000BN0167,,,208,61,518,,,,,,,,2,2,Appartement,60,3,,,,,,2.142752,48.797871
2021-1344071,2021-10-27,000001,Vente,1875000,13,,RUE DE L ORIENT,2130,78000,78646,Versailles,78,,,78646000BT0105,,,7,,,,,,,,,,1,2,Appartement,26,2,,,,,,2.127036,48.796284
2021-1344071,2021-10-27,000001,Vente,1875000,13,,RUE DE L ORIENT,2130,78000,78646,Versailles,78,,,78646000BT0105,,,5,,,,,,,,,,1,2,Appartement,22,1,,,,,,2.127036,48.796284
2021-1344071,2021-10-27,000001,Vente,1875000,13,,RUE DE L ORIENT,2130,78000,78646,Versailles,78,,,78646000BT0105,,,2,,,,,,,,,,1,2,Appartement,21,1,,,,,,2.127036,48.796284
2021-1344071,2021-10-27,000001,Vente,1875000,13,,RUE DE L ORIENT,2130,78000,78646,Versailles,78,,,78646000BT0105,,,1,,,,,,,,,,1,2,Appartement,20,1,,,,,,2.127036,48.796284
2021-1344071,2021-10-27,000001,Vente,1875000,13,,RUE DE L ORIENT,2130,78000,78646,Versailles,78,,,78646000BT0105,,,4,,,,,,,,,,1,2,Appartement,29,2,,,,,,2.127036,48.796284
2021-1344071,2021-10-27,000001,Vente,1875000,13,,RUE DE L ORIENT,2130,78000,78646,Versailles,78,,,78646000BT0105,,,6,,,,,,,,,,1,2,Appartement,26,2,,,,,,2.127036,48.796284
2021-1344071,2021-10-27,000001,Vente,1875000,13,,RUE DE L ORIENT,2130,78000,78646,Versailles,78,,,78646000BT0105,,,9,,,,,,,,,,1,2,Appartement,27,2,,,,,,2.127036,48.796284
2021-1344071,2021-10-27,000001,Vente,1875000,13,,RUE DE L ORIENT,2130,78000,78646,Versailles,78,,,78646000BT0105,,,8,,,,,,,,,,1,2,Appartement,21,1,,,,,,2.127036,48.796284
2021-1344071,2021-10-27,000001,Vente,1875000,13,,RUE DE L ORIENT,2130,78000,78646,Versailles,78,,,78646000BT0105,,,10,,,,,,,,,,1,2,Appartement,26,2,,,,,,2.127036,48.796284
2021-1344071,2021-10-27,000001,Vente,1875000,13,,RUE DE L ORIENT,2130,78000,78646,Versailles,78,,,78646000BT0105,,,11,,,,,,,,,,1,2,Appartement,20,1,,,,,,2.127036,48.796284
2021-1344071,2021-10-27,000001,Vente,1875000,13,,RUE DE L ORIENT,2130,78000,78646,Versailles,78,,,78646000BT0105,,,12,,,,,,,,,,1,2,Appartement,27,2,,,,,,2.127036,48.796284
2021-1344071,2021-10-27,000001,Vente,1875000,13,,RUE DE L ORIENT,2130,78000,78646,Versailles,78,,,78646000BT0105,,,3,,,,,,,,,,1,4,Local industriel. commercial ou assimilé,20,0,,,,,,2.127036,48.796284
2021-1344090,2021-10-20,000001,Vente,18000,12,,AV DE PORCHEFONTAINE,2380,78000,78646,Versailles,78,,,78646000BK0021,,,1620,,,,,,,,,,1,3,Dépendance,,0,,,,,,2.152071,48.797176
2021-1344113,2021-11-03,000001,Vente,16500,98,,AV DE PARIS,2180,78000,78646,Versailles,78,,,78646000BK0001,,,397,,,,,,,,,,1,3,Dépendance,,0,,,,,,2.149414,48.797242
2021-1344122,2021-10-29,000001,Vente,1210900,11,,RUE NEUVE NOTRE DAME,2040,78000,78646,Versailles,78,,,78646000AE0011,,,2,,26,,4,,,,,,3,3,Dépendance,,0,,,,,,2.127242,48.808907
2021-1344122,2021-10-29,000001,Vente,1210900,11,,RUE NEUVE NOTRE DAME,2040,78000,78646,Versailles,78,,,78646000AE0011,,,27,,8,,,,,,,,2,2,Appartement,70,2,,,,,,2.127242,48.808907
2021-1344122,2021-10-29,000001,Vente,1210900,11,,RUE NEUVE NOTRE DAME,2040,78000,78646,Versailles,78,,,78646000AE0011,,,3,,,,,,,,,,1,3,Dépendance,,0,,,,,,2.127242,48.808907
2021-1344122,2021-10-29,000001,Vente,1210900,11,,RUE NEUVE NOTRE DAME,2040,78000,78646,Versailles,78,,,78646000AE0011,,,2,,26,,4,,,,,,3,2,Appartement,41,2,,,,,,2.127242,48.808907
2021-1344122,2021-10-29,000001,Vente,1210900,11,,RUE NEUVE NOTRE DAME,2040,78000,78646,Versailles,78,,,78646000AE0011,,,27,,8,,,,,,,,2,3,Dépendance,,0,,,,,,2.127242,48.808907
2021-1344127,2021-10-28,000001,Vente,67200,58,,RUE DES CHANTIERS,0530,78000,78646,Versailles,78,,,78646000BL0327,,,194,12.28,,,,,,,,,1,2,Appartement,15,1,,,,,,2.142467,48.792993
2021-1344128,2021-11-05,000001,Vente,70000,62,,RUE DES CHANTIERS,0530,78000,78646,Versailles,78,,,78646000BL0327,,,114,,,,,,,,,,1,2,Appartement,15,1,,,,,,2.142467,48.792993
2021-1344129,2021-10-15,000001,Vente,295550,40,,RUE DE VERGENNES,3150,78000,78646,Versailles,78,,,78646000BS0044,,,3,,36,,39,,,,,,3,2,Appartement,63,3,,,,,,2.137138,48.797133
2021-1344129,2021-10-15,000001,Vente,295550,40,,RUE DE VERGENNES,3150,78000,78646,Versailles,78,,,78646000BS0044,,,3,,36,,39,,,,,,3,3,Dépendance,,0,,,,,,2.137138,48.797133
2021-1344132,2021-11-04,000001,Vente,40000,19,,RUE DU MARECHAL GALLIENI,1812,78000,78646,Versailles,78,,,78646000AC0209,,,9,,,,,,,,,,1,3,Dépendance,,0,,,,,,2.123665,48.811267
2021-1344135,2021-10-15,000001,Vente,550000,5,,AV DE LA TRANQUILLITE,3055,78000,78646,Versailles,78,,,78646000AZ0110,,,782,115.06,,,,,,,,,1,2,Appartement,117,5,,,,,,2.158672,48.8041
2021-1344135,2021-10-15,000001,Vente,550000,3,,RUE DE L ECOLE DES POSTES,0850,78000,78646,Versailles,78,,,78646000AZ0110,,,578,,782,115.06,,,,,,,2,3,Dépendance,,0,,,,,,2.158672,48.8041
2021-1344135,2021-10-15,000001,Vente,550000,5,,RUE DE L ECOLE DES POSTES,0850,78000,78646,Versailles,78,,,78646000AZ0110,,,596,,,,,,,,,,1,3,Dépendance,,0,,,,,,2.158672,48.8041
2021-1344162,2021-10-19,000001,Vente,225450,2,,RUE JEAN MERMOZ,1460,78000,78646,Versailles,78,,,78646000BN0167,,,576,,,,,,,,,,1,3,Dépendance,,0,,,,,,2.142752,48.797871
2021-1344162,2021-10-19,000001,Vente,225450,6,B,RUE JEAN MERMOZ,1460,78000,78646,Versailles,78,,,78646000BN0167,,,215,28.39,525,,,,,,,,2,2,Appartement,29,1,,,,,,2.142752,48.797871
2021-1344162,2021-10-19,000001,Vente,225450,6,B,RUE JEAN MERMOZ,1460,78000,78646,Versailles,78,,,78646000BN0167,,,215,28.39,525,,,,,,,,2,3,Dépendance,,0,,,,,,2.142752,48.797871
2021-1344163,2021-10-19,000001,Vente,177000,98,,AV DE PARIS,2180,78000,78646,Versailles,78,,,78646000BK0001,,,212,,71,23.55,,,,,,,2,3,Dépendance,,0,,,,,,2.149414,48.797242
2021-1344163,2021-10-19,000001,Vente,177000,98,,AV DE PARIS,2180,78000,78646,Versailles,78,,,78646000BK0001,,,212,,71,23.55,,,,,,,2,2,Appartement,24,1,,,,,,2.149414,48.797242
2021-1344163,2021-10-19,000001,Vente,177000,98,,AV DE PARIS,2180,78000,78646,Versailles,78,,,78646000BK0001,,,537,,,,,,,,,,1,3,Dépendance,,0,,,,,,2.149414,48.797242
2021-1344198,2021-11-02,000001,Vente,1527000,20,,RUE DU PARC DE CLAGNY,2171,78000,78646,Versailles,78,,,78646000AP0068,,,,,,,,,,,,,0,3,Dépendance,,0,S,sols,,,337,2.141361,48.814533
2021-1344198,2021-11-02,000001,Vente,1527000,20,,RUE DU PARC DE CLAGNY,2171,78000,78646,Versailles,78,,,78646000AP0068,,,,,,,,,,,,,0,1,Maison,180,7,S,sols,,,337,2.141361,48.814533
2021-1344246,2021-10-29,000001,Vente,8100000,104,,AV DE PARIS,2180,78000,78646,Versailles,78,,,78646000BK0019,,,,,,,,,,,,,0,1,Maison,120,5,S,sols,,,3690,2.150393,48.797197
2021-1344246,2021-10-29,000001,Vente,8100000,104,,AV DE PARIS,2180,78000,78646,Versailles,78,,,78646000BK0019,,,,,,,,,,,,,0,1,Maison,180,4,S,sols,,,3690,2.150393,48.797197
2021-1344246,2021-10-29,000001,Vente,8100000,104,,AV DE PARIS,2180,78000,78646,Versailles,78,,,78646000BK0019,,,,,,,,,,,,,0,4,Local industriel. commercial ou assimilé,3488,0,S,sols,,,3690,2.150393,48.797197
2021-1344246,2021-10-29,000001,Vente,8100000,106,,AV DE PARIS,2180,78000,78646,Versailles,78,,,78646000BK0020,,,,,,,,,,,,,0,4,Local industriel. commercial ou assimilé,1040,0,S,sols,,,1040,2.150711,48.797592
2021-1344261,2021-11-03,000001,Vente,230000,6,,RUE COSTE,0730,78000,78646,Versailles,78,,,78646000BK0087,,,33,,,,,,,,,,1,3,Dépendance,,0,,,,,,2.154382,48.795903
2021-1344261,2021-11-03,000001,Vente,230000,6,,RUE COSTE,0730,78000,78646,Versailles,78,,,78646000BK0087,,,29,18.81,,,,,,,,,1,3,Dépendance,,0,,,,,,2.154382,48.795903
2021-1344261,2021-11-03,000001,Vente,230000,6,,RUE COSTE,0730,78000,78646,Versailles,78,,,78646000BK0087,,,2,23.39,20,,,,,,,,2,3,Dépendance,,0,,,,,,2.154382,48.795903
2021-1344261,2021-11-03,000001,Vente,230000,6,,RUE COSTE,0730,78000,78646,Versailles,78,,,78646000BK0087,,,2,23.39,20,,,,,,,,2,2,Appartement,23,1,,,,,,2.154382,48.795903
2021-1344283,2021-11-05,000001,Vente,10000,10,,RUE CARNOT,0440,78000,78646,Versailles,78,,,78646000AE0356,,,106,28.36,,,,,,,,,1,3,Dépendance,,0,,,,,,2.125428,48.806349
2021-1344286,2021-10-22,000001,Vente,270000,19,,RUE DES TOURNELLES,3050,78000,78646,Versailles,78,,,78646000BT0017,,,17,,24,,4,35.06,,,,,3,3,Dépendance,,0,,,,,,2.128029,48.797983
2021-1344286,2021-10-22,000001,Vente,270000,19,,RUE DES TOURNELLES,3050,78000,78646,Versailles,78,,,78646000BT0017,,,17,,24,,4,35.06,,,,,3,2,Appartement,35,1,,,,,,2.128029,48.797983
2021-1344355,2021-11-12,000001,Vente,17000,39,,BD DU ROI,2641,78000,78646,Versailles,78,,,78646000AC0108,,,145,,,,,,,,,,1,3,Dépendance,,0,,,,,,2.127742,48.814503
2021-1344371,2021-11-05,000001,Vente,240000,11,,RUE DU PONT COLBERT,2370,78000,78646,Versailles,78,,,78646000BL0422,,,416,,457,,,,,,,,2,3,Dépendance,,0,,,,,,2.147593,48.79113
2021-1344371,2021-11-05,000001,Vente,240000,13,,RUE DU PONT COLBERT,2370,78000,78646,Versailles,78,,,78646000BL0422,,,301,,,,,,,,,,1,3,Dépendance,,0,,,,,,2.147593,48.79113
2021-1344371,2021-11-05,000001,Vente,240000,11,,RUE DU PONT COLBERT,2370,78000,78646,Versailles,78,,,78646000BL0422,,,416,,457,,,,,,,,2,2,Appartement,48,2,,,,,,2.147593,48.79113
2021-1344394,2021-10-13,000001,Vente en l'état futur d'achèvement,920000,17,,BD ST ANTOINE,2690,78000,78646,Versailles,78,,,78646000AC0055,,,66,,,,,,,,,,1,3,Dépendance,,0,,,,,,2.126221,48.815848
2021-1344394,2021-10-13,000001,Vente en l'état futur d'achèvement,920000,17,,BD ST ANTOINE,2690,78000,78646,Versailles,78,,,78646000AC0055,,,16,,,,,,,,,,1,2,Appartement,107,5,,,,,,2.126221,48.815848
2021-1344394,2021-10-13,000001,Vente en l'état futur d'achèvement,920000,17,,BD ST ANTOINE,2690,78000,78646,Versailles,78,,,78646000AC0055,,,37,,,,,,,,,,1,3,Dépendance,,0,,,,,,2.126221,48.815848
2021-1344394,2021-10-13,000001,Vente en l'état futur d'achèvement,920000,17,,BD ST ANTOINE,2690,78000,78646,Versailles,78,,,78646000AC0055,,,38,,,,,,,,,,1,3,Dépendance,,0,,,,,,2.126221,48.815848
2021-1344407,2021-10-26,000001,Vente,1465000,67,,AV DU LOUVRE,1705,78000,78646,Versailles,78,,,78646000BC0091,,,,,,,,,,,,,0,1,Maison,170,7,S,sols,,,560,2.159119,48.801048
2021-1344407,2021-10-26,000001,Vente,1465000,67,,AV DU LOUVRE,1705,78000,78646,Versailles,78,,,78646000BC0091,,,,,,,,,,,,,0,3,Dépendance,,0,S,sols,,,560,2.159119,48.801048
2021-1344428,2021-10-22,000001,Vente,385600,19,B,RUE DU PONT COLBERT,2370,78000,78646,Versailles,78,,,78646000BI0285,,,53,,54,,,,,,,,2,2,Appartement,78,4,,,,,,2.149823,48.788624
2021-1344428,2021-10-22,000001,Vente,385600,19,B,RUE DU PONT COLBERT,2370,78000,78646,Versailles,78,,,78646000BI0285,,,68,,,,,,,,,,1,3,Dépendance,,0,,,,,,2.149823,48.788624
2021-1344428,2021-10-22,000001,Vente,385600,19,B,RUE DU PONT COLBERT,2370,78000,78646,Versailles,78,,,78646000BI0285,,,53,,54,,,,,,,,2,3,Dépendance,,0,,,,,,2.149823,48.788624
2021-1344434,2021-11-05,000001,Vente,228100,7,,RUE EDME FREMY,0880,78000,78646,Versailles,78,,,78646000BN0101,,,23,,9,31.03,,,,,,,2,3,Dépendance,,0,,,,,,2.138301,48.797372
2021-1344434,2021-11-05,000001,Vente,228100,7,,RUE EDME FREMY,0880,78000,78646,Versailles,78,,,78646000BN0101,,,23,,9,31.03,,,,,,,2,2,Appartement,31,2,,,,,,2.138301,48.797372
2021-1344442,2021-09-20,000001,Vente,196675,48,,AV DE SCEAUX,2980,78000,78646,Versailles,78,,,78646000BT0064,,,15,,4,,,,,,,,2,3,Dépendance,,0,,,,,,2.130533,48.796717
2021-1344442,2021-09-20,000001,Vente,196675,48,,AV DE SCEAUX,2980,78000,78646,Versailles,78,,,78646000BT0064,,,15,,4,,,,,,,,2,2,Appartement,87,3,,,,,,2.130533,48.796717
2021-1344442,2021-09-20,000001,Vente,196675,48,,AV DE SCEAUX,2980,78000,78646,Versailles,78,,,78646000BT0064,,,9,,,,,,,,,,1,3,Dépendance,,0,,,,,,2.130533,48.796717
2021-1344442,2021-09-20,000001,Vente,196675,48,,AV DE SCEAUX,2980,78000,78646,Versailles,78,,,78646000BT0064,,,15,,4,,,,,,,,2,3,Dépendance,,0,,,,,,2.130533,48.796717
2021-1344463,2021-11-02,000001,Vente,251320,5,,RUE DU CHANOINE BOYER,0505,78000,78646,Versailles,78,,,78646000AX0483,,,4,36.38,,,,,,,,,1,3,Dépendance,,0,,,,,,2.145652,48.803956
2021-1344463,2021-11-02,000001,Vente,251320,5,,RUE DU CHANOINE BOYER,0505,78000,78646,Versailles,78,,,78646000AX0483,,,4,36.38,,,,,,,,,1,2,Appartement,27,1,,,,,,2.145652,48.803956
2021-1344464,2021-11-02,000001,Vente,50000,20,,RUE DE LA PAROISSE,2190,78000,78646,Versailles,78,,,78646000AE0185,,,4,,,,,,,,,,1,3,Dépendance,,0,,,,,,2.12683,48.807669
2021-1344464,2021-11-02,000001,Vente,50000,20,,RUE DE LA PAROISSE,2190,78000,78646,Versailles,78,,,78646000AE0185,,,60,,,,,,,,,,1,3,Dépendance,,0,,,,,,2.12683,48.807669
2021-1344525,2021-10-27,000001,Vente,595000,10,,RUE EDOUARD LEFEBVRE,0910,78000,78646,Versailles,78,,,78646000BR0147,,,27,,4,81.65,,,,,,,2,2,Appartement,80,4,,,,,,2.132117,48.798291
2021-1344525,2021-10-27,000001,Vente,595000,10,,RUE EDOUARD LEFEBVRE,0910,78000,78646,Versailles,78,,,78646000BR0147,,,27,,4,81.65,,,,,,,2,3,Dépendance,,0,,,,,,2.132117,48.798291
2021-1344525,2021-10-27,000001,Vente,595000,10,,RUE EDOUARD LEFEBVRE,0910,78000,78646,Versailles,78,,,78646000BR0147,,,52,,,,,,,,,,1,3,Dépendance,,0,,,,,,2.132117,48.798291
2021-1344562,2021-11-09,000001,Vente,484000,14,,PROM MONA LISA,1965,78000,78646,Versailles,78,,,78646000AZ0110,,,1850,,1935,100.24,,,,,,,2,3,Dépendance,,0,,,,,,2.158672,48.8041
2021-1344562,2021-11-09,000001,Vente,484000,5,,RUE DE L ECOLE DES POSTES,0850,78000,78646,Versailles,78,,,78646000AZ0110,,,3812,,,,,,,,,,1,3,Dépendance,,0,,,,,,2.158672,48.8041
2021-1344562,2021-11-09,000001,Vente,484000,14,,PROM MONA LISA,1965,78000,78646,Versailles,78,,,78646000AZ0110,,,1850,,1935,100.24,,,,,,,2,2,Appartement,102,4,,,,,,2.158672,48.8041
2021-1344573,2021-11-10,000001,Vente,618720,3,B,AV DES ARTS,0220,78000,78646,Versailles,78,,,78646000AM0121,,,,,,,,,,,,,0,1,Maison,53,4,S,sols,,,56,2.139864,48.82292
2021-1344587,2021-11-05,000001,Vente,1405000,22,,RUE MANSART,1770,78000,78646,Versailles,78,,,78646000AL0058,,,1,127.1,4,,,,,,,,2,3,Dépendance,,0,,,,,,2.140005,48.814283
2021-1344587,2021-11-05,000001,Vente,1405000,22,,RUE MANSART,1770,78000,78646,Versailles,78,,,78646000AL0058,,,1,127.1,4,,,,,,,,2,2,Appartement,123,4,,,,,,2.140005,48.814283
2021-1344587,2021-11-05,000001,Vente,1405000,22,,RUE MANSART,1770,78000,78646,Versailles,78,,,78646000AL0058,,,1,127.1,,,,,,,,,1,3,Dépendance,,0,,,,,,2.140005,48.814283
2021-1344602,2021-10-29,000001,Vente,301000,8,,RUE DE L ORANGERIE,2110,78000,78646,Versailles,78,,,78646000BV0009,,,17,36.25,,,,,,,,,1,2,Appartement,32,2,,,,,,2.120471,48.800532
2021-1344638,2021-10-22,000001,Vente,260000,10,B,ALL DES GARDES ROYALES,1136,78000,78646,Versailles,78,,,78646000AY0212,,,655,,688,,,,,,,,2,3,Dépendance,,0,,,,,,2.151214,48.802177
2021-1344638,2021-10-22,000001,Vente,260000,10,B,ALL DES GARDES ROYALES,1136,78000,78646,Versailles,78,,,78646000AY0212,,,655,,688,,,,,,,,2,3,Dépendance,,0,,,,,,2.151214,48.802177
2021-1344638,2021-10-22,000001,Vente,260000,2,,ALL DES GARDES ROYALES,1136,78000,78646,Versailles,78,,,78646000AY0212,,,1102,,,,,,,,,,1,3,Dépendance,,0,,,,,,2.151214,48.802177
2021-1344638,2021-10-22,000001,Vente,260000,10,B,ALL DES GARDES ROYALES,1136,78000,78646,Versailles,78,,,78646000AY0212,,,655,,688,,,,,,,,2,2,Appartement,53,2,,,,,,2.151214,48.802177
2021-1344704,2021-11-16,000001,Vente,557000,25,,RUE MONTEBELLO,1980,78000,78646,Versailles,78,,,78646000AK0018,,,101,,,,,,,,,,1,3,Dépendance,,0,,,,,,2.138525,48.812549
2021-1344704,2021-11-16,000001,Vente,557000,25,,RUE MONTEBELLO,1980,78000,78646,Versailles,78,,,78646000AK0018,,,177,82.19,35,,,,,,,,2,3,Dépendance,,0,,,,,,2.138525,48.812549
2021-1344704,2021-11-16,000001,Vente,557000,25,,RUE MONTEBELLO,1980,78000,78646,Versailles,78,,,78646000AK0018,,,177,82.19,35,,,,,,,,2,2,Appartement,80,3,,,,,,2.138525,48.812549
2021-1344706,2021-10-25,000001,Vente,380000,71,,RUE ROYALE,2648,78000,78646,Versailles,78,,,78646000BT0122,,,9,52.54,,,,,,,,,1,2,Appartement,40,3,,,,,,2.126128,48.796183
2021-1344706,2021-10-25,000001,Vente,380000,71,,RUE ROYALE,2648,78000,78646,Versailles,78,,,78646000BT0122,,,9,52.54,,,,,,,,,1,3,Dépendance,,0,,,,,,2.126128,48.796183
2021-1344729,2021-11-15,000001,Vente,716000,12,,AV DE PORCHEFONTAINE,2380,78000,78646,Versailles,78,,,78646000BK0021,,,1674,,,,,,,,,,1,3,Dépendance,,0,,,,,,2.152071,48.797176
2021-1344729,2021-11-15,000001,Vente,716000,12,,AV DE PORCHEFONTAINE,2380,78000,78646,Versailles,78,,,78646000BK0021,,,39,,48,,,,,,,,2,2,Appartement,110,4,,,,,,2.152071,48.797176
2021-1344771,2021-11-05,000001,Vente,1673000,6,,RUE L ABBE DE L EPEE,0010,78000,78646,Versailles,78,,,78646000AI0244,,,,,,,,,,,,,0,1,Maison,165,7,S,sols,,,270,2.136178,48.806439
2021-1344778,2021-11-09,000001,Vente,725000,4,,RUE ALBERT SAMAIN,0070,78000,78646,Versailles,78,,,78646000BW0181,,,25,,26,,36,114.04,38,,,,4,3,Dépendance,,0,,,,,,2.122783,48.794217
2021-1344778,2021-11-09,000001,Vente,725000,4,,RUE ALBERT SAMAIN,0070,78000,78646,Versailles,78,,,78646000BW0181,,,9,,,,,,,,,,1,3,Dépendance,,0,,,,,,2.122783,48.794217
2021-1344778,2021-11-09,000001,Vente,725000,4,,RUE ALBERT SAMAIN,0070,78000,78646,Versailles,78,,,78646000BW0181,,,25,,26,,36,114.04,38,,,,4,2,Appartement,114,4,,,,,,2.122783,48.794217
2021-1344778,2021-11-09,000001,Vente,725000,4,,RUE ALBERT SAMAIN,0070,78000,78646,Versailles,78,,,78646000BW0181,,,25,,26,,36,114.04,38,,,,4,3,Dépendance,,0,,,,,,2.122783,48.794217
2021-1344781,2021-01-20,000001,Adjudication,236000,16,,RUE BENJAMIN FRANKLIN,0340,78000,78646,Versailles,78,,,78646000BR0190,,,177,,252,,,,,,,,2,2,Appartement,53,2,,,,,,2.135581,48.798108
2021-1344781,2021-01-20,000001,Adjudication,236000,16,,RUE BENJAMIN FRANKLIN,0340,78000,78646,Versailles,78,,,78646000BR0190,,,177,,252,,,,,,,,2,3,Dépendance,,0,,,,,,2.135581,48.798108
2021-1344781,2021-01-20,000001,Adjudication,236000,14,B,RUE BENJAMIN FRANKLIN,0340,78000,78646,Versailles,78,,,78646000BR0190,,,285,,,,,,,,,,1,3,Dépendance,,0,,,,,,2.135581,48.798108
2021-1344786,2021-11-17,000001,Vente,2009000,16,,RUE PIERRE BERLAND,2285,78000,78646,Versailles,78,,,78646000BC0147,,,,,,,,,,,,,0,1,Maison,296,8,S,sols,,,562,2.155303,48.799964
2021-1344786,2021-11-17,000001,Vente,2009000,16,,RUE PIERRE BERLAND,2285,78000,78646,Versailles,78,,,78646000BC0148,,,,,,,,,,,,,0,,,,,S,sols,,,138,2.155241,48.799773
2021-1344799,2021-11-15,000001,Vente,426624,44,,RUE ALBERT SARRAUT,0080,78000,78646,Versailles,78,,,78646000BK0232,,,198,,30,72.26,,,,,,,2,2,Appartement,69,3,,,,,,2.14982,48.795098
2021-1344799,2021-11-15,000001,Vente,426624,44,,RUE ALBERT SARRAUT,0080,78000,78646,Versailles,78,,,78646000BK0232,,,198,,30,72.26,,,,,,,2,3,Dépendance,,0,,,,,,2.14982,48.795098
2021-1344799,2021-11-15,000001,Vente,426624,44,,RUE ALBERT SARRAUT,0080,78000,78646,Versailles,78,,,78646000BK0232,,,105,,,,,,,,,,1,3,Dépendance,,0,,,,,,2.14982,48.795098
2021-1344827,2021-10-28,000001,Vente,245000,14,B,BD DU ROI,2641,78000,78646,Versailles,78,,,78646000AD0417,,,12,,2,40.71,,,,,,,2,4,Local industriel. commercial ou assimilé,106,0,,,,,,2.127,48.811138
2021-1344827,2021-10-28,000001,Vente,245000,14,B,BD DU ROI,2641,78000,78646,Versailles,78,,,78646000AD0417,,,24,,,,,,,,,,1,3,Dépendance,,0,,,,,,2.127,48.811138
2021-1344831,2021-10-25,000001,Vente,475000,14,,RUE DU GENERAL PERSHING,1170,78000,78646,Versailles,78,,,78646000AS0056,,,143,,154,,,,,,,,2,2,Appartement,105,5,,,,,,2.151346,48.814959
2021-1344831,2021-10-25,000001,Vente,475000,14,,RUE DU GENERAL PERSHING,1170,78000,78646,Versailles,78,,,78646000AS0056,,,143,,154,,,,,,,,2,3,Dépendance,,0,,,,,,2.151346,48.814959
2021-1344831,2021-10-25,000001,Vente,475000,14,,RUE DU GENERAL PERSHING,1170,78000,78646,Versailles,78,,,78646000AS0056,,,190,,,,,,,,,,1,3,Dépendance,,0,,,,,,2.151346,48.814959
2021-1344839,2021-10-20,000001,Vente,870000,1,B,AV DE SAINT CLOUD,2730,78000,78646,Versailles,78,,,78646000AE0324,,,2,,3,,8,31.74,,,,,3,4,Local industriel. commercial ou assimilé,123,0,,,,,,2.127771,48.805144
2021-1344858,2021-11-18,000001,Vente,202000,12,,RUE BERTHIER,0370,78000,78646,Versailles,78,,,78646000AC0163,,,12,,4,25.8,,,,,,,2,2,Appartement,20,1,,,,,,2.12578,48.81164
2021-1344873,2021-11-02,000001,Vente,435000,27,T,RUE DE NOAILLES,2050,78000,78646,Versailles,78,,,78646000BS0021,,,24,63.69,,,,,,,,,1,3,Dépendance,,0,,,,,,2.134304,48.797727
2021-1344873,2021-11-02,000001,Vente,435000,27,T,RUE DE NOAILLES,2050,78000,78646,Versailles,78,,,78646000BS0021,,,24,63.69,,,,,,,,,1,2,Appartement,60,2,,,,,,2.134304,48.797727
2021-1344897,2021-11-05,000001,Vente,683000,27,,RUE DES ETATS GENERAUX,0980,78000,78646,Versailles,78,,,78646000BR0049,,,85,,,,,,,,,,1,3,Dépendance,,0,,,,,,2.134094,48.799225
2021-1344897,2021-11-05,000001,Vente,683000,27,,RUE DES ETATS GENERAUX,0980,78000,78646,Versailles,78,,,78646000BR0049,,,3,106.27,,,,,,,,,1,2,Appartement,107,4,,,,,,2.134094,48.799225
2021-1344897,2021-11-05,000001,Vente,683000,27,,RUE DES ETATS GENERAUX,0980,78000,78646,Versailles,78,,,78646000BR0049,,,3,106.27,,,,,,,,,1,3,Dépendance,,0,,,,,,2.134094,48.799225
2021-1344955,2021-11-09,000001,Vente,980000,12,,RUE DES MISSIONNAIRES,1920,78000,78646,Versailles,78,,,78646000AD0529,,,104,113.04,106,,,,,,,,2,3,Dépendance,,0,,,,,,2.129968,48.812671
2021-1344955,2021-11-09,000001,Vente,980000,12,,RUE DES MISSIONNAIRES,1920,78000,78646,Versailles,78,,,78646000AD0529,,,104,113.04,106,,,,,,,,2,2,Appartement,111,5,,,,,,2.129968,48.812671
2021-1344955,2021-11-09,000001,Vente,980000,12,,RUE DES MISSIONNAIRES,1920,78000,78646,Versailles,78,,,78646000AD0529,,,114,,,,,,,,,,1,3,Dépendance,,0,,,,,,2.129968,48.812671
2021-1344955,2021-11-09,000001,Vente,980000,12,,RUE DES MISSIONNAIRES,1920,78000,78646,Versailles,78,,,78646000AD0529,,,104,113.04,106,,,,,,,,2,3,Dépendance,,0,,,,,,2.129968,48.812671
2021-1344972,2021-10-26,000001,Vente,205000,8,,AV DU GEN DE GAULLE,1143,78000,78646,Versailles,78,,,78646000AH0225,,,105,,8,,,,,,,,2,2,Appartement,58,2,,,,,,2.128298,48.801276
2021-1344972,2021-10-26,000001,Vente,205000,8,,AV DU GEN DE GAULLE,1143,78000,78646,Versailles,78,,,78646000AH0225,,,166,,,,,,,,,,1,3,Dépendance,,0,,,,,,2.128298,48.801276
2021-1344972,2021-10-26,000001,Vente,205000,8,,AV DU GEN DE GAULLE,1143,78000,78646,Versailles,78,,,78646000AH0225,,,105,,8,,,,,,,,2,3,Dépendance,,0,,,,,,2.128298,48.801276
2021-1345039,2021-11-15,000001,Vente,540000,5,,RUE DE L ECOLE DES POSTES,0850,78000,78646,Versailles,78,,,78646000AZ0110,,,3750,,,,,,,,,,1,3,Dépendance,,0,,,,,,2.158672,48.8041
2021-1345039,2021-11-15,000001,Vente,540000,3,,PROM VENEZIA,3135,78000,78646,Versailles,78,,,78646000AZ0110,,,2295,,2351,,,,,,,,2,3,Dépendance,,0,,,,,,2.158672,48.8041
2021-1345039,2021-11-15,000001,Vente,540000,3,,PROM VENEZIA,3135,78000,78646,Versailles,78,,,78646000AZ0110,,,2295,,2351,,,,,,,,2,2,Appartement,118,5,,,,,,2.158672,48.8041
2021-1345054,2021-10-26,000001,Vente,1500000,11,B,RUE COLBERT,0630,78000,78646,Versailles,78,,,78646000AE0338,,,11,,32,180.63,,,,,,,2,2,Appartement,182,5,,,,,,2.126007,48.805232
2021-1345054,2021-10-26,000001,Vente,1500000,11,B,RUE COLBERT,0630,78000,78646,Versailles,78,,,78646000AE0338,,,11,,32,180.63,,,,,,,2,3,Dépendance,,0,,,,,,2.126007,48.805232
2021-1345057,2021-11-08,000001,Vente,265000,9,,RUE SAINTE GENEVIEVE,2770,78000,78646,Versailles,78,,,78646000AE0130,,,14,86.6,,,,,,,,,1,2,Appartement,79,3,,,,,,2.128631,48.808203
2021-1345057,2021-11-08,000001,Vente,265000,9,,RUE SAINTE GENEVIEVE,2770,78000,78646,Versailles,78,,,78646000AE0130,,,18,,,,,,,,,,1,3,Dépendance,,0,,,,,,2.128631,48.808203
2021-1345069,2021-11-09,000001,Vente,212300,19,B,RUE DU PONT COLBERT,2370,78000,78646,Versailles,78,,,78646000BI0284,,,53,,54,,,,,,,,2,2,Appartement,52,3,,,,,,2.151506,48.789725
2021-1345069,2021-11-09,000001,Vente,212300,19,B,RUE DU PONT COLBERT,2370,78000,78646,Versailles,78,,,78646000BI0284,,,53,,54,,,,,,,,2,3,Dépendance,,0,,,,,,2.151506,48.789725
2021-1345097,2021-11-05,000001,Vente,851000,33,,AV DE SAINT CLOUD,2730,78000,78646,Versailles,78,,,78646000AI0113,,,7,,,,,,,,,,1,3,Dépendance,,0,,,,,,2.13247,48.805572
2021-1345097,2021-11-05,000001,Vente,851000,33,,AV DE SAINT CLOUD,2730,78000,78646,Versailles,78,,,78646000AI0113,,,7,,,,,,,,,,1,2,Appartement,35,1,,,,,,2.13247,48.805572
2021-1345097,2021-11-05,000001,Vente,851000,33,,AV DE SAINT CLOUD,2730,78000,78646,Versailles,78,,,78646000AI0113,,,34,106.16,59,,6,,,,,,3,2,Appartement,97,4,,,,,,2.13247,48.805572
2021-1345097,2021-11-05,000001,Vente,851000,33,,AV DE SAINT CLOUD,2730,78000,78646,Versailles,78,,,78646000AI0113,,,34,106.16,59,,6,,,,,,3,3,Dépendance,,0,,,,,,2.13247,48.805572
2021-1345099,2021-11-10,000001,Vente,65000,91,,RUE ROYALE,2648,78000,78646,Versailles,78,,,78646000BW0116,,,11,,,,,,,,,,1,3,Dépendance,,0,,,,,,2.124862,48.79405
2021-1345161,2021-11-15,000001,Vente,8000,20,,RUE HOCHE,1350,78000,78646,Versailles,78,,,78646000AE0216,,,215,,,,,,,,,,1,3,Dépendance,,0,,,,,,2.128924,48.806998
2021-1345161,2021-11-15,000001,Vente,8000,20,,RUE HOCHE,1350,78000,78646,Versailles,78,,,78646000AE0216,,,215,,,,,,,,,,1,2,Appartement,30,1,,,,,,2.128924,48.806998
2021-1345172,2021-11-16,000001,Vente,19000,53,,RUE EXELMANS,1020,78000,78646,Versailles,78,,,78646000AC0306,,,17154,,,,,,,,,,1,3,Dépendance,,0,,,,,,2.125764,48.813952
2021-1345175,2021-11-19,000001,Vente,787700,6,,RUE DE L ERMITAGE,0940,78000,78646,Versailles,78,,,78646000AC0030,,,86,,,,,,,,,,1,3,Dépendance,,0,,,,,,2.124244,48.814005
2021-1345175,2021-11-19,000001,Vente,787700,6,,RUE DE L ERMITAGE,0940,78000,78646,Versailles,78,,,78646000AC0030,,,48,94.46,5,,,,,,,,2,2,Appartement,94,4,,,,,,2.124244,48.814005
2021-1345175,2021-11-19,000001,Vente,787700,6,,RUE DE L ERMITAGE,0940,78000,78646,Versailles,78,,,78646000AC0030,,,48,94.46,5,,,,,,,,2,3,Dépendance,,0,,,,,,2.124244,48.814005
2021-1345231,2021-11-18,000001,Vente,450000,42,,RUE DE VERGENNES,3150,78000,78646,Versailles,78,,,78646000BS0050,,,12,,23,,,,,,,,2,3,Dépendance,,0,,,,,,2.137321,48.796949
2021-1345231,2021-11-18,000001,Vente,450000,42,,RUE DE VERGENNES,3150,78000,78646,Versailles,78,,,78646000BS0050,,,31,,,,,,,,,,1,3,Dépendance,,0,,,,,,2.137321,48.796949
2021-1345231,2021-11-18,000001,Vente,450000,42,,RUE DE VERGENNES,3150,78000,78646,Versailles,78,,,78646000BS0050,,,12,,23,,,,,,,,2,2,Appartement,82,4,,,,,,2.137321,48.796949
2021-1345235,2021-11-19,000001,Vente,300000,11,,RUE DE VERGENNES,3150,78000,78646,Versailles,78,,,78646000BN0015,,,13,55.51,3,,,,,,,,2,3,Dépendance,,0,,,,,,2.138072,48.799081
2021-1345235,2021-11-19,000001,Vente,300000,11,,RUE DE VERGENNES,3150,78000,78646,Versailles,78,,,78646000BN0015,,,13,55.51,3,,,,,,,,2,2,Appartement,52,3,,,,,,2.138072,48.799081
2021-1345296,2021-11-26,000001,Vente,310000,22,B,RUE COSTE,0730,78000,78646,Versailles,78,,,78646000BK0099,,,13,47.24,,,,,,,,,1,2,Appartement,46,3,,,,,,2.155486,48.795122
2021-1345300,2021-11-22,000001,Vente,350066,59,,AV DES ETATS UNIS,0990,78000,78646,Versailles,78,,,78646000AS0054,,,362,,,,,,,,,,1,3,Dépendance,,0,,,,,,2.152632,48.814149
2021-1345300,2021-11-22,000001,Vente,350066,59,,AV DES ETATS UNIS,0990,78000,78646,Versailles,78,,,78646000AS0054,,,221,67.13,,,,,,,,,1,3,Dépendance,,0,,,,,,2.152632,48.814149
2021-1345300,2021-11-22,000001,Vente,350066,59,,AV DES ETATS UNIS,0990,78000,78646,Versailles,78,,,78646000AS0054,,,221,67.13,,,,,,,,,1,2,Appartement,64,4,,,,,,2.152632,48.814149
2021-1345324,2021-11-19,000001,Vente,20000,10,,RUE DE L ERMITAGE,0940,78000,78646,Versailles,78,,,78646000AC0314,,,89,,,,,,,,,,1,3,Dépendance,,0,,,,,,2.123933,48.814609
2021-1345358,2021-10-29,000001,Vente,40000,137,,BD DE LA REINE,2520,78000,78646,Versailles,78,,,78646000AR0090,,,151,,,,,,,,,,1,3,Dépendance,,0,,,,,,2.140981,48.808803
2021-1345360,2021-10-28,000001,Vente,432523,82,B,AV DE PARIS,2180,78000,78646,Versailles,78,,,78646000BN0166,,,1118,,,,,,,,,,1,3,Dépendance,,0,,,,,,2.145036,48.797427
2021-1345360,2021-10-28,000001,Vente,432523,3,T,RUE JEAN MERMOZ,1460,78000,78646,Versailles,78,,,78646000BN0166,,,1406,71.67,1478,,,,,,,,2,3,Dépendance,,0,,,,,,2.145036,48.797427
2021-1345360,2021-10-28,000001,Vente,432523,3,T,RUE JEAN MERMOZ,1460,78000,78646,Versailles,78,,,78646000BN0166,,,1406,71.67,1478,,,,,,,,2,2,Appartement,72,3,,,,,,2.145036,48.797427
2021-1345360,2021-10-28,000001,Vente,432523,82,B,AV DE PARIS,2180,78000,78646,Versailles,78,,,78646000BN0166,,,1241,,,,,,,,,,1,3,Dépendance,,0,,,,,,2.145036,48.797427
2021-1345381,2021-10-28,000001,Vente,239000,5,,RUE DUCIS,0820,78000,78646,Versailles,78,,,78646000AE0269,,,11,32.1,14,,,,,,,,2,3,Dépendance,,0,,,,,,2.130833,48.806465
2021-1345381,2021-10-28,000001,Vente,239000,5,,RUE DUCIS,0820,78000,78646,Versailles,78,,,78646000AE0269,,,11,32.1,14,,,,,,,,2,2,Appartement,25,1,,,,,,2.130833,48.806465
2021-1345411,2021-11-23,000001,Vente,580000,6,,RUE FRAGONARD,1043,78000,78646,Versailles,78,,,78646000AZ0152,,,,,,,,,,,,,0,1,Maison,68,3,S,sols,,,194,2.159759,48.806
2021-1345427,2021-11-23,000001,Vente,391000,44,,RUE DE VERGENNES,3150,78000,78646,Versailles,78,,,78646000BS0051,,,114,38.02,137,,,,,,,,2,2,Appartement,41,2,,,,,,2.137211,48.796708
2021-1345428,2021-11-19,000001,Vente,493000,58,,RUE ALBERT JOLY,0050,78000,78646,Versailles,78,,,78646000AR0053,,,101,,76,72,,,,,,,2,3,Dépendance,,0,,,,,,2.143711,48.809427
2021-1345428,2021-11-19,000001,Vente,493000,58,,RUE ALBERT JOLY,0050,78000,78646,Versailles,78,,,78646000AR0053,,,101,,76,72,,,,,,,2,2,Appartement,75,2,,,,,,2.143711,48.809427
2021-1345428,2021-11-19,000001,Vente,493000,58,,RUE ALBERT JOLY,0050,78000,78646,Versailles,78,,,78646000AR0053,,,146,,,,,,,,,,1,3,Dépendance,,0,,,,,,2.143711,48.809427
2021-1345430,2021-11-05,000001,Vente,13500,6,,RUE LOUIS HAUSSMANN,1679,78000,78646,Versailles,78,,,78646000AS0036,,,306,,,,,,,,,,1,3,Dépendance,,0,,,,,,2.147113,48.809569
2021-1345465,2021-11-25,000001,Vente,310000,1,,PL SAINT LOUIS,2820,78000,78646,Versailles,78,,,78646000BV0060,,,6,36.67,8,,,,,,,,2,2,Appartement,31,3,,,,,,2.125048,48.799116
2021-1345465,2021-11-25,000001,Vente,310000,1,,PL SAINT LOUIS,2820,78000,78646,Versailles,78,,,78646000BV0060,,,7,,,,,,,,,,1,3,Dépendance,,0,,,,,,2.125048,48.799116
2021-1345465,2021-11-25,000001,Vente,310000,1,,PL SAINT LOUIS,2820,78000,78646,Versailles,78,,,78646000BV0060,,,7,,,,,,,,,,1,3,Dépendance,,0,,,,,,2.125048,48.799116
2021-1345465,2021-11-25,000001,Vente,310000,1,,PL SAINT LOUIS,2820,78000,78646,Versailles,78,,,78646000BV0060,,,7,,,,,,,,,,1,2,Appartement,56,3,,,,,,2.125048,48.799116
2021-1345568,2021-11-09,000001,Vente,586700,7,,RUE SAINT LOUIS,2810,78000,78646,Versailles,78,,,78646000BV0184,,,11,,24,,26,,39,,48,,5,3,Dépendance,,0,,,,,,2.124317,48.795686
2021-1345568,2021-11-09,000001,Vente,586700,7,,RUE SAINT LOUIS,2810,78000,78646,Versailles,78,,,78646000BV0184,,,11,,24,,26,,39,,48,,5,3,Dépendance,,0,,,,,,2.124317,48.795686
2021-1345568,2021-11-09,000001,Vente,586700,7,,RUE SAINT LOUIS,2810,78000,78646,Versailles,78,,,78646000BV0184,,,11,,24,,26,,39,,48,,5,3,Dépendance,,0,,,,,,2.124317,48.795686
2021-1345568,2021-11-09,000001,Vente,586700,7,,RUE SAINT LOUIS,2810,78000,78646,Versailles,78,,,78646000BV0184,,,11,,24,,26,,39,,48,,5,2,Appartement,78,3,,,,,,2.124317,48.795686
2021-1345568,2021-11-09,000001,Vente,586700,7,,RUE SAINT LOUIS,2810,78000,78646,Versailles,78,,,78646000BV0184,,,11,,24,,26,,39,,48,,5,3,Dépendance,,0,,,,,,2.124317,48.795686
2021-1345591,2021-11-18,000001,Vente,374232,36,,RUE DES RESERVOIRS,2580,78000,78646,Versailles,78,,,78646000AE0402,,,26,41.2,64,,,,,,,,2,3,Dépendance,,0,,,,,,2.125799,48.809109
2021-1345591,2021-11-18,000001,Vente,374232,36,,RUE DES RESERVOIRS,2580,78000,78646,Versailles,78,,,78646000AE0402,,,26,41.2,64,,,,,,,,2,2,Appartement,37,2,,,,,,2.125799,48.809109
2021-1345595,2021-11-04,000001,Vente,35000,17,,BD DE LA REPUBLIQUE,2570,78000,78646,Versailles,78,,,78646000AW0150,,,31,,,,,,,,,,1,3,Dépendance,,0,,,,,,2.147534,48.807494
2021-1345600,2021-11-19,000001,Vente,1200000,21,,RUE EDME FREMY,0880,78000,78646,Versailles,78,,,78646000BN0093,,,,,,,,,,,,,0,1,Maison,164,8,S,sols,,,401,2.139501,48.796879
2021-1345622,2021-11-29,000001,Vente,805591,20,,RUE DE PROVENCE,2460,78000,78646,Versailles,78,,,78646000AX0442,,,169,,182,111.52,,,,,,,2,2,Appartement,111,5,,,,,,2.140987,48.807165
2021-1345622,2021-11-29,000001,Vente,805591,20,,RUE DE PROVENCE,2460,78000,78646,Versailles,78,,,78646000AX0442,,,48,,,,,,,,,,1,3,Dépendance,,0,,,,,,2.140987,48.807165
2021-1345622,2021-11-29,000001,Vente,805591,20,,RUE DE PROVENCE,2460,78000,78646,Versailles,78,,,78646000AX0442,,,169,,182,111.52,,,,,,,2,3,Dépendance,,0,,,,,,2.140987,48.807165
2021-1345624,2021-11-03,000001,Vente,673077,82,B,AV DE PARIS,2180,78000,78646,Versailles,78,,,78646000BN0166,,,102,,49,126.55,,,,,,,2,2,Appartement,74,3,,,,,,2.145036,48.797427
2021-1345624,2021-11-03,000001,Vente,673077,82,B,AV DE PARIS,2180,78000,78646,Versailles,78,,,78646000BN0166,,,53,,97,,,,,,,,2,2,Appartement,56,2,,,,,,2.145036,48.797427
2021-1345624,2021-11-03,000001,Vente,673077,82,B,AV DE PARIS,2180,78000,78646,Versailles,78,,,78646000BN0166,,,102,,49,126.55,,,,,,,2,3,Dépendance,,0,,,,,,2.145036,48.797427
2021-1345624,2021-11-03,000001,Vente,673077,82,B,AV DE PARIS,2180,78000,78646,Versailles,78,,,78646000BN0166,,,965,,,,,,,,,,1,3,Dépendance,,0,,,,,,2.145036,48.797427
2021-1345624,2021-11-03,000001,Vente,673077,82,B,AV DE PARIS,2180,78000,78646,Versailles,78,,,78646000BN0166,,,966,,,,,,,,,,1,3,Dépendance,,0,,,,,,2.145036,48.797427
2021-1345624,2021-11-03,000001,Vente,673077,82,B,AV DE PARIS,2180,78000,78646,Versailles,78,,,78646000BN0166,,,53,,97,,,,,,,,2,3,Dépendance,,0,,,,,,2.145036,48.797427
2021-1345624,2021-11-03,000001,Vente,673077,82,B,AV DE PARIS,2180,78000,78646,Versailles,78,,,78646000BN0166,,,550,,,,,,,,,,1,3,Dépendance,,0,,,,,,2.145036,48.797427
2021-1345648,2021-11-24,000001,Vente,427500,5,,RUE CHAMP LAGARDE,0490,78000,78646,Versailles,78,,,78646000BP0207,,,40,,5,72.48,,,,,,,2,2,Appartement,75,3,,,,,,2.144353,48.801239
2021-1345648,2021-11-24,000001,Vente,427500,5,,RUE CHAMP LAGARDE,0490,78000,78646,Versailles,78,,,78646000BP0207,,,83,,,,,,,,,,1,3,Dépendance,,0,,,,,,2.144353,48.801239
2021-1345648,2021-11-24,000001,Vente,427500,5,,RUE CHAMP LAGARDE,0490,78000,78646,Versailles,78,,,78646000BP0207,,,40,,5,72.48,,,,,,,2,3,Dépendance,,0,,,,,,2.144353,48.801239
2021-1345649,2021-11-19,000001,Vente,1950000,37,,BD DE LA REINE,2520,78000,78646,Versailles,78,,,78646000AD0022,,,,,,,,,,,,,0,3,Dépendance,,0,S,sols,,,254,2.127286,48.809684
2021-1345649,2021-11-19,000001,Vente,1950000,37,,BD DE LA REINE,2520,78000,78646,Versailles,78,,,78646000AD0022,,,,,,,,,,,,,0,3,Dépendance,,0,S,sols,,,254,2.127286,48.809684
2021-1345649,2021-11-19,000001,Vente,1950000,37,,BD DE LA REINE,2520,78000,78646,Versailles,78,,,78646000AD0022,,,,,,,,,,,,,0,3,Dépendance,,0,S,sols,,,254,2.127286,48.809684
2021-1345649,2021-11-19,000001,Vente,1950000,37,,BD DE LA REINE,2520,78000,78646,Versailles,78,,,78646000AD0022,,,,,,,,,,,,,0,3,Dépendance,,0,S,sols,,,254,2.127286,48.809684
2021-1345649,2021-11-19,000001,Vente,1950000,37,,BD DE LA REINE,2520,78000,78646,Versailles,78,,,78646000AD0022,,,,,,,,,,,,,0,3,Dépendance,,0,S,sols,,,254,2.127286,48.809684
2021-1345649,2021-11-19,000001,Vente,1950000,37,,BD DE LA REINE,2520,78000,78646,Versailles,78,,,78646000AD0022,,,,,,,,,,,,,0,2,Appartement,36,2,S,sols,,,254,2.127286,48.809684
2021-1345649,2021-11-19,000001,Vente,1950000,37,,BD DE LA REINE,2520,78000,78646,Versailles,78,,,78646000AD0022,,,,,,,,,,,,,0,3,Dépendance,,0,S,sols,,,254,2.127286,48.809684
2021-1345649,2021-11-19,000001,Vente,1950000,37,,BD DE LA REINE,2520,78000,78646,Versailles,78,,,78646000AD0022,,,,,,,,,,,,,0,3,Dépendance,,0,S,sols,,,254,2.127286,48.809684
2021-1345649,2021-11-19,000001,Vente,1950000,37,,BD DE LA REINE,2520,78000,78646,Versailles,78,,,78646000AD0022,,,,,,,,,,,,,0,2,Appartement,245,6,S,sols,,,254,2.127286,48.809684
2021-1345649,2021-11-19,000001,Vente,1950000,37,,BD DE LA REINE,2520,78000,78646,Versailles,78,,,78646000AD0022,,,,,,,,,,,,,0,2,Appartement,27,2,S,sols,,,254,2.127286,48.809684
2021-1345649,2021-11-19,000001,Vente,1950000,37,,BD DE LA REINE,2520,78000,78646,Versailles,78,,,78646000AD0022,,,,,,,,,,,,,0,3,Dépendance,,0,S,sols,,,254,2.127286,48.809684
2021-1345649,2021-11-19,000001,Vente,1950000,37,,BD DE LA REINE,2520,78000,78646,Versailles,78,,,78646000AD0022,,,,,,,,,,,,,0,3,Dépendance,,0,S,sols,,,254,2.127286,48.809684
2021-1345649,2021-11-19,000001,Vente,1950000,37,,BD DE LA REINE,2520,78000,78646,Versailles,78,,,78646000AD0022,,,,,,,,,,,,,0,3,Dépendance,,0,S,sols,,,254,2.127286,48.809684
2021-1345649,2021-11-19,000001,Vente,1950000,37,,BD DE LA REINE,2520,78000,78646,Versailles,78,,,78646000AD0022,,,,,,,,,,,,,0,3,Dépendance,,0,S,sols,,,254,2.127286,48.809684
2021-1345654,2021-11-25,000001,Vente,172405,27,B,RUE DE NOAILLES,2050,78000,78646,Versailles,78,,,78646000BS0022,,,4,20.77,,,,,,,,,1,2,Appartement,21,1,,,,,,2.134525,48.797835
2021-1345656,2021-11-22,000001,Vente,293000,77,,RUE DE LA PAROISSE,2190,78000,78646,Versailles,78,,,78646000AI0173,,,1,43.22,,,,,,,,,1,4,Local industriel. commercial ou assimilé,58,0,,,,,,2.134946,48.806006
2021-1345711,2021-11-30,000001,Vente,577770,7,,RUE DE L ORANGERIE,2110,78000,78646,Versailles,78,,,78646000AH0026,,,10,,,,,,,,,,1,2,Appartement,62,2,,,,,,2.121384,48.800694
2021-1345711,2021-11-30,000001,Vente,577770,7,,RUE DE L ORANGERIE,2110,78000,78646,Versailles,78,,,78646000AH0026,,,10,,,,,,,,,,1,3,Dépendance,,0,,,,,,2.121384,48.800694
2021-1345801,2021-11-05,000001,Vente,75000,26,C,RUE HENRI SIMON,1330,78000,78646,Versailles,78,,,78646000AW0006,,,678,13.5,,,,,,,,,1,2,Appartement,13,1,,,,,,2.15013,48.808121
2021-1345823,2021-06-09,000001,Adjudication,147000,5,,RUE DE L ECOLE DES POSTES,0850,78000,78646,Versailles,78,,,78646000AZ0110,,,979,,,,,,,,,,1,4,Local industriel. commercial ou assimilé,79,0,,,,,,2.158672,48.8041
2021-1345823,2021-06-09,000001,Adjudication,147000,5,,RUE DE L ECOLE DES POSTES,0850,78000,78646,Versailles,78,,,78646000AZ0110,,,2857,,,,,,,,,,1,3,Dépendance,,0,,,,,,2.158672,48.8041
2021-1345830,2021-11-15,000001,Vente,219150,51,,AV DE SAINT CLOUD,2730,78000,78646,Versailles,78,,,78646000AI0139,,,43,,,,,,,,,,1,2,Appartement,28,1,,,,,,2.133856,48.805645
2021-1345854,2021-11-10,000001,Vente,661700,41,T,RUE SAINT HONORE,2780,78000,78646,Versailles,78,,,78646000BW0101,,,26,68.4,30,,31,,,,,,3,3,Dépendance,,0,,,,,,2.123102,48.794909
2021-1345854,2021-11-10,000001,Vente,661700,41,T,RUE SAINT HONORE,2780,78000,78646,Versailles,78,,,78646000BW0101,,,26,68.4,30,,31,,,,,,3,2,Appartement,85,3,,,,,,2.123102,48.794909
2021-1345872,2021-11-12,000001,Vente,1564400,12,B,RUE DE LA CHANCELLERIE,0500,78000,78646,Versailles,78,,,78646000AH0237,,,16,126.12,,,,,,,,,1,2,Appartement,135,5,,,,,,2.12341,48.802234
2021-1345872,2021-11-12,000001,Vente,1564400,12,B,RUE DE LA CHANCELLERIE,0500,78000,78646,Versailles,78,,,78646000AH0237,,,12,,,,,,,,,,1,3,Dépendance,,0,,,,,,2.12341,48.802234
2021-1345877,2021-11-29,000001,Vente,609463,45,,RUE DU MAL FOCH,1810,78000,78646,Versailles,78,,,78646000AD0099,,,36,77.98,,,,,,,,,1,2,Appartement,77,4,,,,,,2.133301,48.809259
2021-1345881,2021-11-29,000001,Vente,820000,20,,RUE DE PROVENCE,2460,78000,78646,Versailles,78,,,78646000AX0442,,,274,111.58,,,,,,,,,1,2,Appartement,111,5,,,,,,2.140987,48.807165
2021-1345881,2021-11-29,000001,Vente,820000,20,,RUE DE PROVENCE,2460,78000,78646,Versailles,78,,,78646000AX0442,,,260,,,,,,,,,,1,3,Dépendance,,0,,,,,,2.140987,48.807165
2021-1345881,2021-11-29,000001,Vente,820000,20,,RUE DE PROVENCE,2460,78000,78646,Versailles,78,,,78646000AX0442,,,106,,,,,,,,,,1,3,Dépendance,,0,,,,,,2.140987,48.807165
2021-1345906,2021-11-23,000001,Vente,29000,23,,RUE DU REFUGE,2510,78000,78646,Versailles,78,,,78646000AX0339,,,182,20,,,,,,,,,1,3,Dépendance,,0,,,,,,2.144251,48.804411
2021-1345925,2021-11-30,000001,Vente,180000,9,,RUE JOUVENCEL,1520,78000,78646,Versailles,78,,,78646000AI0043,,,10,,18,,,,,,,,2,2,Appartement,30,2,,,,,,2.13302,48.803432
2021-1345963,2021-12-02,000001,Vente,450000,108,,BD DE LA REINE,2520,78000,78646,Versailles,78,,,78646000AX0037,,,197,,,,,,,,,,1,3,Dépendance,,0,,,,,,2.142871,48.807658
2021-1345963,2021-12-02,000001,Vente,450000,108,,BD DE LA REINE,2520,78000,78646,Versailles,78,,,78646000AX0037,,,279,,45,67.86,,,,,,,2,2,Appartement,65,3,,,,,,2.142871,48.807658
2021-1345963,2021-12-02,000001,Vente,450000,108,,BD DE LA REINE,2520,78000,78646,Versailles,78,,,78646000AX0037,,,279,,45,67.86,,,,,,,2,3,Dépendance,,0,,,,,,2.142871,48.807658
2021-1345967,2021-11-30,000001,Vente,651000,2,,ALL DES GARDES ROYALES,1136,78000,78646,Versailles,78,,,78646000AY0212,,,1232,,,,,,,,,,1,3,Dépendance,,0,,,,,,2.151214,48.802177
2021-1345967,2021-11-30,000001,Vente,651000,11,,ALL DES GARDES ROYALES,1136,78000,78646,Versailles,78,,,78646000AY0212,,,456,92.01,481,,,,,,,,2,3,Dépendance,,0,,,,,,2.151214,48.802177
2021-1345967,2021-11-30,000001,Vente,651000,11,,ALL DES GARDES ROYALES,1136,78000,78646,Versailles,78,,,78646000AY0212,,,456,92.01,481,,,,,,,,2,2,Appartement,90,4,,,,,,2.151214,48.802177
2021-1345967,2021-11-30,000001,Vente,651000,11,,ALL DES GARDES ROYALES,1136,78000,78646,Versailles,78,,,78646000AY0212,,,456,92.01,481,,,,,,,,2,3,Dépendance,,0,,,,,,2.151214,48.802177
2021-1346001,2021-12-01,000001,Vente,575000,12,,RUE DES MISSIONNAIRES,1920,78000,78646,Versailles,78,,,78646000AD0529,,,103,71.73,109,,,,,,,,2,3,Dépendance,,0,,,,,,2.129968,48.812671
2021-1346001,2021-12-01,000001,Vente,575000,12,,RUE DES MISSIONNAIRES,1920,78000,78646,Versailles,78,,,78646000AD0529,,,103,71.73,109,,,,,,,,2,2,Appartement,71,3,,,,,,2.129968,48.812671
2021-1346001,2021-12-01,000001,Vente,575000,12,,RUE DES MISSIONNAIRES,1920,78000,78646,Versailles,78,,,78646000AD0529,,,103,71.73,109,,,,,,,,2,3,Dépendance,,0,,,,,,2.129968,48.812671
2021-1346019,2021-12-03,000001,Vente,525000,12,,AV DE PORCHEFONTAINE,2380,78000,78646,Versailles,78,,,78646000BK0021,,,804,,817,,,,,,,,2,3,Dépendance,,0,,,,,,2.152071,48.797176
2021-1346019,2021-12-03,000001,Vente,525000,12,,AV DE PORCHEFONTAINE,2380,78000,78646,Versailles,78,,,78646000BK0021,,,1601,,,,,,,,,,1,3,Dépendance,,0,,,,,,2.152071,48.797176
2021-1346019,2021-12-03,000001,Vente,525000,12,,AV DE PORCHEFONTAINE,2380,78000,78646,Versailles,78,,,78646000BK0021,,,804,,817,,,,,,,,2,2,Appartement,90,4,,,,,,2.152071,48.797176
2021-1346019,2021-12-03,000001,Vente,525000,12,,AV DE PORCHEFONTAINE,2380,78000,78646,Versailles,78,,,78646000BK0021,,,1445,,,,,,,,,,1,3,Dépendance,,0,,,,,,2.152071,48.797176
2021-1346022,2021-11-30,000001,Vente,790750,26,,RUE CARNOT,0440,78000,78646,Versailles,78,,,78646000AE0313,,,12,,14,80.25,16,,17,,,,4,2,Appartement,100,4,,,,,,2.128835,48.805636
2021-1346034,2021-11-29,000001,Vente,600000,12,,RUE GIRARDON,1240,78000,78646,Versailles,78,,,78646000BE0170,,,2,78.02,,,,,,,,,1,1,Maison,68,4,,,,,,2.15912,48.79532
2021-1346085,2021-11-08,000001,Vente,570000,15,T,AV DU GENERAL MANGIN,1165,78000,78646,Versailles,78,,,78646000AL0158,,,3,,,,,,,,,,1,3,Dépendance,,0,,,,,,2.138438,48.813657
2021-1346085,2021-11-08,000001,Vente,570000,15,T,AV DU GENERAL MANGIN,1165,78000,78646,Versailles,78,,,78646000AL0158,,,3,,,,,,,,,,1,3,Dépendance,,0,,,,,,2.138438,48.813657
2021-1346085,2021-11-08,000001,Vente,570000,15,T,AV DU GENERAL MANGIN,1165,78000,78646,Versailles,78,,,78646000AL0158,,,3,,,,,,,,,,1,2,Appartement,90,4,,,,,,2.138438,48.813657
2021-1346085,2021-11-08,000001,Vente,570000,15,T,AV DU GENERAL MANGIN,1165,78000,78646,Versailles,78,,,78646000AL0158,,,3,,,,,,,,,,1,3,Dépendance,,0,,,,,,2.138438,48.813657
2021-1346085,2021-11-08,000001,Vente,570000,15,T,AV DU GENERAL MANGIN,1165,78000,78646,Versailles,78,,,78646000AL0158,,,13,,,,,,,,,,1,3,Dépendance,,0,,,,,,2.138438,48.813657
2021-1346101,2021-11-30,000001,Vente,676440,7,T,IMP DE LA BLANCHISSERIE,0377,78000,78646,Versailles,78,,,78646000AC0097,,,36,68.07,,,,,,,,,1,3,Dépendance,,0,,,,,,2.127341,48.815117
2021-1346101,2021-11-30,000001,Vente,676440,7,T,IMP DE LA BLANCHISSERIE,0377,78000,78646,Versailles,78,,,78646000AC0097,,,36,68.07,,,,,,,,,1,1,Maison,74,4,,,,,,2.127341,48.815117
2021-1346130,2021-11-08,000001,Vente,1720000,44,,RUE DU MAL FOCH,1810,78000,78646,Versailles,78,,,78646000AK0159,,,,,,,,,,,,,0,3,Dépendance,,0,S,sols,,,182,2.134418,48.810087
2021-1346130,2021-11-08,000001,Vente,1720000,44,,RUE DU MAL FOCH,1810,78000,78646,Versailles,78,,,78646000AK0159,,,,,,,,,,,,,0,2,Appartement,30,1,S,sols,,,182,2.134418,48.810087
2021-1346130,2021-11-08,000001,Vente,1720000,44,,RUE DU MAL FOCH,1810,78000,78646,Versailles,78,,,78646000AK0159,,,,,,,,,,,,,0,2,Appartement,84,4,S,sols,,,182,2.134418,48.810087
2021-1346130,2021-11-08,000001,Vente,1720000,44,,RUE DU MAL FOCH,1810,78000,78646,Versailles,78,,,78646000AK0159,,,,,,,,,,,,,0,4,Local industriel. commercial ou assimilé,210,0,S,sols,,,182,2.134418,48.810087
2021-1346133,2021-12-07,000001,Vente,215000,19,,RUE DE LA CEINTURE,0460,78000,78646,Versailles,78,,,78646000AV0075,,,20,,,,,,,,,,1,3,Dépendance,,0,,,,,,2.153054,48.80897
2021-1346133,2021-12-07,000001,Vente,215000,19,,RUE DE LA CEINTURE,0460,78000,78646,Versailles,78,,,78646000AV0075,,,2,26.3,,,,,,,,,1,2,Appartement,30,2,,,,,,2.153054,48.80897
2021-1346133,2021-12-07,000001,Vente,215000,19,,RUE DE LA CEINTURE,0460,78000,78646,Versailles,78,,,78646000AV0075,,,10,,,,,,,,,,1,3,Dépendance,,0,,,,,,2.153054,48.80897
2021-1346133,2021-12-07,000001,Vente,215000,19,,RUE DE LA CEINTURE,0460,78000,78646,Versailles,78,,,78646000AV0075,,,11,,,,,,,,,,1,3,Dépendance,,0,,,,,,2.153054,48.80897
2021-1346133,2021-12-07,000001,Vente,215000,19,,RUE DE LA CEINTURE,0460,78000,78646,Versailles,78,,,78646000AV0075,,,12,,,,,,,,,,1,3,Dépendance,,0,,,,,,2.153054,48.80897
2021-1346178,2021-11-29,000001,Vente,404000,5,,RUE DE L ECOLE DES POSTES,0850,78000,78646,Versailles,78,,,78646000AZ0110,,,2803,,,,,,,,,,1,3,Dépendance,,0,,,,,,2.158672,48.8041
2021-1346178,2021-11-29,000001,Vente,404000,8,,AV DE LA TRANQUILLITE,3055,78000,78646,Versailles,78,,,78646000AZ0110,,,161,,233,,,,,,,,2,2,Appartement,81,3,,,,,,2.158672,48.8041
2021-1346178,2021-11-29,000001,Vente,404000,8,,AV DE LA TRANQUILLITE,3055,78000,78646,Versailles,78,,,78646000AZ0110,,,161,,233,,,,,,,,2,3,Dépendance,,0,,,,,,2.158672,48.8041
2021-1346195,2021-11-30,000001,Vente,747550,29,B,AV DE NORMANDIE,2060,78000,78646,Versailles,78,,,78646000AM0262,,,,,,,,,,,,,0,1,Maison,44,2,S,sols,,,169,2.145169,48.821789
2021-1346203,2021-12-02,000001,Vente,598000,82,B,AV DE PARIS,2180,78000,78646,Versailles,78,,,78646000BN0166,,,515,98.3,525,,,,,,,,2,2,Appartement,97,5,,,,,,2.145036,48.797427
2021-1346203,2021-12-02,000001,Vente,598000,82,B,AV DE PARIS,2180,78000,78646,Versailles,78,,,78646000BN0166,,,515,98.3,525,,,,,,,,2,3,Dépendance,,0,,,,,,2.145036,48.797427
2021-1346203,2021-12-02,000001,Vente,598000,82,B,AV DE PARIS,2180,78000,78646,Versailles,78,,,78646000BN0166,,,515,98.3,525,,,,,,,,2,3,Dépendance,,0,,,,,,2.145036,48.797427
2021-1346203,2021-12-02,000001,Vente,598000,82,B,AV DE PARIS,2180,78000,78646,Versailles,78,,,78646000BN0166,,,1075,,,,,,,,,,1,3,Dépendance,,0,,,,,,2.145036,48.797427
2021-1346240,2021-11-24,000001,Vente,207000,10,,RUE DE L ERMITAGE,0940,78000,78646,Versailles,78,,,78646000AC0314,,,145,26.34,,,,,,,,,1,3,Dépendance,,0,,,,,,2.123933,48.814609
2021-1346279,2021-11-23,000001,Vente,775000,12,,RUE DE LA PAROISSE,2190,78000,78646,Versailles,78,,,78646000AE0181,,,14,,15,,18,,19,,20,,9,3,Dépendance,,0,,,,,,2.125942,48.807986
2021-1346279,2021-11-23,000001,Vente,775000,12,,RUE DE LA PAROISSE,2190,78000,78646,Versailles,78,,,78646000AE0181,,,14,,15,,18,,19,,20,,9,2,Appartement,78,3,,,,,,2.125942,48.807986
2021-1346279,2021-11-23,000001,Vente,775000,12,,RUE DE LA PAROISSE,2190,78000,78646,Versailles,78,,,78646000AE0181,,,16,,,,,,,,,,1,3,Dépendance,,0,,,,,,2.125942,48.807986
2021-1346279,2021-11-23,000001,Vente,775000,12,,RUE DE LA PAROISSE,2190,78000,78646,Versailles,78,,,78646000AE0181,,,14,,15,,18,,19,,20,,9,3,Dépendance,,0,,,,,,2.125942,48.807986
2021-1346282,2021-12-09,000001,Vente,600000,11,,BD DE LESSEPS,1638,78000,78646,Versailles,78,,,78646000AX0102,,,3,97.11,5,,8,,,,,,3,2,Appartement,118,5,,,,,,2.146581,48.806903
2021-1346282,2021-12-09,000001,Vente,600000,11,,BD DE LESSEPS,1638,78000,78646,Versailles,78,,,78646000AX0102,,,3,97.11,5,,8,,,,,,3,3,Dépendance,,0,,,,,,2.146581,48.806903
2021-1346282,2021-12-09,000001,Vente,600000,11,,BD DE LESSEPS,1638,78000,78646,Versailles,78,,,78646000AX0102,,,3,97.11,5,,8,,,,,,3,3,Dépendance,,0,,,,,,2.146581,48.806903
2021-1346285,2021-12-02,000001,Vente,1080968,40,,RUE DE MONTREUIL,2000,78000,78646,Versailles,78,,,78646000AX0307,,,12,107.52,,,,,,,,,1,2,Appartement,40,1,,,,,,2.145941,48.804518
2021-1346285,2021-12-02,000001,Vente,1080968,40,,RUE DE MONTREUIL,2000,78000,78646,Versailles,78,,,78646000AX0307,,,13,,3,,,,,,,,2,2,Appartement,75,3,,,,,,2.145941,48.804518
2021-1346285,2021-12-02,000001,Vente,1080968,40,,RUE DE MONTREUIL,2000,78000,78646,Versailles,78,,,78646000AX0307,,,13,,3,,,,,,,,2,3,Dépendance,,0,,,,,,2.145941,48.804518
2021-1346307,2021-11-17,000001,Vente,319165,59,,AV DES ETATS UNIS,0990,78000,78646,Versailles,78,,,78646000AS0054,,,128,67.36,,,,,,,,,1,2,Appartement,62,4,,,,,,2.152632,48.814149
2021-1346307,2021-11-17,000001,Vente,319165,59,,AV DES ETATS UNIS,0990,78000,78646,Versailles,78,,,78646000AS0054,,,269,,,,,,,,,,1,3,Dépendance,,0,,,,,,2.152632,48.814149
2021-1346350,2021-12-06,000001,Vente,235000,36,B,RUE DE MONTREUIL,2000,78000,78646,Versailles,78,,,78646000AX0309,,,108,31.18,,,,,,,,,1,2,Appartement,35,2,,,,,,2.145638,48.804501
2021-1346395,2021-11-24,000001,Vente,1775100,13,,RUE GABRIEL,1130,78000,78646,Versailles,78,,,78646000AD0387,,,,,,,,,,,,,0,1,Maison,170,8,S,sols,,,384,2.13295,48.814012
2021-1346420,2021-12-06,000001,Vente,825000,61,,RUE ALBERT JOLY,0050,78000,78646,Versailles,78,,,78646000AR0043,,,,,,,,,,,,,0,3,Dépendance,,0,S,sols,,,154,2.14463,48.809806
2021-1346420,2021-12-06,000001,Vente,825000,61,,RUE ALBERT JOLY,0050,78000,78646,Versailles,78,,,78646000AR0043,,,,,,,,,,,,,0,1,Maison,87,5,S,sols,,,154,2.14463,48.809806
2021-1346421,2021-11-22,000001,Vente,840485,15,,RUE ABEL LAUVRAY,0030,78000,78646,Versailles,78,,,78646000AZ0359,,,,,,,,,,,,,0,1,Maison,66,3,S,sols,,,192,2.158557,48.803281
2021-1346458,2021-12-07,000001,Vente,370490,79,,RUE ALBERT SARRAUT,0080,78000,78646,Versailles,78,,,78646000BL0294,,,218,,225,,,,,,,,2,2,Appartement,66,4,,,,,,2.146987,48.791716
2021-1346458,2021-12-07,000001,Vente,370490,79,,RUE ALBERT SARRAUT,0080,78000,78646,Versailles,78,,,78646000BL0294,,,218,,225,,,,,,,,2,3,Dépendance,,0,,,,,,2.146987,48.791716
2021-1346458,2021-12-07,000001,Vente,370490,3,,RUE DU PONT COLBERT,2370,78000,78646,Versailles,78,,,78646000BL0294,,,412,,,,,,,,,,1,3,Dépendance,,0,,,,,,2.146987,48.791716
2021-1346461,2021-11-30,000001,Vente,144000,21,,BD ST ANTOINE,2690,78000,78646,Versailles,78,,,78646000AC0054,,,10,22.41,402,,,,,,,,2,2,Appartement,22,1,,,,,,2.125692,48.815948
2021-1346461,2021-11-30,000001,Vente,144000,21,,BD ST ANTOINE,2690,78000,78646,Versailles,78,,,78646000AC0054,,,10,22.41,402,,,,,,,,2,3,Dépendance,,0,,,,,,2.125692,48.815948
2021-1346503,2021-12-03,000001,Vente,30000,8,,RUE EXELMANS,1020,78000,78646,Versailles,78,,,78646000AC0116,,,75,,,,,,,,,,1,3,Dépendance,,0,,,,,,2.126206,48.81323
2021-1346504,2021-12-06,000001,Echange,14000,59,,AV DES ETATS UNIS,0990,78000,78646,Versailles,78,,,78646000AS0054,,,327,,,,,,,,,,1,3,Dépendance,,0,,,,,,2.152632,48.814149
2021-1346504,2021-12-06,000002,Echange,14000,59,,AV DES ETATS UNIS,0990,78000,78646,Versailles,78,,,78646000AS0054,,,237,,,,,,,,,,1,3,Dépendance,,0,,,,,,2.152632,48.814149
2021-1346505,2021-12-06,000001,Vente,140000,59,,RUE D ANJOU,0190,78000,78646,Versailles,78,,,78646000BT0063,,,2,16.36,,,,,,,,,1,2,Appartement,16,1,,,,,,2.130008,48.79641
2021-1346534,2021-12-09,000001,Vente,187500,5,,RUE DE MONTREUIL,2000,78000,78646,Versailles,78,,,78646000AX0273,,,10,25,,,,,,,,,1,2,Appartement,30,1,,,,,,2.142364,48.80556
2021-1346534,2021-12-09,000001,Vente,187500,5,,RUE DE MONTREUIL,2000,78000,78646,Versailles,78,,,78646000AX0273,,,10,25,,,,,,,,,1,3,Dépendance,,0,,,,,,2.142364,48.80556
2021-1346555,2021-12-02,000001,Vente,552510.8,2,T,RUE PASTEUR,2210,78000,78646,Versailles,78,,,78646000AY0198,,,35,,,,,,,,,,1,3,Dépendance,,0,,,,,,2.147958,48.801006
2021-1346555,2021-12-02,000001,Vente,552510.8,2,T,RUE PASTEUR,2210,78000,78646,Versailles,78,,,78646000AY0198,,,27,,,,,,,,,,1,3,Dépendance,,0,,,,,,2.147958,48.801006
2021-1346555,2021-12-02,000001,Vente,552510.8,2,T,RUE PASTEUR,2210,78000,78646,Versailles,78,,,78646000AY0198,,,28,,,,,,,,,,1,3,Dépendance,,0,,,,,,2.147958,48.801006
2021-1346555,2021-12-02,000001,Vente,552510.8,2,T,RUE PASTEUR,2210,78000,78646,Versailles,78,,,78646000AY0198,,,36,,,,,,,,,,1,3,Dépendance,,0,,,,,,2.147958,48.801006
2021-1346555,2021-12-02,000001,Vente,552510.8,2,T,RUE PASTEUR,2210,78000,78646,Versailles,78,,,78646000AY0198,,,14,26.4,,,,,,,,,1,2,Appartement,29,1,,,,,,2.147958,48.801006
2021-1346555,2021-12-02,000001,Vente,552510.8,2,T,RUE PASTEUR,2210,78000,78646,Versailles,78,,,78646000AY0198,,,26,,,,,,,,,,1,3,Dépendance,,0,,,,,,2.147958,48.801006
2021-1346555,2021-12-02,000001,Vente,552510.8,2,T,RUE PASTEUR,2210,78000,78646,Versailles,78,,,78646000AY0198,,,10,29.13,,,,,,,,,1,2,Appartement,29,1,,,,,,2.147958,48.801006
2021-1346555,2021-12-02,000001,Vente,552510.8,2,T,RUE PASTEUR,2210,78000,78646,Versailles,78,,,78646000AY0198,,,9,39.91,,,,,,,,,1,2,Appartement,40,2,,,,,,2.147958,48.801006
2021-1346555,2021-12-02,000001,Vente,552510.8,2,T,RUE PASTEUR,2210,78000,78646,Versailles,78,,,78646000AY0198,,,5,29.13,,,,,,,,,1,2,Appartement,29,1,,,,,,2.147958,48.801006
2021-1346555,2021-12-02,000001,Vente,552510.8,2,T,RUE PASTEUR,2210,78000,78646,Versailles,78,,,78646000AY0198,,,4,39.91,,,,,,,,,1,2,Appartement,40,2,,,,,,2.147958,48.801006
2021-1346558,2021-12-08,000001,Vente,215000,17,T,RUE DU PONT COLBERT,2370,78000,78646,Versailles,78,,,78646000BI0022,,,555,53.54,,,,,,,,,1,3,Dépendance,,0,,,,,,2.149624,48.789909
2021-1346558,2021-12-08,000001,Vente,215000,17,T,RUE DU PONT COLBERT,2370,78000,78646,Versailles,78,,,78646000BI0022,,,555,53.54,,,,,,,,,1,2,Appartement,56,3,,,,,,2.149624,48.789909
2021-1346560,2021-12-08,000001,Vente,20000,6,,RUE MONTBAURON,1970,78000,78646,Versailles,78,,,78646000BP0027,,,44,,,,,,,,,,1,3,Dépendance,,0,,,,,,2.135298,48.802989
2021-1346567,2021-11-23,000001,Vente,50800,108,,BD DE LA REINE,2520,78000,78646,Versailles,78,,,78646000AX0037,,,124,12,,,,,,,,,1,3,Dépendance,,0,,,,,,2.142871,48.807658
2021-1346568,2021-12-10,000001,Vente,250000,16,,RUE DES TOURNELLES,3050,78000,78646,Versailles,78,,,78646000BT0028,,,1,,19,,41,,,,,,3,3,Dépendance,,0,,,,,,2.127383,48.797791
2021-1346568,2021-12-10,000001,Vente,250000,16,,RUE DES TOURNELLES,3050,78000,78646,Versailles,78,,,78646000BT0028,,,1,,19,,41,,,,,,3,3,Dépendance,,0,,,,,,2.127383,48.797791
2021-1346568,2021-12-10,000001,Vente,250000,16,,RUE DES TOURNELLES,3050,78000,78646,Versailles,78,,,78646000BT0028,,,1,,19,,41,,,,,,3,2,Appartement,38,2,,,,,,2.127383,48.797791
2021-1346598,2021-12-07,000001,Vente,589300,3,,RUE MOLIERE,1940,78000,78646,Versailles,78,,,78646000BL0334,,,10,69.58,,,,,,,,,1,2,Appartement,84,4,,,,,,2.147692,48.794842
2021-1346599,2021-12-09,000001,Vente,465150,12,,RUE SAINT MEDERIC,2840,78000,78646,Versailles,78,,,78646000BT0101,,,408,58.4,,,,,,,,,1,2,Appartement,59,3,,,,,,2.127194,48.79606
2021-1346614,2021-12-02,000001,Vente,670000,7,,PL HOCHE,1340,78000,78646,Versailles,78,,,78646000AE0435,,,48,,49,,50,,66,72.5,,,4,2,Appartement,74,4,,,,,,2.128702,48.806391
2021-1346614,2021-12-02,000001,Vente,670000,7,,PL HOCHE,1340,78000,78646,Versailles,78,,,78646000AE0435,,,48,,49,,50,,66,72.5,,,4,3,Dépendance,,0,,,,,,2.128702,48.806391
2021-1346614,2021-12-02,000001,Vente,670000,7,,PL HOCHE,1340,78000,78646,Versailles,78,,,78646000AE0435,,,48,,49,,50,,66,72.5,,,4,3,Dépendance,,0,,,,,,2.128702,48.806391
2021-1346614,2021-12-02,000001,Vente,670000,7,,PL HOCHE,1340,78000,78646,Versailles,78,,,78646000AE0435,,,48,,49,,50,,66,72.5,,,4,3,Dépendance,,0,,,,,,2.128702,48.806391
2021-1346624,2021-12-07,000001,Vente,537000,50,,AV DE VILLENEUVE L ETANG,3200,78000,78646,Versailles,78,,,78646000AO0162,,,506,,530,83.94,,,,,,,2,3,Dépendance,,0,,,,,,2.148061,48.818119
2021-1346624,2021-12-07,000001,Vente,537000,50,,AV DE VILLENEUVE L ETANG,3200,78000,78646,Versailles,78,,,78646000AO0162,,,506,,530,83.94,,,,,,,2,3,Dépendance,,0,,,,,,2.148061,48.818119
2021-1346624,2021-12-07,000001,Vente,537000,50,,AV DE VILLENEUVE L ETANG,3200,78000,78646,Versailles,78,,,78646000AO0162,,,506,,530,83.94,,,,,,,2,2,Appartement,91,4,,,,,,2.148061,48.818119
2021-1346624,2021-12-07,000001,Vente,537000,50,,AV DE VILLENEUVE L ETANG,3200,78000,78646,Versailles,78,,,78646000AO0162,,,350,,,,,,,,,,1,3,Dépendance,,0,,,,,,2.148061,48.818119
2021-1346644,2021-12-07,000001,Vente,342510,2,T,RUE DU FOYER VERSAILLAIS,1100,78000,78646,Versailles,78,,,78646000BL0294,,,321,57.08,352,,,,,,,,2,2,Appartement,56,3,,,,,,2.146987,48.791716
2021-1346644,2021-12-07,000001,Vente,342510,3,,RUE DU PONT COLBERT,2370,78000,78646,Versailles,78,,,78646000BL0294,,,530,,,,,,,,,,1,3,Dépendance,,0,,,,,,2.146987,48.791716
2021-1346644,2021-12-07,000001,Vente,342510,2,T,RUE DU FOYER VERSAILLAIS,1100,78000,78646,Versailles,78,,,78646000BL0294,,,321,57.08,352,,,,,,,,2,3,Dépendance,,0,,,,,,2.146987,48.791716
2021-1346671,2021-11-25,000001,Vente,423000,1,T,RUE DE FONTENAY,1050,78000,78646,Versailles,78,,,78646000AH0071,,,10,58.79,25,,29,,,,,,3,2,Appartement,55,3,,,,,,2.123445,48.801497
2021-1346671,2021-11-25,000001,Vente,423000,1,T,RUE DE FONTENAY,1050,78000,78646,Versailles,78,,,78646000AH0071,,,10,58.79,25,,29,,,,,,3,3,Dépendance,,0,,,,,,2.123445,48.801497
2021-1346671,2021-11-25,000001,Vente,423000,1,T,RUE DE FONTENAY,1050,78000,78646,Versailles,78,,,78646000AH0071,,,10,58.79,25,,29,,,,,,3,3,Dépendance,,0,,,,,,2.123445,48.801497
2021-1346690,2021-11-16,000001,Vente,650000,38,,BD DU ROI,2641,78000,78646,Versailles,78,,,78646000AD0407,,,45,97.85,46,,,,,,,,2,3,Dépendance,,0,,,,,,2.129146,48.814076
2021-1346690,2021-11-16,000001,Vente,650000,38,,BD DU ROI,2641,78000,78646,Versailles,78,,,78646000AD0407,,,45,97.85,46,,,,,,,,2,2,Appartement,92,5,,,,,,2.129146,48.814076
2021-1346690,2021-11-16,000001,Vente,650000,38,,BD DU ROI,2641,78000,78646,Versailles,78,,,78646000AD0407,,,115,,,,,,,,,,1,3,Dépendance,,0,,,,,,2.129146,48.814076
2021-1346709,2021-11-29,000001,Vente en l'état futur d'achèvement,688000,9,,RUE VAUBAN,3110,78000,78646,Versailles,78,,,78646000AY0310,,,999,,,,,,,,,,1,3,Dépendance,,0,,,,,,2.15313,48.799852
2021-1346709,2021-11-29,000001,Vente en l'état futur d'achèvement,688000,9,,RUE VAUBAN,3110,78000,78646,Versailles,78,,,78646000AY0310,,,121,,,,,,,,,,1,2,Appartement,81,4,,,,,,2.15313,48.799852
2021-1346722,2021-11-30,000001,Vente,470000,61,,RUE JEAN DE LA FONTAINE,1439,78000,78646,Versailles,78,,,78646000BE0086,,,57,,61,,62,,8,66.79,9,,5,2,Appartement,65,3,,,,,,2.157108,48.794575
2021-1346784,2021-11-22,000001,Vente,930000,25,,RUE MONTEBELLO,1980,78000,78646,Versailles,78,,,78646000AK0018,,,84,,,,,,,,,,1,3,Dépendance,,0,,,,,,2.138525,48.812549
2021-1346784,2021-11-22,000001,Vente,930000,25,,RUE MONTEBELLO,1980,78000,78646,Versailles,78,,,78646000AK0018,,,126,141.45,37,,,,,,,,2,2,Appartement,123,3,,,,,,2.138525,48.812549
2021-1346784,2021-11-22,000001,Vente,930000,25,,RUE MONTEBELLO,1980,78000,78646,Versailles,78,,,78646000AK0018,,,83,,,,,,,,,,1,3,Dépendance,,0,,,,,,2.138525,48.812549
2021-1346784,2021-11-22,000001,Vente,930000,25,,RUE MONTEBELLO,1980,78000,78646,Versailles,78,,,78646000AK0018,,,126,141.45,37,,,,,,,,2,3,Dépendance,,0,,,,,,2.138525,48.812549
2021-1346784,2021-11-22,000001,Vente,930000,25,,RUE MONTEBELLO,1980,78000,78646,Versailles,78,,,78646000AK0018,,,129,,,,,,,,,,1,3,Dépendance,,0,,,,,,2.138525,48.812549
2021-1346819,2021-12-03,000001,Vente,443150,155,,BD DE LA REINE,2520,78000,78646,Versailles,78,,,78646000AR0073,,,8,,80,,,,,,,,2,3,Dépendance,,0,,,,,,2.145056,48.808479
2021-1346819,2021-12-03,000001,Vente,443150,155,,BD DE LA REINE,2520,78000,78646,Versailles,78,,,78646000AR0073,,,8,,80,,,,,,,,2,2,Appartement,73,4,,,,,,2.145056,48.808479
2021-1346839,2021-12-07,000001,Vente,266750,84,,RUE ROYALE,2648,78000,78646,Versailles,78,,,78646000BW0111,,,1,,,,,,,,,,1,3,Dépendance,,0,,,,,,2.124311,48.794563
2021-1346839,2021-12-07,000001,Vente,266750,84,,RUE ROYALE,2648,78000,78646,Versailles,78,,,78646000BW0111,,,1,,,,,,,,,,1,2,Appartement,35,2,,,,,,2.124311,48.794563
2021-1346859,2021-12-03,000001,Vente,511000,5,,RUE DE L ECOLE DES POSTES,0850,78000,78646,Versailles,78,,,78646000AZ0110,,,3914,,,,,,,,,,1,3,Dépendance,,0,,,,,,2.158672,48.8041
2021-1346859,2021-12-03,000001,Vente,511000,22,,PROM MONA LISA,1965,78000,78646,Versailles,78,,,78646000AZ0110,,,1967,,1984,100.59,,,,,,,2,3,Dépendance,,0,,,,,,2.158672,48.8041
2021-1346859,2021-12-03,000001,Vente,511000,22,,PROM MONA LISA,1965,78000,78646,Versailles,78,,,78646000AZ0110,,,1967,,1984,100.59,,,,,,,2,2,Appartement,102,4,,,,,,2.158672,48.8041
2021-1346864,2021-11-23,000001,Vente,713000,16,B,PAS DE LA GEOLE,1180,78000,78646,Versailles,78,,,78646000AE0061,,,15,,18,,19,,,,,,3,2,Appartement,98,4,,,,,,2.131795,48.807937
2021-1346866,2021-11-23,000001,Vente,225000,4,,RUE DE MONTREUIL,2000,78000,78646,Versailles,78,,,78646000AX0421,,,10,,4,30.58,5,,,,,,3,3,Dépendance,,0,,,,,,2.142028,48.805304
2021-1346866,2021-11-23,000001,Vente,225000,4,,RUE DE MONTREUIL,2000,78000,78646,Versailles,78,,,78646000AX0421,,,10,,4,30.58,5,,,,,,3,2,Appartement,30,2,,,,,,2.142028,48.805304
2021-1346866,2021-11-23,000001,Vente,225000,4,,RUE DE MONTREUIL,2000,78000,78646,Versailles,78,,,78646000AX0421,,,10,,4,30.58,5,,,,,,3,3,Dépendance,,0,,,,,,2.142028,48.805304
2021-1346918,2021-12-13,000001,Vente en l'état futur d'achèvement,402000,104,,AV DE PARIS,2180,78000,78646,Versailles,78,,,78646000BK0019,,,47,,,,,,,,,,1,,,,,,,,,,2.150393,48.797197
2021-1346918,2021-12-13,000001,Vente en l'état futur d'achèvement,402000,104,,AV DE PARIS,2180,78000,78646,Versailles,78,,,78646000BK0019,,,91,,,,,,,,,,1,,,,,,,,,,2.150393,48.797197
2021-1346926,2021-11-25,000001,Vente,430000,5,,RUE DE L ECOLE DES POSTES,0850,78000,78646,Versailles,78,,,78646000AZ0110,,,3820,,,,,,,,,,1,3,Dépendance,,0,,,,,,2.158672,48.8041
2021-1346926,2021-11-25,000001,Vente,430000,5,,RUE DE L ECOLE DES POSTES,0850,78000,78646,Versailles,78,,,78646000AZ0110,,,3579,,,,,,,,,,1,3,Dépendance,,0,,,,,,2.158672,48.8041
2021-1346926,2021-11-25,000001,Vente,430000,16,,PROM MONA LISA,1965,78000,78646,Versailles,78,,,78646000AZ0110,,,1868,,1919,,,,,,,,2,2,Appartement,102,4,,,,,,2.158672,48.8041
2021-1346926,2021-11-25,000001,Vente,430000,16,,PROM MONA LISA,1965,78000,78646,Versailles,78,,,78646000AZ0110,,,1868,,1919,,,,,,,,2,3,Dépendance,,0,,,,,,2.158672,48.8041
2021-1347015,2021-12-10,000001,Vente,1190000,10,,IMP SAINT HENRI,2775,78000,78646,Versailles,78,,,78646000BK0008,,,,,,,,,,,,,0,1,Maison,120,6,S,sols,,,274,2.149957,48.796807
2021-1347036,2021-12-07,000001,Vente,725000,9,,RUE DU PARC DE CLAGNY,2171,78000,78646,Versailles,78,,,78646000AK0183,,,34,,,,,,,,,,1,3,Dépendance,,0,,,,,,2.139976,48.809983
2021-1347036,2021-12-07,000001,Vente,725000,9,,RUE DU PARC DE CLAGNY,2171,78000,78646,Versailles,78,,,78646000AK0183,,,15,,16,,49,119.56,,,,,3,2,Appartement,117,6,,,,,,2.139976,48.809983
2021-1347036,2021-12-07,000001,Vente,725000,9,,RUE DU PARC DE CLAGNY,2171,78000,78646,Versailles,78,,,78646000AK0183,,,15,,16,,49,119.56,,,,,3,3,Dépendance,,0,,,,,,2.139976,48.809983
2021-1347037,2021-12-15,000001,Vente,110000,64,,RUE DES CHANTIERS,0530,78000,78646,Versailles,78,,,78646000BL0326,,,146,13.72,,,,,,,,,1,2,Appartement,18,1,,,,,,2.143523,48.792624
2021-1347038,2021-12-01,000001,Vente,75000,34,,RUE REMILLY,2530,78000,78646,Versailles,78,,,78646000AK0092,,,1,47.7,,,,,,,,,1,4,Local industriel. commercial ou assimilé,49,0,,,,,,2.139329,48.811329
2021-1347046,2021-12-13,000001,Vente,154000,58,,RUE DES CHANTIERS,0530,78000,78646,Versailles,78,,,78646000BL0327,,,164,,,,,,,,,,1,2,Appartement,19,1,,,,,,2.142467,48.792993
2021-1347052,2021-12-14,000001,Vente,1920000,5,,RUE RENE AUBERT,2565,78000,78646,Versailles,78,,,78646000AK0261,,,,,,,,,,,,,0,1,Maison,232,9,S,sols,,,501,2.135626,48.811382
2021-1347055,2021-12-07,000001,Vente,22000,13,,RUE DU GENERAL PERSHING,1170,78000,78646,Versailles,78,,,78646000AO0068,,,304,,,,,,,,,,1,3,Dépendance,,0,,,,,,2.148928,48.817113
2021-1347077,2021-12-01,000001,Vente,458000,3,,RUE DE BEAUVAU,0320,78000,78646,Versailles,78,,,78646000AD0263,,,13,,5,60.63,,,,,,,2,2,Appartement,61,3,,,,,,2.131065,48.81221
2021-1347077,2021-12-01,000001,Vente,458000,3,,RUE DE BEAUVAU,0320,78000,78646,Versailles,78,,,78646000AD0263,,,13,,5,60.63,,,,,,,2,3,Dépendance,,0,,,,,,2.131065,48.81221
2021-1347083,2021-12-14,000001,Vente,401000,18,,RUE DE LA PAROISSE,2190,78000,78646,Versailles,78,,,78646000AE0184,,,2,,5,53.28,,,,,,,2,3,Dépendance,,0,,,,,,2.126533,48.807774
2021-1347083,2021-12-14,000001,Vente,401000,18,,RUE DE LA PAROISSE,2190,78000,78646,Versailles,78,,,78646000AE0184,,,2,,5,53.28,,,,,,,2,2,Appartement,60,3,,,,,,2.126533,48.807774
2021-1347094,2021-12-16,000001,Vente,409850,58,,RUE DES CHANTIERS,0530,78000,78646,Versailles,78,,,78646000BL0327,,,191,66.19,343,,,,,,,,2,3,Dépendance,,0,,,,,,2.142467,48.792993
2021-1347094,2021-12-16,000001,Vente,409850,58,,RUE DES CHANTIERS,0530,78000,78646,Versailles,78,,,78646000BL0327,,,191,66.19,343,,,,,,,,2,2,Appartement,65,3,,,,,,2.142467,48.792993
2021-1347094,2021-12-16,000001,Vente,409850,58,,RUE DES CHANTIERS,0530,78000,78646,Versailles,78,,,78646000BL0327,,,191,66.19,343,,,,,,,,2,3,Dépendance,,0,,,,,,2.142467,48.792993
2021-1347117,2021-12-09,000001,Vente,213930,64,,RUE DES CHANTIERS,0530,78000,78646,Versailles,78,,,78646000BL0326,,,435,,97,,,,,,,,2,3,Dépendance,,0,,,,,,2.143523,48.792624
2021-1347117,2021-12-09,000001,Vente,213930,64,,RUE DES CHANTIERS,0530,78000,78646,Versailles,78,,,78646000BL0326,,,435,,97,,,,,,,,2,2,Appartement,34,1,,,,,,2.143523,48.792624
2021-1347136,2021-12-09,000001,Vente,462260,150,,AV DE PARIS,2180,78000,78646,Versailles,78,,,78646000BD0017,,,33,,,,,,,,,,1,3,Dépendance,,0,,,,,,2.156286,48.797772
2021-1347136,2021-12-09,000001,Vente,462260,150,,AV DE PARIS,2180,78000,78646,Versailles,78,,,78646000BD0017,,,12,79.04,20,,,,,,,,2,3,Dépendance,,0,,,,,,2.156286,48.797772
2021-1347136,2021-12-09,000001,Vente,462260,150,,AV DE PARIS,2180,78000,78646,Versailles,78,,,78646000BD0017,,,12,79.04,20,,,,,,,,2,2,Appartement,78,3,,,,,,2.156286,48.797772
2021-1347136,2021-12-09,000001,Vente,462260,150,,AV DE PARIS,2180,78000,78646,Versailles,78,,,78646000BD0017,,,34,,,,,,,,,,1,3,Dépendance,,0,,,,,,2.156286,48.797772
2021-1347170,2021-12-17,000001,Vente,1432900,34,,RUE DU PEINTRE LEBRUN,2220,78000,78646,Versailles,78,,,78646000AE0178,,,11,,,,,,,,,,1,3,Dépendance,,0,,,,,,2.125499,48.807306
2021-1347170,2021-12-17,000001,Vente,1432900,34,,RUE DU PEINTRE LEBRUN,2220,78000,78646,Versailles,78,,,78646000AE0178,,,30,,42,,7,,,,,,3,3,Dépendance,,0,,,,,,2.125499,48.807306
2021-1347170,2021-12-17,000001,Vente,1432900,34,,RUE DU PEINTRE LEBRUN,2220,78000,78646,Versailles,78,,,78646000AE0178,,,30,,42,,7,,,,,,3,2,Appartement,137,5,,,,,,2.125499,48.807306
2021-1347177,2021-12-17,000001,Vente,290000,17,T,RUE DU PONT COLBERT,2370,78000,78646,Versailles,78,,,78646000BI0022,,,368,63.03,,,,,,,,,1,3,Dépendance,,0,,,,,,2.149624,48.789909
2021-1347177,2021-12-17,000001,Vente,290000,17,T,RUE DU PONT COLBERT,2370,78000,78646,Versailles,78,,,78646000BI0022,,,368,63.03,,,,,,,,,1,2,Appartement,64,4,,,,,,2.149624,48.789909
2021-1347186,2021-12-17,000001,Vente,255000,43,,AV DE SAINT CLOUD,2730,78000,78646,Versailles,78,,,78646000AI0126,,,14,,49,28.41,8,,,,,,3,3,Dépendance,,0,,,,,,2.133262,48.805665
2021-1347186,2021-12-17,000001,Vente,255000,43,,AV DE SAINT CLOUD,2730,78000,78646,Versailles,78,,,78646000AI0126,,,14,,49,28.41,8,,,,,,3,3,Dépendance,,0,,,,,,2.133262,48.805665
2021-1347186,2021-12-17,000001,Vente,255000,43,,AV DE SAINT CLOUD,2730,78000,78646,Versailles,78,,,78646000AI0126,,,14,,49,28.41,8,,,,,,3,2,Appartement,37,1,,,,,,2.133262,48.805665
2021-1347213,2021-12-09,000001,Vente,470000,76,,AV DE PARIS,2180,78000,78646,Versailles,78,,,78646000BN0167,,,436,60.91,771,,,,,,,,2,3,Dépendance,,0,,,,,,2.142752,48.797871
2021-1347213,2021-12-09,000001,Vente,470000,2,,RUE JEAN MERMOZ,1460,78000,78646,Versailles,78,,,78646000BN0167,,,660,,,,,,,,,,1,3,Dépendance,,0,,,,,,2.142752,48.797871
2021-1347213,2021-12-09,000001,Vente,470000,76,,AV DE PARIS,2180,78000,78646,Versailles,78,,,78646000BN0167,,,436,60.91,771,,,,,,,,2,2,Appartement,61,2,,,,,,2.142752,48.797871
2021-1347289,2021-11-26,000001,Vente,562500,5,,RUE DE L ECOLE DES POSTES,0850,78000,78646,Versailles,78,,,78646000AZ0110,,,3334,,,,,,,,,,1,3,Dépendance,,0,,,,,,2.158672,48.8041
2021-1347289,2021-11-26,000001,Vente,562500,1,,AV DE LA TRANQUILLITE,3055,78000,78646,Versailles,78,,,78646000AZ0110,,,459,,700,117.23,,,,,,,2,3,Dépendance,,0,,,,,,2.158672,48.8041
2021-1347289,2021-11-26,000001,Vente,562500,1,,AV DE LA TRANQUILLITE,3055,78000,78646,Versailles,78,,,78646000AZ0110,,,459,,700,117.23,,,,,,,2,2,Appartement,119,5,,,,,,2.158672,48.8041
2021-1347292,2021-12-07,000001,Vente,285015,60,,RUE CHAMP LAGARDE,0490,78000,78646,Versailles,78,,,78646000AY0097,,,23,55.49,45,,,,,,,,2,2,Appartement,55,3,,,,,,2.149752,48.801617
2021-1347292,2021-12-07,000001,Vente,285015,60,,RUE CHAMP LAGARDE,0490,78000,78646,Versailles,78,,,78646000AY0097,,,23,55.49,45,,,,,,,,2,3,Dépendance,,0,,,,,,2.149752,48.801617
2021-1347296,2021-11-22,000001,Vente,1020000,18,,RUE DU FOYER VERSAILLAIS,1100,78000,78646,Versailles,78,,,78646000BL0308,,,,,,,,,,,,,0,3,Dépendance,,0,S,sols,,,280,2.148248,48.791065
2021-1347296,2021-11-22,000001,Vente,1020000,18,,RUE DU FOYER VERSAILLAIS,1100,78000,78646,Versailles,78,,,78646000BL0308,,,,,,,,,,,,,0,1,Maison,78,5,S,sols,,,280,2.148248,48.791065
2021-1347300,2021-12-07,000001,Vente,722842,1,,RUE CHAMP LAGARDE,0490,78000,78646,Versailles,78,,,78646000BP0132,,,129,,56,103.35,,,,,,,2,2,Appartement,103,5,,,,,,2.1408,48.800274
2021-1347300,2021-12-07,000001,Vente,722842,53,,AV DE PARIS,2180,78000,78646,Versailles,78,,,78646000BP0132,,,274,,,,,,,,,,1,3,Dépendance,,0,,,,,,2.1408,48.800274
2021-1347300,2021-12-07,000001,Vente,722842,53,,AV DE PARIS,2180,78000,78646,Versailles,78,,,78646000BP0132,,,173,,,,,,,,,,1,3,Dépendance,,0,,,,,,2.1408,48.800274
2021-1347300,2021-12-07,000001,Vente,722842,1,,RUE CHAMP LAGARDE,0490,78000,78646,Versailles,78,,,78646000BP0132,,,129,,56,103.35,,,,,,,2,3,Dépendance,,0,,,,,,2.1408,48.800274
2021-1347312,2021-12-02,000001,Vente,1548431,3,,RPT DE LA CHAPELLE,0540,78000,78646,Versailles,78,,,78646000AM0085,,,,,,,,,,,,,0,1,Maison,225,9,S,sols,,,322,2.142064,48.821995
2021-1347312,2021-12-02,000001,Vente,1548431,3,,RPT DE LA CHAPELLE,0540,78000,78646,Versailles,78,,,78646000AM0085,,,,,,,,,,,,,0,1,Maison,225,9,AG,terrains d'agrément,,,343,2.142064,48.821995
2021-1347312,2021-12-02,000001,Vente,1548431,3,,RPT DE LA CHAPELLE,0540,78000,78646,Versailles,78,,,78646000AM0085,,,,,,,,,,,,,0,3,Dépendance,,0,AG,terrains d'agrément,,,343,2.142064,48.821995
2021-1347312,2021-12-02,000001,Vente,1548431,3,,RPT DE LA CHAPELLE,0540,78000,78646,Versailles,78,,,78646000AM0085,,,,,,,,,,,,,0,3,Dépendance,,0,S,sols,,,322,2.142064,48.821995
2021-1347388,2021-12-10,000001,Vente,628000,12,,AV DE PORCHEFONTAINE,2380,78000,78646,Versailles,78,,,78646000BK0021,,,696,,710,106.82,,,,,,,2,3,Dépendance,,0,,,,,,2.152071,48.797176
2021-1347388,2021-12-10,000001,Vente,628000,12,,AV DE PORCHEFONTAINE,2380,78000,78646,Versailles,78,,,78646000BK0021,,,1800,,,,,,,,,,1,3,Dépendance,,0,,,,,,2.152071,48.797176
2021-1347388,2021-12-10,000001,Vente,628000,12,,AV DE PORCHEFONTAINE,2380,78000,78646,Versailles,78,,,78646000BK0021,,,696,,710,106.82,,,,,,,2,2,Appartement,106,4,,,,,,2.152071,48.797176
2021-1347392,2021-12-14,000001,Vente,565000,16,,RUE DE MONTREUIL,2000,78000,78646,Versailles,78,,,78646000AX0328,,,2,73.54,9,,,,,,,,2,3,Dépendance,,0,,,,,,2.143726,48.804858
2021-1347392,2021-12-14,000001,Vente,565000,16,,RUE DE MONTREUIL,2000,78000,78646,Versailles,78,,,78646000AX0328,,,2,73.54,9,,,,,,,,2,2,Appartement,94,3,,,,,,2.143726,48.804858
2021-1347394,2021-12-13,000001,Vente,340000,17,,AV DE SAINT CLOUD,2730,78000,78646,Versailles,78,,,78646000AE0303,,,16,,17,,2,68.81,3,,,,4,4,Local industriel. commercial ou assimilé,64,0,,,,,,2.129407,48.805297
2021-1347402,2021-12-17,000001,Vente terrain à bâtir,950000,4,B,AV DU COMMERCE,0660,78000,78646,Versailles,78,,,78646000AM0602,,,,,,,,,,,,,0,,,,,AB,terrains a bâtir,,,550,2.141081,48.82243
2021-1347402,2021-12-17,000001,Vente terrain à bâtir,950000,16,,AV DES ARTS,0220,78000,78646,Versailles,78,,,78646000AM0604,,,,,,,,,,,,,0,,,,,AB,terrains a bâtir,,,5,2.141307,48.822413
2021-1347433,2021-11-30,000001,Vente,75000,7,,RUE DE L ORANGERIE,2110,78000,78646,Versailles,78,,,78646000AH0026,,,3,,,,,,,,,,1,3,Dépendance,,0,,,,,,2.121384,48.800694
2021-1347438,2021-12-09,000001,Vente,385500,4,,RUE SAINTE FAMILLE,2740,78000,78646,Versailles,78,,,78646000BV0166,,,3,56,51,,,,,,,,2,2,Appartement,56,3,,,,,,2.125287,48.796348
2021-1347438,2021-12-09,000001,Vente,385500,4,,RUE SAINTE FAMILLE,2740,78000,78646,Versailles,78,,,78646000BV0166,,,3,56,51,,,,,,,,2,3,Dépendance,,0,,,,,,2.125287,48.796348
2021-1347450,2021-12-10,000001,Vente,288372,24,,RUE JACQUES LEMERCIER,1420,78000,78646,Versailles,78,,,78646000AO0020,,,14,,48,,,,,,,,2,2,Appartement,49,2,,,,,,2.150001,48.814605
2021-1347450,2021-12-10,000001,Vente,288372,24,,RUE JACQUES LEMERCIER,1420,78000,78646,Versailles,78,,,78646000AO0020,,,14,,48,,,,,,,,2,3,Dépendance,,0,,,,,,2.150001,48.814605
2021-1347450,2021-12-10,000001,Vente,288372,24,,RUE JACQUES LEMERCIER,1420,78000,78646,Versailles,78,,,78646000AO0020,,,216,,,,,,,,,,1,3,Dépendance,,0,,,,,,2.150001,48.814605
2021-1347450,2021-12-10,000001,Vente,288372,24,,RUE JACQUES LEMERCIER,1420,78000,78646,Versailles,78,,,78646000AO0020,,,14,,48,,,,,,,,2,3,Dépendance,,0,,,,,,2.150001,48.814605
2021-1347450,2021-12-10,000001,Vente,288372,24,,RUE JACQUES LEMERCIER,1420,78000,78646,Versailles,78,,,78646000AO0020,,,14,,48,,,,,,,,2,3,Dépendance,,0,,,,,,2.150001,48.814605
2021-1347454,2021-12-01,000001,Vente,25000,12,,RUE DES MISSIONNAIRES,1920,78000,78646,Versailles,78,,,78646000AD0529,,,113,,,,,,,,,,1,3,Dépendance,,0,,,,,,2.129968,48.812671
2021-1347471,2021-11-30,000001,Vente,1283,,,IMP ADELE MULOT,0040,78000,78646,Versailles,78,,,78646000AY0301,,,,,,,,,,,,,0,,,,,S,sols,,,78,2.150727,48.801455
2021-1347477,2021-12-16,000001,Vente,910000,19,,RUE MONTBAURON,1970,78000,78646,Versailles,78,,,78646000AI0074,,,10,,11,,23,,3,,34,,9,3,Dépendance,,0,,,,,,2.135301,48.804349
2021-1347477,2021-12-16,000001,Vente,910000,19,,RUE MONTBAURON,1970,78000,78646,Versailles,78,,,78646000AI0074,,,10,,11,,23,,3,,34,,9,2,Appartement,106,3,,,,,,2.135301,48.804349
2021-1347485,2021-11-23,000001,Vente,282500,75,,RUE ROYALE,2648,78000,78646,Versailles,78,,,78646000BT0126,,,14,,,,,,,,,,1,3,Dépendance,,0,,,,,,2.125954,48.795874
2021-1347485,2021-11-23,000001,Vente,282500,75,,RUE ROYALE,2648,78000,78646,Versailles,78,,,78646000BT0126,,,42,,,,,,,,,,1,3,Dépendance,,0,,,,,,2.125954,48.795874
2021-1347485,2021-11-23,000001,Vente,282500,75,,RUE ROYALE,2648,78000,78646,Versailles,78,,,78646000BT0126,,,24,,,,,,,,,,1,3,Dépendance,,0,,,,,,2.125954,48.795874
2021-1347485,2021-11-23,000001,Vente,282500,75,,RUE ROYALE,2648,78000,78646,Versailles,78,,,78646000BT0126,,,14,,,,,,,,,,1,3,Dépendance,,0,,,,,,2.125954,48.795874
2021-1347485,2021-11-23,000001,Vente,282500,75,,RUE ROYALE,2648,78000,78646,Versailles,78,,,78646000BT0126,,,14,,,,,,,,,,1,2,Appartement,71,4,,,,,,2.125954,48.795874
2021-1347530,2021-12-20,000001,Vente,249000,4,,ALL LA BRUYERE,1557,78000,78646,Versailles,78,,,78646000AO0205,,,1367,57.76,1567,,,,,,,,2,3,Dépendance,,0,,,,,,2.146857,48.813978
2021-1347530,2021-12-20,000001,Vente,249000,4,,ALL LA BRUYERE,1557,78000,78646,Versailles,78,,,78646000AO0205,,,1367,57.76,1567,,,,,,,,2,2,Appartement,60,2,,,,,,2.146857,48.813978
2021-1347530,2021-12-20,000001,Vente,249000,1,,ALL LA BRUYERE,1557,78000,78646,Versailles,78,,,78646000AO0205,,,1841,,,,,,,,,,1,3,Dépendance,,0,,,,,,2.146857,48.813978
2021-1347544,2021-12-17,000001,Vente,8500,24,,RUE DE NOAILLES,2050,78000,78646,Versailles,78,,,78646000BR0135,,,1,,,,,,,,,,1,3,Dépendance,,0,,,,,,2.132441,48.797412
2021-1347616,2021-12-07,000001,Vente,160000,39,,RUE DE VERGENNES,3150,78000,78646,Versailles,78,,,78646000BN0178,,,29,,9,20,,,,,,,2,2,Appartement,15,1,,,,,,2.137889,48.797558
2021-1347650,2021-11-09,000001,Vente,,50,,RUE DE LA PAROISSE,2190,78000,78646,Versailles,78,,,78646000AE0215,,,31,,36,,,,,,,,2,3,Dépendance,,0,,,,,,2.129508,48.806878
2021-1347650,2021-11-09,000001,Vente,,50,,RUE DE LA PAROISSE,2190,78000,78646,Versailles,78,,,78646000AE0215,,,31,,36,,,,,,,,2,2,Appartement,115,6,,,,,,2.129508,48.806878
2021-1347700,2021-12-15,000001,Vente,285000,29,,RUE DE L ORANGERIE,2110,78000,78646,Versailles,78,,,78646000AH0119,,,1,,,,,,,,,,1,4,Local industriel. commercial ou assimilé,50,0,,,,,,2.123445,48.800178
2021-1347714,2021-12-22,000001,Vente,1345000,85,,AV DE SAINT CLOUD,2730,78000,78646,Versailles,78,,,78646000AI0234,,,16,,,,,,,,,,1,3,Dépendance,,0,,,,,,2.138776,48.806157
2021-1347714,2021-12-22,000001,Vente,1345000,85,,AV DE SAINT CLOUD,2730,78000,78646,Versailles,78,,,78646000AI0234,,,28,,54,,,,,,,,2,2,Appartement,160,5,,,,,,2.138776,48.806157
2021-1347714,2021-12-22,000001,Vente,1345000,85,,AV DE SAINT CLOUD,2730,78000,78646,Versailles,78,,,78646000AI0234,,,28,,54,,,,,,,,2,3,Dépendance,,0,,,,,,2.138776,48.806157
2021-1347714,2021-12-22,000001,Vente,1345000,85,,AV DE SAINT CLOUD,2730,78000,78646,Versailles,78,,,78646000AI0234,,,28,,54,,,,,,,,2,3,Dépendance,,0,,,,,,2.138776,48.806157
2021-1347726,2021-12-17,000001,Vente,18000,1,,RUE DE L ORIENT,2130,78000,78646,Versailles,78,,,78646000BT0051,,,136,,,,,,,,,,1,3,Dépendance,,0,,,,,,2.127735,48.797144
2021-1347729,2021-12-17,000001,Vente,27500,6,,RUE DU GENERAL PERSHING,1170,78000,78646,Versailles,78,,,78646000AS0051,,,1242,,,,,,,,,,1,3,Dépendance,,0,,,,,,2.152002,48.812811
2021-1347774,2021-12-08,000001,Vente,675650,23,,RUE HENRI SIMON,1330,78000,78646,Versailles,78,,,78646000AX0116,,,23,,4,88.92,,,,,,,2,2,Appartement,81,5,,,,,,2.148304,48.806521
2021-1347774,2021-12-08,000001,Vente,675650,23,,RUE HENRI SIMON,1330,78000,78646,Versailles,78,,,78646000AX0116,,,23,,4,88.92,,,,,,,2,3,Dépendance,,0,,,,,,2.148304,48.806521
2021-1347774,2021-12-08,000001,Vente,675650,23,,RUE HENRI SIMON,1330,78000,78646,Versailles,78,,,78646000AX0116,,,16,,,,,,,,,,1,3,Dépendance,,0,,,,,,2.148304,48.806521
2021-1347793,2021-12-16,000001,Vente,396500,2,,RUE JEAN MERMOZ,1460,78000,78646,Versailles,78,,,78646000BN0167,,,654,,,,,,,,,,1,3,Dépendance,,0,,,,,,2.142752,48.797871
2021-1347793,2021-12-16,000001,Vente,396500,2,,RUE JEAN MERMOZ,1460,78000,78646,Versailles,78,,,78646000BN0167,,,306,64.97,742,,,,,,,,2,2,Appartement,64,3,,,,,,2.142752,48.797871
2021-1347793,2021-12-16,000001,Vente,396500,2,,RUE JEAN MERMOZ,1460,78000,78646,Versailles,78,,,78646000BN0167,,,306,64.97,742,,,,,,,,2,3,Dépendance,,0,,,,,,2.142752,48.797871
2021-1347797,2021-12-22,000001,Vente,327600,2,,RUE DE VERGENNES,3150,78000,78646,Versailles,78,,,78646000BR0095,,,14,42.34,43,,,,,,,,2,2,Appartement,47,2,,,,,,2.137555,48.799509
2021-1347797,2021-12-22,000001,Vente,327600,2,,RUE DE VERGENNES,3150,78000,78646,Versailles,78,,,78646000BR0095,,,14,42.34,43,,,,,,,,2,3,Dépendance,,0,,,,,,2.137555,48.799509
2021-1347798,2021-12-21,000001,Vente,532960,5,,RUE DE L ECOLE DES POSTES,0850,78000,78646,Versailles,78,,,78646000AZ0110,,,2650,,,,,,,,,,1,3,Dépendance,,0,,,,,,2.158672,48.8041
2021-1347798,2021-12-21,000001,Vente,532960,2,,ALL DES CHEVALIERS,0570,78000,78646,Versailles,78,,,78646000AZ0110,,,300,,315,118.13,,,,,,,2,3,Dépendance,,0,,,,,,2.158672,48.8041
2021-1347798,2021-12-21,000001,Vente,532960,2,,ALL DES CHEVALIERS,0570,78000,78646,Versailles,78,,,78646000AZ0110,,,300,,315,118.13,,,,,,,2,2,Appartement,119,5,,,,,,2.158672,48.8041
2021-1347802,2021-12-20,000001,Vente,390000,71,,RUE ROYALE,2648,78000,78646,Versailles,78,,,78646000BT0122,,,10,63,,,,,,,,,1,2,Appartement,40,3,,,,,,2.126128,48.796183
2021-1347808,2021-12-20,000001,Vente,1414500,85,,AV DE SAINT CLOUD,2730,78000,78646,Versailles,78,,,78646000AI0234,,,29,,58,151.68,,,,,,,2,3,Dépendance,,0,,,,,,2.138776,48.806157
2021-1347808,2021-12-20,000001,Vente,1414500,85,,AV DE SAINT CLOUD,2730,78000,78646,Versailles,78,,,78646000AI0234,,,29,,58,151.68,,,,,,,2,2,Appartement,160,6,,,,,,2.138776,48.806157
2021-1347808,2021-12-20,000001,Vente,1414500,85,,AV DE SAINT CLOUD,2730,78000,78646,Versailles,78,,,78646000AI0234,,,17,151.68,,,,,,,,,1,3,Dépendance,,0,,,,,,2.138776,48.806157
2021-1347830,2021-12-17,000001,Vente,334650,34,,RUE DU GENERAL LECLERC,1145,78000,78646,Versailles,78,,,78646000BV0086,,,17,37.77,,,,,,,,,1,2,Appartement,36,2,,,,,,2.127122,48.798687
2021-1347842,2021-12-15,000001,Vente,620,11,,RUE DU GENERAL LECLERC,1145,78000,78646,Versailles,78,,,78646000AH0163,,,48,,,,,,,,,,1,3,Dépendance,,0,,,,,,2.125764,48.799608
2021-1347842,2021-12-15,000001,Vente,620,11,,RUE DU GENERAL LECLERC,1145,78000,78646,Versailles,78,,,78646000AH0163,,,47,,,,,,,,,,1,3,Dépendance,,0,,,,,,2.125764,48.799608
2021-1347851,2021-12-17,000001,Vente en l'état futur d'achèvement,466652.34,104,,AV DE PARIS,2180,78000,78646,Versailles,78,,,78646000BK0019,,,83,,,,,,,,,,1,,,,,,,,,,2.150393,48.797197
2021-1347851,2021-12-17,000001,Vente en l'état futur d'achèvement,466652.34,104,,AV DE PARIS,2180,78000,78646,Versailles,78,,,78646000BK0019,,,113,,,,,,,,,,1,,,,,,,,,,2.150393,48.797197
2021-1347851,2021-12-17,000001,Vente en l'état futur d'achèvement,466652.34,104,,AV DE PARIS,2180,78000,78646,Versailles,78,,,78646000BK0019,,,105,,,,,,,,,,1,,,,,,,,,,2.150393,48.797197
2021-1347851,2021-12-17,000001,Vente en l'état futur d'achèvement,466652.34,104,,AV DE PARIS,2180,78000,78646,Versailles,78,,,78646000BK0019,,,107,,,,,,,,,,1,,,,,,,,,,2.150393,48.797197
2021-1347851,2021-12-17,000001,Vente en l'état futur d'achèvement,466652.34,104,,AV DE PARIS,2180,78000,78646,Versailles,78,,,78646000BK0019,,,110,,,,,,,,,,1,,,,,,,,,,2.150393,48.797197
2021-1347851,2021-12-17,000001,Vente en l'état futur d'achèvement,466652.34,104,,AV DE PARIS,2180,78000,78646,Versailles,78,,,78646000BK0019,,,111,,,,,,,,,,1,,,,,,,,,,2.150393,48.797197
2021-1347851,2021-12-17,000001,Vente en l'état futur d'achèvement,466652.34,104,,AV DE PARIS,2180,78000,78646,Versailles,78,,,78646000BK0019,,,23,,,,,,,,,,1,,,,,,,,,,2.150393,48.797197
2021-1347851,2021-12-17,000001,Vente en l'état futur d'achèvement,466652.34,104,,AV DE PARIS,2180,78000,78646,Versailles,78,,,78646000BK0019,,,24,,,,,,,,,,1,,,,,,,,,,2.150393,48.797197
2021-1347851,2021-12-17,000001,Vente en l'état futur d'achèvement,466652.34,104,,AV DE PARIS,2180,78000,78646,Versailles,78,,,78646000BK0019,,,27,,,,,,,,,,1,,,,,,,,,,2.150393,48.797197
2021-1347851,2021-12-17,000001,Vente en l'état futur d'achèvement,466652.34,104,,AV DE PARIS,2180,78000,78646,Versailles,78,,,78646000BK0019,,,28,,,,,,,,,,1,,,,,,,,,,2.150393,48.797197
2021-1347851,2021-12-17,000001,Vente en l'état futur d'achèvement,466652.34,104,,AV DE PARIS,2180,78000,78646,Versailles,78,,,78646000BK0019,,,31,,,,,,,,,,1,,,,,,,,,,2.150393,48.797197
2021-1347851,2021-12-17,000001,Vente en l'état futur d'achèvement,466652.34,104,,AV DE PARIS,2180,78000,78646,Versailles,78,,,78646000BK0019,,,36,,,,,,,,,,1,,,,,,,,,,2.150393,48.797197
2021-1347851,2021-12-17,000001,Vente en l'état futur d'achèvement,466652.34,104,,AV DE PARIS,2180,78000,78646,Versailles,78,,,78646000BK0019,,,45,,,,,,,,,,1,,,,,,,,,,2.150393,48.797197
2021-1347851,2021-12-17,000001,Vente en l'état futur d'achèvement,466652.34,104,,AV DE PARIS,2180,78000,78646,Versailles,78,,,78646000BK0019,,,48,,,,,,,,,,1,,,,,,,,,,2.150393,48.797197
2021-1347851,2021-12-17,000001,Vente en l'état futur d'achèvement,466652.34,104,,AV DE PARIS,2180,78000,78646,Versailles,78,,,78646000BK0019,,,64,,,,,,,,,,1,,,,,,,,,,2.150393,48.797197
2021-1347851,2021-12-17,000001,Vente en l'état futur d'achèvement,466652.34,104,,AV DE PARIS,2180,78000,78646,Versailles,78,,,78646000BK0019,,,98,,,,,,,,,,1,,,,,,,,,,2.150393,48.797197
2021-1347852,2021-12-17,000002,Vente en l'état futur d'achèvement,264972.72,104,,AV DE PARIS,2180,78000,78646,Versailles,78,,,78646000BK0019,,,23,,,,,,,,,,1,,,,,,,,,,2.150393,48.797197
2021-1347852,2021-12-17,000002,Vente en l'état futur d'achèvement,264972.72,104,,AV DE PARIS,2180,78000,78646,Versailles,78,,,78646000BK0019,,,113,,,,,,,,,,1,,,,,,,,,,2.150393,48.797197
2021-1347852,2021-12-17,000002,Vente en l'état futur d'achèvement,264972.72,104,,AV DE PARIS,2180,78000,78646,Versailles,78,,,78646000BK0019,,,111,,,,,,,,,,1,,,,,,,,,,2.150393,48.797197
2021-1347852,2021-12-17,000002,Vente en l'état futur d'achèvement,264972.72,104,,AV DE PARIS,2180,78000,78646,Versailles,78,,,78646000BK0019,,,110,,,,,,,,,,1,,,,,,,,,,2.150393,48.797197
2021-1347852,2021-12-17,000002,Vente en l'état futur d'achèvement,264972.72,104,,AV DE PARIS,2180,78000,78646,Versailles,78,,,78646000BK0019,,,107,,,,,,,,,,1,,,,,,,,,,2.150393,48.797197
2021-1347852,2021-12-17,000002,Vente en l'état futur d'achèvement,264972.72,104,,AV DE PARIS,2180,78000,78646,Versailles,78,,,78646000BK0019,,,105,,,,,,,,,,1,,,,,,,,,,2.150393,48.797197
2021-1347852,2021-12-17,000002,Vente en l'état futur d'achèvement,264972.72,104,,AV DE PARIS,2180,78000,78646,Versailles,78,,,78646000BK0019,,,31,,,,,,,,,,1,,,,,,,,,,2.150393,48.797197
2021-1347852,2021-12-17,000002,Vente en l'état futur d'achèvement,264972.72,104,,AV DE PARIS,2180,78000,78646,Versailles,78,,,78646000BK0019,,,36,,,,,,,,,,1,,,,,,,,,,2.150393,48.797197
2021-1347852,2021-12-17,000002,Vente en l'état futur d'achèvement,264972.72,104,,AV DE PARIS,2180,78000,78646,Versailles,78,,,78646000BK0019,,,45,,,,,,,,,,1,,,,,,,,,,2.150393,48.797197
2021-1347852,2021-12-17,000002,Vente en l'état futur d'achèvement,264972.72,104,,AV DE PARIS,2180,78000,78646,Versailles,78,,,78646000BK0019,,,48,,,,,,,,,,1,,,,,,,,,,2.150393,48.797197
2021-1347852,2021-12-17,000002,Vente en l'état futur d'achèvement,264972.72,104,,AV DE PARIS,2180,78000,78646,Versailles,78,,,78646000BK0019,,,64,,,,,,,,,,1,,,,,,,,,,2.150393,48.797197
2021-1347852,2021-12-17,000002,Vente en l'état futur d'achèvement,264972.72,104,,AV DE PARIS,2180,78000,78646,Versailles,78,,,78646000BK0019,,,83,,,,,,,,,,1,,,,,,,,,,2.150393,48.797197
2021-1347852,2021-12-17,000002,Vente en l'état futur d'achèvement,264972.72,104,,AV DE PARIS,2180,78000,78646,Versailles,78,,,78646000BK0019,,,28,,,,,,,,,,1,,,,,,,,,,2.150393,48.797197
2021-1347852,2021-12-17,000002,Vente en l'état futur d'achèvement,264972.72,104,,AV DE PARIS,2180,78000,78646,Versailles,78,,,78646000BK0019,,,27,,,,,,,,,,1,,,,,,,,,,2.150393,48.797197
2021-1347852,2021-12-17,000002,Vente en l'état futur d'achèvement,264972.72,104,,AV DE PARIS,2180,78000,78646,Versailles,78,,,78646000BK0019,,,24,,,,,,,,,,1,,,,,,,,,,2.150393,48.797197
2021-1347852,2021-12-17,000002,Vente en l'état futur d'achèvement,264972.72,104,,AV DE PARIS,2180,78000,78646,Versailles,78,,,78646000BK0019,,,98,,,,,,,,,,1,,,,,,,,,,2.150393,48.797197
2021-1347866,2021-12-21,000001,Vente en l'état futur d'achèvement,184000,104,,AV DE PARIS,2180,78000,78646,Versailles,78,,,78646000BK0019,,,18,,,,,,,,,,1,,,,,,,,,,2.150393,48.797197
2021-1347867,2021-12-20,000001,Vente,30000,28,,RUE DE LA PAROISSE,2190,78000,78646,Versailles,78,,,78646000AE0188,,,11,30,12,,,,,,,,2,3,Dépendance,,0,,,,,,2.127676,48.807526
2021-1347877,2021-12-16,000001,Vente,480000,9,B,RUE MONTBAURON,1970,78000,78646,Versailles,78,,,78646000AI0069,,,24,,29,,6,64.89,,,,,3,2,Appartement,63,3,,,,,,2.134836,48.8036
2021-1347877,2021-12-16,000001,Vente,480000,9,B,RUE MONTBAURON,1970,78000,78646,Versailles,78,,,78646000AI0069,,,24,,29,,6,64.89,,,,,3,3,Dépendance,,0,,,,,,2.134836,48.8036
2021-1347877,2021-12-16,000001,Vente,480000,9,B,RUE MONTBAURON,1970,78000,78646,Versailles,78,,,78646000AI0069,,,24,,29,,6,64.89,,,,,3,3,Dépendance,,0,,,,,,2.134836,48.8036
2021-1347877,2021-12-16,000001,Vente,480000,6,,RUE MONTBAURON,1970,78000,78646,Versailles,78,,,78646000BP0027,,,36,,,,,,,,,,1,3,Dépendance,,0,,,,,,2.135298,48.802989
2021-1347884,2021-12-06,000001,Vente,699000,21,,RUE JOUVENCEL,1520,78000,78646,Versailles,78,,,78646000AI0029,,,17,,23,,,,,,,,2,2,Appartement,90,4,,,,,,2.134246,48.803041
2021-1347884,2021-12-06,000001,Vente,699000,21,,RUE JOUVENCEL,1520,78000,78646,Versailles,78,,,78646000AI0029,,,17,,23,,,,,,,,2,3,Dépendance,,0,,,,,,2.134246,48.803041
2021-1347884,2021-12-06,000002,Vente,699000,21,,RUE JOUVENCEL,1520,78000,78646,Versailles,78,,,78646000AI0029,,,17,,23,98.19,,,,,,,2,3,Dépendance,,0,,,,,,2.134246,48.803041
2021-1347884,2021-12-06,000002,Vente,699000,21,,RUE JOUVENCEL,1520,78000,78646,Versailles,78,,,78646000AI0029,,,17,,23,98.19,,,,,,,2,2,Appartement,90,4,,,,,,2.134246,48.803041
2021-1347898,2021-12-07,000001,Vente,403200,6,,RUE DELAUNAY,0760,78000,78646,Versailles,78,,,78646000AC0044,,,4,53.83,,,,,,,,,1,3,Dépendance,,0,,,,,,2.123491,48.815558
2021-1347898,2021-12-07,000001,Vente,403200,6,,RUE DELAUNAY,0760,78000,78646,Versailles,78,,,78646000AC0044,,,4,53.83,,,,,,,,,1,2,Appartement,51,3,,,,,,2.123491,48.815558
2021-1347903,2021-12-17,000001,Vente,257600,16,,RUE HOCHE,1350,78000,78646,Versailles,78,,,78646000AE0218,,,43,29.37,,,,,,,,,1,2,Appartement,32,1,,,,,,2.128837,48.806684
2021-1347911,2021-12-23,000001,Vente,35000,139,,BD DE LA REINE,2520,78000,78646,Versailles,78,,,78646000AR0089,,,103,,,,,,,,,,1,3,Dépendance,,0,,,,,,2.141375,48.808686
2021-1347919,2021-12-17,000001,Vente,1470300,10,,RUE DE L ERMITAGE,0940,78000,78646,Versailles,78,,,78646000AC0314,,,257,,283,,,,,,,,2,2,Appartement,145,6,,,,,,2.123933,48.814609
2021-1347919,2021-12-17,000001,Vente,1470300,10,,RUE DE L ERMITAGE,0940,78000,78646,Versailles,78,,,78646000AC0314,,,67,,,,,,,,,,1,3,Dépendance,,0,,,,,,2.123933,48.814609
2021-1347919,2021-12-17,000001,Vente,1470300,10,,RUE DE L ERMITAGE,0940,78000,78646,Versailles,78,,,78646000AC0314,,,257,,283,,,,,,,,2,3,Dépendance,,0,,,,,,2.123933,48.814609
2021-1347919,2021-12-17,000001,Vente,1470300,10,,RUE DE L ERMITAGE,0940,78000,78646,Versailles,78,,,78646000AC0314,,,257,,283,,,,,,,,2,3,Dépendance,,0,,,,,,2.123933,48.814609
2021-1347922,2021-12-14,000001,Vente,800000,23,,RUE DE LA PAROISSE,2190,78000,78646,Versailles,78,,,78646000AE0146,,,13,,2,,,,,,,,2,4,Local industriel. commercial ou assimilé,42,0,,,,,,2.127836,48.808069
2021-1347925,2021-12-14,000001,Vente,258000,1,,PROM MONA LISA,1965,78000,78646,Versailles,78,,,78646000AZ0110,,,2565,,2612,,,,,,,,2,2,Appartement,51,2,,,,,,2.158672,48.8041
2021-1347925,2021-12-14,000001,Vente,258000,5,,RUE DE L ECOLE DES POSTES,0850,78000,78646,Versailles,78,,,78646000AZ0110,,,2496,,,,,,,,,,1,3,Dépendance,,0,,,,,,2.158672,48.8041
2021-1347925,2021-12-14,000001,Vente,258000,1,,PROM MONA LISA,1965,78000,78646,Versailles,78,,,78646000AZ0110,,,2565,,2612,,,,,,,,2,3,Dépendance,,0,,,,,,2.158672,48.8041
2021-1347948,2021-12-15,000001,Vente,360000,59,,AV DES ETATS UNIS,0990,78000,78646,Versailles,78,,,78646000AS0054,,,267,,,,,,,,,,1,3,Dépendance,,0,,,,,,2.152632,48.814149
2021-1347948,2021-12-15,000001,Vente,360000,59,,AV DES ETATS UNIS,0990,78000,78646,Versailles,78,,,78646000AS0054,,,126,67.38,,,,,,,,,1,2,Appartement,65,4,,,,,,2.152632,48.814149
2021-1347949,2021-12-15,000001,Vente,472350,10,,RUE CHAMP LAGARDE,0490,78000,78646,Versailles,78,,,78646000BO0005,,,34,70.3,56,,,,,,,,2,3,Dépendance,,0,,,,,,2.142419,48.800262
2021-1347949,2021-12-15,000001,Vente,472350,10,,RUE CHAMP LAGARDE,0490,78000,78646,Versailles,78,,,78646000BO0005,,,18,,,,,,,,,,1,3,Dépendance,,0,,,,,,2.142419,48.800262
2021-1347949,2021-12-15,000001,Vente,472350,10,,RUE CHAMP LAGARDE,0490,78000,78646,Versailles,78,,,78646000BO0005,,,34,70.3,56,,,,,,,,2,2,Appartement,71,3,,,,,,2.142419,48.800262
2021-1347959,2021-12-21,000001,Vente,570700,42,,RUE COSTE,0730,78000,78646,Versailles,78,,,78646000BE0071,,,,,,,,,,,,,0,1,Maison,125,4,S,sols,,,243,2.1574,48.793785
2021-1347967,2021-12-23,000001,Vente,420000,34,T,RUE DE L ERMITAGE,0940,78000,78646,Versailles,78,,,78646000AB0033,,,15,,,,,,,,,,1,3,Dépendance,,0,,,,,,2.121478,48.816804
2021-1347967,2021-12-23,000001,Vente,420000,34,T,RUE DE L ERMITAGE,0940,78000,78646,Versailles,78,,,78646000AB0033,,,23,,31,63.26,,,,,,,2,2,Appartement,55,2,,,,,,2.121478,48.816804
2021-1347967,2021-12-23,000001,Vente,420000,34,T,RUE DE L ERMITAGE,0940,78000,78646,Versailles,78,,,78646000AB0033,,,23,,31,63.26,,,,,,,2,3,Dépendance,,0,,,,,,2.121478,48.816804
2021-1348041,2021-12-15,000001,Vente,1039300,18,,RUE LOUIS HAUSSMANN,1679,78000,78646,Versailles,78,,,78646000AS0058,,,15,,,,,,,,,,1,3,Dépendance,,0,,,,,,2.146314,48.810582
2021-1348041,2021-12-15,000001,Vente,1039300,18,,RUE LOUIS HAUSSMANN,1679,78000,78646,Versailles,78,,,78646000AS0058,,,49,,,,,,,,,,1,2,Appartement,120,5,,,,,,2.146314,48.810582
2021-1348041,2021-12-15,000001,Vente,1039300,18,,RUE LOUIS HAUSSMANN,1679,78000,78646,Versailles,78,,,78646000AS0058,,,11,,12,,,,,,,,2,3,Dépendance,,0,,,,,,2.146314,48.810582
2021-1348042,2021-12-10,000001,Vente,502500,17,,RUE DU GENERAL LECLERC,1145,78000,78646,Versailles,78,,,78646000AH0166,,,2,,,,,,,,,,1,3,Dépendance,,0,,,,,,2.126131,48.799309
2021-1348042,2021-12-10,000001,Vente,502500,17,,RUE DU GENERAL LECLERC,1145,78000,78646,Versailles,78,,,78646000AH0166,,,2,,,,,,,,,,1,2,Appartement,60,2,,,,,,2.126131,48.799309
2021-1348063,2021-12-22,000001,Vente,652400,11,,RUE SAINT LOUIS,2810,78000,78646,Versailles,78,,,78646000BV0185,,,12,74.75,14,,7,74.75,,,,,3,2,Appartement,79,4,,,,,,2.124529,48.795589
2021-1348063,2021-12-22,000001,Vente,652400,11,,RUE SAINT LOUIS,2810,78000,78646,Versailles,78,,,78646000BV0185,,,12,74.75,14,,7,74.75,,,,,3,3,Dépendance,,0,,,,,,2.124529,48.795589
2021-1348063,2021-12-22,000001,Vente,652400,11,,RUE SAINT LOUIS,2810,78000,78646,Versailles,78,,,78646000BV0185,,,12,74.75,14,,7,74.75,,,,,3,3,Dépendance,,0,,,,,,2.124529,48.795589
2021-1348077,2021-12-21,000001,Vente,11500,24,,RUE DE NOAILLES,2050,78000,78646,Versailles,78,,,78646000BR0135,,,4,,,,,,,,,,1,3,Dépendance,,0,,,,,,2.132441,48.797412
2021-1348125,2021-12-10,000001,Vente,257000,6,,RUE DE L OCCIDENT,2100,78000,78646,Versailles,78,,,78646000BV0111,,,16,32.14,36,,,,,,,,2,2,Appartement,32,1,,,,,,2.125437,48.797654
2021-1348125,2021-12-10,000001,Vente,257000,6,,RUE DE L OCCIDENT,2100,78000,78646,Versailles,78,,,78646000BV0111,,,16,32.14,36,,,,,,,,2,3,Dépendance,,0,,,,,,2.125437,48.797654
2021-1348137,2021-12-17,000001,Vente,855400,10,,RUE RAMEAU,2490,78000,78646,Versailles,78,,,78646000AE0092,,,4,99.42,,,,,,,,,1,2,Appartement,100,4,,,,,,2.131313,48.807858
2021-1348146,2021-12-20,000001,Vente,700000,23,,RUE DU REFUGE,2510,78000,78646,Versailles,78,,,78646000AX0339,,,18,78.16,,,,,,,,,1,2,Appartement,78,3,,,,,,2.144251,48.804411
2021-1348146,2021-12-20,000001,Vente,700000,23,,RUE DU REFUGE,2510,78000,78646,Versailles,78,,,78646000AX0339,,,168,,,,,,,,,,1,3,Dépendance,,0,,,,,,2.144251,48.804411
2021-1348146,2021-12-20,000001,Vente,700000,23,,RUE DU REFUGE,2510,78000,78646,Versailles,78,,,78646000AX0339,,,231,,,,,,,,,,1,3,Dépendance,,0,,,,,,2.144251,48.804411
2021-1348164,2021-12-21,000001,Vente,25000,27,,RUE DE LA CEINTURE,0460,78000,78646,Versailles,78,,,78646000AV0078,,,49,,,,,,,,,,1,3,Dépendance,,0,,,,,,2.153491,48.808977
2021-1348215,2021-12-08,000001,Vente,744500,41,,AV DE PARIS,2180,78000,78646,Versailles,78,,,78646000BP0138,,,4,,98,105.29,,,,,,,2,2,Appartement,107,4,,,,,,2.139184,48.800518
2021-1348215,2021-12-08,000001,Vente,744500,41,,AV DE PARIS,2180,78000,78646,Versailles,78,,,78646000BP0138,,,49,,,,,,,,,,1,3,Dépendance,,0,,,,,,2.139184,48.800518
2021-1348215,2021-12-08,000001,Vente,744500,41,,AV DE PARIS,2180,78000,78646,Versailles,78,,,78646000BP0138,,,4,,98,105.29,,,,,,,2,3,Dépendance,,0,,,,,,2.139184,48.800518
2021-1348247,2021-12-17,000001,Vente,1290000,18,,RUE DE L OCCIDENT,2100,78000,78646,Versailles,78,,,78646000BV0158,,,19,160.58,27,,42,,,,,,3,2,Appartement,170,8,,,,,,2.124881,48.796607
2021-1348247,2021-12-17,000001,Vente,1290000,18,,RUE DE L OCCIDENT,2100,78000,78646,Versailles,78,,,78646000BV0158,,,19,160.58,27,,42,,,,,,3,3,Dépendance,,0,,,,,,2.124881,48.796607
2021-1348247,2021-12-17,000001,Vente,1290000,18,,RUE DE L OCCIDENT,2100,78000,78646,Versailles,78,,,78646000BV0158,,,19,160.58,27,,42,,,,,,3,3,Dépendance,,0,,,,,,2.124881,48.796607
2021-1348247,2021-12-17,000001,Vente,1290000,18,,RUE DE L OCCIDENT,2100,78000,78646,Versailles,78,,,78646000BV0158,,,19,160.58,27,,42,,,,,,3,3,Dépendance,,0,,,,,,2.124881,48.796607
2021-1348254,2021-12-28,000001,Vente,241980,9,B,RUE JEAN DE LA BRUYERE,1560,78000,78646,Versailles,78,,,78646000AO0205,,,1041,,1141,,,,,,,,2,3,Dépendance,,0,,,,,,2.146857,48.813978
2021-1348254,2021-12-28,000001,Vente,241980,1,,ALL LA BRUYERE,1557,78000,78646,Versailles,78,,,78646000AO0205,,,1816,,,,,,,,,,1,3,Dépendance,,0,,,,,,2.146857,48.813978
2021-1348254,2021-12-28,000001,Vente,241980,9,B,RUE JEAN DE LA BRUYERE,1560,78000,78646,Versailles,78,,,78646000AO0205,,,1041,,1141,,,,,,,,2,2,Appartement,30,1,,,,,,2.146857,48.813978
2021-1348254,2021-12-28,000001,Vente,241980,9,B,RUE JEAN DE LA BRUYERE,1560,78000,78646,Versailles,78,,,78646000AO0205,,,1041,,1141,,,,,,,,2,3,Dépendance,,0,,,,,,2.146857,48.813978
2021-1348255,2021-12-30,000001,Vente,230000,65,,RUE DE LA PAROISSE,2190,78000,78646,Versailles,78,,,78646000AI0185,,,2,,21,,,,,,,,2,4,Local industriel. commercial ou assimilé,40,0,,,,,,2.134013,48.806671
2021-1348261,2021-12-20,000001,Vente,451700,9,,RUE DE SATORY,2950,78000,78646,Versailles,78,,,78646000AH0148,,,14,,,,,,,,,,1,2,Appartement,44,2,,,,,,2.12543,48.800683
2021-1348261,2021-12-20,000001,Vente,451700,9,,RUE DE SATORY,2950,78000,78646,Versailles,78,,,78646000AH0148,,,14,,,,,,,,,,1,3,Dépendance,,0,,,,,,2.12543,48.800683
2021-1348289,2021-12-14,000001,Vente,8000,3,,RUE DE L ECOLE DES POSTES,0850,78000,78646,Versailles,78,,,78646000AZ0110,,,2188,,,,,,,,,,1,3,Dépendance,,0,,,,,,2.158672,48.8041
2021-1348289,2021-12-14,000001,Vente,8000,3,,RUE DE L ECOLE DES POSTES,0850,78000,78646,Versailles,78,,,78646000AZ0110,,,2189,,,,,,,,,,1,3,Dépendance,,0,,,,,,2.158672,48.8041
2021-1348289,2021-12-14,000001,Vente,8000,3,,RUE DE L ECOLE DES POSTES,0850,78000,78646,Versailles,78,,,78646000AZ0110,,,2187,,,,,,,,,,1,3,Dépendance,,0,,,,,,2.158672,48.8041
2021-1348334,2021-12-28,000001,Vente,308404,86,,RUE D ANJOU,0190,78000,78646,Versailles,78,,,78646000BT0080,,,29,,7,48.8,,,,,,,2,2,Appartement,50,2,,,,,,2.12952,48.795748
2021-1348334,2021-12-28,000001,Vente,308404,86,,RUE D ANJOU,0190,78000,78646,Versailles,78,,,78646000BT0080,,,14,,,,,,,,,,1,3,Dépendance,,0,,,,,,2.12952,48.795748
2021-1348336,2021-12-29,000001,Vente,50000,27,,RUE HOCHE,1350,78000,78646,Versailles,78,,,78646000AE0207,,,36,8.14,,,,,,,,,1,3,Dépendance,,0,,,,,,2.128291,48.807391
2021-1348347,2021-12-17,000001,Vente,33125,35,B,RUE DU MARECHAL GALLIENI,1812,78000,78646,Versailles,78,,,78646000AC0315,,,206,,,,,,,,,,1,2,Appartement,39,1,,,,,,2.123552,48.81207
2021-1348347,2021-12-17,000001,Vente,33125,35,B,RUE DU MARECHAL GALLIENI,1812,78000,78646,Versailles,78,,,78646000AC0315,,,519,,,,,,,,,,1,3,Dépendance,,0,,,,,,2.123552,48.81207
2021-1348347,2021-12-17,000001,Vente,33125,35,B,RUE DU MARECHAL GALLIENI,1812,78000,78646,Versailles,78,,,78646000AC0315,,,206,,,,,,,,,,1,3,Dépendance,,0,,,,,,2.123552,48.81207
2021-1348372,2021-12-22,000001,Vente,225000,2,,RUE DE LA CATHEDRALE,0450,78000,78646,Versailles,78,,,78646000BV0055,,,77,27,,,,,,,,,1,2,Appartement,101,4,,,,,,2.124573,48.799308
2021-1348378,2021-12-20,000001,Vente,537777,5,,RUE DE LA PAROISSE,2190,78000,78646,Versailles,78,,,78646000AE0164,,,11,,9,,,,,,,,2,2,Appartement,64,3,,,,,,2.125493,48.808632
2021-1348378,2021-12-20,000001,Vente,537777,5,,RUE DE LA PAROISSE,2190,78000,78646,Versailles,78,,,78646000AE0164,,,11,,9,,,,,,,,2,3,Dépendance,,0,,,,,,2.125493,48.808632
2021-1348390,2021-12-29,000001,Vente,198000,27,,RUE COSTE,0730,78000,78646,Versailles,78,,,78646000BE0086,,,33,,40,,55,35.45,,,,,3,2,Appartement,40,2,,,,,,2.157108,48.794575
2021-1348407,2021-12-29,000001,Vente,606602,5,,RUE DE L ECOLE DES POSTES,0850,78000,78646,Versailles,78,,,78646000AZ0110,,,931,,,,,,,,,,1,3,Dépendance,,0,,,,,,2.158672,48.8041
2021-1348407,2021-12-29,000001,Vente,606602,7,,AV DE LA TRANQUILLITE,3055,78000,78646,Versailles,78,,,78646000AZ0110,,,619,,838,,,,,,,,2,2,Appartement,117,5,,,,,,2.158672,48.8041
2021-1348407,2021-12-29,000001,Vente,606602,7,,AV DE LA TRANQUILLITE,3055,78000,78646,Versailles,78,,,78646000AZ0110,,,619,,838,,,,,,,,2,3,Dépendance,,0,,,,,,2.158672,48.8041
2021-1348413,2021-12-29,000001,Vente,506000,89,,RUE ROYALE,2648,78000,78646,Versailles,78,,,78646000BW0294,,,11,,3,,7,,,,,,3,3,Dépendance,,0,,,,,,2.124915,48.794192
2021-1348413,2021-12-29,000001,Vente,506000,89,,RUE ROYALE,2648,78000,78646,Versailles,78,,,78646000BW0294,,,28,,,,,,,,,,1,3,Dépendance,,0,,,,,,2.124915,48.794192
2021-1348413,2021-12-29,000001,Vente,506000,89,,RUE ROYALE,2648,78000,78646,Versailles,78,,,78646000BW0294,,,11,,3,,7,,,,,,3,2,Appartement,71,3,,,,,,2.124915,48.794192
2021-1348420,2021-12-28,000001,Vente,340000,7,,AV DE L AMIRAL SERRE,0150,78000,78646,Versailles,78,,,78646000AL0138,,,203,,,,,,,,,,1,3,Dépendance,,0,,,,,,2.139473,48.817747
2021-1348420,2021-12-28,000001,Vente,340000,7,,AV DE L AMIRAL SERRE,0150,78000,78646,Versailles,78,,,78646000AL0138,,,203,,,,,,,,,,1,2,Appartement,50,2,,,,,,2.139473,48.817747
2021-1348420,2021-12-28,000001,Vente,340000,7,,AV DE L AMIRAL SERRE,0150,78000,78646,Versailles,78,,,78646000AL0138,,,545,,,,,,,,,,1,3,Dépendance,,0,,,,,,2.139473,48.817747
2021-1348535,2021-12-17,000001,Vente,560000,12,,RUE D ANJOU,0190,78000,78646,Versailles,78,,,78646000BV0139,,,13,66.55,,,,,,,,,1,2,Appartement,58,2,,,,,,2.124719,48.797206
2021-1348542,2021-12-22,000001,Vente,1436750,38,,RUE DU PARC DE CLAGNY,2171,78000,78646,Versailles,78,,,78646000AP0083,,,1,183.17,10,,11,,12,,6,,5,2,Appartement,159,5,,,,,,2.141832,48.817263
2021-1348542,2021-12-22,000001,Vente,1436750,38,,RUE DU PARC DE CLAGNY,2171,78000,78646,Versailles,78,,,78646000AP0083,,,1,183.17,10,,11,,12,,6,,5,3,Dépendance,,0,,,,,,2.141832,48.817263
2021-1348542,2021-12-22,000001,Vente,1436750,38,,RUE DU PARC DE CLAGNY,2171,78000,78646,Versailles,78,,,78646000AP0083,,,6,,,,,,,,,,1,2,Appartement,20,1,,,,,,2.141832,48.817263
2021-1348550,2021-12-13,000001,Vente,440000,13,,RUE DES ETATS GENERAUX,0980,78000,78646,Versailles,78,,,78646000BR0038,,,1,70.89,,,,,,,,,1,4,Local industriel. commercial ou assimilé,71,0,,,,,,2.132793,48.800428
2021-1348569,2021-12-28,000001,Vente,305000,23,,RUE DU PONT COLBERT,2370,78000,78646,Versailles,78,,,78646000BI0301,,,176,,,,,,,,,,1,3,Dépendance,,0,,,,,,2.151121,48.788068
2021-1348569,2021-12-28,000001,Vente,305000,23,,RUE DU PONT COLBERT,2370,78000,78646,Versailles,78,,,78646000BI0301,,,108,,135,,155,,,,,,3,3,Dépendance,,0,,,,,,2.151121,48.788068
2021-1348569,2021-12-28,000001,Vente,305000,23,,RUE DU PONT COLBERT,2370,78000,78646,Versailles,78,,,78646000BI0301,,,108,,135,,155,,,,,,3,3,Dépendance,,0,,,,,,2.151121,48.788068
2021-1348569,2021-12-28,000001,Vente,305000,23,,RUE DU PONT COLBERT,2370,78000,78646,Versailles,78,,,78646000BI0301,,,108,,135,,155,,,,,,3,2,Appartement,65,3,,,,,,2.151121,48.788068
2021-1348576,2021-12-28,000001,Vente,40000,41,,RUE PIERRE CURIE,2300,78000,78646,Versailles,78,,,78646000BD0066,,,4,,,,,,,,,,1,3,Dépendance,,0,,,,,,2.157547,48.796992
2021-1348594,2021-12-09,000001,Vente,27100,8,,RUE D ANJOU,0190,78000,78646,Versailles,78,,,78646000BV0045,,,55,,56,,,,,,,,2,2,Appartement,50,2,,,,,,2.12391,48.797334
2021-1348615,2021-12-15,000001,Vente en l'état futur d'achèvement,63661916,2,,RUE PASTEUR,2210,78000,78646,Versailles,78,,,78646000AY0189,,1,,,,,,,,,,,0,,,,,,,,,,2.148601,48.800863
2021-1348615,2021-12-15,000001,Vente en l'état futur d'achèvement,63661916,2,,RUE PASTEUR,2210,78000,78646,Versailles,78,,,78646000AY0189,,10,,,,,,,,,,,0,,,,,,,,,,2.148601,48.800863
2021-1348615,2021-12-15,000001,Vente en l'état futur d'achèvement,63661916,2,,RUE PASTEUR,2210,78000,78646,Versailles,78,,,78646000AY0189,,11,,,,,,,,,,,0,,,,,,,,,,2.148601,48.800863
2021-1348615,2021-12-15,000001,Vente en l'état futur d'achèvement,63661916,2,,RUE PASTEUR,2210,78000,78646,Versailles,78,,,78646000AY0189,,12,,,,,,,,,,,0,,,,,,,,,,2.148601,48.800863
2021-1348615,2021-12-15,000001,Vente en l'état futur d'achèvement,63661916,2,,RUE PASTEUR,2210,78000,78646,Versailles,78,,,78646000AY0189,,13,,,,,,,,,,,0,,,,,,,,,,2.148601,48.800863
2021-1348615,2021-12-15,000001,Vente en l'état futur d'achèvement,63661916,2,,RUE PASTEUR,2210,78000,78646,Versailles,78,,,78646000AY0189,,14,,,,,,,,,,,0,,,,,,,,,,2.148601,48.800863
2021-1348615,2021-12-15,000001,Vente en l'état futur d'achèvement,63661916,2,,RUE PASTEUR,2210,78000,78646,Versailles,78,,,78646000AY0189,,15,,,,,,,,,,,0,,,,,,,,,,2.148601,48.800863
2021-1348615,2021-12-15,000001,Vente en l'état futur d'achèvement,63661916,2,,RUE PASTEUR,2210,78000,78646,Versailles,78,,,78646000AY0189,,16,,,,,,,,,,,0,,,,,,,,,,2.148601,48.800863
2021-1348615,2021-12-15,000001,Vente en l'état futur d'achèvement,63661916,2,,RUE PASTEUR,2210,78000,78646,Versailles,78,,,78646000AY0189,,17,,,,,,,,,,,0,,,,,,,,,,2.148601,48.800863
2021-1348615,2021-12-15,000001,Vente en l'état futur d'achèvement,63661916,2,,RUE PASTEUR,2210,78000,78646,Versailles,78,,,78646000AY0189,,18,,,,,,,,,,,0,,,,,,,,,,2.148601,48.800863
2021-1348615,2021-12-15,000001,Vente en l'état futur d'achèvement,63661916,2,,RUE PASTEUR,2210,78000,78646,Versailles,78,,,78646000AY0189,,19,,,,,,,,,,,0,,,,,,,,,,2.148601,48.800863
2021-1348615,2021-12-15,000001,Vente en l'état futur d'achèvement,63661916,2,,RUE PASTEUR,2210,78000,78646,Versailles,78,,,78646000AY0189,,2,,,,,,,,,,,0,,,,,,,,,,2.148601,48.800863
2021-1348615,2021-12-15,000001,Vente en l'état futur d'achèvement,63661916,2,,RUE PASTEUR,2210,78000,78646,Versailles,78,,,78646000AY0189,,28,,,,,,,,,,,0,,,,,,,,,,2.148601,48.800863
2021-1348615,2021-12-15,000001,Vente en l'état futur d'achèvement,63661916,2,,RUE PASTEUR,2210,78000,78646,Versailles,78,,,78646000AY0189,,3,,,,,,,,,,,0,,,,,,,,,,2.148601,48.800863
2021-1348615,2021-12-15,000001,Vente en l'état futur d'achèvement,63661916,2,,RUE PASTEUR,2210,78000,78646,Versailles,78,,,78646000AY0189,,4,,,,,,,,,,,0,,,,,,,,,,2.148601,48.800863
2021-1348615,2021-12-15,000001,Vente en l'état futur d'achèvement,63661916,2,,RUE PASTEUR,2210,78000,78646,Versailles,78,,,78646000AY0189,,5,,,,,,,,,,,0,,,,,,,,,,2.148601,48.800863
2021-1348615,2021-12-15,000001,Vente en l'état futur d'achèvement,63661916,2,,RUE PASTEUR,2210,78000,78646,Versailles,78,,,78646000AY0189,,6,,,,,,,,,,,0,,,,,,,,,,2.148601,48.800863
2021-1348615,2021-12-15,000001,Vente en l'état futur d'achèvement,63661916,2,,RUE PASTEUR,2210,78000,78646,Versailles,78,,,78646000AY0189,,7,,,,,,,,,,,0,,,,,,,,,,2.148601,48.800863
2021-1348615,2021-12-15,000001,Vente en l'état futur d'achèvement,63661916,2,,RUE PASTEUR,2210,78000,78646,Versailles,78,,,78646000AY0189,,8,,,,,,,,,,,0,,,,,,,,,,2.148601,48.800863
2021-1348615,2021-12-15,000001,Vente en l'état futur d'achèvement,63661916,2,,RUE PASTEUR,2210,78000,78646,Versailles,78,,,78646000AY0189,,9,,,,,,,,,,,0,,,,,,,,,,2.148601,48.800863
2021-1348615,2021-12-15,000001,Vente en l'état futur d'achèvement,63661916,2,,RUE PASTEUR,2210,78000,78646,Versailles,78,,,78646000AY0189,,,27094,,,,,,,,,,1,,,,,,,,,,2.148601,48.800863
2021-1348615,2021-12-15,000001,Vente en l'état futur d'achèvement,63661916,2,,RUE PASTEUR,2210,78000,78646,Versailles,78,,,78646000AY0189,,,27053,,,,,,,,,,1,,,,,,,,,,2.148601,48.800863
2021-1348615,2021-12-15,000001,Vente en l'état futur d'achèvement,63661916,2,,RUE PASTEUR,2210,78000,78646,Versailles,78,,,78646000AY0189,,,27054,,,,,,,,,,1,,,,,,,,,,2.148601,48.800863
2021-1348615,2021-12-15,000001,Vente en l'état futur d'achèvement,63661916,2,,RUE PASTEUR,2210,78000,78646,Versailles,78,,,78646000AY0189,,,27055,,,,,,,,,,1,,,,,,,,,,2.148601,48.800863
2021-1348615,2021-12-15,000001,Vente en l'état futur d'achèvement,63661916,2,,RUE PASTEUR,2210,78000,78646,Versailles,78,,,78646000AY0189,,,27056,,,,,,,,,,1,,,,,,,,,,2.148601,48.800863
2021-1348615,2021-12-15,000001,Vente en l'état futur d'achèvement,63661916,2,,RUE PASTEUR,2210,78000,78646,Versailles,78,,,78646000AY0189,,,27057,,,,,,,,,,1,,,,,,,,,,2.148601,48.800863
2021-1348615,2021-12-15,000001,Vente en l'état futur d'achèvement,63661916,2,,RUE PASTEUR,2210,78000,78646,Versailles,78,,,78646000AY0189,,,27058,,,,,,,,,,1,,,,,,,,,,2.148601,48.800863
2021-1348615,2021-12-15,000001,Vente en l'état futur d'achèvement,63661916,2,,RUE PASTEUR,2210,78000,78646,Versailles,78,,,78646000AY0189,,,27059,,,,,,,,,,1,,,,,,,,,,2.148601,48.800863
2021-1348615,2021-12-15,000001,Vente en l'état futur d'achèvement,63661916,2,,RUE PASTEUR,2210,78000,78646,Versailles,78,,,78646000AY0189,,,27060,,,,,,,,,,1,,,,,,,,,,2.148601,48.800863
2021-1348615,2021-12-15,000001,Vente en l'état futur d'achèvement,63661916,2,,RUE PASTEUR,2210,78000,78646,Versailles,78,,,78646000AY0189,,,27061,,,,,,,,,,1,,,,,,,,,,2.148601,48.800863
2021-1348615,2021-12-15,000001,Vente en l'état futur d'achèvement,63661916,2,,RUE PASTEUR,2210,78000,78646,Versailles,78,,,78646000AY0189,,,27077,,,,,,,,,,1,,,,,,,,,,2.148601,48.800863
2021-1348615,2021-12-15,000001,Vente en l'état futur d'achèvement,63661916,2,,RUE PASTEUR,2210,78000,78646,Versailles,78,,,78646000AY0189,,,27078,,,,,,,,,,1,,,,,,,,,,2.148601,48.800863
2021-1348615,2021-12-15,000001,Vente en l'état futur d'achèvement,63661916,2,,RUE PASTEUR,2210,78000,78646,Versailles,78,,,78646000AY0189,,,27079,,,,,,,,,,1,,,,,,,,,,2.148601,48.800863
2021-1348615,2021-12-15,000001,Vente en l'état futur d'achèvement,63661916,2,,RUE PASTEUR,2210,78000,78646,Versailles,78,,,78646000AY0189,,,27080,,,,,,,,,,1,,,,,,,,,,2.148601,48.800863
2021-1348615,2021-12-15,000001,Vente en l'état futur d'achèvement,63661916,2,,RUE PASTEUR,2210,78000,78646,Versailles,78,,,78646000AY0189,,,27087,,,,,,,,,,1,,,,,,,,,,2.148601,48.800863
2021-1348615,2021-12-15,000001,Vente en l'état futur d'achèvement,63661916,2,,RUE PASTEUR,2210,78000,78646,Versailles,78,,,78646000AY0189,,,27088,,,,,,,,,,1,,,,,,,,,,2.148601,48.800863
2021-1348615,2021-12-15,000001,Vente en l'état futur d'achèvement,63661916,2,,RUE PASTEUR,2210,78000,78646,Versailles,78,,,78646000AY0189,,,27089,,,,,,,,,,1,,,,,,,,,,2.148601,48.800863
2021-1348615,2021-12-15,000001,Vente en l'état futur d'achèvement,63661916,2,,RUE PASTEUR,2210,78000,78646,Versailles,78,,,78646000AY0189,,,27090,,,,,,,,,,1,,,,,,,,,,2.148601,48.800863
2021-1348615,2021-12-15,000001,Vente en l'état futur d'achèvement,63661916,2,,RUE PASTEUR,2210,78000,78646,Versailles,78,,,78646000AY0189,,,27091,,,,,,,,,,1,,,,,,,,,,2.148601,48.800863
2021-1348615,2021-12-15,000001,Vente en l'état futur d'achèvement,63661916,2,,RUE PASTEUR,2210,78000,78646,Versailles,78,,,78646000AY0189,,,27092,,,,,,,,,,1,,,,,,,,,,2.148601,48.800863
2021-1348615,2021-12-15,000001,Vente en l'état futur d'achèvement,63661916,2,,RUE PASTEUR,2210,78000,78646,Versailles,78,,,78646000AY0189,,,27093,,,,,,,,,,1,,,,,,,,,,2.148601,48.800863
2021-1348615,2021-12-15,000001,Vente en l'état futur d'achèvement,63661916,2,,RUE PASTEUR,2210,78000,78646,Versailles,78,,,78646000AY0189,,,27095,,,,,,,,,,1,,,,,,,,,,2.148601,48.800863
2021-1348615,2021-12-15,000001,Vente en l'état futur d'achèvement,63661916,2,,RUE PASTEUR,2210,78000,78646,Versailles,78,,,78646000AY0189,,,27096,,,,,,,,,,1,,,,,,,,,,2.148601,48.800863
2021-1348615,2021-12-15,000001,Vente en l'état futur d'achèvement,63661916,2,,RUE PASTEUR,2210,78000,78646,Versailles,78,,,78646000AY0189,,,27097,,,,,,,,,,1,,,,,,,,,,2.148601,48.800863
2021-1348615,2021-12-15,000001,Vente en l'état futur d'achèvement,63661916,2,,RUE PASTEUR,2210,78000,78646,Versailles,78,,,78646000AY0189,,,27098,,,,,,,,,,1,,,,,,,,,,2.148601,48.800863
2021-1348615,2021-12-15,000001,Vente en l'état futur d'achèvement,63661916,2,,RUE PASTEUR,2210,78000,78646,Versailles,78,,,78646000AY0189,,,27099,,,,,,,,,,1,,,,,,,,,,2.148601,48.800863
2021-1348615,2021-12-15,000001,Vente en l'état futur d'achèvement,63661916,2,,RUE PASTEUR,2210,78000,78646,Versailles,78,,,78646000AY0189,,,27100,,,,,,,,,,1,,,,,,,,,,2.148601,48.800863
2021-1348615,2021-12-15,000001,Vente en l'état futur d'achèvement,63661916,2,,RUE PASTEUR,2210,78000,78646,Versailles,78,,,78646000AY0189,,,27101,,,,,,,,,,1,,,,,,,,,,2.148601,48.800863
2021-1348615,2021-12-15,000001,Vente en l'état futur d'achèvement,63661916,2,,RUE PASTEUR,2210,78000,78646,Versailles,78,,,78646000AY0189,,,27102,,,,,,,,,,1,,,,,,,,,,2.148601,48.800863
2021-1348615,2021-12-15,000001,Vente en l'état futur d'achèvement,63661916,2,,RUE PASTEUR,2210,78000,78646,Versailles,78,,,78646000AY0189,,,27103,,,,,,,,,,1,,,,,,,,,,2.148601,48.800863
2021-1348615,2021-12-15,000001,Vente en l'état futur d'achèvement,63661916,2,,RUE PASTEUR,2210,78000,78646,Versailles,78,,,78646000AY0189,,,27104,,,,,,,,,,1,,,,,,,,,,2.148601,48.800863
2021-1348615,2021-12-15,000001,Vente en l'état futur d'achèvement,63661916,2,,RUE PASTEUR,2210,78000,78646,Versailles,78,,,78646000AY0189,,,27050,,,,,,,,,,1,,,,,,,,,,2.148601,48.800863
2021-1348615,2021-12-15,000001,Vente en l'état futur d'achèvement,63661916,2,,RUE PASTEUR,2210,78000,78646,Versailles,78,,,78646000AY0189,,,27049,,,,,,,,,,1,,,,,,,,,,2.148601,48.800863
2021-1348615,2021-12-15,000001,Vente en l'état futur d'achèvement,63661916,2,,RUE PASTEUR,2210,78000,78646,Versailles,78,,,78646000AY0189,,,27048,,,,,,,,,,1,,,,,,,,,,2.148601,48.800863
2021-1348615,2021-12-15,000001,Vente en l'état futur d'achèvement,63661916,2,,RUE PASTEUR,2210,78000,78646,Versailles,78,,,78646000AY0189,,,27047,,,,,,,,,,1,,,,,,,,,,2.148601,48.800863
2021-1348615,2021-12-15,000001,Vente en l'état futur d'achèvement,63661916,2,,RUE PASTEUR,2210,78000,78646,Versailles,78,,,78646000AY0189,,,27046,,,,,,,,,,1,,,,,,,,,,2.148601,48.800863
2021-1348615,2021-12-15,000001,Vente en l'état futur d'achèvement,63661916,2,,RUE PASTEUR,2210,78000,78646,Versailles,78,,,78646000AY0189,,,27045,,,,,,,,,,1,,,,,,,,,,2.148601,48.800863
2021-1348615,2021-12-15,000001,Vente en l'état futur d'achèvement,63661916,2,,RUE PASTEUR,2210,78000,78646,Versailles,78,,,78646000AY0189,,,27044,,,,,,,,,,1,,,,,,,,,,2.148601,48.800863
2021-1348615,2021-12-15,000001,Vente en l'état futur d'achèvement,63661916,2,,RUE PASTEUR,2210,78000,78646,Versailles,78,,,78646000AY0189,,,27043,,,,,,,,,,1,,,,,,,,,,2.148601,48.800863
2021-1348615,2021-12-15,000001,Vente en l'état futur d'achèvement,63661916,2,,RUE PASTEUR,2210,78000,78646,Versailles,78,,,78646000AY0189,,,27042,,,,,,,,,,1,,,,,,,,,,2.148601,48.800863
2021-1348615,2021-12-15,000001,Vente en l'état futur d'achèvement,63661916,2,,RUE PASTEUR,2210,78000,78646,Versailles,78,,,78646000AY0189,,,27041,,,,,,,,,,1,,,,,,,,,,2.148601,48.800863
2021-1348615,2021-12-15,000001,Vente en l'état futur d'achèvement,63661916,2,,RUE PASTEUR,2210,78000,78646,Versailles,78,,,78646000AY0189,,,27040,,,,,,,,,,1,,,,,,,,,,2.148601,48.800863
2021-1348615,2021-12-15,000001,Vente en l'état futur d'achèvement,63661916,2,,RUE PASTEUR,2210,78000,78646,Versailles,78,,,78646000AY0189,,,27039,,,,,,,,,,1,,,,,,,,,,2.148601,48.800863
2021-1348615,2021-12-15,000001,Vente en l'état futur d'achèvement,63661916,2,,RUE PASTEUR,2210,78000,78646,Versailles,78,,,78646000AY0189,,,27038,,,,,,,,,,1,,,,,,,,,,2.148601,48.800863
2021-1348615,2021-12-15,000001,Vente en l'état futur d'achèvement,63661916,2,,RUE PASTEUR,2210,78000,78646,Versailles,78,,,78646000AY0189,,,27037,,,,,,,,,,1,,,,,,,,,,2.148601,48.800863
2021-1348615,2021-12-15,000001,Vente en l'état futur d'achèvement,63661916,2,,RUE PASTEUR,2210,78000,78646,Versailles,78,,,78646000AY0189,,,27036,,,,,,,,,,1,,,,,,,,,,2.148601,48.800863
2021-1348615,2021-12-15,000001,Vente en l'état futur d'achèvement,63661916,2,,RUE PASTEUR,2210,78000,78646,Versailles,78,,,78646000AY0189,,,27035,,,,,,,,,,1,,,,,,,,,,2.148601,48.800863
2021-1348615,2021-12-15,000001,Vente en l'état futur d'achèvement,63661916,2,,RUE PASTEUR,2210,78000,78646,Versailles,78,,,78646000AY0189,,,27034,,,,,,,,,,1,,,,,,,,,,2.148601,48.800863
2021-1348615,2021-12-15,000001,Vente en l'état futur d'achèvement,63661916,2,,RUE PASTEUR,2210,78000,78646,Versailles,78,,,78646000AY0189,,,27033,,,,,,,,,,1,,,,,,,,,,2.148601,48.800863
2021-1348615,2021-12-15,000001,Vente en l'état futur d'achèvement,63661916,2,,RUE PASTEUR,2210,78000,78646,Versailles,78,,,78646000AY0189,,,27032,,,,,,,,,,1,,,,,,,,,,2.148601,48.800863
2021-1348615,2021-12-15,000001,Vente en l'état futur d'achèvement,63661916,2,,RUE PASTEUR,2210,78000,78646,Versailles,78,,,78646000AY0189,,,27031,,,,,,,,,,1,,,,,,,,,,2.148601,48.800863
2021-1348615,2021-12-15,000001,Vente en l'état futur d'achèvement,63661916,2,,RUE PASTEUR,2210,78000,78646,Versailles,78,,,78646000AY0189,,,27030,,,,,,,,,,1,,,,,,,,,,2.148601,48.800863
2021-1348615,2021-12-15,000001,Vente en l'état futur d'achèvement,63661916,2,,RUE PASTEUR,2210,78000,78646,Versailles,78,,,78646000AY0189,,,27029,,,,,,,,,,1,,,,,,,,,,2.148601,48.800863
2021-1348615,2021-12-15,000001,Vente en l'état futur d'achèvement,63661916,2,,RUE PASTEUR,2210,78000,78646,Versailles,78,,,78646000AY0189,,,27028,,,,,,,,,,1,,,,,,,,,,2.148601,48.800863
2021-1348615,2021-12-15,000001,Vente en l'état futur d'achèvement,63661916,2,,RUE PASTEUR,2210,78000,78646,Versailles,78,,,78646000AY0189,,,27027,,,,,,,,,,1,,,,,,,,,,2.148601,48.800863
2021-1348615,2021-12-15,000001,Vente en l'état futur d'achèvement,63661916,2,,RUE PASTEUR,2210,78000,78646,Versailles,78,,,78646000AY0189,,,27026,,,,,,,,,,1,,,,,,,,,,2.148601,48.800863
2021-1348615,2021-12-15,000001,Vente en l'état futur d'achèvement,63661916,2,,RUE PASTEUR,2210,78000,78646,Versailles,78,,,78646000AY0189,,,27025,,,,,,,,,,1,,,,,,,,,,2.148601,48.800863
2021-1348615,2021-12-15,000001,Vente en l'état futur d'achèvement,63661916,2,,RUE PASTEUR,2210,78000,78646,Versailles,78,,,78646000AY0189,,,27024,,,,,,,,,,1,,,,,,,,,,2.148601,48.800863
2021-1348615,2021-12-15,000001,Vente en l'état futur d'achèvement,63661916,2,,RUE PASTEUR,2210,78000,78646,Versailles,78,,,78646000AY0189,,,27023,,,,,,,,,,1,,,,,,,,,,2.148601,48.800863
2021-1348615,2021-12-15,000001,Vente en l'état futur d'achèvement,63661916,2,,RUE PASTEUR,2210,78000,78646,Versailles,78,,,78646000AY0189,,,27022,,,,,,,,,,1,,,,,,,,,,2.148601,48.800863
2021-1348615,2021-12-15,000001,Vente en l'état futur d'achèvement,63661916,2,,RUE PASTEUR,2210,78000,78646,Versailles,78,,,78646000AY0189,,,27136,,,,,,,,,,1,,,,,,,,,,2.148601,48.800863
2021-1348615,2021-12-15,000001,Vente en l'état futur d'achèvement,63661916,2,,RUE PASTEUR,2210,78000,78646,Versailles,78,,,78646000AY0189,,,27137,,,,,,,,,,1,,,,,,,,,,2.148601,48.800863
2021-1348615,2021-12-15,000001,Vente en l'état futur d'achèvement,63661916,2,,RUE PASTEUR,2210,78000,78646,Versailles,78,,,78646000AY0189,,,27052,,,,,,,,,,1,,,,,,,,,,2.148601,48.800863
2021-1348615,2021-12-15,000001,Vente en l'état futur d'achèvement,63661916,2,,RUE PASTEUR,2210,78000,78646,Versailles,78,,,78646000AY0189,,,27051,,,,,,,,,,1,,,,,,,,,,2.148601,48.800863
2021-1348615,2021-12-15,000001,Vente en l'état futur d'achèvement,63661916,2,,RUE PASTEUR,2210,78000,78646,Versailles,78,,,78646000AY0189,,,27011,,,,,,,,,,1,,,,,,,,,,2.148601,48.800863
2021-1348615,2021-12-15,000001,Vente en l'état futur d'achèvement,63661916,2,,RUE PASTEUR,2210,78000,78646,Versailles,78,,,78646000AY0189,,,27008,,,,,,,,,,1,,,,,,,,,,2.148601,48.800863
2021-1348615,2021-12-15,000001,Vente en l'état futur d'achèvement,63661916,2,,RUE PASTEUR,2210,78000,78646,Versailles,78,,,78646000AY0189,,,27007,,,,,,,,,,1,,,,,,,,,,2.148601,48.800863
2021-1348615,2021-12-15,000001,Vente en l'état futur d'achèvement,63661916,2,,RUE PASTEUR,2210,78000,78646,Versailles,78,,,78646000AY0189,,,27006,,,,,,,,,,1,,,,,,,,,,2.148601,48.800863
2021-1348615,2021-12-15,000001,Vente en l'état futur d'achèvement,63661916,2,,RUE PASTEUR,2210,78000,78646,Versailles,78,,,78646000AY0189,,,27005,,,,,,,,,,1,,,,,,,,,,2.148601,48.800863
2021-1348615,2021-12-15,000001,Vente en l'état futur d'achèvement,63661916,2,,RUE PASTEUR,2210,78000,78646,Versailles,78,,,78646000AY0189,,,27012,,,,,,,,,,1,,,,,,,,,,2.148601,48.800863
2021-1348615,2021-12-15,000001,Vente en l'état futur d'achèvement,63661916,2,,RUE PASTEUR,2210,78000,78646,Versailles,78,,,78646000AY0189,,,27135,,,,,,,,,,1,,,,,,,,,,2.148601,48.800863
2021-1348615,2021-12-15,000001,Vente en l'état futur d'achèvement,63661916,2,,RUE PASTEUR,2210,78000,78646,Versailles,78,,,78646000AY0189,,,27004,,,,,,,,,,1,,,,,,,,,,2.148601,48.800863
2021-1348615,2021-12-15,000001,Vente en l'état futur d'achèvement,63661916,2,,RUE PASTEUR,2210,78000,78646,Versailles,78,,,78646000AY0189,,,27003,,,,,,,,,,1,,,,,,,,,,2.148601,48.800863
2021-1348615,2021-12-15,000001,Vente en l'état futur d'achèvement,63661916,2,,RUE PASTEUR,2210,78000,78646,Versailles,78,,,78646000AY0189,,,27002,,,,,,,,,,1,,,,,,,,,,2.148601,48.800863
2021-1348615,2021-12-15,000001,Vente en l'état futur d'achèvement,63661916,2,,RUE PASTEUR,2210,78000,78646,Versailles,78,,,78646000AY0189,,,27134,,,,,,,,,,1,,,,,,,,,,2.148601,48.800863
2021-1348615,2021-12-15,000001,Vente en l'état futur d'achèvement,63661916,2,,RUE PASTEUR,2210,78000,78646,Versailles,78,,,78646000AY0189,,,27133,,,,,,,,,,1,,,,,,,,,,2.148601,48.800863
2021-1348615,2021-12-15,000001,Vente en l'état futur d'achèvement,63661916,2,,RUE PASTEUR,2210,78000,78646,Versailles,78,,,78646000AY0189,,,27132,,,,,,,,,,1,,,,,,,,,,2.148601,48.800863
2021-1348615,2021-12-15,000001,Vente en l'état futur d'achèvement,63661916,2,,RUE PASTEUR,2210,78000,78646,Versailles,78,,,78646000AY0189,,,27001,,,,,,,,,,1,,,,,,,,,,2.148601,48.800863
2021-1348615,2021-12-15,000001,Vente en l'état futur d'achèvement,63661916,2,,RUE PASTEUR,2210,78000,78646,Versailles,78,,,78646000AY0189,,,27014,,,,,,,,,,1,,,,,,,,,,2.148601,48.800863
2021-1348615,2021-12-15,000001,Vente en l'état futur d'achèvement,63661916,2,,RUE PASTEUR,2210,78000,78646,Versailles,78,,,78646000AY0189,,,27131,,,,,,,,,,1,,,,,,,,,,2.148601,48.800863
2021-1348615,2021-12-15,000001,Vente en l'état futur d'achèvement,63661916,2,,RUE PASTEUR,2210,78000,78646,Versailles,78,,,78646000AY0189,,,27130,,,,,,,,,,1,,,,,,,,,,2.148601,48.800863
2021-1348615,2021-12-15,000001,Vente en l'état futur d'achèvement,63661916,2,,RUE PASTEUR,2210,78000,78646,Versailles,78,,,78646000AY0189,,,27129,,,,,,,,,,1,,,,,,,,,,2.148601,48.800863
2021-1348615,2021-12-15,000001,Vente en l'état futur d'achèvement,63661916,2,,RUE PASTEUR,2210,78000,78646,Versailles,78,,,78646000AY0189,,,27128,,,,,,,,,,1,,,,,,,,,,2.148601,48.800863
2021-1348615,2021-12-15,000001,Vente en l'état futur d'achèvement,63661916,2,,RUE PASTEUR,2210,78000,78646,Versailles,78,,,78646000AY0189,,,27127,,,,,,,,,,1,,,,,,,,,,2.148601,48.800863
2021-1348615,2021-12-15,000001,Vente en l'état futur d'achèvement,63661916,2,,RUE PASTEUR,2210,78000,78646,Versailles,78,,,78646000AY0189,,,27126,,,,,,,,,,1,,,,,,,,,,2.148601,48.800863
2021-1348615,2021-12-15,000001,Vente en l'état futur d'achèvement,63661916,2,,RUE PASTEUR,2210,78000,78646,Versailles,78,,,78646000AY0189,,,27125,,,,,,,,,,1,,,,,,,,,,2.148601,48.800863
2021-1348615,2021-12-15,000001,Vente en l'état futur d'achèvement,63661916,2,,RUE PASTEUR,2210,78000,78646,Versailles,78,,,78646000AY0189,,,27124,,,,,,,,,,1,,,,,,,,,,2.148601,48.800863
2021-1348615,2021-12-15,000001,Vente en l'état futur d'achèvement,63661916,2,,RUE PASTEUR,2210,78000,78646,Versailles,78,,,78646000AY0189,,,27123,,,,,,,,,,1,,,,,,,,,,2.148601,48.800863
2021-1348615,2021-12-15,000001,Vente en l'état futur d'achèvement,63661916,2,,RUE PASTEUR,2210,78000,78646,Versailles,78,,,78646000AY0189,,,27122,,,,,,,,,,1,,,,,,,,,,2.148601,48.800863
2021-1348615,2021-12-15,000001,Vente en l'état futur d'achèvement,63661916,2,,RUE PASTEUR,2210,78000,78646,Versailles,78,,,78646000AY0189,,,27121,,,,,,,,,,1,,,,,,,,,,2.148601,48.800863
2021-1348615,2021-12-15,000001,Vente en l'état futur d'achèvement,63661916,2,,RUE PASTEUR,2210,78000,78646,Versailles,78,,,78646000AY0189,,,27120,,,,,,,,,,1,,,,,,,,,,2.148601,48.800863
2021-1348615,2021-12-15,000001,Vente en l'état futur d'achèvement,63661916,2,,RUE PASTEUR,2210,78000,78646,Versailles,78,,,78646000AY0189,,,27119,,,,,,,,,,1,,,,,,,,,,2.148601,48.800863
2021-1348615,2021-12-15,000001,Vente en l'état futur d'achèvement,63661916,2,,RUE PASTEUR,2210,78000,78646,Versailles,78,,,78646000AY0189,,,27118,,,,,,,,,,1,,,,,,,,,,2.148601,48.800863
2021-1348615,2021-12-15,000001,Vente en l'état futur d'achèvement,63661916,2,,RUE PASTEUR,2210,78000,78646,Versailles,78,,,78646000AY0189,,,27117,,,,,,,,,,1,,,,,,,,,,2.148601,48.800863
2021-1348615,2021-12-15,000001,Vente en l'état futur d'achèvement,63661916,2,,RUE PASTEUR,2210,78000,78646,Versailles,78,,,78646000AY0189,,,27116,,,,,,,,,,1,,,,,,,,,,2.148601,48.800863
2021-1348615,2021-12-15,000001,Vente en l'état futur d'achèvement,63661916,2,,RUE PASTEUR,2210,78000,78646,Versailles,78,,,78646000AY0189,,,27115,,,,,,,,,,1,,,,,,,,,,2.148601,48.800863
2021-1348615,2021-12-15,000001,Vente en l'état futur d'achèvement,63661916,2,,RUE PASTEUR,2210,78000,78646,Versailles,78,,,78646000AY0189,,,27114,,,,,,,,,,1,,,,,,,,,,2.148601,48.800863
2021-1348615,2021-12-15,000001,Vente en l'état futur d'achèvement,63661916,2,,RUE PASTEUR,2210,78000,78646,Versailles,78,,,78646000AY0189,,,27113,,,,,,,,,,1,,,,,,,,,,2.148601,48.800863
2021-1348615,2021-12-15,000001,Vente en l'état futur d'achèvement,63661916,2,,RUE PASTEUR,2210,78000,78646,Versailles,78,,,78646000AY0189,,,27112,,,,,,,,,,1,,,,,,,,,,2.148601,48.800863
2021-1348615,2021-12-15,000001,Vente en l'état futur d'achèvement,63661916,2,,RUE PASTEUR,2210,78000,78646,Versailles,78,,,78646000AY0189,,,27111,,,,,,,,,,1,,,,,,,,,,2.148601,48.800863
2021-1348615,2021-12-15,000001,Vente en l'état futur d'achèvement,63661916,2,,RUE PASTEUR,2210,78000,78646,Versailles,78,,,78646000AY0189,,,27110,,,,,,,,,,1,,,,,,,,,,2.148601,48.800863
2021-1348615,2021-12-15,000001,Vente en l'état futur d'achèvement,63661916,2,,RUE PASTEUR,2210,78000,78646,Versailles,78,,,78646000AY0189,,,27109,,,,,,,,,,1,,,,,,,,,,2.148601,48.800863
2021-1348615,2021-12-15,000001,Vente en l'état futur d'achèvement,63661916,2,,RUE PASTEUR,2210,78000,78646,Versailles,78,,,78646000AY0189,,,27108,,,,,,,,,,1,,,,,,,,,,2.148601,48.800863
2021-1348615,2021-12-15,000001,Vente en l'état futur d'achèvement,63661916,2,,RUE PASTEUR,2210,78000,78646,Versailles,78,,,78646000AY0189,,,27107,,,,,,,,,,1,,,,,,,,,,2.148601,48.800863
2021-1348615,2021-12-15,000001,Vente en l'état futur d'achèvement,63661916,2,,RUE PASTEUR,2210,78000,78646,Versailles,78,,,78646000AY0189,,,27106,,,,,,,,,,1,,,,,,,,,,2.148601,48.800863
2021-1348615,2021-12-15,000001,Vente en l'état futur d'achèvement,63661916,2,,RUE PASTEUR,2210,78000,78646,Versailles,78,,,78646000AY0189,,,27105,,,,,,,,,,1,,,,,,,,,,2.148601,48.800863
2021-1348615,2021-12-15,000001,Vente en l'état futur d'achèvement,63661916,2,,RUE PASTEUR,2210,78000,78646,Versailles,78,,,78646000AY0189,,,27021,,,,,,,,,,1,,,,,,,,,,2.148601,48.800863
2021-1348615,2021-12-15,000001,Vente en l'état futur d'achèvement,63661916,2,,RUE PASTEUR,2210,78000,78646,Versailles,78,,,78646000AY0189,,,27020,,,,,,,,,,1,,,,,,,,,,2.148601,48.800863
2021-1348615,2021-12-15,000001,Vente en l'état futur d'achèvement,63661916,2,,RUE PASTEUR,2210,78000,78646,Versailles,78,,,78646000AY0189,,,27019,,,,,,,,,,1,,,,,,,,,,2.148601,48.800863
2021-1348615,2021-12-15,000001,Vente en l'état futur d'achèvement,63661916,2,,RUE PASTEUR,2210,78000,78646,Versailles,78,,,78646000AY0189,,,27018,,,,,,,,,,1,,,,,,,,,,2.148601,48.800863
2021-1348615,2021-12-15,000001,Vente en l'état futur d'achèvement,63661916,2,,RUE PASTEUR,2210,78000,78646,Versailles,78,,,78646000AY0189,,,27017,,,,,,,,,,1,,,,,,,,,,2.148601,48.800863
2021-1348615,2021-12-15,000001,Vente en l'état futur d'achèvement,63661916,2,,RUE PASTEUR,2210,78000,78646,Versailles,78,,,78646000AY0189,,,27016,,,,,,,,,,1,,,,,,,,,,2.148601,48.800863
2021-1348615,2021-12-15,000001,Vente en l'état futur d'achèvement,63661916,2,,RUE PASTEUR,2210,78000,78646,Versailles,78,,,78646000AY0189,,,27015,,,,,,,,,,1,,,,,,,,,,2.148601,48.800863
2021-1348615,2021-12-15,000001,Vente en l'état futur d'achèvement,63661916,2,,RUE PASTEUR,2210,78000,78646,Versailles,78,,,78646000AY0189,,,27009,,,,,,,,,,1,,,,,,,,,,2.148601,48.800863
2021-1348615,2021-12-15,000001,Vente en l'état futur d'achèvement,63661916,2,,RUE PASTEUR,2210,78000,78646,Versailles,78,,,78646000AY0189,,,27013,,,,,,,,,,1,,,,,,,,,,2.148601,48.800863
2021-1348615,2021-12-15,000001,Vente en l'état futur d'achèvement,63661916,2,,RUE PASTEUR,2210,78000,78646,Versailles,78,,,78646000AY0189,,,27010,,,,,,,,,,1,,,,,,,,,,2.148601,48.800863
2021-1348624,2021-12-15,000001,Vente,324000,17,,RUE DU PARC DE CLAGNY,2171,78000,78646,Versailles,78,,,78646000AK0078,,,17,51.83,33,,,,,,,,2,3,Dépendance,,0,,,,,,2.14028,48.811308
2021-1348624,2021-12-15,000001,Vente,324000,17,,RUE DU PARC DE CLAGNY,2171,78000,78646,Versailles,78,,,78646000AK0078,,,17,51.83,33,,,,,,,,2,2,Appartement,52,2,,,,,,2.14028,48.811308
2021-1348624,2021-12-15,000001,Vente,324000,40,,RUE REMILLY,2530,78000,78646,Versailles,78,,,78646000AK0078,,,23,,,,,,,,,,1,3,Dépendance,,0,,,,,,2.14028,48.811308
2021-1348624,2021-12-15,000001,Vente,324000,17,,RUE DU PARC DE CLAGNY,2171,78000,78646,Versailles,78,,,78646000AK0078,,,17,51.83,33,,,,,,,,2,3,Dépendance,,0,,,,,,2.14028,48.811308
2021-1348630,2021-12-21,000001,Vente,167500,29,,RUE DU MAL FOCH,1810,78000,78646,Versailles,78,,,78646000AE0070,,,49,,50,15.03,,,,,,,2,2,Appartement,20,1,,,,,,2.132101,48.807725
2021-1348630,2021-12-21,000001,Vente,167500,29,,RUE DU MAL FOCH,1810,78000,78646,Versailles,78,,,78646000AE0070,,,49,,50,15.03,,,,,,,2,3,Dépendance,,0,,,,,,2.132101,48.807725
2021-1348656,2021-12-22,000001,Vente,17000,8,,RUE ALBERT JOLY,0050,78000,78646,Versailles,78,,,78646000AK0229,,,93,,,,,,,,,,1,3,Dépendance,,0,,,,,,2.135908,48.810277
2021-1348657,2021-12-23,000001,Vente,1280000,4,B,BD DE GLATIGNY,1275,78000,78646,Versailles,78,,,78646000AM0444,,,,,,,,,,,,,0,,,,,AB,terrains a bâtir,RUE,Rue,252,2.14218,48.818346
2021-1348657,2021-12-23,000001,Vente,1280000,4,B,BD DE GLATIGNY,1275,78000,78646,Versailles,78,,,78646000AM0446,,,,,,,,,,,,,0,1,Maison,173,7,S,sols,,,500,2.142614,48.818175
2021-1348657,2021-12-23,000001,Vente,1280000,4,B,BD DE GLATIGNY,1275,78000,78646,Versailles,78,,,78646000AM0446,,,,,,,,,,,,,0,3,Dépendance,,0,S,sols,,,500,2.142614,48.818175
2021-1348732,2021-12-16,000001,Vente,280000,5,,IMP DU DEBARCADERE,0750,78000,78646,Versailles,78,,,78646000AK0163,,,19,31.07,48,,,,,,,,2,3,Dépendance,,0,,,,,,2.135281,48.810199
2021-1348732,2021-12-16,000001,Vente,280000,5,,IMP DU DEBARCADERE,0750,78000,78646,Versailles,78,,,78646000AK0163,,,19,31.07,48,,,,,,,,2,2,Appartement,34,1,,,,,,2.135281,48.810199
2021-1348741,2021-12-29,000001,Vente,275221,59,,AV DES ETATS UNIS,0990,78000,78646,Versailles,78,,,78646000AS0054,,,184,,,,,,,,,,1,3,Dépendance,,0,,,,,,2.152632,48.814149
2021-1348741,2021-12-29,000001,Vente,275221,59,,AV DES ETATS UNIS,0990,78000,78646,Versailles,78,,,78646000AS0054,,,325,,,,,,,,,,1,3,Dépendance,,0,,,,,,2.152632,48.814149
2021-1348741,2021-12-29,000001,Vente,275221,59,,AV DES ETATS UNIS,0990,78000,78646,Versailles,78,,,78646000AS0054,,,184,,,,,,,,,,1,2,Appartement,52,3,,,,,,2.152632,48.814149
2021-1348766,2021-12-17,000001,Vente,575000,3,,AV DE SAINT CLOUD,2730,78000,78646,Versailles,78,,,78646000AE0318,,,9,,,,,,,,,,1,3,Dépendance,,0,,,,,,2.127938,48.80526
2021-1348766,2021-12-17,000001,Vente,575000,3,,AV DE SAINT CLOUD,2730,78000,78646,Versailles,78,,,78646000AE0318,,,32,,,,,,,,,,1,3,Dépendance,,0,,,,,,2.127938,48.80526
2021-1348766,2021-12-17,000001,Vente,575000,3,,AV DE SAINT CLOUD,2730,78000,78646,Versailles,78,,,78646000AE0318,,,31,,,,,,,,,,1,3,Dépendance,,0,,,,,,2.127938,48.80526
2021-1348766,2021-12-17,000001,Vente,575000,3,,AV DE SAINT CLOUD,2730,78000,78646,Versailles,78,,,78646000AE0318,,,9,,,,,,,,,,1,2,Appartement,77,4,,,,,,2.127938,48.80526
2021-1348766,2021-12-17,000001,Vente,575000,3,,AV DE SAINT CLOUD,2730,78000,78646,Versailles,78,,,78646000AE0318,,,30,,,,,,,,,,1,3,Dépendance,,0,,,,,,2.127938,48.80526
2021-1348788,2021-12-30,000001,Vente en l'état futur d'achèvement,417000,104,,AV DE PARIS,2180,78000,78646,Versailles,78,,,78646000BK0019,,,101,,,,,,,,,,1,,,,,,,,,,2.150393,48.797197
2021-1348788,2021-12-30,000001,Vente en l'état futur d'achèvement,417000,104,,AV DE PARIS,2180,78000,78646,Versailles,78,,,78646000BK0019,,,22,,,,,,,,,,1,,,,,,,,,,2.150393,48.797197
2021-1348798,2021-12-17,000001,Vente,1050000,10,,RUE LAMARTINE,1590,78000,78646,Versailles,78,,,78646000BL0168,,,,,,,,,,,,,0,3,Dépendance,,0,S,sols,,,326,2.146143,48.794407
2021-1348798,2021-12-17,000001,Vente,1050000,10,,RUE LAMARTINE,1590,78000,78646,Versailles,78,,,78646000BL0168,,,,,,,,,,,,,0,1,Maison,83,5,S,sols,,,326,2.146143,48.794407
2021-1348839,2021-12-15,000001,Vente,521600,82,B,AV DE PARIS,2180,78000,78646,Versailles,78,,,78646000BN0166,,,31,72.63,72,,,,,,,,2,2,Appartement,74,3,,,,,,2.145036,48.797427
2021-1348839,2021-12-15,000001,Vente,521600,82,B,AV DE PARIS,2180,78000,78646,Versailles,78,,,78646000BN0166,,,1026,,,,,,,,,,1,3,Dépendance,,0,,,,,,2.145036,48.797427
2021-1348839,2021-12-15,000001,Vente,521600,82,B,AV DE PARIS,2180,78000,78646,Versailles,78,,,78646000BN0166,,,31,72.63,72,,,,,,,,2,3,Dépendance,,0,,,,,,2.145036,48.797427
2021-1348859,2021-12-21,000001,Vente,660000,1,T,RUE DE FONTENAY,1050,78000,78646,Versailles,78,,,78646000AH0071,,,35,,36,,,,,,,,2,3,Dépendance,,0,,,,,,2.123445,48.801497
2021-1348859,2021-12-21,000001,Vente,660000,1,T,RUE DE FONTENAY,1050,78000,78646,Versailles,78,,,78646000AH0071,,,35,,36,,,,,,,,2,3,Dépendance,,0,,,,,,2.123445,48.801497
2021-1348859,2021-12-21,000002,Vente,660000,1,T,RUE DE FONTENAY,1050,78000,78646,Versailles,78,,,78646000AH0071,,,18,,,,,,,,,,1,3,Dépendance,,0,,,,,,2.123445,48.801497
2021-1348859,2021-12-21,000002,Vente,660000,1,T,RUE DE FONTENAY,1050,78000,78646,Versailles,78,,,78646000AH0071,,,18,,,,,,,,,,1,3,Dépendance,,0,,,,,,2.123445,48.801497
2021-1348859,2021-12-21,000002,Vente,660000,1,T,RUE DE FONTENAY,1050,78000,78646,Versailles,78,,,78646000AH0071,,,18,,,,,,,,,,1,3,Dépendance,,0,,,,,,2.123445,48.801497
2021-1348859,2021-12-21,000002,Vente,660000,1,T,RUE DE FONTENAY,1050,78000,78646,Versailles,78,,,78646000AH0071,,,23,,,,,,,,,,1,2,Appartement,35,2,,,,,,2.123445,48.801497
2021-1348859,2021-12-21,000002,Vente,660000,1,T,RUE DE FONTENAY,1050,78000,78646,Versailles,78,,,78646000AH0071,,,35,,36,,,,,,,,2,3,Dépendance,,0,,,,,,2.123445,48.801497
2021-1348859,2021-12-21,000002,Vente,660000,1,T,RUE DE FONTENAY,1050,78000,78646,Versailles,78,,,78646000AH0071,,,16,,24,,,,,,,,2,2,Appartement,76,4,,,,,,2.123445,48.801497
2021-1348859,2021-12-21,000002,Vente,660000,1,T,RUE DE FONTENAY,1050,78000,78646,Versailles,78,,,78646000AH0071,,,18,,,,,,,,,,1,2,Appartement,104,4,,,,,,2.123445,48.801497
2021-1348859,2021-12-21,000002,Vente,660000,1,T,RUE DE FONTENAY,1050,78000,78646,Versailles,78,,,78646000AH0071,,,23,,,,,,,,,,1,3,Dépendance,,0,,,,,,2.123445,48.801497
2021-1348859,2021-12-21,000002,Vente,660000,1,T,RUE DE FONTENAY,1050,78000,78646,Versailles,78,,,78646000AH0071,,,35,,36,,,,,,,,2,3,Dépendance,,0,,,,,,2.123445,48.801497
2021-1348859,2021-12-21,000002,Vente,660000,1,T,RUE DE FONTENAY,1050,78000,78646,Versailles,78,,,78646000AH0071,,,16,,24,,,,,,,,2,3,Dépendance,,0,,,,,,2.123445,48.801497
2021-1348860,2021-12-01,000001,Vente,1130000,15,,BD DU ROI,2641,78000,78646,Versailles,78,,,78646000AC0170,,,16,,17,,3,121.47,4,,5,,5,3,Dépendance,,0,,,,,,2.125976,48.811226
2021-1348860,2021-12-01,000001,Vente,1130000,15,,BD DU ROI,2641,78000,78646,Versailles,78,,,78646000AC0170,,,16,,17,,3,121.47,4,,5,,5,2,Appartement,146,6,,,,,,2.125976,48.811226
2021-1348862,2021-12-17,000001,Vente,36000,3,,RUE DE L ABBE ROUSSEAUX,0020,78000,78646,Versailles,78,,,78646000BS0056,,,71,,,,,,,,,,1,3,Dépendance,,0,,,,,,2.136312,48.796463
2021-1348880,2021-12-27,000001,Vente,772000,23,,RUE DU REFUGE,2510,78000,78646,Versailles,78,,,78646000AX0339,,,171,,,,,,,,,,1,3,Dépendance,,0,,,,,,2.144251,48.804411
2021-1348880,2021-12-27,000001,Vente,772000,23,,RUE DU REFUGE,2510,78000,78646,Versailles,78,,,78646000AX0339,,,30,,,,,,,,,,1,2,Appartement,87,4,,,,,,2.144251,48.804411
2021-1348880,2021-12-27,000001,Vente,772000,23,,RUE DU REFUGE,2510,78000,78646,Versailles,78,,,78646000AX0339,,,209,,,,,,,,,,1,3,Dépendance,,0,,,,,,2.144251,48.804411
2021-1348936,2021-12-17,000001,Vente,272000,2,,RUE DES DEUX PORTES,0780,78000,78646,Versailles,78,,,78646000AE0278,,,9,42.58,,,,,,,,,1,2,Appartement,44,3,,,,,,2.130524,48.805559
2021-1348936,2021-12-17,000001,Vente,272000,2,,RUE DES DEUX PORTES,0780,78000,78646,Versailles,78,,,78646000AE0278,,,9,42.58,,,,,,,,,1,3,Dépendance,,0,,,,,,2.130524,48.805559
2021-1348953,2021-12-20,000001,Vente,1298000,92,,AV FOURCAULT DE PAVANT,1090,78000,78646,Versailles,78,,,78646000AM0396,,,,,,,,,,,,,0,1,Maison,176,7,S,sols,,,630,2.145601,48.823717
2021-1348967,2021-12-17,000001,Echange,60000,34,,RUE DE L ORANGERIE,2110,78000,78646,Versailles,78,,,78646000BV0025,,,31,,,,,,,,,,1,4,Local industriel. commercial ou assimilé,62,0,,,,,,2.123448,48.799477
2021-1348968,2021-12-30,000001,Vente,1850000,6,,RPT DES CONDAMINES,0695,78000,78646,Versailles,78,,,78646000AX0366,,,,,,,,,,,,,0,4,Local industriel. commercial ou assimilé,826,0,S,sols,,,525,2.146037,48.802725
2021-1348972,2021-12-17,000001,Echange,50000,34,,RUE DE L ORANGERIE,2110,78000,78646,Versailles,78,,,78646000BV0025,,,31,,,,,,,,,,1,4,Local industriel. commercial ou assimilé,62,0,,,,,,2.123448,48.799477
2021-1349003,2021-12-30,000001,Vente,2700000,10,T,RUE DU PARC DE CLAGNY,2171,78000,78646,Versailles,78,,,78646000AR0146,,,,,,,,,,,,,0,1,Maison,230,7,S,sols,,,389,2.140531,48.810259
2021-1349003,2021-12-30,000001,Vente,2700000,10,T,RUE DU PARC DE CLAGNY,2171,78000,78646,Versailles,78,,,78646000AR0148,,,,,,,,,,,,,0,,,,,J,jardins,POTAG,Jardin potager,545,2.140848,48.810313
2021-1349006,2021-12-13,000001,Vente,169500,12,,AV DU GEN DE GAULLE,1143,78000,78646,Versailles,78,,,78646000AH0225,,,167,,,,,,,,,,1,3,Dépendance,,0,,,,,,2.128298,48.801276
2021-1349006,2021-12-13,000001,Vente,169500,8,,AV DU GEN DE GAULLE,1143,78000,78646,Versailles,78,,,78646000AH0225,,,20,52.15,95,,,,,,,,2,2,Appartement,55,2,,,,,,2.128298,48.801276
2021-1349006,2021-12-13,000001,Vente,169500,8,,AV DU GEN DE GAULLE,1143,78000,78646,Versailles,78,,,78646000AH0225,,,20,52.15,95,,,,,,,,2,3,Dépendance,,0,,,,,,2.128298,48.801276
2021-1349010,2021-12-27,000001,Vente,29000,98,,BD DE LA REINE,2520,78000,78646,Versailles,78,,,78646000AI0290,,,124,,,,,,,,,,1,3,Dépendance,,0,,,,,,2.139429,48.808058
2021-1349019,2021-12-28,000001,Vente,720000,7,,IMP SAINT HENRI,2775,78000,78646,Versailles,78,,,78646000BK0015,,,,,,,,,,,,,0,3,Dépendance,,0,S,sols,,,206,2.150255,48.797061
2021-1349019,2021-12-28,000001,Vente,720000,7,,IMP SAINT HENRI,2775,78000,78646,Versailles,78,,,78646000BK0015,,,,,,,,,,,,,0,1,Maison,88,3,S,sols,,,206,2.150255,48.797061
2021-1349065,2021-12-21,000001,Vente,810000,25,,RUE CARNOT,0440,78000,78646,Versailles,78,,,78646000AE0228,,,103,,105,96.82,112,,113,,123,,5,3,Dépendance,,0,,,,,,2.129279,48.805891
2021-1349065,2021-12-21,000001,Vente,810000,25,,RUE CARNOT,0440,78000,78646,Versailles,78,,,78646000AE0228,,,103,,105,96.82,112,,113,,123,,5,2,Appartement,94,6,,,,,,2.129279,48.805891
2021-1349112,2021-12-20,000001,Vente,655000,6,,RUE EXELMANS,1020,78000,78646,Versailles,78,,,78646000AC0318,,,22,95.89,,,,,,,,,1,3,Dépendance,,0,,,,,,2.125702,48.812918
2021-1349112,2021-12-20,000001,Vente,655000,6,,RUE EXELMANS,1020,78000,78646,Versailles,78,,,78646000AC0318,,,78,,,,,,,,,,1,3,Dépendance,,0,,,,,,2.125702,48.812918
2021-1349112,2021-12-20,000001,Vente,655000,6,,RUE EXELMANS,1020,78000,78646,Versailles,78,,,78646000AC0318,,,47,,,,,,,,,,1,3,Dépendance,,0,,,,,,2.125702,48.812918
2021-1349112,2021-12-20,000001,Vente,655000,6,,RUE EXELMANS,1020,78000,78646,Versailles,78,,,78646000AC0318,,,50,,,,,,,,,,1,3,Dépendance,,0,,,,,,2.125702,48.812918
2021-1349112,2021-12-20,000001,Vente,655000,6,,RUE EXELMANS,1020,78000,78646,Versailles,78,,,78646000AC0318,,,22,95.89,,,,,,,,,1,2,Appartement,97,4,,,,,,2.125702,48.812918
2021-1349129,2021-12-22,000001,Vente,513481,28,,RUE HENRI SIMON,1330,78000,78646,Versailles,78,,,78646000AW0006,,,411,,,,,,,,,,1,2,Appartement,83,3,,,,,,2.15013,48.808121
2021-1349129,2021-12-22,000001,Vente,513481,28,,RUE HENRI SIMON,1330,78000,78646,Versailles,78,,,78646000AW0006,,,411,,,,,,,,,,1,3,Dépendance,,0,,,,,,2.15013,48.808121
2021-1349129,2021-12-22,000001,Vente,513481,28,,RUE HENRI SIMON,1330,78000,78646,Versailles,78,,,78646000AW0006,,,1005,,1006,,,,,,,,2,3,Dépendance,,0,,,,,,2.15013,48.808121
2021-1349137,2021-12-29,000001,Vente,55000,90,,RUE D ANJOU,0190,78000,78646,Versailles,78,,,78646000BT0071,,,21,,,,,,,,,,1,3,Dépendance,,0,,,,,,2.130041,48.795585
2021-1349179,2021-12-30,000001,Vente,390000,14,,RUE DE L ERMITAGE,0940,78000,78646,Versailles,78,,,78646000AC0040,,,27,,,,,,,,,,1,3,Dépendance,,0,,,,,,2.123494,48.815012
2021-1349179,2021-12-30,000001,Vente,390000,14,,RUE DE L ERMITAGE,0940,78000,78646,Versailles,78,,,78646000AC0040,,,26,,,,,,,,,,1,3,Dépendance,,0,,,,,,2.123494,48.815012
2021-1349179,2021-12-30,000001,Vente,390000,14,,RUE DE L ERMITAGE,0940,78000,78646,Versailles,78,,,78646000AC0040,,,25,,,,,,,,,,1,3,Dépendance,,0,,,,,,2.123494,48.815012
2021-1349188,2021-12-22,000001,Vente,195000,2,,RUE LA QUINTINIE,2470,78000,78646,Versailles,78,,,78646000BV0206,,,17,25.08,,,,,,,,,1,2,Appartement,23,2,,,,,,2.12011,48.800596
2021-1349206,2021-12-30,000001,Vente,2585200,25,,BD DE LA REINE,2520,78000,78646,Versailles,78,,,78646000AD0001,,,,,,,,,,,,,0,3,Dépendance,,0,S,sols,,,499,2.126037,48.809741
2021-1349206,2021-12-30,000001,Vente,2585200,25,,BD DE LA REINE,2520,78000,78646,Versailles,78,,,78646000AD0001,,,,,,,,,,,,,0,3,Dépendance,,0,S,sols,,,499,2.126037,48.809741
2021-1349206,2021-12-30,000001,Vente,2585200,25,,BD DE LA REINE,2520,78000,78646,Versailles,78,,,78646000AD0001,,,,,,,,,,,,,0,3,Dépendance,,0,S,sols,,,499,2.126037,48.809741
2021-1349206,2021-12-30,000001,Vente,2585200,25,,BD DE LA REINE,2520,78000,78646,Versailles,78,,,78646000AD0001,,,,,,,,,,,,,0,3,Dépendance,,0,S,sols,,,499,2.126037,48.809741
2021-1349206,2021-12-30,000001,Vente,2585200,25,,BD DE LA REINE,2520,78000,78646,Versailles,78,,,78646000AD0001,,,,,,,,,,,,,0,3,Dépendance,,0,S,sols,,,499,2.126037,48.809741
2021-1349206,2021-12-30,000001,Vente,2585200,25,,BD DE LA REINE,2520,78000,78646,Versailles,78,,,78646000AD0001,,,,,,,,,,,,,0,3,Dépendance,,0,S,sols,,,499,2.126037,48.809741
2021-1349206,2021-12-30,000001,Vente,2585200,25,,BD DE LA REINE,2520,78000,78646,Versailles,78,,,78646000AD0001,,,,,,,,,,,,,0,3,Dépendance,,0,S,sols,,,499,2.126037,48.809741
2021-1349206,2021-12-30,000001,Vente,2585200,25,,BD DE LA REINE,2520,78000,78646,Versailles,78,,,78646000AD0001,,,,,,,,,,,,,0,3,Dépendance,,0,S,sols,,,499,2.126037,48.809741
2021-1349206,2021-12-30,000001,Vente,2585200,25,,BD DE LA REINE,2520,78000,78646,Versailles,78,,,78646000AD0001,,,,,,,,,,,,,0,3,Dépendance,,0,S,sols,,,499,2.126037,48.809741
2021-1349206,2021-12-30,000001,Vente,2585200,25,,BD DE LA REINE,2520,78000,78646,Versailles,78,,,78646000AD0001,,,,,,,,,,,,,0,2,Appartement,19,1,S,sols,,,499,2.126037,48.809741
2021-1349206,2021-12-30,000001,Vente,2585200,25,,BD DE LA REINE,2520,78000,78646,Versailles,78,,,78646000AD0001,,,,,,,,,,,,,0,4,Local industriel. commercial ou assimilé,72,0,S,sols,,,499,2.126037,48.809741
2021-1349206,2021-12-30,000001,Vente,2585200,25,,BD DE LA REINE,2520,78000,78646,Versailles,78,,,78646000AD0001,,,,,,,,,,,,,0,2,Appartement,142,5,S,sols,,,499,2.126037,48.809741
2021-1349206,2021-12-30,000001,Vente,2585200,25,,BD DE LA REINE,2520,78000,78646,Versailles,78,,,78646000AD0001,,,,,,,,,,,,,0,2,Appartement,145,5,S,sols,,,499,2.126037,48.809741
2021-1349206,2021-12-30,000001,Vente,2585200,25,,BD DE LA REINE,2520,78000,78646,Versailles,78,,,78646000AD0001,,,,,,,,,,,,,0,2,Appartement,130,5,S,sols,,,499,2.126037,48.809741
2021-1349206,2021-12-30,000001,Vente,2585200,25,,BD DE LA REINE,2520,78000,78646,Versailles,78,,,78646000AD0001,,,,,,,,,,,,,0,2,Appartement,144,7,S,sols,,,499,2.126037,48.809741
2021-1349206,2021-12-30,000001,Vente,2585200,25,,BD DE LA REINE,2520,78000,78646,Versailles,78,,,78646000AD0001,,,,,,,,,,,,,0,2,Appartement,108,4,S,sols,,,499,2.126037,48.809741
2021-1349206,2021-12-30,000001,Vente,2585200,25,,BD DE LA REINE,2520,78000,78646,Versailles,78,,,78646000AD0001,,,,,,,,,,,,,0,2,Appartement,110,4,S,sols,,,499,2.126037,48.809741
2021-1349206,2021-12-30,000001,Vente,2585200,25,,BD DE LA REINE,2520,78000,78646,Versailles,78,,,78646000AD0001,,,,,,,,,,,,,0,4,Local industriel. commercial ou assimilé,166,0,S,sols,,,499,2.126037,48.809741
2021-1349206,2021-12-30,000001,Vente,2585200,25,,BD DE LA REINE,2520,78000,78646,Versailles,78,,,78646000AD0001,,,,,,,,,,,,,0,2,Appartement,54,2,S,sols,,,499,2.126037,48.809741
2021-1349206,2021-12-30,000001,Vente,2585200,25,,BD DE LA REINE,2520,78000,78646,Versailles,78,,,78646000AD0001,,,,,,,,,,,,,0,3,Dépendance,,0,S,sols,,,499,2.126037,48.809741
2021-1349206,2021-12-30,000001,Vente,2585200,25,,BD DE LA REINE,2520,78000,78646,Versailles,78,,,78646000AD0001,,,,,,,,,,,,,0,3,Dépendance,,0,S,sols,,,499,2.126037,48.809741
2021-1349206,2021-12-30,000001,Vente,2585200,25,,BD DE LA REINE,2520,78000,78646,Versailles,78,,,78646000AD0001,,,,,,,,,,,,,0,2,Appartement,122,4,S,sols,,,499,2.126037,48.809741
2021-1349206,2021-12-30,000001,Vente,2585200,25,,BD DE LA REINE,2520,78000,78646,Versailles,78,,,78646000AD0001,,,,,,,,,,,,,0,3,Dépendance,,0,S,sols,,,499,2.126037,48.809741
2021-1349206,2021-12-30,000001,Vente,2585200,25,,BD DE LA REINE,2520,78000,78646,Versailles,78,,,78646000AD0001,,,,,,,,,,,,,0,3,Dépendance,,0,S,sols,,,499,2.126037,48.809741
2021-1349207,2021-12-30,000001,Vente,3491400,145,,BD DE LA REINE,2520,78000,78646,Versailles,78,,,78646000AR0086,,,,,,,,,,,,,0,4,Local industriel. commercial ou assimilé,1318,0,S,sols,,,2214,2.142303,48.808642
2021-1349207,2021-12-30,000001,Vente,3491400,145,,BD DE LA REINE,2520,78000,78646,Versailles,78,,,78646000AR0086,,,,,,,,,,,,,0,4,Local industriel. commercial ou assimilé,705,0,S,sols,,,2214,2.142303,48.808642
2021-1349225,2021-12-22,000001,Vente,23500,2,,RUE ALEXIS DE TOCQUEVILLE,0128,78000,78646,Versailles,78,,,78646000BS0226,,,4219,,,,,,,,,,1,3,Dépendance,,0,,,,,,2.132076,48.794722
2021-1349306,2021-12-27,000001,Vente,29500,19,B,RUE DU PONT COLBERT,2370,78000,78646,Versailles,78,,,78646000BI0284,,,88,,,,,,,,,,1,3,Dépendance,,0,,,,,,2.151506,48.789725
2021-1349334,2021-12-29,000001,Vente,724500,22,,RUE AU PAIN,2150,78000,78646,Versailles,78,,,78646000AI0115,,,11,58,,,,,,,,,1,4,Local industriel. commercial ou assimilé,428,0,,,,,,2.132339,48.805683
2021-1349335,2021-12-30,000001,Vente,162000,37,,RUE DU MAL JOFFRE,1820,78000,78646,Versailles,78,,,78646000BW0218,,,105,17.85,,,,,,,,,1,2,Appartement,18,1,,,,,,2.12084,48.793636
2021-1349352,2021-12-30,000001,Vente,138550,5,,BD DU ROI,2641,78000,78646,Versailles,78,,,78646000AC0184,,,20,,,,,,,,,,1,2,Appartement,14,1,,,,,,2.125371,48.810193
2021-1349364,2021-09-09,000001,Vente,112800,18,,RUE DU VIEUX VERSAILLES,3180,78000,78646,Versailles,78,,,78646000AH0113,,,17,16.45,,,,,,,,,1,2,Appartement,18,1,,,,,,2.122808,48.800707
2021-1349374,2021-12-29,000001,Vente,324000,80,,RUE D ANJOU,0190,78000,78646,Versailles,78,,,78646000BT0087,,,16,,17,,27,,,,,,3,4,Local industriel. commercial ou assimilé,46,0,,,,,,2.12899,48.795813
2021-1349382,2021-12-27,000001,Vente,800000,28,,RUE DU GENERAL LECLERC,1145,78000,78646,Versailles,78,,,78646000BV0081,,,6,,,,,,,,,,1,2,Appartement,100,4,,,,,,2.126652,48.798654
2021-1349382,2021-12-27,000001,Vente,800000,28,,RUE DU GENERAL LECLERC,1145,78000,78646,Versailles,78,,,78646000BV0081,,,6,,,,,,,,,,1,3,Dépendance,,0,,,,,,2.126652,48.798654
2021-1349383,2021-12-28,000001,Vente,139000,28,,RUE DE LA PAROISSE,2190,78000,78646,Versailles,78,,,78646000AE0188,,,3,,4,19.8,,,,,,,2,2,Appartement,20,1,,,,,,2.127676,48.807526
2021-1349398,2021-12-29,000001,Vente,12000,4,,RUE ALBERT SAMAIN,0070,78000,78646,Versailles,78,,,78646000BW0181,,,6,,,,,,,,,,1,3,Dépendance,,0,,,,,,2.122783,48.794217
2021-1349405,2021-12-29,000001,Vente,645000,41,,AV DE PARIS,2180,78000,78646,Versailles,78,,,78646000BP0138,,,43,,93,,,,,,,,2,3,Dépendance,,0,,,,,,2.139184,48.800518
2021-1349405,2021-12-29,000001,Vente,645000,41,,AV DE PARIS,2180,78000,78646,Versailles,78,,,78646000BP0138,,,43,,93,,,,,,,,2,2,Appartement,105,4,,,,,,2.139184,48.800518
2021-1349405,2021-12-29,000001,Vente,645000,41,,AV DE PARIS,2180,78000,78646,Versailles,78,,,78646000BP0138,,,58,,,,,,,,,,1,3,Dépendance,,0,,,,,,2.139184,48.800518
2021-1349410,2021-10-22,000001,Vente,545000,64,,AV DE PARIS,2180,78000,78646,Versailles,78,,,78646000BN0007,,,13,,,,,,,,,,1,3,Dépendance,,0,,,,,,2.138959,48.799201
2021-1349410,2021-10-22,000001,Vente,545000,64,,AV DE PARIS,2180,78000,78646,Versailles,78,,,78646000BN0007,,,13,,,,,,,,,,1,2,Appartement,74,3,,,,,,2.138959,48.799201
2021-1349412,2021-12-29,000001,Vente,410500,3,,RUE DE L ABBE ROUSSEAUX,0020,78000,78646,Versailles,78,,,78646000BS0056,,,20,,39,,,,,,,,2,2,Appartement,74,4,,,,,,2.136312,48.796463
2021-1349412,2021-12-29,000001,Vente,410500,3,,RUE DE L ABBE ROUSSEAUX,0020,78000,78646,Versailles,78,,,78646000BS0056,,,20,,39,,,,,,,,2,3,Dépendance,,0,,,,,,2.136312,48.796463
2021-1349427,2021-12-28,000001,Vente,705000,80,,RUE D ANJOU,0190,78000,78646,Versailles,78,,,78646000BT0087,,,33,,39,,4,,40,,41,,9,4,Local industriel. commercial ou assimilé,177,0,,,,,,2.12899,48.795813
2021-1349467,2021-12-21,000001,Vente,317420,80,,RUE D ANJOU,0190,78000,78646,Versailles,78,,,78646000BT0087,,,13,,15,,7,38.08,,,,,3,3,Dépendance,,0,,,,,,2.12899,48.795813
2021-1349467,2021-12-21,000001,Vente,317420,80,,RUE D ANJOU,0190,78000,78646,Versailles,78,,,78646000BT0087,,,13,,15,,7,38.08,,,,,3,3,Dépendance,,0,,,,,,2.12899,48.795813
2021-1349467,2021-12-21,000001,Vente,317420,80,,RUE D ANJOU,0190,78000,78646,Versailles,78,,,78646000BT0087,,,13,,15,,7,38.08,,,,,3,2,Appartement,38,2,,,,,,2.12899,48.795813
2021-1349512,2021-10-05,000001,Vente,20000,29,,RUE MADEMOISELLE,1740,78000,78646,Versailles,78,,,78646000AD0214,,,24,,,,,,,,,,1,3,Dépendance,,0,,,,,,2.129182,48.812251
2021-1349518,2021-10-18,000001,Vente,544500,122,B,AV DE PARIS,2180,78000,78646,Versailles,78,,,78646000BK0284,,,10,,5,,,,,,,,2,4,Local industriel. commercial ou assimilé,87,0,,,,,,2.15318,48.797896
