id_mutation,date_mutation,numero_disposition,nature_mutation,valeur_fonciere,adresse_numero,adresse_suffixe,adresse_nom_voie,adresse_code_voie,code_postal,code_commune,nom_commune,code_departement,ancien_code_commune,ancien_nom_commune,id_parcelle,ancien_id_parcelle,numero_volume,lot1_numero,lot1_surface_carrez,lot2_numero,lot2_surface_carrez,lot3_numero,lot3_surface_carrez,lot4_numero,lot4_surface_carrez,lot5_numero,lot5_surface_carrez,nombre_lots,code_type_local,type_local,surface_reelle_bati,nombre_pieces_principales,code_nature_culture,nature_culture,code_nature_culture_speciale,nature_culture_speciale,surface_terrain,longitude,latitude
2022-1290245,2022-01-05,000001,Vente,487923,79,B,RUE DU MAL FOCH,1810,78000,78646,Versailles,78,,,78646000AD0353,,,14,66.29,9,,,,,,,,2,2,Appartement,66,4,,,,,,2.135383,48.813477
2022-1290245,2022-01-05,000001,Vente,487923,79,B,RUE DU MAL FOCH,1810,78000,78646,Versailles,78,,,78646000AD0353,,,14,66.29,9,,,,,,,,2,3,Dépendance,,0,,,,,,2.135383,48.813477
2022-1290317,2022-01-07,000001,Vente,540000,57,,RUE BERTHIER,0370,78000,78646,Versailles,78,,,78646000AD0287,,,13,,,,,,,,,,1,3,Dépendance,,0,,,,,,2.132318,48.811278
2022-1290317,2022-01-07,000001,Vente,540000,57,,RUE BERTHIER,0370,78000,78646,Versailles,78,,,78646000AD0287,,,23,,4,,40,,,,,,3,3,Dépendance,,0,,,,,,2.132318,48.811278
2022-1290317,2022-01-07,000001,Vente,540000,57,,RUE BERTHIER,0370,78000,78646,Versailles,78,,,78646000AD0287,,,23,,4,,40,,,,,,3,2,Appartement,77,3,,,,,,2.132318,48.811278
2022-1290323,2022-01-06,000001,Vente,580000,2,,RUE DE SAVOIE,2970,78000,78646,Versailles,78,,,78646000AC0175,,,1,61.21,14,,,,,,,,2,2,Appartement,55,1,,,,,,2.125484,48.811043
2022-1290323,2022-01-06,000001,Vente,580000,2,,RUE DE SAVOIE,2970,78000,78646,Versailles,78,,,78646000AC0175,,,1,61.21,14,,,,,,,,2,3,Dépendance,,0,,,,,,2.125484,48.811043
2022-1290324,2022-01-10,000001,Vente,124000,16,,RUE DU PARC DE CLAGNY,2171,78000,78646,Versailles,78,,,78646000AP0099,,,50,15.11,,,,,,,,,1,3,Dépendance,,0,,,,,,2.141446,48.81293
2022-1290325,2022-01-05,000001,Vente,368000,1,T,RUE SAINT MEDERIC,2840,78000,78646,Versailles,78,,,78646000BT0098,,,11,,2,69.7,,,,,,,2,3,Dépendance,,0,,,,,,2.128123,48.796223
2022-1290325,2022-01-05,000001,Vente,368000,1,T,RUE SAINT MEDERIC,2840,78000,78646,Versailles,78,,,78646000BT0098,,,11,,2,69.7,,,,,,,2,2,Appartement,70,3,,,,,,2.128123,48.796223
2022-1290353,2022-01-10,000001,Vente,490000,6,,RUE LOUIS HAUSSMANN,1679,78000,78646,Versailles,78,,,78646000AS0036,,,182,64.04,99,,,,,,,,2,3,Dépendance,,0,,,,,,2.147113,48.809569
2022-1290353,2022-01-10,000001,Vente,490000,6,,RUE LOUIS HAUSSMANN,1679,78000,78646,Versailles,78,,,78646000AS0036,,,163,,,,,,,,,,1,3,Dépendance,,0,,,,,,2.147113,48.809569
2022-1290353,2022-01-10,000001,Vente,490000,6,,RUE LOUIS HAUSSMANN,1679,78000,78646,Versailles,78,,,78646000AS0036,,,182,64.04,99,,,,,,,,2,2,Appartement,64,3,,,,,,2.147113,48.809569
2022-1290391,2022-01-06,000001,Vente,511000,7,,AV DE LA TRANQUILLITE,3055,78000,78646,Versailles,78,,,78646000AZ0110,,,611,,830,115.25,,,,,,,2,3,Dépendance,,0,,,,,,2.158672,48.8041
2022-1290391,2022-01-06,000001,Vente,511000,5,,RUE DE L ECOLE DES POSTES,0850,78000,78646,Versailles,78,,,78646000AZ0110,,,3287,,,,,,,,,,1,3,Dépendance,,0,,,,,,2.158672,48.8041
2022-1290391,2022-01-06,000001,Vente,511000,7,,AV DE LA TRANQUILLITE,3055,78000,78646,Versailles,78,,,78646000AZ0110,,,611,,830,115.25,,,,,,,2,2,Appartement,117,5,,,,,,2.158672,48.8041
2022-1290426,2022-01-11,000001,Vente,615196,9,B,RUE JEAN DE LA BRUYERE,1560,78000,78646,Versailles,78,,,78646000AO0205,,,1043,,1143,,,,,,,,2,3,Dépendance,,0,,,,,,2.146857,48.813978
2022-1290426,2022-01-11,000001,Vente,615196,1,,ALL LA BRUYERE,1557,78000,78646,Versailles,78,,,78646000AO0205,,,1815,,,,,,,,,,1,3,Dépendance,,0,,,,,,2.146857,48.813978
2022-1290426,2022-01-11,000001,Vente,615196,1,,ALL LA BRUYERE,1557,78000,78646,Versailles,78,,,78646000AO0205,,,1622,,,,,,,,,,1,3,Dépendance,,0,,,,,,2.146857,48.813978
2022-1290426,2022-01-11,000001,Vente,615196,9,B,RUE JEAN DE LA BRUYERE,1560,78000,78646,Versailles,78,,,78646000AO0205,,,1043,,1143,,,,,,,,2,2,Appartement,106,5,,,,,,2.146857,48.813978
2022-1290426,2022-01-11,000001,Vente,615196,9,B,RUE JEAN DE LA BRUYERE,1560,78000,78646,Versailles,78,,,78646000AO0205,,,1043,,1143,,,,,,,,2,3,Dépendance,,0,,,,,,2.146857,48.813978
2022-1290447,2022-01-07,000001,Vente,514100,5,,RUE DE L ECOLE DES POSTES,0850,78000,78646,Versailles,78,,,78646000AZ0110,,,649,,,,,,,,,,1,3,Dépendance,,0,,,,,,2.158672,48.8041
2022-1290447,2022-01-07,000001,Vente,514100,15,,PL ROYALE,2650,78000,78646,Versailles,78,,,78646000AZ0110,,,1305,,1345,117.27,,,,,,,2,3,Dépendance,,0,,,,,,2.158672,48.8041
2022-1290447,2022-01-07,000001,Vente,514100,15,,PL ROYALE,2650,78000,78646,Versailles,78,,,78646000AZ0110,,,1305,,1345,117.27,,,,,,,2,2,Appartement,119,5,,,,,,2.158672,48.8041
2022-1290460,2022-01-11,000001,Vente,321000,77,,RUE DU MAL FOCH,1810,78000,78646,Versailles,78,,,78646000AD0351,,,28,,60,,,,,,,,2,4,Local industriel. commercial ou assimilé,51,0,,,,,,2.135554,48.813172
2022-1290460,2022-01-11,000001,Vente,321000,77,,RUE DU MAL FOCH,1810,78000,78646,Versailles,78,,,78646000AD0351,,,67,,,,,,,,,,1,3,Dépendance,,0,,,,,,2.135554,48.813172
2022-1290465,2022-01-06,000001,Vente,325000,3,,PAS SAINT PIERRE,2870,78000,78646,Versailles,78,,,78646000AI0010,,,3,56.54,,,,,,,,,1,2,Appartement,52,3,,,,,,2.131454,48.804296
2022-1290465,2022-01-06,000001,Vente,325000,3,,PAS SAINT PIERRE,2870,78000,78646,Versailles,78,,,78646000AI0010,,,3,56.54,,,,,,,,,1,3,Dépendance,,0,,,,,,2.131454,48.804296
2022-1290469,2022-01-07,000001,Vente,521213,64,,RUE DES CHANTIERS,0530,78000,78646,Versailles,78,,,78646000BL0326,,,518,,79,84.66,,,,,,,2,2,Appartement,83,3,,,,,,2.143523,48.792624
2022-1290469,2022-01-07,000001,Vente,521213,64,,RUE DES CHANTIERS,0530,78000,78646,Versailles,78,,,78646000BL0326,,,518,,79,84.66,,,,,,,2,3,Dépendance,,0,,,,,,2.143523,48.792624
2022-1290469,2022-01-07,000001,Vente,521213,64,,RUE DES CHANTIERS,0530,78000,78646,Versailles,78,,,78646000BL0326,,,341,,,,,,,,,,1,3,Dépendance,,0,,,,,,2.143523,48.792624
2022-1290470,2022-01-06,000001,Vente,18000,98,,AV DE PARIS,2180,78000,78646,Versailles,78,,,78646000BK0001,,,401,,,,,,,,,,1,3,Dépendance,,0,,,,,,2.149414,48.797242
2022-1290473,2022-01-11,000001,Vente,1093040,23,,RUE SAINT CHARLES,2710,78000,78646,Versailles,78,,,78646000AX0384,,,,,,,,,,,,,0,1,Maison,115,6,S,sols,,,237,2.148733,48.802529
2022-1290477,2022-01-13,000001,Vente,315000,12,,AV DE PORCHEFONTAINE,2380,78000,78646,Versailles,78,,,78646000BK0021,,,242,,286,54.69,,,,,,,2,2,Appartement,53,2,,,,,,2.152071,48.797176
2022-1290477,2022-01-13,000001,Vente,315000,12,,AV DE PORCHEFONTAINE,2380,78000,78646,Versailles,78,,,78646000BK0021,,,1682,,,,,,,,,,1,3,Dépendance,,0,,,,,,2.152071,48.797176
2022-1290477,2022-01-13,000001,Vente,315000,12,,AV DE PORCHEFONTAINE,2380,78000,78646,Versailles,78,,,78646000BK0021,,,242,,286,54.69,,,,,,,2,3,Dépendance,,0,,,,,,2.152071,48.797176
2022-1290493,2022-01-07,000001,Vente en l'état futur d'achèvement,444000,104,,AV DE PARIS,2180,78000,78646,Versailles,78,,,78646000BK0019,,,61,,,,,,,,,,1,,,,,,,,,,2.150393,48.797197
2022-1290493,2022-01-07,000001,Vente en l'état futur d'achèvement,444000,104,,AV DE PARIS,2180,78000,78646,Versailles,78,,,78646000BK0019,,,40,,,,,,,,,,1,,,,,,,,,,2.150393,48.797197
2022-1290493,2022-01-07,000001,Vente en l'état futur d'achèvement,444000,104,,AV DE PARIS,2180,78000,78646,Versailles,78,,,78646000BK0019,,,62,,,,,,,,,,1,,,,,,,,,,2.150393,48.797197
2022-1290536,2022-01-04,000001,Vente,980000,2,,IMP DU DOC WAPLER,0810,78000,78646,Versailles,78,,,78646000BP0259,,,2,93.32,,,,,,,,,1,2,Appartement,94,4,,,,,,2.135544,48.803251
2022-1290536,2022-01-04,000001,Vente,980000,2,,IMP DU DOC WAPLER,0810,78000,78646,Versailles,78,,,78646000BP0259,,,8,,,,,,,,,,1,3,Dépendance,,0,,,,,,2.135544,48.803251
2022-1290536,2022-01-04,000001,Vente,980000,2,,IMP DU DOC WAPLER,0810,78000,78646,Versailles,78,,,78646000BP0259,,,15,,,,,,,,,,1,3,Dépendance,,0,,,,,,2.135544,48.803251
2022-1290559,2022-01-13,000001,Vente,410000,5,,RUE DE L ECOLE DES POSTES,0850,78000,78646,Versailles,78,,,78646000AZ0110,,,3863,,,,,,,,,,1,3,Dépendance,,0,,,,,,2.158672,48.8041
2022-1290559,2022-01-13,000001,Vente,410000,32,,PROM MONA LISA,1965,78000,78646,Versailles,78,,,78646000AZ0110,,,2156,,2186,65.33,,,,,,,2,2,Appartement,67,3,,,,,,2.158672,48.8041
2022-1290579,2022-01-06,000001,Vente,1140000,3,,RUE RENE AUBERT,2565,78000,78646,Versailles,78,,,78646000AK0128,,,27,,,,,,,,,,1,3,Dépendance,,0,,,,,,2.135395,48.811376
2022-1290579,2022-01-06,000001,Vente,1140000,3,,RUE RENE AUBERT,2565,78000,78646,Versailles,78,,,78646000AK0128,,,20,,22,,8,156.23,,,,,3,3,Dépendance,,0,,,,,,2.135395,48.811376
2022-1290579,2022-01-06,000001,Vente,1140000,3,,RUE RENE AUBERT,2565,78000,78646,Versailles,78,,,78646000AK0128,,,20,,22,,8,156.23,,,,,3,2,Appartement,155,5,,,,,,2.135395,48.811376
2022-1290579,2022-01-06,000001,Vente,1140000,3,,RUE RENE AUBERT,2565,78000,78646,Versailles,78,,,78646000AK0128,,,20,,22,,8,156.23,,,,,3,3,Dépendance,,0,,,,,,2.135395,48.811376
2022-1290654,2022-01-06,000001,Vente,1150000,17,,RUE DES DEUX PORTES,0780,78000,78646,Versailles,78,,,78646000AE0478,,,,,,,,,,,,,0,,,,,S,sols,,,131,2.130366,48.806238
2022-1290666,2022-01-14,000001,Vente,473700,10,,RUE BAILLY,0280,78000,78646,Versailles,78,,,78646000AH0040,,,4,56.78,,,,,,,,,1,2,Appartement,55,3,,,,,,2.122747,48.800982
2022-1290673,2022-01-13,000001,Vente,510000,24,,RUE JACQUES LEMERCIER,1420,78000,78646,Versailles,78,,,78646000AO0020,,,134,116.77,183,,,,,,,,2,3,Dépendance,,0,,,,,,2.150001,48.814605
2022-1290673,2022-01-13,000001,Vente,510000,24,,RUE JACQUES LEMERCIER,1420,78000,78646,Versailles,78,,,78646000AO0020,,,214,,,,,,,,,,1,3,Dépendance,,0,,,,,,2.150001,48.814605
2022-1290673,2022-01-13,000001,Vente,510000,24,,RUE JACQUES LEMERCIER,1420,78000,78646,Versailles,78,,,78646000AO0020,,,134,116.77,183,,,,,,,,2,2,Appartement,116,5,,,,,,2.150001,48.814605
2022-1290684,2022-01-11,000001,Vente,1963600,32,,BD DE LA REINE,2520,78000,78646,Versailles,78,,,78646000AE0015,,,,,,,,,,,,,0,1,Maison,150,8,S,sols,,,157,2.127628,48.809142
2022-1290712,2022-01-19,000001,Vente,218000,77,,RUE ROYALE,2648,78000,78646,Versailles,78,,,78646000BW0001,,,20,,,,,,,,,,1,2,Appartement,30,2,,,,,,2.125728,48.795612
2022-1290712,2022-01-19,000001,Vente,218000,77,,RUE ROYALE,2648,78000,78646,Versailles,78,,,78646000BW0001,,,20,,,,,,,,,,1,3,Dépendance,,0,,,,,,2.125728,48.795612
2022-1290744,2022-01-07,000001,Vente,4850000,149,,BD DE LA REINE,2520,78000,78646,Versailles,78,,,78646000AR0076,,2,,,,,,,,,,,0,,,,,,,,,,2.144288,48.808498
2022-1290744,2022-01-07,000001,Vente,4850000,149,,BD DE LA REINE,2520,78000,78646,Versailles,78,,,78646000AR0076,,3,,,,,,,,,,,0,,,,,,,,,,2.144288,48.808498
2022-1290745,2022-01-12,000001,Vente,506500,43,,RUE CARNOT,0440,78000,78646,Versailles,78,,,78646000AE0257,,,7,60.02,9,,,,,,,,2,3,Dépendance,,0,,,,,,2.130324,48.805587
2022-1290745,2022-01-12,000001,Vente,506500,43,,RUE CARNOT,0440,78000,78646,Versailles,78,,,78646000AE0257,,,7,60.02,9,,,,,,,,2,2,Appartement,70,3,,,,,,2.130324,48.805587
2022-1290747,2022-01-12,000001,Vente,450000,21,,RUE DES TOURNELLES,3050,78000,78646,Versailles,78,,,78646000BT0187,,,17,,8,,,,,,,,2,2,Appartement,63,3,,,,,,2.128261,48.797846
2022-1290747,2022-01-12,000001,Vente,450000,21,,RUE DES TOURNELLES,3050,78000,78646,Versailles,78,,,78646000BT0187,,,17,,8,,,,,,,,2,3,Dépendance,,0,,,,,,2.128261,48.797846
2022-1290748,2022-01-14,000001,Vente,1825400,1,,RUE L ABBE DE L EPEE,0010,78000,78646,Versailles,78,,,78646000AI0247,,,,,,,,,,,,,0,4,Local industriel. commercial ou assimilé,20,0,S,sols,,,93,2.135715,48.80598
2022-1290748,2022-01-14,000001,Vente,1825400,1,,RUE L ABBE DE L EPEE,0010,78000,78646,Versailles,78,,,78646000AI0247,,,,,,,,,,,,,0,1,Maison,150,6,S,sols,,,93,2.135715,48.80598
2022-1290748,2022-01-14,000001,Vente,1825400,7,,RUE RICHAUD,2610,78000,78646,Versailles,78,,,78646000AI0313,,,344,,,,,,,,,,1,3,Dépendance,,0,,,,,,2.135209,48.807376
2022-1290765,2022-01-20,000001,Vente,320000,12,,AV DE PORCHEFONTAINE,2380,78000,78646,Versailles,78,,,78646000BK0021,,,209,,,,,,,,,,1,3,Dépendance,,0,,,,,,2.152071,48.797176
2022-1290765,2022-01-20,000001,Vente,320000,12,,AV DE PORCHEFONTAINE,2380,78000,78646,Versailles,78,,,78646000BK0021,,,1698,,,,,,,,,,1,3,Dépendance,,0,,,,,,2.152071,48.797176
2022-1290765,2022-01-20,000001,Vente,320000,12,,AV DE PORCHEFONTAINE,2380,78000,78646,Versailles,78,,,78646000BK0021,,,230,,,,,,,,,,1,2,Appartement,55,2,,,,,,2.152071,48.797176
2022-1290794,2022-01-21,000001,Vente,390000,9,,RUE EDOUARD CHARTON,0890,78000,78646,Versailles,78,,,78646000BS0010,,,1,75.03,15,,2,,4,,,,4,2,Appartement,70,4,,,,,,2.130866,48.795669
2022-1290794,2022-01-21,000001,Vente,390000,9,,RUE EDOUARD CHARTON,0890,78000,78646,Versailles,78,,,78646000BS0010,,,1,75.03,15,,2,,4,,,,4,3,Dépendance,,0,,,,,,2.130866,48.795669
2022-1290808,2022-01-19,000001,Vente,625000,26,,RUE HENRI SIMON,1330,78000,78646,Versailles,78,,,78646000AW0006,,,1072,,1073,,,,,,,,2,3,Dépendance,,0,,,,,,2.15013,48.808121
2022-1290808,2022-01-19,000001,Vente,625000,26,,RUE HENRI SIMON,1330,78000,78646,Versailles,78,,,78646000AW0006,,,819,,843,,,,,,,,2,3,Dépendance,,0,,,,,,2.15013,48.808121
2022-1290808,2022-01-19,000001,Vente,625000,26,,RUE HENRI SIMON,1330,78000,78646,Versailles,78,,,78646000AW0006,,,819,,843,,,,,,,,2,2,Appartement,108,4,,,,,,2.15013,48.808121
2022-1290817,2022-01-24,000001,Vente,63000,58,,RUE DES CHANTIERS,0530,78000,78646,Versailles,78,,,78646000BL0327,,,195,,,,,,,,,,1,2,Appartement,15,1,,,,,,2.142467,48.792993
2022-1290857,2022-01-24,000001,Vente,1100000,21,,RUE REMONT,2560,78000,78646,Versailles,78,,,78646000BE0320,,,,,,,,,,,,,0,1,Maison,129,7,S,sols,,,411,2.161655,48.796083
2022-1290859,2022-01-24,000001,Vente,715000,6,,RUE DE LA PAROISSE,2190,78000,78646,Versailles,78,,,78646000AE0167,,,15,,31,,59,,,,,,3,2,Appartement,94,4,,,,,,2.125085,48.808278
2022-1290859,2022-01-24,000001,Vente,715000,6,,RUE DE LA PAROISSE,2190,78000,78646,Versailles,78,,,78646000AE0167,,,15,,31,,59,,,,,,3,3,Dépendance,,0,,,,,,2.125085,48.808278
2022-1290890,2022-01-21,000001,Vente,1091600,65,,BD DE LA REINE,2520,78000,78646,Versailles,78,,,78646000AD0070,,,49,102.35,87,,,,,,,,2,3,Dépendance,,0,,,,,,2.130472,48.809642
2022-1290890,2022-01-21,000001,Vente,1091600,65,,BD DE LA REINE,2520,78000,78646,Versailles,78,,,78646000AD0070,,,49,102.35,87,,,,,,,,2,2,Appartement,103,4,,,,,,2.130472,48.809642
2022-1290916,2022-01-10,000001,Vente,954850,1,,RUE EXELMANS,1020,78000,78646,Versailles,78,,,78646000AC0321,,,87,,,,,,,,,,1,1,Maison,105,4,,,,,,2.124532,48.813139
2022-1290916,2022-01-10,000001,Vente,954850,3,B,RUE EXELMANS,1020,78000,78646,Versailles,78,,,78646000AC0321,,,51,,,,,,,,,,1,3,Dépendance,,0,,,,,,2.124532,48.813139
2022-1290917,2022-01-20,000001,Vente,1587050,62,,RUE ALBERT JOLY,0050,78000,78646,Versailles,78,,,78646000AR0128,,,80,,,,,,,,,,1,3,Dépendance,,0,,,,,,2.144474,48.809334
2022-1290917,2022-01-20,000001,Vente,1587050,19,,RUE VICTOR BART,3160,78000,78646,Versailles,78,,,78646000AS0011,,,48,,,,,,,,,,1,3,Dépendance,,0,,,,,,2.145549,48.809854
2022-1290917,2022-01-20,000001,Vente,1587050,23,,RUE VICTOR BART,3160,78000,78646,Versailles,78,,,78646000AS0013,,,,,,,,,,,,,0,3,Dépendance,,0,S,sols,,,366,2.14572,48.809645
2022-1290917,2022-01-20,000001,Vente,1587050,23,,RUE VICTOR BART,3160,78000,78646,Versailles,78,,,78646000AS0013,,,,,,,,,,,,,0,3,Dépendance,,0,S,sols,,,366,2.14572,48.809645
2022-1290917,2022-01-20,000001,Vente,1587050,23,,RUE VICTOR BART,3160,78000,78646,Versailles,78,,,78646000AS0013,,,,,,,,,,,,,0,3,Dépendance,,0,S,sols,,,366,2.14572,48.809645
2022-1290917,2022-01-20,000001,Vente,1587050,23,,RUE VICTOR BART,3160,78000,78646,Versailles,78,,,78646000AS0013,,,,,,,,,,,,,0,1,Maison,148,6,S,sols,,,366,2.14572,48.809645
2022-1290927,2022-01-07,000001,Vente,452000,10,,RUE SAINTE FAMILLE,2740,78000,78646,Versailles,78,,,78646000BT0124,,,3,58.81,8,,,,,,,,2,2,Appartement,25,2,,,,,,2.126444,48.796127
2022-1290937,2022-01-13,000001,Vente,75000,14,,RUE DU PEINTRE LEBRUN,2220,78000,78646,Versailles,78,,,78646000AE0349,,,2,12.54,,,,,,,,,1,2,Appartement,18,1,,,,,,2.124568,48.805631
2022-1290967,2022-01-12,000001,Vente,190000,76,,AV DE PARIS,2180,78000,78646,Versailles,78,,,78646000BN0167,,,439,,,,,,,,,,1,3,Dépendance,,0,,,,,,2.142752,48.797871
2022-1290967,2022-01-12,000001,Vente,190000,76,,AV DE PARIS,2180,78000,78646,Versailles,78,,,78646000BN0167,,,440,,,,,,,,,,1,3,Dépendance,,0,,,,,,2.142752,48.797871
2022-1291009,2022-01-05,000001,Vente,16000,39,,BD DU ROI,2641,78000,78646,Versailles,78,,,78646000AC0108,,,114,,,,,,,,,,1,3,Dépendance,,0,,,,,,2.127742,48.814503
2022-1291072,2022-01-24,000001,Vente,740000,13,,RUE DU GENERAL PERSHING,1170,78000,78646,Versailles,78,,,78646000AO0068,,,133,,,,,,,,,,1,3,Dépendance,,0,,,,,,2.148928,48.817113
2022-1291072,2022-01-24,000001,Vente,740000,13,,RUE DU GENERAL PERSHING,1170,78000,78646,Versailles,78,,,78646000AO0068,,,526,,,,,,,,,,1,3,Dépendance,,0,,,,,,2.148928,48.817113
2022-1291072,2022-01-24,000001,Vente,740000,13,,RUE DU GENERAL PERSHING,1170,78000,78646,Versailles,78,,,78646000AO0068,,,525,,,,,,,,,,1,3,Dépendance,,0,,,,,,2.148928,48.817113
2022-1291072,2022-01-24,000001,Vente,740000,13,,RUE DU GENERAL PERSHING,1170,78000,78646,Versailles,78,,,78646000AO0068,,,133,,,,,,,,,,1,2,Appartement,105,4,,,,,,2.148928,48.817113
2022-1291089,2022-01-05,000001,Vente,458300,5,,RUE CHAMP LAGARDE,0490,78000,78646,Versailles,78,,,78646000BP0207,,,82,,,,,,,,,,1,3,Dépendance,,0,,,,,,2.144353,48.801239
2022-1291089,2022-01-05,000001,Vente,458300,5,,RUE CHAMP LAGARDE,0490,78000,78646,Versailles,78,,,78646000BP0207,,,39,,4,73.09,,,,,,,2,2,Appartement,76,3,,,,,,2.144353,48.801239
2022-1291089,2022-01-05,000001,Vente,458300,5,,RUE CHAMP LAGARDE,0490,78000,78646,Versailles,78,,,78646000BP0207,,,39,,4,73.09,,,,,,,2,3,Dépendance,,0,,,,,,2.144353,48.801239
2022-1291096,2022-01-20,000001,Vente,420000,21,,RUE JOUVENCEL,1520,78000,78646,Versailles,78,,,78646000AI0029,,,30,54.26,8,,,,,,,,2,2,Appartement,55,3,,,,,,2.134246,48.803041
2022-1291096,2022-01-20,000001,Vente,420000,21,,RUE JOUVENCEL,1520,78000,78646,Versailles,78,,,78646000AI0029,,,30,54.26,8,,,,,,,,2,3,Dépendance,,0,,,,,,2.134246,48.803041
2022-1291118,2022-01-04,000001,Vente,481400,10,,AV DE LA TRANQUILLITE,3055,78000,78646,Versailles,78,,,78646000AZ0110,,,120,,218,101.33,,,,,,,2,2,Appartement,102,4,,,,,,2.158672,48.8041
2022-1291118,2022-01-04,000001,Vente,481400,10,,AV DE LA TRANQUILLITE,3055,78000,78646,Versailles,78,,,78646000AZ0110,,,120,,218,101.33,,,,,,,2,3,Dépendance,,0,,,,,,2.158672,48.8041
2022-1291118,2022-01-04,000001,Vente,481400,5,,RUE DE L ECOLE DES POSTES,0850,78000,78646,Versailles,78,,,78646000AZ0110,,,2787,,,,,,,,,,1,3,Dépendance,,0,,,,,,2.158672,48.8041
2022-1291129,2022-01-21,000001,Vente,1216200,66,,RUE DU MAL FOCH,1810,78000,78646,Versailles,78,,,78646000AK0038,,,113,,,,,,,,,,1,3,Dépendance,,0,,,,,,2.135967,48.812211
2022-1291129,2022-01-21,000001,Vente,1216200,66,,RUE DU MAL FOCH,1810,78000,78646,Versailles,78,,,78646000AK0038,,,19,,4,140.86,,,,,,,2,2,Appartement,140,5,,,,,,2.135967,48.812211
2022-1291129,2022-01-21,000001,Vente,1216200,66,,RUE DU MAL FOCH,1810,78000,78646,Versailles,78,,,78646000AK0038,,,19,,4,140.86,,,,,,,2,3,Dépendance,,0,,,,,,2.135967,48.812211
2022-1291138,2022-01-20,000001,Vente en l'état futur d'achèvement,406000,104,,AV DE PARIS,2180,78000,78646,Versailles,78,,,78646000BK0019,,,87,,,,,,,,,,1,,,,,,,,,,2.150393,48.797197
2022-1291138,2022-01-20,000001,Vente en l'état futur d'achèvement,406000,104,,AV DE PARIS,2180,78000,78646,Versailles,78,,,78646000BK0019,,,51,,,,,,,,,,1,,,,,,,,,,2.150393,48.797197
2022-1291151,2022-01-19,000001,Vente,525075,2,,RUE ALEXIS DE TOCQUEVILLE,0128,78000,78646,Versailles,78,,,78646000BS0226,,,4356,,,,,,,,,,1,3,Dépendance,,0,,,,,,2.132076,48.794722
2022-1291151,2022-01-19,000001,Vente,525075,2,,RUE ALEXIS DE TOCQUEVILLE,0128,78000,78646,Versailles,78,,,78646000BS0226,,,4093,,,,,,,,,,1,2,Appartement,60,3,,,,,,2.132076,48.794722
2022-1291167,2022-01-19,000001,Vente,135500,35,,RUE DE L ORANGERIE,2110,78000,78646,Versailles,78,,,78646000AH0125,,,113,13.54,,,,,,,,,1,2,Appartement,13,1,,,,,,2.124132,48.800032
2022-1291180,2022-01-27,000001,Vente,1206480,4,,AV DE SCEAUX,2980,78000,78646,Versailles,78,,,78646000AH0156,,,32,,,,,,,,,,1,3,Dépendance,,0,,,,,,2.125731,48.80058
2022-1291180,2022-01-27,000001,Vente,1206480,4,B,AV DE SCEAUX,2980,78000,78646,Versailles,78,,,78646000AH0157,,,3,153.72,5,,,,,,,,2,2,Appartement,160,6,,,,,,2.125938,48.800594
2022-1291180,2022-01-27,000001,Vente,1206480,4,B,AV DE SCEAUX,2980,78000,78646,Versailles,78,,,78646000AH0157,,,6,,,,,,,,,,1,3,Dépendance,,0,,,,,,2.125938,48.800594
2022-1291181,2022-01-21,000001,Vente,607380,140,,RUE REMONT,2560,78000,78646,Versailles,78,,,78646000BI0337,,,,,,,,,,,,,0,3,Dépendance,,0,S,sols,,,333,2.15225,48.789462
2022-1291181,2022-01-21,000001,Vente,607380,140,,RUE REMONT,2560,78000,78646,Versailles,78,,,78646000BI0337,,,,,,,,,,,,,0,1,Maison,95,3,S,sols,,,333,2.15225,48.789462
2022-1291182,2022-01-12,000001,Vente,301000,17,T,RUE DU PONT COLBERT,2370,78000,78646,Versailles,78,,,78646000BI0022,,,332,63.66,,,,,,,,,1,2,Appartement,64,4,,,,,,2.149624,48.789909
2022-1291182,2022-01-12,000001,Vente,301000,17,T,RUE DU PONT COLBERT,2370,78000,78646,Versailles,78,,,78646000BI0022,,,332,63.66,,,,,,,,,1,3,Dépendance,,0,,,,,,2.149624,48.789909
2022-1291182,2022-01-12,000001,Vente,301000,17,T,RUE DU PONT COLBERT,2370,78000,78646,Versailles,78,,,78646000BI0022,,,598,,,,,,,,,,1,3,Dépendance,,0,,,,,,2.149624,48.789909
2022-1291193,2022-01-28,000001,Vente,1331800,58,,RUE ALBERT SARRAUT,0080,78000,78646,Versailles,78,,,78646000BL0081,,,,,,,,,,,,,0,3,Dépendance,,0,S,sols,,,310,2.1491,48.793713
2022-1291193,2022-01-28,000001,Vente,1331800,58,,RUE ALBERT SARRAUT,0080,78000,78646,Versailles,78,,,78646000BL0081,,,,,,,,,,,,,0,3,Dépendance,,0,S,sols,,,310,2.1491,48.793713
2022-1291193,2022-01-28,000001,Vente,1331800,58,,RUE ALBERT SARRAUT,0080,78000,78646,Versailles,78,,,78646000BL0081,,,,,,,,,,,,,0,4,Local industriel. commercial ou assimilé,74,0,S,sols,,,310,2.1491,48.793713
2022-1291193,2022-01-28,000001,Vente,1331800,58,,RUE ALBERT SARRAUT,0080,78000,78646,Versailles,78,,,78646000BL0081,,,,,,,,,,,,,0,3,Dépendance,,0,S,sols,,,310,2.1491,48.793713
2022-1291193,2022-01-28,000001,Vente,1331800,58,,RUE ALBERT SARRAUT,0080,78000,78646,Versailles,78,,,78646000BL0081,,,,,,,,,,,,,0,2,Appartement,86,4,S,sols,,,310,2.1491,48.793713
2022-1291196,2022-01-27,000001,Vente,185000,28,,RUE DES RESERVOIRS,2580,78000,78646,Versailles,78,,,78646000AE0168,,,11,23.85,3,23.85,,,,,,,2,2,Appartement,23,1,,,,,,2.125021,48.808152
2022-1291202,2022-01-18,000001,Vente,255000,22,,RUE HOCHE,1350,78000,78646,Versailles,78,,,78646000AE0216,,,76,39.33,,,,,,,,,1,2,Appartement,44,1,,,,,,2.128924,48.806998
2022-1291202,2022-01-18,000001,Vente,255000,22,,RUE HOCHE,1350,78000,78646,Versailles,78,,,78646000AE0216,,,90,,,,,,,,,,1,4,Local industriel. commercial ou assimilé,43,0,,,,,,2.128924,48.806998
2022-1291203,2022-01-27,000001,Vente,470000,7,,RUE SAINT LOUIS,2810,78000,78646,Versailles,78,,,78646000BV0184,,,15,61.7,21,,22,,40,,,,4,3,Dépendance,,0,,,,,,2.124317,48.795686
2022-1291203,2022-01-27,000001,Vente,470000,7,,RUE SAINT LOUIS,2810,78000,78646,Versailles,78,,,78646000BV0184,,,15,61.7,21,,22,,40,,,,4,3,Dépendance,,0,,,,,,2.124317,48.795686
2022-1291203,2022-01-27,000001,Vente,470000,7,,RUE SAINT LOUIS,2810,78000,78646,Versailles,78,,,78646000BV0184,,,15,61.7,21,,22,,40,,,,4,3,Dépendance,,0,,,,,,2.124317,48.795686
2022-1291203,2022-01-27,000001,Vente,470000,7,,RUE SAINT LOUIS,2810,78000,78646,Versailles,78,,,78646000BV0184,,,15,61.7,21,,22,,40,,,,4,2,Appartement,55,3,,,,,,2.124317,48.795686
2022-1291204,2022-01-31,000001,Vente,785700,5,,RUE SAINTE SOPHIE,2890,78000,78646,Versailles,78,,,78646000AD0089,,,50,,,,,,,,,,1,3,Dépendance,,0,,,,,,2.132294,48.80992
2022-1291204,2022-01-31,000001,Vente,785700,32,B,RUE D ANGIVILLER,0170,78000,78646,Versailles,78,,,78646000AD0089,,,21,,29,70,,,,,,,2,1,Maison,79,2,,,,,,2.132294,48.80992
2022-1291207,2022-01-31,000001,Vente,219850,8,,PL ALEXANDRE 1E LOUIS BARTHOU,0100,78000,78646,Versailles,78,,,78646000AX0494,,,71,27.69,,,,,,,,,1,2,Appartement,51,2,,,,,,2.142044,48.80561
2022-1291234,2022-01-28,000001,Vente en l'état futur d'achèvement,618000,104,,AV DE PARIS,2180,78000,78646,Versailles,78,,,78646000BK0019,,,29,,,,,,,,,,1,,,,,,,,,,2.150393,48.797197
2022-1291234,2022-01-28,000001,Vente en l'état futur d'achèvement,618000,104,,AV DE PARIS,2180,78000,78646,Versailles,78,,,78646000BK0019,,,108,,,,,,,,,,1,,,,,,,,,,2.150393,48.797197
2022-1291280,2022-01-14,000001,Vente,390000,155,,BD DE LA REINE,2520,78000,78646,Versailles,78,,,78646000AR0073,,,19,,96,,,,,,,,2,4,Local industriel. commercial ou assimilé,56,0,,,,,,2.145056,48.808479
2022-1291310,2022-01-12,000001,Vente,4276000,3,,RUE DE MARLY,1860,78000,78646,Versailles,78,,,78646000AE0384,,,,,,,,,,,,,0,,,,,S,sols,,,5,2.125072,48.805321
2022-1291310,2022-01-12,000001,Vente,4276000,3,,RUE DE MARLY,1860,78000,78646,Versailles,78,,,78646000AE0385,,,,,,,,,,,,,0,4,Local industriel. commercial ou assimilé,168,0,S,sols,,,440,2.124975,48.805223
2022-1291310,2022-01-12,000001,Vente,4276000,3,,RUE DE MARLY,1860,78000,78646,Versailles,78,,,78646000AE0385,,,,,,,,,,,,,0,4,Local industriel. commercial ou assimilé,168,0,S,sols,,,440,2.124975,48.805223
2022-1291310,2022-01-12,000001,Vente,4276000,3,,RUE DE MARLY,1860,78000,78646,Versailles,78,,,78646000AE0385,,,,,,,,,,,,,0,4,Local industriel. commercial ou assimilé,168,0,S,sols,,,440,2.124975,48.805223
2022-1291310,2022-01-12,000001,Vente,4276000,3,,RUE DE MARLY,1860,78000,78646,Versailles,78,,,78646000AE0385,,,,,,,,,,,,,0,4,Local industriel. commercial ou assimilé,164,0,S,sols,,,440,2.124975,48.805223
2022-1291310,2022-01-12,000001,Vente,4276000,3,,RUE DE MARLY,1860,78000,78646,Versailles,78,,,78646000AE0385,,,,,,,,,,,,,0,4,Local industriel. commercial ou assimilé,168,0,S,sols,,,440,2.124975,48.805223
2022-1291310,2022-01-12,000001,Vente,4276000,3,,RUE DE MARLY,1860,78000,78646,Versailles,78,,,78646000AE0385,,,,,,,,,,,,,0,4,Local industriel. commercial ou assimilé,96,0,S,sols,,,440,2.124975,48.805223
2022-1291353,2022-01-31,000001,Vente,259000,19,,RUE JEAN MERMOZ,1460,78000,78646,Versailles,78,,,78646000BN0061,,,52,31.63,,,,,,,,,1,2,Appartement,47,2,,,,,,2.141058,48.796289
2022-1291359,2022-01-19,000001,Vente,303800,49,,RUE SAINT CHARLES,2710,78000,78646,Versailles,78,,,78646000AX0370,,,15,,,,,,,,,,1,2,Appartement,34,2,,,,,,2.147002,48.803729
2022-1291386,2022-01-06,000001,Vente,1110800,64,,RUE ALBERT SARRAUT,0080,78000,78646,Versailles,78,,,78646000BL0128,,,,,,,,,,,,,0,1,Maison,115,6,S,sols,,,241,2.148671,48.793496
2022-1291428,2022-01-26,000001,Vente,404000,4,,RUE SAINT JULIEN,2790,78000,78646,Versailles,78,,,78646000AH0004,,,34,46.37,35,,41,,45,,,,4,3,Dépendance,,0,,,,,,2.121962,48.802255
2022-1291428,2022-01-26,000001,Vente,404000,4,,RUE SAINT JULIEN,2790,78000,78646,Versailles,78,,,78646000AH0004,,,34,46.37,35,,41,,45,,,,4,2,Appartement,45,2,,,,,,2.121962,48.802255
2022-1291474,2022-01-26,000001,Vente,275000,84,,RUE ROYALE,2648,78000,78646,Versailles,78,,,78646000BW0111,,,8,,,,,,,,,,1,2,Appartement,34,2,,,,,,2.124311,48.794563
2022-1291482,2022-01-07,000001,Vente,8150000,149,,BD DE LA REINE,2520,78000,78646,Versailles,78,,,78646000AR0076,,1,,,,,,,,,,,0,,,,,,,,,,2.144288,48.808498
2022-1291482,2022-01-07,000001,Vente,8150000,149,,BD DE LA REINE,2520,78000,78646,Versailles,78,,,78646000AR0076,,10,,,,,,,,,,,0,,,,,,,,,,2.144288,48.808498
2022-1291482,2022-01-07,000001,Vente,8150000,149,,BD DE LA REINE,2520,78000,78646,Versailles,78,,,78646000AR0076,,11,,,,,,,,,,,0,,,,,,,,,,2.144288,48.808498
2022-1291482,2022-01-07,000001,Vente,8150000,149,,BD DE LA REINE,2520,78000,78646,Versailles,78,,,78646000AR0076,,4,,,,,,,,,,,0,,,,,,,,,,2.144288,48.808498
2022-1291482,2022-01-07,000001,Vente,8150000,149,,BD DE LA REINE,2520,78000,78646,Versailles,78,,,78646000AR0076,,5,,,,,,,,,,,0,,,,,,,,,,2.144288,48.808498
2022-1291482,2022-01-07,000001,Vente,8150000,149,,BD DE LA REINE,2520,78000,78646,Versailles,78,,,78646000AR0076,,6,,,,,,,,,,,0,,,,,,,,,,2.144288,48.808498
2022-1291482,2022-01-07,000001,Vente,8150000,149,,BD DE LA REINE,2520,78000,78646,Versailles,78,,,78646000AR0076,,7,,,,,,,,,,,0,,,,,,,,,,2.144288,48.808498
2022-1291482,2022-01-07,000001,Vente,8150000,149,,BD DE LA REINE,2520,78000,78646,Versailles,78,,,78646000AR0076,,8,,,,,,,,,,,0,,,,,,,,,,2.144288,48.808498
2022-1291482,2022-01-07,000001,Vente,8150000,149,,BD DE LA REINE,2520,78000,78646,Versailles,78,,,78646000AR0076,,9,,,,,,,,,,,0,,,,,,,,,,2.144288,48.808498
2022-1291492,2022-01-31,000001,Vente,1096200,10,,IMP NATTIER,2030,78000,78646,Versailles,78,,,78646000AD0345,,,10,,13,,9,118.07,,,,,3,3,Dépendance,,0,,,,,,2.134445,48.813121
2022-1291492,2022-01-31,000001,Vente,1096200,10,,IMP NATTIER,2030,78000,78646,Versailles,78,,,78646000AD0345,,,10,,13,,9,118.07,,,,,3,3,Dépendance,,0,,,,,,2.134445,48.813121
2022-1291492,2022-01-31,000001,Vente,1096200,10,,IMP NATTIER,2030,78000,78646,Versailles,78,,,78646000AD0345,,,10,,13,,9,118.07,,,,,3,2,Appartement,118,4,,,,,,2.134445,48.813121
2022-1291550,2022-01-20,000001,Vente,680000,9,,RUE DU PARC DE CLAGNY,2171,78000,78646,Versailles,78,,,78646000AK0183,,,19,,52,107.43,,,,,,,2,3,Dépendance,,0,,,,,,2.139976,48.809983
2022-1291550,2022-01-20,000001,Vente,680000,9,,RUE DU PARC DE CLAGNY,2171,78000,78646,Versailles,78,,,78646000AK0183,,,19,,52,107.43,,,,,,,2,2,Appartement,107,4,,,,,,2.139976,48.809983
2022-1291550,2022-01-20,000001,Vente,680000,9,,RUE DU PARC DE CLAGNY,2171,78000,78646,Versailles,78,,,78646000AK0183,,,69,,,,,,,,,,1,3,Dépendance,,0,,,,,,2.139976,48.809983
2022-1291550,2022-01-20,000001,Vente,680000,9,,RUE DU PARC DE CLAGNY,2171,78000,78646,Versailles,78,,,78646000AK0183,,,70,,,,,,,,,,1,3,Dépendance,,0,,,,,,2.139976,48.809983
2022-1291587,2022-01-31,000001,Vente,1927400,7,,CHE DU BELVEDERE,0330,78000,78646,Versailles,78,,,78646000BP0263,,,,,,,,,,,,,0,1,Maison,100,4,S,sols,,,773,2.139205,48.804772
2022-1291587,2022-01-31,000001,Vente,1927400,7,,CHE DU BELVEDERE,0330,78000,78646,Versailles,78,,,78646000BP0263,,,,,,,,,,,,,0,1,Maison,210,5,S,sols,,,773,2.139205,48.804772
2022-1291587,2022-01-31,000001,Vente,1927400,7,,CHE DU BELVEDERE,0330,78000,78646,Versailles,78,,,78646000BP0264,,,,,,,,,,,,,0,,,,,S,sols,,,195,2.139353,48.804591
2022-1291587,2022-01-31,000001,Vente,1927400,7,,CHE DU BELVEDERE,0330,78000,78646,Versailles,78,,,78646000BP0265,,,,,,,,,,,,,0,,,,,S,sols,,,148,2.139126,48.804499
2022-1291587,2022-01-31,000001,Vente,1927400,7,,CHE DU BELVEDERE,0330,78000,78646,Versailles,78,,,78646000BP0266,,,,,,,,,,,,,0,,,,,S,sols,,,34,2.139167,48.804608
2022-1291587,2022-01-31,000001,Vente,1927400,7,,CHE DU BELVEDERE,0330,78000,78646,Versailles,78,,,78646000BP0267,,,,,,,,,,,,,0,,,,,S,sols,,,45,2.139022,48.804447
2022-1291587,2022-01-31,000001,Vente,1927400,7,,CHE DU BELVEDERE,0330,78000,78646,Versailles,78,,,78646000BP0268,,,,,,,,,,,,,0,,,,,S,sols,,,42,2.138896,48.804463
2022-1291656,2022-01-14,000001,Vente,6000,71,,RUE DE LA PAROISSE,2190,78000,78646,Versailles,78,,,78646000AI0178,,,69,,,,,,,,,,1,3,Dépendance,,0,,,,,,2.134575,48.806443
2022-1291689,2022-01-28,000001,Vente,80000,1,,RUE PETIGNY,2230,78000,78646,Versailles,78,,,78646000AE0402,,,8,26.18,,,,,,,,,1,4,Local industriel. commercial ou assimilé,26,0,,,,,,2.125799,48.809109
2022-1291703,2022-01-14,000001,Vente,385000,46,,RUE DES BOURDONNAIS,0400,78000,78646,Versailles,78,,,78646000BW0030,,,23,48.51,27,,,,,,,,2,2,Appartement,34,2,,,,,,2.129529,48.794429
2022-1291709,2022-02-01,000001,Vente,2484000,1,T,IMP DE TOULOUSE,3030,78000,78646,Versailles,78,,,78646000AE0535,,,,,,,,,,,,,0,,,,,J,jardins,,,110,2.129525,48.806331
2022-1291741,2022-02-04,000001,Vente,500000,18,,AV DES ETATS UNIS,0990,78000,78646,Versailles,78,,,78646000AX0263,,,8,,,,,,,,,,1,2,Appartement,80,4,,,,,,2.14347,48.806371
2022-1291741,2022-02-04,000001,Vente,500000,18,,AV DES ETATS UNIS,0990,78000,78646,Versailles,78,,,78646000AX0263,,,8,,,,,,,,,,1,3,Dépendance,,0,,,,,,2.14347,48.806371
2022-1291747,2022-02-04,000001,Vente,272500,5,,RUE DE L ECOLE DES POSTES,0850,78000,78646,Versailles,78,,,78646000AZ0110,,,417,,,,,,,,,,1,3,Dépendance,,0,,,,,,2.158672,48.8041
2022-1291747,2022-02-04,000001,Vente,272500,2,,AV DE LA TRANQUILLITE,3055,78000,78646,Versailles,78,,,78646000AZ0110,,,377,,449,,,,,,,,2,3,Dépendance,,0,,,,,,2.158672,48.8041
2022-1291747,2022-02-04,000001,Vente,272500,2,,AV DE LA TRANQUILLITE,3055,78000,78646,Versailles,78,,,78646000AZ0110,,,377,,449,,,,,,,,2,2,Appartement,51,2,,,,,,2.158672,48.8041
2022-1291748,2022-02-04,000001,Vente,724280,23,,RUE HENRI SIMON,1330,78000,78646,Versailles,78,,,78646000AX0116,,,28,,5,92.05,,,,,,,2,3,Dépendance,,0,,,,,,2.148304,48.806521
2022-1291748,2022-02-04,000001,Vente,724280,23,,RUE HENRI SIMON,1330,78000,78646,Versailles,78,,,78646000AX0116,,,9,,,,,,,,,,1,3,Dépendance,,0,,,,,,2.148304,48.806521
2022-1291748,2022-02-04,000001,Vente,724280,23,,RUE HENRI SIMON,1330,78000,78646,Versailles,78,,,78646000AX0116,,,28,,5,92.05,,,,,,,2,2,Appartement,91,5,,,,,,2.148304,48.806521
2022-1291757,2022-01-28,000001,Vente,20000,8,,RUE JEAN MERMOZ,1460,78000,78646,Versailles,78,,,78646000BN0035,,,50,,,,,,,,,,1,3,Dépendance,,0,,,,,,2.142529,48.797184
2022-1291808,2022-01-21,000001,Vente,443500,28,,RUE DES ETATS GENERAUX,0980,78000,78646,Versailles,78,,,78646000BR0125,,,59,,65,77.02,,,,,,,2,2,Appartement,77,2,,,,,,2.134083,48.798177
2022-1291817,2022-01-28,000001,Vente,31000,19,B,RUE DU PONT COLBERT,2370,78000,78646,Versailles,78,,,78646000BI0284,,,92,,,,,,,,,,1,3,Dépendance,,0,,,,,,2.151506,48.789725
2022-1291846,2022-01-27,000001,Vente,535000,9,,RUE DE LA PAROISSE,2190,78000,78646,Versailles,78,,,78646000AE0157,,,7,57.67,8,,9,,,,,,3,3,Dépendance,,0,,,,,,2.126478,48.808351
2022-1291846,2022-01-27,000001,Vente,535000,9,,RUE DE LA PAROISSE,2190,78000,78646,Versailles,78,,,78646000AE0157,,,7,57.67,8,,9,,,,,,3,2,Appartement,57,3,,,,,,2.126478,48.808351
2022-1291868,2022-01-10,000001,Vente,132000,58,,RUE DES CHANTIERS,0530,78000,78646,Versailles,78,,,78646000BL0327,,,166,,,,,,,,,,1,2,Appartement,19,1,,,,,,2.142467,48.792993
2022-1291868,2022-01-10,000001,Vente,132000,58,,RUE DES CHANTIERS,0530,78000,78646,Versailles,78,,,78646000BL0327,,,203,,,,,,,,,,1,2,Appartement,10,1,,,,,,2.142467,48.792993
2022-1291906,2022-01-28,000001,Vente,398000,10,,RUE BERTHIER,0370,78000,78646,Versailles,78,,,78646000AC0164,,,10,53.01,15,,,,,,,,2,3,Dépendance,,0,,,,,,2.125708,48.811639
2022-1291906,2022-01-28,000001,Vente,398000,10,,RUE BERTHIER,0370,78000,78646,Versailles,78,,,78646000AC0164,,,10,53.01,15,,,,,,,,2,2,Appartement,43,3,,,,,,2.125708,48.811639
2022-1291911,2022-01-19,000001,Vente,2000000,2,T,AV DE SCEAUX,2980,78000,78646,Versailles,78,,,78646000AH0155,,,1,,10,,11,,12,,13,,20,1,Maison,345,13,,,,,,2.125615,48.80078
2022-1291940,2022-02-08,000001,Vente,545750,20,,PROM MONA LISA,1965,78000,78646,Versailles,78,,,78646000AZ0110,,,1995,,2006,100.24,,,,,,,2,2,Appartement,102,4,,,,,,2.158672,48.8041
2022-1291940,2022-02-08,000001,Vente,545750,20,,PROM MONA LISA,1965,78000,78646,Versailles,78,,,78646000AZ0110,,,1995,,2006,100.24,,,,,,,2,3,Dépendance,,0,,,,,,2.158672,48.8041
2022-1291940,2022-02-08,000001,Vente,545750,5,,RUE DE L ECOLE DES POSTES,0850,78000,78646,Versailles,78,,,78646000AZ0110,,,3842,,,,,,,,,,1,3,Dépendance,,0,,,,,,2.158672,48.8041
2022-1291946,2022-02-09,000001,Vente,1325,106,,BD DE LA REINE,2520,78000,78646,Versailles,78,,,78646000AX0005,,,5,,,,,,,,,,1,2,Appartement,140,5,,,,,,2.142013,48.807867
2022-1291946,2022-02-09,000001,Vente,1325,106,,BD DE LA REINE,2520,78000,78646,Versailles,78,,,78646000AX0005,,,5,,,,,,,,,,1,3,Dépendance,,0,,,,,,2.142013,48.807867
2022-1291963,2022-01-19,000001,Vente,1400000,2,T,AV DE SCEAUX,2980,78000,78646,Versailles,78,,,78646000AH0155,,,1,,10,,11,,12,,13,,20,1,Maison,345,13,,,,,,2.125615,48.80078
2022-1291995,2022-01-28,000001,Vente,1645000,51,,RUE D ANGIVILLER,0170,78000,78646,Versailles,78,,,78646000AD0109,,,20,,9,119.54,,,,,,,2,3,Dépendance,,0,,,,,,2.133121,48.810177
2022-1291995,2022-01-28,000001,Vente,1645000,51,,RUE D ANGIVILLER,0170,78000,78646,Versailles,78,,,78646000AD0109,,,20,,9,119.54,,,,,,,2,2,Appartement,115,4,,,,,,2.133121,48.810177
2022-1291995,2022-01-28,000001,Vente,1645000,51,,RUE D ANGIVILLER,0170,78000,78646,Versailles,78,,,78646000AD0411,,,,,,,,,,,,,0,3,Dépendance,,0,S,sols,,,570,2.133123,48.810313
2022-1291996,2022-02-04,000001,Vente,2646300,18,,RUE ALEXANDRE LANGE,0120,78000,78646,Versailles,78,,,78646000AL0105,,,,,,,,,,,,,0,3,Dépendance,,0,S,sols,,,659,2.138704,48.815692
2022-1291996,2022-02-04,000001,Vente,2646300,18,,RUE ALEXANDRE LANGE,0120,78000,78646,Versailles,78,,,78646000AL0105,,,,,,,,,,,,,0,1,Maison,300,8,S,sols,,,659,2.138704,48.815692
2022-1292000,2022-01-13,000001,Vente,1328900,32,,RUE DE MONTREUIL,2000,78000,78646,Versailles,78,,,78646000AX0316,,,,,,,,,,,,,0,1,Maison,150,6,S,sols,,,253,2.145039,48.804601
2022-1292061,2022-01-21,000001,Vente,450000,5,,RUE DE L ECOLE DES POSTES,0850,78000,78646,Versailles,78,,,78646000AZ0110,,,3462,,,,,,,,,,1,3,Dépendance,,0,,,,,,2.158672,48.8041
2022-1292061,2022-01-21,000001,Vente,450000,5,,BD JEUX OLYMPIQUES,1495,78000,78646,Versailles,78,,,78646000AZ0110,,,1020,99.94,872,,,,,,,,2,2,Appartement,102,4,,,,,,2.158672,48.8041
2022-1292061,2022-01-21,000001,Vente,450000,5,,BD JEUX OLYMPIQUES,1495,78000,78646,Versailles,78,,,78646000AZ0110,,,1020,99.94,872,,,,,,,,2,3,Dépendance,,0,,,,,,2.158672,48.8041
2022-1292073,2022-01-18,000001,Vente,344000,31,,RUE CARNOT,0440,78000,78646,Versailles,78,,,78646000AE0252,,,10,,3,51.93,,,,,,,2,3,Dépendance,,0,,,,,,2.129663,48.805813
2022-1292073,2022-01-18,000001,Vente,344000,31,,RUE CARNOT,0440,78000,78646,Versailles,78,,,78646000AE0252,,,10,,3,51.93,,,,,,,2,2,Appartement,50,3,,,,,,2.129663,48.805813
2022-1292073,2022-01-18,000001,Vente,344000,31,,RUE CARNOT,0440,78000,78646,Versailles,78,,,78646000AE0252,,,10,,3,51.93,,,,,,,2,3,Dépendance,,0,,,,,,2.129663,48.805813
2022-1292083,2022-01-17,000001,Vente,30000,98,,AV DE PARIS,2180,78000,78646,Versailles,78,,,78646000BK0001,,,435,,,,,,,,,,1,3,Dépendance,,0,,,,,,2.149414,48.797242
2022-1292083,2022-01-17,000001,Vente,30000,98,,AV DE PARIS,2180,78000,78646,Versailles,78,,,78646000BK0001,,,434,,,,,,,,,,1,3,Dépendance,,0,,,,,,2.149414,48.797242
2022-1292099,2022-02-11,000001,Vente,222000,41,,BD DU ROI,2641,78000,78646,Versailles,78,,,78646000AC0107,,,30,30.31,,,,,,,,,1,3,Dépendance,,0,,,,,,2.12804,48.814598
2022-1292099,2022-02-11,000001,Vente,222000,41,,BD DU ROI,2641,78000,78646,Versailles,78,,,78646000AC0107,,,30,30.31,,,,,,,,,1,2,Appartement,28,2,,,,,,2.12804,48.814598
2022-1292102,2022-01-26,000001,Vente,385750,1,,RUE DE PROVENCE,2460,78000,78646,Versailles,78,,,78646000AI0232,,,28,,44,,,,,,,,2,2,Appartement,39,3,,,,,,2.139386,48.80602
2022-1292102,2022-01-26,000001,Vente,385750,1,,RUE DE PROVENCE,2460,78000,78646,Versailles,78,,,78646000AI0232,,,28,,44,,,,,,,,2,3,Dépendance,,0,,,,,,2.139386,48.80602
2022-1292102,2022-01-26,000001,Vente,385750,1,,RUE DE PROVENCE,2460,78000,78646,Versailles,78,,,78646000AI0232,,,28,,44,,,,,,,,2,3,Dépendance,,0,,,,,,2.139386,48.80602
2022-1292105,2022-02-04,000001,Vente,22000,23,,RUE DE L ORANGERIE,2110,78000,78646,Versailles,78,,,78646000AH0115,,,127,,,,,,,,,,1,2,Appartement,91,5,,,,,,2.122802,48.800477
2022-1292116,2022-02-04,000001,Vente,417021,57,,RUE D ANJOU,0190,78000,78646,Versailles,78,,,78646000BT0176,,,107,49.24,,,,,,,,,1,2,Appartement,49,2,,,,,,2.129669,48.796409
2022-1292117,2022-01-26,000001,Vente,480000,5,,RUE DE L ECOLE DES POSTES,0850,78000,78646,Versailles,78,,,78646000AZ0110,,,668,,,,,,,,,,1,4,Local industriel. commercial ou assimilé,155,0,,,,,,2.158672,48.8041
2022-1292117,2022-01-26,000001,Vente,480000,5,,RUE DE L ECOLE DES POSTES,0850,78000,78646,Versailles,78,,,78646000AZ0110,,,2835,,,,,,,,,,1,3,Dépendance,,0,,,,,,2.158672,48.8041
2022-1292117,2022-01-26,000001,Vente,480000,5,,RUE DE L ECOLE DES POSTES,0850,78000,78646,Versailles,78,,,78646000AZ0110,,,2836,,,,,,,,,,1,3,Dépendance,,0,,,,,,2.158672,48.8041
2022-1292117,2022-01-26,000001,Vente,480000,5,,RUE DE L ECOLE DES POSTES,0850,78000,78646,Versailles,78,,,78646000AZ0110,,,3987,,,,,,,,,,1,4,Local industriel. commercial ou assimilé,780,0,,,,,,2.158672,48.8041
2022-1292124,2022-02-04,000001,Vente,28000,53,,AV DE PARIS,2180,78000,78646,Versailles,78,,,78646000BP0132,,,144,,,,,,,,,,1,3,Dépendance,,0,,,,,,2.1408,48.800274
2022-1292147,2022-02-07,000001,Vente,1550000,11,B,RUE COLBERT,0630,78000,78646,Versailles,78,,,78646000AE0338,,,14,,16,,30,,,,,,3,3,Dépendance,,0,,,,,,2.126007,48.805232
2022-1292147,2022-02-07,000001,Vente,1550000,11,B,RUE COLBERT,0630,78000,78646,Versailles,78,,,78646000AE0338,,,14,,16,,30,,,,,,3,2,Appartement,160,6,,,,,,2.126007,48.805232
2022-1292160,2022-02-14,000001,Vente,6000,34,,AV DE SAINT CLOUD,2730,78000,78646,Versailles,78,,,78646000AI0088,,,26,,,,,,,,,,1,3,Dépendance,,0,,,,,,2.133288,48.804541
2022-1292160,2022-02-14,000001,Vente,6000,34,,AV DE SAINT CLOUD,2730,78000,78646,Versailles,78,,,78646000AI0088,,,25,,,,,,,,,,1,2,Appartement,57,3,,,,,,2.133288,48.804541
2022-1292160,2022-02-14,000001,Vente,6000,34,,AV DE SAINT CLOUD,2730,78000,78646,Versailles,78,,,78646000AI0088,,,25,,,,,,,,,,1,3,Dépendance,,0,,,,,,2.133288,48.804541
2022-1292160,2022-02-14,000001,Vente,6000,34,,AV DE SAINT CLOUD,2730,78000,78646,Versailles,78,,,78646000AI0088,,,29,,,,,,,,,,1,3,Dépendance,,0,,,,,,2.133288,48.804541
2022-1292160,2022-02-14,000001,Vente,6000,34,,AV DE SAINT CLOUD,2730,78000,78646,Versailles,78,,,78646000AI0088,,,29,,,,,,,,,,1,2,Appartement,45,3,,,,,,2.133288,48.804541
2022-1292160,2022-02-14,000001,Vente,6000,34,,AV DE SAINT CLOUD,2730,78000,78646,Versailles,78,,,78646000AI0088,,,26,,,,,,,,,,1,3,Dépendance,,0,,,,,,2.133288,48.804541
2022-1292160,2022-02-14,000001,Vente,6000,34,,AV DE SAINT CLOUD,2730,78000,78646,Versailles,78,,,78646000AI0088,,,26,,,,,,,,,,1,2,Appartement,62,3,,,,,,2.133288,48.804541
2022-1292164,2022-02-09,000001,Vente,209430,26,B,RUE COSTE,0730,78000,78646,Versailles,78,,,78646000BE0016,,,7,,,,,,,,,,1,4,Local industriel. commercial ou assimilé,26,0,,,,,,2.15635,48.79457
2022-1292237,2022-02-10,000001,Vente,263000,10,,RUE DES CHANTIERS,0530,78000,78646,Versailles,78,,,78646000BS0055,,,30,35.56,,,,,,,,,1,3,Dépendance,,0,,,,,,2.13644,48.796584
2022-1292237,2022-02-10,000001,Vente,263000,10,,RUE DES CHANTIERS,0530,78000,78646,Versailles,78,,,78646000BS0055,,,30,35.56,,,,,,,,,1,2,Appartement,34,1,,,,,,2.13644,48.796584
2022-1292243,2022-02-09,000001,Vente,490000,56,,RUE DU MAL FOCH,1810,78000,78646,Versailles,78,,,78646000AK0139,,,14,,2,,,,,,,,2,2,Appartement,83,4,,,,,,2.13509,48.811118
2022-1292243,2022-02-09,000001,Vente,490000,56,,RUE DU MAL FOCH,1810,78000,78646,Versailles,78,,,78646000AK0139,,,14,,2,,,,,,,,2,3,Dépendance,,0,,,,,,2.13509,48.811118
2022-1292254,2022-02-11,000001,Vente,635344,3,,PROM VENEZIA,3135,78000,78646,Versailles,78,,,78646000AZ0110,,,2310,,2363,101.91,,,,,,,2,3,Dépendance,,0,,,,,,2.158672,48.8041
2022-1292254,2022-02-11,000001,Vente,635344,5,,RUE DE L ECOLE DES POSTES,0850,78000,78646,Versailles,78,,,78646000AZ0110,,,3689,,,,,,,,,,1,3,Dépendance,,0,,,,,,2.158672,48.8041
2022-1292254,2022-02-11,000001,Vente,635344,3,,PROM VENEZIA,3135,78000,78646,Versailles,78,,,78646000AZ0110,,,2310,,2363,101.91,,,,,,,2,2,Appartement,103,4,,,,,,2.158672,48.8041
2022-1292254,2022-02-11,000001,Vente,635344,3,,PROM VENEZIA,3135,78000,78646,Versailles,78,,,78646000AZ0110,,,2310,,2363,101.91,,,,,,,2,3,Dépendance,,0,,,,,,2.158672,48.8041
2022-1292304,2022-02-04,000001,Vente,20000,1,,AV DU GENERAL MANGIN,1165,78000,78646,Versailles,78,,,78646000AL0068,,,71,,,,,,,,,,1,3,Dépendance,,0,,,,,,2.136485,48.813954
2022-1292314,2022-02-11,000001,Vente,420000,42,B,RUE HENRI DE REGNIER,1310,78000,78646,Versailles,78,,,78646000BW0255,,,26,,70,58.98,,,,,,,2,3,Dépendance,,0,,,,,,2.127626,48.792725
2022-1292314,2022-02-11,000001,Vente,420000,42,B,RUE HENRI DE REGNIER,1310,78000,78646,Versailles,78,,,78646000BW0255,,,26,,70,58.98,,,,,,,2,2,Appartement,60,2,,,,,,2.127626,48.792725
2022-1292314,2022-02-11,000001,Vente,420000,42,B,RUE HENRI DE REGNIER,1310,78000,78646,Versailles,78,,,78646000BW0255,,,11,,,,,,,,,,1,3,Dépendance,,0,,,,,,2.127626,48.792725
2022-1292320,2022-02-11,000001,Vente,350500,10,,RUE DU VIEUX VERSAILLES,3180,78000,78646,Versailles,78,,,78646000AH0032,,,64,53.23,,,,,,,,,1,2,Appartement,49,3,,,,,,2.122134,48.800766
2022-1292320,2022-02-11,000001,Vente,350500,10,,RUE DU VIEUX VERSAILLES,3180,78000,78646,Versailles,78,,,78646000AH0032,,,64,53.23,,,,,,,,,1,3,Dépendance,,0,,,,,,2.122134,48.800766
2022-1292375,2022-02-15,000001,Vente,450000,23,,RUE JEAN DE LA BRUYERE,1560,78000,78646,Versailles,78,,,78646000AO0001,,,211,,231,,,,,,,,2,2,Appartement,90,4,,,,,,2.145961,48.812878
2022-1292375,2022-02-15,000001,Vente,450000,15,,RUE JEAN DE LA BRUYERE,1560,78000,78646,Versailles,78,,,78646000AO0001,,,388,,,,,,,,,,1,3,Dépendance,,0,,,,,,2.145961,48.812878
2022-1292375,2022-02-15,000001,Vente,450000,23,,RUE JEAN DE LA BRUYERE,1560,78000,78646,Versailles,78,,,78646000AO0001,,,211,,231,,,,,,,,2,3,Dépendance,,0,,,,,,2.145961,48.812878
2022-1292418,2022-02-02,000001,Vente,435000,6,,RUE BAILLY,0280,78000,78646,Versailles,78,,,78646000AH0044,,,19,,,,,,,,,,1,2,Appartement,50,3,,,,,,2.122652,48.80117
2022-1292533,2022-02-14,000001,Vente,632550,41,,AV DE PARIS,2180,78000,78646,Versailles,78,,,78646000BP0138,,,51,,,,,,,,,,1,3,Dépendance,,0,,,,,,2.139184,48.800518
2022-1292533,2022-02-14,000001,Vente,632550,52,,AV DE PARIS,2180,78000,78646,Versailles,78,,,78646000BR0095,,,11,,40,,,,,,,,2,3,Dépendance,,0,,,,,,2.137555,48.799509
2022-1292533,2022-02-14,000001,Vente,632550,52,,AV DE PARIS,2180,78000,78646,Versailles,78,,,78646000BR0095,,,11,,40,,,,,,,,2,2,Appartement,80,3,,,,,,2.137555,48.799509
2022-1292615,2022-02-15,000001,Vente,170000,36,B,RUE MARIE HENRIETTE,1850,78000,78646,Versailles,78,,,78646000AV0103,,,7,,,,,,,,,,1,3,Dépendance,,0,,,,,,2.154105,48.811288
2022-1292615,2022-02-15,000001,Vente,170000,36,B,RUE MARIE HENRIETTE,1850,78000,78646,Versailles,78,,,78646000AV0103,,,14,45.17,5,,,,,,,,2,3,Dépendance,,0,,,,,,2.154105,48.811288
2022-1292615,2022-02-15,000001,Vente,170000,36,B,RUE MARIE HENRIETTE,1850,78000,78646,Versailles,78,,,78646000AV0103,,,14,45.17,5,,,,,,,,2,2,Appartement,45,2,,,,,,2.154105,48.811288
2022-1292625,2022-02-04,000001,Vente,65000,35,,BD DE LA REINE,2520,78000,78646,Versailles,78,,,78646000AD0021,,,4,,,,,,,,,,1,3,Dépendance,,0,,,,,,2.127072,48.809731
2022-1292636,2022-02-04,000001,Vente,360000,36,,RUE DE L ERMITAGE,0940,78000,78646,Versailles,78,,,78646000AB0031,,,207,67.09,240,,,,,,,,2,3,Dépendance,,0,,,,,,2.121628,48.817201
2022-1292636,2022-02-04,000001,Vente,360000,36,,RUE DE L ERMITAGE,0940,78000,78646,Versailles,78,,,78646000AB0031,,,308,,,,,,,,,,1,3,Dépendance,,0,,,,,,2.121628,48.817201
2022-1292636,2022-02-04,000001,Vente,360000,36,,RUE DE L ERMITAGE,0940,78000,78646,Versailles,78,,,78646000AB0031,,,207,67.09,240,,,,,,,,2,2,Appartement,68,4,,,,,,2.121628,48.817201
2022-1292650,2022-02-04,000001,Vente,491400,1,,IMP NUNGESSER ET COLI,2090,78000,78646,Versailles,78,,,78646000BN0085,,,3,,37,75.17,,,,,,,2,2,Appartement,73,3,,,,,,2.140783,48.796606
2022-1292650,2022-02-04,000001,Vente,491400,1,,IMP NUNGESSER ET COLI,2090,78000,78646,Versailles,78,,,78646000BN0085,,,3,,37,75.17,,,,,,,2,3,Dépendance,,0,,,,,,2.140783,48.796606
2022-1292669,2022-02-16,000001,Vente,687000,92,,BD DE LA REINE,2520,78000,78646,Versailles,78,,,78646000AI0224,,,61,,,,,,,,,,1,3,Dépendance,,0,,,,,,2.138055,48.808262
2022-1292669,2022-02-16,000001,Vente,687000,92,,BD DE LA REINE,2520,78000,78646,Versailles,78,,,78646000AI0224,,,13,,28,,,,,,,,2,2,Appartement,92,4,,,,,,2.138055,48.808262
2022-1292669,2022-02-16,000001,Vente,687000,92,,BD DE LA REINE,2520,78000,78646,Versailles,78,,,78646000AI0224,,,13,,28,,,,,,,,2,3,Dépendance,,0,,,,,,2.138055,48.808262
2022-1292685,2022-02-15,000001,Vente,523180,41,,AV DE SAINT CLOUD,2730,78000,78646,Versailles,78,,,78646000AI0125,,,18,,26,,34,,,,,,3,2,Appartement,55,2,,,,,,2.133122,48.805673
2022-1292685,2022-02-15,000001,Vente,523180,41,,AV DE SAINT CLOUD,2730,78000,78646,Versailles,78,,,78646000AI0125,,,18,,26,,34,,,,,,3,3,Dépendance,,0,,,,,,2.133122,48.805673
2022-1292685,2022-02-15,000001,Vente,523180,41,,AV DE SAINT CLOUD,2730,78000,78646,Versailles,78,,,78646000AI0125,,,18,,26,,34,,,,,,3,3,Dépendance,,0,,,,,,2.133122,48.805673
2022-1292692,2022-02-15,000001,Vente,577000,21,,RUE JOUVENCEL,1520,78000,78646,Versailles,78,,,78646000AI0029,,,18,,19,,,,,,,,2,4,Local industriel. commercial ou assimilé,67,0,,,,,,2.134246,48.803041
2022-1292745,2022-02-09,000001,Vente,450000,13,,RUE DU GENERAL PERSHING,1170,78000,78646,Versailles,78,,,78646000AO0068,,,82,70.83,,,,,,,,,1,2,Appartement,73,3,,,,,,2.148928,48.817113
2022-1292745,2022-02-09,000001,Vente,450000,13,,RUE DU GENERAL PERSHING,1170,78000,78646,Versailles,78,,,78646000AO0068,,,459,,,,,,,,,,1,3,Dépendance,,0,,,,,,2.148928,48.817113
2022-1292745,2022-02-09,000001,Vente,450000,13,,RUE DU GENERAL PERSHING,1170,78000,78646,Versailles,78,,,78646000AO0068,,,82,70.83,,,,,,,,,1,3,Dépendance,,0,,,,,,2.148928,48.817113
2022-1292745,2022-02-09,000001,Vente,450000,13,,RUE DU GENERAL PERSHING,1170,78000,78646,Versailles,78,,,78646000AO0068,,,380,,,,,,,,,,1,3,Dépendance,,0,,,,,,2.148928,48.817113
2022-1292757,2022-02-21,000001,Vente,870000,5,,AV DU LOUVRE,1705,78000,78646,Versailles,78,,,78646000BC0120,,,,,,,,,,,,,0,1,Maison,90,4,S,sols,,,573,2.154095,48.800945
2022-1292762,2022-02-18,000001,Vente,544000,4,,RUE DU VAUTRAIT,3120,78000,78646,Versailles,78,,,78646000BR0021,,,9,,,,,,,,,,1,4,Local industriel. commercial ou assimilé,59,0,,,,,,2.131796,48.799796
2022-1292774,2022-02-08,000001,Vente,285714,9,,RUE LAFAYETTE,1580,78000,78646,Versailles,78,,,78646000AC0320,,,115,,64,35.01,,,,,,,2,3,Dépendance,,0,,,,,,2.125523,48.812649
2022-1292774,2022-02-08,000001,Vente,285714,9,,RUE LAFAYETTE,1580,78000,78646,Versailles,78,,,78646000AC0320,,,115,,64,35.01,,,,,,,2,2,Appartement,34,2,,,,,,2.125523,48.812649
2022-1292777,2022-02-09,000001,Vente,170833,26,B,RUE COSTE,0730,78000,78646,Versailles,78,,,78646000BE0016,,,10,18.61,,,,,,,,,1,4,Local industriel. commercial ou assimilé,19,0,,,,,,2.15635,48.79457
2022-1292801,2022-01-27,000001,Vente,620000,2,,ALL DES GARDES ROYALES,1136,78000,78646,Versailles,78,,,78646000AY0212,,,270,92.09,289,,,,,,,,2,2,Appartement,90,4,,,,,,2.151214,48.802177
2022-1292801,2022-01-27,000001,Vente,620000,2,,ALL DES GARDES ROYALES,1136,78000,78646,Versailles,78,,,78646000AY0212,,,270,92.09,289,,,,,,,,2,3,Dépendance,,0,,,,,,2.151214,48.802177
2022-1292801,2022-01-27,000001,Vente,620000,2,,ALL DES GARDES ROYALES,1136,78000,78646,Versailles,78,,,78646000AY0212,,,1079,,,,,,,,,,1,3,Dépendance,,0,,,,,,2.151214,48.802177
2022-1292802,2022-02-18,000001,Vente,456324,2,,RUE VAUBAN,3110,78000,78646,Versailles,78,,,78646000BC0030,,,135,,,,,,,,,,1,3,Dépendance,,0,,,,,,2.154441,48.799454
2022-1292802,2022-02-18,000001,Vente,456324,2,,RUE VAUBAN,3110,78000,78646,Versailles,78,,,78646000BC0030,,,47,,,,,,,,,,1,3,Dépendance,,0,,,,,,2.154441,48.799454
2022-1292802,2022-02-18,000001,Vente,456324,2,,RUE VAUBAN,3110,78000,78646,Versailles,78,,,78646000BC0030,,,100,,,,,,,,,,1,2,Appartement,73,4,,,,,,2.154441,48.799454
2022-1292802,2022-02-18,000001,Vente,456324,2,,RUE VAUBAN,3110,78000,78646,Versailles,78,,,78646000BC0030,,,47,,,,,,,,,,1,2,Appartement,72,4,,,,,,2.154441,48.799454
2022-1292802,2022-02-18,000001,Vente,456324,2,,RUE VAUBAN,3110,78000,78646,Versailles,78,,,78646000BC0030,,,100,,,,,,,,,,1,3,Dépendance,,0,,,,,,2.154441,48.799454
2022-1292819,2022-02-18,000001,Vente,190000,29,,RUE DU MAL FOCH,1810,78000,78646,Versailles,78,,,78646000AE0070,,,20,18.66,21,,,,,,,,2,2,Appartement,20,1,,,,,,2.132101,48.807725
2022-1292823,2022-02-18,000001,Vente,1082900,25,,RUE DU MAL FOCH,1810,78000,78646,Versailles,78,,,78646000AE0071,,,14,,15,,,,,,,,2,2,Appartement,160,6,,,,,,2.132239,48.80751
2022-1292824,2022-02-17,000001,Vente,693100,5,,RUE DES MISSIONNAIRES,1920,78000,78646,Versailles,78,,,78646000AD0407,,,258,,259,,,,,,,,2,2,Appartement,84,4,,,,,,2.129146,48.814076
2022-1292824,2022-02-17,000001,Vente,693100,5,,RUE DES MISSIONNAIRES,1920,78000,78646,Versailles,78,,,78646000AD0407,,,284,,,,,,,,,,1,3,Dépendance,,0,,,,,,2.129146,48.814076
2022-1292824,2022-02-17,000001,Vente,693100,5,,RUE DES MISSIONNAIRES,1920,78000,78646,Versailles,78,,,78646000AD0407,,,258,,259,,,,,,,,2,3,Dépendance,,0,,,,,,2.129146,48.814076
2022-1292829,2022-02-09,000001,Vente,170833,26,B,RUE COSTE,0730,78000,78646,Versailles,78,,,78646000BE0016,,,8,,,,,,,,,,1,4,Local industriel. commercial ou assimilé,18,0,,,,,,2.15635,48.79457
2022-1292836,2022-02-03,000001,Vente,160000,24,,RUE SAINT CHARLES,2710,78000,78646,Versailles,78,,,78646000AY0101,,,14,,18,,,,,,,,2,3,Dépendance,,0,,,,,,2.149539,48.801337
2022-1292836,2022-02-03,000001,Vente,160000,24,,RUE SAINT CHARLES,2710,78000,78646,Versailles,78,,,78646000AY0101,,,14,,18,,,,,,,,2,2,Appartement,28,2,,,,,,2.149539,48.801337
2022-1292839,2022-02-18,000001,Vente,22000,2,,ALL DES GARDES ROYALES,1136,78000,78646,Versailles,78,,,78646000AY0212,,,1176,,,,,,,,,,1,3,Dépendance,,0,,,,,,2.151214,48.802177
2022-1292841,2022-02-15,000001,Vente,945300,52,,AV DE VILLENEUVE L ETANG,3200,78000,78646,Versailles,78,,,78646000AO0195,,,1124,131.03,1125,,1772,,1773,,,,4,2,Appartement,130,4,,,,,,2.148734,48.818785
2022-1292841,2022-02-15,000001,Vente,945300,52,,AV DE VILLENEUVE L ETANG,3200,78000,78646,Versailles,78,,,78646000AO0195,,,1609,,,,,,,,,,1,3,Dépendance,,0,,,,,,2.148734,48.818785
2022-1292841,2022-02-15,000001,Vente,945300,52,,AV DE VILLENEUVE L ETANG,3200,78000,78646,Versailles,78,,,78646000AO0195,,,1608,,,,,,,,,,1,3,Dépendance,,0,,,,,,2.148734,48.818785
2022-1292862,2022-01-13,000001,Vente,981750,36,,RUE DE LA PAROISSE,2190,78000,78646,Versailles,78,,,78646000AE0205,,,13,,6,114.97,,,,,,,2,2,Appartement,110,5,,,,,,2.128079,48.807458
2022-1292862,2022-01-13,000001,Vente,981750,36,,RUE DE LA PAROISSE,2190,78000,78646,Versailles,78,,,78646000AE0205,,,13,,6,114.97,,,,,,,2,3,Dépendance,,0,,,,,,2.128079,48.807458
2022-1292873,2022-02-11,000001,Vente,267000,13,,RUE DES RECOLLETS,2500,78000,78646,Versailles,78,,,78646000AH0055,,,27,,,,,,,,,,1,2,Appartement,26,2,,,,,,2.122307,48.801671
2022-1292885,2022-01-31,000001,Vente,413640,9,,AV DE SAINT CLOUD,2730,78000,78646,Versailles,78,,,78646000AE0311,,,100,48.2,,,,,,,,,1,2,Appartement,44,2,,,,,,2.128848,48.805199
2022-1292900,2022-02-17,000001,Vente,955665,12,,AV DES ETATS UNIS,0990,78000,78646,Versailles,78,,,78646000AX0266,,,10,,3,135.31,,,,,,,2,2,Appartement,136,6,,,,,,2.14316,48.806046
2022-1292900,2022-02-17,000001,Vente,955665,12,,AV DES ETATS UNIS,0990,78000,78646,Versailles,78,,,78646000AX0266,,,10,,3,135.31,,,,,,,2,3,Dépendance,,0,,,,,,2.14316,48.806046
2022-1292900,2022-02-17,000001,Vente,955665,12,,AV DES ETATS UNIS,0990,78000,78646,Versailles,78,,,78646000AX0266,,,20,,,,,,,,,,1,3,Dépendance,,0,,,,,,2.14316,48.806046
2022-1292900,2022-02-17,000001,Vente,955665,12,,AV DES ETATS UNIS,0990,78000,78646,Versailles,78,,,78646000AX0266,,,19,,,,,,,,,,1,3,Dépendance,,0,,,,,,2.14316,48.806046
2022-1292959,2022-02-15,000001,Vente,233050,10,,RUE DE L ERMITAGE,0940,78000,78646,Versailles,78,,,78646000AC0314,,,50,,,,,,,,,,1,3,Dépendance,,0,,,,,,2.123933,48.814609
2022-1292959,2022-02-15,000001,Vente,233050,10,,RUE DE L ERMITAGE,0940,78000,78646,Versailles,78,,,78646000AC0314,,,249,,269,,,,,,,,2,2,Appartement,39,1,,,,,,2.123933,48.814609
2022-1292959,2022-02-15,000001,Vente,233050,10,,RUE DE L ERMITAGE,0940,78000,78646,Versailles,78,,,78646000AC0314,,,249,,269,,,,,,,,2,3,Dépendance,,0,,,,,,2.123933,48.814609
2022-1293004,2022-02-16,000001,Vente,20000,24,,RUE JACQUES LEMERCIER,1420,78000,78646,Versailles,78,,,78646000AO0020,,,250,,,,,,,,,,1,3,Dépendance,,0,,,,,,2.150001,48.814605
2022-1293015,2022-02-22,000001,Vente,1903000,20,,RUE LAFAYETTE,1580,78000,78646,Versailles,78,,,78646000AD0194,,,,,,,,,,,,,0,1,Maison,160,8,S,sols,,,283,2.127698,48.811945
2022-1293015,2022-02-22,000001,Vente,1903000,20,,RUE LAFAYETTE,1580,78000,78646,Versailles,78,,,78646000AD0194,,,,,,,,,,,,,0,3,Dépendance,,0,S,sols,,,283,2.127698,48.811945
2022-1293015,2022-02-22,000001,Vente,1903000,20,,RUE LAFAYETTE,1580,78000,78646,Versailles,78,,,78646000AD0194,,,,,,,,,,,,,0,3,Dépendance,,0,S,sols,,,283,2.127698,48.811945
2022-1293015,2022-02-22,000001,Vente,1903000,27,,RUE LAFAYETTE,1580,78000,78646,Versailles,78,,,78646000AD0220,,,14,,,,,,,,,,1,3,Dépendance,,0,,,,,,2.128157,48.81239
2022-1293027,2022-01-31,000001,Vente,240000,54,,AV DES ETATS UNIS,0990,78000,78646,Versailles,78,,,78646000AW0159,,,17,31.24,5,,,,,,,,2,3,Dépendance,,0,,,,,,2.146486,48.807979
2022-1293027,2022-01-31,000001,Vente,240000,54,,AV DES ETATS UNIS,0990,78000,78646,Versailles,78,,,78646000AW0159,,,17,31.24,5,,,,,,,,2,2,Appartement,35,2,,,,,,2.146486,48.807979
2022-1293058,2022-02-17,000001,Vente,269000,78,,RUE DE LA PAROISSE,2190,78000,78646,Versailles,78,,,78646000AI0129,,,13,36.29,4,,,,,,,,2,3,Dépendance,,0,,,,,,2.133271,48.806088
2022-1293058,2022-02-17,000001,Vente,269000,78,,RUE DE LA PAROISSE,2190,78000,78646,Versailles,78,,,78646000AI0129,,,13,36.29,4,,,,,,,,2,2,Appartement,40,1,,,,,,2.133271,48.806088
2022-1293058,2022-02-17,000001,Vente,269000,78,,RUE DE LA PAROISSE,2190,78000,78646,Versailles,78,,,78646000AI0129,,,13,36.29,4,,,,,,,,2,3,Dépendance,,0,,,,,,2.133271,48.806088
2022-1293077,2022-02-17,000001,Vente,857450,26,,RUE DU PARC DE CLAGNY,2171,78000,78646,Versailles,78,,,78646000AP0071,,,22,117.58,67,,,,,,,,2,3,Dépendance,,0,,,,,,2.141869,48.81526
2022-1293077,2022-02-17,000001,Vente,857450,28,,RUE DU PARC DE CLAGNY,2171,78000,78646,Versailles,78,,,78646000AP0071,,,156,,,,,,,,,,1,3,Dépendance,,0,,,,,,2.141869,48.81526
2022-1293077,2022-02-17,000001,Vente,857450,28,,RUE DU PARC DE CLAGNY,2171,78000,78646,Versailles,78,,,78646000AP0071,,,107,,,,,,,,,,1,3,Dépendance,,0,,,,,,2.141869,48.81526
2022-1293077,2022-02-17,000001,Vente,857450,26,,RUE DU PARC DE CLAGNY,2171,78000,78646,Versailles,78,,,78646000AP0071,,,22,117.58,67,,,,,,,,2,2,Appartement,114,4,,,,,,2.141869,48.81526
2022-1293086,2022-01-28,000001,Vente,1247850,12,,RUE ALBERT JOLY,0050,78000,78646,Versailles,78,,,78646000AK0148,,,5,125.51,,,,,,,,,1,2,Appartement,126,6,,,,,,2.136491,48.810383
2022-1293086,2022-01-28,000001,Vente,1247850,12,,RUE ALBERT JOLY,0050,78000,78646,Versailles,78,,,78646000AK0148,,,5,125.51,,,,,,,,,1,3,Dépendance,,0,,,,,,2.136491,48.810383
2022-1293086,2022-01-28,000001,Vente,1247850,12,,RUE ALBERT JOLY,0050,78000,78646,Versailles,78,,,78646000AK0148,,,5,125.51,,,,,,,,,1,3,Dépendance,,0,,,,,,2.136491,48.810383
2022-1293086,2022-01-28,000001,Vente,1247850,12,,RUE ALBERT JOLY,0050,78000,78646,Versailles,78,,,78646000AK0148,,,5,125.51,,,,,,,,,1,3,Dépendance,,0,,,,,,2.136491,48.810383
2022-1293112,2022-02-10,000001,Vente,455000,1,B,RUE MAGENTA,1760,78000,78646,Versailles,78,,,78646000AK0106,,,18,,32,,,,,,,,2,2,Appartement,53,2,,,,,,2.138775,48.810722
2022-1293112,2022-02-10,000001,Vente,455000,1,B,RUE MAGENTA,1760,78000,78646,Versailles,78,,,78646000AK0106,,,18,,32,,,,,,,,2,3,Dépendance,,0,,,,,,2.138775,48.810722
2022-1293131,2022-02-24,000001,Vente,192000,29,T,RUE DE L ERMITAGE,0940,78000,78646,Versailles,78,,,78646000AC0339,,,28,26.14,78,,,,,,,,2,2,Appartement,25,1,,,,,,2.122367,48.815366
2022-1293131,2022-02-24,000001,Vente,192000,29,T,RUE DE L ERMITAGE,0940,78000,78646,Versailles,78,,,78646000AC0339,,,94,,,,,,,,,,1,3,Dépendance,,0,,,,,,2.122367,48.815366
2022-1293191,2022-02-10,000001,Vente,124728,3,,RUE PIERRE CURIE,2300,78000,78646,Versailles,78,,,78646000BD0086,,,3,19.23,,,,,,,,,1,2,Appartement,16,1,,,,,,2.154775,48.796349
2022-1293204,2022-02-17,000001,Vente,555000,57,,RUE DU MAL FOCH,1810,78000,78646,Versailles,78,,,78646000AD0316,,,61,,,,,,,,,,1,3,Dépendance,,0,,,,,,2.134323,48.811029
2022-1293204,2022-02-17,000001,Vente,555000,57,,RUE DU MAL FOCH,1810,78000,78646,Versailles,78,,,78646000AD0316,,,19,72.26,39,,,,,,,,2,3,Dépendance,,0,,,,,,2.134323,48.811029
2022-1293204,2022-02-17,000001,Vente,555000,57,,RUE DU MAL FOCH,1810,78000,78646,Versailles,78,,,78646000AD0316,,,19,72.26,39,,,,,,,,2,2,Appartement,76,2,,,,,,2.134323,48.811029
2022-1293215,2022-02-07,000001,Vente,60000,5,,ALL PIERRE DE COUBERTIN,2310,78000,78646,Versailles,78,,,78646000BP0248,,,129,4,,,,,,,,,1,3,Dépendance,,0,,,,,,2.136505,48.80286
2022-1293215,2022-02-07,000001,Vente,60000,5,,ALL PIERRE DE COUBERTIN,2310,78000,78646,Versailles,78,,,78646000BP0248,,,130,,,,,,,,,,1,3,Dépendance,,0,,,,,,2.136505,48.80286
2022-1293247,2022-02-23,000001,Vente,475500,5,,RUE DE L ECOLE DES POSTES,0850,78000,78646,Versailles,78,,,78646000AZ0110,,,3686,,,,,,,,,,1,3,Dépendance,,0,,,,,,2.158672,48.8041
2022-1293247,2022-02-23,000001,Vente,475500,24,,PROM MONA LISA,1965,78000,78646,Versailles,78,,,78646000AZ0110,,,2021,,2124,,,,,,,,2,3,Dépendance,,0,,,,,,2.158672,48.8041
2022-1293247,2022-02-23,000001,Vente,475500,24,,PROM MONA LISA,1965,78000,78646,Versailles,78,,,78646000AZ0110,,,2021,,2124,,,,,,,,2,2,Appartement,102,4,,,,,,2.158672,48.8041
2022-1293410,2022-02-28,000001,Vente,443015,5,,AV DE SAINT CLOUD,2730,78000,78646,Versailles,78,,,78646000AE0317,,,9,63,,,,,,,,,1,2,Appartement,61,4,,,,,,2.128338,48.805267
2022-1293410,2022-02-28,000001,Vente,443015,5,,AV DE SAINT CLOUD,2730,78000,78646,Versailles,78,,,78646000AE0317,,,9,63,,,,,,,,,1,3,Dépendance,,0,,,,,,2.128338,48.805267
2022-1293491,2022-02-11,000001,Vente,285000,36,,BD DU ROI,2641,78000,78646,Versailles,78,,,78646000AD0406,,,1,,,,,,,,,,1,4,Local industriel. commercial ou assimilé,45,0,,,,,,2.128526,48.81382
2022-1293524,2022-02-18,000001,Vente,255000,14,,RUE SAINTE FAMILLE,2740,78000,78646,Versailles,78,,,78646000BT0160,,,116,,,,,,,,,,1,2,Appartement,37,1,,,,,,2.126607,48.796063
2022-1293534,2022-02-21,000001,Vente,816500,58,T,RUE REMONT,2560,78000,78646,Versailles,78,,,78646000BE0093,,,,,,,,,,,,,0,1,Maison,100,4,S,sols,,,79,2.158453,48.794193
2022-1293603,2022-03-03,000001,Vente,602500,12,,AV DE PORCHEFONTAINE,2380,78000,78646,Versailles,78,,,78646000BK0021,,,1424,,,,,,,,,,1,3,Dépendance,,0,,,,,,2.152071,48.797176
2022-1293603,2022-03-03,000001,Vente,602500,12,,AV DE PORCHEFONTAINE,2380,78000,78646,Versailles,78,,,78646000BK0021,,,1861,,,,,,,,,,1,3,Dépendance,,0,,,,,,2.152071,48.797176
2022-1293603,2022-03-03,000001,Vente,602500,12,,AV DE PORCHEFONTAINE,2380,78000,78646,Versailles,78,,,78646000BK0021,,,872,,888,113.08,,,,,,,2,2,Appartement,115,5,,,,,,2.152071,48.797176
2022-1293608,2022-03-04,000001,Vente,318673.5,6,,RUE MONTBAURON,1970,78000,78646,Versailles,78,,,78646000BP0027,,,144,35.57,,,,,,,,,1,2,Appartement,36,1,,,,,,2.135298,48.802989
2022-1293622,2022-02-08,000001,Vente,353.5,,,IMP ADELE MULOT,0040,78000,78646,Versailles,78,,,78646000AY0293,,,,,,,,,,,,,0,,,,,S,sols,,,43,2.150651,48.801829
2022-1293631,2022-02-18,000001,Vente,377000,41,,BD DU ROI,2641,78000,78646,Versailles,78,,,78646000AC0107,,,22,67.56,,,,,,,,,1,2,Appartement,72,3,,,,,,2.12804,48.814598
2022-1293631,2022-02-18,000001,Vente,377000,41,,BD DU ROI,2641,78000,78646,Versailles,78,,,78646000AC0107,,,22,67.56,,,,,,,,,1,3,Dépendance,,0,,,,,,2.12804,48.814598
2022-1293658,2022-02-10,000001,Vente,1662650,83,,AV DE SAINT CLOUD,2730,78000,78646,Versailles,78,,,78646000AI0235,,,203,,204,,216,,217,,222,,5,2,Appartement,190,4,,,,,,2.138416,48.806161
2022-1293658,2022-02-10,000001,Vente,1662650,83,,AV DE SAINT CLOUD,2730,78000,78646,Versailles,78,,,78646000AI0235,,,403,,,,,,,,,,1,3,Dépendance,,0,,,,,,2.138416,48.806161
2022-1293658,2022-02-10,000001,Vente,1662650,83,,AV DE SAINT CLOUD,2730,78000,78646,Versailles,78,,,78646000AI0235,,,203,,204,,216,,217,,222,,5,3,Dépendance,,0,,,,,,2.138416,48.806161
2022-1293658,2022-02-10,000001,Vente,1662650,83,,AV DE SAINT CLOUD,2730,78000,78646,Versailles,78,,,78646000AI0235,,,203,,204,,216,,217,,222,,5,3,Dépendance,,0,,,,,,2.138416,48.806161
2022-1293658,2022-02-10,000001,Vente,1662650,83,,AV DE SAINT CLOUD,2730,78000,78646,Versailles,78,,,78646000AI0235,,,203,,204,,216,,217,,222,,5,3,Dépendance,,0,,,,,,2.138416,48.806161
2022-1293672,2022-02-28,000001,Vente,421050,8,,BD DE LESSEPS,1638,78000,78646,Versailles,78,,,78646000AX0242,,,4,53.53,,,,,,,,,1,2,Appartement,51,3,,,,,,2.146879,48.805436
2022-1293672,2022-02-28,000001,Vente,421050,8,,BD DE LESSEPS,1638,78000,78646,Versailles,78,,,78646000AX0242,,,4,53.53,,,,,,,,,1,3,Dépendance,,0,,,,,,2.146879,48.805436
2022-1293672,2022-02-28,000001,Vente,421050,8,,BD DE LESSEPS,1638,78000,78646,Versailles,78,,,78646000AX0242,,,4,53.53,,,,,,,,,1,3,Dépendance,,0,,,,,,2.146879,48.805436
2022-1293675,2022-02-08,000001,Vente,485,,,IMP ADELE MULOT,0040,78000,78646,Versailles,78,,,78646000AY0302,,,,,,,,,,,,,0,,,,,S,sols,,,59,2.15067,48.801608
2022-1293750,2022-02-23,000001,Vente,210000,9,,PL ALEXANDRE 1E LOUIS BARTHOU,0100,78000,78646,Versailles,78,,,78646000AX0489,,,122,,216,,,,,,,,2,3,Dépendance,,0,,,,,,2.140761,48.806449
2022-1293750,2022-02-23,000001,Vente,210000,9,,PL ALEXANDRE 1E LOUIS BARTHOU,0100,78000,78646,Versailles,78,,,78646000AX0489,,,122,,216,,,,,,,,2,2,Appartement,29,1,,,,,,2.140761,48.806449
2022-1293750,2022-02-23,000001,Vente,210000,9,,PL ALEXANDRE 1E LOUIS BARTHOU,0100,78000,78646,Versailles,78,,,78646000AX0489,,,72,,,,,,,,,,1,3,Dépendance,,0,,,,,,2.140761,48.806449
2022-1293790,2022-03-04,000001,Vente,35500,2,B,AV DE PARIS,2180,78000,78646,Versailles,78,,,78646000AH0225,,,5338,,,,,,,,,,1,3,Dépendance,,0,,,,,,2.128298,48.801276
2022-1293795,2022-02-22,000001,Vente,286850,16,,RUE DES TOURNELLES,3050,78000,78646,Versailles,78,,,78646000BT0028,,,14,,5,,,,,,,,2,3,Dépendance,,0,,,,,,2.127383,48.797791
2022-1293795,2022-02-22,000001,Vente,286850,16,,RUE DES TOURNELLES,3050,78000,78646,Versailles,78,,,78646000BT0028,,,14,,5,,,,,,,,2,2,Appartement,42,2,,,,,,2.127383,48.797791
2022-1293798,2022-03-03,000001,Vente,1140000,8,,RUE MONTBAURON,1970,78000,78646,Versailles,78,,,78646000BP0258,,,10,,24,,39,,40,,8,171.63,6,3,Dépendance,,0,,,,,,2.135244,48.803268
2022-1293798,2022-03-03,000001,Vente,1140000,8,,RUE MONTBAURON,1970,78000,78646,Versailles,78,,,78646000BP0258,,,10,,24,,39,,40,,8,171.63,6,3,Dépendance,,0,,,,,,2.135244,48.803268
2022-1293798,2022-03-03,000001,Vente,1140000,8,,RUE MONTBAURON,1970,78000,78646,Versailles,78,,,78646000BP0258,,,10,,24,,39,,40,,8,171.63,6,2,Appartement,156,7,,,,,,2.135244,48.803268
2022-1293820,2022-02-10,000001,Vente,535000,9001,,ALL DE MARIVEL,1853,78000,78646,Versailles,78,,,78646000BN0126,,,173,,,,,,,,,,1,3,Dépendance,,0,,,,,,2.148622,48.797466
2022-1293820,2022-02-10,000001,Vente,535000,4,,ALL DE MARIVEL,1853,78000,78646,Versailles,78,,,78646000BN0126,,,70,83.6,,,,,,,,,1,3,Dépendance,,0,,,,,,2.148622,48.797466
2022-1293820,2022-02-10,000001,Vente,535000,4,,ALL DE MARIVEL,1853,78000,78646,Versailles,78,,,78646000BN0126,,,70,83.6,,,,,,,,,1,2,Appartement,84,4,,,,,,2.148622,48.797466
2022-1293820,2022-02-10,000001,Vente,535000,9001,,ALL DE MARIVEL,1853,78000,78646,Versailles,78,,,78646000BN0126,,,129,,,,,,,,,,1,3,Dépendance,,0,,,,,,2.148622,48.797466
2022-1293826,2022-02-15,000001,Vente,110000,36,,RUE DU VIEUX VERSAILLES,3180,78000,78646,Versailles,78,,,78646000AH0127,,,14,12.26,,,,,,,,,1,2,Appartement,12,1,,,,,,2.124469,48.800269
2022-1293844,2022-03-08,000001,Vente,340000,5,,IMP DES GENDARMES,1140,78000,78646,Versailles,78,,,78646000BR0007,,,19,,23,,,,,,,,2,2,Appartement,70,3,,,,,,2.131407,48.80069
2022-1293912,2022-03-04,000001,Vente,1360000,16,,RUE DE LA CHANCELLERIE,0500,78000,78646,Versailles,78,,,78646000AH0221,,,16,,29,,30,,,,,,3,2,Appartement,127,4,,,,,,2.123768,48.802161
2022-1293912,2022-03-04,000001,Vente,1360000,16,,RUE DE LA CHANCELLERIE,0500,78000,78646,Versailles,78,,,78646000AH0221,,,35,,,,,,,,,,1,3,Dépendance,,0,,,,,,2.123768,48.802161
2022-1293912,2022-03-04,000001,Vente,1360000,16,,RUE DE LA CHANCELLERIE,0500,78000,78646,Versailles,78,,,78646000AH0221,,,16,,29,,30,,,,,,3,3,Dépendance,,0,,,,,,2.123768,48.802161
2022-1293926,2022-02-16,000001,Vente,499900,58,,RUE DES CHANTIERS,0530,78000,78646,Versailles,78,,,78646000BL0327,,,74,93.81,,,,,,,,,1,3,Dépendance,,0,,,,,,2.142467,48.792993
2022-1293926,2022-02-16,000001,Vente,499900,58,,RUE DES CHANTIERS,0530,78000,78646,Versailles,78,,,78646000BL0327,,,239,,74,93.81,,,,,,,2,3,Dépendance,,0,,,,,,2.142467,48.792993
2022-1293926,2022-02-16,000001,Vente,499900,58,,RUE DES CHANTIERS,0530,78000,78646,Versailles,78,,,78646000BL0327,,,379,,,,,,,,,,1,3,Dépendance,,0,,,,,,2.142467,48.792993
2022-1293926,2022-02-16,000001,Vente,499900,58,,RUE DES CHANTIERS,0530,78000,78646,Versailles,78,,,78646000BL0327,,,239,,74,93.81,,,,,,,2,2,Appartement,94,4,,,,,,2.142467,48.792993
2022-1293930,2022-02-24,000001,Vente,460000,5,,RUE DU PONT COLBERT,2370,78000,78646,Versailles,78,,,78646000BL0296,,,20,,4,78.38,6,,7,,,,4,4,Local industriel. commercial ou assimilé,121,0,,,,,,2.147129,48.791359
2022-1293980,2022-03-02,000001,Vente,335000,56,B,AV DE SAINT CLOUD,2730,78000,78646,Versailles,78,,,78646000BP0062,,,13,44.99,,,,,,,,,1,3,Dépendance,,0,,,,,,2.139082,48.805129
2022-1293980,2022-03-02,000001,Vente,335000,56,B,AV DE SAINT CLOUD,2730,78000,78646,Versailles,78,,,78646000BP0062,,,13,44.99,,,,,,,,,1,2,Appartement,40,2,,,,,,2.139082,48.805129
2022-1294009,2022-03-07,000001,Vente,271231,83,,RUE DE LA PAROISSE,2190,78000,78646,Versailles,78,,,78646000AI0160,,,10,,54,40.15,,,,,,,2,2,Appartement,43,2,,,,,,2.135563,48.8059
2022-1294009,2022-03-07,000001,Vente,271231,83,,RUE DE LA PAROISSE,2190,78000,78646,Versailles,78,,,78646000AI0160,,,10,,54,40.15,,,,,,,2,3,Dépendance,,0,,,,,,2.135563,48.8059
2022-1294011,2022-03-11,000001,Vente,871000,30,,AV DE PARIS,2180,78000,78646,Versailles,78,,,78646000BR0058,,,34,,35,,38,,,,,,3,2,Appartement,96,5,,,,,,2.135046,48.800143
2022-1294011,2022-03-11,000001,Vente,871000,30,,AV DE PARIS,2180,78000,78646,Versailles,78,,,78646000BR0058,,,34,,35,,38,,,,,,3,3,Dépendance,,0,,,,,,2.135046,48.800143
2022-1294014,2022-02-17,000001,Vente,210000,92,,RUE D ANJOU,0190,78000,78646,Versailles,78,,,78646000BT0072,,,14,,15,,34,,73,,,,4,2,Appartement,45,3,,,,,,2.130233,48.795576
2022-1294014,2022-02-17,000001,Vente,210000,92,,RUE D ANJOU,0190,78000,78646,Versailles,78,,,78646000BT0072,,,14,,15,,34,,73,,,,4,3,Dépendance,,0,,,,,,2.130233,48.795576
2022-1294027,2022-03-04,000001,Vente,30000,18,,RUE DES CONDAMINES,0690,78000,78646,Versailles,78,,,78646000AX0363,,,38,,,,,,,,,,1,3,Dépendance,,0,,,,,,2.146029,48.803262
2022-1294058,2022-02-25,000001,Vente,152700,11,,RUE PHILIPPE DE DANGEAU,2255,78000,78646,Versailles,78,,,78646000AI0058,,,129,,,,,,,,,,1,2,Appartement,24,1,,,,,,2.13392,48.803575
2022-1294058,2022-02-25,000001,Vente,152700,11,,RUE PHILIPPE DE DANGEAU,2255,78000,78646,Versailles,78,,,78646000AI0058,,,129,,,,,,,,,,1,3,Dépendance,,0,,,,,,2.13392,48.803575
2022-1294091,2022-03-10,000001,Vente,1290000,42,,RUE DE LA CHAUMIERE,0580,78000,78646,Versailles,78,,,78646000BE0447,,,4,174.08,,,,,,,,,1,1,Maison,175,6,,,,,,2.163111,48.796347
2022-1294133,2022-03-07,000002,Echange,645,38,B,RUE BERTHIER,0370,78000,78646,Versailles,78,,,78646000AD0445,,,40,,,,,,,,,,1,3,Dépendance,,0,,,,,,2.13058,48.811059
2022-1294133,2022-03-07,000002,Echange,645,38,B,RUE BERTHIER,0370,78000,78646,Versailles,78,,,78646000AD0445,,,40,,,,,,,,,,1,2,Appartement,150,7,,,,,,2.13058,48.811059
2022-1294150,2022-02-11,000001,Vente,305000,2,,RUE PLOIX,2350,78000,78646,Versailles,78,,,78646000BL0278,,,6,,7,37.46,,,,,,,2,4,Local industriel. commercial ou assimilé,30,0,,,,,,2.143031,48.793594
2022-1294178,2022-03-07,000001,Vente,1900000,61,,RUE DU MAL FOCH,1810,78000,78646,Versailles,78,,,78646000AD0491,,,,,,,,,,,,,0,3,Dépendance,,0,S,sols,,,573,2.134445,48.811295
2022-1294178,2022-03-07,000001,Vente,1900000,61,,RUE DU MAL FOCH,1810,78000,78646,Versailles,78,,,78646000AD0491,,,,,,,,,,,,,0,1,Maison,128,6,S,sols,,,573,2.134445,48.811295
2022-1294187,2022-02-18,000001,Vente,676190,41,,RUE DES MISSIONNAIRES,1920,78000,78646,Versailles,78,,,78646000AD0337,,,26,77.28,28,,37,,,,,,3,3,Dépendance,,0,,,,,,2.134293,48.812609
2022-1294187,2022-02-18,000001,Vente,676190,41,,RUE DES MISSIONNAIRES,1920,78000,78646,Versailles,78,,,78646000AD0337,,,26,77.28,28,,37,,,,,,3,2,Appartement,72,4,,,,,,2.134293,48.812609
2022-1294187,2022-02-18,000001,Vente,676190,41,,RUE DES MISSIONNAIRES,1920,78000,78646,Versailles,78,,,78646000AD0337,,,26,77.28,28,,37,,,,,,3,3,Dépendance,,0,,,,,,2.134293,48.812609
2022-1294189,2022-03-11,000001,Vente,231830,9,,PL ALEXANDRE 1E LOUIS BARTHOU,0100,78000,78646,Versailles,78,,,78646000AX0489,,,239,,,,,,,,,,1,3,Dépendance,,0,,,,,,2.140761,48.806449
2022-1294189,2022-03-11,000001,Vente,231830,9,,PL ALEXANDRE 1E LOUIS BARTHOU,0100,78000,78646,Versailles,78,,,78646000AX0489,,,239,,,,,,,,,,1,2,Appartement,32,1,,,,,,2.140761,48.806449
2022-1294203,2022-03-11,000001,Vente,397000,12,,RUE DU GENERAL PERSHING,1170,78000,78646,Versailles,78,,,78646000AS0059,,,143,81.16,,,,,,,,,1,2,Appartement,79,5,,,,,,2.151433,48.814069
2022-1294203,2022-03-11,000001,Vente,397000,12,,RUE DU GENERAL PERSHING,1170,78000,78646,Versailles,78,,,78646000AS0059,,,193,,,,,,,,,,1,3,Dépendance,,0,,,,,,2.151433,48.814069
2022-1294203,2022-03-11,000001,Vente,397000,12,,RUE DU GENERAL PERSHING,1170,78000,78646,Versailles,78,,,78646000AS0059,,,189,,,,,,,,,,1,3,Dépendance,,0,,,,,,2.151433,48.814069
2022-1294206,2022-02-25,000001,Vente,304000,19,,RUE JEAN MERMOZ,1460,78000,78646,Versailles,78,,,78646000BN0061,,,27,,5,42.33,,,,,,,2,2,Appartement,41,3,,,,,,2.141058,48.796289
2022-1294206,2022-02-25,000001,Vente,304000,19,,RUE JEAN MERMOZ,1460,78000,78646,Versailles,78,,,78646000BN0061,,,27,,5,42.33,,,,,,,2,3,Dépendance,,0,,,,,,2.141058,48.796289
2022-1294208,2022-03-08,000001,Vente,795000,53,,AV DE PARIS,2180,78000,78646,Versailles,78,,,78646000BP0132,,,152,,,,,,,,,,1,3,Dépendance,,0,,,,,,2.1408,48.800274
2022-1294208,2022-03-08,000001,Vente,795000,53,,AV DE PARIS,2180,78000,78646,Versailles,78,,,78646000BP0132,,,15,123.07,71,,,,,,,,2,2,Appartement,121,6,,,,,,2.1408,48.800274
2022-1294208,2022-03-08,000001,Vente,795000,53,,AV DE PARIS,2180,78000,78646,Versailles,78,,,78646000BP0132,,,153,,,,,,,,,,1,3,Dépendance,,0,,,,,,2.1408,48.800274
2022-1294208,2022-03-08,000001,Vente,795000,53,,AV DE PARIS,2180,78000,78646,Versailles,78,,,78646000BP0132,,,15,123.07,71,,,,,,,,2,3,Dépendance,,0,,,,,,2.1408,48.800274
2022-1294215,2022-02-21,000001,Vente,480000,2,,ALL DES GARDES ROYALES,1136,78000,78646,Versailles,78,,,78646000AY0212,,,1108,,,,,,,,,,1,3,Dépendance,,0,,,,,,2.151214,48.802177
2022-1294215,2022-02-21,000001,Vente,480000,7,,ALL DES GARDES ROYALES,1136,78000,78646,Versailles,78,,,78646000AY0212,,,726,,744,,,,,,,,2,3,Dépendance,,0,,,,,,2.151214,48.802177
2022-1294215,2022-02-21,000001,Vente,480000,7,,ALL DES GARDES ROYALES,1136,78000,78646,Versailles,78,,,78646000AY0212,,,726,,744,,,,,,,,2,2,Appartement,70,3,,,,,,2.151214,48.802177
2022-1294215,2022-02-21,000001,Vente,480000,7,,ALL DES GARDES ROYALES,1136,78000,78646,Versailles,78,,,78646000AY0212,,,726,,744,,,,,,,,2,3,Dépendance,,0,,,,,,2.151214,48.802177
2022-1294217,2022-02-23,000001,Vente,301500,20,,RUE DES TOURNELLES,3050,78000,78646,Versailles,78,,,78646000BT0025,,,16,,,,,,,,,,1,3,Dépendance,,0,,,,,,2.12771,48.797665
2022-1294217,2022-02-23,000001,Vente,301500,20,,RUE DES TOURNELLES,3050,78000,78646,Versailles,78,,,78646000BT0025,,,15,,,,,,,,,,1,3,Dépendance,,0,,,,,,2.12771,48.797665
2022-1294218,2022-02-22,000001,Vente,545000,43,,RUE DU MAL FOCH,1810,78000,78646,Versailles,78,,,78646000AE0054,,,12,,40,,,,,,,,2,3,Dépendance,,0,,,,,,2.13281,48.808441
2022-1294218,2022-02-22,000001,Vente,545000,43,,RUE DU MAL FOCH,1810,78000,78646,Versailles,78,,,78646000AE0054,,,12,,40,,,,,,,,2,2,Appartement,75,3,,,,,,2.13281,48.808441
2022-1294230,2022-03-08,000001,Vente,211700,1,,RUE DE PROVENCE,2460,78000,78646,Versailles,78,,,78646000AI0232,,,40,,51,,56,,,,,,3,2,Appartement,25,1,,,,,,2.139386,48.80602
2022-1294230,2022-03-08,000001,Vente,211700,1,,RUE DE PROVENCE,2460,78000,78646,Versailles,78,,,78646000AI0232,,,40,,51,,56,,,,,,3,3,Dépendance,,0,,,,,,2.139386,48.80602
2022-1294250,2022-02-15,000001,Vente,830000,8,,RUE D ANJOU,0190,78000,78646,Versailles,78,,,78646000BV0045,,,45,,57,,58,65.3,,,,,3,3,Dépendance,,0,,,,,,2.12391,48.797334
2022-1294250,2022-02-15,000001,Vente,830000,8,,RUE D ANJOU,0190,78000,78646,Versailles,78,,,78646000BV0045,,,30,72.06,,,,,,,,,1,2,Appartement,58,2,,,,,,2.12391,48.797334
2022-1294250,2022-02-15,000001,Vente,830000,8,,RUE D ANJOU,0190,78000,78646,Versailles,78,,,78646000BV0045,,,45,,57,,58,65.3,,,,,3,2,Appartement,64,2,,,,,,2.12391,48.797334
2022-1294250,2022-02-15,000001,Vente,830000,8,,RUE D ANJOU,0190,78000,78646,Versailles,78,,,78646000BV0045,,,45,,57,,58,65.3,,,,,3,3,Dépendance,,0,,,,,,2.12391,48.797334
2022-1294250,2022-02-15,000001,Vente,830000,8,,RUE D ANJOU,0190,78000,78646,Versailles,78,,,78646000BV0045,,,45,,57,,58,65.3,,,,,3,3,Dépendance,,0,,,,,,2.12391,48.797334
2022-1294252,2022-02-22,000001,Vente,365000,14,B,RUE MONTBAURON,1970,78000,78646,Versailles,78,,,78646000BP0016,,,53,,89,,,,,,,,2,2,Appartement,41,1,,,,,,2.135836,48.80397
2022-1294252,2022-02-22,000001,Vente,365000,14,B,RUE MONTBAURON,1970,78000,78646,Versailles,78,,,78646000BP0016,,,79,,,,,,,,,,1,3,Dépendance,,0,,,,,,2.135836,48.80397
2022-1294252,2022-02-22,000001,Vente,365000,14,B,RUE MONTBAURON,1970,78000,78646,Versailles,78,,,78646000BP0016,,,53,,89,,,,,,,,2,3,Dépendance,,0,,,,,,2.135836,48.80397
2022-1294263,2022-02-22,000001,Vente,390126,20,,RTE DE RUEIL,2660,78000,78646,Versailles,78,,,78646000AM0042,,,2,,6,55.28,,,,,,,2,2,Appartement,54,2,,,,,,2.138271,48.821077
2022-1294263,2022-02-22,000001,Vente,390126,20,,RTE DE RUEIL,2660,78000,78646,Versailles,78,,,78646000AM0042,,,2,,6,55.28,,,,,,,2,3,Dépendance,,0,,,,,,2.138271,48.821077
2022-1294280,2022-03-04,000001,Vente,165000,2,,RUE PLOIX,2350,78000,78646,Versailles,78,,,78646000BL0278,,,12,28.11,5,,,,,,,,2,3,Dépendance,,0,,,,,,2.143031,48.793594
2022-1294280,2022-03-04,000001,Vente,165000,2,,RUE PLOIX,2350,78000,78646,Versailles,78,,,78646000BL0278,,,12,28.11,5,,,,,,,,2,2,Appartement,26,1,,,,,,2.143031,48.793594
2022-1294285,2022-02-23,000001,Vente,20000,102,,RUE ALBERT SARRAUT,0080,78000,78646,Versailles,78,,,78646000BL0288,,,43,,,,,,,,,,1,3,Dépendance,,0,,,,,,2.145915,48.791968
2022-1294294,2022-03-02,000001,Vente,424066,1,,RUE MOLIERE,1940,78000,78646,Versailles,78,,,78646000BL0333,,,1,66.04,26,,,,,,,,2,2,Appartement,67,3,,,,,,2.147366,48.794998
2022-1294294,2022-03-02,000001,Vente,424066,1,,RUE MOLIERE,1940,78000,78646,Versailles,78,,,78646000BL0333,,,1,66.04,26,,,,,,,,2,3,Dépendance,,0,,,,,,2.147366,48.794998
2022-1294296,2022-02-24,000001,Vente,350000,7,,RUE DE L ERMITAGE,0940,78000,78646,Versailles,78,,,78646000AC0252,,,126,,140,,,,,,,,2,3,Dépendance,,0,,,,,,2.1233,48.812962
2022-1294296,2022-02-24,000001,Vente,350000,7,,RUE DE L ERMITAGE,0940,78000,78646,Versailles,78,,,78646000AC0252,,,126,,140,,,,,,,,2,2,Appartement,61,2,,,,,,2.1233,48.812962
2022-1294296,2022-02-24,000001,Vente,350000,7,,RUE DE L ERMITAGE,0940,78000,78646,Versailles,78,,,78646000AC0252,,,106,,,,,,,,,,1,3,Dépendance,,0,,,,,,2.1233,48.812962
2022-1294302,2022-02-18,000001,Vente,1275000,27,,RUE DE SATORY,2950,78000,78646,Versailles,78,,,78646000AH0141,,,28,,37,,48,,,,,,3,3,Dépendance,,0,,,,,,2.125446,48.799841
2022-1294302,2022-02-18,000001,Vente,1275000,27,,RUE DE SATORY,2950,78000,78646,Versailles,78,,,78646000AH0141,,,28,,37,,48,,,,,,3,2,Appartement,190,8,,,,,,2.125446,48.799841
2022-1294308,2022-02-24,000001,Vente,380000,36,,RUE DE L ERMITAGE,0940,78000,78646,Versailles,78,,,78646000AB0031,,,318,,,,,,,,,,1,3,Dépendance,,0,,,,,,2.121628,48.817201
2022-1294308,2022-02-24,000001,Vente,380000,37,,BD ST ANTOINE,2690,78000,78646,Versailles,78,,,78646000AB0031,,,253,,299,,,,,,,,2,2,Appartement,53,3,,,,,,2.121628,48.817201
2022-1294308,2022-02-24,000001,Vente,380000,37,,BD ST ANTOINE,2690,78000,78646,Versailles,78,,,78646000AB0031,,,253,,299,,,,,,,,2,3,Dépendance,,0,,,,,,2.121628,48.817201
2022-1294362,2022-03-02,000001,Vente,1798000,18,,RUE LAFAYETTE,1580,78000,78646,Versailles,78,,,78646000AD0193,,,,,,,,,,,,,0,1,Maison,138,7,S,sols,,,216,2.12751,48.811969
2022-1294393,2022-03-10,000001,Vente,200000,15,,RUE DE MONTREUIL,2000,78000,78646,Versailles,78,,,78646000AX0286,,,9,,,,,,,,,,1,2,Appartement,30,1,,,,,,2.143361,48.805601
2022-1294395,2022-03-10,000001,Vente,660287,42,,RUE DE VERGENNES,3150,78000,78646,Versailles,78,,,78646000BS0050,,,19,,6,83.39,,,,,,,2,3,Dépendance,,0,,,,,,2.137321,48.796949
2022-1294395,2022-03-10,000001,Vente,660287,42,,RUE DE VERGENNES,3150,78000,78646,Versailles,78,,,78646000BS0050,,,32,,,,,,,,,,1,3,Dépendance,,0,,,,,,2.137321,48.796949
2022-1294395,2022-03-10,000001,Vente,660287,42,,RUE DE VERGENNES,3150,78000,78646,Versailles,78,,,78646000BS0050,,,19,,6,83.39,,,,,,,2,2,Appartement,127,7,,,,,,2.137321,48.796949
2022-1294411,2022-02-18,000001,Vente,498808,32,B,BD DU ROI,2641,78000,78646,Versailles,78,,,78646000AD0405,,,13,76.47,60,,,,,,,,2,3,Dépendance,,0,,,,,,2.128373,48.813584
2022-1294411,2022-02-18,000001,Vente,498808,32,B,BD DU ROI,2641,78000,78646,Versailles,78,,,78646000AD0405,,,13,76.47,60,,,,,,,,2,2,Appartement,78,4,,,,,,2.128373,48.813584
2022-1294411,2022-02-18,000001,Vente,498808,32,B,BD DU ROI,2641,78000,78646,Versailles,78,,,78646000AD0405,,,43,,,,,,,,,,1,3,Dépendance,,0,,,,,,2.128373,48.813584
2022-1294418,2022-03-15,000001,Vente,640050,11,,ALL DES GARDES ROYALES,1136,78000,78646,Versailles,78,,,78646000AY0212,,,447,,472,,,,,,,,2,3,Dépendance,,0,,,,,,2.151214,48.802177
2022-1294418,2022-03-15,000001,Vente,640050,11,,ALL DES GARDES ROYALES,1136,78000,78646,Versailles,78,,,78646000AY0212,,,447,,472,,,,,,,,2,2,Appartement,90,4,,,,,,2.151214,48.802177
2022-1294418,2022-03-15,000001,Vente,640050,11,,ALL DES GARDES ROYALES,1136,78000,78646,Versailles,78,,,78646000AY0212,,,447,,472,,,,,,,,2,3,Dépendance,,0,,,,,,2.151214,48.802177
2022-1294418,2022-03-15,000001,Vente,640050,2,,ALL DES GARDES ROYALES,1136,78000,78646,Versailles,78,,,78646000AY0212,,,1229,,,,,,,,,,1,3,Dépendance,,0,,,,,,2.151214,48.802177
2022-1294422,2022-03-09,000001,Vente,170833,26,B,RUE COSTE,0730,78000,78646,Versailles,78,,,78646000BE0016,,,11,,,,,,,,,,1,4,Local industriel. commercial ou assimilé,17,0,,,,,,2.15635,48.79457
2022-1294434,2022-02-24,000001,Vente,681600,19,,RUE MAGENTA,1760,78000,78646,Versailles,78,,,78646000AK0026,,,36,,,,,,,,,,1,3,Dépendance,,0,,,,,,2.139,48.812354
2022-1294434,2022-02-24,000001,Vente,681600,19,,RUE MAGENTA,1760,78000,78646,Versailles,78,,,78646000AK0026,,,11,,19,,,,,,,,2,3,Dépendance,,0,,,,,,2.139,48.812354
2022-1294434,2022-02-24,000001,Vente,681600,19,,RUE MAGENTA,1760,78000,78646,Versailles,78,,,78646000AK0026,,,11,,19,,,,,,,,2,2,Appartement,92,3,,,,,,2.139,48.812354
2022-1294442,2022-03-15,000001,Vente,338308,13,,RUE DELAUNAY,0760,78000,78646,Versailles,78,,,78646000AB0046,,,34,,,,,,,,,,1,3,Dépendance,,0,,,,,,2.123503,48.816273
2022-1294442,2022-03-15,000001,Vente,338308,13,,RUE DELAUNAY,0760,78000,78646,Versailles,78,,,78646000AB0046,,,3,47.53,48,,,,,,,,2,2,Appartement,46,2,,,,,,2.123503,48.816273
2022-1294442,2022-03-15,000001,Vente,338308,13,,RUE DELAUNAY,0760,78000,78646,Versailles,78,,,78646000AB0046,,,3,47.53,48,,,,,,,,2,3,Dépendance,,0,,,,,,2.123503,48.816273
2022-1294443,2022-03-08,000001,Vente,1856450,41,,AV DE VILLENEUVE L ETANG,3200,78000,78646,Versailles,78,,,78646000AO0164,,,8,,,,,,,,,,1,3,Dépendance,,0,,,,,,2.14695,48.817484
2022-1294443,2022-03-08,000001,Vente,1856450,41,,AV DE VILLENEUVE L ETANG,3200,78000,78646,Versailles,78,,,78646000AO0164,,,9,,,,,,,,,,1,3,Dépendance,,0,,,,,,2.14695,48.817484
2022-1294443,2022-03-08,000001,Vente,1856450,41,,AV DE VILLENEUVE L ETANG,3200,78000,78646,Versailles,78,,,78646000AO0164,,,20,,3,,4,,5,209.8,,,4,2,Appartement,207,6,,,,,,2.14695,48.817484
2022-1294443,2022-03-08,000001,Vente,1856450,41,,AV DE VILLENEUVE L ETANG,3200,78000,78646,Versailles,78,,,78646000AO0164,,,10,,,,,,,,,,1,3,Dépendance,,0,,,,,,2.14695,48.817484
2022-1294443,2022-03-08,000001,Vente,1856450,41,,AV DE VILLENEUVE L ETANG,3200,78000,78646,Versailles,78,,,78646000AO0164,,,20,,3,,4,,5,209.8,,,4,3,Dépendance,,0,,,,,,2.14695,48.817484
2022-1294480,2022-03-02,000001,Vente,206400,64,,RUE DES CHANTIERS,0530,78000,78646,Versailles,78,,,78646000BL0326,,,367,,,,,,,,,,1,3,Dépendance,,0,,,,,,2.143523,48.792624
2022-1294480,2022-03-02,000001,Vente,206400,64,,RUE DES CHANTIERS,0530,78000,78646,Versailles,78,,,78646000BL0326,,,450,,86,,,,,,,,2,3,Dépendance,,0,,,,,,2.143523,48.792624
2022-1294480,2022-03-02,000001,Vente,206400,64,,RUE DES CHANTIERS,0530,78000,78646,Versailles,78,,,78646000BL0326,,,450,,86,,,,,,,,2,2,Appartement,37,1,,,,,,2.143523,48.792624
2022-1294493,2022-02-25,000001,Vente,250000,5,,RUE DE NOAILLES,2050,78000,78646,Versailles,78,,,78646000BR0086,,,19,,51,,71,,,,,,3,3,Dépendance,,0,,,,,,2.136115,48.799599
2022-1294493,2022-02-25,000001,Vente,250000,5,,RUE DE NOAILLES,2050,78000,78646,Versailles,78,,,78646000BR0086,,,19,,51,,71,,,,,,3,3,Dépendance,,0,,,,,,2.136115,48.799599
2022-1294493,2022-02-25,000001,Vente,250000,5,,RUE DE NOAILLES,2050,78000,78646,Versailles,78,,,78646000BR0086,,,19,,51,,71,,,,,,3,2,Appartement,31,2,,,,,,2.136115,48.799599
2022-1294512,2022-03-02,000001,Vente,205000,14,,RUE MONTBAURON,1970,78000,78646,Versailles,78,,,78646000BP0017,,,52,25.01,60,,,,,,,,2,3,Dépendance,,0,,,,,,2.135632,48.803902
2022-1294512,2022-03-02,000001,Vente,205000,14,,RUE MONTBAURON,1970,78000,78646,Versailles,78,,,78646000BP0017,,,52,25.01,60,,,,,,,,2,2,Appartement,26,2,,,,,,2.135632,48.803902
2022-1294528,2022-02-21,000001,Vente,20000,18,,RUE DU PARC DE CLAGNY,2171,78000,78646,Versailles,78,,,78646000AP0097,,,257,,,,,,,,,,1,3,Dépendance,,0,,,,,,2.141563,48.813647
2022-1294558,2022-03-11,000001,Vente,23000,22,,RUE JACQUES LEMERCIER,1420,78000,78646,Versailles,78,,,78646000AO0017,,,92,,,,,,,,,,1,3,Dépendance,,0,,,,,,2.149694,48.813972
2022-1294573,2022-03-16,000001,Vente,435000,12,,AV DE PORCHEFONTAINE,2380,78000,78646,Versailles,78,,,78646000BK0021,,,1782,,,,,,,,,,1,3,Dépendance,,0,,,,,,2.152071,48.797176
2022-1294573,2022-03-16,000001,Vente,435000,12,,AV DE PORCHEFONTAINE,2380,78000,78646,Versailles,78,,,78646000BK0021,,,694,,731,76.84,,,,,,,2,3,Dépendance,,0,,,,,,2.152071,48.797176
2022-1294573,2022-03-16,000001,Vente,435000,12,,AV DE PORCHEFONTAINE,2380,78000,78646,Versailles,78,,,78646000BK0021,,,694,,731,76.84,,,,,,,2,2,Appartement,76,3,,,,,,2.152071,48.797176
2022-1294603,2022-02-24,000001,Vente,245000,6,,PAS SAINT LOUIS,2830,78000,78646,Versailles,78,,,78646000BV0114,,,4,,5,,,,,,,,2,2,Appartement,22,1,,,,,,2.125594,48.797803
2022-1294603,2022-02-24,000001,Vente,245000,6,,PAS SAINT LOUIS,2830,78000,78646,Versailles,78,,,78646000BV0114,,,3,,,,,,,,,,1,2,Appartement,24,1,,,,,,2.125594,48.797803
2022-1294603,2022-02-24,000001,Vente,245000,6,,PAS SAINT LOUIS,2830,78000,78646,Versailles,78,,,78646000BV0114,,,4,,5,,,,,,,,2,3,Dépendance,,0,,,,,,2.125594,48.797803
2022-1294622,2022-03-04,000001,Vente,1270000,27,,RUE DE MONTREUIL,2000,78000,78646,Versailles,78,,,78646000AX0293,,,1,169.13,2,,3,,4,,5,,6,4,Local industriel. commercial ou assimilé,159,0,,,,,,2.144128,48.805256
2022-1294628,2022-02-23,000001,Vente en l'état futur d'achèvement,6000,17,,BD ST ANTOINE,2690,78000,78646,Versailles,78,,,78646000AC0055,,,65,,,,,,,,,,1,3,Dépendance,,0,,,,,,2.126221,48.815848
2022-1294630,2022-02-23,000001,Vente en l'état futur d'achèvement,24000,17,,BD ST ANTOINE,2690,78000,78646,Versailles,78,,,78646000AC0055,,,33,,,,,,,,,,1,3,Dépendance,,0,,,,,,2.126221,48.815848
2022-1294637,2022-03-17,000001,Vente,1706000,18,B,RUE SAINTE VICTOIRE,2920,78000,78646,Versailles,78,,,78646000AD0120,,,17,,31,,,,,,,,2,2,Appartement,188,6,,,,,,2.132058,48.810975
2022-1294637,2022-03-17,000001,Vente,1706000,18,B,RUE SAINTE VICTOIRE,2920,78000,78646,Versailles,78,,,78646000AD0120,,,17,,31,,,,,,,,2,3,Dépendance,,0,,,,,,2.132058,48.810975
2022-1294643,2022-03-10,000001,Vente,580000,6,,RUE DES ETATS GENERAUX,0980,78000,78646,Versailles,78,,,78646000BR0011,,,6,,,,,,,,,,1,2,Appartement,91,5,,,,,,2.131601,48.800799
2022-1294643,2022-03-10,000001,Vente,580000,6,,RUE DES ETATS GENERAUX,0980,78000,78646,Versailles,78,,,78646000BR0011,,,19,,,,,,,,,,1,3,Dépendance,,0,,,,,,2.131601,48.800799
2022-1294643,2022-03-10,000001,Vente,580000,6,,RUE DES ETATS GENERAUX,0980,78000,78646,Versailles,78,,,78646000BR0011,,,6,,,,,,,,,,1,3,Dépendance,,0,,,,,,2.131601,48.800799
2022-1294643,2022-03-10,000001,Vente,580000,6,,RUE DES ETATS GENERAUX,0980,78000,78646,Versailles,78,,,78646000BR0011,,,19,,,,,,,,,,1,2,Appartement,46,2,,,,,,2.131601,48.800799
2022-1294643,2022-03-10,000001,Vente,580000,6,,RUE DES ETATS GENERAUX,0980,78000,78646,Versailles,78,,,78646000BR0011,,,6,,,,,,,,,,1,3,Dépendance,,0,,,,,,2.131601,48.800799
2022-1294644,2022-02-24,000001,Vente,140000,6,Q,RUE EDOUARD LEFEBVRE,0910,78000,78646,Versailles,78,,,78646000BR0151,,,104,,46,,,,,,,,2,3,Dépendance,,0,,,,,,2.132269,48.798842
2022-1294644,2022-02-24,000001,Vente,140000,6,Q,RUE EDOUARD LEFEBVRE,0910,78000,78646,Versailles,78,,,78646000BR0151,,,104,,46,,,,,,,,2,2,Appartement,103,4,,,,,,2.132269,48.798842
2022-1294644,2022-02-24,000001,Vente,140000,6,,RUE EDOUARD LEFEBVRE,0910,78000,78646,Versailles,78,,,78646000BR0151,,,65,,,,,,,,,,1,3,Dépendance,,0,,,,,,2.132269,48.798842
2022-1294651,2022-03-09,000001,Vente,700000,6,,RUE DES ETATS GENERAUX,0980,78000,78646,Versailles,78,,,78646000BR0011,,,23,,,,,,,,,,1,3,Dépendance,,0,,,,,,2.131601,48.800799
2022-1294651,2022-03-09,000001,Vente,700000,6,,RUE DES ETATS GENERAUX,0980,78000,78646,Versailles,78,,,78646000BR0011,,,24,,5,103.01,,,,,,,2,2,Appartement,103,5,,,,,,2.131601,48.800799
2022-1294651,2022-03-09,000001,Vente,700000,6,,RUE DES ETATS GENERAUX,0980,78000,78646,Versailles,78,,,78646000BR0011,,,23,,,,,,,,,,1,3,Dépendance,,0,,,,,,2.131601,48.800799
2022-1294651,2022-03-09,000001,Vente,700000,6,,RUE DES ETATS GENERAUX,0980,78000,78646,Versailles,78,,,78646000BR0011,,,23,,,,,,,,,,1,2,Appartement,91,5,,,,,,2.131601,48.800799
2022-1294651,2022-03-09,000001,Vente,700000,6,,RUE DES ETATS GENERAUX,0980,78000,78646,Versailles,78,,,78646000BR0011,,,24,,5,103.01,,,,,,,2,3,Dépendance,,0,,,,,,2.131601,48.800799
2022-1294651,2022-03-09,000001,Vente,700000,6,,RUE DES ETATS GENERAUX,0980,78000,78646,Versailles,78,,,78646000BR0011,,,24,,5,103.01,,,,,,,2,3,Dépendance,,0,,,,,,2.131601,48.800799
2022-1294656,2022-03-10,000001,Vente,355000,17,T,RUE DU PONT COLBERT,2370,78000,78646,Versailles,78,,,78646000BI0022,,,570,76.62,,,,,,,,,1,3,Dépendance,,0,,,,,,2.149624,48.789909
2022-1294656,2022-03-10,000001,Vente,355000,17,T,RUE DU PONT COLBERT,2370,78000,78646,Versailles,78,,,78646000BI0022,,,570,76.62,,,,,,,,,1,2,Appartement,77,5,,,,,,2.149624,48.789909
2022-1294694,2022-02-25,000001,Vente,272000,61,,RUE JEAN DE LA FONTAINE,1439,78000,78646,Versailles,78,,,78646000BE0086,,,10,,12,,,,,,,,2,3,Dépendance,,0,,,,,,2.157108,48.794575
2022-1294694,2022-02-25,000001,Vente,272000,61,,RUE JEAN DE LA FONTAINE,1439,78000,78646,Versailles,78,,,78646000BE0086,,,10,,12,,,,,,,,2,2,Appartement,33,2,,,,,,2.157108,48.794575
2022-1294736,2022-03-14,000001,Vente,295000,4,,RUE DU HAZARD,1300,78000,78646,Versailles,78,,,78646000BT0144,,,18,,25,,3,,,,,,3,3,Dépendance,,0,,,,,,2.128138,48.795484
2022-1294736,2022-03-14,000001,Vente,295000,4,,RUE DU HAZARD,1300,78000,78646,Versailles,78,,,78646000BT0144,,,18,,25,,3,,,,,,3,2,Appartement,38,2,,,,,,2.128138,48.795484
2022-1294764,2022-03-18,000001,Vente,877440,15,,RUE JEAN DE LA BRUYERE,1560,78000,78646,Versailles,78,,,78646000AO0001,,,442,,,,,,,,,,1,3,Dépendance,,0,,,,,,2.145961,48.812878
2022-1294764,2022-03-18,000001,Vente,877440,27,,RUE JEAN DE LA BRUYERE,1560,78000,78646,Versailles,78,,,78646000AO0001,,,289,,309,,,,,,,,2,2,Appartement,134,7,,,,,,2.145961,48.812878
2022-1294764,2022-03-18,000001,Vente,877440,27,,RUE JEAN DE LA BRUYERE,1560,78000,78646,Versailles,78,,,78646000AO0001,,,289,,309,,,,,,,,2,3,Dépendance,,0,,,,,,2.145961,48.812878
2022-1294764,2022-03-18,000001,Vente,877440,15,,RUE JEAN DE LA BRUYERE,1560,78000,78646,Versailles,78,,,78646000AO0001,,,494,,,,,,,,,,1,3,Dépendance,,0,,,,,,2.145961,48.812878
2022-1294772,2022-03-08,000001,Vente,672650,5,,RUE D ANGIVILLER,0170,78000,78646,Versailles,78,,,78646000AC0179,,,14,,21,,24,,9,,,,4,3,Dépendance,,0,,,,,,2.125824,48.810853
2022-1294772,2022-03-08,000001,Vente,672650,5,,RUE D ANGIVILLER,0170,78000,78646,Versailles,78,,,78646000AC0179,,,14,,21,,24,,9,,,,4,3,Dépendance,,0,,,,,,2.125824,48.810853
2022-1294772,2022-03-08,000001,Vente,672650,5,,RUE D ANGIVILLER,0170,78000,78646,Versailles,78,,,78646000AC0179,,,14,,21,,24,,9,,,,4,3,Dépendance,,0,,,,,,2.125824,48.810853
2022-1294772,2022-03-08,000001,Vente,672650,5,,RUE D ANGIVILLER,0170,78000,78646,Versailles,78,,,78646000AC0179,,,14,,21,,24,,9,,,,4,3,Dépendance,,0,,,,,,2.125824,48.810853
2022-1294772,2022-03-08,000001,Vente,672650,5,,RUE D ANGIVILLER,0170,78000,78646,Versailles,78,,,78646000AC0179,,,14,,21,,24,,9,,,,4,2,Appartement,72,3,,,,,,2.125824,48.810853
2022-1294775,2022-03-11,000001,Vente,1211000,24,,RUE DE LA PAROISSE,2190,78000,78646,Versailles,78,,,78646000AE0187,,,64,,7,,70,,8,,,,4,3,Dépendance,,0,,,,,,2.127327,48.807596
2022-1294775,2022-03-11,000001,Vente,1211000,24,,RUE DE LA PAROISSE,2190,78000,78646,Versailles,78,,,78646000AE0187,,,12,,,,,,,,,,1,3,Dépendance,,0,,,,,,2.127327,48.807596
2022-1294775,2022-03-11,000001,Vente,1211000,24,,RUE DE LA PAROISSE,2190,78000,78646,Versailles,78,,,78646000AE0187,,,13,,,,,,,,,,1,3,Dépendance,,0,,,,,,2.127327,48.807596
2022-1294775,2022-03-11,000001,Vente,1211000,24,,RUE DE LA PAROISSE,2190,78000,78646,Versailles,78,,,78646000AE0187,,,64,,7,,70,,8,,,,4,3,Dépendance,,0,,,,,,2.127327,48.807596
2022-1294775,2022-03-11,000001,Vente,1211000,24,,RUE DE LA PAROISSE,2190,78000,78646,Versailles,78,,,78646000AE0187,,,64,,7,,70,,8,,,,4,2,Appartement,138,6,,,,,,2.127327,48.807596
2022-1294785,2022-03-17,000001,Vente,25000,33,,RUE DE MONTREUIL,2000,78000,78646,Versailles,78,,,78646000AX0296,,,26,2.52,28,3.1,29,10.64,,,,,3,3,Dépendance,,0,,,,,,2.144563,48.80518
2022-1294785,2022-03-17,000001,Vente,25000,33,,RUE DE MONTREUIL,2000,78000,78646,Versailles,78,,,78646000AX0296,,,26,2.52,28,3.1,29,10.64,,,,,3,3,Dépendance,,0,,,,,,2.144563,48.80518
2022-1294785,2022-03-17,000001,Vente,25000,33,,RUE DE MONTREUIL,2000,78000,78646,Versailles,78,,,78646000AX0296,,,26,2.52,28,3.1,29,10.64,,,,,3,3,Dépendance,,0,,,,,,2.144563,48.80518
2022-1294785,2022-03-17,000001,Vente,25000,33,,RUE DE MONTREUIL,2000,78000,78646,Versailles,78,,,78646000AX0296,,,26,2.52,28,3.1,29,10.64,,,,,3,2,Appartement,100,4,,,,,,2.144563,48.80518
2022-1294785,2022-03-17,000001,Vente,25000,33,,RUE DE MONTREUIL,2000,78000,78646,Versailles,78,,,78646000AX0296,,,26,2.52,28,3.1,29,10.64,,,,,3,3,Dépendance,,0,,,,,,2.144563,48.80518
2022-1294800,2022-03-10,000001,Vente,732700,45,B,BD ST ANTOINE,2690,78000,78646,Versailles,78,,,78646000AB0022,,,11,,26,,6,,,,,,3,2,Appartement,80,5,,,,,,2.12042,48.817957
2022-1294800,2022-03-10,000001,Vente,732700,45,B,BD ST ANTOINE,2690,78000,78646,Versailles,78,,,78646000AB0022,,,11,,26,,6,,,,,,3,3,Dépendance,,0,,,,,,2.12042,48.817957
2022-1294800,2022-03-10,000001,Vente,732700,45,B,BD ST ANTOINE,2690,78000,78646,Versailles,78,,,78646000AB0022,,,11,,26,,6,,,,,,3,3,Dépendance,,0,,,,,,2.12042,48.817957
2022-1294819,2022-03-14,000001,Vente,1310000,87,,AV DE SAINT CLOUD,2730,78000,78646,Versailles,78,,,78646000AI0233,,,39,,,,,,,,,,1,3,Dépendance,,0,,,,,,2.139119,48.806033
2022-1294819,2022-03-14,000001,Vente,1310000,87,,AV DE SAINT CLOUD,2730,78000,78646,Versailles,78,,,78646000AI0233,,,26,,4,,,,,,,,2,3,Dépendance,,0,,,,,,2.139119,48.806033
2022-1294819,2022-03-14,000001,Vente,1310000,87,,AV DE SAINT CLOUD,2730,78000,78646,Versailles,78,,,78646000AI0233,,,26,,4,,,,,,,,2,2,Appartement,194,7,,,,,,2.139119,48.806033
2022-1294850,2022-03-11,000001,Vente,430000,19,,RUE DES BOURDONNAIS,0400,78000,78646,Versailles,78,,,78646000BT0207,,,10,51.54,11,51.54,25,,,,,,3,3,Dépendance,,0,,,,,,2.126637,48.795652
2022-1294850,2022-03-11,000001,Vente,430000,19,,RUE DES BOURDONNAIS,0400,78000,78646,Versailles,78,,,78646000BT0207,,,10,51.54,11,51.54,25,,,,,,3,2,Appartement,50,2,,,,,,2.126637,48.795652
2022-1294854,2022-03-17,000001,Vente,602870,32,,RUE DU MAL JOFFRE,1820,78000,78646,Versailles,78,,,78646000BW0207,,,22,,31,86.22,,,,,,,2,2,Appartement,83,4,,,,,,2.119719,48.794497
2022-1294854,2022-03-17,000001,Vente,602870,32,,RUE DU MAL JOFFRE,1820,78000,78646,Versailles,78,,,78646000BW0207,,,22,,31,86.22,,,,,,,2,3,Dépendance,,0,,,,,,2.119719,48.794497
2022-1294854,2022-03-17,000001,Vente,602870,32,,RUE DU MAL JOFFRE,1820,78000,78646,Versailles,78,,,78646000BW0207,,,114,,,,,,,,,,1,3,Dépendance,,0,,,,,,2.119719,48.794497
2022-1294855,2022-02-25,000001,Vente,535650,28,,RUE HENRI SIMON,1330,78000,78646,Versailles,78,,,78646000AW0006,,,416,79.73,460,,,,,,,,2,2,Appartement,84,3,,,,,,2.15013,48.808121
2022-1294855,2022-02-25,000001,Vente,535650,28,,RUE HENRI SIMON,1330,78000,78646,Versailles,78,,,78646000AW0006,,,416,79.73,460,,,,,,,,2,3,Dépendance,,0,,,,,,2.15013,48.808121
2022-1294857,2022-02-25,000001,Vente,34000,28,,RUE HENRI SIMON,1330,78000,78646,Versailles,78,,,78646000AW0006,,,1001,,1002,,,,,,,,2,3,Dépendance,,0,,,,,,2.15013,48.808121
2022-1294858,2022-02-25,000001,Vente,15000,8,,RUE DE LA CEINTURE,0460,78000,78646,Versailles,78,,,78646000AW0006,,,1204,,,,,,,,,,1,3,Dépendance,,0,,,,,,2.15013,48.808121
2022-1294869,2022-03-18,000001,Vente,635150,7,,RUE EDOUARD CHARTON,0890,78000,78646,Versailles,78,,,78646000BS0011,,,24,,,,,,,,,,1,3,Dépendance,,0,,,,,,2.13109,48.795902
2022-1294869,2022-03-18,000001,Vente,635150,7,,RUE EDOUARD CHARTON,0890,78000,78646,Versailles,78,,,78646000BS0011,,,46,,69,,83,86.28,,,,,3,3,Dépendance,,0,,,,,,2.13109,48.795902
2022-1294869,2022-03-18,000001,Vente,635150,7,,RUE EDOUARD CHARTON,0890,78000,78646,Versailles,78,,,78646000BS0011,,,46,,69,,83,86.28,,,,,3,2,Appartement,86,3,,,,,,2.13109,48.795902
2022-1294869,2022-03-18,000001,Vente,635150,7,,RUE EDOUARD CHARTON,0890,78000,78646,Versailles,78,,,78646000BS0011,,,46,,69,,83,86.28,,,,,3,3,Dépendance,,0,,,,,,2.13109,48.795902
2022-1294876,2022-03-18,000001,Vente,578000,6,,RUE MAUREPAS,1870,78000,78646,Versailles,78,,,78646000AC0229,,,36,,54,,,,,,,,2,2,Appartement,51,3,,,,,,2.124432,48.809273
2022-1294876,2022-03-18,000001,Vente,578000,6,,RUE MAUREPAS,1870,78000,78646,Versailles,78,,,78646000AC0229,,,36,,54,,,,,,,,2,3,Dépendance,,0,,,,,,2.124432,48.809273
2022-1294876,2022-03-18,000001,Vente,578000,6,,RUE MAUREPAS,1870,78000,78646,Versailles,78,,,78646000AC0229,,,36,,54,,,,,,,,2,3,Dépendance,,0,,,,,,2.124432,48.809273
2022-1294876,2022-03-18,000001,Vente,578000,6,,RUE MAUREPAS,1870,78000,78646,Versailles,78,,,78646000AC0229,,,36,,54,,,,,,,,2,3,Dépendance,,0,,,,,,2.124432,48.809273
2022-1294876,2022-03-18,000001,Vente,578000,6,,RUE MAUREPAS,1870,78000,78646,Versailles,78,,,78646000AC0229,,,36,,54,,,,,,,,2,3,Dépendance,,0,,,,,,2.124432,48.809273
2022-1294947,2022-03-14,000001,Vente,560000,4,,ALL DES GARDES ROYALES,1136,78000,78646,Versailles,78,,,78646000AY0212,,,137,92.04,162,,,,,,,,2,2,Appartement,90,4,,,,,,2.151214,48.802177
2022-1294947,2022-03-14,000001,Vente,560000,4,,ALL DES GARDES ROYALES,1136,78000,78646,Versailles,78,,,78646000AY0212,,,137,92.04,162,,,,,,,,2,3,Dépendance,,0,,,,,,2.151214,48.802177
2022-1294947,2022-03-14,000001,Vente,560000,4,,ALL DES GARDES ROYALES,1136,78000,78646,Versailles,78,,,78646000AY0212,,,137,92.04,162,,,,,,,,2,3,Dépendance,,0,,,,,,2.151214,48.802177
2022-1294947,2022-03-14,000001,Vente,560000,2,,ALL DES GARDES ROYALES,1136,78000,78646,Versailles,78,,,78646000AY0212,,,1027,,,,,,,,,,1,3,Dépendance,,0,,,,,,2.151214,48.802177
2022-1294957,2022-03-01,000001,Vente,1331750,63,,RUE DU MAL FOCH,1810,78000,78646,Versailles,78,,,78646000AD0319,,,24,,5,147,,,,,,,2,2,Appartement,152,5,,,,,,2.134547,48.811448
2022-1294957,2022-03-01,000001,Vente,1331750,63,,RUE DU MAL FOCH,1810,78000,78646,Versailles,78,,,78646000AD0319,,,24,,5,147,,,,,,,2,3,Dépendance,,0,,,,,,2.134547,48.811448
2022-1294957,2022-03-01,000001,Vente,1331750,63,,RUE DU MAL FOCH,1810,78000,78646,Versailles,78,,,78646000AD0319,,,24,,5,147,,,,,,,2,3,Dépendance,,0,,,,,,2.134547,48.811448
2022-1294960,2022-03-14,000001,Vente,720000,2,,RUE SAINT LOUIS,2810,78000,78646,Versailles,78,,,78646000BW0081,,,24,114,25,,66,,,,,,3,2,Appartement,112,5,,,,,,2.122585,48.795743
2022-1294960,2022-03-14,000001,Vente,720000,2,,RUE SAINT LOUIS,2810,78000,78646,Versailles,78,,,78646000BW0081,,,60,,,,,,,,,,1,3,Dépendance,,0,,,,,,2.122585,48.795743
2022-1294960,2022-03-14,000001,Vente,720000,2,,RUE SAINT LOUIS,2810,78000,78646,Versailles,78,,,78646000BW0081,,,24,114,25,,66,,,,,,3,3,Dépendance,,0,,,,,,2.122585,48.795743
2022-1294971,2022-03-24,000001,Vente,235400,6,,RUE DES DEUX PORTES,0780,78000,78646,Versailles,78,,,78646000AE0277,,,14,,7,21.14,,,,,,,2,3,Dépendance,,0,,,,,,2.130594,48.805713
2022-1294971,2022-03-24,000001,Vente,235400,6,,RUE DES DEUX PORTES,0780,78000,78646,Versailles,78,,,78646000AE0277,,,14,,7,21.14,,,,,,,2,2,Appartement,25,1,,,,,,2.130594,48.805713
2022-1294979,2022-03-22,000001,Vente,600000,4,,RUE SAINT HONORE,2780,78000,78646,Versailles,78,,,78646000BV0067,,,5,76.1,,,,,,,,,1,3,Dépendance,,0,,,,,,2.12522,48.798929
2022-1294979,2022-03-22,000001,Vente,600000,4,,RUE SAINT HONORE,2780,78000,78646,Versailles,78,,,78646000BV0067,,,5,76.1,,,,,,,,,1,3,Dépendance,,0,,,,,,2.12522,48.798929
2022-1294979,2022-03-22,000001,Vente,600000,4,,RUE SAINT HONORE,2780,78000,78646,Versailles,78,,,78646000BV0067,,,5,76.1,,,,,,,,,1,2,Appartement,74,5,,,,,,2.12522,48.798929
2022-1294989,2022-03-10,000001,Vente,471150,39,,RUE DE LA CEINTURE,0460,78000,78646,Versailles,78,,,78646000AV0142,,,,,,,,,,,,,0,3,Dépendance,,0,S,sols,,,293,,
2022-1294989,2022-03-10,000001,Vente,471150,39,,RUE DE LA CEINTURE,0460,78000,78646,Versailles,78,,,78646000AV0142,,,,,,,,,,,,,0,1,Maison,51,2,J,jardins,,,232,,
2022-1294989,2022-03-10,000001,Vente,471150,39,,RUE DE LA CEINTURE,0460,78000,78646,Versailles,78,,,78646000AV0142,,,,,,,,,,,,,0,3,Dépendance,,0,J,jardins,,,232,,
2022-1294989,2022-03-10,000001,Vente,471150,39,,RUE DE LA CEINTURE,0460,78000,78646,Versailles,78,,,78646000AV0142,,,,,,,,,,,,,0,3,Dépendance,,0,J,jardins,,,232,,
2022-1294989,2022-03-10,000001,Vente,471150,39,,RUE DE LA CEINTURE,0460,78000,78646,Versailles,78,,,78646000AV0142,,,,,,,,,,,,,0,1,Maison,51,2,S,sols,,,293,,
2022-1294989,2022-03-10,000001,Vente,471150,39,,RUE DE LA CEINTURE,0460,78000,78646,Versailles,78,,,78646000AV0142,,,,,,,,,,,,,0,3,Dépendance,,0,S,sols,,,293,,
2022-1295000,2022-03-15,000001,Vente,569900,2,,IMP DES CHEVAU-LEGERS,0600,78000,78646,Versailles,78,,,78646000AH0224,,,66,,,,,,,,,,1,3,Dépendance,,0,,,,,,,
2022-1295000,2022-03-15,000001,Vente,569900,2,,IMP DES CHEVAU-LEGERS,0600,78000,78646,Versailles,78,,,78646000AH0224,,,68,71.69,,,,,,,,,1,2,Appartement,56,2,,,,,,,
2022-1295002,2022-03-17,000001,Vente,194000,9,,RUE LAFAYETTE,1580,78000,78646,Versailles,78,,,78646000AC0320,,,33,28.59,,,,,,,,,1,2,Appartement,30,1,,,,,,2.125523,48.812649
2022-1295035,2022-03-17,000001,Vente,1526000,20,T,RUE DES MISSIONNAIRES,1920,78000,78646,Versailles,78,,,78646000AD0254,,,,,,,,,,,,,0,1,Maison,87,5,S,sols,,,154,2.13182,48.812538
2022-1295108,2022-03-11,000001,Vente,403250,63,,RUE DE LA PAROISSE,2190,78000,78646,Versailles,78,,,78646000AI0286,,,63,,,,,,,,,,1,2,Appartement,48,3,,,,,,2.133707,48.8066
2022-1295139,2022-03-11,000001,Vente,170000,2,T,RUE DU JEU DE PAUME,1490,78000,78646,Versailles,78,,,78646000AH0103,,,46,15.62,,,,,,,,,1,2,Appartement,15,1,,,,,,2.123552,48.801086
2022-1295175,2022-03-28,000001,Vente,227619,17,,RUE BENJAMIN FRANKLIN,0340,78000,78646,Versailles,78,,,78646000BS0034,,,22,,8,,,,,,,,2,2,Appartement,31,2,,,,,,2.136286,48.797756
2022-1295175,2022-03-28,000001,Vente,227619,17,,RUE BENJAMIN FRANKLIN,0340,78000,78646,Versailles,78,,,78646000BS0034,,,22,,8,,,,,,,,2,3,Dépendance,,0,,,,,,2.136286,48.797756
2022-1295179,2022-03-17,000001,Vente,268000,93,,RUE YVES LE COZ,3210,78000,78646,Versailles,78,,,78646000BE0108,,,38,,,,,,,,,,1,2,Appartement,30,2,,,,,,2.15647,48.795075
2022-1295213,2022-03-29,000001,Vente,181000,15,,RUE DUCIS,0820,78000,78646,Versailles,78,,,78646000AE0084,,,10,,47,,9,,,,,,3,2,Appartement,26,2,,,,,,2.131252,48.807256
2022-1295213,2022-03-29,000001,Vente,181000,15,,RUE DUCIS,0820,78000,78646,Versailles,78,,,78646000AE0084,,,10,,47,,9,,,,,,3,3,Dépendance,,0,,,,,,2.131252,48.807256
2022-1295213,2022-03-29,000001,Vente,181000,15,,RUE DUCIS,0820,78000,78646,Versailles,78,,,78646000AE0084,,,10,,47,,9,,,,,,3,3,Dépendance,,0,,,,,,2.131252,48.807256
2022-1295216,2022-03-17,000001,Vente,463150,60,,RUE DE MONTREUIL,2000,78000,78646,Versailles,78,,,78646000AY0270,,,103,,131,,,,,,,,2,3,Dépendance,,0,,,,,,2.148581,48.804249
2022-1295216,2022-03-17,000001,Vente,463150,60,,RUE DE MONTREUIL,2000,78000,78646,Versailles,78,,,78646000AY0270,,,103,,131,,,,,,,,2,2,Appartement,84,4,,,,,,2.148581,48.804249
2022-1295216,2022-03-17,000001,Vente,463150,60,,RUE DE MONTREUIL,2000,78000,78646,Versailles,78,,,78646000AY0270,,,301,,,,,,,,,,1,3,Dépendance,,0,,,,,,2.148581,48.804249
2022-1295226,2022-03-25,000001,Vente,18000,82,B,AV DE PARIS,2180,78000,78646,Versailles,78,,,78646000BN0166,,,1221,,,,,,,,,,1,3,Dépendance,,0,,,,,,2.145036,48.797427
2022-1295255,2022-03-25,000001,Vente,650000,5,,AV DE SAINT CLOUD,2730,78000,78646,Versailles,78,,,78646000AE0317,,,6,81.87,,,,,,,,,1,2,Appartement,82,4,,,,,,2.128338,48.805267
2022-1295255,2022-03-25,000001,Vente,650000,5,,AV DE SAINT CLOUD,2730,78000,78646,Versailles,78,,,78646000AE0317,,,6,81.87,,,,,,,,,1,3,Dépendance,,0,,,,,,2.128338,48.805267
2022-1295256,2022-03-24,000001,Vente,475000,1,,PROM MONA LISA,1965,78000,78646,Versailles,78,,,78646000AZ0110,,,2569,,2611,,,,,,,,2,2,Appartement,118,5,,,,,,2.158672,48.8041
2022-1295256,2022-03-24,000001,Vente,475000,1,,PROM MONA LISA,1965,78000,78646,Versailles,78,,,78646000AZ0110,,,2569,,2611,,,,,,,,2,3,Dépendance,,0,,,,,,2.158672,48.8041
2022-1295336,2022-03-02,000001,Vente,1190000,14,,RUE SAINTE SOPHIE,2890,78000,78646,Versailles,78,,,78646000AD0313,,,3,118.57,6,,,,,,,,2,2,Appartement,95,4,,,,,,2.133389,48.811112
2022-1295336,2022-03-02,000001,Vente,1190000,14,,RUE SAINTE SOPHIE,2890,78000,78646,Versailles,78,,,78646000AD0313,,,7,,,,,,,,,,1,3,Dépendance,,0,,,,,,2.133389,48.811112
2022-1295336,2022-03-02,000001,Vente,1190000,14,,RUE SAINTE SOPHIE,2890,78000,78646,Versailles,78,,,78646000AD0313,,,3,118.57,6,,,,,,,,2,3,Dépendance,,0,,,,,,2.133389,48.811112
2022-1295337,2022-03-01,000001,Vente,560000,32,B,RUE SAINT CHARLES,2710,78000,78646,Versailles,78,,,78646000AY0032,,,27,,,,,,,,,,1,3,Dépendance,,0,,,,,,2.149284,48.802302
2022-1295337,2022-03-01,000001,Vente,560000,32,B,RUE SAINT CHARLES,2710,78000,78646,Versailles,78,,,78646000AY0032,,,13,,45,86.93,,,,,,,2,2,Appartement,75,4,,,,,,2.149284,48.802302
2022-1295337,2022-03-01,000001,Vente,560000,32,B,RUE SAINT CHARLES,2710,78000,78646,Versailles,78,,,78646000AY0032,,,13,,45,86.93,,,,,,,2,3,Dépendance,,0,,,,,,2.149284,48.802302
2022-1295352,2022-03-22,000001,Vente,480000,5,,RUE DU GENERAL LECLERC,1145,78000,78646,Versailles,78,,,78646000AH0137,,,26,64.16,7,,,,,,,,2,2,Appartement,64,2,,,,,,2.125427,48.799662
2022-1295368,2022-03-23,000001,Vente,440000,1,,PROM MONA LISA,1965,78000,78646,Versailles,78,,,78646000AZ0110,,,2580,,2597,117.72,,,,,,,2,3,Dépendance,,0,,,,,,2.158672,48.8041
2022-1295368,2022-03-23,000001,Vente,440000,5,,RUE DE L ECOLE DES POSTES,0850,78000,78646,Versailles,78,,,78646000AZ0110,,,3705,,,,,,,,,,1,3,Dépendance,,0,,,,,,2.158672,48.8041
2022-1295368,2022-03-23,000001,Vente,440000,1,,PROM MONA LISA,1965,78000,78646,Versailles,78,,,78646000AZ0110,,,2580,,2597,117.72,,,,,,,2,2,Appartement,118,5,,,,,,2.158672,48.8041
2022-1295370,2022-03-24,000001,Vente,530961,13,,RUE DU GENERAL PERSHING,1170,78000,78646,Versailles,78,,,78646000AO0068,,,303,,,,,,,,,,1,3,Dépendance,,0,,,,,,2.148928,48.817113
2022-1295370,2022-03-24,000001,Vente,530961,13,,RUE DU GENERAL PERSHING,1170,78000,78646,Versailles,78,,,78646000AO0068,,,302,,,,,,,,,,1,3,Dépendance,,0,,,,,,2.148928,48.817113
2022-1295370,2022-03-24,000001,Vente,530961,13,,RUE DU GENERAL PERSHING,1170,78000,78646,Versailles,78,,,78646000AO0068,,,58,,,,,,,,,,1,2,Appartement,103,3,,,,,,2.148928,48.817113
2022-1295412,2022-03-29,000001,Vente,1210000,2,,RUE DE L ERMITAGE,0940,78000,78646,Versailles,78,,,78646000AC0321,,,19,149,61,,,,,,,,2,3,Dépendance,,0,,,,,,2.124532,48.813139
2022-1295412,2022-03-29,000001,Vente,1210000,3,B,RUE EXELMANS,1020,78000,78646,Versailles,78,,,78646000AC0321,,,48,,,,,,,,,,1,3,Dépendance,,0,,,,,,2.124532,48.813139
2022-1295412,2022-03-29,000001,Vente,1210000,2,,RUE DE L ERMITAGE,0940,78000,78646,Versailles,78,,,78646000AC0321,,,19,149,61,,,,,,,,2,2,Appartement,143,5,,,,,,2.124532,48.813139
2022-1295441,2022-03-11,000001,Vente,376000,9007,,RUE MADAME,1730,78000,78646,Versailles,78,,,78646000AE0334,,,,,,,,,,,,,0,3,Dépendance,,0,S,sols,,,2757,2.126255,48.805717
2022-1295441,2022-03-11,000001,Vente,376000,9007,,RUE MADAME,1730,78000,78646,Versailles,78,,,78646000AE0334,,,,,,,,,,,,,0,3,Dépendance,,0,S,sols,,,2757,2.126255,48.805717
2022-1295441,2022-03-11,000001,Vente,376000,9007,,RUE MADAME,1730,78000,78646,Versailles,78,,,78646000AE0334,,,,,,,,,,,,,0,4,Local industriel. commercial ou assimilé,,0,S,sols,,,2757,2.126255,48.805717
2022-1295441,2022-03-11,000001,Vente,376000,9007,,RUE MADAME,1730,78000,78646,Versailles,78,,,78646000AE0334,,,,,,,,,,,,,0,3,Dépendance,,0,S,sols,,,2757,2.126255,48.805717
2022-1295441,2022-03-11,000001,Vente,376000,9007,,RUE MADAME,1730,78000,78646,Versailles,78,,,78646000AE0334,,,,,,,,,,,,,0,4,Local industriel. commercial ou assimilé,,0,S,sols,,,2757,2.126255,48.805717
2022-1295441,2022-03-11,000001,Vente,376000,9007,,RUE MADAME,1730,78000,78646,Versailles,78,,,78646000AE0334,,,,,,,,,,,,,0,2,Appartement,78,4,S,sols,,,2757,2.126255,48.805717
2022-1295445,2022-03-23,000001,Vente,252000,5,,RUE DE L ECOLE DES POSTES,0850,78000,78646,Versailles,78,,,78646000AZ0110,,,979,,,,,,,,,,1,4,Local industriel. commercial ou assimilé,79,0,,,,,,2.158672,48.8041
2022-1295445,2022-03-23,000001,Vente,252000,5,,RUE DE L ECOLE DES POSTES,0850,78000,78646,Versailles,78,,,78646000AZ0110,,,2857,,,,,,,,,,1,3,Dépendance,,0,,,,,,2.158672,48.8041
2022-1295456,2022-01-07,000001,Echange,126000,98,,AV DE PARIS,2180,78000,78646,Versailles,78,,,78646000BK0001,,,145,,284,,,,,,,,2,2,Appartement,122,6,,,,,,2.149414,48.797242
2022-1295456,2022-01-07,000001,Echange,126000,98,,AV DE PARIS,2180,78000,78646,Versailles,78,,,78646000BK0001,,,145,,284,,,,,,,,2,3,Dépendance,,0,,,,,,2.149414,48.797242
2022-1295456,2022-01-07,000001,Echange,126000,98,,AV DE PARIS,2180,78000,78646,Versailles,78,,,78646000BK0001,,,494,,,,,,,,,,1,3,Dépendance,,0,,,,,,2.149414,48.797242
2022-1295456,2022-01-07,000001,Echange,126000,98,,AV DE PARIS,2180,78000,78646,Versailles,78,,,78646000BK0001,,,523,,,,,,,,,,1,3,Dépendance,,0,,,,,,2.149414,48.797242
2022-1295456,2022-01-07,000001,Echange,126000,98,,AV DE PARIS,2180,78000,78646,Versailles,78,,,78646000BK0001,,,298,,,,,,,,,,1,3,Dépendance,,0,,,,,,2.149414,48.797242
2022-1295456,2022-01-07,000001,Echange,126000,98,,AV DE PARIS,2180,78000,78646,Versailles,78,,,78646000BK0001,,,150,,,,,,,,,,1,3,Dépendance,,0,,,,,,2.149414,48.797242
2022-1295459,2022-03-21,000001,Vente,299760,9,,RUE DU VIEUX VERSAILLES,3180,78000,78646,Versailles,78,,,78646000AH0045,,,16,,5,39.24,,,,,,,2,2,Appartement,49,2,,,,,,2.122335,48.801337
2022-1295459,2022-03-21,000001,Vente,299760,9,,RUE DU VIEUX VERSAILLES,3180,78000,78646,Versailles,78,,,78646000AH0045,,,16,,5,39.24,,,,,,,2,3,Dépendance,,0,,,,,,2.122335,48.801337
2022-1295463,2022-03-25,000001,Vente,1169650,48,,AV DU MAL DOUGLAS HAIG,1795,78000,78646,Versailles,78,,,78646000AM0290,,,,,,,,,,,,,0,1,Maison,110,5,S,sols,,,447,2.146294,48.822635
2022-1295501,2022-03-30,000001,Vente,955000,4,,PAS VEDI ST CHARLES,3130,78000,78646,Versailles,78,,,78646000AY0117,,,,,,,,,,,,,0,1,Maison,80,4,S,sols,,,159,2.150018,48.801078
2022-1295501,2022-03-30,000001,Vente,955000,14,T,RUE SAINT CHARLES,2710,78000,78646,Versailles,78,,,78646000AY0287,,,13,,,,,,,,,,1,3,Dépendance,,0,,,,,,2.150369,48.800861
2022-1295508,2022-03-30,000001,Vente,127500,8,,RUE DU MARECHAL GALLIENI,1812,78000,78646,Versailles,78,,,78646000AC0197,,,141,15.25,,,,,,,,,1,2,Appartement,15,1,,,,,,2.124334,48.810687
2022-1295514,2022-03-23,000001,Vente,20000,9,,AV DES ETATS UNIS,0990,78000,78646,Versailles,78,,,78646000AX0490,,,121,,,,,,,,,,1,3,Dépendance,,0,,,,,,2.142342,48.80702
2022-1295521,2022-03-09,000001,Vente,460000,5,,RUE MADEMOISELLE,1740,78000,78646,Versailles,78,,,78646000AD0045,,,11,94.71,,,,,,,,,1,3,Dépendance,,0,,,,,,2.128701,48.8099
2022-1295521,2022-03-09,000001,Vente,460000,5,,RUE MADEMOISELLE,1740,78000,78646,Versailles,78,,,78646000AD0045,,,3,,,,,,,,,,1,3,Dépendance,,0,,,,,,2.128701,48.8099
2022-1295521,2022-03-09,000001,Vente,460000,5,,RUE MADEMOISELLE,1740,78000,78646,Versailles,78,,,78646000AD0045,,,11,94.71,,,,,,,,,1,2,Appartement,96,4,,,,,,2.128701,48.8099
2022-1295553,2022-03-28,000001,Vente,325500,19,,RUE LAFAYETTE,1580,78000,78646,Versailles,78,,,78646000AC0120,,,12,45.68,22,,,,,,,,2,2,Appartement,48,2,,,,,,2.126387,48.812453
2022-1295553,2022-03-28,000001,Vente,325500,19,,RUE LAFAYETTE,1580,78000,78646,Versailles,78,,,78646000AC0120,,,12,45.68,22,,,,,,,,2,3,Dépendance,,0,,,,,,2.126387,48.812453
2022-1295618,2022-03-11,000001,Vente,1200000,15,,RUE VICTOR HUGO,3170,78000,78646,Versailles,78,,,78646000BK0108,,,,,,,,,,,,,0,1,Maison,89,6,S,sols,,,558,2.154266,48.794901
2022-1295623,2022-03-11,000001,Vente,580000,82,B,AV DE PARIS,2180,78000,78646,Versailles,78,,,78646000BN0166,,,304,,344,,,,,,,,2,2,Appartement,78,4,,,,,,2.145036,48.797427
2022-1295623,2022-03-11,000001,Vente,580000,82,B,AV DE PARIS,2180,78000,78646,Versailles,78,,,78646000BN0166,,,304,,344,,,,,,,,2,3,Dépendance,,0,,,,,,2.145036,48.797427
2022-1295623,2022-03-11,000001,Vente,580000,82,B,AV DE PARIS,2180,78000,78646,Versailles,78,,,78646000BN0166,,,304,,344,,,,,,,,2,3,Dépendance,,0,,,,,,2.145036,48.797427
2022-1295623,2022-03-11,000001,Vente,580000,82,B,AV DE PARIS,2180,78000,78646,Versailles,78,,,78646000BN0166,,,924,,,,,,,,,,1,3,Dépendance,,0,,,,,,2.145036,48.797427
2022-1295629,2022-03-21,000001,Vente,290000,23,,RUE DU PONT COLBERT,2370,78000,78646,Versailles,78,,,78646000BI0301,,,112,,119,,139,,,,,,3,2,Appartement,63,3,,,,,,2.151121,48.788068
2022-1295629,2022-03-21,000001,Vente,290000,23,,RUE DU PONT COLBERT,2370,78000,78646,Versailles,78,,,78646000BI0301,,,112,,119,,139,,,,,,3,3,Dépendance,,0,,,,,,2.151121,48.788068
2022-1295629,2022-03-21,000001,Vente,290000,23,,RUE DU PONT COLBERT,2370,78000,78646,Versailles,78,,,78646000BI0301,,,112,,119,,139,,,,,,3,3,Dépendance,,0,,,,,,2.151121,48.788068
2022-1295646,2022-03-25,000001,Vente,490000,82,B,AV DE PARIS,2180,78000,78646,Versailles,78,,,78646000BN0166,,,10,72.64,54,,,,,,,,2,2,Appartement,72,3,,,,,,2.145036,48.797427
2022-1295646,2022-03-25,000001,Vente,490000,82,B,AV DE PARIS,2180,78000,78646,Versailles,78,,,78646000BN0166,,,10,72.64,54,,,,,,,,2,3,Dépendance,,0,,,,,,2.145036,48.797427
2022-1295646,2022-03-25,000001,Vente,490000,82,B,AV DE PARIS,2180,78000,78646,Versailles,78,,,78646000BN0166,,,951,,,,,,,,,,1,3,Dépendance,,0,,,,,,2.145036,48.797427
2022-1295667,2022-03-30,000001,Vente,1221550,37,,RUE LAMARTINE,1590,78000,78646,Versailles,78,,,78646000BL0338,,,,,,,,,,,,,0,1,Maison,100,5,S,sols,,,363,2.149226,48.793064
2022-1295709,2022-03-08,000001,Vente,631170,52,B,AV DE SAINT CLOUD,2730,78000,78646,Versailles,78,,,78646000BP0008,,,150,79.09,,,,,,,,,1,2,Appartement,80,3,,,,,,2.137166,48.804897
2022-1295710,2022-04-04,000001,Vente,347500,36,,RUE DES CHANTIERS,0530,78000,78646,Versailles,78,,,78646000BM0043,,,42,49.02,50,,53,,,,,,3,3,Dépendance,,0,,,,,,2.139618,48.795007
2022-1295710,2022-04-04,000001,Vente,347500,36,,RUE DES CHANTIERS,0530,78000,78646,Versailles,78,,,78646000BM0043,,,42,49.02,50,,53,,,,,,3,2,Appartement,47,3,,,,,,2.139618,48.795007
2022-1295710,2022-04-04,000001,Vente,347500,36,,RUE DES CHANTIERS,0530,78000,78646,Versailles,78,,,78646000BM0043,,,42,49.02,50,,53,,,,,,3,3,Dépendance,,0,,,,,,2.139618,48.795007
2022-1295729,2022-03-23,000001,Vente,618050,19,,AV DES ETATS UNIS,0990,78000,78646,Versailles,78,,,78646000AX0045,,,12,,9,77.64,,,,,,,2,3,Dépendance,,0,,,,,,2.143827,48.807614
2022-1295729,2022-03-23,000001,Vente,618050,19,,AV DES ETATS UNIS,0990,78000,78646,Versailles,78,,,78646000AX0045,,,12,,9,77.64,,,,,,,2,2,Appartement,69,4,,,,,,2.143827,48.807614
2022-1295755,2022-03-10,000001,Vente,17000,2,,RUE JEAN MERMOZ,1460,78000,78646,Versailles,78,,,78646000BN0167,,,558,,,,,,,,,,1,3,Dépendance,,0,,,,,,2.142752,48.797871
2022-1295776,2022-03-29,000001,Vente,539843,3,,RUE DES ETATS GENERAUX,0980,78000,78646,Versailles,78,,,78646000BR0026,,,14,,7,,,,,,,,2,3,Dépendance,,0,,,,,,2.132168,48.801011
2022-1295776,2022-03-29,000001,Vente,539843,3,,RUE DES ETATS GENERAUX,0980,78000,78646,Versailles,78,,,78646000BR0026,,,14,,7,,,,,,,,2,2,Appartement,73,3,,,,,,2.132168,48.801011
2022-1295793,2022-04-05,000001,Vente,220000,36,,RUE DES CHANTIERS,0530,78000,78646,Versailles,78,,,78646000BM0043,,,36,49.09,46,,56,,,,,,3,2,Appartement,47,3,,,,,,2.139618,48.795007
2022-1295793,2022-04-05,000001,Vente,220000,36,,RUE DES CHANTIERS,0530,78000,78646,Versailles,78,,,78646000BM0043,,,36,49.09,46,,56,,,,,,3,3,Dépendance,,0,,,,,,2.139618,48.795007
2022-1295793,2022-04-05,000001,Vente,220000,36,,RUE DES CHANTIERS,0530,78000,78646,Versailles,78,,,78646000BM0043,,,36,49.09,46,,56,,,,,,3,3,Dépendance,,0,,,,,,2.139618,48.795007
2022-1295838,2022-03-25,000001,Vente,195000,3,,RUE SAINT SIMON,2880,78000,78646,Versailles,78,,,78646000AI0091,,,19,19.26,20,,,,,,,,2,2,Appartement,22,1,,,,,,2.133281,48.804089
2022-1295839,2022-03-11,000001,Vente en l'état futur d'achèvement,30000,15,B,BD ST ANTOINE,2690,78000,78646,Versailles,78,,,78646000AC0055,,,50,,,,,,,,,,1,3,Dépendance,,0,,,,,,2.126221,48.815848
2022-1295887,2022-03-14,000001,Vente,1020000,18,,RUE DE L ORANGERIE,2110,78000,78646,Versailles,78,,,78646000BV0016,,,223,,,,,,,,,,1,3,Dépendance,,0,,,,,,2.121671,48.800025
2022-1295887,2022-03-14,000001,Vente,1020000,18,,RUE DE L ORANGERIE,2110,78000,78646,Versailles,78,,,78646000BV0016,,,203,,207,,211,120.66,212,,,,4,3,Dépendance,,0,,,,,,2.121671,48.800025
2022-1295887,2022-03-14,000001,Vente,1020000,18,,RUE DE L ORANGERIE,2110,78000,78646,Versailles,78,,,78646000BV0016,,,203,,207,,211,120.66,212,,,,4,2,Appartement,120,6,,,,,,2.121671,48.800025
2022-1295901,2022-03-16,000001,Vente,530000,23,,RUE SAINT LOUIS,2810,78000,78646,Versailles,78,,,78646000BW0012,,,3,51.59,45,,5,,9,,,,4,2,Appartement,97,3,,,,,,2.126525,48.79501
2022-1295901,2022-03-16,000001,Vente,530000,23,,RUE SAINT LOUIS,2810,78000,78646,Versailles,78,,,78646000BW0012,,,3,51.59,5,,9,,,,,,3,3,Dépendance,,0,,,,,,2.126525,48.79501
2022-1295905,2022-03-07,000001,Vente en l'état futur d'achèvement,532500,9,,RUE VAUBAN,3110,78000,78646,Versailles,78,,,78646000AY0310,,,934,,,,,,,,,,1,3,Dépendance,,0,,,,,,2.15313,48.799852
2022-1295905,2022-03-07,000001,Vente en l'état futur d'achèvement,532500,9,,RUE VAUBAN,3110,78000,78646,Versailles,78,,,78646000AY0310,,,225,,,,,,,,,,1,2,Appartement,65,3,,,,,,2.15313,48.799852
2022-1295929,2022-03-21,000001,Vente,280000,84,,RUE ROYALE,2648,78000,78646,Versailles,78,,,78646000BW0111,,,2,,,,,,,,,,1,2,Appartement,45,3,,,,,,2.124311,48.794563
2022-1295930,2022-03-22,000001,Vente,150000,1,,PL ST SYMPHORIEN,2912,78000,78646,Versailles,78,,,78646000AX0357,,,1,18.31,,,,,,,,,1,2,Appartement,20,1,,,,,,2.145708,48.804238
2022-1295930,2022-03-22,000001,Vente,150000,1,,PL ST SYMPHORIEN,2912,78000,78646,Versailles,78,,,78646000AX0357,,,1,18.31,,,,,,,,,1,3,Dépendance,,0,,,,,,2.145708,48.804238
2022-1295932,2022-03-24,000001,Vente,506200,7,,BD DU ROI,2641,78000,78646,Versailles,78,,,78646000AC0182,,,2,71.76,71,,,,,,,,2,2,Appartement,54,2,,,,,,2.125363,48.810421
2022-1295932,2022-03-24,000001,Vente,506200,7,,BD DU ROI,2641,78000,78646,Versailles,78,,,78646000AC0182,,,2,71.76,,,,,,,,,1,4,Local industriel. commercial ou assimilé,18,0,,,,,,2.125363,48.810421
2022-1295932,2022-03-24,000001,Vente,506200,7,,BD DU ROI,2641,78000,78646,Versailles,78,,,78646000AC0182,,,2,71.76,71,,,,,,,,2,3,Dépendance,,0,,,,,,2.125363,48.810421
2022-1295933,2022-03-30,000001,Vente,740000,5,,RUE MADEMOISELLE,1740,78000,78646,Versailles,78,,,78646000AD0045,,,6,,,,,,,,,,1,3,Dépendance,,0,,,,,,2.128701,48.8099
2022-1295933,2022-03-30,000001,Vente,740000,5,,RUE MADEMOISELLE,1740,78000,78646,Versailles,78,,,78646000AD0045,,,10,,,,,,,,,,1,2,Appartement,94,4,,,,,,2.128701,48.8099
2022-1295933,2022-03-30,000001,Vente,740000,5,,RUE MADEMOISELLE,1740,78000,78646,Versailles,78,,,78646000AD0045,,,6,,,,,,,,,,1,2,Appartement,46,2,,,,,,2.128701,48.8099
2022-1295933,2022-03-30,000001,Vente,740000,5,,RUE MADEMOISELLE,1740,78000,78646,Versailles,78,,,78646000AD0045,,,10,,,,,,,,,,1,3,Dépendance,,0,,,,,,2.128701,48.8099
2022-1295962,2022-03-11,000001,Vente en l'état futur d'achèvement,680000,9,,RUE VAUBAN,3110,78000,78646,Versailles,78,,,78646000AY0310,,,986,,,,,,,,,,1,3,Dépendance,,0,,,,,,2.15313,48.799852
2022-1295962,2022-03-11,000001,Vente en l'état futur d'achèvement,680000,9,,RUE VAUBAN,3110,78000,78646,Versailles,78,,,78646000AY0310,,,954,,,,,,,,,,1,3,Dépendance,,0,,,,,,2.15313,48.799852
2022-1295962,2022-03-11,000001,Vente en l'état futur d'achèvement,680000,9,,RUE VAUBAN,3110,78000,78646,Versailles,78,,,78646000AY0310,,,112,,,,,,,,,,1,2,Appartement,81,4,,,,,,2.15313,48.799852
2022-1295989,2022-03-08,000001,Vente en l'état futur d'achèvement,664000,9,,RUE VAUBAN,3110,78000,78646,Versailles,78,,,78646000AY0310,,,106,,,,,,,,,,1,2,Appartement,81,4,,,,,,2.15313,48.799852
2022-1295989,2022-03-08,000001,Vente en l'état futur d'achèvement,664000,9,,RUE VAUBAN,3110,78000,78646,Versailles,78,,,78646000AY0310,,,953,,,,,,,,,,1,3,Dépendance,,0,,,,,,2.15313,48.799852
2022-1295992,2022-03-21,000001,Vente,456000,40,,RUE DES ETATS GENERAUX,0980,78000,78646,Versailles,78,,,78646000BS0029,,,52,,6,65.89,,,,,,,2,3,Dépendance,,0,,,,,,2.135092,48.79739
2022-1295992,2022-03-21,000001,Vente,456000,40,,RUE DES ETATS GENERAUX,0980,78000,78646,Versailles,78,,,78646000BS0029,,,52,,6,65.89,,,,,,,2,3,Dépendance,,0,,,,,,2.135092,48.79739
2022-1295992,2022-03-21,000001,Vente,456000,40,,RUE DES ETATS GENERAUX,0980,78000,78646,Versailles,78,,,78646000BS0029,,,52,,6,65.89,,,,,,,2,2,Appartement,69,2,,,,,,2.135092,48.79739
2022-1296002,2022-04-01,000001,Vente,7804852.5,2,,RUE PASTEUR,2210,78000,78646,Versailles,78,,,78646000AY0189,,20,,,,,,,,,,,0,,,,,,,,,,2.148601,48.800863
2022-1296002,2022-04-01,000001,Vente,7804852.5,2,,RUE PASTEUR,2210,78000,78646,Versailles,78,,,78646000AY0189,,21,,,,,,,,,,,0,,,,,,,,,,2.148601,48.800863
2022-1296002,2022-04-01,000001,Vente,7804852.5,2,,RUE PASTEUR,2210,78000,78646,Versailles,78,,,78646000AY0189,,22,,,,,,,,,,,0,,,,,,,,,,2.148601,48.800863
2022-1296002,2022-04-01,000001,Vente,7804852.5,2,,RUE PASTEUR,2210,78000,78646,Versailles,78,,,78646000AY0189,,23,,,,,,,,,,,0,,,,,,,,,,2.148601,48.800863
2022-1296002,2022-04-01,000001,Vente,7804852.5,2,,RUE PASTEUR,2210,78000,78646,Versailles,78,,,78646000AY0189,,24,,,,,,,,,,,0,,,,,,,,,,2.148601,48.800863
2022-1296002,2022-04-01,000001,Vente,7804852.5,2,,RUE PASTEUR,2210,78000,78646,Versailles,78,,,78646000AY0189,,25,,,,,,,,,,,0,,,,,,,,,,2.148601,48.800863
2022-1296002,2022-04-01,000001,Vente,7804852.5,2,,RUE PASTEUR,2210,78000,78646,Versailles,78,,,78646000AY0189,,26,,,,,,,,,,,0,,,,,,,,,,2.148601,48.800863
2022-1296004,2022-03-14,000001,Vente,132075,34,,RUE DES MISSIONNAIRES,1920,78000,78646,Versailles,78,,,78646000AD0327,,,16,13.51,,,,,,,,,1,3,Dépendance,,0,,,,,,2.134334,48.812132
2022-1296048,2022-03-30,000001,Vente,10000000,2,,RUE DU PONT COLBERT,2370,78000,78646,Versailles,78,,,78646000BL0322,,,,,,,,,,,,,0,4,Local industriel. commercial ou assimilé,866,0,S,sols,,,1348,2.145712,48.791577
2022-1296048,2022-03-30,000001,Vente,10000000,2,,RUE DU PONT COLBERT,2370,78000,78646,Versailles,78,,,78646000BL0322,,,,,,,,,,,,,0,4,Local industriel. commercial ou assimilé,1161,0,S,sols,,,1348,2.145712,48.791577
2022-1296048,2022-03-30,000001,Vente,10000000,2,,RUE DU PONT COLBERT,2370,78000,78646,Versailles,78,,,78646000BL0322,,,,,,,,,,,,,0,4,Local industriel. commercial ou assimilé,780,0,S,sols,,,1348,2.145712,48.791577
2022-1296048,2022-03-30,000001,Vente,10000000,2,,RUE DU PONT COLBERT,2370,78000,78646,Versailles,78,,,78646000BL0322,,,,,,,,,,,,,0,4,Local industriel. commercial ou assimilé,101,0,S,sols,,,1348,2.145712,48.791577
2022-1296048,2022-03-30,000001,Vente,10000000,2,,RUE DU PONT COLBERT,2370,78000,78646,Versailles,78,,,78646000BL0322,,,,,,,,,,,,,0,4,Local industriel. commercial ou assimilé,300,0,S,sols,,,1348,2.145712,48.791577
2022-1296048,2022-03-30,000001,Vente,10000000,2,,RUE DU PONT COLBERT,2370,78000,78646,Versailles,78,,,78646000BL0322,,,,,,,,,,,,,0,4,Local industriel. commercial ou assimilé,386,0,S,sols,,,1348,2.145712,48.791577
2022-1296048,2022-03-30,000001,Vente,10000000,2,,RUE DU PONT COLBERT,2370,78000,78646,Versailles,78,,,78646000BL0322,,,,,,,,,,,,,0,4,Local industriel. commercial ou assimilé,384,0,S,sols,,,1348,2.145712,48.791577
2022-1296059,2022-03-21,000001,Vente,388000,35,B,RUE DU MARECHAL GALLIENI,1812,78000,78646,Versailles,78,,,78646000AC0315,,,229,,,,,,,,,,1,2,Appartement,39,1,,,,,,2.123552,48.81207
2022-1296059,2022-03-21,000001,Vente,388000,35,B,RUE DU MARECHAL GALLIENI,1812,78000,78646,Versailles,78,,,78646000AC0315,,,229,,,,,,,,,,1,3,Dépendance,,0,,,,,,2.123552,48.81207
2022-1296059,2022-03-21,000001,Vente,388000,35,B,RUE DU MARECHAL GALLIENI,1812,78000,78646,Versailles,78,,,78646000AC0315,,,507,,,,,,,,,,1,3,Dépendance,,0,,,,,,2.123552,48.81207
2022-1296061,2022-03-31,000001,Vente en l'état futur d'achèvement,640000,2,T,RUE PASTEUR,2210,78000,78646,Versailles,78,,,78646000AY0198,,,15,,,,,,,,,,1,2,Appartement,72,3,,,,,,2.147958,48.801006
2022-1296061,2022-03-31,000001,Vente en l'état futur d'achèvement,640000,2,T,RUE PASTEUR,2210,78000,78646,Versailles,78,,,78646000AY0198,,,19,,,,,,,,,,1,3,Dépendance,,0,,,,,,2.147958,48.801006
2022-1296061,2022-03-31,000001,Vente en l'état futur d'achèvement,640000,2,T,RUE PASTEUR,2210,78000,78646,Versailles,78,,,78646000AY0198,,,37,,,,,,,,,,1,3,Dépendance,,0,,,,,,2.147958,48.801006
2022-1296063,2022-04-05,000001,Vente,197380,22,,RUE DE NOAILLES,2050,78000,78646,Versailles,78,,,78646000BR0134,,,15,,26,,29,,,,,,3,2,Appartement,30,1,,,,,,2.132465,48.797488
2022-1296063,2022-04-05,000001,Vente,197380,22,,RUE DE NOAILLES,2050,78000,78646,Versailles,78,,,78646000BR0134,,,15,,26,,29,,,,,,3,3,Dépendance,,0,,,,,,2.132465,48.797488
2022-1296063,2022-04-05,000001,Vente,197380,22,,RUE DE NOAILLES,2050,78000,78646,Versailles,78,,,78646000BR0134,,,15,,26,,29,,,,,,3,3,Dépendance,,0,,,,,,2.132465,48.797488
2022-1296085,2022-04-05,000001,Vente,10000,50,,RUE DE LA PAROISSE,2190,78000,78646,Versailles,78,,,78646000AE0215,,,43,,,,,,,,,,1,3,Dépendance,,0,,,,,,2.129508,48.806878
2022-1296102,2022-03-29,000001,Vente,956202,20,,RUE ALEXANDRE LANGE,0120,78000,78646,Versailles,78,,,78646000AL0106,,,12,122.26,14,,16,,18,,,,4,3,Dépendance,,0,,,,,,2.138945,48.815689
2022-1296102,2022-03-29,000001,Vente,956202,20,,RUE ALEXANDRE LANGE,0120,78000,78646,Versailles,78,,,78646000AL0106,,,12,122.26,14,,16,,18,,,,4,3,Dépendance,,0,,,,,,2.138945,48.815689
2022-1296102,2022-03-29,000001,Vente,956202,20,,RUE ALEXANDRE LANGE,0120,78000,78646,Versailles,78,,,78646000AL0106,,,12,122.26,14,,16,,18,,,,4,2,Appartement,116,5,,,,,,2.138945,48.815689
2022-1296110,2022-03-11,000001,Vente,254500,4,,RUE SAINT CHARLES,2710,78000,78646,Versailles,78,,,78646000AY0170,,,4,,,,,,,,,,1,3,Dépendance,,0,,,,,,2.150798,48.799457
2022-1296110,2022-03-11,000001,Vente,254500,4,,RUE SAINT CHARLES,2710,78000,78646,Versailles,78,,,78646000AY0170,,,4,,,,,,,,,,1,2,Appartement,50,2,,,,,,2.150798,48.799457
2022-1296137,2022-04-01,000001,Vente,406284,16,,RUE DES ETATS GENERAUX,0980,78000,78646,Versailles,78,,,78646000BR0045,,,201,,202,,219,,220,,224,,5,2,Appartement,60,2,,,,,,2.133009,48.799435
2022-1296137,2022-04-01,000001,Vente,406284,16,,RUE DES ETATS GENERAUX,0980,78000,78646,Versailles,78,,,78646000BR0045,,,201,,202,,219,,220,,224,,5,3,Dépendance,,0,,,,,,2.133009,48.799435
2022-1296137,2022-04-01,000001,Vente,406284,16,,RUE DES ETATS GENERAUX,0980,78000,78646,Versailles,78,,,78646000BR0045,,,201,,202,,219,,220,,224,,5,3,Dépendance,,0,,,,,,2.133009,48.799435
2022-1296149,2022-03-23,000001,Vente,841300,3,,RUE DE LIMOGES,1660,78000,78646,Versailles,78,,,78646000BR0043,,,3,,,,,,,,,,1,3,Dépendance,,0,,,,,,2.132405,48.799591
2022-1296149,2022-03-23,000001,Vente,841300,3,,RUE DE LIMOGES,1660,78000,78646,Versailles,78,,,78646000BR0043,,,21,,,,,,,,,,1,3,Dépendance,,0,,,,,,2.132405,48.799591
2022-1296149,2022-03-23,000001,Vente,841300,3,,RUE DE LIMOGES,1660,78000,78646,Versailles,78,,,78646000BR0043,,,3,,,,,,,,,,1,2,Appartement,110,4,,,,,,2.132405,48.799591
2022-1296182,2022-03-31,000001,Vente,310000,58,,AV DE SAINT CLOUD,2730,78000,78646,Versailles,78,,,78646000BP0063,,,60,,,,,,,,,,1,3,Dépendance,,0,,,,,,2.139456,48.805092
2022-1296182,2022-03-31,000001,Vente,310000,58,,AV DE SAINT CLOUD,2730,78000,78646,Versailles,78,,,78646000BP0063,,,55,51,75,,,,,,,,2,2,Appartement,50,3,,,,,,2.139456,48.805092
2022-1296182,2022-03-31,000001,Vente,310000,58,,AV DE SAINT CLOUD,2730,78000,78646,Versailles,78,,,78646000BP0063,,,55,51,75,,,,,,,,2,3,Dépendance,,0,,,,,,2.139456,48.805092
2022-1296284,2022-04-06,000001,Vente,397000,8,,PL HOCHE,1340,78000,78646,Versailles,78,,,78646000AE0319,,,22,61.02,,,,,,,,,1,2,Appartement,60,3,,,,,,2.127968,48.805443
2022-1296286,2022-04-07,000001,Vente,30000,8,,RUE EXELMANS,1020,78000,78646,Versailles,78,,,78646000AC0116,,,81,,,,,,,,,,1,3,Dépendance,,0,,,,,,2.126206,48.81323
2022-1296291,2022-04-05,000001,Vente,285000,33,,RUE DU MAL FOCH,1810,78000,78646,Versailles,78,,,78646000AE0432,,,54,40.85,,,,,,,,,1,2,Appartement,42,2,,,,,,2.132245,48.807957
2022-1296294,2022-03-18,000001,Vente,235000,26,,RUE DE LA PAROISSE,2190,78000,78646,Versailles,78,,,78646000AE0187,,,57,,,,,,,,,,1,2,Appartement,47,2,,,,,,2.127327,48.807596
2022-1296299,2022-03-21,000001,Vente,870000,88,B,AV DE PARIS,2180,78000,78646,Versailles,78,,,78646000BN0048,,,40,,83,150.79,,,,,,,2,3,Dépendance,,0,,,,,,2.146306,48.797577
2022-1296299,2022-03-21,000001,Vente,870000,88,B,AV DE PARIS,2180,78000,78646,Versailles,78,,,78646000BN0048,,,129,,,,,,,,,,1,3,Dépendance,,0,,,,,,2.146306,48.797577
2022-1296299,2022-03-21,000001,Vente,870000,88,B,AV DE PARIS,2180,78000,78646,Versailles,78,,,78646000BN0048,,,40,,83,150.79,,,,,,,2,3,Dépendance,,0,,,,,,2.146306,48.797577
2022-1296299,2022-03-21,000001,Vente,870000,88,B,AV DE PARIS,2180,78000,78646,Versailles,78,,,78646000BN0048,,,129,,,,,,,,,,1,2,Appartement,32,2,,,,,,2.146306,48.797577
2022-1296299,2022-03-21,000001,Vente,870000,88,B,AV DE PARIS,2180,78000,78646,Versailles,78,,,78646000BN0048,,,36,,,,,,,,,,1,3,Dépendance,,0,,,,,,2.146306,48.797577
2022-1296299,2022-03-21,000001,Vente,870000,88,B,AV DE PARIS,2180,78000,78646,Versailles,78,,,78646000BN0048,,,34,,,,,,,,,,1,3,Dépendance,,0,,,,,,2.146306,48.797577
2022-1296299,2022-03-21,000001,Vente,870000,88,B,AV DE PARIS,2180,78000,78646,Versailles,78,,,78646000BN0048,,,40,,83,150.79,,,,,,,2,2,Appartement,125,5,,,,,,2.146306,48.797577
2022-1296299,2022-03-21,000001,Vente,870000,88,B,AV DE PARIS,2180,78000,78646,Versailles,78,,,78646000BN0048,,,3,,4,,,,,,,,2,3,Dépendance,,0,,,,,,2.146306,48.797577
2022-1296299,2022-03-21,000001,Vente,870000,88,B,AV DE PARIS,2180,78000,78646,Versailles,78,,,78646000BN0048,,,35,,,,,,,,,,1,3,Dépendance,,0,,,,,,2.146306,48.797577
2022-1296316,2022-03-23,000001,Vente,15000,2,,RUE ALEXIS DE TOCQUEVILLE,0128,78000,78646,Versailles,78,,,78646000BS0226,,,4279,,,,,,,,,,1,3,Dépendance,,0,,,,,,2.132076,48.794722
2022-1296316,2022-03-23,000002,Vente,15000,2,,RUE ALEXIS DE TOCQUEVILLE,0128,78000,78646,Versailles,78,,,78646000BS0226,,,4286,,,,,,,,,,1,3,Dépendance,,0,,,,,,2.132076,48.794722
2022-1296337,2022-03-16,000001,Vente,280000,3,,RUE DU PONT COLBERT,2370,78000,78646,Versailles,78,,,78646000BL0294,,,136,54.55,137,,,,,,,,2,2,Appartement,56,3,,,,,,2.146987,48.791716
2022-1296337,2022-03-16,000001,Vente,280000,3,,RUE DU PONT COLBERT,2370,78000,78646,Versailles,78,,,78646000BL0294,,,136,54.55,137,,,,,,,,2,3,Dépendance,,0,,,,,,2.146987,48.791716
2022-1296357,2022-04-04,000001,Vente,750000,13,T,RUE LAMARTINE,1590,78000,78646,Versailles,78,,,78646000BL0116,,,4,,,,,,,,,,1,1,Maison,86,4,,,,,,2.147284,48.794294
2022-1296385,2022-03-18,000001,Vente,318005,15,,RUE DU VIEUX VERSAILLES,3180,78000,78646,Versailles,78,,,78646000AH0042,,,5,32.54,,,,,,,,,1,2,Appartement,32,2,,,,,,2.122472,48.801053
2022-1296387,2022-03-17,000001,Vente,550000,3,,PROM VENEZIA,3135,78000,78646,Versailles,78,,,78646000AZ0110,,,2315,,2331,116.08,,,,,,,2,3,Dépendance,,0,,,,,,2.158672,48.8041
2022-1296387,2022-03-17,000001,Vente,550000,3,,PROM VENEZIA,3135,78000,78646,Versailles,78,,,78646000AZ0110,,,2315,,2331,116.08,,,,,,,2,2,Appartement,119,5,,,,,,2.158672,48.8041
2022-1296387,2022-03-17,000001,Vente,550000,5,,RUE DE L ECOLE DES POSTES,0850,78000,78646,Versailles,78,,,78646000AZ0110,,,3752,,,,,,,,,,1,3,Dépendance,,0,,,,,,2.158672,48.8041
2022-1296396,2022-04-08,000001,Vente,1115000,28,,RUE MARIE HENRIETTE,1850,78000,78646,Versailles,78,,,78646000AV0097,,,,,,,,,,,,,0,3,Dépendance,,0,S,sols,,,588,2.154265,48.810562
2022-1296396,2022-04-08,000001,Vente,1115000,28,,RUE MARIE HENRIETTE,1850,78000,78646,Versailles,78,,,78646000AV0097,,,,,,,,,,,,,0,1,Maison,156,6,S,sols,,,588,2.154265,48.810562
2022-1296429,2022-03-25,000001,Vente,760000,11,,RUE BERTHIER,0370,78000,78646,Versailles,78,,,78646000AC0144,,,5,96.3,,,,,,,,,1,2,Appartement,93,4,,,,,,2.125224,48.812087
2022-1296429,2022-03-25,000001,Vente,760000,11,,RUE BERTHIER,0370,78000,78646,Versailles,78,,,78646000AC0144,,,7,,,,,,,,,,1,3,Dépendance,,0,,,,,,2.125224,48.812087
2022-1296454,2022-04-04,000001,Vente,475000,68,,RUE DE LA PAROISSE,2190,78000,78646,Versailles,78,,,78646000AE0271,,,10,,,,,,,,,,1,2,Appartement,10,1,,,,,,2.130937,48.806725
2022-1296454,2022-04-04,000001,Vente,475000,68,,RUE DE LA PAROISSE,2190,78000,78646,Versailles,78,,,78646000AE0271,,,23,,3,64.4,,,,,,,2,3,Dépendance,,0,,,,,,2.130937,48.806725
2022-1296454,2022-04-04,000001,Vente,475000,68,,RUE DE LA PAROISSE,2190,78000,78646,Versailles,78,,,78646000AE0271,,,23,,3,64.4,,,,,,,2,2,Appartement,61,3,,,,,,2.130937,48.806725
2022-1296457,2022-04-04,000001,Vente,1834260,8,,RUE DU PARC DE CLAGNY,2171,78000,78646,Versailles,78,,,78646000AR0123,,,,,,,,,,,,,0,1,Maison,204,8,S,sols,,,487,2.140432,48.809663
2022-1296457,2022-04-04,000001,Vente,1834260,8,,RUE DU PARC DE CLAGNY,2171,78000,78646,Versailles,78,,,78646000AR0125,,,,,,,,,,,,,0,,,,,AB,terrains a bâtir,RUE,Rue,139,2.1405,48.809538
2022-1296479,2022-04-11,000001,Vente,268300,17,T,RUE DU PONT COLBERT,2370,78000,78646,Versailles,78,,,78646000BI0022,,,369,,,,,,,,,,1,3,Dépendance,,0,,,,,,2.149624,48.789909
2022-1296479,2022-04-11,000001,Vente,268300,17,T,RUE DU PONT COLBERT,2370,78000,78646,Versailles,78,,,78646000BI0022,,,369,,,,,,,,,,1,2,Appartement,62,4,,,,,,2.149624,48.789909
2022-1296486,2022-03-23,000001,Vente,207000,12,,AV DE PORCHEFONTAINE,2380,78000,78646,Versailles,78,,,78646000BK0021,,,1857,,,,,,,,,,1,3,Dépendance,,0,,,,,,2.152071,48.797176
2022-1296486,2022-03-23,000001,Vente,207000,12,,AV DE PORCHEFONTAINE,2380,78000,78646,Versailles,78,,,78646000BK0021,,,746,,,,,,,,,,1,2,Appartement,29,1,,,,,,2.152071,48.797176
2022-1296486,2022-03-23,000001,Vente,207000,12,,AV DE PORCHEFONTAINE,2380,78000,78646,Versailles,78,,,78646000BK0021,,,715,,,,,,,,,,1,3,Dépendance,,0,,,,,,2.152071,48.797176
2022-1296500,2022-04-07,000001,Vente,1038000,43,,AV DU LOUVRE,1705,78000,78646,Versailles,78,,,78646000BC0103,,,,,,,,,,,,,0,1,Maison,116,6,S,sols,,,599,2.157214,48.801343
2022-1296500,2022-04-07,000001,Vente,1038000,43,,AV DU LOUVRE,1705,78000,78646,Versailles,78,,,78646000BC0103,,,,,,,,,,,,,0,3,Dépendance,,0,S,sols,,,599,2.157214,48.801343
2022-1296500,2022-04-07,000001,Vente,1038000,43,,AV DU LOUVRE,1705,78000,78646,Versailles,78,,,78646000BC0103,,,,,,,,,,,,,0,1,Maison,90,4,S,sols,,,599,2.157214,48.801343
2022-1296500,2022-04-07,000001,Vente,1038000,43,,AV DU LOUVRE,1705,78000,78646,Versailles,78,,,78646000BC0103,,,,,,,,,,,,,0,3,Dépendance,,0,S,sols,,,599,2.157214,48.801343
2022-1296554,2022-03-29,000001,Vente,395000,13,,RUE JEAN DE LA BRUYERE,1560,78000,78646,Versailles,78,,,78646000AO0128,,,198,,,,,,,,,,1,3,Dépendance,,0,,,,,,2.145819,48.813432
2022-1296554,2022-03-29,000001,Vente,395000,13,,RUE JEAN DE LA BRUYERE,1560,78000,78646,Versailles,78,,,78646000AO0128,,,18,,30,,,,,,,,2,2,Appartement,73,3,,,,,,2.145819,48.813432
2022-1296554,2022-03-29,000001,Vente,395000,13,,RUE JEAN DE LA BRUYERE,1560,78000,78646,Versailles,78,,,78646000AO0128,,,18,,30,,,,,,,,2,3,Dépendance,,0,,,,,,2.145819,48.813432
2022-1296560,2022-04-04,000001,Vente,350000,6,,RUE MONTBAURON,1970,78000,78646,Versailles,78,,,78646000BP0027,,,3,,,,,,,,,,1,3,Dépendance,,0,,,,,,2.135298,48.802989
2022-1296560,2022-04-04,000001,Vente,350000,6,,RUE MONTBAURON,1970,78000,78646,Versailles,78,,,78646000BP0027,,,122,43.02,,,,,,,,,1,2,Appartement,45,2,,,,,,2.135298,48.802989
2022-1296563,2022-03-21,000001,Vente,985000,11,,RUE DU MAL JOFFRE,1820,78000,78646,Versailles,78,,,78646000BV0040,,,18,,20,,27,,6,,,,4,3,Dépendance,,0,,,,,,2.123313,48.797262
2022-1296563,2022-03-21,000001,Vente,985000,11,,RUE DU MAL JOFFRE,1820,78000,78646,Versailles,78,,,78646000BV0040,,,30,,,,,,,,,,1,3,Dépendance,,0,,,,,,2.123313,48.797262
2022-1296563,2022-03-21,000001,Vente,985000,11,,RUE DU MAL JOFFRE,1820,78000,78646,Versailles,78,,,78646000BV0040,,,18,,20,,27,,6,,,,4,2,Appartement,105,4,,,,,,2.123313,48.797262
2022-1296571,2022-04-08,000001,Vente,712100,29,,RUE DU REFUGE,2510,78000,78646,Versailles,78,,,78646000AX0540,,,14,78.41,,,,,,,,,1,2,Appartement,77,4,,,,,,2.145455,48.803306
2022-1296577,2022-04-11,000001,Vente,787000,58,,RUE ALBERT JOLY,0050,78000,78646,Versailles,78,,,78646000AR0053,,,17,124.43,42,,,,,,,,2,2,Appartement,128,4,,,,,,2.143711,48.809427
2022-1296577,2022-04-11,000001,Vente,787000,58,,RUE ALBERT JOLY,0050,78000,78646,Versailles,78,,,78646000AR0053,,,164,,,,,,,,,,1,3,Dépendance,,0,,,,,,2.143711,48.809427
2022-1296577,2022-04-11,000001,Vente,787000,58,,RUE ALBERT JOLY,0050,78000,78646,Versailles,78,,,78646000AR0053,,,17,124.43,42,,,,,,,,2,3,Dépendance,,0,,,,,,2.143711,48.809427
2022-1296596,2022-04-15,000001,Vente,485000,17,,RUE BAILLET REVIRON,0270,78000,78646,Versailles,78,,,78646000AE0046,,,7,,,,,,,,,,1,2,Appartement,57,3,,,,,,2.132318,48.808503
2022-1296651,2022-03-29,000001,Vente,192000,3,,RUE SAINT NICOLAS,2860,78000,78646,Versailles,78,,,78646000AW0041,,,9,38.58,,,,,,,,,1,2,Appartement,38,1,,,,,,2.155485,48.807321
2022-1296655,2022-03-28,000001,Vente,410000,18,,RUE DES ETATS GENERAUX,0980,78000,78646,Versailles,78,,,78646000BR0046,,,19,,3,,,,,,,,2,3,Dépendance,,0,,,,,,2.133325,48.799268
2022-1296655,2022-03-28,000001,Vente,410000,18,,RUE DES ETATS GENERAUX,0980,78000,78646,Versailles,78,,,78646000BR0046,,,19,,3,,,,,,,,2,2,Appartement,50,3,,,,,,2.133325,48.799268
2022-1296693,2022-03-25,000001,Vente,13000,6,,RUE EXELMANS,1020,78000,78646,Versailles,78,,,78646000AC0318,,,52,,,,,,,,,,1,3,Dépendance,,0,,,,,,2.125702,48.812918
2022-1296726,2022-03-29,000001,Vente,224000,57,,RUE EXELMANS,1020,78000,78646,Versailles,78,,,78646000AC0262,,,346,37.08,,,,,,,,,1,3,Dépendance,,0,,,,,,2.126785,48.814611
2022-1296757,2022-03-31,000001,Vente,232000,52,B,AV DE SAINT CLOUD,2730,78000,78646,Versailles,78,,,78646000BP0008,,,115,32.81,,,,,,,,,1,2,Appartement,32,2,,,,,,2.137166,48.804897
2022-1296799,2022-04-01,000001,Vente,172858,3,,PROM VENEZIA,3135,78000,78646,Versailles,78,,,78646000AZ0110,,,2312,,2328,,,,,,,,2,2,Appartement,119,5,,,,,,2.158672,48.8041
2022-1296799,2022-04-01,000001,Vente,172858,3,,PROM VENEZIA,3135,78000,78646,Versailles,78,,,78646000AZ0110,,,2312,,2328,,,,,,,,2,3,Dépendance,,0,,,,,,2.158672,48.8041
2022-1296799,2022-04-01,000001,Vente,172858,5,,RUE DE L ECOLE DES POSTES,0850,78000,78646,Versailles,78,,,78646000AZ0110,,,3637,,,,,,,,,,1,3,Dépendance,,0,,,,,,2.158672,48.8041
2022-1296802,2022-03-09,000001,Vente,490000,46,,RUE DE LA PAROISSE,2190,78000,78646,Versailles,78,,,78646000AE0213,,,9,23.02,,,,,,,,,1,2,Appartement,22,1,,,,,,2.129271,48.807065
2022-1296802,2022-03-09,000001,Vente,490000,46,,RUE DE LA PAROISSE,2190,78000,78646,Versailles,78,,,78646000AE0213,,,10,38.06,,,,,,,,,1,3,Dépendance,,0,,,,,,2.129271,48.807065
2022-1296802,2022-03-09,000001,Vente,490000,46,,RUE DE LA PAROISSE,2190,78000,78646,Versailles,78,,,78646000AE0213,,,10,38.06,,,,,,,,,1,2,Appartement,45,2,,,,,,2.129271,48.807065
2022-1296805,2022-04-01,000001,Vente,356600,26,B,RUE COSTE,0730,78000,78646,Versailles,78,,,78646000BE0016,,,2,,3,,4,,,,,,3,4,Local industriel. commercial ou assimilé,48,0,,,,,,2.15635,48.79457
2022-1296807,2022-04-12,000001,Vente,470000,10,,AV DE SCEAUX,2980,78000,78646,Versailles,78,,,78646000AH0171,,,101,56.66,682,,683,,,,,,3,2,Appartement,58,2,,,,,,2.126832,48.799401
2022-1296807,2022-04-12,000001,Vente,470000,10,,AV DE SCEAUX,2980,78000,78646,Versailles,78,,,78646000AH0171,,,101,56.66,682,,683,,,,,,3,3,Dépendance,,0,,,,,,2.126832,48.799401
2022-1296807,2022-04-12,000001,Vente,470000,10,,AV DE SCEAUX,2980,78000,78646,Versailles,78,,,78646000AH0171,,,101,56.66,682,,683,,,,,,3,3,Dépendance,,0,,,,,,2.126832,48.799401
2022-1296807,2022-04-12,000001,Vente,470000,10,,AV DE SCEAUX,2980,78000,78646,Versailles,78,,,78646000AH0171,,,690,,,,,,,,,,1,3,Dépendance,,0,,,,,,2.126832,48.799401
2022-1296822,2022-04-04,000001,Vente,521200,17,,RUE JEAN DE LA BRUYERE,1560,78000,78646,Versailles,78,,,78646000AO0001,,,113,,132,80.27,,,,,,,2,2,Appartement,71,3,,,,,,2.145961,48.812878
2022-1296822,2022-04-04,000001,Vente,521200,15,,RUE JEAN DE LA BRUYERE,1560,78000,78646,Versailles,78,,,78646000AO0001,,,362,,,,,,,,,,1,3,Dépendance,,0,,,,,,2.145961,48.812878
2022-1296822,2022-04-04,000001,Vente,521200,17,,RUE JEAN DE LA BRUYERE,1560,78000,78646,Versailles,78,,,78646000AO0001,,,113,,132,80.27,,,,,,,2,3,Dépendance,,0,,,,,,2.145961,48.812878
2022-1296919,2022-04-07,000001,Vente,1258900,2,,PL GAMBETTA,1135,78000,78646,Versailles,78,,,78646000AE0376,,,53,,64,,79,,,,,,3,3,Dépendance,,0,,,,,,2.123453,48.805215
2022-1296919,2022-04-07,000001,Vente,1258900,2,,PL GAMBETTA,1135,78000,78646,Versailles,78,,,78646000AE0376,,,53,,64,,79,,,,,,3,2,Appartement,140,6,,,,,,2.123453,48.805215
2022-1296919,2022-04-07,000001,Vente,1258900,2,,PL GAMBETTA,1135,78000,78646,Versailles,78,,,78646000AE0376,,,53,,64,,79,,,,,,3,3,Dépendance,,0,,,,,,2.123453,48.805215
2022-1296933,2022-04-14,000001,Vente,404000,21,B,RUE DU MARECHAL GALLIENI,1812,78000,78646,Versailles,78,,,78646000AC0005,,,1273,,,,,,,,,,1,3,Dépendance,,0,,,,,,2.123201,48.811375
2022-1296933,2022-04-14,000001,Vente,404000,21,B,RUE DU MARECHAL GALLIENI,1812,78000,78646,Versailles,78,,,78646000AC0005,,,1001,49.7,1201,,,,,,,,2,3,Dépendance,,0,,,,,,2.123201,48.811375
2022-1296933,2022-04-14,000001,Vente,404000,21,B,RUE DU MARECHAL GALLIENI,1812,78000,78646,Versailles,78,,,78646000AC0005,,,1001,49.7,1201,,,,,,,,2,2,Appartement,49,2,,,,,,2.123201,48.811375
2022-1296942,2022-04-14,000001,Vente,913865,22,,AV DES ARTS,0220,78000,78646,Versailles,78,,,78646000AM0088,,,2,,3,,,,,,,,2,2,Appartement,75,4,,,,,,2.142141,48.82252
2022-1296942,2022-04-14,000001,Vente,913865,22,,AV DES ARTS,0220,78000,78646,Versailles,78,,,78646000AM0088,,,2,,3,,,,,,,,2,3,Dépendance,,0,,,,,,2.142141,48.82252
2022-1296960,2022-03-15,000001,Vente,828400,5,,RUE DE L ECOLE DES POSTES,0850,78000,78646,Versailles,78,,,78646000AZ0110,,,678,,,,,,,,,,1,4,Local industriel. commercial ou assimilé,45,0,,,,,,2.158672,48.8041
2022-1296960,2022-03-15,000001,Vente,828400,5,,RUE DE L ECOLE DES POSTES,0850,78000,78646,Versailles,78,,,78646000AZ0110,,,2838,,,,,,,,,,1,4,Local industriel. commercial ou assimilé,12,0,,,,,,2.158672,48.8041
2022-1296960,2022-03-15,000001,Vente,828400,5,,RUE DE L ECOLE DES POSTES,0850,78000,78646,Versailles,78,,,78646000AZ0110,,,3987,,,,,,,,,,1,4,Local industriel. commercial ou assimilé,780,0,,,,,,2.158672,48.8041
2022-1296960,2022-03-15,000001,Vente,828400,5,,RUE DE L ECOLE DES POSTES,0850,78000,78646,Versailles,78,,,78646000AZ0110,,,679,,,,,,,,,,1,4,Local industriel. commercial ou assimilé,96,0,,,,,,2.158672,48.8041
2022-1296960,2022-03-15,000001,Vente,828400,5,,RUE DE L ECOLE DES POSTES,0850,78000,78646,Versailles,78,,,78646000AZ0110,,,2840,,,,,,,,,,1,3,Dépendance,,0,,,,,,2.158672,48.8041
2022-1296960,2022-03-15,000001,Vente,828400,5,,RUE DE L ECOLE DES POSTES,0850,78000,78646,Versailles,78,,,78646000AZ0110,,,2859,,,,,,,,,,1,3,Dépendance,,0,,,,,,2.158672,48.8041
2022-1296960,2022-03-15,000001,Vente,828400,5,,RUE DE L ECOLE DES POSTES,0850,78000,78646,Versailles,78,,,78646000AZ0110,,,3988,,,,,,,,,,1,4,Local industriel. commercial ou assimilé,184,0,,,,,,2.158672,48.8041
2022-1296962,2022-04-13,000001,Vente,747000,9001,,AV DE SCEAUX,2980,78000,78646,Versailles,78,,,78646000AH0226,,,414,,,,,,,,,,1,3,Dépendance,,0,,,,,,2.126268,48.79975
2022-1296962,2022-04-13,000001,Vente,747000,19,,PAS DU MARQUIS DE LA LONDE,1858,78000,78646,Versailles,78,,,78646000AH0226,,,208,,446,,,,,,,,2,3,Dépendance,,0,,,,,,2.126268,48.79975
2022-1296962,2022-04-13,000001,Vente,747000,19,,PAS DU MARQUIS DE LA LONDE,1858,78000,78646,Versailles,78,,,78646000AH0226,,,208,,446,,,,,,,,2,2,Appartement,91,5,,,,,,2.126268,48.79975
2022-1296969,2022-04-06,000001,Vente,175000,116,,BD DE LA REINE,2520,78000,78646,Versailles,78,,,78646000AX0049,,,10,,,,,,,,,,1,2,Appartement,22,1,,,,,,2.144345,48.807776
2022-1296981,2022-04-07,000001,Vente,1124810,15,,RUE DE L ERMITAGE,0940,78000,78646,Versailles,78,,,78646000AC0273,,,530,,,,,,,,,,1,3,Dépendance,,0,,,,,,2.122251,48.813276
2022-1296981,2022-04-07,000001,Vente,1124810,9,,RUE DE L ERMITAGE,0940,78000,78646,Versailles,78,,,78646000AC0273,,,14,124.05,5,,,,,,,,2,2,Appartement,125,5,,,,,,2.122251,48.813276
2022-1296981,2022-04-07,000001,Vente,1124810,15,,RUE DE L ERMITAGE,0940,78000,78646,Versailles,78,,,78646000AC0273,,,529,,,,,,,,,,1,3,Dépendance,,0,,,,,,2.122251,48.813276
2022-1296981,2022-04-07,000001,Vente,1124810,9,,RUE DE L ERMITAGE,0940,78000,78646,Versailles,78,,,78646000AC0273,,,14,124.05,5,,,,,,,,2,3,Dépendance,,0,,,,,,2.122251,48.813276
2022-1297000,2022-03-22,000001,Vente,498900,14,,RUE DU GENERAL PERSHING,1170,78000,78646,Versailles,78,,,78646000AS0056,,,149,,151,,153,,,,,,3,2,Appartement,71,2,,,,,,2.151346,48.814959
2022-1297000,2022-03-22,000001,Vente,498900,14,,RUE DU GENERAL PERSHING,1170,78000,78646,Versailles,78,,,78646000AS0056,,,182,,,,,,,,,,1,3,Dépendance,,0,,,,,,2.151346,48.814959
2022-1297000,2022-03-22,000001,Vente,498900,14,,RUE DU GENERAL PERSHING,1170,78000,78646,Versailles,78,,,78646000AS0056,,,153,,,,,,,,,,1,4,Local industriel. commercial ou assimilé,21,0,,,,,,2.151346,48.814959
2022-1297000,2022-03-22,000001,Vente,498900,14,,RUE DU GENERAL PERSHING,1170,78000,78646,Versailles,78,,,78646000AS0056,,,149,,151,,153,,,,,,3,3,Dépendance,,0,,,,,,2.151346,48.814959
2022-1297000,2022-03-22,000001,Vente,498900,14,,RUE DU GENERAL PERSHING,1170,78000,78646,Versailles,78,,,78646000AS0056,,,149,,151,,153,,,,,,3,3,Dépendance,,0,,,,,,2.151346,48.814959
2022-1297034,2022-03-25,000001,Vente,202000,36,,RUE DES RESERVOIRS,2580,78000,78646,Versailles,78,,,78646000AE0402,,,25,,,,,,,,,,1,2,Appartement,24,1,,,,,,2.125799,48.809109
2022-1297046,2022-03-30,000001,Vente,630000,41,,RUE SAINT CHARLES,2710,78000,78646,Versailles,78,,,78646000AX0374,,,37,,,,,,,,,,1,3,Dépendance,,0,,,,,,2.147664,48.803386
2022-1297046,2022-03-30,000001,Vente,630000,41,,RUE SAINT CHARLES,2710,78000,78646,Versailles,78,,,78646000AX0374,,,38,,,,,,,,,,1,3,Dépendance,,0,,,,,,2.147664,48.803386
2022-1297046,2022-03-30,000001,Vente,630000,41,,RUE SAINT CHARLES,2710,78000,78646,Versailles,78,,,78646000AX0374,,,3,,58,86.71,,,,,,,2,2,Appartement,86,2,,,,,,2.147664,48.803386
2022-1297046,2022-03-30,000001,Vente,630000,41,,RUE SAINT CHARLES,2710,78000,78646,Versailles,78,,,78646000AX0374,,,3,,58,86.71,,,,,,,2,3,Dépendance,,0,,,,,,2.147664,48.803386
2022-1297136,2022-04-19,000001,Vente,308000,14,,RUE BENJAMIN FRANKLIN,0340,78000,78646,Versailles,78,,,78646000BR0112,,,6,,,,,,,,,,1,3,Dépendance,,0,,,,,,2.136084,48.79827
2022-1297136,2022-04-19,000001,Vente,308000,14,,RUE BENJAMIN FRANKLIN,0340,78000,78646,Versailles,78,,,78646000BR0112,,,6,,,,,,,,,,1,2,Appartement,50,3,,,,,,2.136084,48.79827
2022-1297136,2022-04-19,000001,Vente,308000,14,,RUE BENJAMIN FRANKLIN,0340,78000,78646,Versailles,78,,,78646000BR0112,,,6,,,,,,,,,,1,3,Dépendance,,0,,,,,,2.136084,48.79827
2022-1297178,2022-04-12,000001,Vente,615384,2,,RUE SAINTE FAMILLE,2740,78000,78646,Versailles,78,,,78646000BV0158,,,31,69.41,,,,,,,,,1,2,Appartement,74,3,,,,,,2.124881,48.796607
2022-1297178,2022-04-12,000001,Vente,615384,2,,RUE SAINTE FAMILLE,2740,78000,78646,Versailles,78,,,78646000BV0158,,,31,69.41,,,,,,,,,1,3,Dépendance,,0,,,,,,2.124881,48.796607
2022-1297201,2022-04-14,000001,Vente en l'état futur d'achèvement,535000,9,,RUE VAUBAN,3110,78000,78646,Versailles,78,,,78646000AY0310,,,202,,,,,,,,,,1,2,Appartement,65,3,,,,,,2.15313,48.799852
2022-1297201,2022-04-14,000001,Vente en l'état futur d'achèvement,535000,9,,RUE VAUBAN,3110,78000,78646,Versailles,78,,,78646000AY0310,,,932,,,,,,,,,,1,3,Dépendance,,0,,,,,,2.15313,48.799852
2022-1297234,2022-04-20,000001,Vente,565000,65,,RUE PORTE DE BUC,2390,78000,78646,Versailles,78,,,78646000BM0009,,,,,,,,,,,,,0,1,Maison,75,4,S,sols,,,192,2.134692,48.789191
2022-1297234,2022-04-20,000001,Vente,565000,65,,RUE PORTE DE BUC,2390,78000,78646,Versailles,78,,,78646000BM0009,,,,,,,,,,,,,0,3,Dépendance,,0,S,sols,,,192,2.134692,48.789191
2022-1297238,2022-04-21,000001,Vente,325000,58,,RUE SAINT CHARLES,2710,78000,78646,Versailles,78,,,78646000AY0276,,,17,42.66,52,,,,,,,,2,2,Appartement,45,2,,,,,,2.146746,48.804346
2022-1297238,2022-04-21,000001,Vente,325000,58,,RUE SAINT CHARLES,2710,78000,78646,Versailles,78,,,78646000AY0276,,,17,42.66,52,,,,,,,,2,3,Dépendance,,0,,,,,,2.146746,48.804346
2022-1297238,2022-04-21,000001,Vente,325000,58,,RUE SAINT CHARLES,2710,78000,78646,Versailles,78,,,78646000AY0276,,,23,8.87,,,,,,,,,1,3,Dépendance,,0,,,,,,2.146746,48.804346
2022-1297270,2022-03-31,000001,Vente,350000,36,,RUE DU MAL FOCH,1810,78000,78646,Versailles,78,,,78646000AK0213,,,1,,,,,,,,,,1,4,Local industriel. commercial ou assimilé,45,0,,,,,,2.134103,48.809299
2022-1297299,2022-04-19,000001,Vente,654100,15,,RUE DU VIEUX VERSAILLES,3180,78000,78646,Versailles,78,,,78646000AH0042,,,3,78.75,4,78.52,,,,,,,2,2,Appartement,79,3,,,,,,2.122472,48.801053
2022-1297299,2022-04-19,000001,Vente,654100,13,,RUE DU VIEUX VERSAILLES,3180,78000,78646,Versailles,78,,,78646000AH0042,,,7,,,,,,,,,,1,3,Dépendance,,0,,,,,,2.122472,48.801053
2022-1297324,2022-03-31,000001,Vente,21000,23,,RUE DE SATORY,2950,78000,78646,Versailles,78,,,78646000AH0143,,,21,,,,,,,,,,1,3,Dépendance,,0,,,,,,2.125151,48.800021
2022-1297325,2022-04-15,000001,Vente,565000,27,,RUE DE LA CEINTURE,0460,78000,78646,Versailles,78,,,78646000AV0078,,,27,,,,,,,,,,1,3,Dépendance,,0,,,,,,2.153491,48.808977
2022-1297325,2022-04-15,000001,Vente,565000,12,,CHE DE FAUSSES REPOSES,1030,78000,78646,Versailles,78,,,78646000AV0078,,,3,85.93,,,,,,,,,1,1,Maison,86,4,,,,,,2.153491,48.808977
2022-1297329,2022-04-21,000001,Vente,2425000,24,,RUE MANSART,1770,78000,78646,Versailles,78,,,78646000AL0057,,,,,,,,,,,,,0,1,Maison,198,9,S,sols,,,591,2.140056,48.814127
2022-1297329,2022-04-21,000001,Vente,2425000,24,,RUE MANSART,1770,78000,78646,Versailles,78,,,78646000AL0057,,,,,,,,,,,,,0,3,Dépendance,,0,S,sols,,,591,2.140056,48.814127
2022-1297337,2022-04-19,000001,Vente,235000,37,,RUE DE LA CEINTURE,0460,78000,78646,Versailles,78,,,78646000AV0141,,,58,,,,,,,,,,1,3,Dépendance,,0,,,,,,,
2022-1297337,2022-04-19,000001,Vente,235000,37,,RUE DE LA CEINTURE,0460,78000,78646,Versailles,78,,,78646000AV0141,,,26,,3,50.6,,,,,,,2,2,Appartement,50,2,,,,,,,
2022-1297337,2022-04-19,000001,Vente,235000,37,,RUE DE LA CEINTURE,0460,78000,78646,Versailles,78,,,78646000AV0141,,,26,,3,50.6,,,,,,,2,3,Dépendance,,0,,,,,,,
2022-1297341,2022-04-15,000001,Vente,14500,29,,RUE DU HAZARD,1300,78000,78646,Versailles,78,,,78646000BT0077,,,11,,,,,,,,,,1,3,Dépendance,,0,,,,,,2.129871,48.795335
2022-1297375,2022-04-25,000001,Vente,106500,58,,RUE DU MAL FOCH,1810,78000,78646,Versailles,78,,,78646000AK0127,,,41,10.65,,,,,,,,,1,3,Dépendance,,0,,,,,,2.135211,48.81139
2022-1297376,2022-04-11,000001,Vente,21000,98,,AV DE PARIS,2180,78000,78646,Versailles,78,,,78646000BK0001,,,489,,,,,,,,,,1,3,Dépendance,,0,,,,,,2.149414,48.797242
2022-1297389,2022-04-06,000001,Vente,510000,82,B,AV DE PARIS,2180,78000,78646,Versailles,78,,,78646000BN0166,,,57,,8,72.55,,,,,,,2,3,Dépendance,,0,,,,,,2.145036,48.797427
2022-1297389,2022-04-06,000001,Vente,510000,82,B,AV DE PARIS,2180,78000,78646,Versailles,78,,,78646000BN0166,,,366,13,,,,,,,,,1,3,Dépendance,,0,,,,,,2.145036,48.797427
2022-1297389,2022-04-06,000001,Vente,510000,82,B,AV DE PARIS,2180,78000,78646,Versailles,78,,,78646000BN0166,,,57,,8,72.55,,,,,,,2,2,Appartement,72,3,,,,,,2.145036,48.797427
2022-1297414,2022-04-12,000001,Vente,259100,19,,RUE JOUVENCEL,1520,78000,78646,Versailles,78,,,78646000AI0032,,,3,,,,,,,,,,1,2,Appartement,35,1,,,,,,2.134069,48.803101
2022-1297424,2022-04-05,000001,Vente,431000,33,,RUE DU MAL FOCH,1810,78000,78646,Versailles,78,,,78646000AE0432,,,44,,58,53.43,,,,,,,2,2,Appartement,55,2,,,,,,2.132245,48.807957
2022-1297434,2022-04-19,000001,Vente,253343,11,,RUE JEAN DE LA BRUYERE,1560,78000,78646,Versailles,78,,,78646000AO0205,,,1002,51.71,1108,,,,,,,,2,2,Appartement,45,2,,,,,,2.146857,48.813978
2022-1297434,2022-04-19,000001,Vente,253343,11,,RUE JEAN DE LA BRUYERE,1560,78000,78646,Versailles,78,,,78646000AO0205,,,1002,51.71,1108,,,,,,,,2,3,Dépendance,,0,,,,,,2.146857,48.813978
2022-1297434,2022-04-19,000001,Vente,253343,11,,RUE JEAN DE LA BRUYERE,1560,78000,78646,Versailles,78,,,78646000AO0205,,,1192,,,,,,,,,,1,3,Dépendance,,0,,,,,,2.146857,48.813978
2022-1297473,2022-04-15,000001,Vente,1524300,3,,PL DE LA LOI,1670,78000,78646,Versailles,78,,,78646000AC0102,,,,,,,,,,,,,0,1,Maison,246,8,S,sols,,,388,2.128135,48.81511
2022-1297473,2022-04-15,000001,Vente,1524300,3,,PL DE LA LOI,1670,78000,78646,Versailles,78,,,78646000AC0102,,,,,,,,,,,,,0,3,Dépendance,,0,S,sols,,,388,2.128135,48.81511
2022-1297475,2022-04-08,000001,Vente,475000,35,,RUE COSTE,0730,78000,78646,Versailles,78,,,78646000BE0507,,,,,,,,,,,,,0,,,,,S,sols,,,487,2.158017,48.794198
2022-1297475,2022-04-08,000001,Vente,475000,35,,RUE COSTE,0730,78000,78646,Versailles,78,,,78646000BE0509,,,,,,,,,,,,,0,,,,,AG,terrains d'agrément,,,65,2.157851,48.794307
2022-1297478,2022-04-08,000002,Vente,475000,35,,RUE COSTE,0730,78000,78646,Versailles,78,,,78646000BE0506,,,,,,,,,,,,,0,,,,,AG,terrains d'agrément,,,285,2.157892,48.79415
2022-1297478,2022-04-08,000002,Vente,475000,35,,RUE COSTE,0730,78000,78646,Versailles,78,,,78646000BE0508,,,,,,,,,,,,,0,,,,,AG,terrains d'agrément,,,145,2.157749,48.794309
2022-1297479,2022-04-08,000001,Vente,1121600,18,,RUE DES MISSIONNAIRES,1920,78000,78646,Versailles,78,,,78646000AD0252,,,38,,,,,,,,,,1,3,Dépendance,,0,,,,,,2.131237,48.812499
2022-1297479,2022-04-08,000001,Vente,1121600,18,,RUE DES MISSIONNAIRES,1920,78000,78646,Versailles,78,,,78646000AD0252,,,14,,6,115.06,,,,,,,2,3,Dépendance,,0,,,,,,2.131237,48.812499
2022-1297479,2022-04-08,000001,Vente,1121600,18,,RUE DES MISSIONNAIRES,1920,78000,78646,Versailles,78,,,78646000AD0252,,,21,,,,,,,,,,1,3,Dépendance,,0,,,,,,2.131237,48.812499
2022-1297479,2022-04-08,000001,Vente,1121600,18,,RUE DES MISSIONNAIRES,1920,78000,78646,Versailles,78,,,78646000AD0252,,,14,,6,115.06,,,,,,,2,2,Appartement,114,4,,,,,,2.131237,48.812499
2022-1297481,2022-04-20,000001,Vente,414400,84,,AV DE PARIS,2180,78000,78646,Versailles,78,,,78646000BN0045,,,44,60.04,73,,,,,,,,2,3,Dépendance,,0,,,,,,2.145174,48.797578
2022-1297481,2022-04-20,000001,Vente,414400,84,,AV DE PARIS,2180,78000,78646,Versailles,78,,,78646000BN0045,,,44,60.04,73,,,,,,,,2,2,Appartement,60,3,,,,,,2.145174,48.797578
2022-1297481,2022-04-20,000001,Vente,414400,84,,AV DE PARIS,2180,78000,78646,Versailles,78,,,78646000BN0045,,,119,,,,,,,,,,1,3,Dépendance,,0,,,,,,2.145174,48.797578
2022-1297482,2022-04-07,000001,Vente,450000,88,B,AV DE PARIS,2180,78000,78646,Versailles,78,,,78646000BN0048,,,5,,,,,,,,,,1,3,Dépendance,,0,,,,,,2.146306,48.797577
2022-1297482,2022-04-07,000001,Vente,450000,88,B,AV DE PARIS,2180,78000,78646,Versailles,78,,,78646000BN0048,,,120,73.61,64,,,,,,,,2,3,Dépendance,,0,,,,,,2.146306,48.797577
2022-1297482,2022-04-07,000001,Vente,450000,88,B,AV DE PARIS,2180,78000,78646,Versailles,78,,,78646000BN0048,,,120,73.61,64,,,,,,,,2,2,Appartement,74,3,,,,,,2.146306,48.797577
2022-1297488,2022-04-07,000001,Vente,929000,1,,RUE DE L ASSEMBLEE NATIONALE,0230,78000,78646,Versailles,78,,,78646000BR0054,,,131,,,,,,,,,,1,3,Dépendance,,0,,,,,,2.13419,48.800225
2022-1297488,2022-04-07,000001,Vente,929000,1,,RUE DE L ASSEMBLEE NATIONALE,0230,78000,78646,Versailles,78,,,78646000BR0054,,,130,,,,,,,,,,1,3,Dépendance,,0,,,,,,2.13419,48.800225
2022-1297488,2022-04-07,000001,Vente,929000,1,,RUE DE L ASSEMBLEE NATIONALE,0230,78000,78646,Versailles,78,,,78646000BR0054,,,48,,49,,,,,,,,2,2,Appartement,152,6,,,,,,2.13419,48.800225
2022-1297516,2022-04-04,000001,Vente,1353965,58,,AV DE PARIS,2180,78000,78646,Versailles,78,,,78646000BN0004,,,14,,17,169.49,,,,,,,2,2,Appartement,163,7,,,,,,2.138521,48.799382
2022-1297516,2022-04-04,000001,Vente,1353965,58,,AV DE PARIS,2180,78000,78646,Versailles,78,,,78646000BN0004,,,14,,17,169.49,,,,,,,2,3,Dépendance,,0,,,,,,2.138521,48.799382
2022-1297540,2022-04-13,000001,Vente,630000,5,,AV DE SAINT CLOUD,2730,78000,78646,Versailles,78,,,78646000AE0317,,,11,84.4,,,,,,,,,1,4,Local industriel. commercial ou assimilé,81,0,,,,,,2.128338,48.805267
2022-1297575,2022-04-07,000001,Vente,640000,20,,RUE YVES LE COZ,3210,78000,78646,Versailles,78,,,78646000BD0039,,,,,,,,,,,,,0,1,Maison,112,5,S,sols,,,307,2.159721,48.797535
2022-1297585,2022-04-05,000001,Vente,30000,20,,RUE DE LA CHANCELLERIE,0500,78000,78646,Versailles,78,,,78646000AH0067,,,20,,,,,,,,,,1,3,Dépendance,,0,,,,,,2.124145,48.80198
2022-1297591,2022-04-15,000001,Vente,339000,23,,RUE SAINTE VICTOIRE,2920,78000,78646,Versailles,78,,,78646000AD0279,,,12,,46,,,,,,,,2,3,Dépendance,,0,,,,,,2.131576,48.811777
2022-1297591,2022-04-15,000001,Vente,339000,23,,RUE SAINTE VICTOIRE,2920,78000,78646,Versailles,78,,,78646000AD0279,,,12,,46,,,,,,,,2,2,Appartement,60,3,,,,,,2.131576,48.811777
2022-1297596,2022-04-25,000001,Vente,122000,16,,AV DE PARIS,2180,78000,78646,Versailles,78,,,78646000BR0032,,,45,,9,26.58,,,,,,,2,4,Local industriel. commercial ou assimilé,28,0,,,,,,2.132753,48.800834
2022-1297614,2022-04-29,000001,Vente,20000,11,,AV DES ETATS UNIS,0990,78000,78646,Versailles,78,,,78646000AX0493,,,133,,,,,,,,,,1,3,Dépendance,,0,,,,,,2.14304,48.80717
2022-1297623,2022-04-15,000001,Vente,438095,16,,RUE HOCHE,1350,78000,78646,Versailles,78,,,78646000AE0218,,,44,,46,58.09,5,,,,,,3,3,Dépendance,,0,,,,,,2.128837,48.806684
2022-1297623,2022-04-15,000001,Vente,438095,16,,RUE HOCHE,1350,78000,78646,Versailles,78,,,78646000AE0218,,,44,,46,58.09,5,,,,,,3,2,Appartement,60,4,,,,,,2.128837,48.806684
2022-1297626,2022-04-25,000001,Vente,502500,2,,RUE VAUBAN,3110,78000,78646,Versailles,78,,,78646000BC0030,,,140,,,,,,,,,,1,3,Dépendance,,0,,,,,,2.154441,48.799454
2022-1297626,2022-04-25,000001,Vente,502500,2,,RUE VAUBAN,3110,78000,78646,Versailles,78,,,78646000BC0030,,,38,73.88,98,,,,,,,,2,2,Appartement,73,4,,,,,,2.154441,48.799454
2022-1297626,2022-04-25,000001,Vente,502500,2,,RUE VAUBAN,3110,78000,78646,Versailles,78,,,78646000BC0030,,,38,73.88,98,,,,,,,,2,3,Dépendance,,0,,,,,,2.154441,48.799454
2022-1297634,2022-04-19,000001,Vente,40000,23,,RUE DE SATORY,2950,78000,78646,Versailles,78,,,78646000AH0143,,,12,,,,,,,,,,1,3,Dépendance,,0,,,,,,2.125151,48.800021
2022-1297675,2022-04-14,000001,Vente,235000,10,,RUE ROYALE,2648,78000,78646,Versailles,78,,,78646000BV0091,,,13,35.03,2,,,,,,,,2,3,Dépendance,,0,,,,,,2.126872,48.798272
2022-1297675,2022-04-14,000001,Vente,235000,10,,RUE ROYALE,2648,78000,78646,Versailles,78,,,78646000BV0091,,,13,35.03,2,,,,,,,,2,2,Appartement,33,1,,,,,,2.126872,48.798272
2022-1297675,2022-04-14,000001,Vente,235000,10,,RUE ROYALE,2648,78000,78646,Versailles,78,,,78646000BV0091,,,13,35.03,2,,,,,,,,2,3,Dépendance,,0,,,,,,2.126872,48.798272
2022-1297680,2022-04-19,000001,Vente en l'état futur d'achèvement,620000,2,T,RUE PASTEUR,2210,78000,78646,Versailles,78,,,78646000AY0198,,,20,,,,,,,,,,1,3,Dépendance,,0,,,,,,2.147958,48.801006
2022-1297680,2022-04-19,000001,Vente en l'état futur d'achèvement,620000,2,T,RUE PASTEUR,2210,78000,78646,Versailles,78,,,78646000AY0198,,,2,69.4,,,,,,,,,1,2,Appartement,72,3,,,,,,2.147958,48.801006
2022-1297680,2022-04-19,000001,Vente en l'état futur d'achèvement,620000,2,T,RUE PASTEUR,2210,78000,78646,Versailles,78,,,78646000AY0198,,,30,,,,,,,,,,1,3,Dépendance,,0,,,,,,2.147958,48.801006
2022-1297694,2022-03-31,000001,Vente,67500,2,,RUE DU MAL JOFFRE,1820,78000,78646,Versailles,78,,,78646000BV0029,,,11,,,,,,,,,,1,3,Dépendance,,0,,,,,,2.12398,48.799435
2022-1297701,2022-04-27,000001,Vente,230000,77,,RUE DE MONTREUIL,2000,78000,78646,Versailles,78,,,78646000AX0201,,,51,33.54,,,,,,,,,1,3,Dépendance,,0,,,,,,2.148993,48.804972
2022-1297701,2022-04-27,000001,Vente,230000,77,,RUE DE MONTREUIL,2000,78000,78646,Versailles,78,,,78646000AX0201,,,51,33.54,,,,,,,,,1,2,Appartement,33,2,,,,,,2.148993,48.804972
2022-1297703,2022-04-28,000001,Vente,694860,1,B,CHE DU BELVEDERE,0330,78000,78646,Versailles,78,,,78646000BP0057,,,10,,3,81.03,5,,9,,,,4,2,Appartement,66,4,,,,,,2.138082,48.804899
2022-1297703,2022-04-28,000001,Vente,694860,1,B,CHE DU BELVEDERE,0330,78000,78646,Versailles,78,,,78646000BP0057,,,4,,,,,,,,,,1,3,Dépendance,,0,,,,,,2.138082,48.804899
2022-1297703,2022-04-28,000001,Vente,694860,1,B,CHE DU BELVEDERE,0330,78000,78646,Versailles,78,,,78646000BP0057,,,10,,3,81.03,5,,9,,,,4,3,Dépendance,,0,,,,,,2.138082,48.804899
2022-1297705,2022-04-07,000001,Vente,15000,72,,AV DE PARIS,2180,78000,78646,Versailles,78,,,78646000BN0029,,,63,,,,,,,,,,1,3,Dépendance,,0,,,,,,2.142516,48.798154
2022-1297710,2022-04-19,000001,Vente,480000,8,,PROM MONA LISA,1965,78000,78646,Versailles,78,,,78646000AZ0110,,,1698,,1712,109.2,,,,,,,2,3,Dépendance,,0,,,,,,2.158672,48.8041
2022-1297710,2022-04-19,000001,Vente,480000,5,,RUE DE L ECOLE DES POSTES,0850,78000,78646,Versailles,78,,,78646000AZ0110,,,3764,,,,,,,,,,1,3,Dépendance,,0,,,,,,2.158672,48.8041
2022-1297710,2022-04-19,000001,Vente,480000,8,,PROM MONA LISA,1965,78000,78646,Versailles,78,,,78646000AZ0110,,,1698,,1712,109.2,,,,,,,2,2,Appartement,102,4,,,,,,2.158672,48.8041
2022-1297712,2022-04-22,000001,Vente,266667,40,,RUE DES ETATS GENERAUX,0980,78000,78646,Versailles,78,,,78646000BS0029,,,12,43.29,40,,,,,,,,2,3,Dépendance,,0,,,,,,2.135092,48.79739
2022-1297712,2022-04-22,000001,Vente,266667,40,,RUE DES ETATS GENERAUX,0980,78000,78646,Versailles,78,,,78646000BS0029,,,12,43.29,40,,,,,,,,2,3,Dépendance,,0,,,,,,2.135092,48.79739
2022-1297712,2022-04-22,000001,Vente,266667,40,,RUE DES ETATS GENERAUX,0980,78000,78646,Versailles,78,,,78646000BS0029,,,12,43.29,40,,,,,,,,2,2,Appartement,43,3,,,,,,2.135092,48.79739
2022-1297736,2022-03-31,000001,Vente,200000,14,,RUE DES CHANTIERS,0530,78000,78646,Versailles,78,,,78646000BS0060,,,10,,38,38.23,,,,,,,2,4,Local industriel. commercial ou assimilé,35,0,,,,,,2.136832,48.796406
2022-1297745,2022-04-19,000001,Vente,350000,27,B,BD DU ROI,2641,78000,78646,Versailles,78,,,78646000AC0117,,,139,,155,70,,,,,,,2,2,Appartement,70,3,,,,,,2.126689,48.812877
2022-1297745,2022-04-19,000001,Vente,350000,27,B,BD DU ROI,2641,78000,78646,Versailles,78,,,78646000AC0117,,,139,,155,70,,,,,,,2,3,Dépendance,,0,,,,,,2.126689,48.812877
2022-1297764,2022-04-14,000001,Vente en l'état futur d'achèvement,271680,104,,AV DE PARIS,2180,78000,78646,Versailles,78,,,78646000BK0019,,,19,,,,,,,,,,1,,,,,,,,,,2.150393,48.797197
2022-1297767,2022-04-06,000001,Vente,820400,4,B,RUE DE L ERMITAGE,0940,78000,78646,Versailles,78,,,78646000AC0026,,,29,,54,,,,,,,,2,2,Appartement,126,5,,,,,,2.124314,48.813375
2022-1297767,2022-04-06,000001,Vente,820400,4,B,RUE DE L ERMITAGE,0940,78000,78646,Versailles,78,,,78646000AC0026,,,29,,54,,,,,,,,2,3,Dépendance,,0,,,,,,2.124314,48.813375
2022-1297767,2022-04-06,000001,Vente,820400,4,B,RUE DE L ERMITAGE,0940,78000,78646,Versailles,78,,,78646000AC0026,,,69,,70,,,,,,,,2,3,Dépendance,,0,,,,,,2.124314,48.813375
2022-1297767,2022-04-06,000001,Vente,820400,4,,RUE DE L ERMITAGE,0940,78000,78646,Versailles,78,,,78646000AC0026,,,10,,,,,,,,,,1,3,Dépendance,,0,,,,,,2.124314,48.813375
2022-1297836,2022-04-29,000001,Vente,736960,13,,RUE DU GENERAL PERSHING,1170,78000,78646,Versailles,78,,,78646000AO0068,,,321,,,,,,,,,,1,3,Dépendance,,0,,,,,,2.148928,48.817113
2022-1297836,2022-04-29,000001,Vente,736960,13,,RUE DU GENERAL PERSHING,1170,78000,78646,Versailles,78,,,78646000AO0068,,,93,113.01,,,,,,,,,1,3,Dépendance,,0,,,,,,2.148928,48.817113
2022-1297836,2022-04-29,000001,Vente,736960,13,,RUE DU GENERAL PERSHING,1170,78000,78646,Versailles,78,,,78646000AO0068,,,339,,,,,,,,,,1,3,Dépendance,,0,,,,,,2.148928,48.817113
2022-1297836,2022-04-29,000001,Vente,736960,13,,RUE DU GENERAL PERSHING,1170,78000,78646,Versailles,78,,,78646000AO0068,,,93,113.01,,,,,,,,,1,2,Appartement,116,4,,,,,,2.148928,48.817113
2022-1297844,2022-04-28,000001,Vente,1225600,9,,AV DE SAINT CLOUD,2730,78000,78646,Versailles,78,,,78646000AE0311,,,200,,,,,,,,,,1,2,Appartement,107,3,,,,,,2.128848,48.805199
2022-1297884,2022-04-12,000001,Vente,21000,17,T,RUE DU PONT COLBERT,2370,78000,78646,Versailles,78,,,78646000BI0022,,,636,,,,,,,,,,1,3,Dépendance,,0,,,,,,2.149624,48.789909
2022-1297888,2022-04-12,000001,Vente,3150000,17,,RUE DES ETATS GENERAUX,0980,78000,78646,Versailles,78,,,78646000BR0036,,,,,,,,,,,,,0,3,Dépendance,,0,S,sols,,,382,2.133011,48.800241
2022-1297888,2022-04-12,000001,Vente,3150000,17,,RUE DES ETATS GENERAUX,0980,78000,78646,Versailles,78,,,78646000BR0036,,,,,,,,,,,,,0,3,Dépendance,,0,S,sols,,,382,2.133011,48.800241
2022-1297888,2022-04-12,000001,Vente,3150000,17,,RUE DES ETATS GENERAUX,0980,78000,78646,Versailles,78,,,78646000BR0036,,,,,,,,,,,,,0,3,Dépendance,,0,S,sols,,,382,2.133011,48.800241
2022-1297888,2022-04-12,000001,Vente,3150000,17,,RUE DES ETATS GENERAUX,0980,78000,78646,Versailles,78,,,78646000BR0036,,,,,,,,,,,,,0,3,Dépendance,,0,S,sols,,,382,2.133011,48.800241
2022-1297888,2022-04-12,000001,Vente,3150000,17,,RUE DES ETATS GENERAUX,0980,78000,78646,Versailles,78,,,78646000BR0036,,,,,,,,,,,,,0,3,Dépendance,,0,S,sols,,,382,2.133011,48.800241
2022-1297888,2022-04-12,000001,Vente,3150000,17,,RUE DES ETATS GENERAUX,0980,78000,78646,Versailles,78,,,78646000BR0036,,,,,,,,,,,,,0,3,Dépendance,,0,S,sols,,,382,2.133011,48.800241
2022-1297888,2022-04-12,000001,Vente,3150000,17,,RUE DES ETATS GENERAUX,0980,78000,78646,Versailles,78,,,78646000BR0036,,,,,,,,,,,,,0,3,Dépendance,,0,S,sols,,,382,2.133011,48.800241
2022-1297888,2022-04-12,000001,Vente,3150000,17,,RUE DES ETATS GENERAUX,0980,78000,78646,Versailles,78,,,78646000BR0036,,,,,,,,,,,,,0,3,Dépendance,,0,S,sols,,,382,2.133011,48.800241
2022-1297888,2022-04-12,000001,Vente,3150000,17,,RUE DES ETATS GENERAUX,0980,78000,78646,Versailles,78,,,78646000BR0036,,,,,,,,,,,,,0,1,Maison,70,2,S,sols,,,382,2.133011,48.800241
2022-1297888,2022-04-12,000001,Vente,3150000,17,,RUE DES ETATS GENERAUX,0980,78000,78646,Versailles,78,,,78646000BR0036,,,,,,,,,,,,,0,2,Appartement,19,1,S,sols,,,382,2.133011,48.800241
2022-1297888,2022-04-12,000001,Vente,3150000,17,,RUE DES ETATS GENERAUX,0980,78000,78646,Versailles,78,,,78646000BR0036,,,,,,,,,,,,,0,2,Appartement,17,1,S,sols,,,382,2.133011,48.800241
2022-1297888,2022-04-12,000001,Vente,3150000,17,,RUE DES ETATS GENERAUX,0980,78000,78646,Versailles,78,,,78646000BR0036,,,,,,,,,,,,,0,2,Appartement,47,2,S,sols,,,382,2.133011,48.800241
2022-1297888,2022-04-12,000001,Vente,3150000,17,,RUE DES ETATS GENERAUX,0980,78000,78646,Versailles,78,,,78646000BR0036,,,,,,,,,,,,,0,2,Appartement,42,2,S,sols,,,382,2.133011,48.800241
2022-1297888,2022-04-12,000001,Vente,3150000,17,,RUE DES ETATS GENERAUX,0980,78000,78646,Versailles,78,,,78646000BR0036,,,,,,,,,,,,,0,2,Appartement,54,3,S,sols,,,382,2.133011,48.800241
2022-1297888,2022-04-12,000001,Vente,3150000,17,,RUE DES ETATS GENERAUX,0980,78000,78646,Versailles,78,,,78646000BR0036,,,,,,,,,,,,,0,2,Appartement,52,3,S,sols,,,382,2.133011,48.800241
2022-1297888,2022-04-12,000001,Vente,3150000,17,,RUE DES ETATS GENERAUX,0980,78000,78646,Versailles,78,,,78646000BR0036,,,,,,,,,,,,,0,2,Appartement,50,2,S,sols,,,382,2.133011,48.800241
2022-1297888,2022-04-12,000001,Vente,3150000,17,,RUE DES ETATS GENERAUX,0980,78000,78646,Versailles,78,,,78646000BR0036,,,,,,,,,,,,,0,2,Appartement,55,2,S,sols,,,382,2.133011,48.800241
2022-1297888,2022-04-12,000001,Vente,3150000,17,,RUE DES ETATS GENERAUX,0980,78000,78646,Versailles,78,,,78646000BR0036,,,,,,,,,,,,,0,2,Appartement,60,3,S,sols,,,382,2.133011,48.800241
2022-1297888,2022-04-12,000001,Vente,3150000,17,,RUE DES ETATS GENERAUX,0980,78000,78646,Versailles,78,,,78646000BR0036,,,,,,,,,,,,,0,2,Appartement,48,2,S,sols,,,382,2.133011,48.800241
2022-1297888,2022-04-12,000001,Vente,3150000,17,,RUE DES ETATS GENERAUX,0980,78000,78646,Versailles,78,,,78646000BR0036,,,,,,,,,,,,,0,4,Local industriel. commercial ou assimilé,38,0,S,sols,,,382,2.133011,48.800241
2022-1297888,2022-04-12,000001,Vente,3150000,17,,RUE DES ETATS GENERAUX,0980,78000,78646,Versailles,78,,,78646000BR0036,,,,,,,,,,,,,0,4,Local industriel. commercial ou assimilé,68,0,S,sols,,,382,2.133011,48.800241
2022-1297888,2022-04-12,000001,Vente,3150000,17,,RUE DES ETATS GENERAUX,0980,78000,78646,Versailles,78,,,78646000BR0036,,,,,,,,,,,,,0,4,Local industriel. commercial ou assimilé,23,0,S,sols,,,382,2.133011,48.800241
2022-1297888,2022-04-12,000001,Vente,3150000,6,,RUE EDOUARD LEFEBVRE,0910,78000,78646,Versailles,78,,,78646000BR0151,,,151,,,,,,,,,,1,3,Dépendance,,0,,,,,,2.132269,48.798842
2022-1297899,2022-04-20,000001,Vente,789000,7,,RUE RICHAUD,2610,78000,78646,Versailles,78,,,78646000AI0313,,,125,,95,,,,,,,,2,2,Appartement,67,3,,,,,,2.135209,48.807376
2022-1297904,2022-04-26,000001,Vente,200,74,,RUE D ANJOU,0190,78000,78646,Versailles,78,,,78646000BT0093,,,30,,,,,,,,,,1,3,Dépendance,,0,,,,,,2.128453,48.79592
2022-1297921,2022-04-15,000001,Vente,482500,9,,AV DE LA TRANQUILLITE,3055,78000,78646,Versailles,78,,,78646000AZ0110,,,34,,94,107.77,,,,,,,2,4,Local industriel. commercial ou assimilé,107,0,,,,,,2.158672,48.8041
2022-1297921,2022-04-15,000001,Vente,482500,5,,RUE DE L ECOLE DES POSTES,0850,78000,78646,Versailles,78,,,78646000AZ0110,,,2773,,,,,,,,,,1,4,Local industriel. commercial ou assimilé,12,0,,,,,,2.158672,48.8041
2022-1297922,2022-05-02,000001,Vente,1873772,2,,PL EDOUARD LABOULAYE,0900,78000,78646,Versailles,78,,,78646000AL0003,,,,,,,,,,,,,0,1,Maison,169,8,S,sols,,,352,2.138067,48.818779
2022-1297922,2022-05-02,000001,Vente,1873772,2,,PL EDOUARD LABOULAYE,0900,78000,78646,Versailles,78,,,78646000AL0003,,,,,,,,,,,,,0,3,Dépendance,,0,S,sols,,,352,2.138067,48.818779
2022-1297943,2022-04-28,000001,Vente,645000,4,,RUE PIERRE LESCOT,2320,78000,78646,Versailles,78,,,78646000AR0028,,,12,,3,90.64,,,,,,,2,3,Dépendance,,0,,,,,,2.143179,48.81026
2022-1297943,2022-04-28,000001,Vente,645000,4,,RUE PIERRE LESCOT,2320,78000,78646,Versailles,78,,,78646000AR0028,,,27,,,,,,,,,,1,3,Dépendance,,0,,,,,,2.143179,48.81026
2022-1297943,2022-04-28,000001,Vente,645000,4,,RUE PIERRE LESCOT,2320,78000,78646,Versailles,78,,,78646000AR0028,,,16,,,,,,,,,,1,3,Dépendance,,0,,,,,,2.143179,48.81026
2022-1297943,2022-04-28,000001,Vente,645000,4,,RUE PIERRE LESCOT,2320,78000,78646,Versailles,78,,,78646000AR0028,,,12,,3,90.64,,,,,,,2,2,Appartement,91,4,,,,,,2.143179,48.81026
2022-1297966,2022-04-04,000001,Vente,15000,98,,AV DE PARIS,2180,78000,78646,Versailles,78,,,78646000BK0001,,,389,,,,,,,,,,1,3,Dépendance,,0,,,,,,2.149414,48.797242
2022-1297988,2022-04-22,000001,Vente,150000,8,,BD DE LA REINE,2520,78000,78646,Versailles,78,,,78646000AC0223,,,23,16.75,,,,,,,,,1,3,Dépendance,,0,,,,,,2.124417,48.809357
2022-1297989,2022-04-26,000001,Vente,210000,2,,RUE LA QUINTINIE,2470,78000,78646,Versailles,78,,,78646000BV0206,,,10,24.95,11,,,,,,,,2,2,Appartement,32,2,,,,,,2.12011,48.800596
2022-1298021,2022-05-03,000001,Vente,200000,71,,RUE DE LA PAROISSE,2190,78000,78646,Versailles,78,,,78646000AI0178,,,67,,,,,,,,,,1,2,Appartement,24,2,,,,,,2.134575,48.806443
2022-1298021,2022-05-03,000001,Vente,200000,71,,RUE DE LA PAROISSE,2190,78000,78646,Versailles,78,,,78646000AI0178,,,68,,,,,,,,,,1,3,Dépendance,,0,,,,,,2.134575,48.806443
2022-1298086,2022-04-28,000001,Vente,429850,24,,RUE JACQUES LEMERCIER,1420,78000,78646,Versailles,78,,,78646000AO0020,,,108,,161,,,,,,,,2,3,Dépendance,,0,,,,,,2.150001,48.814605
2022-1298086,2022-04-28,000001,Vente,429850,24,,RUE JACQUES LEMERCIER,1420,78000,78646,Versailles,78,,,78646000AO0020,,,252,,,,,,,,,,1,3,Dépendance,,0,,,,,,2.150001,48.814605
2022-1298086,2022-04-28,000001,Vente,429850,24,,RUE JACQUES LEMERCIER,1420,78000,78646,Versailles,78,,,78646000AO0020,,,108,,161,,,,,,,,2,2,Appartement,68,3,,,,,,2.150001,48.814605
2022-1298097,2022-05-05,000001,Vente,28000,5,,PL HOCHE,1340,78000,78646,Versailles,78,,,78646000AE0195,,,40,7.65,,,,,,,,,1,4,Local industriel. commercial ou assimilé,7,0,,,,,,2.127609,48.806656
2022-1298100,2022-04-29,000001,Vente,614320,3,,RUE DE CONDE,0700,78000,78646,Versailles,78,,,78646000BK0211,,,1,86.5,,,,,,,,,1,2,Appartement,80,3,,,,,,2.151868,48.795689
2022-1298100,2022-04-29,000001,Vente,614320,3,,RUE DE CONDE,0700,78000,78646,Versailles,78,,,78646000BK0211,,,1,86.5,,,,,,,,,1,3,Dépendance,,0,,,,,,2.151868,48.795689
2022-1298102,2022-04-21,000001,Vente,292500,12,,AV DE PORCHEFONTAINE,2380,78000,78646,Versailles,78,,,78646000BK0021,,,253,,311,54.17,,,,,,,2,3,Dépendance,,0,,,,,,2.152071,48.797176
2022-1298102,2022-04-21,000001,Vente,292500,12,,AV DE PORCHEFONTAINE,2380,78000,78646,Versailles,78,,,78646000BK0021,,,1776,,,,,,,,,,1,3,Dépendance,,0,,,,,,2.152071,48.797176
2022-1298102,2022-04-21,000001,Vente,292500,12,,AV DE PORCHEFONTAINE,2380,78000,78646,Versailles,78,,,78646000BK0021,,,253,,311,54.17,,,,,,,2,2,Appartement,54,2,,,,,,2.152071,48.797176
2022-1298130,2022-04-22,000001,Vente,275000,84,,RUE ROYALE,2648,78000,78646,Versailles,78,,,78646000BW0111,,,12,,,,,,,,,,1,2,Appartement,34,2,,,,,,2.124311,48.794563
2022-1298142,2022-05-02,000001,Vente,500000,19,B,BD DE LA REPUBLIQUE,2570,78000,78646,Versailles,78,,,78646000AW0148,,,35,69.6,9,,,,,,,,2,3,Dépendance,,0,,,,,,2.14789,48.807494
2022-1298142,2022-05-02,000001,Vente,500000,19,B,BD DE LA REPUBLIQUE,2570,78000,78646,Versailles,78,,,78646000AW0148,,,35,69.6,9,,,,,,,,2,2,Appartement,70,4,,,,,,2.14789,48.807494
2022-1298142,2022-05-02,000001,Vente,500000,19,B,BD DE LA REPUBLIQUE,2570,78000,78646,Versailles,78,,,78646000AW0148,,,57,,,,,,,,,,1,3,Dépendance,,0,,,,,,2.14789,48.807494
2022-1298143,2022-04-12,000001,Vente,1000000,18,,RUE DE NOAILLES,2050,78000,78646,Versailles,78,,,78646000BR0124,,,19,,,,,,,,,,1,4,Local industriel. commercial ou assimilé,212,0,,,,,,2.134105,48.798002
2022-1298146,2022-04-22,000001,Vente,250000,46,,RUE DE VERGENNES,3150,78000,78646,Versailles,78,,,78646000BS0053,,,6,39.67,7,,8,,9,,,,4,3,Dépendance,,0,,,,,,2.137401,48.796533
2022-1298146,2022-04-22,000001,Vente,250000,46,,RUE DE VERGENNES,3150,78000,78646,Versailles,78,,,78646000BS0053,,,6,39.67,7,,8,,9,,,,4,2,Appartement,39,2,,,,,,2.137401,48.796533
2022-1298169,2022-04-25,000001,Vente,470000,28,,BD DU ROI,2641,78000,78646,Versailles,78,,,78646000AD0223,,,129,,,,,,,,,,1,3,Dépendance,,0,,,,,,2.128206,48.812739
2022-1298169,2022-04-25,000001,Vente,470000,28,,BD DU ROI,2641,78000,78646,Versailles,78,,,78646000AD0223,,,1,,136,67.09,,,,,,,2,3,Dépendance,,0,,,,,,2.128206,48.812739
2022-1298169,2022-04-25,000001,Vente,470000,28,,BD DU ROI,2641,78000,78646,Versailles,78,,,78646000AD0223,,,1,,136,67.09,,,,,,,2,2,Appartement,67,2,,,,,,2.128206,48.812739
2022-1298177,2022-04-14,000001,Vente,571350,22,,RUE DU GENERAL LECLERC,1145,78000,78646,Versailles,78,,,78646000BV0078,,,27,70.14,,,,,,,,,1,2,Appartement,82,3,,,,,,2.126251,48.798816
2022-1298180,2022-04-15,000001,Vente,14950,12,,AV DE PORCHEFONTAINE,2380,78000,78646,Versailles,78,,,78646000BK0021,,,1714,,,,,,,,,,1,3,Dépendance,,0,,,,,,2.152071,48.797176
2022-1298205,2022-04-28,000001,Vente,168000,28,,RUE DES CHANTIERS,0530,78000,78646,Versailles,78,,,78646000BS0089,,,11,28.09,12,,,,,,,,2,2,Appartement,30,1,,,,,,2.138182,48.795812
2022-1298206,2022-04-26,000001,Vente,376311,49,,RUE D ANJOU,0190,78000,78646,Versailles,78,,,78646000BT0053,,,1,,,,,,,,,,1,3,Dépendance,,0,,,,,,2.127792,48.796753
2022-1298206,2022-04-26,000001,Vente,376311,49,,RUE D ANJOU,0190,78000,78646,Versailles,78,,,78646000BT0053,,,1,,,,,,,,,,1,2,Appartement,56,2,,,,,,2.127792,48.796753
2022-1298210,2022-04-21,000001,Vente,1100000,50,,AV DE SAINT CLOUD,2730,78000,78646,Versailles,78,,,78646000BP0243,,,20,,3,,,,,,,,2,3,Dépendance,,0,,,,,,2.136359,48.804847
2022-1298210,2022-04-21,000001,Vente,1100000,50,,AV DE SAINT CLOUD,2730,78000,78646,Versailles,78,,,78646000BP0243,,,20,,22,,25,,28,,3,,5,2,Appartement,121,7,,,,,,2.136359,48.804847
2022-1298210,2022-04-21,000001,Vente,1100000,50,,AV DE SAINT CLOUD,2730,78000,78646,Versailles,78,,,78646000BP0243,,,13,,14,,22,,25,,28,,5,2,Appartement,121,7,,,,,,2.136359,48.804847
2022-1298225,2022-04-29,000001,Vente en l'état futur d'achèvement,606700,104,,AV DE PARIS,2180,78000,78646,Versailles,78,,,78646000BK0019,,,64,,,,,,,,,,1,3,Dépendance,,0,,,,,,2.150393,48.797197
2022-1298225,2022-04-29,000001,Vente en l'état futur d'achèvement,606700,104,,AV DE PARIS,2180,78000,78646,Versailles,78,,,78646000BK0019,,,45,,,,,,,,,,1,2,Appartement,76,3,,,,,,2.150393,48.797197
2022-1298240,2022-05-05,000001,Vente,137441,43,,BD DU ROI,2641,78000,78646,Versailles,78,,,78646000AC0104,,,105,,,,,,,,,,1,2,Appartement,16,1,,,,,,2.128119,48.814877
2022-1298266,2022-05-09,000001,Vente,540000,28,,RUE DE SATORY,2950,78000,78646,Versailles,78,,,78646000AH0131,,,10,59.09,18,,,,,,,,2,2,Appartement,46,2,,,,,,2.124309,48.799979
2022-1298269,2022-05-06,000001,Vente,436000,97,,RUE JEAN DE LA FONTAINE,1439,78000,78646,Versailles,78,,,78646000BI0105,,,7,64.6,8,,,,,,,,2,1,Maison,76,4,,,,,,2.152992,48.792284
2022-1298269,2022-05-06,000001,Vente,436000,97,,RUE JEAN DE LA FONTAINE,1439,78000,78646,Versailles,78,,,78646000BI0105,,,7,64.6,8,,,,,,,,2,3,Dépendance,,0,,,,,,2.152992,48.792284
2022-1298272,2022-04-25,000001,Vente,35000,33,,RUE CHAMP LAGARDE,0490,78000,78646,Versailles,78,,,78646000AY0272,,,5,,,,,,,,,,1,3,Dépendance,,0,,,,,,2.149414,48.802543
2022-1298274,2022-04-13,000001,Vente,400000,32,,RUE DE LA PAROISSE,2190,78000,78646,Versailles,78,,,78646000AE0203,,,18,,6,52.82,,,,,,,2,2,Appartement,53,2,,,,,,2.127906,48.807475
2022-1298274,2022-04-13,000001,Vente,400000,32,,RUE DE LA PAROISSE,2190,78000,78646,Versailles,78,,,78646000AE0203,,,18,,6,52.82,,,,,,,2,3,Dépendance,,0,,,,,,2.127906,48.807475
2022-1298294,2022-05-09,000001,Vente,730000,32,,RUE DE L ORANGERIE,2110,78000,78646,Versailles,78,,,78646000BV0023,,,6,,,,,,,,,,1,3,Dépendance,,0,,,,,,2.12323,48.799639
2022-1298294,2022-05-09,000001,Vente,730000,32,,RUE DE L ORANGERIE,2110,78000,78646,Versailles,78,,,78646000BV0023,,,6,,,,,,,,,,1,2,Appartement,110,4,,,,,,2.12323,48.799639
2022-1298294,2022-05-09,000001,Vente,730000,32,,RUE DE L ORANGERIE,2110,78000,78646,Versailles,78,,,78646000BV0023,,,6,,,,,,,,,,1,3,Dépendance,,0,,,,,,2.12323,48.799639
2022-1298294,2022-05-09,000001,Vente,730000,32,,RUE DE L ORANGERIE,2110,78000,78646,Versailles,78,,,78646000BV0023,,,6,,,,,,,,,,1,3,Dépendance,,0,,,,,,2.12323,48.799639
2022-1298306,2022-05-04,000001,Vente en l'état futur d'achèvement,433900,104,,AV DE PARIS,2180,78000,78646,Versailles,78,,,78646000BK0019,,,110,,,,,,,,,,1,3,Dépendance,,0,,,,,,2.150393,48.797197
2022-1298306,2022-05-04,000001,Vente en l'état futur d'achèvement,433900,104,,AV DE PARIS,2180,78000,78646,Versailles,78,,,78646000BK0019,,,31,,,,,,,,,,1,2,Appartement,74,3,,,,,,2.150393,48.797197
2022-1298323,2022-05-05,000001,Vente,500000,2,,RUE DE LA CEINTURE,0460,78000,78646,Versailles,78,,,78646000AW0219,,,333,,382,,,,,,,,2,2,Appartement,84,3,,,,,,2.147909,48.808568
2022-1298323,2022-05-05,000001,Vente,500000,2,,RUE DE LA CEINTURE,0460,78000,78646,Versailles,78,,,78646000AW0219,,,768,,,,,,,,,,1,3,Dépendance,,0,,,,,,2.147909,48.808568
2022-1298323,2022-05-05,000001,Vente,500000,2,,RUE DE LA CEINTURE,0460,78000,78646,Versailles,78,,,78646000AW0219,,,333,,382,,,,,,,,2,3,Dépendance,,0,,,,,,2.147909,48.808568
2022-1298329,2022-04-26,000001,Vente,523229,2,,RUE DE LA CEINTURE,0460,78000,78646,Versailles,78,,,78646000AW0219,,,601,,,,,,,,,,1,3,Dépendance,,0,,,,,,2.147909,48.808568
2022-1298329,2022-04-26,000001,Vente,523229,35,,RUE HENRI SIMON,1330,78000,78646,Versailles,78,,,78646000AW0219,,,411,79,425,,,,,,,,2,3,Dépendance,,0,,,,,,2.147909,48.808568
2022-1298329,2022-04-26,000001,Vente,523229,35,,RUE HENRI SIMON,1330,78000,78646,Versailles,78,,,78646000AW0219,,,411,79,425,,,,,,,,2,2,Appartement,80,3,,,,,,2.147909,48.808568
2022-1298348,2022-04-29,000001,Vente,233676,12,,RUE DU GENERAL PERSHING,1170,78000,78646,Versailles,78,,,78646000AS0059,,,107,,,,,,,,,,1,2,Appartement,54,3,,,,,,2.151433,48.814069
2022-1298348,2022-04-29,000001,Vente,233676,12,,RUE DU GENERAL PERSHING,1170,78000,78646,Versailles,78,,,78646000AS0059,,,153,,,,,,,,,,1,3,Dépendance,,0,,,,,,2.151433,48.814069
2022-1298355,2022-05-06,000001,Vente,179000,4,,RUE MONTBAURON,1970,78000,78646,Versailles,78,,,78646000BP0231,,,14,24.81,9,,,,,,,,2,2,Appartement,25,1,,,,,,2.134931,48.802987
2022-1298355,2022-05-06,000001,Vente,179000,4,,RUE MONTBAURON,1970,78000,78646,Versailles,78,,,78646000BP0231,,,14,24.81,9,,,,,,,,2,3,Dépendance,,0,,,,,,2.134931,48.802987
2022-1298364,2022-04-13,000001,Vente,500000,,,BOIS DU CERF VOLANT,B003,78000,78646,Versailles,78,,,78646000BX0040,,,,,,,,,,,,,0,,,,,S,sols,,,1562,2.133041,48.788082
2022-1298393,2022-04-22,000001,Vente,88000,108,,BD DE LA REINE,2520,78000,78646,Versailles,78,,,78646000AX0037,,,115,11.65,,,,,,,,,1,3,Dépendance,,0,,,,,,2.142871,48.807658
2022-1298398,2022-04-26,000001,Vente,645000,5,,RUE CHAMP LAGARDE,0490,78000,78646,Versailles,78,,,78646000BP0207,,,84,,,,,,,,,,1,3,Dépendance,,0,,,,,,2.144353,48.801239
2022-1298398,2022-04-26,000001,Vente,645000,5,,RUE CHAMP LAGARDE,0490,78000,78646,Versailles,78,,,78646000BP0207,,,15,103.91,54,,,,,,,,2,2,Appartement,104,4,,,,,,2.144353,48.801239
2022-1298398,2022-04-26,000001,Vente,645000,5,,RUE CHAMP LAGARDE,0490,78000,78646,Versailles,78,,,78646000BP0207,,,15,103.91,54,,,,,,,,2,3,Dépendance,,0,,,,,,2.144353,48.801239
2022-1298400,2022-04-26,000001,Vente,705450,1,,RUE DE L ASSEMBLEE NATIONALE,0230,78000,78646,Versailles,78,,,78646000BR0054,,,6,103.59,7,,91,,,,,,3,3,Dépendance,,0,,,,,,2.13419,48.800225
2022-1298400,2022-04-26,000001,Vente,705450,1,,RUE DE L ASSEMBLEE NATIONALE,0230,78000,78646,Versailles,78,,,78646000BR0054,,,6,103.59,7,,91,,,,,,3,2,Appartement,104,5,,,,,,2.13419,48.800225
2022-1298400,2022-04-26,000001,Vente,705450,1,,RUE DE L ASSEMBLEE NATIONALE,0230,78000,78646,Versailles,78,,,78646000BR0054,,,120,,,,,,,,,,1,3,Dépendance,,0,,,,,,2.13419,48.800225
2022-1298402,2022-04-21,000001,Vente,1902700,7,,AV DE LA MAYE,1875,78000,78646,Versailles,78,,,78646000AL0014,,,,,,,,,,,,,0,1,Maison,230,8,S,sols,,,483,2.13734,48.816969
2022-1298430,2022-04-28,000001,Vente,190000,14,,RUE DU REFUGE,2510,78000,78646,Versailles,78,,,78646000BP0108,,,12,28.11,14,,,,,,,,2,3,Dépendance,,0,,,,,,2.142848,48.804402
2022-1298430,2022-04-28,000001,Vente,190000,14,,RUE DU REFUGE,2510,78000,78646,Versailles,78,,,78646000BP0108,,,12,28.11,14,,,,,,,,2,2,Appartement,22,1,,,,,,2.142848,48.804402
2022-1298430,2022-04-28,000001,Vente,190000,14,,RUE DU REFUGE,2510,78000,78646,Versailles,78,,,78646000BP0108,,,12,28.11,14,,,,,,,,2,3,Dépendance,,0,,,,,,2.142848,48.804402
2022-1298454,2022-04-26,000001,Vente,490000,60,,RUE JEAN DE LA FONTAINE,1439,78000,78646,Versailles,78,,,78646000BE0138,,,,,,,,,,,,,0,3,Dépendance,,0,S,sols,,,357,,
2022-1298454,2022-04-26,000001,Vente,490000,60,,RUE JEAN DE LA FONTAINE,1439,78000,78646,Versailles,78,,,78646000BE0138,,,,,,,,,,,,,0,1,Maison,76,3,S,sols,,,357,,
2022-1298454,2022-04-26,000001,Vente,490000,60,,RUE JEAN DE LA FONTAINE,1439,78000,78646,Versailles,78,,,78646000BE0138,,,,,,,,,,,,,0,3,Dépendance,,0,S,sols,,,357,,
2022-1298454,2022-04-26,000001,Vente,490000,60,,RUE JEAN DE LA FONTAINE,1439,78000,78646,Versailles,78,,,78646000BE0138,,,,,,,,,,,,,0,3,Dépendance,,0,S,sols,,,357,,
2022-1298454,2022-04-26,000001,Vente,490000,60,,RUE JEAN DE LA FONTAINE,1439,78000,78646,Versailles,78,,,78646000BE0138,,,,,,,,,,,,,0,3,Dépendance,,0,S,sols,,,357,,
2022-1298465,2022-05-03,000001,Vente,1902912,16,,RUE MANSART,1770,78000,78646,Versailles,78,,,78646000AL0077,,,1,170.9,13,,,,,,,,2,3,Dépendance,,0,,,,,,2.138498,48.814606
2022-1298465,2022-05-03,000001,Vente,1902912,16,,RUE MANSART,1770,78000,78646,Versailles,78,,,78646000AL0077,,,1,170.9,,,,,,,,,1,3,Dépendance,,0,,,,,,2.138498,48.814606
2022-1298465,2022-05-03,000001,Vente,1902912,16,,RUE MANSART,1770,78000,78646,Versailles,78,,,78646000AL0077,,,9,,,,,,,,,,1,3,Dépendance,,0,,,,,,2.138498,48.814606
2022-1298465,2022-05-03,000001,Vente,1902912,16,,RUE MANSART,1770,78000,78646,Versailles,78,,,78646000AL0077,,,1,170.9,13,,,,,,,,2,2,Appartement,150,4,,,,,,2.138498,48.814606
2022-1298474,2022-05-06,000001,Vente,570000,15,,RUE DUCIS,0820,78000,78646,Versailles,78,,,78646000AE0084,,,18,,19,,39,,41,,,,4,2,Appartement,64,2,,,,,,2.131252,48.807256
2022-1298474,2022-05-06,000001,Vente,570000,15,,RUE DUCIS,0820,78000,78646,Versailles,78,,,78646000AE0084,,,18,,19,,39,,41,,,,4,3,Dépendance,,0,,,,,,2.131252,48.807256
2022-1298474,2022-05-06,000001,Vente,570000,15,,RUE DUCIS,0820,78000,78646,Versailles,78,,,78646000AE0084,,,18,,19,,39,,41,,,,4,3,Dépendance,,0,,,,,,2.131252,48.807256
2022-1298474,2022-05-06,000001,Vente,570000,15,,RUE DUCIS,0820,78000,78646,Versailles,78,,,78646000AE0084,,,18,,19,,39,,41,,,,4,3,Dépendance,,0,,,,,,2.131252,48.807256
2022-1298477,2022-04-26,000001,Vente,20000,3,,RUE SAINT NICOLAS,2860,78000,78646,Versailles,78,,,78646000AW0041,,,29,,,,,,,,,,1,3,Dépendance,,0,,,,,,2.155485,48.807321
2022-1298499,2022-04-20,000001,Vente,935000,60,,RUE ALBERT JOLY,0050,78000,78646,Versailles,78,,,78646000AR0052,,,25,118.31,26,,,,,,,,2,2,Appartement,111,5,,,,,,2.144103,48.809389
2022-1298499,2022-04-20,000001,Vente,935000,60,,RUE ALBERT JOLY,0050,78000,78646,Versailles,78,,,78646000AR0052,,,25,118.31,26,,,,,,,,2,3,Dépendance,,0,,,,,,2.144103,48.809389
2022-1298499,2022-04-20,000001,Vente,935000,60,,RUE ALBERT JOLY,0050,78000,78646,Versailles,78,,,78646000AR0052,,,13,,,,,,,,,,1,3,Dépendance,,0,,,,,,2.144103,48.809389
2022-1298607,2022-05-03,000001,Vente,125000,1,,RUE FRANCOIS BOUCHER,1120,78000,78646,Versailles,78,,,78646000AZ0171,,,2,18.54,7,,,,,,,,2,3,Dépendance,,0,,,,,,2.158302,48.805768
2022-1298607,2022-05-03,000001,Vente,125000,1,,RUE FRANCOIS BOUCHER,1120,78000,78646,Versailles,78,,,78646000AZ0171,,,2,18.54,7,,,,,,,,2,2,Appartement,19,1,,,,,,2.158302,48.805768
2022-1298620,2022-05-13,000001,Vente,819500,32,,RUE PIERRE CURIE,2300,78000,78646,Versailles,78,,,78646000BD0057,,,,,,,,,,,,,0,3,Dépendance,,0,S,sols,,,318,2.158479,48.796913
2022-1298620,2022-05-13,000001,Vente,819500,32,,RUE PIERRE CURIE,2300,78000,78646,Versailles,78,,,78646000BD0057,,,,,,,,,,,,,0,1,Maison,79,4,S,sols,,,318,2.158479,48.796913
2022-1298659,2022-05-11,000001,Vente,450000,30,,RUE SAINT LOUIS,2810,78000,78646,Versailles,78,,,78646000BW0052,,,23,,31,,,,,,,,2,2,Appartement,53,3,,,,,,2.126989,48.794522
2022-1298659,2022-05-11,000001,Vente,450000,30,,RUE SAINT LOUIS,2810,78000,78646,Versailles,78,,,78646000BW0052,,,23,,31,,,,,,,,2,3,Dépendance,,0,,,,,,2.126989,48.794522
2022-1298664,2022-05-09,000001,Vente,250000,4,,PAS SAINT LOUIS,2830,78000,78646,Versailles,78,,,78646000BV0132,,,15,,6,,,,,,,,2,3,Dépendance,,0,,,,,,2.125432,48.797793
2022-1298664,2022-05-09,000001,Vente,250000,4,,PAS SAINT LOUIS,2830,78000,78646,Versailles,78,,,78646000BV0132,,,15,,6,,,,,,,,2,2,Appartement,38,2,,,,,,2.125432,48.797793
2022-1298671,2022-05-04,000001,Vente,794900,7,,RUE DES CONDAMINES,0690,78000,78646,Versailles,78,,,78646000BP0124,,,1,,,,,,,,,,1,3,Dépendance,,0,,,,,,2.144844,48.801416
2022-1298671,2022-05-04,000001,Vente,794900,7,,RUE DES CONDAMINES,0690,78000,78646,Versailles,78,,,78646000BP0124,,,1,,,,,,,,,,1,2,Appartement,105,4,,,,,,2.144844,48.801416
2022-1298682,2022-05-04,000001,Vente,882000,92,,RUE DE LA PAROISSE,2190,78000,78646,Versailles,78,,,78646000AI0141,,,16,,19,,3,,,,,,3,3,Dépendance,,0,,,,,,2.134009,48.805806
2022-1298682,2022-05-04,000001,Vente,882000,92,,RUE DE LA PAROISSE,2190,78000,78646,Versailles,78,,,78646000AI0141,,,16,,19,,3,,,,,,3,3,Dépendance,,0,,,,,,2.134009,48.805806
2022-1298682,2022-05-04,000001,Vente,882000,92,,RUE DE LA PAROISSE,2190,78000,78646,Versailles,78,,,78646000AI0141,,,16,,19,,3,,,,,,3,2,Appartement,105,5,,,,,,2.134009,48.805806
2022-1298685,2022-05-10,000001,Vente,420000,28,,BD DU ROI,2641,78000,78646,Versailles,78,,,78646000AD0223,,,101,,,,,,,,,,1,3,Dépendance,,0,,,,,,2.128206,48.812739
2022-1298685,2022-05-10,000001,Vente,420000,28,,BD DU ROI,2641,78000,78646,Versailles,78,,,78646000AD0223,,,192,,48,,,,,,,,2,2,Appartement,69,2,,,,,,2.128206,48.812739
2022-1298685,2022-05-10,000001,Vente,420000,28,,BD DU ROI,2641,78000,78646,Versailles,78,,,78646000AD0223,,,192,,48,,,,,,,,2,3,Dépendance,,0,,,,,,2.128206,48.812739
2022-1298726,2022-04-20,000001,Vente,622000,23,,RUE SAINT LOUIS,2810,78000,78646,Versailles,78,,,78646000BW0012,,,1,,,,,,,,,,1,2,Appartement,67,4,,,,,,2.126525,48.79501
2022-1298726,2022-04-20,000001,Vente,622000,23,,RUE SAINT LOUIS,2810,78000,78646,Versailles,78,,,78646000BW0012,,,43,,,,,,,,,,1,3,Dépendance,,0,,,,,,2.126525,48.79501
2022-1298732,2022-05-11,000001,Vente,485020,5,,RUE CHAMP LAGARDE,0490,78000,78646,Versailles,78,,,78646000BP0207,,,46,,9,,,,,,,,2,2,Appartement,78,3,,,,,,2.144353,48.801239
2022-1298732,2022-05-11,000001,Vente,485020,5,,RUE CHAMP LAGARDE,0490,78000,78646,Versailles,78,,,78646000BP0207,,,97,,,,,,,,,,1,3,Dépendance,,0,,,,,,2.144353,48.801239
2022-1298732,2022-05-11,000001,Vente,485020,5,,RUE CHAMP LAGARDE,0490,78000,78646,Versailles,78,,,78646000BP0207,,,46,,9,,,,,,,,2,3,Dépendance,,0,,,,,,2.144353,48.801239
2022-1298734,2022-05-03,000001,Vente,1225550,1,,AV DU GENERAL MANGIN,1165,78000,78646,Versailles,78,,,78646000AL0068,,,71,,,,,,,,,,1,3,Dépendance,,0,,,,,,2.136485,48.813954
2022-1298734,2022-05-03,000001,Vente,1225550,1,,AV DU GENERAL MANGIN,1165,78000,78646,Versailles,78,,,78646000AL0068,,,70,,,,,,,,,,1,3,Dépendance,,0,,,,,,2.136485,48.813954
2022-1298734,2022-05-03,000001,Vente,1225550,1,,AV DU GENERAL MANGIN,1165,78000,78646,Versailles,78,,,78646000AL0068,,,27,,43,,88,,,,,,3,2,Appartement,138,5,,,,,,2.136485,48.813954
2022-1298734,2022-05-03,000001,Vente,1225550,1,,AV DU GENERAL MANGIN,1165,78000,78646,Versailles,78,,,78646000AL0068,,,27,,43,,88,,,,,,3,3,Dépendance,,0,,,,,,2.136485,48.813954
2022-1298734,2022-05-03,000001,Vente,1225550,1,,AV DU GENERAL MANGIN,1165,78000,78646,Versailles,78,,,78646000AL0068,,,27,,43,,88,,,,,,3,3,Dépendance,,0,,,,,,2.136485,48.813954
2022-1298741,2022-04-29,000001,Vente,430000,10,,RUE BAILLY,0280,78000,78646,Versailles,78,,,78646000AH0040,,,2,,3,54.06,,,,,,,2,2,Appartement,52,3,,,,,,2.122747,48.800982
2022-1298751,2022-05-10,000001,Vente,293020,59,,AV DES ETATS UNIS,0990,78000,78646,Versailles,78,,,78646000AS0054,,,95,57.84,,,,,,,,,1,2,Appartement,57,3,,,,,,2.152632,48.814149
2022-1298751,2022-05-10,000001,Vente,293020,59,,AV DES ETATS UNIS,0990,78000,78646,Versailles,78,,,78646000AS0054,,,236,,,,,,,,,,1,3,Dépendance,,0,,,,,,2.152632,48.814149
2022-1298759,2022-04-20,000001,Vente,1,3,,RUE SAINTE VICTOIRE,2920,78000,78646,Versailles,78,,,78646000AD0073,,,,,,,,,,,,,0,3,Dépendance,,0,S,sols,,,902,2.131074,48.809699
2022-1298759,2022-04-20,000001,Vente,1,3,,RUE SAINTE VICTOIRE,2920,78000,78646,Versailles,78,,,78646000AD0073,,,11,,,,,,,,,,1,3,Dépendance,,0,,,,,,2.131074,48.809699
2022-1298759,2022-04-20,000001,Vente,1,3,,RUE SAINTE VICTOIRE,2920,78000,78646,Versailles,78,,,78646000AD0073,,,11,,14,,,,,,,,2,3,Dépendance,,0,,,,,,2.131074,48.809699
2022-1298759,2022-04-20,000001,Vente,1,3,,RUE SAINTE VICTOIRE,2920,78000,78646,Versailles,78,,,78646000AD0073,,,11,,14,,,,,,,,2,3,Dépendance,,0,,,,,,2.131074,48.809699
2022-1298759,2022-04-20,000001,Vente,1,3,,RUE SAINTE VICTOIRE,2920,78000,78646,Versailles,78,,,78646000AD0073,,,9,,,,,,,,,,1,3,Dépendance,,0,,,,,,2.131074,48.809699
2022-1298759,2022-04-20,000001,Vente,1,3,,RUE SAINTE VICTOIRE,2920,78000,78646,Versailles,78,,,78646000AD0073,,,8,,,,,,,,,,1,3,Dépendance,,0,,,,,,2.131074,48.809699
2022-1298759,2022-04-20,000001,Vente,1,3,,RUE SAINTE VICTOIRE,2920,78000,78646,Versailles,78,,,78646000AD0073,,,8,,,,,,,,,,1,3,Dépendance,,0,,,,,,2.131074,48.809699
2022-1298759,2022-04-20,000001,Vente,1,3,,RUE SAINTE VICTOIRE,2920,78000,78646,Versailles,78,,,78646000AD0073,,,12,,,,,,,,,,1,3,Dépendance,,0,,,,,,2.131074,48.809699
2022-1298759,2022-04-20,000001,Vente,1,3,,RUE SAINTE VICTOIRE,2920,78000,78646,Versailles,78,,,78646000AD0073,,,12,,,,,,,,,,1,3,Dépendance,,0,,,,,,2.131074,48.809699
2022-1298759,2022-04-20,000001,Vente,1,3,,RUE SAINTE VICTOIRE,2920,78000,78646,Versailles,78,,,78646000AD0073,,,9,,,,,,,,,,1,3,Dépendance,,0,,,,,,2.131074,48.809699
2022-1298759,2022-04-20,000001,Vente,1,3,,RUE SAINTE VICTOIRE,2920,78000,78646,Versailles,78,,,78646000AD0073,,,25,,27,,28,,,,,,3,3,Dépendance,,0,,,,,,2.131074,48.809699
2022-1298759,2022-04-20,000001,Vente,1,3,,RUE SAINTE VICTOIRE,2920,78000,78646,Versailles,78,,,78646000AD0073,,,18,,,,,,,,,,1,3,Dépendance,,0,,,,,,2.131074,48.809699
2022-1298759,2022-04-20,000001,Vente,1,3,,RUE SAINTE VICTOIRE,2920,78000,78646,Versailles,78,,,78646000AD0073,,,13,,21,,23,,24,,29,,5,3,Dépendance,,0,,,,,,2.131074,48.809699
2022-1298759,2022-04-20,000001,Vente,1,3,,RUE SAINTE VICTOIRE,2920,78000,78646,Versailles,78,,,78646000AD0073,,,25,,27,,28,,,,,,3,3,Dépendance,,0,,,,,,2.131074,48.809699
2022-1298759,2022-04-20,000001,Vente,1,3,,RUE SAINTE VICTOIRE,2920,78000,78646,Versailles,78,,,78646000AD0073,,,17,,20,,30,,,,,,3,3,Dépendance,,0,,,,,,2.131074,48.809699
2022-1298759,2022-04-20,000001,Vente,1,3,,RUE SAINTE VICTOIRE,2920,78000,78646,Versailles,78,,,78646000AD0073,,,9,,,,,,,,,,1,2,Appartement,95,4,,,,,,2.131074,48.809699
2022-1298759,2022-04-20,000001,Vente,1,3,,RUE SAINTE VICTOIRE,2920,78000,78646,Versailles,78,,,78646000AD0073,,,10,,15,,,,,,,,2,2,Appartement,160,5,,,,,,2.131074,48.809699
2022-1298759,2022-04-20,000001,Vente,1,3,,RUE SAINTE VICTOIRE,2920,78000,78646,Versailles,78,,,78646000AD0073,,,19,,,,,,,,,,1,3,Dépendance,,0,,,,,,2.131074,48.809699
2022-1298759,2022-04-20,000001,Vente,1,3,,RUE SAINTE VICTOIRE,2920,78000,78646,Versailles,78,,,78646000AD0073,,,8,,,,,,,,,,1,3,Dépendance,,0,,,,,,2.131074,48.809699
2022-1298759,2022-04-20,000001,Vente,1,3,,RUE SAINTE VICTOIRE,2920,78000,78646,Versailles,78,,,78646000AD0073,,,,,,,,,,,,,0,3,Dépendance,,0,S,sols,,,902,2.131074,48.809699
2022-1298759,2022-04-20,000001,Vente,1,3,,RUE SAINTE VICTOIRE,2920,78000,78646,Versailles,78,,,78646000AD0073,,,4,,,,,,,,,,1,3,Dépendance,,0,,,,,,2.131074,48.809699
2022-1298759,2022-04-20,000001,Vente,1,3,,RUE SAINTE VICTOIRE,2920,78000,78646,Versailles,78,,,78646000AD0073,,,4,,,,,,,,,,1,3,Dépendance,,0,,,,,,2.131074,48.809699
2022-1298759,2022-04-20,000001,Vente,1,3,,RUE SAINTE VICTOIRE,2920,78000,78646,Versailles,78,,,78646000AD0073,,,6,,,,,,,,,,1,3,Dépendance,,0,,,,,,2.131074,48.809699
2022-1298759,2022-04-20,000001,Vente,1,3,,RUE SAINTE VICTOIRE,2920,78000,78646,Versailles,78,,,78646000AD0073,,,4,,,,,,,,,,1,3,Dépendance,,0,,,,,,2.131074,48.809699
2022-1298759,2022-04-20,000001,Vente,1,3,,RUE SAINTE VICTOIRE,2920,78000,78646,Versailles,78,,,78646000AD0073,,,17,,20,,30,,,,,,3,3,Dépendance,,0,,,,,,2.131074,48.809699
2022-1298759,2022-04-20,000001,Vente,1,3,,RUE SAINTE VICTOIRE,2920,78000,78646,Versailles,78,,,78646000AD0073,,,4,,,,,,,,,,1,3,Dépendance,,0,,,,,,2.131074,48.809699
2022-1298759,2022-04-20,000001,Vente,1,3,,RUE SAINTE VICTOIRE,2920,78000,78646,Versailles,78,,,78646000AD0073,,,6,,,,,,,,,,1,3,Dépendance,,0,,,,,,2.131074,48.809699
2022-1298759,2022-04-20,000001,Vente,1,3,,RUE SAINTE VICTOIRE,2920,78000,78646,Versailles,78,,,78646000AD0073,,,22,,,,,,,,,,1,3,Dépendance,,0,,,,,,2.131074,48.809699
2022-1298759,2022-04-20,000001,Vente,1,3,,RUE SAINTE VICTOIRE,2920,78000,78646,Versailles,78,,,78646000AD0073,,,6,,,,,,,,,,1,3,Dépendance,,0,,,,,,2.131074,48.809699
2022-1298759,2022-04-20,000001,Vente,1,3,,RUE SAINTE VICTOIRE,2920,78000,78646,Versailles,78,,,78646000AD0073,,,26,,,,,,,,,,1,3,Dépendance,,0,,,,,,2.131074,48.809699
2022-1298759,2022-04-20,000001,Vente,1,3,,RUE SAINTE VICTOIRE,2920,78000,78646,Versailles,78,,,78646000AD0073,,,10,,15,,,,,,,,2,3,Dépendance,,0,,,,,,2.131074,48.809699
2022-1298759,2022-04-20,000001,Vente,1,3,,RUE SAINTE VICTOIRE,2920,78000,78646,Versailles,78,,,78646000AD0073,,,10,,15,,,,,,,,2,3,Dépendance,,0,,,,,,2.131074,48.809699
2022-1298759,2022-04-20,000001,Vente,1,3,,RUE SAINTE VICTOIRE,2920,78000,78646,Versailles,78,,,78646000AD0073,,,8,,,,,,,,,,1,2,Appartement,180,8,,,,,,2.131074,48.809699
2022-1298759,2022-04-20,000001,Vente,1,3,,RUE SAINTE VICTOIRE,2920,78000,78646,Versailles,78,,,78646000AD0073,,,17,,20,,30,,,,,,3,2,Appartement,135,5,,,,,,2.131074,48.809699
2022-1298759,2022-04-20,000001,Vente,1,3,,RUE SAINTE VICTOIRE,2920,78000,78646,Versailles,78,,,78646000AD0073,,,13,,21,,23,,24,,29,,5,2,Appartement,170,6,,,,,,2.131074,48.809699
2022-1298759,2022-04-20,000001,Vente,1,3,,RUE SAINTE VICTOIRE,2920,78000,78646,Versailles,78,,,78646000AD0073,,,25,,27,,28,,,,,,3,2,Appartement,170,6,,,,,,2.131074,48.809699
2022-1298759,2022-04-20,000001,Vente,1,3,,RUE SAINTE VICTOIRE,2920,78000,78646,Versailles,78,,,78646000AD0073,,,4,,,,,,,,,,1,2,Appartement,180,6,,,,,,2.131074,48.809699
2022-1298759,2022-04-20,000001,Vente,1,3,,RUE SAINTE VICTOIRE,2920,78000,78646,Versailles,78,,,78646000AD0073,,,11,,14,,,,,,,,2,2,Appartement,175,8,,,,,,2.131074,48.809699
2022-1298759,2022-04-20,000001,Vente,1,3,,RUE SAINTE VICTOIRE,2920,78000,78646,Versailles,78,,,78646000AD0073,,,6,,,,,,,,,,1,2,Appartement,185,6,,,,,,2.131074,48.809699
2022-1298759,2022-04-20,000001,Vente,1,3,,RUE SAINTE VICTOIRE,2920,78000,78646,Versailles,78,,,78646000AD0073,,,16,,,,,,,,,,1,2,Appartement,30,1,,,,,,2.131074,48.809699
2022-1298759,2022-04-20,000001,Vente,1,3,,RUE SAINTE VICTOIRE,2920,78000,78646,Versailles,78,,,78646000AD0073,,,12,,,,,,,,,,1,2,Appartement,140,5,,,,,,2.131074,48.809699
2022-1298765,2022-05-13,000001,Vente,419525,7,,AV DE SCEAUX,2980,78000,78646,Versailles,78,,,78646000AH0181,,,57,45.38,,,,,,,,,1,2,Appartement,52,1,,,,,,2.127589,48.800585
2022-1298769,2022-05-06,000001,Vente,614200,4,,RUE JEAN MERMOZ,1460,78000,78646,Versailles,78,,,78646000BN0167,,,122,,619,,,,,,,,2,3,Dépendance,,0,,,,,,2.142752,48.797871
2022-1298769,2022-05-06,000001,Vente,614200,4,,RUE JEAN MERMOZ,1460,78000,78646,Versailles,78,,,78646000BN0167,,,122,,619,,,,,,,,2,2,Appartement,92,4,,,,,,2.142752,48.797871
2022-1298769,2022-05-06,000001,Vente,614200,2,,RUE JEAN MERMOZ,1460,78000,78646,Versailles,78,,,78646000BN0167,,,586,,,,,,,,,,1,3,Dépendance,,0,,,,,,2.142752,48.797871
2022-1298780,2022-05-04,000001,Vente en l'état futur d'achèvement,366600,104,,AV DE PARIS,2180,78000,78646,Versailles,78,,,78646000BK0019,,,107,,,,,,,,,,1,3,Dépendance,,0,,,,,,2.150393,48.797197
2022-1298780,2022-05-04,000001,Vente en l'état futur d'achèvement,366600,104,,AV DE PARIS,2180,78000,78646,Versailles,78,,,78646000BK0019,,,27,,,,,,,,,,1,2,Appartement,62,3,,,,,,2.150393,48.797197
2022-1298783,2022-05-02,000001,Vente,575962,8,T,RUE PIERRE CURIE,2300,78000,78646,Versailles,78,,,78646000BD0104,,,,,,,,,,,,,0,,,,,AB,terrains a bâtir,,,548,2.156155,48.796114
2022-1298789,2022-05-12,000001,Vente,1475300,28,,RUE AUGUSTA HOLMES,0240,78000,78646,Versailles,78,,,78646000BI0273,,,,,,,,,,,,,0,1,Maison,176,6,S,sols,,,539,2.153892,48.790702
2022-1298789,2022-05-12,000001,Vente,1475300,28,,RUE AUGUSTA HOLMES,0240,78000,78646,Versailles,78,,,78646000BI0273,,,,,,,,,,,,,0,3,Dépendance,,0,S,sols,,,539,2.153892,48.790702
2022-1298790,2022-05-13,000001,Vente,174960,20,,RUE DE PROVENCE,2460,78000,78646,Versailles,78,,,78646000AX0442,,,400,,418,39.66,,,,,,,2,2,Appartement,39,1,,,,,,2.140987,48.807165
2022-1298790,2022-05-13,000001,Vente,174960,20,,RUE DE PROVENCE,2460,78000,78646,Versailles,78,,,78646000AX0442,,,400,,418,39.66,,,,,,,2,3,Dépendance,,0,,,,,,2.140987,48.807165
2022-1298790,2022-05-13,000001,Vente,174960,20,,RUE DE PROVENCE,2460,78000,78646,Versailles,78,,,78646000AX0442,,,121,,,,,,,,,,1,3,Dépendance,,0,,,,,,2.140987,48.807165
2022-1298791,2022-04-26,000001,Vente,850000,6,,RUE EXELMANS,1020,78000,78646,Versailles,78,,,78646000AC0318,,,67,,,,,,,,,,1,3,Dépendance,,0,,,,,,2.125702,48.812918
2022-1298791,2022-04-26,000001,Vente,850000,6,,RUE EXELMANS,1020,78000,78646,Versailles,78,,,78646000AC0318,,,27,,3,,,,,,,,2,2,Appartement,116,5,,,,,,2.125702,48.812918
2022-1298791,2022-04-26,000001,Vente,850000,6,,RUE EXELMANS,1020,78000,78646,Versailles,78,,,78646000AC0318,,,27,,3,,,,,,,,2,3,Dépendance,,0,,,,,,2.125702,48.812918
2022-1298791,2022-04-26,000001,Vente,850000,6,,RUE EXELMANS,1020,78000,78646,Versailles,78,,,78646000AC0318,,,62,,,,,,,,,,1,3,Dépendance,,0,,,,,,2.125702,48.812918
2022-1298792,2022-05-13,000001,Vente,391000,58,,AV DE SAINT CLOUD,2730,78000,78646,Versailles,78,,,78646000BP0063,,,12,,,,,,,,,,1,3,Dépendance,,0,,,,,,2.139456,48.805092
2022-1298792,2022-05-13,000001,Vente,391000,58,,AV DE SAINT CLOUD,2730,78000,78646,Versailles,78,,,78646000BP0063,,,20,,7,49.03,9,,,,,,3,2,Appartement,55,3,,,,,,2.139456,48.805092
2022-1298792,2022-05-13,000001,Vente,391000,58,,AV DE SAINT CLOUD,2730,78000,78646,Versailles,78,,,78646000BP0063,,,20,,7,49.03,9,,,,,,3,3,Dépendance,,0,,,,,,2.139456,48.805092
2022-1298797,2022-04-21,000001,Vente,855750,147,,BD DE LA REINE,2520,78000,78646,Versailles,78,,,78646000AR0127,,,8,,,,,,,,,,1,2,Appartement,88,4,,,,,,2.143183,48.808471
2022-1298797,2022-04-21,000001,Vente,855750,147,,BD DE LA REINE,2520,78000,78646,Versailles,78,,,78646000AR0127,,,8,,,,,,,,,,1,3,Dépendance,,0,,,,,,2.143183,48.808471
2022-1298797,2022-04-21,000001,Vente,855750,147,,BD DE LA REINE,2520,78000,78646,Versailles,78,,,78646000AR0127,,,28,,,,,,,,,,1,3,Dépendance,,0,,,,,,2.143183,48.808471
2022-1298797,2022-04-21,000001,Vente,855750,147,,BD DE LA REINE,2520,78000,78646,Versailles,78,,,78646000AR0127,,,27,,,,,,,,,,1,3,Dépendance,,0,,,,,,2.143183,48.808471
2022-1298822,2022-05-05,000001,Vente,288000,19,,AV DE SAINT CLOUD,2730,78000,78646,Versailles,78,,,78646000AE0300,,,106,31.5,114,,,,,,,,2,3,Dépendance,,0,,,,,,2.12962,48.805301
2022-1298822,2022-05-05,000001,Vente,288000,19,,AV DE SAINT CLOUD,2730,78000,78646,Versailles,78,,,78646000AE0300,,,106,31.5,114,,,,,,,,2,2,Appartement,33,1,,,,,,2.12962,48.805301
2022-1298823,2022-05-11,000001,Vente,315000,7,,RUE RICHAUD,2610,78000,78646,Versailles,78,,,78646000AI0313,,,250,,,,,,,,,,1,3,Dépendance,,0,,,,,,2.135209,48.807376
2022-1298823,2022-05-11,000001,Vente,315000,7,,RUE RICHAUD,2610,78000,78646,Versailles,78,,,78646000AI0313,,,80,32.31,,,,,,,,,1,2,Appartement,32,1,,,,,,2.135209,48.807376
2022-1298827,2022-05-13,000001,Vente,315000,16,,RUE BENJAMIN FRANKLIN,0340,78000,78646,Versailles,78,,,78646000BR0190,,,165,,240,,,,,,,,2,4,Local industriel. commercial ou assimilé,58,0,,,,,,2.135581,48.798108
2022-1298828,2022-05-16,000001,Vente,285000,4,,RUE DU JEU DE PAUME,1490,78000,78646,Versailles,78,,,78646000AH0099,,,6,37.82,,,,,,,,,1,2,Appartement,10,1,,,,,,2.123529,48.800873
2022-1298828,2022-05-16,000001,Vente,285000,4,,RUE DU JEU DE PAUME,1490,78000,78646,Versailles,78,,,78646000AH0099,,,7,37.82,,,,,,,,,1,2,Appartement,26,2,,,,,,2.123529,48.800873
2022-1298846,2022-05-06,000001,Vente,800000,16,,RUE DES CELESTINS,0470,78000,78646,Versailles,78,,,78646000BK0126,,,26,,,,,,,,,,1,3,Dépendance,,0,,,,,,2.153494,48.794345
2022-1298846,2022-05-06,000001,Vente,800000,14,,RUE DES CELESTINS,0470,78000,78646,Versailles,78,,,78646000BK0127,,,,,,,,,,,,,0,3,Dépendance,,0,S,sols,,,151,2.153474,48.794439
2022-1298846,2022-05-06,000001,Vente,800000,14,,RUE DES CELESTINS,0470,78000,78646,Versailles,78,,,78646000BK0127,,,,,,,,,,,,,0,1,Maison,65,3,S,sols,,,151,2.153474,48.794439
2022-1298872,2022-05-10,000001,Vente,20000,19,B,RUE DU PONT COLBERT,2370,78000,78646,Versailles,78,,,78646000BI0284,,,95,,,,,,,,,,1,3,Dépendance,,0,,,,,,2.151506,48.789725
2022-1298882,2022-05-09,000001,Vente,445000,98,,AV DE PARIS,2180,78000,78646,Versailles,78,,,78646000BK0001,,,278,,,,,,,,,,1,3,Dépendance,,0,,,,,,2.149414,48.797242
2022-1298882,2022-05-09,000001,Vente,445000,98,,AV DE PARIS,2180,78000,78646,Versailles,78,,,78646000BK0001,,,524,,,,,,,,,,1,3,Dépendance,,0,,,,,,2.149414,48.797242
2022-1298882,2022-05-09,000001,Vente,445000,98,,AV DE PARIS,2180,78000,78646,Versailles,78,,,78646000BK0001,,,133,69.34,,,,,,,,,1,2,Appartement,70,3,,,,,,2.149414,48.797242
2022-1298885,2022-04-22,000001,Vente,200,37,,RUE YVES LE COZ,3210,78000,78646,Versailles,78,,,78646000BE0240,,,3,,,,,,,,,,1,3,Dépendance,,0,,,,,,2.160351,48.797386
2022-1298885,2022-04-22,000001,Vente,200,37,,RUE YVES LE COZ,3210,78000,78646,Versailles,78,,,78646000BE0240,,,4,,,,,,,,,,1,3,Dépendance,,0,,,,,,2.160351,48.797386
2022-1298888,2022-05-02,000001,Vente,1280000,2,,RUE DU VAUTRAIT,3120,78000,78646,Versailles,78,,,78646000BR0180,,,,,,,,,,,,,0,4,Local industriel. commercial ou assimilé,234,0,S,sols,,,339,2.131493,48.799889
2022-1298907,2022-05-19,000001,Vente,612470,56,,BD DE LA REPUBLIQUE,2570,78000,78646,Versailles,78,,,78646000AX0481,,,15,95.74,28,,,,,,,,2,2,Appartement,98,4,,,,,,2.151437,48.805166
2022-1298907,2022-05-19,000001,Vente,612470,56,,BD DE LA REPUBLIQUE,2570,78000,78646,Versailles,78,,,78646000AX0481,,,80,,,,,,,,,,1,3,Dépendance,,0,,,,,,2.151437,48.805166
2022-1298907,2022-05-19,000001,Vente,612470,56,,BD DE LA REPUBLIQUE,2570,78000,78646,Versailles,78,,,78646000AX0481,,,15,95.74,28,,,,,,,,2,3,Dépendance,,0,,,,,,2.151437,48.805166
2022-1298926,2022-04-19,000001,Vente,1360000,9,,PL ALEXANDRE 1E LOUIS BARTHOU,0100,78000,78646,Versailles,78,,,78646000AX0489,,,166,,,,,,,,,,1,3,Dépendance,,0,,,,,,2.140761,48.806449
2022-1298926,2022-04-19,000001,Vente,1360000,9,,PL ALEXANDRE 1E LOUIS BARTHOU,0100,78000,78646,Versailles,78,,,78646000AX0489,,,157,,267,155.42,,,,,,,2,2,Appartement,158,5,,,,,,2.140761,48.806449
2022-1298926,2022-04-19,000001,Vente,1360000,9,,PL ALEXANDRE 1E LOUIS BARTHOU,0100,78000,78646,Versailles,78,,,78646000AX0489,,,157,,267,155.42,,,,,,,2,3,Dépendance,,0,,,,,,2.140761,48.806449
2022-1298931,2022-05-16,000001,Vente,89000,4,,RUE MONTBAURON,1970,78000,78646,Versailles,78,,,78646000BP0231,,,2,12.67,,,,,,,,,1,2,Appartement,13,1,,,,,,2.134931,48.802987
2022-1298944,2022-05-16,000001,Vente,30000,1,,AV DU GENERAL MANGIN,1165,78000,78646,Versailles,78,,,78646000AL0068,,,48,,,,,,,,,,1,3,Dépendance,,0,,,,,,2.136485,48.813954
2022-1298955,2022-05-13,000001,Vente,215000,36,B,RUE DE MONTREUIL,2000,78000,78646,Versailles,78,,,78646000AX0309,,,11,,6,,,,,,,,2,3,Dépendance,,0,,,,,,2.145638,48.804501
2022-1298955,2022-05-13,000001,Vente,215000,36,B,RUE DE MONTREUIL,2000,78000,78646,Versailles,78,,,78646000AX0309,,,11,,6,,,,,,,,2,2,Appartement,28,1,,,,,,2.145638,48.804501
2022-1298964,2022-05-17,000001,Vente,367000,27,,RUE SAINT MEDERIC,2840,78000,78646,Versailles,78,,,78646000BW0130,,,12,,72,,,,,,,,2,3,Dépendance,,0,,,,,,2.12632,48.793557
2022-1298964,2022-05-17,000001,Vente,367000,27,,RUE SAINT MEDERIC,2840,78000,78646,Versailles,78,,,78646000BW0130,,,12,,72,,,,,,,,2,2,Appartement,49,3,,,,,,2.12632,48.793557
2022-1298967,2022-05-16,000001,Vente,1652200,20,,BD DE LA REPUBLIQUE,2570,78000,78646,Versailles,78,,,78646000AX0114,,,,,,,,,,,,,0,1,Maison,180,9,S,sols,,,184,2.148085,48.806615
2022-1298974,2022-05-10,000001,Vente,471453,2,,RUE ALBERT JOLY,0050,78000,78646,Versailles,78,,,78646000AK0155,,,12,72.96,23,,,,,,,,2,3,Dépendance,,0,,,,,,2.134916,48.810644
2022-1298974,2022-05-10,000001,Vente,471453,2,,RUE ALBERT JOLY,0050,78000,78646,Versailles,78,,,78646000AK0155,,,12,72.96,23,,,,,,,,2,2,Appartement,75,3,,,,,,2.134916,48.810644
2022-1299006,2022-05-13,000001,Vente,170000,7,,BD DU ROI,2641,78000,78646,Versailles,78,,,78646000AC0182,,,91,25.07,,,,,,,,,1,2,Appartement,28,1,,,,,,2.125363,48.810421
2022-1299017,2022-05-09,000001,Vente,560000,1,,RUE DE LA CATHEDRALE,0450,78000,78646,Versailles,78,,,78646000BV0058,,,16,,9,70.05,,,,,,,2,3,Dépendance,,0,,,,,,2.125178,48.799222
2022-1299017,2022-05-09,000001,Vente,560000,1,,RUE DE LA CATHEDRALE,0450,78000,78646,Versailles,78,,,78646000BV0058,,,16,,9,70.05,,,,,,,2,2,Appartement,60,4,,,,,,2.125178,48.799222
2022-1299066,2022-05-02,000001,Vente,315000,24,,RUE DE VERGENNES,3150,78000,78646,Versailles,78,,,78646000BS0038,,,17,72.51,,,,,,,,,1,2,Appartement,70,3,,,,,,2.137082,48.7979
2022-1299066,2022-05-02,000001,Vente,315000,24,,RUE DE VERGENNES,3150,78000,78646,Versailles,78,,,78646000BS0038,,,17,72.51,,,,,,,,,1,3,Dépendance,,0,,,,,,2.137082,48.7979
2022-1299088,2022-05-13,000001,Vente,270000,41,,BD DU ROI,2641,78000,78646,Versailles,78,,,78646000AC0107,,,2,43.84,,,,,,,,,1,2,Appartement,34,2,,,,,,2.12804,48.814598
2022-1299088,2022-05-13,000001,Vente,270000,41,,BD DU ROI,2641,78000,78646,Versailles,78,,,78646000AC0107,,,2,43.84,,,,,,,,,1,3,Dépendance,,0,,,,,,2.12804,48.814598
2022-1299106,2022-04-27,000001,Vente,490000,44,,RUE SAINT CHARLES,2710,78000,78646,Versailles,78,,,78646000AY0019,,,115,,,,,,,,,,1,3,Dépendance,,0,,,,,,2.147972,48.803805
2022-1299106,2022-04-27,000001,Vente,490000,44,,RUE SAINT CHARLES,2710,78000,78646,Versailles,78,,,78646000AY0019,,,101,,53,58.46,,,,,,,2,2,Appartement,60,3,,,,,,2.147972,48.803805
2022-1299106,2022-04-27,000001,Vente,490000,44,,RUE SAINT CHARLES,2710,78000,78646,Versailles,78,,,78646000AY0019,,,101,,53,58.46,,,,,,,2,3,Dépendance,,0,,,,,,2.147972,48.803805
2022-1299108,2022-05-11,000001,Vente,359000,59,,AV DES ETATS UNIS,0990,78000,78646,Versailles,78,,,78646000AS0054,,,129,68.67,,,,,,,,,1,2,Appartement,67,4,,,,,,2.152632,48.814149
2022-1299108,2022-05-11,000001,Vente,359000,59,,AV DES ETATS UNIS,0990,78000,78646,Versailles,78,,,78646000AS0054,,,270,,,,,,,,,,1,3,Dépendance,,0,,,,,,2.152632,48.814149
2022-1299118,2022-05-16,000001,Vente,918000,18,,RUE DE L ORANGERIE,2110,78000,78646,Versailles,78,,,78646000BV0016,,,262,22.9,,,,,,,,,1,2,Appartement,22,1,,,,,,2.121671,48.800025
2022-1299118,2022-05-16,000001,Vente,918000,7,,RUE HARDY,1290,78000,78646,Versailles,78,,,78646000BV0194,,,2,73.03,,,,,,,,,1,1,Maison,56,3,,,,,,2.121271,48.800003
2022-1299146,2022-05-11,000001,Vente,155000,127,,RUE YVES LE COZ,3210,78000,78646,Versailles,78,,,78646000BI0342,,,1,24.23,,,,,,,,,1,4,Local industriel. commercial ou assimilé,28,0,,,,,,2.153749,48.793553
2022-1299161,2022-04-28,000001,Vente,421260,44,,RUE SAINT CHARLES,2710,78000,78646,Versailles,78,,,78646000AY0019,,,4,120,58,,,,,,,,2,2,Appartement,63,3,,,,,,2.147972,48.803805
2022-1299161,2022-04-28,000001,Vente,421260,44,,RUE SAINT CHARLES,2710,78000,78646,Versailles,78,,,78646000AY0019,,,4,120,58,,,,,,,,2,3,Dépendance,,0,,,,,,2.147972,48.803805
2022-1299161,2022-04-28,000001,Vente,421260,44,,RUE SAINT CHARLES,2710,78000,78646,Versailles,78,,,78646000AY0019,,,108,,,,,,,,,,1,3,Dépendance,,0,,,,,,2.147972,48.803805
2022-1299209,2022-04-22,000001,Vente,440000,36,,RUE DE L ERMITAGE,0940,78000,78646,Versailles,78,,,78646000AB0031,,,218,82.35,230,,,,,,,,2,3,Dépendance,,0,,,,,,2.121628,48.817201
2022-1299209,2022-04-22,000001,Vente,440000,36,,RUE DE L ERMITAGE,0940,78000,78646,Versailles,78,,,78646000AB0031,,,218,82.35,230,,,,,,,,2,2,Appartement,84,5,,,,,,2.121628,48.817201
2022-1299209,2022-04-22,000001,Vente,440000,36,,RUE DE L ERMITAGE,0940,78000,78646,Versailles,78,,,78646000AB0031,,,256,,,,,,,,,,1,3,Dépendance,,0,,,,,,2.121628,48.817201
2022-1299226,2022-05-18,000001,Vente,240000,36,,RUE DES CHANTIERS,0530,78000,78646,Versailles,78,,,78646000BM0043,,,68,48,78,,81,,,,,,3,3,Dépendance,,0,,,,,,2.139618,48.795007
2022-1299226,2022-05-18,000001,Vente,240000,36,,RUE DES CHANTIERS,0530,78000,78646,Versailles,78,,,78646000BM0043,,,68,48,78,,81,,,,,,3,2,Appartement,45,3,,,,,,2.139618,48.795007
2022-1299226,2022-05-18,000001,Vente,240000,36,,RUE DES CHANTIERS,0530,78000,78646,Versailles,78,,,78646000BM0043,,,68,48,78,,81,,,,,,3,3,Dépendance,,0,,,,,,2.139618,48.795007
2022-1299237,2022-05-23,000001,Vente,30000,19,,AV DES ARTS,0220,78000,78646,Versailles,78,,,78646000AM0093,,,6,,,,,,,,,,1,3,Dépendance,,0,,,,,,2.141746,48.822867
2022-1299237,2022-05-23,000001,Vente,30000,19,,AV DES ARTS,0220,78000,78646,Versailles,78,,,78646000AM0093,,,8,,,,,,,,,,1,3,Dépendance,,0,,,,,,2.141746,48.822867
2022-1299239,2022-05-20,000001,Vente,2486000,39,B,AV DE VILLENEUVE L ETANG,3200,78000,78646,Versailles,78,,,78646000AO0043,,,,,,,,,,,,,0,1,Maison,200,9,AG,terrains d'agrément,,,768,2.146606,48.816136
2022-1299239,2022-05-20,000001,Vente,2486000,39,B,AV DE VILLENEUVE L ETANG,3200,78000,78646,Versailles,78,,,78646000AO0043,,,,,,,,,,,,,0,3,Dépendance,,0,AG,terrains d'agrément,,,768,2.146606,48.816136
2022-1299239,2022-05-20,000001,Vente,2486000,39,B,AV DE VILLENEUVE L ETANG,3200,78000,78646,Versailles,78,,,78646000AO0043,,,,,,,,,,,,,0,1,Maison,200,9,S,sols,,,187,2.146606,48.816136
2022-1299239,2022-05-20,000001,Vente,2486000,39,B,AV DE VILLENEUVE L ETANG,3200,78000,78646,Versailles,78,,,78646000AO0043,,,,,,,,,,,,,0,3,Dépendance,,0,S,sols,,,187,2.146606,48.816136
2022-1299251,2022-05-13,000001,Vente,285250,94,,AV DE PARIS,2180,78000,78646,Versailles,78,,,78646000BN0051,,,33,39.46,62,,,,,,,,2,3,Dépendance,,0,,,,,,2.148182,48.797645
2022-1299251,2022-05-13,000001,Vente,285250,94,,AV DE PARIS,2180,78000,78646,Versailles,78,,,78646000BN0051,,,33,39.46,62,,,,,,,,2,2,Appartement,42,2,,,,,,2.148182,48.797645
2022-1299261,2022-05-05,000001,Vente,1,34,,AV DE PARIS,2180,78000,78646,Versailles,78,,,78646000BR0060,,,40,,41,,42,,,,,,3,2,Appartement,87,3,,,,,,2.135509,48.79997
2022-1299261,2022-05-05,000001,Vente,1,34,,AV DE PARIS,2180,78000,78646,Versailles,78,,,78646000BR0060,,,37,,,,,,,,,,1,3,Dépendance,,0,,,,,,2.135509,48.79997
2022-1299266,2022-05-05,000001,Vente,340000,63,,AV DU MAL DOUGLAS HAIG,1795,78000,78646,Versailles,78,,,78646000AM0191,,,20,,,,,,,,,,1,3,Dépendance,,0,,,,,,2.14415,48.823322
2022-1299266,2022-05-05,000001,Vente,340000,63,,AV DU MAL DOUGLAS HAIG,1795,78000,78646,Versailles,78,,,78646000AM0191,,,49,,62,68.8,,,,,,,2,2,Appartement,67,3,,,,,,2.14415,48.823322
2022-1299266,2022-05-05,000001,Vente,340000,63,,AV DU MAL DOUGLAS HAIG,1795,78000,78646,Versailles,78,,,78646000AM0191,,,49,,62,68.8,,,,,,,2,3,Dépendance,,0,,,,,,2.14415,48.823322
2022-1299267,2022-05-06,000001,Vente,405000,1,,AV DU GENERAL MANGIN,1165,78000,78646,Versailles,78,,,78646000AL0068,,,51,,,,,,,,,,1,3,Dépendance,,0,,,,,,2.136485,48.813954
2022-1299267,2022-05-06,000001,Vente,405000,1,,AV DU GENERAL MANGIN,1165,78000,78646,Versailles,78,,,78646000AL0068,,,15,63.89,28,,,,,,,,2,3,Dépendance,,0,,,,,,2.136485,48.813954
2022-1299267,2022-05-06,000001,Vente,405000,1,,AV DU GENERAL MANGIN,1165,78000,78646,Versailles,78,,,78646000AL0068,,,15,63.89,28,,,,,,,,2,2,Appartement,69,3,,,,,,2.136485,48.813954
2022-1299271,2022-05-05,000001,Vente,215000,34,,AV DE PARIS,2180,78000,78646,Versailles,78,,,78646000BR0060,,,34,21.75,35,13.6,36,,,,,,3,4,Local industriel. commercial ou assimilé,38,0,,,,,,2.135509,48.79997
2022-1299313,2022-05-18,000001,Vente,245600,37,,RUE DES CHANTIERS,0530,78000,78646,Versailles,78,,,78646000BS0108,,,37,35.71,,,,,,,,,1,2,Appartement,50,2,,,,,,2.138895,48.795904
2022-1299335,2022-05-18,000001,Vente,302275,52,,AV DE VILLENEUVE L ETANG,3200,78000,78646,Versailles,78,,,78646000AO0195,,,1727,,,,,,,,,,1,3,Dépendance,,0,,,,,,2.148734,48.818785
2022-1299335,2022-05-18,000001,Vente,302275,52,,AV DE VILLENEUVE L ETANG,3200,78000,78646,Versailles,78,,,78646000AO0195,,,1615,,,,,,,,,,1,3,Dépendance,,0,,,,,,2.148734,48.818785
2022-1299335,2022-05-18,000001,Vente,302275,52,,AV DE VILLENEUVE L ETANG,3200,78000,78646,Versailles,78,,,78646000AO0195,,,1317,,1769,,,,,,,,2,2,Appartement,43,2,,,,,,2.148734,48.818785
2022-1299348,2022-05-19,000001,Vente,681500,3,,RUE JEAN DE LA BRUYERE,1560,78000,78646,Versailles,78,,,78646000AO0005,,,5,,85,96.82,,,,,,,2,2,Appartement,104,3,,,,,,2.145809,48.814826
2022-1299348,2022-05-19,000001,Vente,681500,3,,RUE JEAN DE LA BRUYERE,1560,78000,78646,Versailles,78,,,78646000AO0005,,,5,,85,96.82,,,,,,,2,3,Dépendance,,0,,,,,,2.145809,48.814826
2022-1299348,2022-05-19,000001,Vente,681500,3,,RUE JEAN DE LA BRUYERE,1560,78000,78646,Versailles,78,,,78646000AO0005,,,51,,,,,,,,,,1,3,Dépendance,,0,,,,,,2.145809,48.814826
2022-1299352,2022-05-13,000001,Vente,120216,88,B,AV DE PARIS,2180,78000,78646,Versailles,78,,,78646000BN0048,,,73,16.52,,,,,,,,,1,3,Dépendance,,0,,,,,,2.146306,48.797577
2022-1299355,2022-05-02,000001,Vente,796000,10,,RUE DE L ERMITAGE,0940,78000,78646,Versailles,78,,,78646000AC0314,,,252,98.58,266,,,,,,,,2,3,Dépendance,,0,,,,,,2.123933,48.814609
2022-1299355,2022-05-02,000001,Vente,796000,10,,RUE DE L ERMITAGE,0940,78000,78646,Versailles,78,,,78646000AC0314,,,48,,,,,,,,,,1,3,Dépendance,,0,,,,,,2.123933,48.814609
2022-1299355,2022-05-02,000001,Vente,796000,10,,RUE DE L ERMITAGE,0940,78000,78646,Versailles,78,,,78646000AC0314,,,252,98.58,266,,,,,,,,2,2,Appartement,98,4,,,,,,2.123933,48.814609
2022-1299413,2022-05-18,000001,Vente,305000,8,,RUE ROYALE,2648,78000,78646,Versailles,78,,,78646000BV0089,,,12,46.52,,,,,,,,,1,2,Appartement,47,3,,,,,,2.126847,48.798339
2022-1299413,2022-05-18,000001,Vente,305000,8,,RUE ROYALE,2648,78000,78646,Versailles,78,,,78646000BV0089,,,12,46.52,,,,,,,,,1,3,Dépendance,,0,,,,,,2.126847,48.798339
2022-1299428,2022-05-24,000001,Vente,833900,33,,RUE ALBERT JOLY,0050,78000,78646,Versailles,78,,,78646000AR0014,,,11,,21,,7,93.17,,,,,3,3,Dépendance,,0,,,,,,2.141223,48.810258
2022-1299428,2022-05-24,000001,Vente,833900,33,,RUE ALBERT JOLY,0050,78000,78646,Versailles,78,,,78646000AR0014,,,11,,21,,7,93.17,,,,,3,2,Appartement,80,4,,,,,,2.141223,48.810258
2022-1299428,2022-05-24,000001,Vente,833900,33,,RUE ALBERT JOLY,0050,78000,78646,Versailles,78,,,78646000AR0014,,,11,,21,,7,93.17,,,,,3,3,Dépendance,,0,,,,,,2.141223,48.810258
2022-1299492,2022-03-25,000001,Vente,715000,7,,RUE SAINT MEDERIC,2840,78000,78646,Versailles,78,,,78646000BT0140,,,63,,70,,75,,,,,,3,2,Appartement,99,4,,,,,,2.127828,48.795581
2022-1299492,2022-03-25,000001,Vente,715000,7,,RUE SAINT MEDERIC,2840,78000,78646,Versailles,78,,,78646000BT0140,,,63,,70,,75,,,,,,3,3,Dépendance,,0,,,,,,2.127828,48.795581
2022-1299510,2022-05-05,000001,Vente,1064200,8,,RUE DES TOURNELLES,3050,78000,78646,Versailles,78,,,78646000BV0119,,,14,,74,,9,,,,,,3,2,Appartement,150,6,,,,,,2.126141,48.798137
2022-1299510,2022-05-05,000001,Vente,1064200,8,,RUE DES TOURNELLES,3050,78000,78646,Versailles,78,,,78646000BV0119,,,63,,,,,,,,,,1,3,Dépendance,,0,,,,,,2.126141,48.798137
2022-1299571,2022-04-29,000001,Vente,163500,1,B,AV DES ETATS UNIS,0990,78000,78646,Versailles,78,,,78646000AX0026,,,14,,15,,,,,,,,2,2,Appartement,22,1,,,,,,2.14177,48.806504
2022-1299577,2022-05-19,000001,Vente,65000,58,,RUE DES CHANTIERS,0530,78000,78646,Versailles,78,,,78646000BL0327,,,409,,,,,,,,,,1,3,Dépendance,,0,,,,,,2.142467,48.792993
2022-1299577,2022-05-19,000001,Vente,65000,58,,RUE DES CHANTIERS,0530,78000,78646,Versailles,78,,,78646000BL0327,,,444,,,,,,,,,,1,3,Dépendance,,0,,,,,,2.142467,48.792993
2022-1299577,2022-05-19,000001,Vente,65000,58,,RUE DES CHANTIERS,0530,78000,78646,Versailles,78,,,78646000BL0327,,,443,,,,,,,,,,1,3,Dépendance,,0,,,,,,2.142467,48.792993
2022-1299588,2022-05-13,000001,Vente,282000,27,,RUE DE L ORANGERIE,2110,78000,78646,Versailles,78,,,78646000AH0118,,,12,,17,,28,,,,,,3,2,Appartement,30,2,,,,,,2.123308,48.800242
2022-1299588,2022-05-13,000001,Vente,282000,27,,RUE DE L ORANGERIE,2110,78000,78646,Versailles,78,,,78646000AH0118,,,12,,17,,28,,,,,,3,3,Dépendance,,0,,,,,,2.123308,48.800242
2022-1299615,2022-05-16,000001,Vente,200000,105,B,RUE YVES LE COZ,3210,78000,78646,Versailles,78,,,78646000BE0009,,,10,28.27,,,,,,,,,1,2,Appartement,28,1,,,,,,2.155259,48.794293
2022-1299629,2022-05-25,000001,Vente,645000,54,,AV DES ETATS UNIS,0990,78000,78646,Versailles,78,,,78646000AW0159,,,15,93.55,9,,,,,,,,2,2,Appartement,90,5,,,,,,2.146486,48.807979
2022-1299629,2022-05-25,000001,Vente,645000,54,,AV DES ETATS UNIS,0990,78000,78646,Versailles,78,,,78646000AW0159,,,15,93.55,9,,,,,,,,2,3,Dépendance,,0,,,,,,2.146486,48.807979
2022-1299634,2022-05-13,000001,Vente,437600,60,,RUE DE LA PAROISSE,2190,78000,78646,Versailles,78,,,78646000AE0236,,,19,,32,62.48,41,,,,,,3,3,Dépendance,,0,,,,,,2.13017,48.806824
2022-1299634,2022-05-13,000001,Vente,437600,60,,RUE DE LA PAROISSE,2190,78000,78646,Versailles,78,,,78646000AE0236,,,19,,32,62.48,41,,,,,,3,2,Appartement,62,3,,,,,,2.13017,48.806824
2022-1299640,2022-05-24,000001,Vente,617500,48,,RUE CHAMP LAGARDE,0490,78000,78646,Versailles,78,,,78646000AY0196,,,102,,50,,,,,,,,2,3,Dépendance,,0,,,,,,2.148301,48.801267
2022-1299640,2022-05-24,000001,Vente,617500,48,,RUE CHAMP LAGARDE,0490,78000,78646,Versailles,78,,,78646000AY0196,,,102,,50,,,,,,,,2,2,Appartement,105,3,,,,,,2.148301,48.801267
2022-1299640,2022-05-24,000001,Vente,617500,48,,RUE CHAMP LAGARDE,0490,78000,78646,Versailles,78,,,78646000AY0196,,,76,,,,,,,,,,1,3,Dépendance,,0,,,,,,2.148301,48.801267
2022-1299740,2022-05-19,000001,Vente en l'état futur d'achèvement,15000,9,,RUE VAUBAN,3110,78000,78646,Versailles,78,,,78646000AY0310,,,1016,,,,,,,,,,1,3,Dépendance,,0,,,,,,2.15313,48.799852
2022-1299745,2022-05-19,000001,Vente en l'état futur d'achèvement,663000,9,,RUE VAUBAN,3110,78000,78646,Versailles,78,,,78646000AY0310,,,116,,,,,,,,,,1,2,Appartement,82,4,,,,,,2.15313,48.799852
2022-1299773,2022-05-17,000001,Vente,138680,35,,RUE HENRI SIMON,1330,78000,78646,Versailles,78,,,78646000AW0219,,,501,,,,,,,,,,1,2,Appartement,20,1,,,,,,2.147909,48.808568
2022-1299777,2022-05-24,000001,Vente,230400,47,,RUE DE MONTREUIL,2000,78000,78646,Versailles,78,,,78646000AX0302,,,10,,7,31.13,,,,,,,2,2,Appartement,30,1,,,,,,2.14541,48.805093
2022-1299779,2022-05-18,000001,Vente,162981,43,,BD DU ROI,2641,78000,78646,Versailles,78,,,78646000AC0104,,,107,,,,,,,,,,1,2,Appartement,20,1,,,,,,2.128119,48.814877
2022-1299784,2022-05-25,000001,Vente,469000,5,,RUE DE L ECOLE DES POSTES,0850,78000,78646,Versailles,78,,,78646000AZ0110,,,3913,,,,,,,,,,1,3,Dépendance,,0,,,,,,2.158672,48.8041
2022-1299784,2022-05-25,000001,Vente,469000,20,,PROM MONA LISA,1965,78000,78646,Versailles,78,,,78646000AZ0110,,,1992,,2010,,,,,,,,2,3,Dépendance,,0,,,,,,2.158672,48.8041
2022-1299784,2022-05-25,000001,Vente,469000,20,,PROM MONA LISA,1965,78000,78646,Versailles,78,,,78646000AZ0110,,,1992,,2010,,,,,,,,2,2,Appartement,102,4,,,,,,2.158672,48.8041
2022-1299785,2022-05-18,000001,Vente,210000,37,,RUE YVES LE COZ,3210,78000,78646,Versailles,78,,,78646000BE0240,,,10,,40,36.15,45,,,,,,3,2,Appartement,37,2,,,,,,2.160351,48.797386
2022-1299785,2022-05-18,000001,Vente,210000,37,,RUE YVES LE COZ,3210,78000,78646,Versailles,78,,,78646000BE0240,,,10,,40,36.15,45,,,,,,3,3,Dépendance,,0,,,,,,2.160351,48.797386
2022-1299810,2022-05-30,000001,Vente,650000,50,,RUE DU MAL FOCH,1810,78000,78646,Versailles,78,,,78646000AK0156,,,112,89.07,124,,,,,,,,2,3,Dépendance,,0,,,,,,2.134814,48.810508
2022-1299810,2022-05-30,000001,Vente,650000,50,,RUE DU MAL FOCH,1810,78000,78646,Versailles,78,,,78646000AK0156,,,112,89.07,124,,,,,,,,2,2,Appartement,95,3,,,,,,2.134814,48.810508
2022-1299812,2022-05-10,000001,Vente,668681,30,,RUE HENRI SIMON,1330,78000,78646,Versailles,78,,,78646000AW0006,,,110,,8,,,,,,,,2,2,Appartement,102,4,,,,,,2.15013,48.808121
2022-1299812,2022-05-10,000001,Vente,668681,30,,RUE HENRI SIMON,1330,78000,78646,Versailles,78,,,78646000AW0006,,,110,,8,,,,,,,,2,3,Dépendance,,0,,,,,,2.15013,48.808121
2022-1299812,2022-05-10,000001,Vente,668681,30,,RUE HENRI SIMON,1330,78000,78646,Versailles,78,,,78646000AW0006,,,965,,966,,,,,,,,2,3,Dépendance,,0,,,,,,2.15013,48.808121
2022-1299813,2022-05-24,000001,Vente,700000,12,,AV DE PORCHEFONTAINE,2380,78000,78646,Versailles,78,,,78646000BK0021,,,1783,,,,,,,,,,1,3,Dépendance,,0,,,,,,2.152071,48.797176
2022-1299813,2022-05-24,000001,Vente,700000,12,,AV DE PORCHEFONTAINE,2380,78000,78646,Versailles,78,,,78646000BK0021,,,741,,754,,,,,,,,2,3,Dépendance,,0,,,,,,2.152071,48.797176
2022-1299813,2022-05-24,000001,Vente,700000,12,,AV DE PORCHEFONTAINE,2380,78000,78646,Versailles,78,,,78646000BK0021,,,741,,754,,,,,,,,2,2,Appartement,121,5,,,,,,2.152071,48.797176
2022-1299835,2022-05-31,000001,Vente,706500,9,,RUE LAFAYETTE,1580,78000,78646,Versailles,78,,,78646000AC0320,,,23,86.17,70,,,,,,,,2,2,Appartement,84,2,,,,,,2.125523,48.812649
2022-1299835,2022-05-31,000001,Vente,706500,9,,RUE LAFAYETTE,1580,78000,78646,Versailles,78,,,78646000AC0320,,,23,86.17,70,,,,,,,,2,3,Dépendance,,0,,,,,,2.125523,48.812649
2022-1299849,2022-05-23,000001,Vente,505000,5,,AV DE SAINT CLOUD,2730,78000,78646,Versailles,78,,,78646000AE0317,,,7,,,,,,,,,,1,2,Appartement,67,4,,,,,,2.128338,48.805267
2022-1299871,2022-05-10,000001,Vente,500000,12,,AV DE PORCHEFONTAINE,2380,78000,78646,Versailles,78,,,78646000BK0021,,,711,,728,,,,,,,,2,3,Dépendance,,0,,,,,,2.152071,48.797176
2022-1299871,2022-05-10,000001,Vente,500000,12,,AV DE PORCHEFONTAINE,2380,78000,78646,Versailles,78,,,78646000BK0021,,,711,,728,,,,,,,,2,2,Appartement,87,3,,,,,,2.152071,48.797176
2022-1299871,2022-05-10,000001,Vente,500000,12,,AV DE PORCHEFONTAINE,2380,78000,78646,Versailles,78,,,78646000BK0021,,,1793,,,,,,,,,,1,3,Dépendance,,0,,,,,,2.152071,48.797176
2022-1299873,2022-05-03,000001,Vente,1221000,52,,RUE ALBERT JOLY,0050,78000,78646,Versailles,78,,,78646000AR0058,,,23,,59,,,,,,,,2,3,Dépendance,,0,,,,,,2.14281,48.809549
2022-1299873,2022-05-03,000001,Vente,1221000,52,,RUE ALBERT JOLY,0050,78000,78646,Versailles,78,,,78646000AR0058,,,23,,59,,,,,,,,2,2,Appartement,150,6,,,,,,2.14281,48.809549
2022-1299880,2022-05-11,000001,Vente,160000,27,,RUE DE SATORY,2950,78000,78646,Versailles,78,,,78646000AH0141,,,57,16.36,,,,,,,,,1,3,Dépendance,,0,,,,,,2.125446,48.799841
2022-1299880,2022-05-11,000001,Vente,160000,27,,RUE DE SATORY,2950,78000,78646,Versailles,78,,,78646000AH0141,,,56,,,,,,,,,,1,3,Dépendance,,0,,,,,,2.125446,48.799841
2022-1299917,2022-06-01,000001,Vente,220000,12,,AV DE PORCHEFONTAINE,2380,78000,78646,Versailles,78,,,78646000BK0021,,,657,,682,,,,,,,,2,3,Dépendance,,0,,,,,,2.152071,48.797176
2022-1299917,2022-06-01,000001,Vente,220000,12,,AV DE PORCHEFONTAINE,2380,78000,78646,Versailles,78,,,78646000BK0021,,,1806,,,,,,,,,,1,3,Dépendance,,0,,,,,,2.152071,48.797176
2022-1299917,2022-06-01,000001,Vente,220000,12,,AV DE PORCHEFONTAINE,2380,78000,78646,Versailles,78,,,78646000BK0021,,,657,,682,,,,,,,,2,2,Appartement,34,1,,,,,,2.152071,48.797176
2022-1299923,2022-05-24,000001,Vente,789700,48,,AV DE SAINT CLOUD,2730,78000,78646,Versailles,78,,,78646000AI0077,,,13,99.02,,,,,,,,,1,2,Appartement,86,4,,,,,,2.135661,48.804847
2022-1299923,2022-05-24,000001,Vente,789700,48,,AV DE SAINT CLOUD,2730,78000,78646,Versailles,78,,,78646000AI0077,,,13,99.02,,,,,,,,,1,3,Dépendance,,0,,,,,,2.135661,48.804847
2022-1299926,2022-06-02,000001,Vente,269000,59,,AV DES ETATS UNIS,0990,78000,78646,Versailles,78,,,78646000AS0054,,,245,,,,,,,,,,1,3,Dépendance,,0,,,,,,2.152632,48.814149
2022-1299926,2022-06-02,000001,Vente,269000,59,,AV DES ETATS UNIS,0990,78000,78646,Versailles,78,,,78646000AS0054,,,104,56.4,,,,,,,,,1,2,Appartement,56,3,,,,,,2.152632,48.814149
2022-1299953,2022-05-12,000001,Vente,155200,5,,RUE DU MARECHAL GALLIENI,1812,78000,78646,Versailles,78,,,78646000AC0216,,,27,,9,18.6,,,,,,,2,3,Dépendance,,0,,,,,,2.123648,48.810352
2022-1299958,2022-05-05,000001,Vente,118000,51,,RUE PORTE DE BUC,2390,78000,78646,Versailles,78,,,78646000BM0014,,,34,,,,,,,,,,1,2,Appartement,20,1,,,,,,2.135472,48.789964
2022-1299991,2022-05-13,000001,Vente,400000,9,,RUE DU PARC DE CLAGNY,2171,78000,78646,Versailles,78,,,78646000AK0183,,,1,,35,,,,,,,,2,3,Dépendance,,0,,,,,,2.139976,48.809983
2022-1299991,2022-05-13,000001,Vente,400000,9,,RUE DU PARC DE CLAGNY,2171,78000,78646,Versailles,78,,,78646000AK0183,,,1,,35,,,,,,,,2,2,Appartement,74,3,,,,,,2.139976,48.809983
2022-1299992,2022-05-23,000001,Vente,359000,36,,RUE DE L ERMITAGE,0940,78000,78646,Versailles,78,,,78646000AB0031,,,327,,,,,,,,,,1,3,Dépendance,,0,,,,,,2.121628,48.817201
2022-1299992,2022-05-23,000001,Vente,359000,36,,RUE DE L ERMITAGE,0940,78000,78646,Versailles,78,,,78646000AB0031,,,215,67.22,224,,,,,,,,2,2,Appartement,68,4,,,,,,2.121628,48.817201
2022-1299992,2022-05-23,000001,Vente,359000,36,,RUE DE L ERMITAGE,0940,78000,78646,Versailles,78,,,78646000AB0031,,,215,67.22,224,,,,,,,,2,3,Dépendance,,0,,,,,,2.121628,48.817201
2022-1299992,2022-05-23,000001,Vente,359000,33,B,BD ST ANTOINE,2690,78000,78646,Versailles,78,,,78646000AB0032,,,74,,,,,,,,,,1,3,Dépendance,,0,,,,,,2.122222,48.817191
2022-1299998,2022-05-18,000001,Vente,422180,44,,RUE SAINT CHARLES,2710,78000,78646,Versailles,78,,,78646000AY0019,,,105,,,,,,,,,,1,3,Dépendance,,0,,,,,,2.147972,48.803805
2022-1299998,2022-05-18,000001,Vente,422180,44,,RUE SAINT CHARLES,2710,78000,78646,Versailles,78,,,78646000AY0019,,,46,,93,,,,,,,,2,2,Appartement,57,3,,,,,,2.147972,48.803805
2022-1299998,2022-05-18,000001,Vente,422180,44,,RUE SAINT CHARLES,2710,78000,78646,Versailles,78,,,78646000AY0019,,,46,,93,,,,,,,,2,3,Dépendance,,0,,,,,,2.147972,48.803805
2022-1300042,2022-06-01,000001,Vente,500870.5,22,,RUE DE SATORY,2950,78000,78646,Versailles,78,,,78646000AH0086,,,25,,9,57.73,,,,,,,2,3,Dépendance,,0,,,,,,2.12472,48.800481
2022-1300042,2022-06-01,000001,Vente,500870.5,22,,RUE DE SATORY,2950,78000,78646,Versailles,78,,,78646000AH0086,,,25,,9,57.73,,,,,,,2,2,Appartement,66,3,,,,,,2.12472,48.800481
2022-1300074,2022-05-17,000001,Vente,181000,53,,RUE D ANJOU,0190,78000,78646,Versailles,78,,,78646000BT0056,,,31,,4,20.24,,,,,,,2,4,Local industriel. commercial ou assimilé,25,0,,,,,,2.127998,48.796684
2022-1300083,2022-05-23,000001,Vente,50000,12,,AV DE PARIS,2180,78000,78646,Versailles,78,,,78646000BR0027,,,25,,,,,,,,,,1,3,Dépendance,,0,,,,,,2.13241,48.800962
2022-1300092,2022-06-01,000001,Vente,295000,82,,AV DES ETATS UNIS,0990,78000,78646,Versailles,78,,,78646000AV0251,,,41,64.06,42,,,,,,,,2,2,Appartement,61,3,,,,,,2.149207,48.809669
2022-1300092,2022-06-01,000001,Vente,295000,82,,AV DES ETATS UNIS,0990,78000,78646,Versailles,78,,,78646000AV0251,,,41,64.06,42,,,,,,,,2,3,Dépendance,,0,,,,,,2.149207,48.809669
2022-1300098,2022-05-25,000001,Vente,465000,1,,AV DES ETATS UNIS,0990,78000,78646,Versailles,78,,,78646000AX0025,,,59,,8,67.82,,,,,,,2,3,Dépendance,,0,,,,,,2.141563,48.806353
2022-1300098,2022-05-25,000001,Vente,465000,1,,AV DES ETATS UNIS,0990,78000,78646,Versailles,78,,,78646000AX0025,,,59,,8,67.82,,,,,,,2,2,Appartement,72,3,,,,,,2.141563,48.806353
2022-1300098,2022-05-25,000001,Vente,465000,1,,AV DES ETATS UNIS,0990,78000,78646,Versailles,78,,,78646000AX0025,,,37,,,,,,,,,,1,3,Dépendance,,0,,,,,,2.141563,48.806353
2022-1300117,2022-05-20,000001,Vente,360000,147,,BD DE LA REINE,2520,78000,78646,Versailles,78,,,78646000AR0127,,,1,50.42,,,,,,,,,1,3,Dépendance,,0,,,,,,2.143183,48.808471
2022-1300117,2022-05-20,000001,Vente,360000,147,,BD DE LA REINE,2520,78000,78646,Versailles,78,,,78646000AR0127,,,18,,,,,,,,,,1,4,Local industriel. commercial ou assimilé,50,0,,,,,,2.143183,48.808471
2022-1300117,2022-05-20,000001,Vente,360000,147,,BD DE LA REINE,2520,78000,78646,Versailles,78,,,78646000AR0127,,,26,,,,,,,,,,1,3,Dépendance,,0,,,,,,2.143183,48.808471
2022-1300117,2022-05-20,000001,Vente,360000,147,,BD DE LA REINE,2520,78000,78646,Versailles,78,,,78646000AR0127,,,1,50.42,,,,,,,,,1,2,Appartement,49,2,,,,,,2.143183,48.808471
2022-1300129,2022-05-20,000001,Vente,30000,23,,RUE SAINTE VICTOIRE,2920,78000,78646,Versailles,78,,,78646000AD0279,,,72,,,,,,,,,,1,3,Dépendance,,0,,,,,,2.131576,48.811777
2022-1300162,2022-05-18,000001,Vente,407600,94,,AV DE PARIS,2180,78000,78646,Versailles,78,,,78646000BN0051,,,40,65.45,87,,,,,,,,2,3,Dépendance,,0,,,,,,2.148182,48.797645
2022-1300162,2022-05-18,000001,Vente,407600,94,,AV DE PARIS,2180,78000,78646,Versailles,78,,,78646000BN0051,,,114,,,,,,,,,,1,3,Dépendance,,0,,,,,,2.148182,48.797645
2022-1300162,2022-05-18,000001,Vente,407600,94,,AV DE PARIS,2180,78000,78646,Versailles,78,,,78646000BN0051,,,40,65.45,87,,,,,,,,2,2,Appartement,64,3,,,,,,2.148182,48.797645
2022-1300172,2022-06-03,000001,Vente,506625,10,,RUE DE L ERMITAGE,0940,78000,78646,Versailles,78,,,78646000AC0314,,,233,65.92,241,,,,,,,,2,2,Appartement,66,3,,,,,,2.123933,48.814609
2022-1300172,2022-06-03,000001,Vente,506625,10,,RUE DE L ERMITAGE,0940,78000,78646,Versailles,78,,,78646000AC0314,,,30,,,,,,,,,,1,3,Dépendance,,0,,,,,,2.123933,48.814609
2022-1300186,2022-05-19,000001,Vente,759600,20,,RUE VICTOR BART,3160,78000,78646,Versailles,78,,,78646000AR0048,,,31,,84,,,,,,,,2,2,Appartement,106,4,,,,,,2.145915,48.808908
2022-1300186,2022-05-19,000001,Vente,759600,20,,RUE VICTOR BART,3160,78000,78646,Versailles,78,,,78646000AR0048,,,186,,,,,,,,,,1,3,Dépendance,,0,,,,,,2.145915,48.808908
2022-1300186,2022-05-19,000001,Vente,759600,20,,RUE VICTOR BART,3160,78000,78646,Versailles,78,,,78646000AR0048,,,31,,84,,,,,,,,2,3,Dépendance,,0,,,,,,2.145915,48.808908
2022-1300186,2022-05-19,000001,Vente,759600,20,,RUE VICTOR BART,3160,78000,78646,Versailles,78,,,78646000AR0048,,,31,,84,,,,,,,,2,3,Dépendance,,0,,,,,,2.145915,48.808908
2022-1300202,2022-05-25,000001,Vente en l'état futur d'achèvement,233100,104,,AV DE PARIS,2180,78000,78646,Versailles,78,,,78646000BK0019,,,24,,,,,,,,,,1,2,Appartement,41,2,,,,,,2.150393,48.797197
2022-1300202,2022-05-25,000001,Vente en l'état futur d'achèvement,233100,104,,AV DE PARIS,2180,78000,78646,Versailles,78,,,78646000BK0019,,,111,,,,,,,,,,1,3,Dépendance,,0,,,,,,2.150393,48.797197
2022-1300204,2022-05-30,000001,Vente,19000,72,,RUE DU MAL FOCH,1810,78000,78646,Versailles,78,,,78646000AK0009,,,95,,,,,,,,,,1,3,Dépendance,,0,,,,,,2.136535,48.812771
2022-1300216,2022-06-02,000001,Vente,1691650,31,,RUE SAINTE VICTOIRE,2920,78000,78646,Versailles,78,,,78646000AD0255,,,,,,,,,,,,,0,1,Maison,108,5,S,sols,,,226,2.132013,48.812508
2022-1300217,2022-05-13,000001,Vente,44000,16,,RUE PASTEUR,2210,78000,78646,Versailles,78,,,78646000AX0408,,,12,,3,,8,,,,,,3,3,Dépendance,,0,,,,,,2.147179,48.80175
2022-1300217,2022-05-13,000001,Vente,44000,16,,RUE PASTEUR,2210,78000,78646,Versailles,78,,,78646000AX0408,,,12,,3,,8,,,,,,3,2,Appartement,27,2,,,,,,2.147179,48.80175
2022-1300225,2022-05-25,000001,Vente,310000,10,,RUE SAINT MEDERIC,2840,78000,78646,Versailles,78,,,78646000BT0100,,,11,,21,,9,40.15,,,,,3,2,Appartement,36,3,,,,,,2.127618,48.796103
2022-1300240,2022-06-01,000001,Vente,993700,2,,PL LYAUTEY,1720,78000,78646,Versailles,78,,,78646000AH0223,,,18,,3,150.52,,,,,,,2,3,Dépendance,,0,,,,,,2.127917,48.800732
2022-1300240,2022-06-01,000001,Vente,993700,2,,PL LYAUTEY,1720,78000,78646,Versailles,78,,,78646000AH0223,,,18,,3,150.52,,,,,,,2,2,Appartement,128,5,,,,,,2.127917,48.800732
2022-1300286,2022-05-24,000001,Vente,100,23,,RUE DES RESERVOIRS,2580,78000,78646,Versailles,78,,,78646000AC0231,,,71,,,,,,,,,,1,2,Appartement,50,2,,,,,,2.12459,48.809112
2022-1300295,2022-06-01,000001,Vente,698725,73,B,RUE DU MAL FOCH,1810,78000,78646,Versailles,78,,,78646000AD0477,,,174,,,,,,,,,,1,3,Dépendance,,0,,,,,,2.134954,48.812695
2022-1300295,2022-06-01,000001,Vente,698725,68,B,RUE DU MAL FOCH,1810,78000,78646,Versailles,78,,,78646000AK0010,,,5,,9,,,,,,,,2,3,Dépendance,,0,,,,,,2.135998,48.812594
2022-1300295,2022-06-01,000001,Vente,698725,68,B,RUE DU MAL FOCH,1810,78000,78646,Versailles,78,,,78646000AK0010,,,5,,9,,,,,,,,2,2,Appartement,95,4,,,,,,2.135998,48.812594
2022-1300322,2022-05-20,000001,Vente,1116700,8,,RUE DE FONTENAY,1050,78000,78646,Versailles,78,,,78646000AH0091,,,703,118.54,962,,,,,,,,2,2,Appartement,121,4,,,,,,2.124624,48.800951
2022-1300322,2022-05-20,000001,Vente,1116700,8,,RUE DE FONTENAY,1050,78000,78646,Versailles,78,,,78646000AH0091,,,913,,,,,,,,,,1,3,Dépendance,,0,,,,,,2.124624,48.800951
2022-1300322,2022-05-20,000001,Vente,1116700,8,,RUE DE FONTENAY,1050,78000,78646,Versailles,78,,,78646000AH0091,,,703,118.54,962,,,,,,,,2,3,Dépendance,,0,,,,,,2.124624,48.800951
2022-1300341,2022-05-09,000001,Vente,1313000,3,,RUE SAINTE VICTOIRE,2920,78000,78646,Versailles,78,,,78646000AD0073,,,10,,15,,,,,,,,2,3,Dépendance,,0,,,,,,2.131074,48.809699
2022-1300341,2022-05-09,000001,Vente,1313000,3,,RUE SAINTE VICTOIRE,2920,78000,78646,Versailles,78,,,78646000AD0073,,,10,,15,,,,,,,,2,2,Appartement,160,5,,,,,,2.131074,48.809699
2022-1300341,2022-05-09,000001,Vente,1313000,3,,RUE SAINTE VICTOIRE,2920,78000,78646,Versailles,78,,,78646000AD0073,,,10,,15,,,,,,,,2,3,Dépendance,,0,,,,,,2.131074,48.809699
2022-1300351,2022-05-13,000001,Vente,914900,21,B,RUE DU MARECHAL GALLIENI,1812,78000,78646,Versailles,78,,,78646000AC0005,,,1235,,,,,,,,,,1,3,Dépendance,,0,,,,,,2.123201,48.811375
2022-1300351,2022-05-13,000001,Vente,914900,21,B,RUE DU MARECHAL GALLIENI,1812,78000,78646,Versailles,78,,,78646000AC0005,,,1109,,1223,,,,,,,,2,3,Dépendance,,0,,,,,,2.123201,48.811375
2022-1300351,2022-05-13,000001,Vente,914900,21,B,RUE DU MARECHAL GALLIENI,1812,78000,78646,Versailles,78,,,78646000AC0005,,,1109,,1223,,,,,,,,2,2,Appartement,94,4,,,,,,2.123201,48.811375
2022-1300351,2022-05-13,000001,Vente,914900,21,B,RUE DU MARECHAL GALLIENI,1812,78000,78646,Versailles,78,,,78646000AC0005,,,1236,,,,,,,,,,1,3,Dépendance,,0,,,,,,2.123201,48.811375
2022-1300360,2022-06-01,000001,Vente,469100,9,,AV DE SAINT CLOUD,2730,78000,78646,Versailles,78,,,78646000AE0311,,,301,52.79,,,,,,,,,1,2,Appartement,55,3,,,,,,2.128848,48.805199
2022-1300385,2022-06-08,000001,Vente,352850,19,B,RUE DU PONT COLBERT,2370,78000,78646,Versailles,78,,,78646000BI0285,,,74,,,,,,,,,,1,3,Dépendance,,0,,,,,,2.149823,48.788624
2022-1300385,2022-06-08,000001,Vente,352850,19,B,RUE DU PONT COLBERT,2370,78000,78646,Versailles,78,,,78646000BI0285,,,29,,30,,,,,,,,2,2,Appartement,76,4,,,,,,2.149823,48.788624
2022-1300385,2022-06-08,000001,Vente,352850,19,B,RUE DU PONT COLBERT,2370,78000,78646,Versailles,78,,,78646000BI0285,,,29,,30,,,,,,,,2,3,Dépendance,,0,,,,,,2.149823,48.788624
2022-1300484,2022-05-24,000001,Vente,120000,1,,RUE JACQUES BOYCEAU,1410,78000,78646,Versailles,78,,,78646000BP0101,,,,,,,,,,,,,0,1,Maison,132,7,S,sols,,,215,2.141686,48.805064
2022-1300511,2022-05-23,000001,Vente,1016918,13,,RUE DE LA POURVOIERIE,2420,78000,78646,Versailles,78,,,78646000AE0433,,,11,,4,,5,,6,,9,,5,3,Dépendance,,0,,,,,,2.13194,48.807515
2022-1300511,2022-05-23,000001,Vente,1016918,13,,RUE DE LA POURVOIERIE,2420,78000,78646,Versailles,78,,,78646000AE0433,,,11,,4,,5,,6,,9,,5,3,Dépendance,,0,,,,,,2.13194,48.807515
2022-1300511,2022-05-23,000001,Vente,1016918,13,,RUE DE LA POURVOIERIE,2420,78000,78646,Versailles,78,,,78646000AE0433,,,11,,4,,5,,6,,9,,5,3,Dépendance,,0,,,,,,2.13194,48.807515
2022-1300511,2022-05-23,000001,Vente,1016918,13,,RUE DE LA POURVOIERIE,2420,78000,78646,Versailles,78,,,78646000AE0433,,,11,,4,,5,,6,,9,,5,2,Appartement,110,5,,,,,,2.13194,48.807515
2022-1300533,2022-06-03,000001,Vente,800000,115,,AV DE PARIS,2180,78000,78646,Versailles,78,,,78646000BC0062,,,222,,262,114.33,263,,,,,,3,2,Appartement,115,5,,,,,,2.157995,48.800801
2022-1300533,2022-06-03,000001,Vente,800000,115,,AV DE PARIS,2180,78000,78646,Versailles,78,,,78646000BC0062,,,38,,,,,,,,,,1,3,Dépendance,,0,,,,,,2.157995,48.800801
2022-1300533,2022-06-03,000001,Vente,800000,115,,AV DE PARIS,2180,78000,78646,Versailles,78,,,78646000BC0062,,,222,,262,114.33,263,,,,,,3,3,Dépendance,,0,,,,,,2.157995,48.800801
2022-1300540,2022-06-01,000001,Vente,955000,3,,RUE DES TOURNELLES,3050,78000,78646,Versailles,78,,,78646000BV0077,,,10,,13,,14,,18,,24,,6,3,Dépendance,,0,,,,,,2.126066,48.798596
2022-1300540,2022-06-01,000001,Vente,955000,3,,RUE DES TOURNELLES,3050,78000,78646,Versailles,78,,,78646000BV0077,,,10,,13,,14,,18,,24,,6,3,Dépendance,,0,,,,,,2.126066,48.798596
2022-1300540,2022-06-01,000001,Vente,955000,3,,RUE DES TOURNELLES,3050,78000,78646,Versailles,78,,,78646000BV0077,,,10,,13,,14,,18,,24,,6,3,Dépendance,,0,,,,,,2.126066,48.798596
2022-1300540,2022-06-01,000001,Vente,955000,3,,RUE DES TOURNELLES,3050,78000,78646,Versailles,78,,,78646000BV0077,,,10,,13,,14,,18,,24,,6,2,Appartement,110,4,,,,,,2.126066,48.798596
2022-1300540,2022-06-01,000001,Vente,955000,3,,RUE DES TOURNELLES,3050,78000,78646,Versailles,78,,,78646000BV0077,,,10,,13,,14,,18,,24,,6,3,Dépendance,,0,,,,,,2.126066,48.798596
2022-1300559,2022-06-01,000001,Vente,63000,7,,RUE SAINT MEDERIC,2840,78000,78646,Versailles,78,,,78646000BT0140,,,84,,,,,,,,,,1,3,Dépendance,,0,,,,,,2.127828,48.795581
2022-1300559,2022-06-01,000001,Vente,63000,7,,RUE SAINT MEDERIC,2840,78000,78646,Versailles,78,,,78646000BT0140,,,86,,,,,,,,,,1,3,Dépendance,,0,,,,,,2.127828,48.795581
2022-1300559,2022-06-01,000001,Vente,63000,7,,RUE SAINT MEDERIC,2840,78000,78646,Versailles,78,,,78646000BT0140,,,85,,,,,,,,,,1,3,Dépendance,,0,,,,,,2.127828,48.795581
2022-1300581,2022-06-08,000001,Vente,237000,9,,RUE JEAN DE LA FONTAINE,1439,78000,78646,Versailles,78,,,78646000BE0296,,,2,,,,,,,,,,1,2,Appartement,42,2,,,,,,2.161818,48.797333
2022-1300584,2022-05-25,000001,Vente en l'état futur d'achèvement,794000,2,T,RUE PASTEUR,2210,78000,78646,Versailles,78,,,78646000AY0198,,,41,,,,,,,,,,1,3,Dépendance,,0,,,,,,2.147958,48.801006
2022-1300584,2022-05-25,000001,Vente en l'état futur d'achèvement,794000,2,T,RUE PASTEUR,2210,78000,78646,Versailles,78,,,78646000AY0198,,,6,95.01,,,,,,,,,1,2,Appartement,94,4,,,,,,2.147958,48.801006
2022-1300584,2022-05-25,000001,Vente en l'état futur d'achèvement,794000,2,T,RUE PASTEUR,2210,78000,78646,Versailles,78,,,78646000AY0198,,,16,,,,,,,,,,1,3,Dépendance,,0,,,,,,2.147958,48.801006
2022-1300584,2022-05-25,000001,Vente en l'état futur d'achèvement,794000,2,T,RUE PASTEUR,2210,78000,78646,Versailles,78,,,78646000AY0198,,,40,,,,,,,,,,1,3,Dépendance,,0,,,,,,2.147958,48.801006
2022-1300651,2022-06-13,000001,Vente,174000,12,,RUE MONTBAURON,1970,78000,78646,Versailles,78,,,78646000BP0018,,,23,23.2,,,,,,,,,1,2,Appartement,23,1,,,,,,2.135708,48.803708
2022-1300651,2022-06-13,000001,Vente,174000,12,,RUE MONTBAURON,1970,78000,78646,Versailles,78,,,78646000BP0018,,,23,23.2,,,,,,,,,1,3,Dépendance,,0,,,,,,2.135708,48.803708
2022-1300659,2022-06-13,000001,Vente,416268,64,,RUE DES CHANTIERS,0530,78000,78646,Versailles,78,,,78646000BL0326,,,509,,52,,,,,,,,2,3,Dépendance,,0,,,,,,2.143523,48.792624
2022-1300659,2022-06-13,000001,Vente,416268,64,,RUE DES CHANTIERS,0530,78000,78646,Versailles,78,,,78646000BL0326,,,337,,,,,,,,,,1,3,Dépendance,,0,,,,,,2.143523,48.792624
2022-1300659,2022-06-13,000001,Vente,416268,64,,RUE DES CHANTIERS,0530,78000,78646,Versailles,78,,,78646000BL0326,,,509,,52,,,,,,,,2,2,Appartement,87,3,,,,,,2.143523,48.792624
2022-1300679,2022-06-10,000001,Vente,555000,4,,RUE CARNOT,0440,78000,78646,Versailles,78,,,78646000AE0363,,,20,,27,,,,,,,,2,3,Dépendance,,0,,,,,,2.12461,48.80666
2022-1300679,2022-06-10,000001,Vente,555000,4,,RUE CARNOT,0440,78000,78646,Versailles,78,,,78646000AE0363,,,20,,27,,,,,,,,2,2,Appartement,66,4,,,,,,2.12461,48.80666
2022-1300710,2022-06-01,000001,Vente,2069050,31,,RUE RACINE,2480,78000,78646,Versailles,78,,,78646000BL0348,,,,,,,,,,,,,0,1,Maison,265,9,S,sols,,,525,2.147135,48.793366
2022-1300758,2022-06-01,000001,Vente,555300,5,,RUE DE L ECOLE DES POSTES,0850,78000,78646,Versailles,78,,,78646000AZ0110,,,3658,,,,,,,,,,1,3,Dépendance,,0,,,,,,2.158672,48.8041
2022-1300758,2022-06-01,000001,Vente,555300,1,,PROM VENEZIA,3135,78000,78646,Versailles,78,,,78646000AZ0110,,,2224,,2262,116.24,,,,,,,2,2,Appartement,118,5,,,,,,2.158672,48.8041
2022-1300758,2022-06-01,000001,Vente,555300,1,,PROM VENEZIA,3135,78000,78646,Versailles,78,,,78646000AZ0110,,,2224,,2262,116.24,,,,,,,2,3,Dépendance,,0,,,,,,2.158672,48.8041
2022-1300765,2022-06-08,000001,Vente,25000,1,,RUE SAINTE ADELAIDE,2670,78000,78646,Versailles,78,,,78646000AD0485,,,18,,,,,,,,,,1,3,Dépendance,,0,,,,,,2.129783,48.809647
2022-1300766,2022-06-07,000001,Vente,17000,3,,RUE ANTOINE COYPEL,0200,78000,78646,Versailles,78,,,78646000BO0010,,,138,,,,,,,,,,1,3,Dépendance,,0,,,,,,2.142833,48.800054
2022-1300812,2022-05-18,000001,Vente,355000,27,,RUE SAINT MEDERIC,2840,78000,78646,Versailles,78,,,78646000BW0130,,,5,50.58,,,,,,,,,1,2,Appartement,50,3,,,,,,2.12632,48.793557
2022-1300812,2022-05-18,000001,Vente,355000,27,,RUE SAINT MEDERIC,2840,78000,78646,Versailles,78,,,78646000BW0130,,,80,,,,,,,,,,1,3,Dépendance,,0,,,,,,2.12632,48.793557
2022-1300819,2022-06-08,000001,Vente,582750,155,,BD DE LA REINE,2520,78000,78646,Versailles,78,,,78646000AR0073,,,117,,61,80.28,,,,,,,2,3,Dépendance,,0,,,,,,2.145056,48.808479
2022-1300819,2022-06-08,000001,Vente,582750,155,,BD DE LA REINE,2520,78000,78646,Versailles,78,,,78646000AR0073,,,134,,,,,,,,,,1,3,Dépendance,,0,,,,,,2.145056,48.808479
2022-1300819,2022-06-08,000001,Vente,582750,155,,BD DE LA REINE,2520,78000,78646,Versailles,78,,,78646000AR0073,,,117,,61,80.28,,,,,,,2,2,Appartement,68,3,,,,,,2.145056,48.808479
2022-1300820,2022-05-31,000001,Vente,510000,42,,RUE DE VERGENNES,3150,78000,78646,Versailles,78,,,78646000BS0050,,,18,,7,77.33,,,,,,,2,2,Appartement,77,4,,,,,,2.137321,48.796949
2022-1300820,2022-05-31,000001,Vente,510000,42,,RUE DE VERGENNES,3150,78000,78646,Versailles,78,,,78646000BS0050,,,18,,7,77.33,,,,,,,2,3,Dépendance,,0,,,,,,2.137321,48.796949
2022-1300820,2022-05-31,000001,Vente,510000,42,,RUE DE VERGENNES,3150,78000,78646,Versailles,78,,,78646000BS0050,,,2,,,,,,,,,,1,3,Dépendance,,0,,,,,,2.137321,48.796949
2022-1300853,2022-06-10,000001,Vente,430000,18,,RUE DES BOURDONNAIS,0400,78000,78646,Versailles,78,,,78646000BV0175,,,18,,9,54.2,,,,,,,2,2,Appartement,55,2,,,,,,2.124786,48.795771
2022-1300853,2022-06-10,000001,Vente,430000,18,,RUE DES BOURDONNAIS,0400,78000,78646,Versailles,78,,,78646000BV0175,,,18,,9,54.2,,,,,,,2,3,Dépendance,,0,,,,,,2.124786,48.795771
2022-1300857,2022-06-13,000001,Vente,170000,59,,AV DE SAINT CLOUD,2730,78000,78646,Versailles,78,,,78646000AI0148,,,17,24.89,,,,,,,,,1,2,Appartement,25,1,,,,,,2.134382,48.805604
2022-1300867,2022-05-19,000001,Vente,13137.4,13,,RUE COLBERT,0630,78000,78646,Versailles,78,,,78646000AE0337,,,10,,,,,,,,,,1,4,Local industriel. commercial ou assimilé,85,0,,,,,,2.126239,48.805263
2022-1300892,2022-05-19,000001,Vente,695000,13,,RUE COLBERT,0630,78000,78646,Versailles,78,,,78646000AE0337,,,10,84.29,,,,,,,,,1,4,Local industriel. commercial ou assimilé,85,0,,,,,,2.126239,48.805263
2022-1300892,2022-05-19,000001,Vente,695000,13,,RUE COLBERT,0630,78000,78646,Versailles,78,,,78646000AE0337,,,108,,,,,,,,,,1,4,Local industriel. commercial ou assimilé,44,0,,,,,,2.126239,48.805263
2022-1300896,2022-05-20,000001,Vente,861100,9,,RUE NEUVE NOTRE DAME,2040,78000,78646,Versailles,78,,,78646000AE0010,,,11,,45,102.4,,,,,,,2,3,Dépendance,,0,,,,,,2.126961,48.809017
2022-1300896,2022-05-20,000001,Vente,861100,9,,RUE NEUVE NOTRE DAME,2040,78000,78646,Versailles,78,,,78646000AE0010,,,11,,45,102.4,,,,,,,2,2,Appartement,104,3,,,,,,2.126961,48.809017
2022-1300915,2022-06-13,000001,Vente,282300,4,,RUE DE LA CEINTURE,0460,78000,78646,Versailles,78,,,78646000AW0006,,,129,,56,52.36,,,,,,,2,2,Appartement,52,2,,,,,,2.15013,48.808121
2022-1300915,2022-06-13,000001,Vente,282300,4,,RUE DE LA CEINTURE,0460,78000,78646,Versailles,78,,,78646000AW0006,,,129,,56,52.36,,,,,,,2,3,Dépendance,,0,,,,,,2.15013,48.808121
2022-1300920,2022-05-30,000001,Vente,450000,6,,IMP ADELE MULOT,0040,78000,78646,Versailles,78,,,78646000AY0109,,,5,,,,,,,,,,1,3,Dépendance,,0,,,,,,2.150483,48.801432
2022-1300920,2022-05-30,000001,Vente,450000,6,,IMP ADELE MULOT,0040,78000,78646,Versailles,78,,,78646000AY0109,,,5,,,,,,,,,,1,2,Appartement,72,3,,,,,,2.150483,48.801432
2022-1300928,2022-06-09,000001,Vente,331000,29,,RUE DU MAL FOCH,1810,78000,78646,Versailles,78,,,78646000AE0070,,,16,,3,,,,,,,,2,2,Appartement,35,2,,,,,,2.132101,48.807725
2022-1300943,2022-06-10,000001,Vente,490760,14,,RUE DU GENERAL PERSHING,1170,78000,78646,Versailles,78,,,78646000AS0056,,,122,,131,,,,,,,,2,3,Dépendance,,0,,,,,,2.151346,48.814959
2022-1300943,2022-06-10,000001,Vente,490760,14,,RUE DU GENERAL PERSHING,1170,78000,78646,Versailles,78,,,78646000AS0056,,,173,,,,,,,,,,1,3,Dépendance,,0,,,,,,2.151346,48.814959
2022-1300943,2022-06-10,000001,Vente,490760,14,,RUE DU GENERAL PERSHING,1170,78000,78646,Versailles,78,,,78646000AS0056,,,122,,131,,,,,,,,2,2,Appartement,103,5,,,,,,2.151346,48.814959
2022-1300953,2022-06-10,000002,Vente,1111410,7,,RUE PLOIX,2350,78000,78646,Versailles,78,,,78646000BL0011,,,4,,,,,,,,,,1,3,Dépendance,,0,,,,,,2.143067,48.79422
2022-1300953,2022-06-10,000002,Vente,1111410,7,,RUE PLOIX,2350,78000,78646,Versailles,78,,,78646000BL0011,,,3,,,,,,,,,,1,3,Dépendance,,0,,,,,,2.143067,48.79422
2022-1300953,2022-06-10,000002,Vente,1111410,7,,RUE PLOIX,2350,78000,78646,Versailles,78,,,78646000BL0011,,,3,,,,,,,,,,1,3,Dépendance,,0,,,,,,2.143067,48.79422
2022-1300953,2022-06-10,000002,Vente,1111410,7,,RUE PLOIX,2350,78000,78646,Versailles,78,,,78646000BL0011,,,4,,,,,,,,,,1,3,Dépendance,,0,,,,,,2.143067,48.79422
2022-1300953,2022-06-10,000002,Vente,1111410,7,,RUE PLOIX,2350,78000,78646,Versailles,78,,,78646000BL0011,,,2,,,,,,,,,,1,2,Appartement,70,3,,,,,,2.143067,48.79422
2022-1300953,2022-06-10,000002,Vente,1111410,7,,RUE PLOIX,2350,78000,78646,Versailles,78,,,78646000BL0011,,,1,,,,,,,,,,1,2,Appartement,70,3,,,,,,2.143067,48.79422
2022-1300969,2022-06-08,000001,Vente,580000,19,,RUE BAILLET REVIRON,0270,78000,78646,Versailles,78,,,78646000AE0049,,,16,,2,,,,,,,,2,3,Dépendance,,0,,,,,,2.132526,48.808554
2022-1300969,2022-06-08,000001,Vente,580000,19,,RUE BAILLET REVIRON,0270,78000,78646,Versailles,78,,,78646000AE0049,,,16,,2,,,,,,,,2,2,Appartement,75,3,,,,,,2.132526,48.808554
2022-1300973,2022-06-08,000001,Vente,344300,4,,RUE SAINT CHARLES,2710,78000,78646,Versailles,78,,,78646000AY0170,,,7,,,,,,,,,,1,2,Appartement,50,3,,,,,,2.150798,48.799457
2022-1300978,2022-06-02,000001,Vente,588000,6,,RUE LOUIS HAUSSMANN,1679,78000,78646,Versailles,78,,,78646000AS0036,,,76,,,,,,,,,,1,3,Dépendance,,0,,,,,,2.147113,48.809569
2022-1300978,2022-06-02,000001,Vente,588000,8,,RUE LOUIS HAUSSMANN,1679,78000,78646,Versailles,78,,,78646000AS0036,,,117,,219,92.13,,,,,,,2,3,Dépendance,,0,,,,,,2.147113,48.809569
2022-1300978,2022-06-02,000001,Vente,588000,8,,RUE LOUIS HAUSSMANN,1679,78000,78646,Versailles,78,,,78646000AS0036,,,117,,219,92.13,,,,,,,2,2,Appartement,95,4,,,,,,2.147113,48.809569
2022-1301032,2022-06-09,000001,Vente en l'état futur d'achèvement,544000,104,,AV DE PARIS,2180,78000,78646,Versailles,78,,,78646000BK0019,,,104,,,,,,,,,,1,,,,,,,,,,2.150393,48.797197
2022-1301032,2022-06-09,000001,Vente en l'état futur d'achèvement,544000,104,,AV DE PARIS,2180,78000,78646,Versailles,78,,,78646000BK0019,,,21,,,,,,,,,,1,,,,,,,,,,2.150393,48.797197
2022-1301056,2022-06-14,000001,Vente,1325000,4,,RUE DE BEAUVAU,0320,78000,78646,Versailles,78,,,78646000AD0270,,,12,150.08,5,,,,,,,,2,3,Dépendance,,0,,,,,,2.130991,48.811804
2022-1301056,2022-06-14,000001,Vente,1325000,4,,RUE DE BEAUVAU,0320,78000,78646,Versailles,78,,,78646000AD0270,,,12,150.08,5,,,,,,,,2,2,Appartement,145,7,,,,,,2.130991,48.811804
2022-1301064,2022-06-14,000001,Vente,1159150,8,,RUE DES RESERVOIRS,2580,78000,78646,Versailles,78,,,78646000AE0371,,,412,,413,111.6,421,,,,,,3,2,Appartement,114,5,,,,,,2.124232,48.806296
2022-1301064,2022-06-14,000001,Vente,1159150,8,,RUE DES RESERVOIRS,2580,78000,78646,Versailles,78,,,78646000AE0371,,,412,,413,111.6,421,,,,,,3,3,Dépendance,,0,,,,,,2.124232,48.806296
2022-1301071,2022-06-07,000001,Vente en l'état futur d'achèvement,339700,104,,AV DE PARIS,2180,78000,78646,Versailles,78,,,78646000BK0019,,,105,,,,,,,,,,1,3,Dépendance,,0,,,,,,2.150393,48.797197
2022-1301071,2022-06-07,000001,Vente en l'état futur d'achèvement,339700,104,,AV DE PARIS,2180,78000,78646,Versailles,78,,,78646000BK0019,,,23,,,,,,,,,,1,2,Appartement,62,3,,,,,,2.150393,48.797197
2022-1301138,2022-05-20,000001,Vente,1500,4,,RUE DES RECOLLETS,2500,78000,78646,Versailles,78,,,78646000AH0008,,,23,,,,,,,,,,1,3,Dépendance,,0,,,,,,2.122077,48.802131
2022-1301141,2022-05-23,000001,Vente,920000,18,,RUE DU PARC DE CLAGNY,2171,78000,78646,Versailles,78,,,78646000AP0097,,,407,,418,134.59,,,,,,,2,3,Dépendance,,0,,,,,,2.141563,48.813647
2022-1301141,2022-05-23,000001,Vente,920000,18,,RUE DU PARC DE CLAGNY,2171,78000,78646,Versailles,78,,,78646000AP0097,,,407,,418,134.59,,,,,,,2,2,Appartement,132,5,,,,,,2.141563,48.813647
2022-1301141,2022-05-23,000001,Vente,920000,18,,RUE DU PARC DE CLAGNY,2171,78000,78646,Versailles,78,,,78646000AP0097,,,223,,224,,,,,,,,2,3,Dépendance,,0,,,,,,2.141563,48.813647
2022-1301141,2022-05-23,000001,Vente,920000,18,,RUE DU PARC DE CLAGNY,2171,78000,78646,Versailles,78,,,78646000AP0097,,,372,,,,,,,,,,1,3,Dépendance,,0,,,,,,2.141563,48.813647
2022-1301157,2022-06-07,000001,Vente,20500,3,,RUE DU PONT COLBERT,2370,78000,78646,Versailles,78,,,78646000BL0294,,,356,,,,,,,,,,1,3,Dépendance,,0,,,,,,2.146987,48.791716
2022-1301167,2022-06-01,000001,Vente,275000,8,,RUE ANDRE CHENIER,0160,78000,78646,Versailles,78,,,78646000AI0117,,,23,,,,,,,,,,1,2,Appartement,32,2,,,,,,2.133027,48.806118
2022-1301167,2022-06-01,000001,Vente,275000,8,,RUE ANDRE CHENIER,0160,78000,78646,Versailles,78,,,78646000AI0117,,,23,,,,,,,,,,1,3,Dépendance,,0,,,,,,2.133027,48.806118
2022-1301167,2022-06-01,000001,Vente,275000,8,,RUE ANDRE CHENIER,0160,78000,78646,Versailles,78,,,78646000AI0117,,,44,,,,,,,,,,1,3,Dépendance,,0,,,,,,2.133027,48.806118
2022-1301170,2022-06-09,000001,Vente,231000,6,,RUE DELAUNAY,0760,78000,78646,Versailles,78,,,78646000AC0044,,,9,35.84,,,,,,,,,1,2,Appartement,29,1,,,,,,2.123491,48.815558
2022-1301170,2022-06-09,000001,Vente,231000,6,,RUE DELAUNAY,0760,78000,78646,Versailles,78,,,78646000AC0044,,,9,35.84,,,,,,,,,1,3,Dépendance,,0,,,,,,2.123491,48.815558
2022-1301189,2022-06-03,000001,Vente,586485.2,18,,RUE DU PARC DE CLAGNY,2171,78000,78646,Versailles,78,,,78646000AP0097,,,409,,430,63.27,,,,,,,2,2,Appartement,66,2,,,,,,2.141563,48.813647
2022-1301189,2022-06-03,000001,Vente,586485.2,18,,RUE DU PARC DE CLAGNY,2171,78000,78646,Versailles,78,,,78646000AP0097,,,409,,430,63.27,,,,,,,2,3,Dépendance,,0,,,,,,2.141563,48.813647
2022-1301189,2022-06-03,000001,Vente,586485.2,18,,RUE DU PARC DE CLAGNY,2171,78000,78646,Versailles,78,,,78646000AP0097,,,361,,,,,,,,,,1,3,Dépendance,,0,,,,,,2.141563,48.813647
2022-1301261,2022-06-14,000001,Vente,125050,2,,RUE BENJAMIN FRANKLIN,0340,78000,78646,Versailles,78,,,78646000BR0094,,,10,,7,24.6,,,,,,,2,2,Appartement,28,1,,,,,,2.13738,48.799689
2022-1301305,2022-06-14,000001,Vente,410125,14,B,BD DU ROI,2641,78000,78646,Versailles,78,,,78646000AD0417,,,16,,6,54.73,,,,,,,2,2,Appartement,54,2,,,,,,2.127,48.811138
2022-1301305,2022-06-14,000001,Vente,410125,14,B,BD DU ROI,2641,78000,78646,Versailles,78,,,78646000AD0417,,,16,,6,54.73,,,,,,,2,3,Dépendance,,0,,,,,,2.127,48.811138
2022-1301305,2022-06-14,000001,Vente,410125,14,B,BD DU ROI,2641,78000,78646,Versailles,78,,,78646000AD0417,,,25,,,,,,,,,,1,3,Dépendance,,0,,,,,,2.127,48.811138
2022-1301377,2022-05-23,000001,Vente,673000,50,,AV DE VILLENEUVE L ETANG,3200,78000,78646,Versailles,78,,,78646000AO0162,,,509,,533,119.61,,,,,,,2,3,Dépendance,,0,,,,,,2.148061,48.818119
2022-1301377,2022-05-23,000001,Vente,673000,50,,AV DE VILLENEUVE L ETANG,3200,78000,78646,Versailles,78,,,78646000AO0162,,,509,,533,119.61,,,,,,,2,3,Dépendance,,0,,,,,,2.148061,48.818119
2022-1301377,2022-05-23,000001,Vente,673000,50,,AV DE VILLENEUVE L ETANG,3200,78000,78646,Versailles,78,,,78646000AO0162,,,121,,,,,,,,,,1,3,Dépendance,,0,,,,,,2.148061,48.818119
2022-1301377,2022-05-23,000001,Vente,673000,50,,AV DE VILLENEUVE L ETANG,3200,78000,78646,Versailles,78,,,78646000AO0162,,,509,,533,119.61,,,,,,,2,2,Appartement,128,6,,,,,,2.148061,48.818119
2022-1301377,2022-05-23,000001,Vente,673000,50,,AV DE VILLENEUVE L ETANG,3200,78000,78646,Versailles,78,,,78646000AO0162,,,122,,,,,,,,,,1,3,Dépendance,,0,,,,,,2.148061,48.818119
2022-1301418,2022-05-24,000001,Vente,120000,50,,AV DE VILLENEUVE L ETANG,3200,78000,78646,Versailles,78,,,78646000AO0162,,,362,,,,,,,,,,1,3,Dépendance,,0,,,,,,2.148061,48.818119
2022-1301418,2022-05-24,000001,Vente,120000,50,,AV DE VILLENEUVE L ETANG,3200,78000,78646,Versailles,78,,,78646000AO0162,,,308,16.2,,,,,,,,,1,3,Dépendance,,0,,,,,,2.148061,48.818119
2022-1301418,2022-05-24,000001,Vente,120000,50,,AV DE VILLENEUVE L ETANG,3200,78000,78646,Versailles,78,,,78646000AO0162,,,308,16.2,,,,,,,,,1,2,Appartement,16,1,,,,,,2.148061,48.818119
2022-1301418,2022-05-24,000001,Vente,120000,50,,AV DE VILLENEUVE L ETANG,3200,78000,78646,Versailles,78,,,78646000AO0162,,,308,16.2,,,,,,,,,1,3,Dépendance,,0,,,,,,2.148061,48.818119
2022-1301418,2022-05-24,000001,Vente,120000,50,,AV DE VILLENEUVE L ETANG,3200,78000,78646,Versailles,78,,,78646000AO0162,,,322,,,,,,,,,,1,3,Dépendance,,0,,,,,,2.148061,48.818119
2022-1301422,2022-06-13,000001,Vente,700000,2,,RUE BERTHIER,0370,78000,78646,Versailles,78,,,78646000AC0203,,,32,,74,89.27,,,,,,,2,3,Dépendance,,0,,,,,,2.124543,48.81173
2022-1301422,2022-06-13,000001,Vente,700000,2,,RUE BERTHIER,0370,78000,78646,Versailles,78,,,78646000AC0203,,,32,,74,89.27,,,,,,,2,2,Appartement,92,3,,,,,,2.124543,48.81173
2022-1301422,2022-06-13,000001,Vente,700000,2,,RUE BERTHIER,0370,78000,78646,Versailles,78,,,78646000AC0203,,,11,,,,,,,,,,1,3,Dépendance,,0,,,,,,2.124543,48.81173
2022-1301454,2022-06-03,000001,Vente,165000,47,,RUE DE MONTREUIL,2000,78000,78646,Versailles,78,,,78646000AX0302,,,25,22.36,,,,,,,,,1,2,Appartement,18,1,,,,,,2.14541,48.805093
2022-1301459,2022-05-30,000001,Vente,510000,8,,RUE DE FONTENAY,1050,78000,78646,Versailles,78,,,78646000AH0091,,,503,73.46,961,,,,,,,,2,3,Dépendance,,0,,,,,,2.124624,48.800951
2022-1301459,2022-05-30,000001,Vente,510000,8,,RUE DE FONTENAY,1050,78000,78646,Versailles,78,,,78646000AH0091,,,503,73.46,961,,,,,,,,2,2,Appartement,73,2,,,,,,2.124624,48.800951
2022-1301468,2022-06-13,000001,Vente,385000,6,,RUE SAINT HONORE,2780,78000,78646,Versailles,78,,,78646000BV0071,,,12,,18,,,,,,,,2,2,Appartement,45,2,,,,,,2.125255,48.798778
2022-1301468,2022-06-13,000001,Vente,385000,6,,RUE SAINT HONORE,2780,78000,78646,Versailles,78,,,78646000BV0071,,,12,,18,,,,,,,,2,3,Dépendance,,0,,,,,,2.125255,48.798778
2022-1301479,2022-06-20,000001,Vente,362000,6,,PROM MONA LISA,1965,78000,78646,Versailles,78,,,78646000AZ0110,,,1685,,1723,,,,,,,,2,3,Dépendance,,0,,,,,,2.158672,48.8041
2022-1301479,2022-06-20,000001,Vente,362000,5,,RUE DE L ECOLE DES POSTES,0850,78000,78646,Versailles,78,,,78646000AZ0110,,,3813,,,,,,,,,,1,3,Dépendance,,0,,,,,,2.158672,48.8041
2022-1301479,2022-06-20,000001,Vente,362000,6,,PROM MONA LISA,1965,78000,78646,Versailles,78,,,78646000AZ0110,,,1685,,1723,,,,,,,,2,2,Appartement,71,2,,,,,,2.158672,48.8041
2022-1301484,2022-06-02,000001,Vente,250000,17,T,RUE DU PONT COLBERT,2370,78000,78646,Versailles,78,,,78646000BI0022,,,440,53.54,,,,,,,,,1,2,Appartement,53,3,,,,,,2.149624,48.789909
2022-1301484,2022-06-02,000001,Vente,250000,17,T,RUE DU PONT COLBERT,2370,78000,78646,Versailles,78,,,78646000BI0022,,,440,53.54,,,,,,,,,1,3,Dépendance,,0,,,,,,2.149624,48.789909
2022-1301491,2022-06-02,000001,Vente,275000,17,T,RUE DU PONT COLBERT,2370,78000,78646,Versailles,78,,,78646000BI0022,,,488,64.57,,,,,,,,,1,3,Dépendance,,0,,,,,,2.149624,48.789909
2022-1301491,2022-06-02,000001,Vente,275000,17,T,RUE DU PONT COLBERT,2370,78000,78646,Versailles,78,,,78646000BI0022,,,488,64.57,,,,,,,,,1,2,Appartement,65,4,,,,,,2.149624,48.789909
2022-1301505,2022-06-14,000001,Vente,580630,7,,PROM VENEZIA,3135,78000,78646,Versailles,78,,,78646000AZ0110,,,2478,,2514,117.56,,,,,,,2,2,Appartement,119,5,,,,,,2.158672,48.8041
2022-1301505,2022-06-14,000001,Vente,580630,5,,RUE DE L ECOLE DES POSTES,0850,78000,78646,Versailles,78,,,78646000AZ0110,,,3775,,,,,,,,,,1,3,Dépendance,,0,,,,,,2.158672,48.8041
2022-1301505,2022-06-14,000001,Vente,580630,7,,PROM VENEZIA,3135,78000,78646,Versailles,78,,,78646000AZ0110,,,2478,,2514,117.56,,,,,,,2,3,Dépendance,,0,,,,,,2.158672,48.8041
2022-1301510,2022-05-31,000001,Vente,544500,2,,AV DE LA TRANQUILLITE,3055,78000,78646,Versailles,78,,,78646000AZ0110,,,394,,428,,,,,,,,2,3,Dépendance,,0,,,,,,2.158672,48.8041
2022-1301510,2022-05-31,000001,Vente,544500,5,,RUE DE L ECOLE DES POSTES,0850,78000,78646,Versailles,78,,,78646000AZ0110,,,2720,,,,,,,,,,1,3,Dépendance,,0,,,,,,2.158672,48.8041
2022-1301510,2022-05-31,000001,Vente,544500,2,,AV DE LA TRANQUILLITE,3055,78000,78646,Versailles,78,,,78646000AZ0110,,,394,,428,,,,,,,,2,2,Appartement,118,5,,,,,,2.158672,48.8041
2022-1301516,2022-06-08,000001,Vente,1145700,11,B,RUE GEORGES GUYNEMER,1210,78000,78646,Versailles,78,,,78646000AX0148,,,,,,,,,,,,,0,1,Maison,110,5,S,sols,,,132,2.148527,48.805462
2022-1301519,2022-06-15,000001,Vente,1546400,13,,VLA DE L ERMITAGE,0942,78000,78646,Versailles,78,,,78646000AC0066,,,,,,,,,,,,,0,3,Dépendance,,0,S,sols,,,417,2.124681,48.814916
2022-1301519,2022-06-15,000001,Vente,1546400,13,,VLA DE L ERMITAGE,0942,78000,78646,Versailles,78,,,78646000AC0066,,,,,,,,,,,,,0,1,Maison,155,6,S,sols,,,417,2.124681,48.814916
2022-1301520,2022-06-16,000001,Vente,767350,31,,RUE DU PARC DE CLAGNY,2171,78000,78646,Versailles,78,,,78646000AK0071,,,18,,19,,34,,5,,7,,5,2,Appartement,98,4,,,,,,2.140259,48.812128
2022-1301520,2022-06-16,000001,Vente,767350,31,,RUE DU PARC DE CLAGNY,2171,78000,78646,Versailles,78,,,78646000AK0071,,,18,,19,,34,,5,,7,,5,3,Dépendance,,0,,,,,,2.140259,48.812128
2022-1301524,2022-06-20,000001,Vente,735900,77,,RUE ALBERT SARRAUT,0080,78000,78646,Versailles,78,,,78646000BL0235,,,35,,,,,,,,,,1,3,Dépendance,,0,,,,,,2.14793,48.792042
2022-1301524,2022-06-20,000001,Vente,735900,75,Q,RUE ALBERT SARRAUT,0080,78000,78646,Versailles,78,,,78646000BL0235,,,41,112.31,,,,,,,,,1,1,Maison,114,5,,,,,,2.14793,48.792042
2022-1301528,2022-06-14,000001,Vente,725000,20,,RUE DE PROVENCE,2460,78000,78646,Versailles,78,,,78646000AX0442,,,258,,,,,,,,,,1,3,Dépendance,,0,,,,,,2.140987,48.807165
2022-1301528,2022-06-14,000001,Vente,725000,20,,RUE DE PROVENCE,2460,78000,78646,Versailles,78,,,78646000AX0442,,,146,,,,,,,,,,1,3,Dépendance,,0,,,,,,2.140987,48.807165
2022-1301528,2022-06-14,000001,Vente,725000,20,,RUE DE PROVENCE,2460,78000,78646,Versailles,78,,,78646000AX0442,,,296,90.59,,,,,,,,,1,2,Appartement,90,4,,,,,,2.140987,48.807165
2022-1301586,2022-06-07,000001,Vente,310000,2,,RUE DE L OCCIDENT,2100,78000,78646,Versailles,78,,,78646000BV0113,,,12,,,,,,,,,,1,4,Local industriel. commercial ou assimilé,129,0,,,,,,2.125627,48.797786
2022-1301586,2022-06-07,000001,Vente,310000,2,,RUE DE L OCCIDENT,2100,78000,78646,Versailles,78,,,78646000BV0113,,,45,,,,,,,,,,1,2,Appartement,34,2,,,,,,2.125627,48.797786
2022-1301628,2022-06-17,000001,Vente,581690,35,,RUE HENRI SIMON,1330,78000,78646,Versailles,78,,,78646000AW0219,,,526,79.93,546,,,,,,,,2,2,Appartement,82,3,,,,,,2.147909,48.808568
2022-1301628,2022-06-17,000001,Vente,581690,35,,RUE HENRI SIMON,1330,78000,78646,Versailles,78,,,78646000AW0219,,,713,,,,,,,,,,1,3,Dépendance,,0,,,,,,2.147909,48.808568
2022-1301628,2022-06-17,000001,Vente,581690,35,,RUE HENRI SIMON,1330,78000,78646,Versailles,78,,,78646000AW0219,,,526,79.93,546,,,,,,,,2,3,Dépendance,,0,,,,,,2.147909,48.808568
2022-1301628,2022-06-17,000001,Vente,581690,35,,RUE HENRI SIMON,1330,78000,78646,Versailles,78,,,78646000AW0219,,,526,79.93,546,,,,,,,,2,3,Dépendance,,0,,,,,,2.147909,48.808568
2022-1301630,2022-06-16,000001,Vente,2907500,6,,RUE LA QUINTINIE,2470,78000,78646,Versailles,78,,,78646000BV0005,,,,,,,,,,,,,0,1,Maison,240,9,S,sols,,,696,2.119761,48.79997
2022-1301630,2022-06-16,000001,Vente,2907500,2,,RUE HARDY,1290,78000,78646,Versailles,78,,,78646000BV0006,,,28,,,,,,,,,,1,3,Dépendance,,0,,,,,,2.119938,48.799912
2022-1301630,2022-06-16,000001,Vente,2907500,2,,RUE HARDY,1290,78000,78646,Versailles,78,,,78646000BV0006,,,27,,,,,,,,,,1,3,Dépendance,,0,,,,,,2.119938,48.799912
2022-1301643,2022-06-02,000001,Vente,1,37,,AV DES ETATS UNIS,0990,78000,78646,Versailles,78,,,78646000AS0042,,,14,,,,,,,,,,1,1,Maison,117,5,,,,,,,
2022-1301645,2022-06-14,000001,Vente,269800,144,,AV DES ETATS UNIS,0990,78000,78646,Versailles,78,,,78646000AV0136,,,48,43.56,7,,,,,,,,2,2,Appartement,43,2,,,,,,2.154971,48.812749
2022-1301645,2022-06-14,000001,Vente,269800,144,,AV DES ETATS UNIS,0990,78000,78646,Versailles,78,,,78646000AV0136,,,48,43.56,7,,,,,,,,2,3,Dépendance,,0,,,,,,2.154971,48.812749
2022-1301645,2022-06-14,000001,Vente,269800,144,,AV DES ETATS UNIS,0990,78000,78646,Versailles,78,,,78646000AV0136,,,64,,,,,,,,,,1,3,Dépendance,,0,,,,,,2.154971,48.812749
2022-1301671,2022-06-07,000001,Vente,12800,6,,RUE MONTBAURON,1970,78000,78646,Versailles,78,,,78646000BP0027,,,28,,,,,,,,,,1,3,Dépendance,,0,,,,,,2.135298,48.802989
2022-1301675,2022-06-20,000001,Vente,1046700,65,,BD DE LA REINE,2520,78000,78646,Versailles,78,,,78646000AD0070,,,58,,,,,,,,,,1,3,Dépendance,,0,,,,,,2.130472,48.809642
2022-1301675,2022-06-20,000001,Vente,1046700,65,,BD DE LA REINE,2520,78000,78646,Versailles,78,,,78646000AD0070,,,75,,,,,,,,,,1,3,Dépendance,,0,,,,,,2.130472,48.809642
2022-1301675,2022-06-20,000001,Vente,1046700,65,,BD DE LA REINE,2520,78000,78646,Versailles,78,,,78646000AD0070,,,58,,,,,,,,,,1,3,Dépendance,,0,,,,,,2.130472,48.809642
2022-1301675,2022-06-20,000001,Vente,1046700,65,,BD DE LA REINE,2520,78000,78646,Versailles,78,,,78646000AD0070,,,58,,,,,,,,,,1,2,Appartement,93,4,,,,,,2.130472,48.809642
2022-1301683,2022-06-17,000001,Vente,1206675,32,,AV FOURCAULT DE PAVANT,1090,78000,78646,Versailles,78,,,78646000AM0322,,,,,,,,,,,,,0,1,Maison,100,4,S,sols,,,194,2.143811,48.817951
2022-1301699,2022-06-17,000001,Vente,1202500,8,,RUE DE BEAUVAU,0320,78000,78646,Versailles,78,,,78646000AD0279,,,88,,,,,,,,,,1,1,Maison,125,6,,,,,,2.131576,48.811777
2022-1301702,2022-06-09,000001,Vente,1650000,12,,BD DU ROI,2641,78000,78646,Versailles,78,,,78646000AD0522,,,17,,,,,,,,,,1,4,Local industriel. commercial ou assimilé,12,0,,,,,,2.126726,48.810803
2022-1301702,2022-06-09,000001,Vente,1650000,12,,BD DU ROI,2641,78000,78646,Versailles,78,,,78646000AD0522,,,18,,,,,,,,,,1,4,Local industriel. commercial ou assimilé,12,0,,,,,,2.126726,48.810803
2022-1301702,2022-06-09,000001,Vente,1650000,12,,BD DU ROI,2641,78000,78646,Versailles,78,,,78646000AD0522,,,6,194.85,7,,,,,,,,2,4,Local industriel. commercial ou assimilé,126,0,,,,,,2.126726,48.810803
2022-1301702,2022-06-09,000001,Vente,1650000,12,,BD DU ROI,2641,78000,78646,Versailles,78,,,78646000AD0522,,,12,36.9,,,,,,,,,1,4,Local industriel. commercial ou assimilé,36,0,,,,,,2.126726,48.810803
2022-1301706,2022-06-22,000001,Vente,460500,7,,RUE DE LA POURVOIERIE,2420,78000,78646,Versailles,78,,,78646000AE0076,,,6,,,,,,,,,,1,2,Appartement,56,2,,,,,,2.131902,48.807412
2022-1301706,2022-06-22,000001,Vente,460500,7,,RUE DE LA POURVOIERIE,2420,78000,78646,Versailles,78,,,78646000AE0076,,,6,,,,,,,,,,1,3,Dépendance,,0,,,,,,2.131902,48.807412
2022-1301714,2022-06-21,000001,Vente,451000,76,,RUE ROYALE,2648,78000,78646,Versailles,78,,,78646000BW0060,,,24,,,,,,,,,,1,3,Dépendance,,0,,,,,,2.124753,48.795183
2022-1301714,2022-06-21,000001,Vente,451000,76,,RUE ROYALE,2648,78000,78646,Versailles,78,,,78646000BW0060,,,23,,,,,,,,,,1,3,Dépendance,,0,,,,,,2.124753,48.795183
2022-1301714,2022-06-21,000001,Vente,451000,76,,RUE ROYALE,2648,78000,78646,Versailles,78,,,78646000BW0060,,,25,,,,,,,,,,1,2,Appartement,22,2,,,,,,2.124753,48.795183
2022-1301732,2022-06-16,000001,Vente,430346,2,,RUE NEUVE NOTRE DAME,2040,78000,78646,Versailles,78,,,78646000AE0164,,,158,,169,,,,,,,,2,3,Dépendance,,0,,,,,,2.125493,48.808632
2022-1301732,2022-06-16,000001,Vente,430346,2,,RUE NEUVE NOTRE DAME,2040,78000,78646,Versailles,78,,,78646000AE0164,,,158,,169,,,,,,,,2,2,Appartement,50,3,,,,,,2.125493,48.808632
2022-1301734,2022-03-24,000001,Vente,348000,39,,BD DU ROI,2641,78000,78646,Versailles,78,,,78646000AC0108,,,152,,,,,,,,,,1,3,Dépendance,,0,,,,,,2.127742,48.814503
2022-1301734,2022-03-24,000001,Vente,348000,39,,BD DU ROI,2641,78000,78646,Versailles,78,,,78646000AC0108,,,51,,,,,,,,,,1,2,Appartement,53,2,,,,,,2.127742,48.814503
2022-1301741,2022-06-08,000001,Vente,170000,16,,RUE DES BOURDONNAIS,0400,78000,78646,Versailles,78,,,78646000BV0176,,,30,20.38,,,,,,,,,1,2,Appartement,20,1,,,,,,2.124717,48.795841
2022-1301742,2022-06-01,000001,Vente,895000,2,,RUE ALBERT JOLY,0050,78000,78646,Versailles,78,,,78646000AK0155,,,18,,19,,4,,,,,,3,3,Dépendance,,0,,,,,,2.134916,48.810644
2022-1301742,2022-06-01,000001,Vente,895000,2,,RUE ALBERT JOLY,0050,78000,78646,Versailles,78,,,78646000AK0155,,,18,,19,,4,,,,,,3,2,Appartement,115,4,,,,,,2.134916,48.810644
2022-1301742,2022-06-01,000001,Vente,895000,2,,RUE ALBERT JOLY,0050,78000,78646,Versailles,78,,,78646000AK0155,,,25,,,,,,,,,,1,3,Dépendance,,0,,,,,,2.134916,48.810644
2022-1301758,2022-06-15,000001,Vente,1930000,8,,RUE DES RESERVOIRS,2580,78000,78646,Versailles,78,,,78646000AE0371,,,14,222.68,15,,16,,17,,18,,5,2,Appartement,228,6,,,,,,2.124232,48.806296
2022-1301769,2022-06-08,000001,Vente,355000,52,,RUE DE LA PAROISSE,2190,78000,78646,Versailles,78,,,78646000AE0428,,,6,40.91,,,,,,,,,1,2,Appartement,42,2,,,,,,2.129708,48.806918
2022-1301774,2022-06-02,000001,Vente,13620000,145,,RUE YVES LE COZ,3210,78000,78646,Versailles,78,,,78646000BI0349,,,,,,,,,,,,,0,4,Local industriel. commercial ou assimilé,6972,0,S,sols,,,2247,2.149871,48.791048
2022-1301774,2022-06-02,000001,Vente,13620000,145,,RUE YVES LE COZ,3210,78000,78646,Versailles,78,,,78646000BI0350,,,,,,,,,,,,,0,,,,,S,sols,,,2031,2.15015,48.791251
2022-1301799,2022-06-24,000001,Vente,197986,86,,RUE D ANJOU,0190,78000,78646,Versailles,78,,,78646000BT0080,,,18,,,,,,,,,,1,3,Dépendance,,0,,,,,,2.12952,48.795748
2022-1301799,2022-06-24,000001,Vente,197986,86,,RUE D ANJOU,0190,78000,78646,Versailles,78,,,78646000BT0080,,,31,,4,,,,,,,,2,2,Appartement,30,1,,,,,,2.12952,48.795748
2022-1301825,2022-06-02,000001,Vente,715000,6,,RUE DE LA BONNE AVENTURE,0390,78000,78646,Versailles,78,,,78646000AX0258,,,24,,3,84.06,,,,,,,2,3,Dépendance,,0,,,,,,2.144134,48.806144
2022-1301825,2022-06-02,000001,Vente,715000,6,,RUE DE LA BONNE AVENTURE,0390,78000,78646,Versailles,78,,,78646000AX0258,,,42,,,,,,,,,,1,3,Dépendance,,0,,,,,,2.144134,48.806144
2022-1301825,2022-06-02,000001,Vente,715000,6,,RUE DE LA BONNE AVENTURE,0390,78000,78646,Versailles,78,,,78646000AX0258,,,24,,3,84.06,,,,,,,2,2,Appartement,84,3,,,,,,2.144134,48.806144
2022-1301893,2022-06-13,000001,Vente,659000,30,,RUE HENRI SIMON,1330,78000,78646,Versailles,78,,,78646000AW0006,,,1052,,1053,,,,,,,,2,3,Dépendance,,0,,,,,,2.15013,48.808121
2022-1301893,2022-06-13,000001,Vente,659000,30,,RUE HENRI SIMON,1330,78000,78646,Versailles,78,,,78646000AW0006,,,20,102.34,96,,,,,,,,2,2,Appartement,104,4,,,,,,2.15013,48.808121
2022-1301893,2022-06-13,000001,Vente,659000,30,,RUE HENRI SIMON,1330,78000,78646,Versailles,78,,,78646000AW0006,,,20,102.34,96,,,,,,,,2,3,Dépendance,,0,,,,,,2.15013,48.808121
2022-1301894,2022-06-13,000001,Vente,1450000,13,,RUE COLBERT,0630,78000,78646,Versailles,78,,,78646000AE0337,,,14,,7,149.73,,,,,,,2,4,Local industriel. commercial ou assimilé,150,0,,,,,,2.126239,48.805263
2022-1301894,2022-06-13,000001,Vente,1450000,13,,RUE COLBERT,0630,78000,78646,Versailles,78,,,78646000AE0337,,,111,,,,,,,,,,1,3,Dépendance,,0,,,,,,2.126239,48.805263
2022-1301904,2022-06-14,000001,Vente,310000,27,,RUE DE SATORY,2950,78000,78646,Versailles,78,,,78646000AH0141,,,47,37.68,,,,,,,,,1,3,Dépendance,,0,,,,,,2.125446,48.799841
2022-1301904,2022-06-14,000001,Vente,310000,27,,RUE DE SATORY,2950,78000,78646,Versailles,78,,,78646000AH0141,,,47,37.68,,,,,,,,,1,2,Appartement,190,8,,,,,,2.125446,48.799841
2022-1301910,2022-06-17,000001,Vente,441280,2,B,RUE DU PARC DE CLAGNY,2171,78000,78646,Versailles,78,,,78646000AR0094,,,16,58.09,36,,,,,,,,2,2,Appartement,62,3,,,,,,2.140261,48.808704
2022-1301910,2022-06-17,000001,Vente,441280,2,B,RUE DU PARC DE CLAGNY,2171,78000,78646,Versailles,78,,,78646000AR0094,,,16,58.09,36,,,,,,,,2,3,Dépendance,,0,,,,,,2.140261,48.808704
2022-1301915,2022-06-03,000001,Vente,1874750,24,,RUE DES RESERVOIRS,2580,78000,78646,Versailles,78,,,78646000AE0173,,,17,209.17,34,,,,,,,,2,3,Dépendance,,0,,,,,,2.125222,48.807871
2022-1301915,2022-06-03,000001,Vente,1874750,24,,RUE DES RESERVOIRS,2580,78000,78646,Versailles,78,,,78646000AE0173,,,66,8.06,,,,,,,,,1,3,Dépendance,,0,,,,,,2.125222,48.807871
2022-1301915,2022-06-03,000001,Vente,1874750,24,,RUE DES RESERVOIRS,2580,78000,78646,Versailles,78,,,78646000AE0173,,,17,209.17,34,,,,,,,,2,2,Appartement,210,8,,,,,,2.125222,48.807871
2022-1301915,2022-06-03,000001,Vente,1874750,24,,RUE DES RESERVOIRS,2580,78000,78646,Versailles,78,,,78646000AE0173,,,17,209.17,34,,,,,,,,2,3,Dépendance,,0,,,,,,2.125222,48.807871
2022-1301927,2022-06-08,000001,Vente,434000,36,,RUE HELENE ANDREE,1320,78000,78646,Versailles,78,,,78646000AV0357,,,61,75.52,8,,,,,,,,2,2,Appartement,75,3,,,,,,2.15223,48.811267
2022-1301927,2022-06-08,000001,Vente,434000,36,,RUE HELENE ANDREE,1320,78000,78646,Versailles,78,,,78646000AV0357,,,27,,,,,,,,,,1,3,Dépendance,,0,,,,,,2.15223,48.811267
2022-1301927,2022-06-08,000001,Vente,434000,36,,RUE HELENE ANDREE,1320,78000,78646,Versailles,78,,,78646000AV0357,,,61,75.52,8,,,,,,,,2,3,Dépendance,,0,,,,,,2.15223,48.811267
2022-1301928,2022-06-21,000001,Vente,240000,30,,RUE SAINT CHARLES,2710,78000,78646,Versailles,78,,,78646000AY0098,,,12,,2,39.49,,,,,,,2,3,Dépendance,,0,,,,,,2.149388,48.801666
2022-1301928,2022-06-21,000001,Vente,240000,30,,RUE SAINT CHARLES,2710,78000,78646,Versailles,78,,,78646000AY0098,,,12,,2,39.49,,,,,,,2,2,Appartement,38,3,,,,,,2.149388,48.801666
2022-1301930,2022-06-23,000001,Vente,124213,108,,BD DE LA REINE,2520,78000,78646,Versailles,78,,,78646000AX0037,,,108,14.38,,,,,,,,,1,3,Dépendance,,0,,,,,,2.142871,48.807658
2022-1301933,2022-06-17,000001,Vente en l'état futur d'achèvement,605000,104,,AV DE PARIS,2180,78000,78646,Versailles,78,,,78646000BK0019,,,106,,,,,,,,,,1,3,Dépendance,,0,,,,,,2.150393,48.797197
2022-1301933,2022-06-17,000001,Vente en l'état futur d'achèvement,605000,104,,AV DE PARIS,2180,78000,78646,Versailles,78,,,78646000BK0019,,,25,,,,,,,,,,1,2,Appartement,63,3,,,,,,2.150393,48.797197
2022-1301938,2022-06-20,000001,Vente,647000,27,,RUE LAFAYETTE,1580,78000,78646,Versailles,78,,,78646000AD0220,,,39,,,,,,,,,,1,3,Dépendance,,0,,,,,,2.128157,48.81239
2022-1301938,2022-06-20,000001,Vente,647000,27,B,RUE LAFAYETTE,1580,78000,78646,Versailles,78,,,78646000AD0220,,,104,,150,81.07,,,,,,,2,3,Dépendance,,0,,,,,,2.128157,48.81239
2022-1301938,2022-06-20,000001,Vente,647000,27,B,RUE LAFAYETTE,1580,78000,78646,Versailles,78,,,78646000AD0220,,,104,,150,81.07,,,,,,,2,2,Appartement,89,4,,,,,,2.128157,48.81239
2022-1301961,2022-06-10,000001,Vente,28000,18,,RUE MADEMOISELLE,1740,78000,78646,Versailles,78,,,78646000AD0152,,,62,,,,,,,,,,1,3,Dépendance,,0,,,,,,2.129657,48.811122
2022-1301992,2022-06-23,000001,Vente,1450000,,,ALL DE L ALLIANCE,0135,78000,78646,Versailles,78,,,78646000AP0018,,,,,,,,,,,,,0,,,,,AB,terrains a bâtir,RUE,Rue,687,2.144772,48.816215
2022-1301992,2022-06-23,000001,Vente,1450000,5,,ALL DE L ALLIANCE,0135,78000,78646,Versailles,78,,,78646000AP0024,,,,,,,,,,,,,0,1,Maison,180,6,S,sols,,,455,2.144835,48.815764
2022-1301995,2022-06-02,000001,Vente,1049500,37,T,AV DES ETATS UNIS,0990,78000,78646,Versailles,78,,,78646000AS0117,,,,,,,,,,,,,0,,,,,S,sols,,,226,2.147596,48.809632
2022-1302028,2022-06-08,000001,Vente,506200,63,,RUE DE LA PAROISSE,2190,78000,78646,Versailles,78,,,78646000AI0286,,,10,,20,,24,,9,56.92,,,4,2,Appartement,56,3,,,,,,2.133707,48.8066
2022-1302028,2022-06-08,000001,Vente,506200,63,,RUE DE LA PAROISSE,2190,78000,78646,Versailles,78,,,78646000AI0286,,,10,,20,,24,,9,56.92,,,4,3,Dépendance,,0,,,,,,2.133707,48.8066
2022-1302028,2022-06-08,000001,Vente,506200,63,,RUE DE LA PAROISSE,2190,78000,78646,Versailles,78,,,78646000AI0286,,,10,,20,,24,,9,56.92,,,4,3,Dépendance,,0,,,,,,2.133707,48.8066
2022-1302040,2022-06-24,000001,Vente,170000,23,,RUE DE LA PAROISSE,2190,78000,78646,Versailles,78,,,78646000AE0146,,,17,,9,,,,,,,,2,2,Appartement,25,2,,,,,,2.127836,48.808069
2022-1302040,2022-06-24,000001,Vente,170000,23,,RUE DE LA PAROISSE,2190,78000,78646,Versailles,78,,,78646000AE0146,,,17,,9,,,,,,,,2,3,Dépendance,,0,,,,,,2.127836,48.808069
2022-1302047,2022-06-13,000001,Vente en l'état futur d'achèvement,395500,104,,AV DE PARIS,2180,78000,78646,Versailles,78,,,78646000BK0019,,,83,,,,,,,,,,1,3,Dépendance,,0,,,,,,2.150393,48.797197
2022-1302047,2022-06-13,000001,Vente en l'état futur d'achèvement,395500,104,,AV DE PARIS,2180,78000,78646,Versailles,78,,,78646000BK0019,,,48,,,,,,,,,,1,2,Appartement,60,3,,,,,,2.150393,48.797197
2022-1302074,2022-06-22,000001,Vente,461905,3,,AV DE LA MAYE,1875,78000,78646,Versailles,78,,,78646000AL0012,,,3,73.52,7,,,,,,,,2,2,Appartement,45,2,,,,,,2.136904,48.816919
2022-1302074,2022-06-22,000001,Vente,461905,3,,AV DE LA MAYE,1875,78000,78646,Versailles,78,,,78646000AL0012,,,4,,,,,,,,,,1,2,Appartement,45,2,,,,,,2.136904,48.816919
2022-1302083,2022-06-27,000001,Vente,960000,16,,RUE D ANGIVILLER,0170,78000,78646,Versailles,78,,,78646000AD0051,,,16,123.66,7,,,,,,,,2,2,Appartement,128,5,,,,,,2.129749,48.81016
2022-1302083,2022-06-27,000001,Vente,960000,16,,RUE D ANGIVILLER,0170,78000,78646,Versailles,78,,,78646000AD0051,,,8,,,,,,,,,,1,3,Dépendance,,0,,,,,,2.129749,48.81016
2022-1302089,2022-06-01,000001,Vente,880000,4,,IMP MARGUERITE,1842,78000,78646,Versailles,78,,,78646000AY0076,,,,,,,,,,,,,0,1,Maison,91,5,S,sols,,,157,2.151244,48.801832
2022-1302092,2022-06-08,000001,Vente,309000,12,,AV DE PORCHEFONTAINE,2380,78000,78646,Versailles,78,,,78646000BK0021,,,1811,,,,,,,,,,1,3,Dépendance,,0,,,,,,2.152071,48.797176
2022-1302092,2022-06-08,000001,Vente,309000,12,,AV DE PORCHEFONTAINE,2380,78000,78646,Versailles,78,,,78646000BK0021,,,222,,282,54.64,,,,,,,2,2,Appartement,54,2,,,,,,2.152071,48.797176
2022-1302092,2022-06-08,000001,Vente,309000,12,,AV DE PORCHEFONTAINE,2380,78000,78646,Versailles,78,,,78646000BK0021,,,222,,282,54.64,,,,,,,2,3,Dépendance,,0,,,,,,2.152071,48.797176
2022-1302109,2022-06-20,000001,Vente,408000,59,,AV DES ETATS UNIS,0990,78000,78646,Versailles,78,,,78646000AS0054,,,211,,,,,,,,,,1,3,Dépendance,,0,,,,,,2.152632,48.814149
2022-1302109,2022-06-20,000001,Vente,408000,59,,AV DES ETATS UNIS,0990,78000,78646,Versailles,78,,,78646000AS0054,,,352,,,,,,,,,,1,3,Dépendance,,0,,,,,,2.152632,48.814149
2022-1302109,2022-06-20,000001,Vente,408000,59,,AV DES ETATS UNIS,0990,78000,78646,Versailles,78,,,78646000AS0054,,,211,,,,,,,,,,1,2,Appartement,79,5,,,,,,2.152632,48.814149
2022-1302115,2022-06-02,000001,Vente,20000,6,,RUE LOUIS HAUSSMANN,1679,78000,78646,Versailles,78,,,78646000AS0036,,,77,,,,,,,,,,1,3,Dépendance,,0,,,,,,2.147113,48.809569
2022-1302134,2022-06-02,000001,Vente,583400,40,B,RUE ALBERT JOLY,0050,78000,78646,Versailles,78,,,78646000AR0063,,,24,,7,,,,,,,,2,2,Appartement,44,2,,,,,,2.141071,48.809918
2022-1302134,2022-06-02,000001,Vente,583400,40,B,RUE ALBERT JOLY,0050,78000,78646,Versailles,78,,,78646000AR0063,,,7,,,,,,,,,,1,2,Appartement,27,2,,,,,,2.141071,48.809918
2022-1302162,2022-06-08,000001,Vente,183333,26,B,RUE COSTE,0730,78000,78646,Versailles,78,,,78646000BE0016,,,9,17.54,,,,,,,,,1,4,Local industriel. commercial ou assimilé,18,0,,,,,,2.15635,48.79457
2022-1302165,2022-06-02,000001,Vente,695000,28,,RUE HENRI SIMON,1330,78000,78646,Versailles,78,,,78646000AW0006,,,937,,,,,,,,,,1,3,Dépendance,,0,,,,,,2.15013,48.808121
2022-1302165,2022-06-02,000001,Vente,695000,28,,RUE HENRI SIMON,1330,78000,78646,Versailles,78,,,78646000AW0006,,,308,107.07,326,,,,,,,,2,3,Dépendance,,0,,,,,,2.15013,48.808121
2022-1302165,2022-06-02,000001,Vente,695000,28,,RUE HENRI SIMON,1330,78000,78646,Versailles,78,,,78646000AW0006,,,1315,,,,,,,,,,1,3,Dépendance,,0,,,,,,2.15013,48.808121
2022-1302165,2022-06-02,000001,Vente,695000,28,,RUE HENRI SIMON,1330,78000,78646,Versailles,78,,,78646000AW0006,,,308,107.07,326,,,,,,,,2,2,Appartement,108,4,,,,,,2.15013,48.808121
2022-1302166,2022-06-13,000001,Vente,18000,3,,RUE ANTOINE COYPEL,0200,78000,78646,Versailles,78,,,78646000BO0010,,,98,,,,,,,,,,1,3,Dépendance,,0,,,,,,2.142833,48.800054
2022-1302192,2022-06-08,000001,Vente,152200,18,,RUE DES CONDAMINES,0690,78000,78646,Versailles,78,,,78646000AX0363,,,15,,3,19.79,,,,,,,2,3,Dépendance,,0,,,,,,2.146029,48.803262
2022-1302192,2022-06-08,000001,Vente,152200,18,,RUE DES CONDAMINES,0690,78000,78646,Versailles,78,,,78646000AX0363,,,15,,3,19.79,,,,,,,2,2,Appartement,20,1,,,,,,2.146029,48.803262
2022-1302196,2022-06-23,000001,Vente,580000,16,,RUE DU PARC DE CLAGNY,2171,78000,78646,Versailles,78,,,78646000AP0099,,,113,,26,72.72,,,,,,,2,3,Dépendance,,0,,,,,,2.141446,48.81293
2022-1302196,2022-06-23,000001,Vente,580000,16,,RUE DU PARC DE CLAGNY,2171,78000,78646,Versailles,78,,,78646000AP0099,,,113,,26,72.72,,,,,,,2,2,Appartement,71,3,,,,,,2.141446,48.81293
2022-1302196,2022-06-23,000001,Vente,580000,16,,RUE DU PARC DE CLAGNY,2171,78000,78646,Versailles,78,,,78646000AP0099,,,61,,,,,,,,,,1,3,Dépendance,,0,,,,,,2.141446,48.81293
2022-1302254,2022-06-03,000001,Vente,82000,36,,RUE DU VIEUX VERSAILLES,3180,78000,78646,Versailles,78,,,78646000AH0127,,,5,,,,,,,,,,1,3,Dépendance,,0,,,,,,2.124469,48.800269
2022-1302264,2022-06-03,000001,Vente,285500,27,,RUE DE VERGENNES,3150,78000,78646,Versailles,78,,,78646000BN0024,,,23,51.91,34,,,,,,,,2,3,Dépendance,,0,,,,,,2.138069,48.798189
2022-1302264,2022-06-03,000001,Vente,285500,27,,RUE DE VERGENNES,3150,78000,78646,Versailles,78,,,78646000BN0024,,,23,51.91,34,,,,,,,,2,2,Appartement,52,2,,,,,,2.138069,48.798189
2022-1302271,2022-06-28,000001,Vente,960000,16,,RUE D ANGIVILLER,0170,78000,78646,Versailles,78,,,78646000AD0051,,,17,126.19,3,,6,,,,,,3,2,Appartement,124,5,,,,,,2.129749,48.81016
2022-1302271,2022-06-28,000001,Vente,960000,16,,RUE D ANGIVILLER,0170,78000,78646,Versailles,78,,,78646000AD0051,,,17,126.19,3,,6,,,,,,3,3,Dépendance,,0,,,,,,2.129749,48.81016
2022-1302271,2022-06-28,000001,Vente,960000,16,,RUE D ANGIVILLER,0170,78000,78646,Versailles,78,,,78646000AD0051,,,17,126.19,3,,6,,,,,,3,3,Dépendance,,0,,,,,,2.129749,48.81016
2022-1302271,2022-06-28,000001,Vente,960000,16,,RUE D ANGIVILLER,0170,78000,78646,Versailles,78,,,78646000AD0051,,,11,,,,,,,,,,1,3,Dépendance,,0,,,,,,2.129749,48.81016
2022-1302310,2022-06-23,000001,Vente,356500,2,,RUE BENJAMIN FRANKLIN,0340,78000,78646,Versailles,78,,,78646000BR0094,,,8,,,,,,,,,,1,2,Appartement,50,2,,,,,,2.13738,48.799689
2022-1302344,2022-06-09,000001,Vente,295000,12,,RUE CHAMP LAGARDE,0490,78000,78646,Versailles,78,,,78646000BO0007,,,4,46.89,,,,,,,,,1,2,Appartement,31,2,,,,,,2.142517,48.800386
2022-1302344,2022-06-09,000001,Vente,295000,12,,RUE CHAMP LAGARDE,0490,78000,78646,Versailles,78,,,78646000BO0007,,,4,46.89,,,,,,,,,1,3,Dépendance,,0,,,,,,2.142517,48.800386
2022-1302344,2022-06-09,000001,Vente,295000,12,,RUE CHAMP LAGARDE,0490,78000,78646,Versailles,78,,,78646000BO0007,,,4,46.89,,,,,,,,,1,3,Dépendance,,0,,,,,,2.142517,48.800386
2022-1302356,2022-06-03,000001,Vente,385000,9,,RUE DE MONTREUIL,2000,78000,78646,Versailles,78,,,78646000AX0284,,,21,,,,,,,,,,1,2,Appartement,42,2,,,,,,2.142813,48.805553
2022-1302364,2022-06-20,000001,Vente,297500,19,,RUE EXELMANS,1020,78000,78646,Versailles,78,,,78646000AC0306,,,141,39.78,151,,,,,,,,2,2,Appartement,41,1,,,,,,2.125764,48.813952
2022-1302364,2022-06-20,000001,Vente,297500,53,,RUE EXELMANS,1020,78000,78646,Versailles,78,,,78646000AC0306,,,17056,,,,,,,,,,1,3,Dépendance,,0,,,,,,2.125764,48.813952
2022-1302364,2022-06-20,000001,Vente,297500,19,,RUE EXELMANS,1020,78000,78646,Versailles,78,,,78646000AC0306,,,141,39.78,151,,,,,,,,2,3,Dépendance,,0,,,,,,2.125764,48.813952
2022-1302364,2022-06-20,000001,Vente,297500,53,,RUE EXELMANS,1020,78000,78646,Versailles,78,,,78646000AC0306,,,17049,,,,,,,,,,1,3,Dépendance,,0,,,,,,2.125764,48.813952
2022-1302369,2022-06-20,000001,Vente,1324200,23,,RUE RACINE,2480,78000,78646,Versailles,78,,,78646000BL0196,,,,,,,,,,,,,0,3,Dépendance,,0,S,sols,,,437,2.1465,48.793743
2022-1302369,2022-06-20,000001,Vente,1324200,23,,RUE RACINE,2480,78000,78646,Versailles,78,,,78646000BL0196,,,,,,,,,,,,,0,1,Maison,154,7,S,sols,,,437,2.1465,48.793743
2022-1302378,2022-06-29,000001,Vente,440000,7,,RUE DES PRES AUX BOIS,2430,78000,78646,Versailles,78,,,78646000BC0125,,,77,,,,,,,,,,1,3,Dépendance,,0,,,,,,2.159314,48.799944
2022-1302378,2022-06-29,000001,Vente,440000,7,,RUE DES PRES AUX BOIS,2430,78000,78646,Versailles,78,,,78646000BC0125,,,29,85.62,40,,,,,,,,2,2,Appartement,87,4,,,,,,2.159314,48.799944
2022-1302378,2022-06-29,000001,Vente,440000,7,,RUE DES PRES AUX BOIS,2430,78000,78646,Versailles,78,,,78646000BC0125,,,29,85.62,40,,,,,,,,2,3,Dépendance,,0,,,,,,2.159314,48.799944
2022-1302398,2022-06-23,000001,Vente,200000,38,,RUE DES ETATS GENERAUX,0980,78000,78646,Versailles,78,,,78646000BS0146,,,109,,134,,,,,,,,2,3,Dépendance,,0,,,,,,2.134808,48.797326
2022-1302398,2022-06-23,000001,Vente,200000,38,,RUE DES ETATS GENERAUX,0980,78000,78646,Versailles,78,,,78646000BS0146,,,109,,134,,,,,,,,2,2,Appartement,51,2,,,,,,2.134808,48.797326
2022-1302404,2022-06-03,000001,Vente,20000,27,,RUE DE LA CEINTURE,0460,78000,78646,Versailles,78,,,78646000AV0078,,,26,,,,,,,,,,1,3,Dépendance,,0,,,,,,2.153491,48.808977
2022-1302414,2022-06-13,000001,Vente,210000,74,,BD DE LA REINE,2520,78000,78646,Versailles,78,,,78646000AE0051,,,31,36.62,39,,,,,,,,2,4,Local industriel. commercial ou assimilé,52,0,,,,,,2.132676,48.808718
2022-1302438,2022-06-16,000001,Vente,452000,13,,RUE DU PONT COLBERT,2370,78000,78646,Versailles,78,,,78646000BL0422,,,496,,,,,,,,,,1,3,Dépendance,,0,,,,,,2.147593,48.79113
2022-1302438,2022-06-16,000001,Vente,452000,13,,RUE DU PONT COLBERT,2370,78000,78646,Versailles,78,,,78646000BL0422,,,492,92.9,,,,,,,,,1,2,Appartement,110,3,,,,,,2.147593,48.79113
2022-1302508,2022-06-29,000001,Vente,195000,3,,AV DE SAINT CLOUD,2730,78000,78646,Versailles,78,,,78646000AE0318,,,39,24.64,,,,,,,,,1,2,Appartement,30,2,,,,,,2.127938,48.80526
2022-1302511,2022-06-28,000001,Vente,140000,22,,RUE DU MAL FOCH,1810,78000,78646,Versailles,78,,,78646000AI0211,,,23,,7,23.29,,,,,,,2,2,Appartement,20,1,,,,,,2.132777,48.807412
2022-1302511,2022-06-28,000001,Vente,140000,22,,RUE DU MAL FOCH,1810,78000,78646,Versailles,78,,,78646000AI0211,,,23,,7,23.29,,,,,,,2,3,Dépendance,,0,,,,,,2.132777,48.807412
2022-1302559,2022-06-17,000001,Vente,206152,17,T,RUE DU PONT COLBERT,2370,78000,78646,Versailles,78,,,78646000BI0022,,,426,40.54,,,,,,,,,1,3,Dépendance,,0,,,,,,2.149624,48.789909
2022-1302559,2022-06-17,000001,Vente,206152,17,T,RUE DU PONT COLBERT,2370,78000,78646,Versailles,78,,,78646000BI0022,,,426,40.54,,,,,,,,,1,2,Appartement,41,2,,,,,,2.149624,48.789909
2022-1302598,2022-06-08,000001,Vente,625000,82,B,AV DE PARIS,2180,78000,78646,Versailles,78,,,78646000BN0166,,,415,98.08,434,,,,,,,,2,2,Appartement,97,5,,,,,,2.145036,48.797427
2022-1302598,2022-06-08,000001,Vente,625000,82,B,AV DE PARIS,2180,78000,78646,Versailles,78,,,78646000BN0166,,,415,98.08,434,,,,,,,,2,3,Dépendance,,0,,,,,,2.145036,48.797427
2022-1302598,2022-06-08,000001,Vente,625000,82,B,AV DE PARIS,2180,78000,78646,Versailles,78,,,78646000BN0166,,,415,98.08,434,,,,,,,,2,3,Dépendance,,0,,,,,,2.145036,48.797427
2022-1302598,2022-06-08,000001,Vente,625000,82,B,AV DE PARIS,2180,78000,78646,Versailles,78,,,78646000BN0166,,,926,,,,,,,,,,1,3,Dépendance,,0,,,,,,2.145036,48.797427
2022-1302626,2022-06-28,000001,Vente,67000,18,,RUE DU GENERAL LECLERC,1145,78000,78646,Versailles,78,,,78646000BV0074,,,14,9.74,,,,,,,,,1,2,Appartement,16,1,,,,,,2.126062,48.798894
2022-1302633,2022-06-24,000001,Vente,435000,27,,RUE JACQUES LEMERCIER,1420,78000,78646,Versailles,78,,,78646000AO0064,,,85,81.82,86,,,,,,,,2,2,Appartement,80,5,,,,,,2.148415,48.815728
2022-1302633,2022-06-24,000001,Vente,435000,27,,RUE JACQUES LEMERCIER,1420,78000,78646,Versailles,78,,,78646000AO0064,,,85,81.82,86,,,,,,,,2,3,Dépendance,,0,,,,,,2.148415,48.815728
2022-1302638,2022-06-29,000001,Vente,175000,63,,AV DE SAINT CLOUD,2730,78000,78646,Versailles,78,,,78646000AI0152,,,67,,,,,,,,,,1,2,Appartement,60,3,,,,,,2.134664,48.80568
2022-1302638,2022-06-29,000001,Vente,175000,63,,AV DE SAINT CLOUD,2730,78000,78646,Versailles,78,,,78646000AI0152,,,52,29.77,67,,,,,,,,2,4,Local industriel. commercial ou assimilé,35,0,,,,,,2.134664,48.80568
2022-1302638,2022-06-29,000001,Vente,175000,63,,AV DE SAINT CLOUD,2730,78000,78646,Versailles,78,,,78646000AI0152,,,67,,,,,,,,,,1,3,Dépendance,,0,,,,,,2.134664,48.80568
2022-1302638,2022-06-29,000001,Vente,175000,63,,AV DE SAINT CLOUD,2730,78000,78646,Versailles,78,,,78646000AI0152,,,67,,,,,,,,,,1,3,Dépendance,,0,,,,,,2.134664,48.80568
2022-1302640,2022-06-24,000001,Vente,325000,8,,RUE HOCHE,1350,78000,78646,Versailles,78,,,78646000AE0321,,,5,40.26,8,,,,,,,,2,2,Appartement,34,2,,,,,,2.127708,48.805389
2022-1302640,2022-06-24,000001,Vente,325000,8,,RUE HOCHE,1350,78000,78646,Versailles,78,,,78646000AE0321,,,5,40.26,8,,,,,,,,2,3,Dépendance,,0,,,,,,2.127708,48.805389
2022-1302641,2022-07-01,000001,Vente,271000,12,,RUE MONTBAURON,1970,78000,78646,Versailles,78,,,78646000BP0018,,,6,32.69,,,,,,,,,1,2,Appartement,37,2,,,,,,2.135708,48.803708
2022-1302641,2022-07-01,000001,Vente,271000,12,,RUE MONTBAURON,1970,78000,78646,Versailles,78,,,78646000BP0018,,,6,32.69,,,,,,,,,1,3,Dépendance,,0,,,,,,2.135708,48.803708
2022-1302658,2022-07-01,000001,Vente,360000,36,B,RUE DE MONTREUIL,2000,78000,78646,Versailles,78,,,78646000AX0309,,,1,,109,,110,,112,,16,,6,3,Dépendance,,0,,,,,,2.145638,48.804501
2022-1302658,2022-07-01,000001,Vente,360000,36,B,RUE DE MONTREUIL,2000,78000,78646,Versailles,78,,,78646000AX0309,,,1,,109,,110,,16,,303,,5,3,Dépendance,,0,,,,,,2.145638,48.804501
2022-1302658,2022-07-01,000001,Vente,360000,36,B,RUE DE MONTREUIL,2000,78000,78646,Versailles,78,,,78646000AX0309,,,1,,109,,110,,16,,303,,5,2,Appartement,70,3,,,,,,2.145638,48.804501
2022-1302658,2022-07-01,000001,Vente,360000,36,B,RUE DE MONTREUIL,2000,78000,78646,Versailles,78,,,78646000AX0309,,,1,,109,,110,,16,,303,,5,3,Dépendance,,0,,,,,,2.145638,48.804501
2022-1302659,2022-06-29,000001,Vente,1170000,4,,RUE ALBERT JOLY,0050,78000,78646,Versailles,78,,,78646000AK0154,,,2,,,,,,,,,,1,2,Appartement,79,3,,,,,,2.135096,48.810526
2022-1302674,2022-06-15,000001,Vente,876787,18,,RUE DU PARC DE CLAGNY,2171,78000,78646,Versailles,78,,,78646000AP0097,,,400,108.76,411,,,,,,,,2,3,Dépendance,,0,,,,,,2.141563,48.813647
2022-1302674,2022-06-15,000001,Vente,876787,18,,RUE DU PARC DE CLAGNY,2171,78000,78646,Versailles,78,,,78646000AP0097,,,337,,338,,,,,,,,2,3,Dépendance,,0,,,,,,2.141563,48.813647
2022-1302674,2022-06-15,000001,Vente,876787,18,,RUE DU PARC DE CLAGNY,2171,78000,78646,Versailles,78,,,78646000AP0097,,,228,,,,,,,,,,1,3,Dépendance,,0,,,,,,2.141563,48.813647
2022-1302674,2022-06-15,000001,Vente,876787,18,,RUE DU PARC DE CLAGNY,2171,78000,78646,Versailles,78,,,78646000AP0097,,,400,108.76,411,,,,,,,,2,2,Appartement,109,5,,,,,,2.141563,48.813647
2022-1302714,2022-06-23,000001,Vente,161000,88,B,AV DE PARIS,2180,78000,78646,Versailles,78,,,78646000BN0048,,,125,22.15,69,,,,,,,,2,2,Appartement,23,1,,,,,,2.146306,48.797577
2022-1302714,2022-06-23,000001,Vente,161000,88,B,AV DE PARIS,2180,78000,78646,Versailles,78,,,78646000BN0048,,,125,22.15,69,,,,,,,,2,3,Dépendance,,0,,,,,,2.146306,48.797577
2022-1302725,2022-06-16,000001,Vente,347000,16,,RUE BENJAMIN FRANKLIN,0340,78000,78646,Versailles,78,,,78646000BR0190,,,176,56.73,255,,,,,,,,2,2,Appartement,58,3,,,,,,2.135581,48.798108
2022-1302725,2022-06-16,000001,Vente,347000,16,,RUE BENJAMIN FRANKLIN,0340,78000,78646,Versailles,78,,,78646000BR0190,,,176,56.73,255,,,,,,,,2,3,Dépendance,,0,,,,,,2.135581,48.798108
2022-1302739,2022-06-29,000001,Vente,447400,53,,AV DES ETATS UNIS,0990,78000,78646,Versailles,78,,,78646000AS0050,,,2,82.22,,,,,,,,,1,2,Appartement,83,4,,,,,,2.151625,48.811927
2022-1302739,2022-06-29,000001,Vente,447400,53,,AV DES ETATS UNIS,0990,78000,78646,Versailles,78,,,78646000AS0050,,,2,82.22,,,,,,,,,1,3,Dépendance,,0,,,,,,2.151625,48.811927
2022-1302746,2022-06-22,000001,Vente,465350,53,,AV DES ETATS UNIS,0990,78000,78646,Versailles,78,,,78646000AS0050,,,44,,,,,,,,,,1,3,Dépendance,,0,,,,,,2.151625,48.811927
2022-1302746,2022-06-22,000001,Vente,465350,53,,AV DES ETATS UNIS,0990,78000,78646,Versailles,78,,,78646000AS0050,,,28,81.15,,,,,,,,,1,2,Appartement,76,4,,,,,,2.151625,48.811927
2022-1302746,2022-06-22,000001,Vente,465350,53,,AV DES ETATS UNIS,0990,78000,78646,Versailles,78,,,78646000AS0050,,,28,81.15,,,,,,,,,1,3,Dépendance,,0,,,,,,2.151625,48.811927
2022-1302766,2022-06-20,000001,Vente,104945,8,,RUE PHILIPPE DE DANGEAU,2255,78000,78646,Versailles,78,,,78646000AI0040,,,19,,30,,,,,,,,2,2,Appartement,20,1,,,,,,2.133222,48.803466
2022-1302778,2022-06-30,000001,Vente,2000000,21,,BD DE GLATIGNY,1275,78000,78646,Versailles,78,,,78646000AM0594,,,,,,,,,,,,,0,,,,,S,sols,,,611,2.141393,48.820559
2022-1302790,2022-06-27,000001,Vente,936500,17,,RUE DE L ERMITAGE,0940,78000,78646,Versailles,78,,,78646000AC0273,,,302,,,,,,,,,,1,3,Dépendance,,0,,,,,,2.122251,48.813276
2022-1302790,2022-06-27,000001,Vente,936500,11,,RUE DE L ERMITAGE,0940,78000,78646,Versailles,78,,,78646000AC0273,,,113,,,,,,,,,,1,3,Dépendance,,0,,,,,,2.122251,48.813276
2022-1302790,2022-06-27,000001,Vente,936500,11,,RUE DE L ERMITAGE,0940,78000,78646,Versailles,78,,,78646000AC0273,,,114,,,,,,,,,,1,3,Dépendance,,0,,,,,,2.122251,48.813276
2022-1302790,2022-06-27,000001,Vente,936500,17,,RUE DE L ERMITAGE,0940,78000,78646,Versailles,78,,,78646000AC0273,,,316,,,,,,,,,,1,2,Appartement,115,4,,,,,,2.122251,48.813276
2022-1302793,2022-07-04,000001,Vente,243429,86,,RUE D ANJOU,0190,78000,78646,Versailles,78,,,78646000BT0080,,,12,,32,,,,,,,,2,2,Appartement,50,2,,,,,,2.12952,48.795748
2022-1302793,2022-07-04,000001,Vente,243429,86,,RUE D ANJOU,0190,78000,78646,Versailles,78,,,78646000BT0080,,,15,,,,,,,,,,1,3,Dépendance,,0,,,,,,2.12952,48.795748
2022-1302807,2022-06-28,000001,Vente,295300,5,,AV DE SAINT CLOUD,2730,78000,78646,Versailles,78,,,78646000AE0317,,,2,,,,,,,,,,1,4,Local industriel. commercial ou assimilé,54,0,,,,,,2.128338,48.805267
2022-1302811,2022-06-30,000001,Vente,714400,29,,RUE ALBERT JOLY,0050,78000,78646,Versailles,78,,,78646000AK0085,,,86,,,,,,,,,,1,2,Appartement,90,5,,,,,,2.139769,48.810417
2022-1302811,2022-06-30,000001,Vente,714400,29,,RUE ALBERT JOLY,0050,78000,78646,Versailles,78,,,78646000AK0085,,,65,,,,,,,,,,1,3,Dépendance,,0,,,,,,2.139769,48.810417
2022-1302814,2022-06-29,000001,Vente,26500,8,,RUE EXELMANS,1020,78000,78646,Versailles,78,,,78646000AC0116,,,87,,,,,,,,,,1,3,Dépendance,,0,,,,,,2.126206,48.81323
2022-1302818,2022-06-30,000001,Vente,375750,9,B,RUE JEAN DE LA BRUYERE,1560,78000,78646,Versailles,78,,,78646000AO0205,,,1044,66.19,1144,,,,,,,,2,3,Dépendance,,0,,,,,,2.146857,48.813978
2022-1302818,2022-06-30,000001,Vente,375750,1,,ALL LA BRUYERE,1557,78000,78646,Versailles,78,,,78646000AO0205,,,1623,,,,,,,,,,1,3,Dépendance,,0,,,,,,2.146857,48.813978
2022-1302818,2022-06-30,000001,Vente,375750,9,B,RUE JEAN DE LA BRUYERE,1560,78000,78646,Versailles,78,,,78646000AO0205,,,1044,66.19,1144,,,,,,,,2,2,Appartement,64,3,,,,,,2.146857,48.813978
2022-1302818,2022-06-30,000001,Vente,375750,9,B,RUE JEAN DE LA BRUYERE,1560,78000,78646,Versailles,78,,,78646000AO0205,,,1044,66.19,1144,,,,,,,,2,3,Dépendance,,0,,,,,,2.146857,48.813978
2022-1302824,2022-06-15,000001,Vente,271500,59,,AV DES ETATS UNIS,0990,78000,78646,Versailles,78,,,78646000AS0054,,,339,,,,,,,,,,1,3,Dépendance,,0,,,,,,2.152632,48.814149
2022-1302824,2022-06-15,000001,Vente,271500,59,,AV DES ETATS UNIS,0990,78000,78646,Versailles,78,,,78646000AS0054,,,198,54.71,,,,,,,,,1,2,Appartement,54,3,,,,,,2.152632,48.814149
2022-1302826,2022-06-29,000001,Vente,720000,42,B,RUE REMONT,2560,78000,78646,Versailles,78,,,78646000BE0210,,,,,,,,,,,,,0,1,Maison,65,4,S,sols,,,432,2.160121,48.795479
2022-1302829,2022-06-28,000001,Vente,510000,8,,PL ROYALE,2650,78000,78646,Versailles,78,,,78646000AZ0110,,,1106,,1116,101.26,,,,,,,2,2,Appartement,37,1,,,,,,2.158672,48.8041
2022-1302829,2022-06-28,000001,Vente,510000,5,,RUE DE L ECOLE DES POSTES,0850,78000,78646,Versailles,78,,,78646000AZ0110,,,3080,,,,,,,,,,1,3,Dépendance,,0,,,,,,2.158672,48.8041
2022-1302829,2022-06-28,000001,Vente,510000,8,,PL ROYALE,2650,78000,78646,Versailles,78,,,78646000AZ0110,,,1106,,1116,101.26,,,,,,,2,4,Local industriel. commercial ou assimilé,65,0,,,,,,2.158672,48.8041
2022-1302829,2022-06-28,000001,Vente,510000,8,,PL ROYALE,2650,78000,78646,Versailles,78,,,78646000AZ0110,,,1106,,1116,101.26,,,,,,,2,3,Dépendance,,0,,,,,,2.158672,48.8041
2022-1302872,2022-06-22,000001,Vente en l'état futur d'achèvement,473400,104,,AV DE PARIS,2180,78000,78646,Versailles,78,,,78646000BK0019,,,36,,,,,,,,,,1,2,Appartement,70,3,,,,,,2.150393,48.797197
2022-1302872,2022-06-22,000001,Vente en l'état futur d'achèvement,473400,104,,AV DE PARIS,2180,78000,78646,Versailles,78,,,78646000BK0019,,,98,,,,,,,,,,1,3,Dépendance,,0,,,,,,2.150393,48.797197
2022-1302904,2022-06-30,000001,Vente,295000,63,,RUE D ANJOU,0190,78000,78646,Versailles,78,,,78646000BT0070,,,3,33.03,,,,,,,,,1,2,Appartement,33,2,,,,,,2.130294,48.796025
2022-1302965,2022-06-16,000001,Vente,310000,4,,ALL DES GARDES ROYALES,1136,78000,78646,Versailles,78,,,78646000AY0212,,,135,51.45,159,,,,,,,,2,2,Appartement,53,2,,,,,,2.151214,48.802177
2022-1302965,2022-06-16,000001,Vente,310000,4,,ALL DES GARDES ROYALES,1136,78000,78646,Versailles,78,,,78646000AY0212,,,135,51.45,159,,,,,,,,2,3,Dépendance,,0,,,,,,2.151214,48.802177
2022-1302965,2022-06-16,000001,Vente,310000,4,,ALL DES GARDES ROYALES,1136,78000,78646,Versailles,78,,,78646000AY0212,,,135,51.45,159,,,,,,,,2,3,Dépendance,,0,,,,,,2.151214,48.802177
2022-1302966,2022-06-28,000001,Vente,1080000,18,,RUE MONTBAURON,1970,78000,78646,Versailles,78,,,78646000BP0014,,,101,,139,,144,,,,,,3,2,Appartement,97,4,,,,,,2.136175,48.804452
2022-1302966,2022-06-28,000001,Vente,1080000,18,,RUE MONTBAURON,1970,78000,78646,Versailles,78,,,78646000BP0014,,,101,,139,,144,,,,,,3,3,Dépendance,,0,,,,,,2.136175,48.804452
2022-1302966,2022-06-28,000001,Vente,1080000,18,,RUE MONTBAURON,1970,78000,78646,Versailles,78,,,78646000BP0014,,,102,,,,,,,,,,1,2,Appartement,30,1,,,,,,2.136175,48.804452
2022-1302966,2022-06-28,000001,Vente,1080000,18,,RUE MONTBAURON,1970,78000,78646,Versailles,78,,,78646000BP0014,,,101,,139,,144,,,,,,3,3,Dépendance,,0,,,,,,2.136175,48.804452
2022-1302978,2022-06-28,000001,Vente,1182010,2,,IMP DES CHEVAU-LEGERS,0600,78000,78646,Versailles,78,,,78646000AH0224,,,71,,,,,,,,,,1,2,Appartement,71,2,,,,,,,
2022-1302978,2022-06-28,000001,Vente,1182010,2,,IMP DES CHEVAU-LEGERS,0600,78000,78646,Versailles,78,,,78646000AH0224,,,30,,,,,,,,,,1,2,Appartement,101,4,,,,,,,
2022-1302978,2022-06-28,000001,Vente,1182010,2,,IMP DES CHEVAU-LEGERS,0600,78000,78646,Versailles,78,,,78646000AH0224,,,30,,,,,,,,,,1,3,Dépendance,,0,,,,,,,
2022-1303003,2022-06-13,000001,Vente,390000,43,,RUE ALBERT JOLY,0050,78000,78646,Versailles,78,,,78646000AR0021,,,17,,4,,,,,,,,2,3,Dépendance,,0,,,,,,2.142522,48.8101
2022-1303003,2022-06-13,000001,Vente,390000,43,,RUE ALBERT JOLY,0050,78000,78646,Versailles,78,,,78646000AR0021,,,17,,4,,,,,,,,2,2,Appartement,52,3,,,,,,2.142522,48.8101
2022-1303012,2022-06-28,000001,Vente,637000,32,B,RUE SAINT CHARLES,2710,78000,78646,Versailles,78,,,78646000AY0032,,,51,,,,,,,,,,1,3,Dépendance,,0,,,,,,2.149284,48.802302
2022-1303012,2022-06-28,000001,Vente,637000,32,B,RUE SAINT CHARLES,2710,78000,78646,Versailles,78,,,78646000AY0032,,,12,,33,98.43,,,,,,,2,2,Appartement,98,5,,,,,,2.149284,48.802302
2022-1303032,2022-06-20,000001,Vente,245470,16,,RUE DES CONDAMINES,0690,78000,78646,Versailles,78,,,78646000AX0364,,,24,,5,29.73,,,,,,,2,3,Dépendance,,0,,,,,,2.146012,48.803037
2022-1303032,2022-06-20,000001,Vente,245470,16,,RUE DES CONDAMINES,0690,78000,78646,Versailles,78,,,78646000AX0364,,,24,,5,29.73,,,,,,,2,2,Appartement,29,2,,,,,,2.146012,48.803037
2022-1303050,2022-06-30,000001,Vente,630000,73,,RUE DE LA PAROISSE,2190,78000,78646,Versailles,78,,,78646000AI0177,,,133,,,,,,,,,,1,2,Appartement,23,1,,,,,,2.134758,48.806357
2022-1303050,2022-06-30,000001,Vente,630000,73,,RUE DE LA PAROISSE,2190,78000,78646,Versailles,78,,,78646000AI0177,,,117,,,,,,,,,,1,2,Appartement,67,3,,,,,,2.134758,48.806357
2022-1303050,2022-06-30,000001,Vente,630000,73,,RUE DE LA PAROISSE,2190,78000,78646,Versailles,78,,,78646000AI0177,,,117,,,,,,,,,,1,3,Dépendance,,0,,,,,,2.134758,48.806357
2022-1303061,2022-07-06,000001,Vente,305150,5,,RUE GIRARDON,1240,78000,78646,Versailles,78,,,78646000BD0052,,,103,,118,,73,,76,,,,4,3,Dépendance,,0,,,,,,,
2022-1303061,2022-07-06,000001,Vente,305150,5,,RUE GIRARDON,1240,78000,78646,Versailles,78,,,78646000BD0052,,,103,,118,,73,,76,,,,4,2,Appartement,53,2,,,,,,,
2022-1303079,2022-06-17,000001,Vente,670000,4,,RUE PIERRE LESCOT,2320,78000,78646,Versailles,78,,,78646000AR0028,,,5,,9,,,,,,,,2,2,Appartement,91,4,,,,,,2.143179,48.81026
2022-1303079,2022-06-17,000001,Vente,670000,4,,RUE PIERRE LESCOT,2320,78000,78646,Versailles,78,,,78646000AR0028,,,20,,,,,,,,,,1,3,Dépendance,,0,,,,,,2.143179,48.81026
2022-1303079,2022-06-17,000001,Vente,670000,4,,RUE PIERRE LESCOT,2320,78000,78646,Versailles,78,,,78646000AR0028,,,5,,9,,,,,,,,2,3,Dépendance,,0,,,,,,2.143179,48.81026
2022-1303079,2022-06-17,000001,Vente,670000,4,,RUE PIERRE LESCOT,2320,78000,78646,Versailles,78,,,78646000AR0028,,,21,,,,,,,,,,1,3,Dépendance,,0,,,,,,2.143179,48.81026
2022-1303144,2022-07-04,000001,Vente,20000,10,,RUE DE L ERMITAGE,0940,78000,78646,Versailles,78,,,78646000AC0314,,,123,,,,,,,,,,1,3,Dépendance,,0,,,,,,2.123933,48.814609
2022-1303158,2022-07-01,000001,Vente,415000,64,,RUE DES CHANTIERS,0530,78000,78646,Versailles,78,,,78646000BL0326,,,378,,,,,,,,,,1,3,Dépendance,,0,,,,,,2.143523,48.792624
2022-1303158,2022-07-01,000001,Vente,415000,64,,RUE DES CHANTIERS,0530,78000,78646,Versailles,78,,,78646000BL0326,,,377,,,,,,,,,,1,3,Dépendance,,0,,,,,,2.143523,48.792624
2022-1303158,2022-07-01,000001,Vente,415000,64,,RUE DES CHANTIERS,0530,78000,78646,Versailles,78,,,78646000BL0326,,,440,,84,153.51,,,,,,,2,3,Dépendance,,0,,,,,,2.143523,48.792624
2022-1303158,2022-07-01,000001,Vente,415000,64,,RUE DES CHANTIERS,0530,78000,78646,Versailles,78,,,78646000BL0326,,,440,,84,153.51,,,,,,,2,2,Appartement,37,1,,,,,,2.143523,48.792624
2022-1303158,2022-07-01,000001,Vente,415000,64,,RUE DES CHANTIERS,0530,78000,78646,Versailles,78,,,78646000BL0326,,,190,,191,,217,,218,,219,,5,4,Local industriel. commercial ou assimilé,160,0,,,,,,2.143523,48.792624
2022-1303166,2022-06-24,000001,Vente,274969,10,,RUE DE L ERMITAGE,0940,78000,78646,Versailles,78,,,78646000AC0314,,,227,37.88,,,,,,,,,1,2,Appartement,105,5,,,,,,2.123933,48.814609
2022-1303166,2022-06-24,000001,Vente,274969,10,,RUE DE L ERMITAGE,0940,78000,78646,Versailles,78,,,78646000AC0314,,,227,37.88,,,,,,,,,1,3,Dépendance,,0,,,,,,2.123933,48.814609
2022-1303169,2022-07-06,000001,Vente,135000,8,,AV DU GEN DE GAULLE,1143,78000,78646,Versailles,78,,,78646000AH0225,,,65,57.62,,,,,,,,,1,3,Dépendance,,0,,,,,,2.128298,48.801276
2022-1303169,2022-07-06,000001,Vente,135000,8,,AV DU GEN DE GAULLE,1143,78000,78646,Versailles,78,,,78646000AH0225,,,65,57.62,,,,,,,,,1,3,Dépendance,,0,,,,,,2.128298,48.801276
2022-1303169,2022-07-06,000001,Vente,135000,8,,AV DU GEN DE GAULLE,1143,78000,78646,Versailles,78,,,78646000AH0225,,,65,57.62,,,,,,,,,1,2,Appartement,59,2,,,,,,2.128298,48.801276
2022-1303188,2022-07-07,000001,Vente,1030000,3,,RUE VICTOR HUGO,3170,78000,78646,Versailles,78,,,78646000BK0102,,,,,,,,,,,,,0,3,Dépendance,,0,S,sols,,,706,2.15491,48.795259
2022-1303188,2022-07-07,000001,Vente,1030000,3,,RUE VICTOR HUGO,3170,78000,78646,Versailles,78,,,78646000BK0102,,,,,,,,,,,,,0,1,Maison,72,6,S,sols,,,706,2.15491,48.795259
2022-1303198,2022-07-04,000001,Vente,260000,18,,RUE MADEMOISELLE,1740,78000,78646,Versailles,78,,,78646000AD0152,,,24,,79,39.97,,,,,,,2,3,Dépendance,,0,,,,,,2.129657,48.811122
2022-1303198,2022-07-04,000001,Vente,260000,18,,RUE MADEMOISELLE,1740,78000,78646,Versailles,78,,,78646000AD0152,,,53,,,,,,,,,,1,3,Dépendance,,0,,,,,,2.129657,48.811122
2022-1303198,2022-07-04,000001,Vente,260000,18,,RUE MADEMOISELLE,1740,78000,78646,Versailles,78,,,78646000AD0152,,,24,,79,39.97,,,,,,,2,2,Appartement,42,2,,,,,,2.129657,48.811122
2022-1303200,2022-07-05,000001,Vente,859000,9,,RUE DUCIS,0820,78000,78646,Versailles,78,,,78646000AE0271,,,13,100.62,26,100.62,27,100.62,,,,,3,2,Appartement,99,4,,,,,,2.130937,48.806725
2022-1303200,2022-07-05,000001,Vente,859000,9,,RUE DUCIS,0820,78000,78646,Versailles,78,,,78646000AE0271,,,13,100.62,26,100.62,27,100.62,,,,,3,3,Dépendance,,0,,,,,,2.130937,48.806725
2022-1303201,2022-06-16,000001,Vente,485000,6,,RUE DES RESERVOIRS,2580,78000,78646,Versailles,78,,,78646000AE0460,,,42,,43,,44,53.1,64,,,,4,2,Appartement,60,2,,,,,,2.124083,48.806059
2022-1303208,2022-07-05,000001,Vente,354630,7,,AV DE SCEAUX,2980,78000,78646,Versailles,78,,,78646000AH0181,,,51,48.63,,,,,,,,,1,2,Appartement,45,2,,,,,,2.127589,48.800585
2022-1303250,2022-06-27,000001,Vente,891200,60,,RUE DE MONTREUIL,2000,78000,78646,Versailles,78,,,78646000AY0270,,,304,,,,,,,,,,1,3,Dépendance,,0,,,,,,2.148581,48.804249
2022-1303250,2022-06-27,000001,Vente,891200,60,,RUE DE MONTREUIL,2000,78000,78646,Versailles,78,,,78646000AY0270,,,230,,,,,,,,,,1,3,Dépendance,,0,,,,,,2.148581,48.804249
2022-1303250,2022-06-27,000001,Vente,891200,60,,RUE DE MONTREUIL,2000,78000,78646,Versailles,78,,,78646000AY0270,,,111,125.85,221,,,,,,,,2,2,Appartement,138,5,,,,,,2.148581,48.804249
2022-1303250,2022-06-27,000001,Vente,891200,60,,RUE DE MONTREUIL,2000,78000,78646,Versailles,78,,,78646000AY0270,,,111,125.85,221,,,,,,,,2,3,Dépendance,,0,,,,,,2.148581,48.804249
2022-1303328,2022-07-05,000002,Vente,11500,17,,RUE DES DEUX PORTES,0780,78000,78646,Versailles,78,,,78646000AE0554,,,,,,,,,,,,,0,,,,,S,sols,,,10,2.130446,48.806235
2022-1303329,2022-06-27,000001,Vente,730000,1,B,RUE RAMEAU,2490,78000,78646,Versailles,78,,,78646000AE0110,,,1,,,,,,,,,,1,3,Dépendance,,0,,,,,,2.130459,48.807381
2022-1303329,2022-06-27,000001,Vente,730000,1,B,RUE RAMEAU,2490,78000,78646,Versailles,78,,,78646000AE0110,,,1,,,,,,,,,,1,2,Appartement,74,4,,,,,,2.130459,48.807381
2022-1303329,2022-06-27,000001,Vente,730000,1,B,RUE RAMEAU,2490,78000,78646,Versailles,78,,,78646000AE0110,,,1,,,,,,,,,,1,3,Dépendance,,0,,,,,,2.130459,48.807381
2022-1303346,2022-07-11,000001,Vente,262000,5,,RUE DE L ECOLE DES POSTES,0850,78000,78646,Versailles,78,,,78646000AZ0110,,,960,60.65,,,,,,,,,1,4,Local industriel. commercial ou assimilé,96,0,,,,,,2.158672,48.8041
2022-1303346,2022-07-11,000001,Vente,262000,5,,RUE DE L ECOLE DES POSTES,0850,78000,78646,Versailles,78,,,78646000AZ0110,,,3987,,,,,,,,,,1,4,Local industriel. commercial ou assimilé,780,0,,,,,,2.158672,48.8041
2022-1303352,2022-07-08,000001,Vente,459165,6,,RUE REMONT,2560,78000,78646,Versailles,78,,,78646000BE0298,,,7,,,,,,,,,,1,3,Dépendance,,0,,,,,,2.16234,48.797325
2022-1303352,2022-07-08,000001,Vente,459165,6,,RUE REMONT,2560,78000,78646,Versailles,78,,,78646000BE0298,,,4,68,,,,,,,,,1,2,Appartement,68,3,,,,,,2.16234,48.797325
2022-1303362,2022-07-11,000001,Vente,14000,12,,AV DE PORCHEFONTAINE,2380,78000,78646,Versailles,78,,,78646000BK0021,,,1420,,,,,,,,,,1,3,Dépendance,,0,,,,,,2.152071,48.797176
2022-1303378,2022-06-13,000001,Vente,1535800,65,,BD DE LA REINE,2520,78000,78646,Versailles,78,,,78646000AD0070,,,51,,77,,,,,,,,2,3,Dépendance,,0,,,,,,2.130472,48.809642
2022-1303378,2022-06-13,000001,Vente,1535800,65,,BD DE LA REINE,2520,78000,78646,Versailles,78,,,78646000AD0070,,,66,,,,,,,,,,1,3,Dépendance,,0,,,,,,2.130472,48.809642
2022-1303378,2022-06-13,000001,Vente,1535800,2,,RUE SAINTE ADELAIDE,2670,78000,78646,Versailles,78,,,78646000AD0070,,,43,,,,,,,,,,1,3,Dépendance,,0,,,,,,2.130472,48.809642
2022-1303378,2022-06-13,000001,Vente,1535800,65,,BD DE LA REINE,2520,78000,78646,Versailles,78,,,78646000AD0070,,,51,,77,,,,,,,,2,2,Appartement,162,6,,,,,,2.130472,48.809642
2022-1303389,2022-07-06,000001,Vente,20000,16,,RUE ALBERT JOLY,0050,78000,78646,Versailles,78,,,78646000AK0173,,,5,,,,,,,,,,1,3,Dépendance,,0,,,,,,2.137394,48.810233
2022-1303399,2022-07-01,000001,Vente,564500,5,,RUE PIERRE BERTIN,2290,78000,78646,Versailles,78,,,78646000AX0036,,,17,,,,,,,,,,1,3,Dépendance,,0,,,,,,2.14205,48.807319
2022-1303399,2022-07-01,000001,Vente,564500,5,,RUE PIERRE BERTIN,2290,78000,78646,Versailles,78,,,78646000AX0036,,,56,,79,,,,,,,,2,2,Appartement,93,3,,,,,,2.14205,48.807319
2022-1303399,2022-07-01,000001,Vente,564500,5,,RUE PIERRE BERTIN,2290,78000,78646,Versailles,78,,,78646000AX0036,,,56,,79,,,,,,,,2,3,Dépendance,,0,,,,,,2.14205,48.807319
2022-1303467,2022-07-12,000001,Vente,855000,5,,PL HOCHE,1340,78000,78646,Versailles,78,,,78646000AE0195,,,30,100.75,31,,,,,,,,2,2,Appartement,97,4,,,,,,2.127609,48.806656
2022-1303467,2022-07-12,000001,Vente,855000,5,,PL HOCHE,1340,78000,78646,Versailles,78,,,78646000AE0195,,,30,100.75,31,,,,,,,,2,3,Dépendance,,0,,,,,,2.127609,48.806656
2022-1303472,2022-06-23,000001,Vente,769720,11,,RUE DE SATORY,2950,78000,78646,Versailles,78,,,78646000AH0147,,,10,83.3,21,,,,,,,,2,3,Dépendance,,0,,,,,,2.125312,48.800547
2022-1303472,2022-06-23,000001,Vente,769720,11,,RUE DE SATORY,2950,78000,78646,Versailles,78,,,78646000AH0147,,,10,83.3,21,,,,,,,,2,2,Appartement,86,4,,,,,,2.125312,48.800547
2022-1303487,2022-06-27,000001,Vente,900000,18,,RUE REMILLY,2530,78000,78646,Versailles,78,,,78646000AK0120,,,1,99.57,3,,,,,,,,2,2,Appartement,98,4,,,,,,2.137392,48.811529
2022-1303487,2022-06-27,000001,Vente,900000,18,,RUE REMILLY,2530,78000,78646,Versailles,78,,,78646000AK0120,,,5,,,,,,,,,,1,3,Dépendance,,0,,,,,,2.137392,48.811529
2022-1303487,2022-06-27,000001,Vente,900000,18,,RUE REMILLY,2530,78000,78646,Versailles,78,,,78646000AK0120,,,1,99.57,3,,,,,,,,2,3,Dépendance,,0,,,,,,2.137392,48.811529
2022-1303490,2022-07-06,000001,Vente,70000,14,,BD DU ROI,2641,78000,78646,Versailles,78,,,78646000AD0186,,,39,,,,,,,,,,1,3,Dépendance,,0,,,,,,2.127026,48.810963
2022-1303492,2022-07-06,000001,Vente,350000,5,,ALL LA BRUYERE,1557,78000,78646,Versailles,78,,,78646000AO0205,,,1380,,1580,,,,,,,,2,3,Dépendance,,0,,,,,,2.146857,48.813978
2022-1303492,2022-07-06,000001,Vente,350000,5,,ALL LA BRUYERE,1557,78000,78646,Versailles,78,,,78646000AO0205,,,1380,,1580,,,,,,,,2,3,Dépendance,,0,,,,,,2.146857,48.813978
2022-1303492,2022-07-06,000001,Vente,350000,5,,ALL LA BRUYERE,1557,78000,78646,Versailles,78,,,78646000AO0205,,,1380,,1580,,,,,,,,2,3,Dépendance,,0,,,,,,2.146857,48.813978
2022-1303492,2022-07-06,000001,Vente,350000,5,,ALL LA BRUYERE,1557,78000,78646,Versailles,78,,,78646000AO0205,,,1380,,1580,,,,,,,,2,2,Appartement,64,3,,,,,,2.146857,48.813978
2022-1303492,2022-07-06,000001,Vente,350000,1,,ALL LA BRUYERE,1557,78000,78646,Versailles,78,,,78646000AO0205,,,1711,,,,,,,,,,1,3,Dépendance,,0,,,,,,2.146857,48.813978
2022-1303498,2022-07-11,000001,Vente,1350000,30,,RUE LAFAYETTE,1580,78000,78646,Versailles,78,,,78646000AD0202,,,2,165.16,,,,,,,,,1,2,Appartement,165,5,,,,,,2.12862,48.811792
2022-1303498,2022-07-11,000001,Vente,1350000,30,,RUE LAFAYETTE,1580,78000,78646,Versailles,78,,,78646000AD0202,,,2,165.16,,,,,,,,,1,3,Dépendance,,0,,,,,,2.12862,48.811792
2022-1303498,2022-07-11,000001,Vente,1350000,30,,RUE LAFAYETTE,1580,78000,78646,Versailles,78,,,78646000AD0202,,,2,165.16,,,,,,,,,1,3,Dépendance,,0,,,,,,2.12862,48.811792
2022-1303504,2022-05-24,000001,Vente,26000,77,,RUE DE MONTREUIL,2000,78000,78646,Versailles,78,,,78646000AX0201,,,157,,,,,,,,,,1,3,Dépendance,,0,,,,,,2.148993,48.804972
2022-1303511,2022-07-01,000001,Vente,1150000,17,,RUE BAILLET REVIRON,0270,78000,78646,Versailles,78,,,78646000AE0046,,,21,130.18,,,,,,,,,1,3,Dépendance,,0,,,,,,2.132318,48.808503
2022-1303511,2022-07-01,000001,Vente,1150000,17,,RUE BAILLET REVIRON,0270,78000,78646,Versailles,78,,,78646000AE0046,,,27,130.18,,,,,,,,,1,3,Dépendance,,0,,,,,,2.132318,48.808503
2022-1303511,2022-07-01,000001,Vente,1150000,17,,RUE BAILLET REVIRON,0270,78000,78646,Versailles,78,,,78646000AE0046,,,23,130.18,,,,,,,,,1,2,Appartement,132,6,,,,,,2.132318,48.808503
2022-1303515,2022-06-30,000001,Vente,1500000,40,,RUE DU MAL FOCH,1810,78000,78646,Versailles,78,,,78646000AK0228,,2,,,,,,,,,,,0,,,,,,,,,,2.134113,48.809507
2022-1303522,2022-06-21,000001,Vente,709100,45,,AV DE SAINT CLOUD,2730,78000,78646,Versailles,78,,,78646000AI0134,,,16,74.7,29,,,,,,,,2,3,Dépendance,,0,,,,,,2.133489,48.805732
2022-1303522,2022-06-21,000001,Vente,709100,45,,AV DE SAINT CLOUD,2730,78000,78646,Versailles,78,,,78646000AI0134,,,16,74.7,29,,,,,,,,2,2,Appartement,73,3,,,,,,2.133489,48.805732
2022-1303522,2022-06-21,000001,Vente,709100,45,,AV DE SAINT CLOUD,2730,78000,78646,Versailles,78,,,78646000AI0134,,,16,74.7,29,,,,,,,,2,3,Dépendance,,0,,,,,,2.133489,48.805732
2022-1303532,2022-06-23,000001,Vente,765345,35,B,RUE DU MARECHAL GALLIENI,1812,78000,78646,Versailles,78,,,78646000AC0315,,,291,,,,,,,,,,1,3,Dépendance,,0,,,,,,2.123552,48.81207
2022-1303532,2022-06-23,000001,Vente,765345,35,B,RUE DU MARECHAL GALLIENI,1812,78000,78646,Versailles,78,,,78646000AC0315,,,216,90.45,,,,,,,,,1,3,Dépendance,,0,,,,,,2.123552,48.81207
2022-1303532,2022-06-23,000001,Vente,765345,35,B,RUE DU MARECHAL GALLIENI,1812,78000,78646,Versailles,78,,,78646000AC0315,,,216,90.45,,,,,,,,,1,2,Appartement,91,3,,,,,,2.123552,48.81207
2022-1303540,2022-06-29,000001,Vente,1124650,19,,RUE DE SATORY,2950,78000,78646,Versailles,78,,,78646000AH0144,,,4,127.06,,,,,,,,,1,2,Appartement,75,3,,,,,,2.125004,48.800167
2022-1303540,2022-06-29,000001,Vente,1124650,19,,RUE DE SATORY,2950,78000,78646,Versailles,78,,,78646000AH0144,,,5,,,,,,,,,,1,2,Appartement,40,1,,,,,,2.125004,48.800167
2022-1303548,2022-06-28,000001,Vente,705000,72,,AV DE PARIS,2180,78000,78646,Versailles,78,,,78646000BN0029,,,73,,,,,,,,,,1,3,Dépendance,,0,,,,,,2.142516,48.798154
2022-1303548,2022-06-28,000001,Vente,705000,72,,AV DE PARIS,2180,78000,78646,Versailles,78,,,78646000BN0029,,,11,,7,95.1,,,,,,,2,3,Dépendance,,0,,,,,,2.142516,48.798154
2022-1303548,2022-06-28,000001,Vente,705000,72,,AV DE PARIS,2180,78000,78646,Versailles,78,,,78646000BN0029,,,11,,7,95.1,,,,,,,2,2,Appartement,91,4,,,,,,2.142516,48.798154
2022-1303551,2022-06-23,000001,Vente,1000000,30,,AV DE PARIS,2180,78000,78646,Versailles,78,,,78646000BR0058,,,25,148.91,29,,,,,,,,2,2,Appartement,139,5,,,,,,2.135046,48.800143
2022-1303551,2022-06-23,000001,Vente,1000000,30,,AV DE PARIS,2180,78000,78646,Versailles,78,,,78646000BR0058,,,25,148.91,29,,,,,,,,2,3,Dépendance,,0,,,,,,2.135046,48.800143
2022-1303551,2022-06-23,000001,Vente,1000000,30,,AV DE PARIS,2180,78000,78646,Versailles,78,,,78646000BR0058,,,24,,,,,,,,,,1,3,Dépendance,,0,,,,,,2.135046,48.800143
2022-1303553,2022-06-30,000001,Vente,425000,155,,BD DE LA REINE,2520,78000,78646,Versailles,78,,,78646000AR0073,,,137,,,,,,,,,,1,3,Dépendance,,0,,,,,,2.145056,48.808479
2022-1303553,2022-06-30,000001,Vente,425000,155,,BD DE LA REINE,2520,78000,78646,Versailles,78,,,78646000AR0073,,,56,64.02,,,,,,,,,1,3,Dépendance,,0,,,,,,2.145056,48.808479
2022-1303553,2022-06-30,000001,Vente,425000,155,,BD DE LA REINE,2520,78000,78646,Versailles,78,,,78646000AR0073,,,56,64.02,,,,,,,,,1,2,Appartement,90,5,,,,,,2.145056,48.808479
2022-1303558,2022-06-27,000001,Vente,2112000,12,,RUE RAMEAU,2490,78000,78646,Versailles,78,,,78646000AE0093,,,,,,,,,,,,,0,1,Maison,218,7,S,sols,,,136,2.131209,48.807987
2022-1303570,2022-07-11,000001,Vente,314468,86,,RUE D ANJOU,0190,78000,78646,Versailles,78,,,78646000BT0080,,,28,,9,49.8,,,,,,,2,2,Appartement,50,2,,,,,,2.12952,48.795748
2022-1303570,2022-07-11,000001,Vente,314468,86,,RUE D ANJOU,0190,78000,78646,Versailles,78,,,78646000BT0080,,,22,,,,,,,,,,1,3,Dépendance,,0,,,,,,2.12952,48.795748
2022-1303573,2022-07-08,000001,Vente,213000,53,,AV DE PARIS,2180,78000,78646,Versailles,78,,,78646000BP0132,,,166,,,,,,,,,,1,3,Dépendance,,0,,,,,,2.1408,48.800274
2022-1303573,2022-07-08,000001,Vente,213000,1,,RUE CHAMP LAGARDE,0490,78000,78646,Versailles,78,,,78646000BP0132,,,116,,39,31.18,,,,,,,2,3,Dépendance,,0,,,,,,2.1408,48.800274
2022-1303573,2022-07-08,000001,Vente,213000,1,,RUE CHAMP LAGARDE,0490,78000,78646,Versailles,78,,,78646000BP0132,,,116,,39,31.18,,,,,,,2,2,Appartement,31,1,,,,,,2.1408,48.800274
2022-1303578,2022-06-13,000001,Vente,853500,8,,IMP DES GENDARMES,1140,78000,78646,Versailles,78,,,78646000BR0006,,,17,,2,,3,104.9,33,,,,4,2,Appartement,98,3,,,,,,2.131117,48.80027
2022-1303603,2022-07-13,000001,Vente,90000,64,,RUE DES CHANTIERS,0530,78000,78646,Versailles,78,,,78646000BL0326,,,187,13.66,,,,,,,,,1,2,Appartement,14,1,,,,,,2.143523,48.792624
2022-1303635,2022-07-06,000001,Vente,828700,11,,RUE DU GENERAL LECLERC,1145,78000,78646,Versailles,78,,,78646000AH0163,,,16,100.41,,,,,,,,,1,3,Dépendance,,0,,,,,,2.125764,48.799608
2022-1303635,2022-07-06,000001,Vente,828700,11,,RUE DU GENERAL LECLERC,1145,78000,78646,Versailles,78,,,78646000AH0163,,,16,100.41,,,,,,,,,1,3,Dépendance,,0,,,,,,2.125764,48.799608
2022-1303635,2022-07-06,000001,Vente,828700,11,,RUE DU GENERAL LECLERC,1145,78000,78646,Versailles,78,,,78646000AH0163,,,16,100.41,,,,,,,,,1,2,Appartement,79,4,,,,,,2.125764,48.799608
2022-1303677,2022-07-01,000001,Vente,838268,11,,AV DES ETATS UNIS,0990,78000,78646,Versailles,78,,,78646000AX0493,,,101,115.51,146,,147,,,,,,3,3,Dépendance,,0,,,,,,2.14304,48.80717
2022-1303677,2022-07-01,000001,Vente,838268,11,,AV DES ETATS UNIS,0990,78000,78646,Versailles,78,,,78646000AX0493,,,101,115.51,146,,147,,,,,,3,2,Appartement,115,4,,,,,,2.14304,48.80717
2022-1303677,2022-07-01,000001,Vente,838268,11,,AV DES ETATS UNIS,0990,78000,78646,Versailles,78,,,78646000AX0493,,,132,,,,,,,,,,1,3,Dépendance,,0,,,,,,2.14304,48.80717
2022-1303677,2022-07-01,000001,Vente,838268,11,,AV DES ETATS UNIS,0990,78000,78646,Versailles,78,,,78646000AX0493,,,101,115.51,146,,147,,,,,,3,3,Dépendance,,0,,,,,,2.14304,48.80717
2022-1303694,2022-06-30,000001,Vente,383200,3,,RUE MAZIERE,1880,78000,78646,Versailles,78,,,78646000AH0109,,,11,51.22,12,51.22,16,,37,,38,,5,2,Appartement,52,3,,,,,,2.122534,48.800559
2022-1303694,2022-06-30,000001,Vente,383200,3,,RUE MAZIERE,1880,78000,78646,Versailles,78,,,78646000AH0109,,,11,51.22,12,51.22,16,,37,,38,,5,3,Dépendance,,0,,,,,,2.122534,48.800559
2022-1303694,2022-06-30,000001,Vente,383200,3,,RUE MAZIERE,1880,78000,78646,Versailles,78,,,78646000AH0109,,,11,51.22,12,51.22,16,,37,,38,,5,3,Dépendance,,0,,,,,,2.122534,48.800559
2022-1303719,2022-07-05,000001,Vente,187400,32,,RUE HENRI SIMON,1330,78000,78646,Versailles,78,,,78646000AW0006,,,49,,,,,,,,,,1,2,Appartement,29,1,,,,,,2.15013,48.808121
2022-1303723,2022-07-01,000001,Vente,431870,66,,RUE ROYALE,2648,78000,78646,Versailles,78,,,78646000BV0171,,,10,,6,52.67,,,,,,,2,3,Dépendance,,0,,,,,,2.125321,48.796013
2022-1303723,2022-07-01,000001,Vente,431870,66,,RUE ROYALE,2648,78000,78646,Versailles,78,,,78646000BV0171,,,10,,6,52.67,,,,,,,2,2,Appartement,54,3,,,,,,2.125321,48.796013
2022-1303755,2022-07-01,000001,Vente,584709,27,,RUE DU REFUGE,2510,78000,78646,Versailles,78,,,78646000AX0345,,,1,78.88,17,,,,,,,,2,3,Dépendance,,0,,,,,,2.145064,48.803428
2022-1303755,2022-07-01,000001,Vente,584709,27,,RUE DU REFUGE,2510,78000,78646,Versailles,78,,,78646000AX0345,,,1,78.88,17,,,,,,,,2,2,Appartement,78,3,,,,,,2.145064,48.803428
2022-1303755,2022-07-01,000001,Vente,584709,27,,RUE DU REFUGE,2510,78000,78646,Versailles,78,,,78646000AX0345,,,38,,,,,,,,,,1,3,Dépendance,,0,,,,,,2.145064,48.803428
2022-1303815,2022-06-24,000001,Vente,732000,18,,RUE MADEMOISELLE,1740,78000,78646,Versailles,78,,,78646000AD0152,,,14,,83,69.22,,,,,,,2,3,Dépendance,,0,,,,,,2.129657,48.811122
2022-1303815,2022-06-24,000001,Vente,732000,18,,RUE MADEMOISELLE,1740,78000,78646,Versailles,78,,,78646000AD0152,,,47,,,,,,,,,,1,3,Dépendance,,0,,,,,,2.129657,48.811122
2022-1303815,2022-06-24,000001,Vente,732000,18,,RUE MADEMOISELLE,1740,78000,78646,Versailles,78,,,78646000AD0152,,,14,,83,69.22,,,,,,,2,2,Appartement,70,2,,,,,,2.129657,48.811122
2022-1303858,2022-07-08,000001,Vente,451200,9,,PL ALEXANDRE 1E LOUIS BARTHOU,0100,78000,78646,Versailles,78,,,78646000AX0489,,,62,,,,,,,,,,1,3,Dépendance,,0,,,,,,2.140761,48.806449
2022-1303858,2022-07-08,000001,Vente,451200,9,,PL ALEXANDRE 1E LOUIS BARTHOU,0100,78000,78646,Versailles,78,,,78646000AX0489,,,233,69.59,9,,,,,,,,2,3,Dépendance,,0,,,,,,2.140761,48.806449
2022-1303858,2022-07-08,000001,Vente,451200,9,,PL ALEXANDRE 1E LOUIS BARTHOU,0100,78000,78646,Versailles,78,,,78646000AX0489,,,233,69.59,9,,,,,,,,2,2,Appartement,70,3,,,,,,2.140761,48.806449
2022-1303887,2022-07-13,000001,Vente,333000,3,,RUE LOUIS LE VAU,1650,78000,78646,Versailles,78,,,78646000AE0162,,,15,,30,37.62,38,,,,,,3,2,Appartement,37,2,,,,,,2.125796,48.808658
2022-1303887,2022-07-13,000001,Vente,333000,3,,RUE LOUIS LE VAU,1650,78000,78646,Versailles,78,,,78646000AE0162,,,15,,30,37.62,38,,,,,,3,3,Dépendance,,0,,,,,,2.125796,48.808658
2022-1303954,2022-07-12,000001,Vente,653620,30,,RUE DE LA BONNE AVENTURE,0390,78000,78646,Versailles,78,,,78646000AX0122,,,34,82.04,44,,,,,,,,2,2,Appartement,84,3,,,,,,2.147246,48.806086
2022-1303954,2022-07-12,000001,Vente,653620,30,,RUE DE LA BONNE AVENTURE,0390,78000,78646,Versailles,78,,,78646000AX0122,,,34,82.04,44,,,,,,,,2,3,Dépendance,,0,,,,,,2.147246,48.806086
2022-1303954,2022-07-12,000001,Vente,653620,30,,RUE DE LA BONNE AVENTURE,0390,78000,78646,Versailles,78,,,78646000AX0122,,,34,82.04,44,,,,,,,,2,3,Dépendance,,0,,,,,,2.147246,48.806086
2022-1303954,2022-07-12,000001,Vente,653620,30,,RUE DE LA BONNE AVENTURE,0390,78000,78646,Versailles,78,,,78646000AX0122,,,52,,,,,,,,,,1,3,Dépendance,,0,,,,,,2.147246,48.806086
2022-1303957,2022-06-22,000001,Vente,270000,6,,RUE BAILLY,0280,78000,78646,Versailles,78,,,78646000AH0044,,,4,28.56,,,,,,,,,1,2,Appartement,31,2,,,,,,2.122652,48.80117
2022-1303957,2022-06-22,000001,Vente,270000,6,,RUE BAILLY,0280,78000,78646,Versailles,78,,,78646000AH0044,,,4,28.56,,,,,,,,,1,3,Dépendance,,0,,,,,,2.122652,48.80117
2022-1303957,2022-06-22,000001,Vente,270000,6,,RUE BAILLY,0280,78000,78646,Versailles,78,,,78646000AH0044,,,4,28.56,,,,,,,,,1,3,Dépendance,,0,,,,,,2.122652,48.80117
2022-1303964,2022-07-01,000001,Vente en l'état futur d'achèvement,679000,9,,RUE VAUBAN,3110,78000,78646,Versailles,78,,,78646000AY0310,,,955,,,,,,,,,,1,3,Dépendance,,0,,,,,,2.15313,48.799852
2022-1303964,2022-07-01,000001,Vente en l'état futur d'achèvement,679000,9,,RUE VAUBAN,3110,78000,78646,Versailles,78,,,78646000AY0310,,,113,,,,,,,,,,1,2,Appartement,81,4,,,,,,2.15313,48.799852
2022-1303977,2022-07-11,000001,Vente,947937,9,,IMP NUNGESSER ET COLI,2090,78000,78646,Versailles,78,,,78646000BN0081,,,,,,,,,,,,,0,1,Maison,110,4,S,sols,,,187,2.139888,48.796955
2022-1304003,2022-06-21,000001,Vente,235000,86,,RUE ALBERT SARRAUT,0080,78000,78646,Versailles,78,,,78646000BL0398,,2,,,,,,,,,,,0,,,,,,,,,,2.146692,48.792486
2022-1304004,2022-07-18,000001,Vente,204500,23,,RUE DE SATORY,2950,78000,78646,Versailles,78,,,78646000AH0143,,,37,29.36,,,,,,,,,1,2,Appartement,35,2,,,,,,2.125151,48.800021
2022-1304004,2022-07-18,000001,Vente,204500,23,,RUE DE SATORY,2950,78000,78646,Versailles,78,,,78646000AH0143,,,37,29.36,,,,,,,,,1,3,Dépendance,,0,,,,,,2.125151,48.800021
2022-1304015,2022-07-13,000001,Vente,411391,10,B,RUE MONSEIGNEUR GIBIER,1950,78000,78646,Versailles,78,,,78646000BW0178,,,1,46.3,,,,,,,,,1,2,Appartement,50,1,,,,,,2.123006,48.793431
2022-1304015,2022-07-13,000001,Vente,411391,10,B,RUE MONSEIGNEUR GIBIER,1950,78000,78646,Versailles,78,,,78646000BW0178,,,1,46.3,,,,,,,,,1,3,Dépendance,,0,,,,,,2.123006,48.793431
2022-1304027,2022-07-08,000001,Vente,123000,24,,RUE JACQUES LEMERCIER,1420,78000,78646,Versailles,78,,,78646000AO0020,,,147,16.76,,,,,,,,,1,3,Dépendance,,0,,,,,,2.150001,48.814605
2022-1304062,2022-06-29,000001,Vente,1160000,27,,AV DU LOUVRE,1705,78000,78646,Versailles,78,,,78646000BC0156,,,,,,,,,,,,,0,,,,,AB,terrains a bâtir,,,642,2.156068,48.801325
2022-1304135,2022-06-29,000001,Vente,449700,2,,RUE JEAN MERMOZ,1460,78000,78646,Versailles,78,,,78646000BN0167,,,678,,,,,,,,,,1,3,Dépendance,,0,,,,,,2.142752,48.797871
2022-1304135,2022-06-29,000001,Vente,449700,76,,AV DE PARIS,2180,78000,78646,Versailles,78,,,78646000BN0167,,,403,62.51,726,,,,,,,,2,2,Appartement,62,3,,,,,,2.142752,48.797871
2022-1304135,2022-06-29,000001,Vente,449700,76,,AV DE PARIS,2180,78000,78646,Versailles,78,,,78646000BN0167,,,403,62.51,726,,,,,,,,2,3,Dépendance,,0,,,,,,2.142752,48.797871
2022-1304159,2022-06-29,000001,Vente,200000,4,,RUE DE MONTREUIL,2000,78000,78646,Versailles,78,,,78646000AX0421,,,11,,12,,2,,,,,,3,3,Dépendance,,0,,,,,,2.142028,48.805304
2022-1304159,2022-06-29,000001,Vente,200000,4,,RUE DE MONTREUIL,2000,78000,78646,Versailles,78,,,78646000AX0421,,,1,,15,,,,,,,,2,4,Local industriel. commercial ou assimilé,32,0,,,,,,2.142028,48.805304
2022-1304164,2022-07-07,000001,Vente,522500,48,,RUE CHAMP LAGARDE,0490,78000,78646,Versailles,78,,,78646000AY0196,,,110,113.5,47,,,,,,,,2,3,Dépendance,,0,,,,,,2.148301,48.801267
2022-1304164,2022-07-07,000001,Vente,522500,48,,RUE CHAMP LAGARDE,0490,78000,78646,Versailles,78,,,78646000AY0196,,,14,,,,,,,,,,1,3,Dépendance,,0,,,,,,2.148301,48.801267
2022-1304164,2022-07-07,000001,Vente,522500,48,,RUE CHAMP LAGARDE,0490,78000,78646,Versailles,78,,,78646000AY0196,,,110,113.5,47,,,,,,,,2,2,Appartement,110,3,,,,,,2.148301,48.801267
2022-1304171,2022-07-11,000001,Vente,215000,7,,BD DU ROI,2641,78000,78646,Versailles,78,,,78646000AC0182,,,73,,90,27.22,92,,,,,,3,2,Appartement,28,1,,,,,,2.125363,48.810421
2022-1304171,2022-07-11,000001,Vente,215000,7,,BD DU ROI,2641,78000,78646,Versailles,78,,,78646000AC0182,,,73,,90,27.22,92,,,,,,3,3,Dépendance,,0,,,,,,2.125363,48.810421
2022-1304188,2022-06-29,000001,Vente,650000,4,,PL ST SYMPHORIEN,2912,78000,78646,Versailles,78,,,78646000AY0277,,,1,,12,,,,,,,,2,4,Local industriel. commercial ou assimilé,120,0,,,,,,2.146585,48.804412
2022-1304190,2022-06-29,000001,Vente,190627.2,9001,,RTE DE ST CYR,2734,78000,78646,Versailles,78,,,78646000BY0116,,,,,,,,,,,,,0,4,Local industriel. commercial ou assimilé,,0,AB,terrains a bâtir,,,10466,2.078563,48.806819
2022-1304201,2022-07-12,000001,Vente,800000,2,,RUE JEAN MERMOZ,1460,78000,78646,Versailles,78,,,78646000BN0167,,,608,,,,,,,,,,1,3,Dépendance,,0,,,,,,2.142752,48.797871
2022-1304201,2022-07-12,000001,Vente,800000,2,,RUE JEAN MERMOZ,1460,78000,78646,Versailles,78,,,78646000BN0167,,,707,,,,,,,,,,1,3,Dépendance,,0,,,,,,2.142752,48.797871
2022-1304201,2022-07-12,000001,Vente,800000,76,,AV DE PARIS,2180,78000,78646,Versailles,78,,,78646000BN0167,,,406,122.3,741,,,,,,,,2,2,Appartement,122,4,,,,,,2.142752,48.797871
2022-1304201,2022-07-12,000001,Vente,800000,76,,AV DE PARIS,2180,78000,78646,Versailles,78,,,78646000BN0167,,,406,122.3,741,,,,,,,,2,3,Dépendance,,0,,,,,,2.142752,48.797871
2022-1304207,2022-07-12,000001,Vente,856000,12,,AV DE PORCHEFONTAINE,2380,78000,78646,Versailles,78,,,78646000BK0021,,,1863,,,,,,,,,,1,3,Dépendance,,0,,,,,,2.152071,48.797176
2022-1304207,2022-07-12,000001,Vente,856000,12,,AV DE PORCHEFONTAINE,2380,78000,78646,Versailles,78,,,78646000BK0021,,,834,,846,,866,142.38,,,,,3,3,Dépendance,,0,,,,,,2.152071,48.797176
2022-1304207,2022-07-12,000001,Vente,856000,12,,AV DE PORCHEFONTAINE,2380,78000,78646,Versailles,78,,,78646000BK0021,,,1414,,,,,,,,,,1,3,Dépendance,,0,,,,,,2.152071,48.797176
2022-1304207,2022-07-12,000001,Vente,856000,12,,AV DE PORCHEFONTAINE,2380,78000,78646,Versailles,78,,,78646000BK0021,,,1517,,,,,,,,,,1,3,Dépendance,,0,,,,,,2.152071,48.797176
2022-1304207,2022-07-12,000001,Vente,856000,12,,AV DE PORCHEFONTAINE,2380,78000,78646,Versailles,78,,,78646000BK0021,,,834,,846,,866,142.38,,,,,3,3,Dépendance,,0,,,,,,2.152071,48.797176
2022-1304207,2022-07-12,000001,Vente,856000,12,,AV DE PORCHEFONTAINE,2380,78000,78646,Versailles,78,,,78646000BK0021,,,834,,846,,866,142.38,,,,,3,2,Appartement,130,6,,,,,,2.152071,48.797176
2022-1304244,2022-06-21,000001,Vente,394000,9,,RUE JEAN DE LA BRUYERE,1560,78000,78646,Versailles,78,,,78646000AO0205,,,1061,67.02,1161,,,,,,,,2,3,Dépendance,,0,,,,,,2.146857,48.813978
2022-1304244,2022-06-21,000001,Vente,394000,11,,RUE JEAN DE LA BRUYERE,1560,78000,78646,Versailles,78,,,78646000AO0205,,,1193,,,,,,,,,,1,3,Dépendance,,0,,,,,,2.146857,48.813978
2022-1304244,2022-06-21,000001,Vente,394000,9,,RUE JEAN DE LA BRUYERE,1560,78000,78646,Versailles,78,,,78646000AO0205,,,1061,67.02,1161,,,,,,,,2,2,Appartement,63,3,,,,,,2.146857,48.813978
2022-1304244,2022-06-21,000001,Vente,394000,9,,RUE JEAN DE LA BRUYERE,1560,78000,78646,Versailles,78,,,78646000AO0205,,,1061,67.02,1161,,,,,,,,2,3,Dépendance,,0,,,,,,2.146857,48.813978
2022-1304244,2022-06-21,000001,Vente,394000,9,,RUE JEAN DE LA BRUYERE,1560,78000,78646,Versailles,78,,,78646000AO0205,,,1061,67.02,1161,,,,,,,,2,3,Dépendance,,0,,,,,,2.146857,48.813978
2022-1304269,2022-07-06,000001,Vente,115000,8,,RUE DES TOURNELLES,3050,78000,78646,Versailles,78,,,78646000BV0119,,,2,12.02,,,,,,,,,1,2,Appartement,15,1,,,,,,2.126141,48.798137
2022-1304283,2022-07-05,000001,Vente,240000,1,,RUE DE L ASSEMBLEE NATIONALE,0230,78000,78646,Versailles,78,,,78646000BR0054,,,51,39,,,,,,,,,1,2,Appartement,32,1,,,,,,2.13419,48.800225
2022-1304296,2022-07-11,000001,Vente,443148,6,,RUE REMONT,2560,78000,78646,Versailles,78,,,78646000BE0298,,,3,61.11,,,,,,,,,1,2,Appartement,61,3,,,,,,2.16234,48.797325
2022-1304296,2022-07-11,000001,Vente,443148,6,,RUE REMONT,2560,78000,78646,Versailles,78,,,78646000BE0298,,,6,,,,,,,,,,1,3,Dépendance,,0,,,,,,2.16234,48.797325
2022-1304320,2022-07-18,000001,Vente,640000,1,,RUE DES TOURNELLES,3050,78000,78646,Versailles,78,,,78646000BV0076,,,19,,9,62.46,,,,,,,2,2,Appartement,57,3,,,,,,2.125914,48.798652
2022-1304354,2022-07-12,000001,Vente,565000,9,,AV DES ETATS UNIS,0990,78000,78646,Versailles,78,,,78646000AX0490,,,96,,,,,,,,,,1,3,Dépendance,,0,,,,,,2.142342,48.80702
2022-1304354,2022-07-12,000001,Vente,565000,9,,AV DES ETATS UNIS,0990,78000,78646,Versailles,78,,,78646000AX0490,,,36,85.88,76,,,,,,,,2,3,Dépendance,,0,,,,,,2.142342,48.80702
2022-1304354,2022-07-12,000001,Vente,565000,9,,AV DES ETATS UNIS,0990,78000,78646,Versailles,78,,,78646000AX0490,,,36,85.88,76,,,,,,,,2,2,Appartement,93,4,,,,,,2.142342,48.80702
2022-1304357,2022-07-04,000001,Vente,460000,8,,RUE RAMEAU,2490,78000,78646,Versailles,78,,,78646000AE0090,,,13,57.32,34,,,,,,,,2,4,Local industriel. commercial ou assimilé,141,0,,,,,,2.131128,48.807732
2022-1304358,2022-07-07,000001,Vente,710000,44,,RUE ALBERT SARRAUT,0080,78000,78646,Versailles,78,,,78646000BK0232,,,214,,68,130.07,,,,,,,2,3,Dépendance,,0,,,,,,2.14982,48.795098
2022-1304358,2022-07-07,000001,Vente,710000,44,,RUE ALBERT SARRAUT,0080,78000,78646,Versailles,78,,,78646000BK0232,,,116,,,,,,,,,,1,3,Dépendance,,0,,,,,,2.14982,48.795098
2022-1304358,2022-07-07,000001,Vente,710000,44,,RUE ALBERT SARRAUT,0080,78000,78646,Versailles,78,,,78646000BK0232,,,214,,68,130.07,,,,,,,2,2,Appartement,130,5,,,,,,2.14982,48.795098
2022-1304372,2022-06-27,000001,Vente,395000,18,,RUE GEORGES CLEMENCEAU,1200,78000,78646,Versailles,78,,,78646000AI0090,,,129,,,,,,,,,,1,2,Appartement,37,1,,,,,,2.132894,48.804399
2022-1304372,2022-06-27,000001,Vente,395000,18,,RUE GEORGES CLEMENCEAU,1200,78000,78646,Versailles,78,,,78646000AI0090,,,129,,,,,,,,,,1,3,Dépendance,,0,,,,,,2.132894,48.804399
2022-1304378,2022-06-27,000001,Vente,122500,64,,RUE DES CHANTIERS,0530,78000,78646,Versailles,78,,,78646000BL0326,,,182,,,,,,,,,,1,2,Appartement,14,1,,,,,,2.143523,48.792624
2022-1304385,2022-07-06,000001,Vente,2314750,37,,RUE MADEMOISELLE,1740,78000,78646,Versailles,78,,,78646000AD0229,,,,,,,,,,,,,0,3,Dépendance,,0,S,sols,,,340,2.129306,48.81263
2022-1304385,2022-07-06,000001,Vente,2314750,37,,RUE MADEMOISELLE,1740,78000,78646,Versailles,78,,,78646000AD0229,,,,,,,,,,,,,0,1,Maison,300,8,S,sols,,,340,2.129306,48.81263
2022-1304402,2022-07-12,000001,Vente,579688,33,,RUE JEAN DE LA BRUYERE,1560,78000,78646,Versailles,78,,,78646000AO0001,,,2,,20,89.19,,,,,,,2,2,Appartement,90,4,,,,,,2.145961,48.812878
2022-1304402,2022-07-12,000001,Vente,579688,33,,RUE JEAN DE LA BRUYERE,1560,78000,78646,Versailles,78,,,78646000AO0001,,,2,,20,89.19,,,,,,,2,3,Dépendance,,0,,,,,,2.145961,48.812878
2022-1304402,2022-07-12,000001,Vente,579688,15,,RUE JEAN DE LA BRUYERE,1560,78000,78646,Versailles,78,,,78646000AO0001,,,315,,,,,,,,,,1,3,Dépendance,,0,,,,,,2.145961,48.812878
2022-1304405,2022-07-06,000001,Vente,217720,5,,RUE DE L ORANGERIE,2110,78000,78646,Versailles,78,,,78646000AH0025,,,36,,8,28.07,,,,,,,2,3,Dépendance,,0,,,,,,2.121379,48.800792
2022-1304405,2022-07-06,000001,Vente,217720,5,,RUE DE L ORANGERIE,2110,78000,78646,Versailles,78,,,78646000AH0025,,,36,,8,28.07,,,,,,,2,2,Appartement,28,1,,,,,,2.121379,48.800792
2022-1304411,2022-07-05,000001,Vente,275500,14,,RUE DES CHANTIERS,0530,78000,78646,Versailles,78,,,78646000BS0060,,,9,,,,,,,,,,1,3,Dépendance,,0,,,,,,2.136832,48.796406
2022-1304411,2022-07-05,000001,Vente,275500,14,,RUE DES CHANTIERS,0530,78000,78646,Versailles,78,,,78646000BS0060,,,2,33.21,,,,,,,,,1,2,Appartement,31,1,,,,,,2.136832,48.796406
2022-1304438,2022-07-19,000001,Vente,1039200,8,,RUE RICHAUD,2610,78000,78646,Versailles,78,,,78646000AI0203,,,20,115.67,21,,29,,,,,,3,2,Appartement,112,5,,,,,,2.133252,48.807358
2022-1304438,2022-07-19,000001,Vente,1039200,8,,RUE RICHAUD,2610,78000,78646,Versailles,78,,,78646000AI0203,,,20,115.67,21,,29,,,,,,3,3,Dépendance,,0,,,,,,2.133252,48.807358
2022-1304462,2022-07-07,000001,Vente,365000,2,,IMP DES CHEVAU-LEGERS,0600,78000,78646,Versailles,78,,,78646000AH0224,,,12,46.75,,,,,,,,,1,2,Appartement,46,2,,,,,,,
2022-1304490,2022-07-18,000001,Vente,612900,2,,ALL DES GARDES ROYALES,1136,78000,78646,Versailles,78,,,78646000AY0212,,,1149,,,,,,,,,,1,3,Dépendance,,0,,,,,,2.151214,48.802177
2022-1304490,2022-07-18,000001,Vente,612900,14,,ALL DES GARDES ROYALES,1136,78000,78646,Versailles,78,,,78646000AY0212,,,356,70.91,380,,,,,,,,2,2,Appartement,70,3,,,,,,2.151214,48.802177
2022-1304490,2022-07-18,000001,Vente,612900,14,,ALL DES GARDES ROYALES,1136,78000,78646,Versailles,78,,,78646000AY0212,,,356,70.91,380,,,,,,,,2,3,Dépendance,,0,,,,,,2.151214,48.802177
2022-1304490,2022-07-18,000001,Vente,612900,14,,ALL DES GARDES ROYALES,1136,78000,78646,Versailles,78,,,78646000AY0212,,,356,70.91,380,,,,,,,,2,3,Dépendance,,0,,,,,,2.151214,48.802177
2022-1304495,2022-06-30,000001,Vente,1550000,21,B,RUE DU MARECHAL GALLIENI,1812,78000,78646,Versailles,78,,,78646000AC0005,,,2131,,,,,,,,,,1,3,Dépendance,,0,,,,,,2.123201,48.811375
2022-1304495,2022-06-30,000001,Vente,1550000,21,B,RUE DU MARECHAL GALLIENI,1812,78000,78646,Versailles,78,,,78646000AC0005,,,2132,,,,,,,,,,1,3,Dépendance,,0,,,,,,2.123201,48.811375
2022-1304495,2022-06-30,000001,Vente,1550000,16,,RUE DU MARECHAL GALLIENI,1812,78000,78646,Versailles,78,,,78646000AC0282,,,,,,,,,,,,,0,3,Dépendance,,0,S,sols,,,310,2.12448,48.811476
2022-1304495,2022-06-30,000001,Vente,1550000,16,,RUE DU MARECHAL GALLIENI,1812,78000,78646,Versailles,78,,,78646000AC0282,,,,,,,,,,,,,0,1,Maison,162,4,S,sols,,,310,2.12448,48.811476
2022-1304496,2022-07-18,000001,Vente,575000,6,,RUE DE LA CEINTURE,0460,78000,78646,Versailles,78,,,78646000AW0006,,,223,101.6,266,,,,,,,,2,2,Appartement,104,4,,,,,,2.15013,48.808121
2022-1304496,2022-07-18,000001,Vente,575000,28,,RUE HENRI SIMON,1330,78000,78646,Versailles,78,,,78646000AW0006,,,1168,,,,,,,,,,1,3,Dépendance,,0,,,,,,2.15013,48.808121
2022-1304496,2022-07-18,000001,Vente,575000,6,,RUE DE LA CEINTURE,0460,78000,78646,Versailles,78,,,78646000AW0006,,,223,101.6,266,,,,,,,,2,3,Dépendance,,0,,,,,,2.15013,48.808121
2022-1304528,2022-06-28,000001,Vente,335040,36,,RUE DE VERGENNES,3150,78000,78646,Versailles,78,,,78646000BS0043,,,68,,,,,,,,,,1,3,Dépendance,,0,,,,,,2.137093,48.797286
2022-1304528,2022-06-28,000001,Vente,335040,36,,RUE DE VERGENNES,3150,78000,78646,Versailles,78,,,78646000BS0043,,,35,,7,43.68,,,,,,,2,3,Dépendance,,0,,,,,,2.137093,48.797286
2022-1304528,2022-06-28,000001,Vente,335040,36,,RUE DE VERGENNES,3150,78000,78646,Versailles,78,,,78646000BS0043,,,35,,7,43.68,,,,,,,2,2,Appartement,46,2,,,,,,2.137093,48.797286
2022-1304542,2022-06-30,000001,Vente,8000,82,B,AV DE PARIS,2180,78000,78646,Versailles,78,,,78646000BN0166,,,1268,,,,,,,,,,1,3,Dépendance,,0,,,,,,2.145036,48.797427
2022-1304545,2022-07-04,000001,Vente,631000,19,,AV DE SAINT CLOUD,2730,78000,78646,Versailles,78,,,78646000AE0300,,,107,60.55,109,,,,,,,,2,2,Appartement,75,4,,,,,,2.12962,48.805301
2022-1304545,2022-07-04,000001,Vente,631000,19,,AV DE SAINT CLOUD,2730,78000,78646,Versailles,78,,,78646000AE0300,,,107,60.55,109,,,,,,,,2,3,Dépendance,,0,,,,,,2.12962,48.805301
2022-1304556,2022-06-30,000001,Vente,267800,27,,RUE COSTE,0730,78000,78646,Versailles,78,,,78646000BE0086,,,14,,20,,37,,46,39.22,,,4,2,Appartement,39,2,,,,,,2.157108,48.794575
2022-1304558,2022-07-13,000001,Vente,638836.1,12,,AV DE PORCHEFONTAINE,2380,78000,78646,Versailles,78,,,78646000BK0021,,,604,,618,,,,,,,,2,2,Appartement,127,5,,,,,,2.152071,48.797176
2022-1304558,2022-07-13,000001,Vente,638836.1,12,,AV DE PORCHEFONTAINE,2380,78000,78646,Versailles,78,,,78646000BK0021,,,1529,,,,,,,,,,1,3,Dépendance,,0,,,,,,2.152071,48.797176
2022-1304558,2022-07-13,000001,Vente,638836.1,12,,AV DE PORCHEFONTAINE,2380,78000,78646,Versailles,78,,,78646000BK0021,,,604,,618,,,,,,,,2,3,Dépendance,,0,,,,,,2.152071,48.797176
2022-1304558,2022-07-13,000001,Vente,638836.1,12,,AV DE PORCHEFONTAINE,2380,78000,78646,Versailles,78,,,78646000BK0021,,,1416,,,,,,,,,,1,3,Dépendance,,0,,,,,,2.152071,48.797176
2022-1304560,2022-07-19,000001,Vente,443350,6,,RUE LOUIS HAUSSMANN,1679,78000,78646,Versailles,78,,,78646000AS0036,,,49,,,,,,,,,,1,3,Dépendance,,0,,,,,,2.147113,48.809569
2022-1304560,2022-07-19,000001,Vente,443350,6,,RUE LOUIS HAUSSMANN,1679,78000,78646,Versailles,78,,,78646000AS0036,,,274,,,,,,,,,,1,3,Dépendance,,0,,,,,,2.147113,48.809569
2022-1304560,2022-07-19,000001,Vente,443350,6,,RUE LOUIS HAUSSMANN,1679,78000,78646,Versailles,78,,,78646000AS0036,,,274,,,,,,,,,,1,2,Appartement,86,3,,,,,,2.147113,48.809569
2022-1304564,2022-07-08,000001,Vente,1425000,41,,RUE BERTHIER,0370,78000,78646,Versailles,78,,,78646000AD0240,,,10,128.74,,,,,,,,,1,1,Maison,128,5,,,,,,2.12982,48.811663
2022-1304580,2022-07-19,000001,Vente,495000,35,,RUE HENRI SIMON,1330,78000,78646,Versailles,78,,,78646000AW0219,,,531,80.71,539,,,,,,,,2,2,Appartement,82,2,,,,,,2.147909,48.808568
2022-1304580,2022-07-19,000001,Vente,495000,35,,RUE HENRI SIMON,1330,78000,78646,Versailles,78,,,78646000AW0219,,,531,80.71,539,,,,,,,,2,3,Dépendance,,0,,,,,,2.147909,48.808568
2022-1304589,2022-07-18,000001,Vente,344280,26,,RUE ALBERT JOLY,0050,78000,78646,Versailles,78,,,78646000AK0256,,,2,,42,,,,,,,,2,3,Dépendance,,0,,,,,,2.139037,48.81007
2022-1304589,2022-07-18,000001,Vente,344280,26,,RUE ALBERT JOLY,0050,78000,78646,Versailles,78,,,78646000AK0256,,,2,,42,,,,,,,,2,2,Appartement,50,2,,,,,,2.139037,48.81007
2022-1304589,2022-07-18,000001,Vente,344280,26,,RUE ALBERT JOLY,0050,78000,78646,Versailles,78,,,78646000AK0256,,,32,,,,,,,,,,1,3,Dépendance,,0,,,,,,2.139037,48.81007
2022-1304593,2022-06-20,000001,Vente,148000,57,,RUE EXELMANS,1020,78000,78646,Versailles,78,,,78646000AC0262,,,4,,80,,,,,,,,2,2,Appartement,38,1,,,,,,2.126785,48.814611
2022-1304593,2022-06-20,000001,Vente,148000,57,,RUE EXELMANS,1020,78000,78646,Versailles,78,,,78646000AC0262,,,4,,80,,,,,,,,2,3,Dépendance,,0,,,,,,2.126785,48.814611
2022-1304593,2022-06-20,000001,Vente,148000,57,,RUE EXELMANS,1020,78000,78646,Versailles,78,,,78646000AC0262,,,178,,,,,,,,,,1,3,Dépendance,,0,,,,,,2.126785,48.814611
2022-1304593,2022-06-20,000001,Vente,148000,57,,RUE EXELMANS,1020,78000,78646,Versailles,78,,,78646000AC0262,,,4,,80,,,,,,,,2,3,Dépendance,,0,,,,,,2.126785,48.814611
2022-1304611,2022-07-07,000001,Vente,232000,11,B,RUE COLBERT,0630,78000,78646,Versailles,78,,,78646000AE0338,,,43,,44,,45,32.75,46,32.75,,,4,3,Dépendance,,0,,,,,,2.126007,48.805232
2022-1304611,2022-07-07,000001,Vente,232000,11,B,RUE COLBERT,0630,78000,78646,Versailles,78,,,78646000AE0338,,,43,,44,,45,32.75,46,32.75,,,4,2,Appartement,30,2,,,,,,2.126007,48.805232
2022-1304632,2022-07-22,000001,Vente,711300,98,,BD DE LA REINE,2520,78000,78646,Versailles,78,,,78646000AI0290,,,158,,74,,,,,,,,2,3,Dépendance,,0,,,,,,2.139429,48.808058
2022-1304632,2022-07-22,000001,Vente,711300,98,,BD DE LA REINE,2520,78000,78646,Versailles,78,,,78646000AI0290,,,158,,74,,,,,,,,2,2,Appartement,74,2,,,,,,2.139429,48.808058
2022-1304632,2022-07-22,000001,Vente,711300,98,,BD DE LA REINE,2520,78000,78646,Versailles,78,,,78646000AI0290,,,40,,,,,,,,,,1,3,Dépendance,,0,,,,,,2.139429,48.808058
2022-1304651,2022-06-28,000001,Vente,185000,37,,RUE DE LA CEINTURE,0460,78000,78646,Versailles,78,,,78646000AV0141,,,20,42.21,43,,,,,,,,2,3,Dépendance,,0,,,,,,,
2022-1304651,2022-06-28,000001,Vente,185000,37,,RUE DE LA CEINTURE,0460,78000,78646,Versailles,78,,,78646000AV0141,,,61,,,,,,,,,,1,3,Dépendance,,0,,,,,,,
2022-1304651,2022-06-28,000001,Vente,185000,37,,RUE DE LA CEINTURE,0460,78000,78646,Versailles,78,,,78646000AV0141,,,20,42.21,43,,,,,,,,2,2,Appartement,44,2,,,,,,,
2022-1304676,2022-07-20,000001,Vente,1139200,19,,RUE MADEMOISELLE,1740,78000,78646,Versailles,78,,,78646000AD0487,,,22,,,,,,,,,,1,3,Dépendance,,0,,,,,,2.129065,48.811283
2022-1304676,2022-07-20,000001,Vente,1139200,19,,RUE MADEMOISELLE,1740,78000,78646,Versailles,78,,,78646000AD0487,,,1,89.4,4,,,,,,,,2,3,Dépendance,,0,,,,,,2.129065,48.811283
2022-1304676,2022-07-20,000001,Vente,1139200,19,,RUE MADEMOISELLE,1740,78000,78646,Versailles,78,,,78646000AD0487,,,1,89.4,4,,,,,,,,2,2,Appartement,80,3,,,,,,2.129065,48.811283
2022-1304690,2022-07-11,000001,Vente,461615,8,,PL HOCHE,1340,78000,78646,Versailles,78,,,78646000AE0319,,,18,64.29,35,,,,,,,,2,2,Appartement,60,4,,,,,,2.127968,48.805443
2022-1304690,2022-07-11,000001,Vente,461615,8,,PL HOCHE,1340,78000,78646,Versailles,78,,,78646000AE0319,,,18,64.29,35,,,,,,,,2,3,Dépendance,,0,,,,,,2.127968,48.805443
2022-1304704,2022-07-06,000001,Vente,470000,1,,RUE DU BAILLAGE,0260,78000,78646,Versailles,78,,,78646000AE0090,,,18,61.63,28,,,,,,,,2,2,Appartement,64,3,,,,,,2.131128,48.807732
2022-1304704,2022-07-06,000001,Vente,470000,1,,RUE DU BAILLAGE,0260,78000,78646,Versailles,78,,,78646000AE0090,,,18,61.63,28,,,,,,,,2,3,Dépendance,,0,,,,,,2.131128,48.807732
2022-1304724,2022-07-01,000001,Vente,482500,17,,RUE DE MONTREUIL,2000,78000,78646,Versailles,78,,,78646000AX0287,,,16,,36,,8,65.02,,,,,3,3,Dépendance,,0,,,,,,2.143566,48.805516
2022-1304724,2022-07-01,000001,Vente,482500,17,,RUE DE MONTREUIL,2000,78000,78646,Versailles,78,,,78646000AX0287,,,16,,36,,8,65.02,,,,,3,2,Appartement,68,3,,,,,,2.143566,48.805516
2022-1304751,2022-06-23,000001,Vente,300000,26,,RUE HENRI SIMON,1330,78000,78646,Versailles,78,,,78646000AW0006,,,814,53.88,833,,,,,,,,2,2,Appartement,54,2,,,,,,2.15013,48.808121
2022-1304751,2022-06-23,000001,Vente,300000,26,,RUE HENRI SIMON,1330,78000,78646,Versailles,78,,,78646000AW0006,,,814,53.88,833,,,,,,,,2,3,Dépendance,,0,,,,,,2.15013,48.808121
2022-1304792,2022-07-11,000001,Vente,2300000,17,,BD DE LA REPUBLIQUE,2570,78000,78646,Versailles,78,,,78646000AW0150,,,37,,,,,,,,,,1,3,Dépendance,,0,,,,,,2.147534,48.807494
2022-1304792,2022-07-11,000001,Vente,2300000,10,,BD DE LA REPUBLIQUE,2570,78000,78646,Versailles,78,,,78646000AX0104,,,,,,,,,,,,,0,1,Maison,213,10,S,sols,,,161,2.146681,48.807154
2022-1304792,2022-07-11,000001,Vente,2300000,10,,BD DE LA REPUBLIQUE,2570,78000,78646,Versailles,78,,,78646000AX0104,,,,,,,,,,,,,0,1,Maison,213,10,J,jardins,POTAG,Jardin potager,488,2.146681,48.807154
2022-1304834,2022-07-08,000001,Vente,501490,58,,RUE DE LA PAROISSE,2190,78000,78646,Versailles,78,,,78646000AE0235,,,11,61.46,6,,,,,,,,2,2,Appartement,70,2,,,,,,2.130005,48.80684
2022-1304841,2022-07-12,000002,Vente,2160000,22,,ALL PIERRE DE COUBERTIN,2310,78000,78646,Versailles,78,,,78646000BP0234,,,,,,,,,,,,,0,,,,,S,sols,,,745,2.140078,48.80115
2022-1304841,2022-07-12,000002,Vente,2160000,22,,ALL PIERRE DE COUBERTIN,2310,78000,78646,Versailles,78,,,78646000BP0269,,,,,,,,,,,,,0,1,Maison,190,6,S,sols,,,1090,2.140554,48.80084
2022-1304865,2022-07-08,000001,Vente,595000,6,,RUE DU GENERAL PERSHING,1170,78000,78646,Versailles,78,,,78646000AS0051,,,1228,,,,,,,,,,1,3,Dépendance,,0,,,,,,2.152002,48.812811
2022-1304865,2022-07-08,000001,Vente,595000,6,,RUE DU GENERAL PERSHING,1170,78000,78646,Versailles,78,,,78646000AS0051,,,1228,,,,,,,,,,1,3,Dépendance,,0,,,,,,2.152002,48.812811
2022-1304872,2022-07-21,000001,Vente,1589455,6,,IMP LEGRIS,1595,78000,78646,Versailles,78,,,78646000BL0343,,,,,,,,,,,,,0,1,Maison,240,7,S,sols,,,784,2.144955,48.793992
2022-1304893,2022-07-18,000001,Vente,303400,15,,RUE DE L ERMITAGE,0940,78000,78646,Versailles,78,,,78646000AC0273,,,506,,,,,,,,,,1,3,Dépendance,,0,,,,,,2.122251,48.813276
2022-1304893,2022-07-18,000001,Vente,303400,17,,RUE DE L ERMITAGE,0940,78000,78646,Versailles,78,,,78646000AC0273,,,317,44.42,,,,,,,,,1,2,Appartement,48,2,,,,,,2.122251,48.813276
2022-1304893,2022-07-18,000001,Vente,303400,17,,RUE DE L ERMITAGE,0940,78000,78646,Versailles,78,,,78646000AC0273,,,307,,,,,,,,,,1,3,Dépendance,,0,,,,,,2.122251,48.813276
2022-1304929,2022-06-30,000001,Vente,353200,13,,RUE DU PARC DE CLAGNY,2171,78000,78646,Versailles,78,,,78646000AK0081,,,34,,5,45.63,,,,,,,2,2,Appartement,48,2,,,,,,2.140076,48.81044
2022-1304929,2022-06-30,000001,Vente,353200,13,,RUE DU PARC DE CLAGNY,2171,78000,78646,Versailles,78,,,78646000AK0081,,,22,,,,,,,,,,1,3,Dépendance,,0,,,,,,2.140076,48.81044
2022-1304929,2022-06-30,000001,Vente,353200,13,,RUE DU PARC DE CLAGNY,2171,78000,78646,Versailles,78,,,78646000AK0081,,,34,,5,45.63,,,,,,,2,3,Dépendance,,0,,,,,,2.140076,48.81044
2022-1305006,2022-06-30,000001,Vente,550000,60,,RUE D ANJOU,0190,78000,78646,Versailles,78,,,78646000BT0108,,,,,,,,,,,,,0,4,Local industriel. commercial ou assimilé,60,0,S,sols,,,41,2.126903,48.796657
2022-1305006,2022-06-30,000001,Vente,550000,60,,RUE D ANJOU,0190,78000,78646,Versailles,78,,,78646000BT0108,,,,,,,,,,,,,0,4,Local industriel. commercial ou assimilé,75,0,S,sols,,,41,2.126903,48.796657
2022-1305051,2022-07-20,000001,Vente,533654,25,,RUE MONTEBELLO,1980,78000,78646,Versailles,78,,,78646000AK0018,,,58,,,,,,,,,,1,3,Dépendance,,0,,,,,,2.138525,48.812549
2022-1305051,2022-07-20,000001,Vente,533654,25,,RUE MONTEBELLO,1980,78000,78646,Versailles,78,,,78646000AK0018,,,125,71.79,20,,,,,,,,2,2,Appartement,76,3,,,,,,2.138525,48.812549
2022-1305051,2022-07-20,000001,Vente,533654,25,,RUE MONTEBELLO,1980,78000,78646,Versailles,78,,,78646000AK0018,,,125,71.79,20,,,,,,,,2,3,Dépendance,,0,,,,,,2.138525,48.812549
2022-1305059,2022-06-28,000001,Vente,250000,19,,AV DE SAINT CLOUD,2730,78000,78646,Versailles,78,,,78646000AE0300,,,105,30,110,,,,,,,,2,2,Appartement,30,1,,,,,,2.12962,48.805301
2022-1305059,2022-06-28,000001,Vente,250000,19,,AV DE SAINT CLOUD,2730,78000,78646,Versailles,78,,,78646000AE0300,,,105,30,110,,,,,,,,2,3,Dépendance,,0,,,,,,2.12962,48.805301
2022-1305074,2022-07-20,000001,Vente,51000,6,,RUE DU MARECHAL GALLIENI,1812,78000,78646,Versailles,78,,,78646000AC0194,,,23,,,,,,,,,,1,3,Dépendance,,0,,,,,,2.124471,48.810515
2022-1305106,2022-07-13,000001,Vente,85000,8,,RUE ALBERT JOLY,0050,78000,78646,Versailles,78,,,78646000AK0229,,,51,11.81,,,,,,,,,1,3,Dépendance,,0,,,,,,2.135908,48.810277
2022-1305200,2022-07-20,000001,Vente,258000,18,,RUE MONTBAURON,1970,78000,78646,Versailles,78,,,78646000BP0014,,,126,7.1,,,,,,,,,1,3,Dépendance,,0,,,,,,2.136175,48.804452
2022-1305200,2022-07-20,000001,Vente,258000,18,,RUE MONTBAURON,1970,78000,78646,Versailles,78,,,78646000BP0014,,,126,7.1,,,,,,,,,1,3,Dépendance,,0,,,,,,2.136175,48.804452
2022-1305200,2022-07-20,000001,Vente,258000,18,,RUE MONTBAURON,1970,78000,78646,Versailles,78,,,78646000BP0014,,,110,30.05,,,,,,,,,1,2,Appartement,32,2,,,,,,2.136175,48.804452
2022-1305200,2022-07-20,000001,Vente,258000,18,,RUE MONTBAURON,1970,78000,78646,Versailles,78,,,78646000BP0014,,,126,7.1,,,,,,,,,1,2,Appartement,97,4,,,,,,2.136175,48.804452
2022-1305220,2022-07-08,000001,Vente,845500,4,,PL HOCHE,1340,78000,78646,Versailles,78,,,78646000AE0330,,,126,,67,,71,104.97,72,,,,4,3,Dépendance,,0,,,,,,2.127082,48.805656
2022-1305220,2022-07-08,000001,Vente,845500,4,,PL HOCHE,1340,78000,78646,Versailles,78,,,78646000AE0330,,,126,,67,,71,104.97,72,,,,4,2,Appartement,120,6,,,,,,2.127082,48.805656
2022-1305266,2022-07-20,000001,Vente,1510000,86,,RUE ALBERT SARRAUT,0080,78000,78646,Versailles,78,,,78646000BL0398,,1,,,,,,,,,,,0,,,,,,,,,,2.146692,48.792486
2022-1305326,2022-07-18,000001,Vente,875000,49,,AV DE PARIS,2180,78000,78646,Versailles,78,,,78646000BP0135,,,24,,6,122.18,,,,,,,2,2,Appartement,124,5,,,,,,2.140035,48.800154
2022-1305326,2022-07-18,000001,Vente,875000,49,,AV DE PARIS,2180,78000,78646,Versailles,78,,,78646000BP0135,,,35,,,,,,,,,,1,3,Dépendance,,0,,,,,,2.140035,48.800154
2022-1305326,2022-07-18,000001,Vente,875000,49,,AV DE PARIS,2180,78000,78646,Versailles,78,,,78646000BP0135,,,24,,6,122.18,,,,,,,2,3,Dépendance,,0,,,,,,2.140035,48.800154
2022-1305386,2022-07-11,000001,Vente,1450000,,,RTE DE RUEIL,2660,78000,78646,Versailles,78,,,78646000AM0507,,10,,,,,,,,,,,0,,,,,,,,,,2.138201,48.820686
2022-1305386,2022-07-11,000001,Vente,1450000,16,,RTE DE RUEIL,2660,78000,78646,Versailles,78,,,78646000AM0507,,3,,,,,,,,,,,0,,,,,,,,,,2.138201,48.820686
2022-1305386,2022-07-11,000001,Vente,1450000,16,,RTE DE RUEIL,2660,78000,78646,Versailles,78,,,78646000AM0507,,6,,,,,,,,,,,0,,,,,,,,,,2.138201,48.820686
2022-1305386,2022-07-11,000001,Vente,1450000,16,,RTE DE RUEIL,2660,78000,78646,Versailles,78,,,78646000AM0507,,9,,,,,,,,,,,0,,,,,,,,,,2.138201,48.820686
2022-1305393,2022-07-20,000001,Vente en l'état futur d'achèvement,1450000,2,T,RUE PASTEUR,2210,78000,78646,Versailles,78,,,78646000AY0198,,,42,,,,,,,,,,1,3,Dépendance,,0,,,,,,2.147958,48.801006
2022-1305393,2022-07-20,000001,Vente en l'état futur d'achèvement,1450000,2,T,RUE PASTEUR,2210,78000,78646,Versailles,78,,,78646000AY0198,,,18,,,,,,,,,,1,3,Dépendance,,0,,,,,,2.147958,48.801006
2022-1305393,2022-07-20,000001,Vente en l'état futur d'achèvement,1450000,2,T,RUE PASTEUR,2210,78000,78646,Versailles,78,,,78646000AY0198,,,39,,,,,,,,,,1,3,Dépendance,,0,,,,,,2.147958,48.801006
2022-1305393,2022-07-20,000001,Vente en l'état futur d'achèvement,1450000,2,T,RUE PASTEUR,2210,78000,78646,Versailles,78,,,78646000AY0198,,,17,,,,,,,,,,1,3,Dépendance,,0,,,,,,2.147958,48.801006
2022-1305393,2022-07-20,000001,Vente en l'état futur d'achèvement,1450000,2,T,RUE PASTEUR,2210,78000,78646,Versailles,78,,,78646000AY0198,,,38,,,,,,,,,,1,3,Dépendance,,0,,,,,,2.147958,48.801006
2022-1305393,2022-07-20,000001,Vente en l'état futur d'achèvement,1450000,2,T,RUE PASTEUR,2210,78000,78646,Versailles,78,,,78646000AY0198,,,3,88.21,,,,,,,,,1,2,Appartement,89,4,,,,,,2.147958,48.801006
2022-1305393,2022-07-20,000001,Vente en l'état futur d'achèvement,1450000,2,T,RUE PASTEUR,2210,78000,78646,Versailles,78,,,78646000AY0198,,,8,88.21,,,,,,,,,1,2,Appartement,89,4,,,,,,2.147958,48.801006
2022-1305403,2022-07-07,000001,Vente,150000,19,,RUE DU GENERAL LECLERC,1145,78000,78646,Versailles,78,,,78646000AH0167,,,1,18.93,13,,,,,,,,2,4,Local industriel. commercial ou assimilé,18,0,,,,,,2.126238,48.79934
2022-1305425,2022-07-12,000001,Vente,259000,17,T,RUE DU PONT COLBERT,2370,78000,78646,Versailles,78,,,78646000BI0022,,,505,53.76,,,,,,,,,1,2,Appartement,54,3,,,,,,2.149624,48.789909
2022-1305425,2022-07-12,000001,Vente,259000,17,T,RUE DU PONT COLBERT,2370,78000,78646,Versailles,78,,,78646000BI0022,,,505,53.76,,,,,,,,,1,3,Dépendance,,0,,,,,,2.149624,48.789909
2022-1305436,2022-07-21,000001,Vente,200000,5,,RUE VICTOR BART,3160,78000,78646,Versailles,78,,,78646000AS0004,,,15,,9,,,,,,,,2,2,Appartement,33,2,,,,,,2.144016,48.810853
2022-1305436,2022-07-21,000001,Vente,200000,5,,RUE VICTOR BART,3160,78000,78646,Versailles,78,,,78646000AS0004,,,15,,9,,,,,,,,2,3,Dépendance,,0,,,,,,2.144016,48.810853
2022-1305478,2022-07-22,000001,Vente,160000,9,,RUE JEAN DE LA FONTAINE,1439,78000,78646,Versailles,78,,,78646000BE0296,,,1,,,,,,,,,,1,2,Appartement,42,2,,,,,,2.161818,48.797333
2022-1305485,2022-07-28,000001,Vente,844500,23,,RUE DE L ETANG,0970,78000,78646,Versailles,78,,,78646000BI0220,,,,,,,,,,,,,0,1,Maison,102,5,S,sols,,,99,2.15397,48.791465
2022-1305501,2022-07-13,000001,Vente,1412077.2,93,,RUE DES CHANTIERS,0530,78000,78646,Versailles,78,,,78646000BL0372,,,,,,,,,,,,,0,4,Local industriel. commercial ou assimilé,172,0,S,sols,,,689,2.145646,48.792271
2022-1305501,2022-07-13,000001,Vente,1412077.2,93,,RUE DES CHANTIERS,0530,78000,78646,Versailles,78,,,78646000BL0372,,,,,,,,,,,,,0,4,Local industriel. commercial ou assimilé,208,0,S,sols,,,689,2.145646,48.792271
2022-1305501,2022-07-13,000001,Vente,1412077.2,93,,RUE DES CHANTIERS,0530,78000,78646,Versailles,78,,,78646000BL0372,,,,,,,,,,,,,0,4,Local industriel. commercial ou assimilé,210,0,S,sols,,,689,2.145646,48.792271
2022-1305501,2022-07-13,000001,Vente,1412077.2,93,,RUE DES CHANTIERS,0530,78000,78646,Versailles,78,,,78646000BL0372,,,,,,,,,,,,,0,4,Local industriel. commercial ou assimilé,283,0,S,sols,,,689,2.145646,48.792271
2022-1305603,2022-07-21,000001,Vente,402000,84,,AV DE PARIS,2180,78000,78646,Versailles,78,,,78646000BN0045,,,58,,96,,,,,,,,2,3,Dépendance,,0,,,,,,2.145174,48.797578
2022-1305603,2022-07-21,000001,Vente,402000,84,,AV DE PARIS,2180,78000,78646,Versailles,78,,,78646000BN0045,,,58,,96,,,,,,,,2,2,Appartement,58,3,,,,,,2.145174,48.797578
2022-1305603,2022-07-21,000001,Vente,402000,84,,AV DE PARIS,2180,78000,78646,Versailles,78,,,78646000BN0045,,,120,,,,,,,,,,1,3,Dépendance,,0,,,,,,2.145174,48.797578
2022-1305605,2022-07-25,000001,Vente,649000,5,,PROM VENEZIA,3135,78000,78646,Versailles,78,,,78646000AZ0110,,,2391,,2441,117.4,,,,,,,2,2,Appartement,118,5,,,,,,2.158672,48.8041
2022-1305605,2022-07-25,000001,Vente,649000,5,,RUE DE L ECOLE DES POSTES,0850,78000,78646,Versailles,78,,,78646000AZ0110,,,3714,,,,,,,,,,1,3,Dépendance,,0,,,,,,2.158672,48.8041
2022-1305605,2022-07-25,000001,Vente,649000,5,,PROM VENEZIA,3135,78000,78646,Versailles,78,,,78646000AZ0110,,,2391,,2441,117.4,,,,,,,2,3,Dépendance,,0,,,,,,2.158672,48.8041
2022-1305608,2022-07-13,000001,Vente,3200000,93,,RUE DES CHANTIERS,0530,78000,78646,Versailles,78,,,78646000BL0372,,,,,,,,,,,,,0,4,Local industriel. commercial ou assimilé,210,0,S,sols,,,689,2.145646,48.792271
2022-1305608,2022-07-13,000001,Vente,3200000,93,,RUE DES CHANTIERS,0530,78000,78646,Versailles,78,,,78646000BL0372,,,,,,,,,,,,,0,4,Local industriel. commercial ou assimilé,283,0,S,sols,,,689,2.145646,48.792271
2022-1305608,2022-07-13,000001,Vente,3200000,93,,RUE DES CHANTIERS,0530,78000,78646,Versailles,78,,,78646000BL0372,,,,,,,,,,,,,0,4,Local industriel. commercial ou assimilé,208,0,S,sols,,,689,2.145646,48.792271
2022-1305608,2022-07-13,000001,Vente,3200000,93,,RUE DES CHANTIERS,0530,78000,78646,Versailles,78,,,78646000BL0372,,,,,,,,,,,,,0,4,Local industriel. commercial ou assimilé,172,0,S,sols,,,689,2.145646,48.792271
2022-1305616,2022-07-07,000001,Vente,200000,4,,RUE DE MONTREUIL,2000,78000,78646,Versailles,78,,,78646000AX0421,,,1,,15,,,,,,,,2,4,Local industriel. commercial ou assimilé,32,0,,,,,,2.142028,48.805304
2022-1305616,2022-07-07,000001,Vente,200000,4,,RUE DE MONTREUIL,2000,78000,78646,Versailles,78,,,78646000AX0421,,,11,,12,,2,,,,,,3,3,Dépendance,,0,,,,,,2.142028,48.805304
2022-1305620,2022-07-11,000001,Vente,1825000,151,,BD DE LA REINE,2520,78000,78646,Versailles,78,,,78646000AR0075,,,,,,,,,,,,,0,4,Local industriel. commercial ou assimilé,712,0,S,sols,,,944,2.144618,48.808433
2022-1305621,2022-07-21,000001,Vente,241260,16,,RUE EDOUARD CHARTON,0890,78000,78646,Versailles,78,,,78646000BT0158,,,33,36.23,9,,,,,,,,2,3,Dépendance,,0,,,,,,2.129886,48.794935
2022-1305621,2022-07-21,000001,Vente,241260,16,,RUE EDOUARD CHARTON,0890,78000,78646,Versailles,78,,,78646000BT0158,,,33,36.23,9,,,,,,,,2,2,Appartement,37,2,,,,,,2.129886,48.794935
2022-1305623,2022-07-12,000001,Vente,512100,2,,RUE MENARD,1890,78000,78646,Versailles,78,,,78646000BR0012,,,3,64.72,,,,,,,,,1,3,Dépendance,,0,,,,,,2.131709,48.800658
2022-1305623,2022-07-12,000001,Vente,512100,2,,RUE MENARD,1890,78000,78646,Versailles,78,,,78646000BR0012,,,3,64.72,,,,,,,,,1,3,Dépendance,,0,,,,,,2.131709,48.800658
2022-1305623,2022-07-12,000001,Vente,512100,2,,RUE MENARD,1890,78000,78646,Versailles,78,,,78646000BR0012,,,3,64.72,,,,,,,,,1,2,Appartement,68,3,,,,,,2.131709,48.800658
2022-1305690,2022-07-19,000001,Vente,310000,16,,RUE EDOUARD CHARTON,0890,78000,78646,Versailles,78,,,78646000BT0158,,,17,,18,,,,,,,,2,3,Dépendance,,0,,,,,,2.129886,48.794935
2022-1305690,2022-07-19,000001,Vente,310000,16,,RUE EDOUARD CHARTON,0890,78000,78646,Versailles,78,,,78646000BT0158,,,17,,18,,,,,,,,2,2,Appartement,48,2,,,,,,2.129886,48.794935
2022-1305720,2022-07-22,000001,Vente en l'état futur d'achèvement,239800,104,,AV DE PARIS,2180,78000,78646,Versailles,78,,,78646000BK0019,,,28,,,,,,,,,,1,2,Appartement,41,2,,,,,,2.150393,48.797197
2022-1305720,2022-07-22,000001,Vente en l'état futur d'achèvement,239800,104,,AV DE PARIS,2180,78000,78646,Versailles,78,,,78646000BK0019,,,113,,,,,,,,,,1,3,Dépendance,,0,,,,,,2.150393,48.797197
2022-1305738,2022-07-25,000001,Vente,1100730,63,,AV DU MAL DOUGLAS HAIG,1795,78000,78646,Versailles,78,,,78646000AM0191,,,51,,85,128.3,,,,,,,2,2,Appartement,103,4,,,,,,2.14415,48.823322
2022-1305738,2022-07-25,000001,Vente,1100730,63,,AV DU MAL DOUGLAS HAIG,1795,78000,78646,Versailles,78,,,78646000AM0191,,,85,128.3,,,,,,,,,1,4,Local industriel. commercial ou assimilé,32,0,,,,,,2.14415,48.823322
2022-1305738,2022-07-25,000001,Vente,1100730,63,,AV DU MAL DOUGLAS HAIG,1795,78000,78646,Versailles,78,,,78646000AM0191,,,51,,85,128.3,,,,,,,2,3,Dépendance,,0,,,,,,2.14415,48.823322
2022-1305738,2022-07-25,000001,Vente,1100730,63,,AV DU MAL DOUGLAS HAIG,1795,78000,78646,Versailles,78,,,78646000AM0191,,,30,,,,,,,,,,1,3,Dépendance,,0,,,,,,2.14415,48.823322
2022-1305751,2022-07-12,000001,Vente,180000,5,,RUE DE L ORANGERIE,2110,78000,78646,Versailles,78,,,78646000AH0025,,,38,,55,32.43,,,,,,,2,3,Dépendance,,0,,,,,,2.121379,48.800792
2022-1305751,2022-07-12,000001,Vente,180000,5,,RUE DE L ORANGERIE,2110,78000,78646,Versailles,78,,,78646000AH0025,,,38,,55,32.43,,,,,,,2,3,Dépendance,,0,,,,,,2.121379,48.800792
2022-1305751,2022-07-12,000001,Vente,180000,5,,RUE DE L ORANGERIE,2110,78000,78646,Versailles,78,,,78646000AH0025,,,38,,55,32.43,,,,,,,2,2,Appartement,35,2,,,,,,2.121379,48.800792
2022-1305751,2022-07-12,000001,Vente,180000,5,,RUE DE L ORANGERIE,2110,78000,78646,Versailles,78,,,78646000AH0025,,,38,,55,32.43,,,,,,,2,3,Dépendance,,0,,,,,,2.121379,48.800792
2022-1305770,2022-02-21,000001,Vente,441000,22,,ALL PIERRE DE COUBERTIN,2310,78000,78646,Versailles,78,,,78646000BP0234,,,,,,,,,,,,,0,,,,,S,sols,,,745,2.140078,48.80115
2022-1305770,2022-02-21,000001,Vente,441000,22,,ALL PIERRE DE COUBERTIN,2310,78000,78646,Versailles,78,,,78646000BP0270,,,,,,,,,,,,,0,,,,,S,sols,,,56,2.140699,48.80093
2022-1305804,2022-07-29,000001,Vente,340020,11,,RUE BERTHIER,0370,78000,78646,Versailles,78,,,78646000AC0144,,,10,,2,48.42,,,,,,,2,2,Appartement,34,1,,,,,,2.125224,48.812087
2022-1305804,2022-07-29,000001,Vente,340020,11,,RUE BERTHIER,0370,78000,78646,Versailles,78,,,78646000AC0144,,,11,,,,,,,,,,1,3,Dépendance,,0,,,,,,2.125224,48.812087
2022-1305826,2022-07-26,000001,Vente,444000,12,,PROM MONA LISA,1965,78000,78646,Versailles,78,,,78646000AZ0110,,,1838,,1951,,,,,,,,2,2,Appartement,89,3,,,,,,2.158672,48.8041
2022-1305826,2022-07-26,000001,Vente,444000,12,,PROM MONA LISA,1965,78000,78646,Versailles,78,,,78646000AZ0110,,,1838,,1951,,,,,,,,2,3,Dépendance,,0,,,,,,2.158672,48.8041
2022-1305826,2022-07-26,000001,Vente,444000,5,,RUE DE L ECOLE DES POSTES,0850,78000,78646,Versailles,78,,,78646000AZ0110,,,3885,,,,,,,,,,1,3,Dépendance,,0,,,,,,2.158672,48.8041
2022-1305848,2022-07-26,000001,Vente,20000,12,,AV DU GEN DE GAULLE,1143,78000,78646,Versailles,78,,,78646000AH0225,,,162,,,,,,,,,,1,3,Dépendance,,0,,,,,,2.128298,48.801276
2022-1305863,2022-07-25,000001,Vente,374286,72,,RUE DU MAL FOCH,1810,78000,78646,Versailles,78,,,78646000AK0009,,,155,,60,57.77,,,,,,,2,2,Appartement,58,4,,,,,,2.136535,48.812771
2022-1305863,2022-07-25,000001,Vente,374286,72,,RUE DU MAL FOCH,1810,78000,78646,Versailles,78,,,78646000AK0009,,,155,,60,57.77,,,,,,,2,3,Dépendance,,0,,,,,,2.136535,48.812771
2022-1305874,2022-07-27,000001,Vente,212000,11,,BD DU ROI,2641,78000,78646,Versailles,78,,,78646000AC0174,,,100,,,,,,,,,,1,4,Local industriel. commercial ou assimilé,31,0,,,,,,2.125813,48.811006
2022-1305874,2022-07-27,000001,Vente,212000,11,,BD DU ROI,2641,78000,78646,Versailles,78,,,78646000AC0174,,,12,,2,,,,,,,,2,2,Appartement,29,1,,,,,,2.125813,48.811006
2022-1305874,2022-07-27,000001,Vente,212000,11,,BD DU ROI,2641,78000,78646,Versailles,78,,,78646000AC0174,,,12,,2,,,,,,,,2,3,Dépendance,,0,,,,,,2.125813,48.811006
2022-1305887,2022-07-29,000001,Vente,800000,4,,RUE ALBERT JOLY,0050,78000,78646,Versailles,78,,,78646000AK0154,,,5,,,,,,,,,,1,3,Dépendance,,0,,,,,,2.135096,48.810526
2022-1305887,2022-07-29,000001,Vente,800000,4,,RUE ALBERT JOLY,0050,78000,78646,Versailles,78,,,78646000AK0154,,,3,83.5,,,,,,,,,1,2,Appartement,30,2,,,,,,2.135096,48.810526
2022-1305902,2022-07-28,000001,Vente,479820,10,,RUE DES CHANTIERS,0530,78000,78646,Versailles,78,,,78646000BS0055,,,10,74.35,11,74.35,24,,25,,35,74.35,7,3,Dépendance,,0,,,,,,2.13644,48.796584
2022-1305902,2022-07-28,000001,Vente,479820,10,,RUE DES CHANTIERS,0530,78000,78646,Versailles,78,,,78646000BS0055,,,10,74.35,11,74.35,24,,25,,35,74.35,7,2,Appartement,73,3,,,,,,2.13644,48.796584
2022-1305902,2022-07-28,000001,Vente,479820,10,,RUE DES CHANTIERS,0530,78000,78646,Versailles,78,,,78646000BS0055,,,10,74.35,11,74.35,24,,25,,35,74.35,7,3,Dépendance,,0,,,,,,2.13644,48.796584
2022-1305909,2022-07-18,000001,Vente,1120000,3,,RUE PIERRE BERLAND,2285,78000,78646,Versailles,78,,,78646000BC0019,,,,,,,,,,,,,0,3,Dépendance,,0,S,sols,,,456,2.154014,48.800277
2022-1305909,2022-07-18,000001,Vente,1120000,3,,RUE PIERRE BERLAND,2285,78000,78646,Versailles,78,,,78646000BC0019,,,,,,,,,,,,,0,1,Maison,126,6,S,sols,,,456,2.154014,48.800277
2022-1305967,2022-07-26,000001,Vente,350300,5,,RUE JEAN MERMOZ,1460,78000,78646,Versailles,78,,,78646000BN0109,,,44,62.19,,,,,,,,,1,2,Appartement,60,3,,,,,,2.146069,48.796572
2022-1305967,2022-07-26,000001,Vente,350300,5,,RUE JEAN MERMOZ,1460,78000,78646,Versailles,78,,,78646000BN0109,,,44,62.19,,,,,,,,,1,3,Dépendance,,0,,,,,,2.146069,48.796572
2022-1305967,2022-07-26,000001,Vente,350300,82,B,AV DE PARIS,2180,78000,78646,Versailles,78,,,78646000BN0166,,,1082,,,,,,,,,,1,3,Dépendance,,0,,,,,,2.145036,48.797427
2022-1305996,2022-07-29,000001,Vente,330950,23,,RUE HOCHE,1350,78000,78646,Versailles,78,,,78646000AE0202,,,32,37.06,40,,,,,,,,2,2,Appartement,38,3,,,,,,2.128088,48.807322
2022-1305996,2022-07-29,000001,Vente,330950,23,,RUE HOCHE,1350,78000,78646,Versailles,78,,,78646000AE0202,,,32,37.06,40,,,,,,,,2,3,Dépendance,,0,,,,,,2.128088,48.807322
2022-1306007,2022-07-22,000001,Vente,372500,3,,PL LOUIS 14,1690,78000,78646,Versailles,78,,,78646000BC0076,,,3,,65,59.74,,,,,,,2,3,Dépendance,,0,,,,,,2.158503,48.799192
2022-1306007,2022-07-22,000001,Vente,372500,3,,PL LOUIS 14,1690,78000,78646,Versailles,78,,,78646000BC0076,,,3,,65,59.74,,,,,,,2,2,Appartement,59,2,,,,,,2.158503,48.799192
2022-1306007,2022-07-22,000001,Vente,372500,3,,PL LOUIS 14,1690,78000,78646,Versailles,78,,,78646000BC0076,,,8,,,,,,,,,,1,3,Dépendance,,0,,,,,,2.158503,48.799192
2022-1306022,2022-07-28,000001,Vente,628600,5,,RUE DE L ECOLE DES POSTES,0850,78000,78646,Versailles,78,,,78646000AZ0110,,,3856,,,,,,,,,,1,3,Dépendance,,0,,,,,,2.158672,48.8041
2022-1306022,2022-07-28,000001,Vente,628600,32,,PROM MONA LISA,1965,78000,78646,Versailles,78,,,78646000AZ0110,,,2141,,2161,115,,,,,,,2,3,Dépendance,,0,,,,,,2.158672,48.8041
2022-1306022,2022-07-28,000001,Vente,628600,32,,PROM MONA LISA,1965,78000,78646,Versailles,78,,,78646000AZ0110,,,2141,,2161,115,,,,,,,2,2,Appartement,117,5,,,,,,2.158672,48.8041
2022-1306038,2022-07-25,000001,Vente,406000,15,,RUE DU MAL FOCH,1810,78000,78646,Versailles,78,,,78646000AE0286,,,42,,68,,,,,,,,2,2,Appartement,65,3,,,,,,2.131178,48.805884
2022-1306040,2022-07-27,000001,Vente,42500,28,,RUE DE LA PAROISSE,2190,78000,78646,Versailles,78,,,78646000AE0188,,,14,,,,,,,,,,1,4,Local industriel. commercial ou assimilé,13,0,,,,,,2.127676,48.807526
2022-1306044,2022-07-28,000001,Vente,46500,28,,RUE DE LA PAROISSE,2190,78000,78646,Versailles,78,,,78646000AE0188,,,13,,,,,,,,,,1,4,Local industriel. commercial ou assimilé,13,0,,,,,,2.127676,48.807526
2022-1306074,2022-07-26,000001,Vente,334000,8,,RUE ALBERT JOLY,0050,78000,78646,Versailles,78,,,78646000AK0229,,,80,,,,,,,,,,1,3,Dépendance,,0,,,,,,2.135908,48.810277
2022-1306074,2022-07-26,000001,Vente,334000,8,,RUE ALBERT JOLY,0050,78000,78646,Versailles,78,,,78646000AK0253,,,13,,3,45.01,,,,,,,2,3,Dépendance,,0,,,,,,2.135752,48.810093
2022-1306074,2022-07-26,000001,Vente,334000,8,,RUE ALBERT JOLY,0050,78000,78646,Versailles,78,,,78646000AK0253,,,13,,3,45.01,,,,,,,2,2,Appartement,45,1,,,,,,2.135752,48.810093
2022-1306078,2022-07-21,000001,Vente,586560,82,B,AV DE PARIS,2180,78000,78646,Versailles,78,,,78646000BN0166,,,420,81.01,444,,,,,,,,2,2,Appartement,81,4,,,,,,2.145036,48.797427
2022-1306078,2022-07-21,000001,Vente,586560,82,B,AV DE PARIS,2180,78000,78646,Versailles,78,,,78646000BN0166,,,420,81.01,444,,,,,,,,2,3,Dépendance,,0,,,,,,2.145036,48.797427
2022-1306078,2022-07-21,000001,Vente,586560,82,B,AV DE PARIS,2180,78000,78646,Versailles,78,,,78646000BN0166,,,473,,,,,,,,,,1,3,Dépendance,,0,,,,,,2.145036,48.797427
2022-1306078,2022-07-21,000001,Vente,586560,82,B,AV DE PARIS,2180,78000,78646,Versailles,78,,,78646000BN0166,,,1186,,,,,,,,,,1,3,Dépendance,,0,,,,,,2.145036,48.797427
2022-1306078,2022-07-21,000001,Vente,586560,82,B,AV DE PARIS,2180,78000,78646,Versailles,78,,,78646000BN0166,,,1185,,,,,,,,,,1,3,Dépendance,,0,,,,,,2.145036,48.797427
2022-1306078,2022-07-21,000001,Vente,586560,82,B,AV DE PARIS,2180,78000,78646,Versailles,78,,,78646000BN0166,,,420,81.01,444,,,,,,,,2,3,Dépendance,,0,,,,,,2.145036,48.797427
2022-1306116,2022-07-29,000001,Vente,1450000,5,,RUE DES FRERES KELLER,1125,78000,78646,Versailles,78,,,78646000AP0120,,,1,,,,,,,,,,1,1,Maison,192,9,S,sols,,,445,2.142159,48.812798
2022-1306133,2022-08-03,000001,Vente,219500,20,,RUE CARNOT,0440,78000,78646,Versailles,78,,,78646000AE0315,,,38,,39,,40,,41,,,,4,3,Dépendance,,0,,,,,,2.128653,48.805627
2022-1306133,2022-08-03,000001,Vente,219500,20,,RUE CARNOT,0440,78000,78646,Versailles,78,,,78646000AE0315,,,38,,39,,40,,41,,,,4,2,Appartement,27,1,,,,,,2.128653,48.805627
2022-1306138,2022-07-25,000001,Vente en l'état futur d'achèvement,1015000,9,,RUE VAUBAN,3110,78000,78646,Versailles,78,,,78646000AY0310,,,988,,,,,,,,,,1,3,Dépendance,,0,,,,,,2.15313,48.799852
2022-1306138,2022-07-25,000001,Vente en l'état futur d'achèvement,1015000,9,,RUE VAUBAN,3110,78000,78646,Versailles,78,,,78646000AY0310,,,989,,,,,,,,,,1,3,Dépendance,,0,,,,,,2.15313,48.799852
2022-1306138,2022-07-25,000001,Vente en l'état futur d'achèvement,1015000,9,,RUE VAUBAN,3110,78000,78646,Versailles,78,,,78646000AY0310,,,11,,,,,,,,,,1,2,Appartement,119,5,,,,,,2.15313,48.799852
2022-1306195,2022-08-03,000001,Vente,110000,6,,RUE DE L ERMITAGE,0940,78000,78646,Versailles,78,,,78646000AC0030,,,42,,,,,,,,,,1,3,Dépendance,,0,,,,,,2.124244,48.814005
2022-1306195,2022-08-03,000001,Vente,110000,6,,RUE DE L ERMITAGE,0940,78000,78646,Versailles,78,,,78646000AC0030,,,42,,,,,,,,,,1,3,Dépendance,,0,,,,,,2.124244,48.814005
2022-1306204,2022-07-26,000001,Vente,120000,49,,RUE DE MONTREUIL,2000,78000,78646,Versailles,78,,,78646000AX0303,,,13,,,,,,,,,,1,3,Dépendance,,0,,,,,,2.14551,48.804893
2022-1306204,2022-07-26,000001,Vente,120000,38,,RUE DE MONTREUIL,2000,78000,78646,Versailles,78,,,78646000AX0308,,,10,,2,28.86,36,,,,,,3,4,Local industriel. commercial ou assimilé,30,0,,,,,,2.145739,48.804519
2022-1306225,2022-07-08,000001,Vente,585200,28,,RUE CARNOT,0440,78000,78646,Versailles,78,,,78646000AE0309,,,13,70.55,37,,58,,,,,,3,3,Dépendance,,0,,,,,,2.128991,48.805488
2022-1306225,2022-07-08,000001,Vente,585200,28,,RUE CARNOT,0440,78000,78646,Versailles,78,,,78646000AE0309,,,13,70.55,37,,58,,,,,,3,2,Appartement,69,3,,,,,,2.128991,48.805488
2022-1306225,2022-07-08,000001,Vente,585200,28,,RUE CARNOT,0440,78000,78646,Versailles,78,,,78646000AE0309,,,13,70.55,37,,58,,,,,,3,3,Dépendance,,0,,,,,,2.128991,48.805488
2022-1306227,2022-07-27,000001,Vente,1000000,9,,RUE SAINTE GENEVIEVE,2770,78000,78646,Versailles,78,,,78646000AE0130,,,1,,15,,16,,17,,2,,18,4,Local industriel. commercial ou assimilé,300,0,,,,,,2.128631,48.808203
2022-1306247,2022-07-27,000001,Vente,564200,85,,RUE DE LA PAROISSE,2190,78000,78646,Versailles,78,,,78646000AI0161,,,8,68.38,,,,,,,,,1,3,Dépendance,,0,,,,,,2.135687,48.805841
2022-1306247,2022-07-27,000001,Vente,564200,85,,RUE DE LA PAROISSE,2190,78000,78646,Versailles,78,,,78646000AI0161,,,8,68.38,,,,,,,,,1,2,Appartement,72,4,,,,,,2.135687,48.805841
2022-1306278,2022-08-03,000001,Vente,744458,16,,RUE DU PARC DE CLAGNY,2171,78000,78646,Versailles,78,,,78646000AP0099,,,108,,5,97.7,,,,,,,2,2,Appartement,98,3,,,,,,2.141446,48.81293
2022-1306278,2022-08-03,000001,Vente,744458,16,,RUE DU PARC DE CLAGNY,2171,78000,78646,Versailles,78,,,78646000AP0099,,,108,,5,97.7,,,,,,,2,3,Dépendance,,0,,,,,,2.141446,48.81293
2022-1306347,2022-07-29,000001,Vente,324000,7,,RUE RICHAUD,2610,78000,78646,Versailles,78,,,78646000AI0313,,,21,41,,,,,,,,,1,2,Appartement,37,1,,,,,,2.135209,48.807376
2022-1306359,2022-07-20,000001,Vente,519700,5,,RUE JEAN MERMOZ,1460,78000,78646,Versailles,78,,,78646000BN0109,,,119,,134,78.03,,,,,,,2,2,Appartement,77,4,,,,,,2.146069,48.796572
2022-1306359,2022-07-20,000001,Vente,519700,5,,RUE JEAN MERMOZ,1460,78000,78646,Versailles,78,,,78646000BN0109,,,119,,134,78.03,,,,,,,2,3,Dépendance,,0,,,,,,2.146069,48.796572
2022-1306359,2022-07-20,000001,Vente,519700,82,B,AV DE PARIS,2180,78000,78646,Versailles,78,,,78646000BN0166,,,1206,,,,,,,,,,1,3,Dépendance,,0,,,,,,2.145036,48.797427
2022-1306377,2022-08-01,000001,Vente,316000,10,,RUE SAINTE VICTOIRE,2920,78000,78646,Versailles,78,,,78646000AD0125,,,5,,8,47.22,,,,,,,2,2,Appartement,52,2,,,,,,2.131904,48.810485
2022-1306377,2022-08-01,000001,Vente,316000,10,,RUE SAINTE VICTOIRE,2920,78000,78646,Versailles,78,,,78646000AD0125,,,9,15.98,,,,,,,,,1,3,Dépendance,,0,,,,,,2.131904,48.810485
2022-1306377,2022-08-01,000001,Vente,316000,10,,RUE SAINTE VICTOIRE,2920,78000,78646,Versailles,78,,,78646000AD0125,,,5,,8,47.22,,,,,,,2,3,Dépendance,,0,,,,,,2.131904,48.810485
2022-1306410,2022-07-25,000001,Vente,417800,29,,RUE DU VIEUX VERSAILLES,3180,78000,78646,Versailles,78,,,78646000AH0093,,,14,42.82,26,,,,,,,,2,2,Appartement,44,3,,,,,,2.12415,48.800744
2022-1306410,2022-07-25,000001,Vente,417800,29,,RUE DU VIEUX VERSAILLES,3180,78000,78646,Versailles,78,,,78646000AH0093,,,14,42.82,26,,,,,,,,2,3,Dépendance,,0,,,,,,2.12415,48.800744
2022-1306420,2022-07-28,000001,Vente,358700,62,,RUE CHAMP LAGARDE,0490,78000,78646,Versailles,78,,,78646000AY0096,,,17,52.01,23,,,,,,,,2,2,Appartement,54,3,,,,,,2.149716,48.801763
2022-1306420,2022-07-28,000001,Vente,358700,62,,RUE CHAMP LAGARDE,0490,78000,78646,Versailles,78,,,78646000AY0096,,,17,52.01,23,,,,,,,,2,3,Dépendance,,0,,,,,,2.149716,48.801763
2022-1306430,2022-07-22,000001,Vente,650000,4,,ALL DE MARIVEL,1853,78000,78646,Versailles,78,,,78646000BN0126,,,77,94.82,78,94.82,,,,,,,2,2,Appartement,95,4,,,,,,2.148622,48.797466
2022-1306430,2022-07-22,000001,Vente,650000,9001,,ALL DE MARIVEL,1853,78000,78646,Versailles,78,,,78646000BN0126,,,171,,,,,,,,,,1,3,Dépendance,,0,,,,,,2.148622,48.797466
2022-1306430,2022-07-22,000001,Vente,650000,4,,ALL DE MARIVEL,1853,78000,78646,Versailles,78,,,78646000BN0126,,,77,94.82,78,94.82,,,,,,,2,3,Dépendance,,0,,,,,,2.148622,48.797466
2022-1306430,2022-07-22,000001,Vente,650000,4,,ALL DE MARIVEL,1853,78000,78646,Versailles,78,,,78646000BN0126,,,77,94.82,78,94.82,,,,,,,2,3,Dépendance,,0,,,,,,2.148622,48.797466
2022-1306443,2022-07-27,000001,Vente,534000,5,,RUE DE L ECOLE DES POSTES,0850,78000,78646,Versailles,78,,,78646000AZ0110,,,3732,,,,,,,,,,1,3,Dépendance,,0,,,,,,2.158672,48.8041
2022-1306443,2022-07-27,000001,Vente,534000,8,,PROM MONA LISA,1965,78000,78646,Versailles,78,,,78646000AZ0110,,,1706,,1710,111.86,,,,,,,2,3,Dépendance,,0,,,,,,2.158672,48.8041
2022-1306443,2022-07-27,000001,Vente,534000,8,,PROM MONA LISA,1965,78000,78646,Versailles,78,,,78646000AZ0110,,,1706,,1710,111.86,,,,,,,2,2,Appartement,113,5,,,,,,2.158672,48.8041
2022-1306471,2022-07-12,000001,Vente,560000,15,,PL ROYALE,2650,78000,78646,Versailles,78,,,78646000AZ0110,,,1328,,1366,118.55,,,,,,,2,3,Dépendance,,0,,,,,,2.158672,48.8041
2022-1306471,2022-07-12,000001,Vente,560000,5,,RUE DE L ECOLE DES POSTES,0850,78000,78646,Versailles,78,,,78646000AZ0110,,,3172,,,,,,,,,,1,3,Dépendance,,0,,,,,,2.158672,48.8041
2022-1306471,2022-07-12,000001,Vente,560000,15,,PL ROYALE,2650,78000,78646,Versailles,78,,,78646000AZ0110,,,1328,,1366,118.55,,,,,,,2,2,Appartement,119,5,,,,,,2.158672,48.8041
2022-1306495,2022-07-20,000001,Vente,1350000,40,,RUE REMILLY,2530,78000,78646,Versailles,78,,,78646000AK0078,,,4,,,,,,,,,,1,1,Maison,156,6,,,,,,2.14028,48.811308
2022-1306495,2022-07-20,000001,Vente,1350000,40,,RUE REMILLY,2530,78000,78646,Versailles,78,,,78646000AK0078,,,21,,,,,,,,,,1,3,Dépendance,,0,,,,,,2.14028,48.811308
2022-1306495,2022-07-20,000001,Vente,1350000,40,,RUE REMILLY,2530,78000,78646,Versailles,78,,,78646000AK0078,,,46,,,,,,,,,,1,3,Dépendance,,0,,,,,,2.14028,48.811308
2022-1306506,2022-08-02,000001,Vente,174982.4,36,,RUE DES RESERVOIRS,2580,78000,78646,Versailles,78,,,78646000AE0402,,,20,,,,,,,,,,1,3,Dépendance,,0,,,,,,2.125799,48.809109
2022-1306516,2022-08-02,000001,Vente,730000,39,,BD DU ROI,2641,78000,78646,Versailles,78,,,78646000AC0108,,,13,109.04,207,,,,,,,,2,2,Appartement,100,4,,,,,,2.127742,48.814503
2022-1306516,2022-08-02,000001,Vente,730000,39,,BD DU ROI,2641,78000,78646,Versailles,78,,,78646000AC0108,,,173,,,,,,,,,,1,3,Dépendance,,0,,,,,,2.127742,48.814503
2022-1306527,2022-07-29,000001,Vente,34000,77,,RUE DE MONTREUIL,2000,78000,78646,Versailles,78,,,78646000AX0201,,,160,,,,,,,,,,1,3,Dépendance,,0,,,,,,2.148993,48.804972
2022-1306528,2022-07-21,000001,Vente,986925,25,,RUE ALBERT JOLY,0050,78000,78646,Versailles,78,,,78646000AK0269,,,3,101.44,,,,,,,,,1,2,Appartement,88,4,,,,,,2.139087,48.810431
2022-1306581,2022-08-04,000001,Vente,466000,2,,RUE VAUBAN,3110,78000,78646,Versailles,78,,,78646000BC0030,,,30,74.7,90,,,,,,,,2,3,Dépendance,,0,,,,,,2.154441,48.799454
2022-1306581,2022-08-04,000001,Vente,466000,2,,RUE VAUBAN,3110,78000,78646,Versailles,78,,,78646000BC0030,,,139,,,,,,,,,,1,3,Dépendance,,0,,,,,,2.154441,48.799454
2022-1306581,2022-08-04,000001,Vente,466000,2,,RUE VAUBAN,3110,78000,78646,Versailles,78,,,78646000BC0030,,,30,74.7,90,,,,,,,,2,3,Dépendance,,0,,,,,,2.154441,48.799454
2022-1306581,2022-08-04,000001,Vente,466000,2,,RUE VAUBAN,3110,78000,78646,Versailles,78,,,78646000BC0030,,,30,74.7,90,,,,,,,,2,2,Appartement,69,4,,,,,,2.154441,48.799454
2022-1306583,2022-07-29,000001,Vente,313200,16,,RUE CHAMP LAGARDE,0490,78000,78646,Versailles,78,,,78646000BO0081,,,10,,18,,,,,,,,2,2,Appartement,48,2,,,,,,2.143116,48.800656
2022-1306583,2022-07-29,000001,Vente,313200,16,,RUE CHAMP LAGARDE,0490,78000,78646,Versailles,78,,,78646000BO0081,,,10,,18,,,,,,,,2,3,Dépendance,,0,,,,,,2.143116,48.800656
2022-1306624,2022-07-06,000001,Vente,361550,12,,RUE ROYALE,2648,78000,78646,Versailles,78,,,78646000BV0092,,,24,,8,51.64,,,,,,,2,2,Appartement,48,2,,,,,,2.126707,48.79809
2022-1306624,2022-07-06,000001,Vente,361550,12,,RUE ROYALE,2648,78000,78646,Versailles,78,,,78646000BV0092,,,24,,8,51.64,,,,,,,2,3,Dépendance,,0,,,,,,2.126707,48.79809
2022-1306667,2022-07-20,000001,Vente,208480,2,,RUE DES RECOLLETS,2500,78000,78646,Versailles,78,,,78646000AH0006,,,34,21.41,,,,,,,,,1,2,Appartement,22,1,,,,,,2.122102,48.802297
2022-1306692,2022-07-13,000001,Vente,775000,9,,RUE NEUVE NOTRE DAME,2040,78000,78646,Versailles,78,,,78646000AE0010,,,26,,,,,,,,,,1,2,Appartement,105,2,,,,,,2.126961,48.809017
2022-1306692,2022-07-13,000001,Vente,775000,9,,RUE NEUVE NOTRE DAME,2040,78000,78646,Versailles,78,,,78646000AE0010,,,26,,,,,,,,,,1,3,Dépendance,,0,,,,,,2.126961,48.809017
2022-1306734,2022-07-28,000001,Vente,325000,12,,AV DE PARIS,2180,78000,78646,Versailles,78,,,78646000BR0027,,,19,51.39,,,,,,,,,1,2,Appartement,46,3,,,,,,2.13241,48.800962
2022-1306734,2022-07-28,000001,Vente,325000,12,,AV DE PARIS,2180,78000,78646,Versailles,78,,,78646000BR0027,,,28,,,,,,,,,,1,3,Dépendance,,0,,,,,,2.13241,48.800962
2022-1306734,2022-07-28,000001,Vente,325000,12,,AV DE PARIS,2180,78000,78646,Versailles,78,,,78646000BR0027,,,28,,,,,,,,,,1,2,Appartement,44,2,,,,,,2.13241,48.800962
2022-1306734,2022-07-28,000001,Vente,325000,12,,AV DE PARIS,2180,78000,78646,Versailles,78,,,78646000BR0027,,,19,51.39,,,,,,,,,1,3,Dépendance,,0,,,,,,2.13241,48.800962
2022-1306746,2022-08-05,000001,Vente,184550,35,,RUE DE VERGENNES,3150,78000,78646,Versailles,78,,,78646000BN0106,,,4,,5,,,,,,,,2,3,Dépendance,,0,,,,,,2.137986,48.797678
2022-1306746,2022-08-05,000001,Vente,184550,35,,RUE DE VERGENNES,3150,78000,78646,Versailles,78,,,78646000BN0106,,,4,,5,,,,,,,,2,2,Appartement,21,1,,,,,,2.137986,48.797678
2022-1306755,2022-07-21,000001,Vente,1250000,2,B,RUE GEORGES GUYNEMER,1210,78000,78646,Versailles,78,,,78646000AX0204,,,,,,,,,,,,,0,3,Dépendance,,0,S,sols,,,188,2.148705,48.804837
2022-1306755,2022-07-21,000001,Vente,1250000,2,B,RUE GEORGES GUYNEMER,1210,78000,78646,Versailles,78,,,78646000AX0204,,,,,,,,,,,,,0,1,Maison,160,6,S,sols,,,188,2.148705,48.804837
2022-1306772,2022-08-02,000001,Vente,289000,72,,RUE D ANJOU,0190,78000,78646,Versailles,78,,,78646000BT0094,,,5,37.02,,,,,,,,,1,4,Local industriel. commercial ou assimilé,37,0,,,,,,2.128197,48.79605
2022-1306772,2022-08-02,000001,Vente,289000,72,,RUE D ANJOU,0190,78000,78646,Versailles,78,,,78646000BT0094,,,5,37.02,,,,,,,,,1,4,Local industriel. commercial ou assimilé,38,0,,,,,,2.128197,48.79605
2022-1306786,2022-07-18,000001,Vente,551400,9,,ALL DES GARDES ROYALES,1136,78000,78646,Versailles,78,,,78646000AY0212,,,559,71.31,584,,,,,,,,2,3,Dépendance,,0,,,,,,2.151214,48.802177
2022-1306786,2022-07-18,000001,Vente,551400,9,,ALL DES GARDES ROYALES,1136,78000,78646,Versailles,78,,,78646000AY0212,,,559,71.31,584,,,,,,,,2,2,Appartement,70,3,,,,,,2.151214,48.802177
2022-1306786,2022-07-18,000001,Vente,551400,9,,ALL DES GARDES ROYALES,1136,78000,78646,Versailles,78,,,78646000AY0212,,,559,71.31,584,,,,,,,,2,3,Dépendance,,0,,,,,,2.151214,48.802177
2022-1306786,2022-07-18,000001,Vente,551400,2,,ALL DES GARDES ROYALES,1136,78000,78646,Versailles,78,,,78646000AY0212,,,1300,,,,,,,,,,1,3,Dépendance,,0,,,,,,2.151214,48.802177
2022-1306791,2022-07-29,000001,Vente,2566000,24,,AV DU MAL DOUGLAS HAIG,1795,78000,78646,Versailles,78,,,78646000AM0587,,,,,,,,,,,,,0,3,Dépendance,,0,S,sols,,,1265,2.146594,48.820442
2022-1306791,2022-07-29,000001,Vente,2566000,24,,AV DU MAL DOUGLAS HAIG,1795,78000,78646,Versailles,78,,,78646000AM0587,,,,,,,,,,,,,0,3,Dépendance,,0,S,sols,,,1265,2.146594,48.820442
2022-1306791,2022-07-29,000001,Vente,2566000,24,,AV DU MAL DOUGLAS HAIG,1795,78000,78646,Versailles,78,,,78646000AM0587,,,,,,,,,,,,,0,1,Maison,228,9,S,sols,,,1265,2.146594,48.820442
2022-1306804,2022-07-26,000001,Vente,907800,8,,RUE DES MISSIONNAIRES,1920,78000,78646,Versailles,78,,,78646000AD0227,,,14,,20,,5,101.13,,,,,3,2,Appartement,86,4,,,,,,2.129075,48.812832
2022-1306804,2022-07-26,000001,Vente,907800,8,,RUE DES MISSIONNAIRES,1920,78000,78646,Versailles,78,,,78646000AD0227,,,14,,20,,5,101.13,,,,,3,3,Dépendance,,0,,,,,,2.129075,48.812832
2022-1306804,2022-07-26,000001,Vente,907800,8,,RUE DES MISSIONNAIRES,1920,78000,78646,Versailles,78,,,78646000AD0227,,,14,,20,,5,101.13,,,,,3,3,Dépendance,,0,,,,,,2.129075,48.812832
2022-1306822,2022-07-28,000001,Vente,281000,8,,RUE ANDRE CHENIER,0160,78000,78646,Versailles,78,,,78646000AI0117,,,8,39.22,,,,,,,,,1,2,Appartement,40,2,,,,,,2.133027,48.806118
2022-1306870,2022-07-25,000001,Vente,1228700,31,B,RUE DU PARC DE CLAGNY,2171,78000,78646,Versailles,78,,,78646000AK0278,,,3,146.18,,,,,,,,,1,2,Appartement,146,6,,,,,,2.140417,48.812282
2022-1306871,2022-07-05,000001,Vente,422000,47,,RUE DES ETATS GENERAUX,0980,78000,78646,Versailles,78,,,78646000BR0190,,,150,,,,,,,,,,1,3,Dépendance,,0,,,,,,2.135581,48.798108
2022-1306871,2022-07-05,000001,Vente,422000,47,,RUE DES ETATS GENERAUX,0980,78000,78646,Versailles,78,,,78646000BR0190,,,22,62.6,77,,,,,,,,2,2,Appartement,63,3,,,,,,2.135581,48.798108
2022-1306882,2022-07-18,000001,Vente,1185700,4,,RUE MAGENTA,1760,78000,78646,Versailles,78,,,78646000AK0088,,,13,136.41,2,136.41,4,136.41,9,,,,4,3,Dépendance,,0,,,,,,2.139149,48.810627
2022-1306882,2022-07-18,000001,Vente,1185700,4,,RUE MAGENTA,1760,78000,78646,Versailles,78,,,78646000AK0088,,,13,136.41,2,136.41,4,136.41,9,,,,4,2,Appartement,154,7,,,,,,2.139149,48.810627
2022-1306886,2022-07-20,000001,Vente,1202000,7,,AV DE L AMIRAL SERRE,0150,78000,78646,Versailles,78,,,78646000AL0138,,,4,,,,,,,,,,1,3,Dépendance,,0,,,,,,2.139473,48.817747
2022-1306886,2022-07-20,000001,Vente,1202000,7,,AV DE L AMIRAL SERRE,0150,78000,78646,Versailles,78,,,78646000AL0138,,,516,,,,,,,,,,1,3,Dépendance,,0,,,,,,2.139473,48.817747
2022-1306886,2022-07-20,000001,Vente,1202000,7,,AV DE L AMIRAL SERRE,0150,78000,78646,Versailles,78,,,78646000AL0138,,,4,,,,,,,,,,1,2,Appartement,88,4,,,,,,2.139473,48.817747
2022-1306892,2022-07-19,000001,Vente,1815500,2,T,RUE D ANGIVILLER,0170,78000,78646,Versailles,78,,,78646000AC0195,,,,,,,,,,,,,0,1,Maison,120,4,S,sols,,,305,2.124761,48.810678
2022-1306911,2022-07-25,000001,Vente,667352,1,,RUE JOUVENCEL,1520,78000,78646,Versailles,78,,,78646000AI0052,,,43,77.03,,,,,,,,,1,3,Dépendance,,0,,,,,,2.132321,48.803557
2022-1306911,2022-07-25,000001,Vente,667352,1,,RUE JOUVENCEL,1520,78000,78646,Versailles,78,,,78646000AI0052,,,43,77.03,,,,,,,,,1,2,Appartement,83,3,,,,,,2.132321,48.803557
2022-1306911,2022-07-25,000001,Vente,667352,1,,RUE JOUVENCEL,1520,78000,78646,Versailles,78,,,78646000AI0052,,,43,77.03,,,,,,,,,1,3,Dépendance,,0,,,,,,2.132321,48.803557
2022-1306925,2022-07-21,000001,Vente,418755,5,,RUE DE L ECOLE DES POSTES,0850,78000,78646,Versailles,78,,,78646000AZ0110,,,3299,,,,,,,,,,1,3,Dépendance,,0,,,,,,2.158672,48.8041
2022-1306925,2022-07-21,000001,Vente,418755,7,,AV DE LA TRANQUILLITE,3055,78000,78646,Versailles,78,,,78646000AZ0110,,,629,,806,93.41,,,,,,,2,2,Appartement,94,4,,,,,,2.158672,48.8041
2022-1306925,2022-07-21,000001,Vente,418755,7,,AV DE LA TRANQUILLITE,3055,78000,78646,Versailles,78,,,78646000AZ0110,,,629,,806,93.41,,,,,,,2,3,Dépendance,,0,,,,,,2.158672,48.8041
2022-1307003,2022-08-05,000001,Vente,200000,12,,RUE DE SATORY,2950,78000,78646,Versailles,78,,,78646000AH0081,,,12,,25,,34,,,,,,3,2,Appartement,23,2,,,,,,2.124924,48.80091
2022-1307003,2022-08-05,000001,Vente,200000,12,,RUE DE SATORY,2950,78000,78646,Versailles,78,,,78646000AH0081,,,12,,25,,34,,,,,,3,3,Dépendance,,0,,,,,,2.124924,48.80091
2022-1307014,2022-07-25,000001,Vente,471580,64,,RUE DES CHANTIERS,0530,78000,78646,Versailles,78,,,78646000BL0326,,,112,,558,,,,,,,,2,2,Appartement,70,3,,,,,,2.143523,48.792624
2022-1307014,2022-07-25,000001,Vente,471580,64,,RUE DES CHANTIERS,0530,78000,78646,Versailles,78,,,78646000BL0326,,,291,,,,,,,,,,1,3,Dépendance,,0,,,,,,2.143523,48.792624
2022-1307014,2022-07-25,000001,Vente,471580,64,,RUE DES CHANTIERS,0530,78000,78646,Versailles,78,,,78646000BL0326,,,112,,558,,,,,,,,2,3,Dépendance,,0,,,,,,2.143523,48.792624
2022-1307014,2022-07-25,000001,Vente,471580,64,,RUE DES CHANTIERS,0530,78000,78646,Versailles,78,,,78646000BL0326,,,112,,558,,,,,,,,2,3,Dépendance,,0,,,,,,2.143523,48.792624
2022-1307021,2022-07-22,000001,Vente,480000,4,,PAS SAINT PIERRE,2870,78000,78646,Versailles,78,,,78646000AI0016,,,1,79.78,4,,,,,,,,2,4,Local industriel. commercial ou assimilé,99,0,,,,,,2.131873,48.804332
2022-1307038,2022-08-04,000001,Vente,399000,11,,RUE BERTHIER,0370,78000,78646,Versailles,78,,,78646000AC0144,,,1,48.2,,,,,,,,,1,2,Appartement,47,3,,,,,,2.125224,48.812087
2022-1307038,2022-08-04,000001,Vente,399000,2,,RUE BERTHIER,0370,78000,78646,Versailles,78,,,78646000AC0203,,,18,,,,,,,,,,1,3,Dépendance,,0,,,,,,2.124543,48.81173
2022-1307049,2022-07-20,000001,Vente,695000,36,,RUE DES MOINES,1930,78000,78646,Versailles,78,,,78646000BI0186,,,,,,,,,,,,,0,1,Maison,90,4,S,sols,,,190,2.155788,48.791691
2022-1307049,2022-07-20,000001,Vente,695000,36,,RUE DES MOINES,1930,78000,78646,Versailles,78,,,78646000BI0186,,,,,,,,,,,,,0,3,Dépendance,,0,S,sols,,,190,2.155788,48.791691
2022-1307053,2022-07-18,000001,Vente,110000,64,,RUE DES CHANTIERS,0530,78000,78646,Versailles,78,,,78646000BL0326,,,134,13.64,,,,,,,,,1,2,Appartement,14,0,,,,,,2.143523,48.792624
2022-1307091,2022-07-25,000001,Vente,850000,42,,RUE MARIE HENRIETTE,1850,78000,78646,Versailles,78,,,78646000AV0107,,,,,,,,,,,,,0,3,Dépendance,,0,S,sols,,,77,2.153368,48.811579
2022-1307091,2022-07-25,000001,Vente,850000,42,,RUE MARIE HENRIETTE,1850,78000,78646,Versailles,78,,,78646000AV0107,,,,,,,,,,,,,0,1,Maison,67,4,AG,terrains d'agrément,,,703,2.153368,48.811579
2022-1307091,2022-07-25,000001,Vente,850000,42,,RUE MARIE HENRIETTE,1850,78000,78646,Versailles,78,,,78646000AV0107,,,,,,,,,,,,,0,3,Dépendance,,0,AG,terrains d'agrément,,,703,2.153368,48.811579
2022-1307091,2022-07-25,000001,Vente,850000,42,,RUE MARIE HENRIETTE,1850,78000,78646,Versailles,78,,,78646000AV0107,,,,,,,,,,,,,0,1,Maison,67,4,S,sols,,,77,2.153368,48.811579
2022-1307096,2022-06-29,000001,Vente,350000,9,,RUE MONTEBELLO,1980,78000,78646,Versailles,78,,,78646000AK0014,,,27,,,,,,,,,,1,3,Dépendance,,0,,,,,,2.1372,48.812632
2022-1307096,2022-06-29,000001,Vente,350000,9,,RUE MONTEBELLO,1980,78000,78646,Versailles,78,,,78646000AK0014,,,33,,,,,,,,,,1,3,Dépendance,,0,,,,,,2.1372,48.812632
2022-1307096,2022-06-29,000001,Vente,350000,9,,RUE MONTEBELLO,1980,78000,78646,Versailles,78,,,78646000AK0014,,,58,47,,,,,,,,,1,2,Appartement,47,3,,,,,,2.1372,48.812632
2022-1307096,2022-06-29,000001,Vente,350000,9,,RUE MONTEBELLO,1980,78000,78646,Versailles,78,,,78646000AK0014,,,57,38,,,,,,,,,1,2,Appartement,38,2,,,,,,2.1372,48.812632
2022-1307121,2022-07-27,000001,Vente,197500,15,,BD DE LA REINE,2520,78000,78646,Versailles,78,,,78646000AC0190,,,85,21.16,,,,,,,,,1,3,Dépendance,,0,,,,,,2.124346,48.809915
2022-1307149,2022-07-29,000001,Vente,705000,18,B,RUE YVES LE COZ,3210,78000,78646,Versailles,78,,,78646000BD0038,,,,,,,,,,,,,0,3,Dépendance,,0,S,sols,,,443,2.15983,48.797595
2022-1307149,2022-07-29,000001,Vente,705000,18,B,RUE YVES LE COZ,3210,78000,78646,Versailles,78,,,78646000BD0038,,,,,,,,,,,,,0,1,Maison,80,3,S,sols,,,443,2.15983,48.797595
2022-1307156,2022-07-22,000001,Vente,400000,24,,RUE DU VIEUX VERSAILLES,3180,78000,78646,Versailles,78,,,78646000AH0116,,,15,56.16,,,,,,,,,1,2,Appartement,60,2,,,,,,2.123052,48.800531
2022-1307160,2022-08-04,000001,Vente,28000,1,T,RUE SAINT MEDERIC,2840,78000,78646,Versailles,78,,,78646000BT0098,,,24,,,,,,,,,,1,3,Dépendance,,0,,,,,,2.128123,48.796223
2022-1307164,2022-08-08,000001,Vente,2140000,4,,RUE GEORGES LACOMBE,1213,78000,78646,Versailles,78,,,78646000AP0130,,,,,,,,,,,,,0,1,Maison,263,7,AG,terrains d'agrément,,,500,2.142201,48.815752
2022-1307164,2022-08-08,000001,Vente,2140000,4,,RUE GEORGES LACOMBE,1213,78000,78646,Versailles,78,,,78646000AP0130,,,,,,,,,,,,,0,1,Maison,263,7,S,sols,,,500,2.142201,48.815752
2022-1307165,2022-07-29,000001,Vente,315000,6,,RUE DE LA CEINTURE,0460,78000,78646,Versailles,78,,,78646000AW0006,,,224,,275,,,,,,,,2,2,Appartement,45,1,,,,,,2.15013,48.808121
2022-1307165,2022-07-29,000001,Vente,315000,6,,RUE DE LA CEINTURE,0460,78000,78646,Versailles,78,,,78646000AW0006,,,1042,,,,,,,,,,1,3,Dépendance,,0,,,,,,2.15013,48.808121
2022-1307165,2022-07-29,000001,Vente,315000,6,,RUE DE LA CEINTURE,0460,78000,78646,Versailles,78,,,78646000AW0006,,,224,,275,,,,,,,,2,3,Dépendance,,0,,,,,,2.15013,48.808121
2022-1307168,2022-08-05,000001,Vente,492200,12,,AV DE PORCHEFONTAINE,2380,78000,78646,Versailles,78,,,78646000BK0021,,,713,,,,,,,,,,1,3,Dépendance,,0,,,,,,2.152071,48.797176
2022-1307168,2022-08-05,000001,Vente,492200,12,,AV DE PORCHEFONTAINE,2380,78000,78646,Versailles,78,,,78646000BK0021,,,1792,,,,,,,,,,1,3,Dépendance,,0,,,,,,2.152071,48.797176
2022-1307168,2022-08-05,000001,Vente,492200,12,,AV DE PORCHEFONTAINE,2380,78000,78646,Versailles,78,,,78646000BK0021,,,727,86.08,,,,,,,,,1,2,Appartement,85,3,,,,,,2.152071,48.797176
2022-1307172,2022-07-26,000001,Vente,753600,47,,RUE DE LA PAROISSE,2190,78000,78646,Versailles,78,,,78646000AE0112,,,25,82.01,28,,3,,,,,,3,3,Dépendance,,0,,,,,,2.130121,48.807391
2022-1307172,2022-07-26,000001,Vente,753600,47,,RUE DE LA PAROISSE,2190,78000,78646,Versailles,78,,,78646000AE0112,,,25,82.01,28,,3,,,,,,3,2,Appartement,70,3,,,,,,2.130121,48.807391
2022-1307172,2022-07-26,000001,Vente,753600,47,,RUE DE LA PAROISSE,2190,78000,78646,Versailles,78,,,78646000AE0112,,,25,82.01,28,,3,,,,,,3,3,Dépendance,,0,,,,,,2.130121,48.807391
2022-1307173,2022-07-29,000001,Vente,1837300,37,,AV DE VILLENEUVE L ETANG,3200,78000,78646,Versailles,78,,,78646000AO0154,,,,,,,,,,,,,0,1,Maison,240,8,AG,terrains d'agrément,,,403,2.147331,48.816883
2022-1307173,2022-07-29,000001,Vente,1837300,37,,AV DE VILLENEUVE L ETANG,3200,78000,78646,Versailles,78,,,78646000AO0154,,,,,,,,,,,,,0,1,Maison,240,8,S,sols,,,300,2.147331,48.816883
2022-1307186,2022-07-27,000001,Vente,555000,83,,RUE DU MAL FOCH,1810,78000,78646,Versailles,78,,,78646000AD0355,,,6,76.73,9,,,,,,,,2,2,Appartement,76,3,,,,,,2.135796,48.813879
2022-1307186,2022-07-27,000001,Vente,555000,83,,RUE DU MAL FOCH,1810,78000,78646,Versailles,78,,,78646000AD0355,,,6,76.73,9,,,,,,,,2,3,Dépendance,,0,,,,,,2.135796,48.813879
2022-1307217,2022-07-29,000001,Vente,885000,57,,RUE DU MAL FOCH,1810,78000,78646,Versailles,78,,,78646000AD0316,,,12,102.33,32,,,,,,,,2,3,Dépendance,,0,,,,,,2.134323,48.811029
2022-1307217,2022-07-29,000001,Vente,885000,57,,RUE DU MAL FOCH,1810,78000,78646,Versailles,78,,,78646000AD0316,,,12,102.33,32,,,,,,,,2,2,Appartement,106,3,,,,,,2.134323,48.811029
2022-1307217,2022-07-29,000001,Vente,885000,57,,RUE DU MAL FOCH,1810,78000,78646,Versailles,78,,,78646000AD0316,,,50,,,,,,,,,,1,3,Dépendance,,0,,,,,,2.134323,48.811029
2022-1307259,2022-08-01,000001,Vente,168000,3,,RUE DE L ORIENT,2130,78000,78646,Versailles,78,,,78646000BT0173,,,6,31.49,,,,,,,,,1,4,Local industriel. commercial ou assimilé,30,0,,,,,,2.127575,48.797039
2022-1307266,2022-08-03,000001,Vente,421500,9,,PAS SAINT PIERRE,2870,78000,78646,Versailles,78,,,78646000AI0014,,,2,43.57,,,,,,,,,1,4,Local industriel. commercial ou assimilé,49,0,,,,,,2.131516,48.804543
2022-1307306,2022-08-18,000001,Vente,776700,84,,RUE ROYALE,2648,78000,78646,Versailles,78,,,78646000BW0111,,,3,128.95,,,,,,,,,1,2,Appartement,98,5,,,,,,2.124311,48.794563
2022-1307306,2022-08-18,000001,Vente,776700,84,,RUE ROYALE,2648,78000,78646,Versailles,78,,,78646000BW0111,,,3,128.95,,,,,,,,,1,3,Dépendance,,0,,,,,,2.124311,48.794563
2022-1307306,2022-08-18,000001,Vente,776700,84,,RUE ROYALE,2648,78000,78646,Versailles,78,,,78646000BW0111,,,3,128.95,,,,,,,,,1,3,Dépendance,,0,,,,,,2.124311,48.794563
2022-1307317,2022-07-28,000001,Vente,395000,11,,RUE BAILLET REVIRON,0270,78000,78646,Versailles,78,,,78646000AE0041,,,4,,,,,,,,,,1,3,Dépendance,,0,,,,,,2.131592,48.808549
2022-1307317,2022-07-28,000001,Vente,395000,11,,RUE BAILLET REVIRON,0270,78000,78646,Versailles,78,,,78646000AE0041,,,4,,,,,,,,,,1,2,Appartement,57,2,,,,,,2.131592,48.808549
2022-1307323,2022-08-17,000001,Vente,577000,56,,RUE DU MAL FOCH,1810,78000,78646,Versailles,78,,,78646000AK0139,,,5,89.86,,,,,,,,,1,3,Dépendance,,0,,,,,,2.13509,48.811118
2022-1307323,2022-08-17,000001,Vente,577000,56,,RUE DU MAL FOCH,1810,78000,78646,Versailles,78,,,78646000AK0139,,,5,89.86,,,,,,,,,1,2,Appartement,77,3,,,,,,2.13509,48.811118
2022-1307343,2022-07-28,000001,Vente,247000,105,B,BD DE LA REINE,2520,78000,78646,Versailles,78,,,78646000AK0199,,,31,29.83,37,,,,,,,,2,2,Appartement,32,2,,,,,,2.137251,48.808977
2022-1307343,2022-07-28,000001,Vente,247000,105,B,BD DE LA REINE,2520,78000,78646,Versailles,78,,,78646000AK0199,,,31,29.83,37,,,,,,,,2,3,Dépendance,,0,,,,,,2.137251,48.808977
2022-1307355,2022-07-28,000001,Vente,430000,33,,RUE DE SATORY,2950,78000,78646,Versailles,78,,,78646000AH0134,,,5,63.72,,,,,,,,,1,3,Dépendance,,0,,,,,,2.124785,48.799723
2022-1307355,2022-07-28,000001,Vente,430000,33,,RUE DE SATORY,2950,78000,78646,Versailles,78,,,78646000AH0134,,,5,63.72,,,,,,,,,1,2,Appartement,160,7,,,,,,2.124785,48.799723
2022-1307376,2022-08-08,000001,Vente,315000,9,,RUE DE LA PAROISSE,2190,78000,78646,Versailles,78,,,78646000AE0157,,,25,,26,,37,,38,,,,4,3,Dépendance,,0,,,,,,2.126478,48.808351
2022-1307376,2022-08-08,000001,Vente,315000,9,,RUE DE LA PAROISSE,2190,78000,78646,Versailles,78,,,78646000AE0157,,,25,,26,,37,,38,,,,4,2,Appartement,59,2,,,,,,2.126478,48.808351
2022-1307376,2022-08-08,000001,Vente,315000,9,,RUE DE LA PAROISSE,2190,78000,78646,Versailles,78,,,78646000AE0157,,,25,,26,,37,,38,,,,4,3,Dépendance,,0,,,,,,2.126478,48.808351
2022-1307406,2022-07-27,000001,Vente,196790,102,,AV DES ETATS UNIS,0990,78000,78646,Versailles,78,,,78646000AV0364,,,36,,8,27.11,,,,,,,2,2,Appartement,27,1,,,,,,2.152749,48.81152
2022-1307406,2022-07-27,000001,Vente,196790,102,,AV DES ETATS UNIS,0990,78000,78646,Versailles,78,,,78646000AV0364,,,36,,8,27.11,,,,,,,2,3,Dépendance,,0,,,,,,2.152749,48.81152
2022-1307420,2022-08-24,000001,Vente,761150,64,,RUE DES CHANTIERS,0530,78000,78646,Versailles,78,,,78646000BL0326,,,133,105.63,554,,,,,,,,2,3,Dépendance,,0,,,,,,2.143523,48.792624
2022-1307420,2022-08-24,000001,Vente,761150,64,,RUE DES CHANTIERS,0530,78000,78646,Versailles,78,,,78646000BL0326,,,381,,,,,,,,,,1,3,Dépendance,,0,,,,,,2.143523,48.792624
2022-1307420,2022-08-24,000001,Vente,761150,64,,RUE DES CHANTIERS,0530,78000,78646,Versailles,78,,,78646000BL0326,,,243,,,,,,,,,,1,3,Dépendance,,0,,,,,,2.143523,48.792624
2022-1307420,2022-08-24,000001,Vente,761150,64,,RUE DES CHANTIERS,0530,78000,78646,Versailles,78,,,78646000BL0326,,,133,105.63,554,,,,,,,,2,2,Appartement,120,5,,,,,,2.143523,48.792624
2022-1307420,2022-08-24,000001,Vente,761150,64,,RUE DES CHANTIERS,0530,78000,78646,Versailles,78,,,78646000BL0326,,,133,105.63,554,,,,,,,,2,3,Dépendance,,0,,,,,,2.143523,48.792624
2022-1307506,2022-08-03,000001,Vente,1575000,46,,RUE DE LA PAROISSE,2190,78000,78646,Versailles,78,,,78646000AE0213,,,2,148.64,,,,,,,,,1,4,Local industriel. commercial ou assimilé,148,0,,,,,,2.129271,48.807065
2022-1307506,2022-08-03,000001,Vente,1575000,46,,RUE DE LA PAROISSE,2190,78000,78646,Versailles,78,,,78646000AE0213,,,1,168.37,,,,,,,,,1,4,Local industriel. commercial ou assimilé,208,0,,,,,,2.129271,48.807065
2022-1307517,2022-07-27,000001,Vente,138000,18,,RUE MONTBAURON,1970,78000,78646,Versailles,78,,,78646000BP0014,,,112,21.96,,,,,,,,,1,3,Dépendance,,0,,,,,,2.136175,48.804452
2022-1307518,2022-08-12,000001,Vente,1023695,9,,RUE SAINTE GENEVIEVE,2770,78000,78646,Versailles,78,,,78646000AE0130,,,13,114.18,,,,,,,,,1,3,Dépendance,,0,,,,,,2.128631,48.808203
2022-1307518,2022-08-12,000001,Vente,1023695,9,,RUE SAINTE GENEVIEVE,2770,78000,78646,Versailles,78,,,78646000AE0130,,,13,114.18,,,,,,,,,1,2,Appartement,113,5,,,,,,2.128631,48.808203
2022-1307577,2022-07-28,000001,Vente,730000,4,,IMP DU PONT COLBERT,2367,78000,78646,Versailles,78,,,78646000BI0388,,,,,,,,,,,,,0,1,Maison,84,4,S,sols,,,390,2.149042,48.787994
2022-1307581,2022-07-28,000001,Vente,2765900,20,,RUE MAGENTA,1760,78000,78646,Versailles,78,,,78646000AK0063,,,,,,,,,,,,,0,1,Maison,328,10,S,sols,,,579,2.139653,48.812366
2022-1307581,2022-07-28,000001,Vente,2765900,20,,RUE MAGENTA,1760,78000,78646,Versailles,78,,,78646000AK0063,,,,,,,,,,,,,0,3,Dépendance,,0,S,sols,,,579,2.139653,48.812366
2022-1307581,2022-07-28,000001,Vente,2765900,20,,RUE MAGENTA,1760,78000,78646,Versailles,78,,,78646000AK0063,,,,,,,,,,,,,0,3,Dépendance,,0,S,sols,,,579,2.139653,48.812366
2022-1307613,2022-07-12,000001,Vente,1180000,23,,RUE DES RESERVOIRS,2580,78000,78646,Versailles,78,,,78646000AC0231,,,22,,24,,6,166.91,,,,,3,3,Dépendance,,0,,,,,,2.12459,48.809112
2022-1307613,2022-07-12,000001,Vente,1180000,23,,RUE DES RESERVOIRS,2580,78000,78646,Versailles,78,,,78646000AC0231,,,22,,24,,6,166.91,,,,,3,2,Appartement,150,6,,,,,,2.12459,48.809112
2022-1307613,2022-07-12,000001,Vente,1180000,23,,RUE DES RESERVOIRS,2580,78000,78646,Versailles,78,,,78646000AC0231,,,11,13.29,,,,,,,,,1,3,Dépendance,,0,,,,,,2.12459,48.809112
2022-1307613,2022-07-12,000001,Vente,1180000,23,,RUE DES RESERVOIRS,2580,78000,78646,Versailles,78,,,78646000AC0231,,,22,,24,,6,166.91,,,,,3,3,Dépendance,,0,,,,,,2.12459,48.809112
2022-1307613,2022-07-12,000001,Vente,1180000,23,,RUE DES RESERVOIRS,2580,78000,78646,Versailles,78,,,78646000AC0231,,,22,,24,,6,166.91,,,,,3,3,Dépendance,,0,,,,,,2.12459,48.809112
2022-1307673,2022-08-02,000001,Vente en l'état futur d'achèvement,679000,9,,RUE VAUBAN,3110,78000,78646,Versailles,78,,,78646000AY0310,,,108,,,,,,,,,,1,2,Appartement,82,4,,,,,,2.15313,48.799852
2022-1307673,2022-08-02,000001,Vente en l'état futur d'achèvement,679000,9,,RUE VAUBAN,3110,78000,78646,Versailles,78,,,78646000AY0310,,,960,,,,,,,,,,1,3,Dépendance,,0,,,,,,2.15313,48.799852
2022-1307721,2022-08-30,000001,Vente,685000,67,,AV DE PARIS,2180,78000,78646,Versailles,78,,,78646000BO0038,,,67,,68,,76,,,,,,3,3,Dépendance,,0,,,,,,2.143097,48.79934
2022-1307721,2022-08-30,000001,Vente,685000,67,,AV DE PARIS,2180,78000,78646,Versailles,78,,,78646000BO0038,,,55,,,,,,,,,,1,3,Dépendance,,0,,,,,,2.143097,48.79934
2022-1307721,2022-08-30,000001,Vente,685000,67,,AV DE PARIS,2180,78000,78646,Versailles,78,,,78646000BO0038,,,67,,68,,76,,,,,,3,2,Appartement,71,3,,,,,,2.143097,48.79934
2022-1307721,2022-08-30,000001,Vente,685000,67,,AV DE PARIS,2180,78000,78646,Versailles,78,,,78646000BO0038,,,67,,68,,76,,,,,,3,3,Dépendance,,0,,,,,,2.143097,48.79934
2022-1307732,2022-08-04,000001,Vente,200000,1,,RUE DE LA CATHEDRALE,0450,78000,78646,Versailles,78,,,78646000BV0058,,,11,22.48,,,,,,,,,1,2,Appartement,24,1,,,,,,2.125178,48.799222
2022-1307758,2022-08-19,000001,Vente,700000,12,,RUE SAINT SIMON,2880,78000,78646,Versailles,78,,,78646000AI0062,,,14,,,,,,,,,,1,2,Appartement,45,2,,,,,,2.134379,48.803888
2022-1307758,2022-08-19,000001,Vente,700000,12,,RUE SAINT SIMON,2880,78000,78646,Versailles,78,,,78646000AI0062,,,10,,11,,15,,16,,17,,8,2,Appartement,105,5,,,,,,2.134379,48.803888
2022-1307758,2022-08-19,000001,Vente,700000,12,,RUE SAINT SIMON,2880,78000,78646,Versailles,78,,,78646000AI0062,,,10,,11,,15,,16,,17,,8,3,Dépendance,,0,,,,,,2.134379,48.803888
2022-1307758,2022-08-19,000001,Vente,700000,12,,RUE SAINT SIMON,2880,78000,78646,Versailles,78,,,78646000AI0062,,,10,,11,,15,,16,,17,,8,3,Dépendance,,0,,,,,,2.134379,48.803888
2022-1307777,2022-08-19,000001,Vente,466450,27,,RUE REMILLY,2530,78000,78646,Versailles,78,,,78646000AK0054,,,12,,3,58.7,,,,,,,2,3,Dépendance,,0,,,,,,2.138966,48.811672
2022-1307777,2022-08-19,000001,Vente,466450,27,,RUE REMILLY,2530,78000,78646,Versailles,78,,,78646000AK0054,,,12,,3,58.7,,,,,,,2,2,Appartement,58,3,,,,,,2.138966,48.811672
2022-1307785,2022-08-19,000001,Vente,727750,2,,RUE ALEXIS DE TOCQUEVILLE,0128,78000,78646,Versailles,78,,,78646000BS0226,,,4076,82.93,,,,,,,,,1,2,Appartement,81,4,,,,,,2.132076,48.794722
2022-1307785,2022-08-19,000001,Vente,727750,2,,RUE ALEXIS DE TOCQUEVILLE,0128,78000,78646,Versailles,78,,,78646000BS0226,,,4226,,,,,,,,,,1,3,Dépendance,,0,,,,,,2.132076,48.794722
2022-1307787,2022-08-25,000001,Vente,860000,115,,AV DE PARIS,2180,78000,78646,Versailles,78,,,78646000BC0062,,,138,,177,131.04,178,131.04,,,,,3,2,Appartement,133,5,,,,,,2.157995,48.800801
2022-1307787,2022-08-25,000001,Vente,860000,115,,AV DE PARIS,2180,78000,78646,Versailles,78,,,78646000BC0062,,,138,,177,131.04,178,131.04,,,,,3,3,Dépendance,,0,,,,,,2.157995,48.800801
2022-1307787,2022-08-25,000001,Vente,860000,115,,AV DE PARIS,2180,78000,78646,Versailles,78,,,78646000BC0062,,,30,,,,,,,,,,1,3,Dépendance,,0,,,,,,2.157995,48.800801
2022-1307798,2022-08-29,000001,Vente,1227100,8,,SQ DU PONT COLBERT,2375,78000,78646,Versailles,78,,,78646000BI0010,,,,,,,,,,,,,0,1,Maison,153,7,S,sols,,,576,2.148115,48.78882
2022-1307802,2022-08-22,000001,Vente,199210,11,,RUE PHILIPPE DE DANGEAU,2255,78000,78646,Versailles,78,,,78646000AI0058,,,130,22.27,,,,,,,,,1,2,Appartement,23,1,,,,,,2.13392,48.803575
2022-1307803,2022-08-30,000001,Vente,850000,10,,RUE DE L ERMITAGE,0940,78000,78646,Versailles,78,,,78646000AC0314,,,252,98.58,266,,,,,,,,2,2,Appartement,98,4,,,,,,2.123933,48.814609
2022-1307803,2022-08-30,000001,Vente,850000,10,,RUE DE L ERMITAGE,0940,78000,78646,Versailles,78,,,78646000AC0314,,,252,98.58,266,,,,,,,,2,3,Dépendance,,0,,,,,,2.123933,48.814609
2022-1307803,2022-08-30,000001,Vente,850000,10,,RUE DE L ERMITAGE,0940,78000,78646,Versailles,78,,,78646000AC0314,,,48,,,,,,,,,,1,3,Dépendance,,0,,,,,,2.123933,48.814609
2022-1307813,2022-08-24,000001,Vente,1593397,33,,RUE D ANGIVILLER,0170,78000,78646,Versailles,78,,,78646000AD0129,,,2,,3,,4,,,,,,3,3,Dépendance,,0,,,,,,2.131046,48.810443
2022-1307813,2022-08-24,000001,Vente,1593397,33,,RUE D ANGIVILLER,0170,78000,78646,Versailles,78,,,78646000AD0129,,,2,,3,,4,,,,,,3,2,Appartement,180,6,,,,,,2.131046,48.810443
2022-1307813,2022-08-24,000001,Vente,1593397,33,,RUE D ANGIVILLER,0170,78000,78646,Versailles,78,,,78646000AD0129,,,2,,3,,4,,,,,,3,3,Dépendance,,0,,,,,,2.131046,48.810443
2022-1307817,2022-08-24,000001,Vente,438280.62,5,,RUE JEAN MERMOZ,1460,78000,78646,Versailles,78,,,78646000BN0109,,,10,,46,65,,,,,,,2,3,Dépendance,,0,,,,,,2.146069,48.796572
2022-1307817,2022-08-24,000001,Vente,438280.62,5,,RUE JEAN MERMOZ,1460,78000,78646,Versailles,78,,,78646000BN0109,,,10,,46,65,,,,,,,2,2,Appartement,60,3,,,,,,2.146069,48.796572
2022-1307817,2022-08-24,000001,Vente,438280.62,82,B,AV DE PARIS,2180,78000,78646,Versailles,78,,,78646000BN0166,,,991,,,,,,,,,,1,3,Dépendance,,0,,,,,,2.145036,48.797427
2022-1307823,2022-08-18,000001,Vente,385000,62,,RUE CHAMP LAGARDE,0490,78000,78646,Versailles,78,,,78646000AY0096,,,22,,9,52.39,,,,,,,2,2,Appartement,54,3,,,,,,2.149716,48.801763
2022-1307823,2022-08-18,000001,Vente,385000,62,,RUE CHAMP LAGARDE,0490,78000,78646,Versailles,78,,,78646000AY0096,,,22,,9,52.39,,,,,,,2,3,Dépendance,,0,,,,,,2.149716,48.801763
2022-1307842,2022-08-26,000001,Vente,482750,15,,RUE SAINT LOUIS,2810,78000,78646,Versailles,78,,,78646000BW0004,,,13,,31,,39,,51,,60,,6,2,Appartement,93,3,,,,,,2.125443,48.79521
2022-1307842,2022-08-26,000001,Vente,482750,15,,RUE SAINT LOUIS,2810,78000,78646,Versailles,78,,,78646000BW0004,,,13,,31,,39,,51,,60,,6,3,Dépendance,,0,,,,,,2.125443,48.79521
2022-1307842,2022-08-26,000001,Vente,482750,15,,RUE SAINT LOUIS,2810,78000,78646,Versailles,78,,,78646000BW0004,,,13,,31,,39,,51,,60,,6,3,Dépendance,,0,,,,,,2.125443,48.79521
2022-1307842,2022-08-26,000001,Vente,482750,15,,RUE SAINT LOUIS,2810,78000,78646,Versailles,78,,,78646000BW0004,,,13,,31,,39,,51,,60,,6,3,Dépendance,,0,,,,,,2.125443,48.79521
2022-1307857,2022-08-19,000001,Vente,1417750,6,,RUE DE LA CHAUMIERE,0580,78000,78646,Versailles,78,,,78646000BE0356,,,,,,,,,,,,,0,1,Maison,207,6,S,sols,,,594,2.16134,48.795245
2022-1307857,2022-08-19,000001,Vente,1417750,6,,RUE DE LA CHAUMIERE,0580,78000,78646,Versailles,78,,,78646000BE0356,,,,,,,,,,,,,0,3,Dépendance,,0,S,sols,,,594,2.16134,48.795245
2022-1307864,2022-08-29,000001,Vente,1562160,17,,RUE DE L ECOLE DES POSTES,0850,78000,78646,Versailles,78,,,78646000AZ0315,,,,,,,,,,,,,0,,,,,S,sols,,,361,2.15793,48.802836
2022-1307864,2022-08-29,000001,Vente,1562160,9,,RUE DE LA CONCORDE,0680,78000,78646,Versailles,78,,,78646000AZ0337,,,,,,,,,,,,,0,,,,,S,sols,,,250,2.157991,48.803005
2022-1307864,2022-08-29,000001,Vente,1562160,9,,RUE DE LA CONCORDE,0680,78000,78646,Versailles,78,,,78646000AZ0338,,,,,,,,,,,,,0,1,Maison,186,6,S,sols,,,193,2.158074,48.802957
2022-1307870,2022-08-24,000001,Vente,672520,58,,RUE DE MONTREUIL,2000,78000,78646,Versailles,78,,,78646000AY0270,,,187,,,,,,,,,,1,3,Dépendance,,0,,,,,,2.148581,48.804249
2022-1307870,2022-08-24,000001,Vente,672520,58,,RUE DE MONTREUIL,2000,78000,78646,Versailles,78,,,78646000AY0270,,,186,,,,,,,,,,1,3,Dépendance,,0,,,,,,2.148581,48.804249
2022-1307870,2022-08-24,000001,Vente,672520,58,,RUE DE MONTREUIL,2000,78000,78646,Versailles,78,,,78646000AY0270,,,512,80.73,,,,,,,,,1,2,Appartement,80,4,,,,,,2.148581,48.804249
2022-1307876,2022-08-30,000001,Vente,361300,8,,RUE EXELMANS,1020,78000,78646,Versailles,78,,,78646000AC0116,,,71,,,,,,,,,,1,3,Dépendance,,0,,,,,,2.126206,48.81323
2022-1307876,2022-08-30,000001,Vente,361300,8,B,RUE EXELMANS,1020,78000,78646,Versailles,78,,,78646000AC0116,,,120,,26,,,,,,,,2,3,Dépendance,,0,,,,,,2.126206,48.81323
2022-1307876,2022-08-30,000001,Vente,361300,8,B,RUE EXELMANS,1020,78000,78646,Versailles,78,,,78646000AC0116,,,120,,26,,,,,,,,2,2,Appartement,54,3,,,,,,2.126206,48.81323
2022-1307882,2022-08-16,000001,Vente,770000,27,B,RUE DU REFUGE,2510,78000,78646,Versailles,78,,,78646000AX0345,,,49,,,,,,,,,,1,3,Dépendance,,0,,,,,,2.145064,48.803428
2022-1307882,2022-08-16,000001,Vente,770000,27,B,RUE DU REFUGE,2510,78000,78646,Versailles,78,,,78646000AX0345,,,10,,25,,,,,,,,2,2,Appartement,93,4,,,,,,2.145064,48.803428
2022-1307882,2022-08-16,000001,Vente,770000,27,B,RUE DU REFUGE,2510,78000,78646,Versailles,78,,,78646000AX0345,,,10,,25,,,,,,,,2,3,Dépendance,,0,,,,,,2.145064,48.803428
2022-1307893,2022-08-19,000001,Vente,417500,48,,RUE CHAMP LAGARDE,0490,78000,78646,Versailles,78,,,78646000AY0196,,,24,,88,61.7,,,,,,,2,3,Dépendance,,0,,,,,,2.148301,48.801267
2022-1307893,2022-08-19,000001,Vente,417500,48,,RUE CHAMP LAGARDE,0490,78000,78646,Versailles,78,,,78646000AY0196,,,24,,88,61.7,,,,,,,2,3,Dépendance,,0,,,,,,2.148301,48.801267
2022-1307893,2022-08-19,000001,Vente,417500,48,,RUE CHAMP LAGARDE,0490,78000,78646,Versailles,78,,,78646000AY0196,,,69,,,,,,,,,,1,3,Dépendance,,0,,,,,,2.148301,48.801267
2022-1307893,2022-08-19,000001,Vente,417500,48,,RUE CHAMP LAGARDE,0490,78000,78646,Versailles,78,,,78646000AY0196,,,24,,88,61.7,,,,,,,2,2,Appartement,63,2,,,,,,2.148301,48.801267
2022-1307927,2022-08-11,000001,Vente,550000,5,,RUE DE L ECOLE DES POSTES,0850,78000,78646,Versailles,78,,,78646000AZ0110,,,3639,,,,,,,,,,1,3,Dépendance,,0,,,,,,2.158672,48.8041
2022-1307927,2022-08-11,000001,Vente,550000,26,,PROM MONA LISA,1965,78000,78646,Versailles,78,,,78646000AZ0110,,,2050,,2105,100.55,,,,,,,2,3,Dépendance,,0,,,,,,2.158672,48.8041
2022-1307927,2022-08-11,000001,Vente,550000,26,,PROM MONA LISA,1965,78000,78646,Versailles,78,,,78646000AZ0110,,,2050,,2105,100.55,,,,,,,2,2,Appartement,102,4,,,,,,2.158672,48.8041
2022-1307930,2022-08-23,000001,Vente,220000,11,,RUE DES CHANTIERS,0530,78000,78646,Versailles,78,,,78646000BS0047,,,18,,7,,9,,,,,,3,3,Dépendance,,0,,,,,,2.136771,48.796848
2022-1307930,2022-08-23,000001,Vente,220000,11,,RUE DES CHANTIERS,0530,78000,78646,Versailles,78,,,78646000BS0047,,,18,,7,,9,,,,,,3,2,Appartement,65,3,,,,,,2.136771,48.796848
2022-1307930,2022-08-23,000001,Vente,220000,11,,RUE DES CHANTIERS,0530,78000,78646,Versailles,78,,,78646000BS0047,,,4,25.77,,,,,,,,,1,2,Appartement,25,1,,,,,,2.136771,48.796848
2022-1307935,2022-08-22,000001,Vente,350000,3,,RUE ROYALE,2648,78000,78646,Versailles,78,,,78646000BT0002,,,22,,30,,31,43.61,,,,,3,2,Appartement,40,2,,,,,,2.127859,48.798867
2022-1307935,2022-08-22,000001,Vente,350000,3,,RUE ROYALE,2648,78000,78646,Versailles,78,,,78646000BT0002,,,22,,30,,31,43.61,,,,,3,3,Dépendance,,0,,,,,,2.127859,48.798867
2022-1307949,2022-08-30,000001,Vente,1588600,78,,RUE JEAN DE LA FONTAINE,1439,78000,78646,Versailles,78,,,78646000BE0479,,,,,,,,,,,,,0,1,Maison,247,6,S,sols,,,339,2.155769,48.794247
2022-1307971,2022-08-25,000001,Vente,713600,1,,IMP NUNGESSER ET COLI,2090,78000,78646,Versailles,78,,,78646000BN0085,,,34,,46,,,,,,,,2,2,Appartement,35,2,,,,,,2.140783,48.796606
2022-1307971,2022-08-25,000001,Vente,713600,1,,IMP NUNGESSER ET COLI,2090,78000,78646,Versailles,78,,,78646000BN0085,,,15,,32,,,,,,,,2,2,Appartement,57,3,,,,,,2.140783,48.796606
2022-1307971,2022-08-25,000001,Vente,713600,1,,IMP NUNGESSER ET COLI,2090,78000,78646,Versailles,78,,,78646000BN0085,,,15,,32,,,,,,,,2,3,Dépendance,,0,,,,,,2.140783,48.796606
2022-1307971,2022-08-25,000001,Vente,713600,1,,IMP NUNGESSER ET COLI,2090,78000,78646,Versailles,78,,,78646000BN0085,,,9,,,,,,,,,,1,3,Dépendance,,0,,,,,,2.140783,48.796606
2022-1307975,2022-08-30,000001,Vente,640200,9,,AV DES ETATS UNIS,0990,78000,78646,Versailles,78,,,78646000AX0490,,,123,,,,,,,,,,1,3,Dépendance,,0,,,,,,2.142342,48.80702
2022-1307975,2022-08-30,000001,Vente,640200,9,,AV DES ETATS UNIS,0990,78000,78646,Versailles,78,,,78646000AX0490,,,150,83.04,48,,,,,,,,2,3,Dépendance,,0,,,,,,2.142342,48.80702
2022-1307975,2022-08-30,000001,Vente,640200,9,,AV DES ETATS UNIS,0990,78000,78646,Versailles,78,,,78646000AX0490,,,150,83.04,48,,,,,,,,2,2,Appartement,85,4,,,,,,2.142342,48.80702
2022-1307990,2022-08-26,000001,Vente,263500,88,B,AV DE PARIS,2180,78000,78646,Versailles,78,,,78646000BN0048,,,126,34.73,70,,,,,,,,2,2,Appartement,35,2,,,,,,2.146306,48.797577
2022-1307990,2022-08-26,000001,Vente,263500,88,B,AV DE PARIS,2180,78000,78646,Versailles,78,,,78646000BN0048,,,2,,,,,,,,,,1,3,Dépendance,,0,,,,,,2.146306,48.797577
2022-1307990,2022-08-26,000001,Vente,263500,88,B,AV DE PARIS,2180,78000,78646,Versailles,78,,,78646000BN0048,,,126,34.73,70,,,,,,,,2,3,Dépendance,,0,,,,,,2.146306,48.797577
2022-1308016,2022-08-24,000001,Vente,470900,5,,RUE SAINT SIMON,2880,78000,78646,Versailles,78,,,78646000AI0087,,,160,,,,,,,,,,1,3,Dépendance,,0,,,,,,2.133383,48.804267
2022-1308016,2022-08-24,000001,Vente,470900,5,,RUE SAINT SIMON,2880,78000,78646,Versailles,78,,,78646000AI0087,,,107,57.95,183,,,,,,,,2,2,Appartement,56,2,,,,,,2.133383,48.804267
2022-1308030,2022-08-31,000001,Vente,200000,19,,RUE DES BOURDONNAIS,0400,78000,78646,Versailles,78,,,78646000BT0207,,,14,,,,,,,,,,1,2,Appartement,27,1,,,,,,2.126637,48.795652
2022-1308037,2022-08-05,000002,Vente,2533500,15,B,AV MIRABEAU,1910,78000,78646,Versailles,78,,,78646000AM0606,,,,,,,,,,,,,0,3,Dépendance,,0,,,,,,2.139063,48.820918
2022-1308037,2022-08-05,000002,Vente,2533500,15,B,AV MIRABEAU,1910,78000,78646,Versailles,78,,,78646000AM0606,,,,,,,,,,,,,0,1,Maison,250,9,,,,,,2.139063,48.820918
2022-1308037,2022-08-05,000002,Vente,2533500,15,B,AV MIRABEAU,1910,78000,78646,Versailles,78,,,78646000AM0606,,,,,,,,,,,,,0,3,Dépendance,,0,,,,,,2.139063,48.820918
2022-1308053,2022-09-01,000001,Vente,170000,6,,RUE SAINT JULIEN,2790,78000,78646,Versailles,78,,,78646000AH0005,,,9,19.87,,,,,,,,,1,2,Appartement,19,1,,,,,,2.122175,48.802395
2022-1308054,2022-09-01,000001,Vente,900000,51,,RUE D ANGIVILLER,0170,78000,78646,Versailles,78,,,78646000AD0109,,,15,,21,,4,108.72,5,,,,4,2,Appartement,130,4,,,,,,2.133121,48.810177
2022-1308054,2022-09-01,000001,Vente,900000,51,,RUE D ANGIVILLER,0170,78000,78646,Versailles,78,,,78646000AD0109,,,15,,21,,4,108.72,5,,,,4,3,Dépendance,,0,,,,,,2.133121,48.810177
2022-1308054,2022-09-01,000001,Vente,900000,51,,RUE D ANGIVILLER,0170,78000,78646,Versailles,78,,,78646000AD0109,,,15,,21,,4,108.72,5,,,,4,3,Dépendance,,0,,,,,,2.133121,48.810177
2022-1308086,2022-08-25,000001,Vente,320000,77,,RUE DE MONTREUIL,2000,78000,78646,Versailles,78,,,78646000AX0201,,,20,,9,47.95,,,,,,,2,3,Dépendance,,0,,,,,,2.148993,48.804972
2022-1308086,2022-08-25,000001,Vente,320000,77,,RUE DE MONTREUIL,2000,78000,78646,Versailles,78,,,78646000AX0201,,,20,,9,47.95,,,,,,,2,2,Appartement,50,3,,,,,,2.148993,48.804972
2022-1308091,2022-08-22,000001,Echange,1000,38,,RUE LAMARTINE,1590,78000,78646,Versailles,78,,,78646000BL0143,,,21,,,,,,,,,,1,2,Appartement,30,2,,,,,,2.149004,48.792584
2022-1308091,2022-08-22,000001,Echange,1000,38,,RUE LAMARTINE,1590,78000,78646,Versailles,78,,,78646000BL0143,,,21,,,,,,,,,,1,3,Dépendance,,0,,,,,,2.149004,48.792584
2022-1308091,2022-08-22,000001,Echange,1000,38,,RUE LAMARTINE,1590,78000,78646,Versailles,78,,,78646000BL0143,,,21,,,,,,,,,,1,3,Dépendance,,0,,,,,,2.149004,48.792584
2022-1308091,2022-08-22,000002,Echange,1000,38,,RUE LAMARTINE,1590,78000,78646,Versailles,78,,,78646000BL0143,,,19,,,,,,,,,,1,3,Dépendance,,0,,,,,,2.149004,48.792584
2022-1308091,2022-08-22,000002,Echange,1000,38,,RUE LAMARTINE,1590,78000,78646,Versailles,78,,,78646000BL0143,,,19,,,,,,,,,,1,3,Dépendance,,0,,,,,,2.149004,48.792584
2022-1308091,2022-08-22,000002,Echange,1000,38,,RUE LAMARTINE,1590,78000,78646,Versailles,78,,,78646000BL0143,,,19,,,,,,,,,,1,2,Appartement,73,3,,,,,,2.149004,48.792584
2022-1308098,2022-08-24,000001,Vente,490200,64,,RUE DES CHANTIERS,0530,78000,78646,Versailles,78,,,78646000BL0326,,,109,67.19,423,,,,,,,,2,3,Dépendance,,0,,,,,,2.143523,48.792624
2022-1308098,2022-08-24,000001,Vente,490200,64,,RUE DES CHANTIERS,0530,78000,78646,Versailles,78,,,78646000BL0326,,,109,67.19,423,,,,,,,,2,3,Dépendance,,0,,,,,,2.143523,48.792624
2022-1308098,2022-08-24,000001,Vente,490200,64,,RUE DES CHANTIERS,0530,78000,78646,Versailles,78,,,78646000BL0326,,,109,67.19,423,,,,,,,,2,2,Appartement,76,2,,,,,,2.143523,48.792624
2022-1308098,2022-08-24,000001,Vente,490200,64,,RUE DES CHANTIERS,0530,78000,78646,Versailles,78,,,78646000BL0326,,,308,,,,,,,,,,1,3,Dépendance,,0,,,,,,2.143523,48.792624
2022-1308098,2022-08-24,000001,Vente,490200,64,,RUE DES CHANTIERS,0530,78000,78646,Versailles,78,,,78646000BL0326,,,109,67.19,423,,,,,,,,2,3,Dépendance,,0,,,,,,2.143523,48.792624
2022-1308153,2022-09-01,000001,Vente,245000,43,,BD DU ROI,2641,78000,78646,Versailles,78,,,78646000AC0104,,,22,32.04,5,,,,,,,,2,3,Dépendance,,0,,,,,,2.128119,48.814877
2022-1308153,2022-09-01,000001,Vente,245000,43,,BD DU ROI,2641,78000,78646,Versailles,78,,,78646000AC0104,,,22,32.04,5,,,,,,,,2,2,Appartement,32,2,,,,,,2.128119,48.814877
2022-1308158,2022-08-30,000001,Vente,607700,60,,RUE DE LA PAROISSE,2190,78000,78646,Versailles,78,,,78646000AE0236,,,16,,4,79.22,,,,,,,2,3,Dépendance,,0,,,,,,2.13017,48.806824
2022-1308158,2022-08-30,000001,Vente,607700,60,,RUE DE LA PAROISSE,2190,78000,78646,Versailles,78,,,78646000AE0236,,,16,,4,79.22,,,,,,,2,2,Appartement,79,3,,,,,,2.13017,48.806824
2022-1308166,2022-09-01,000001,Vente,271525,59,,AV DES ETATS UNIS,0990,78000,78646,Versailles,78,,,78646000AS0054,,,265,,,,,,,,,,1,3,Dépendance,,0,,,,,,2.152632,48.814149
2022-1308166,2022-09-01,000001,Vente,271525,59,,AV DES ETATS UNIS,0990,78000,78646,Versailles,78,,,78646000AS0054,,,124,56.89,,,,,,,,,1,2,Appartement,56,3,,,,,,2.152632,48.814149
2022-1308169,2022-08-29,000001,Vente,795000,27,,RUE ALBERT SARRAUT,0080,78000,78646,Versailles,78,,,78646000BK0192,,,,,,,,,,,,,0,1,Maison,84,4,S,sols,,,170,2.152459,48.795177
2022-1308169,2022-08-29,000001,Vente,795000,27,,RUE ALBERT SARRAUT,0080,78000,78646,Versailles,78,,,78646000BK0192,,,,,,,,,,,,,0,3,Dépendance,,0,S,sols,,,170,2.152459,48.795177
2022-1308169,2022-08-29,000001,Vente,795000,25,,RUE ALBERT SARRAUT,0080,78000,78646,Versailles,78,,,78646000BK0267,,,,,,,,,,,,,0,,,,,S,sols,,,20,2.152557,48.795168
2022-1308170,2022-08-26,000001,Vente,27500,13,,RUE DU GENERAL PERSHING,1170,78000,78646,Versailles,78,,,78646000AO0068,,,504,,,,,,,,,,1,3,Dépendance,,0,,,,,,2.148928,48.817113
2022-1308173,2022-08-29,000001,Vente,760350,6,,RUE DE L ERMITAGE,0940,78000,78646,Versailles,78,,,78646000AC0030,,,104,,,,,,,,,,1,3,Dépendance,,0,,,,,,2.124244,48.814005
2022-1308173,2022-08-29,000001,Vente,760350,6,Q,VLA DE L ERMITAGE,0942,78000,78646,Versailles,78,,,78646000AC0030,,,59,,77,103.63,,,,,,,2,2,Appartement,102,5,,,,,,2.124244,48.814005
2022-1308173,2022-08-29,000001,Vente,760350,6,Q,VLA DE L ERMITAGE,0942,78000,78646,Versailles,78,,,78646000AC0030,,,59,,77,103.63,,,,,,,2,3,Dépendance,,0,,,,,,2.124244,48.814005
2022-1308181,2022-08-24,000001,Vente,472900,30,,RUE DE SATORY,2950,78000,78646,Versailles,78,,,78646000AH0133,,,7,60.68,,,,,,,,,1,2,Appartement,61,3,,,,,,2.124245,48.799847
2022-1308185,2022-08-22,000001,Vente,908250,38,,RUE LAMARTINE,1590,78000,78646,Versailles,78,,,78646000BL0143,,,17,139.45,20,,,,,,,,2,2,Appartement,73,3,,,,,,2.149004,48.792584
2022-1308185,2022-08-22,000001,Vente,908250,38,,RUE LAMARTINE,1590,78000,78646,Versailles,78,,,78646000BL0143,,,21,,,,,,,,,,1,2,Appartement,30,2,,,,,,2.149004,48.792584
2022-1308185,2022-08-22,000001,Vente,908250,38,,RUE LAMARTINE,1590,78000,78646,Versailles,78,,,78646000BL0143,,,17,139.45,20,,,,,,,,2,3,Dépendance,,0,,,,,,2.149004,48.792584
2022-1308185,2022-08-22,000001,Vente,908250,38,,RUE LAMARTINE,1590,78000,78646,Versailles,78,,,78646000BL0143,,,17,139.45,20,,,,,,,,2,3,Dépendance,,0,,,,,,2.149004,48.792584
2022-1308185,2022-08-22,000001,Vente,908250,38,,RUE LAMARTINE,1590,78000,78646,Versailles,78,,,78646000BL0143,,,21,,,,,,,,,,1,3,Dépendance,,0,,,,,,2.149004,48.792584
2022-1308185,2022-08-22,000001,Vente,908250,38,,RUE LAMARTINE,1590,78000,78646,Versailles,78,,,78646000BL0143,,,21,,,,,,,,,,1,3,Dépendance,,0,,,,,,2.149004,48.792584
2022-1308215,2022-08-31,000001,Vente,708700,6,,RUE EXELMANS,1020,78000,78646,Versailles,78,,,78646000AC0318,,,87,,,,,,,,,,1,3,Dépendance,,0,,,,,,2.125702,48.812918
2022-1308215,2022-08-31,000001,Vente,708700,6,,RUE EXELMANS,1020,78000,78646,Versailles,78,,,78646000AC0318,,,18,,42,,,,,,,,2,3,Dépendance,,0,,,,,,2.125702,48.812918
2022-1308215,2022-08-31,000001,Vente,708700,6,,RUE EXELMANS,1020,78000,78646,Versailles,78,,,78646000AC0318,,,18,,42,,,,,,,,2,2,Appartement,97,4,,,,,,2.125702,48.812918
2022-1308231,2022-08-30,000001,Vente,484000,1,T,RUE SAINT MEDERIC,2840,78000,78646,Versailles,78,,,78646000BT0098,,,11,,2,69.91,,,,,,,2,3,Dépendance,,0,,,,,,2.128123,48.796223
2022-1308231,2022-08-30,000001,Vente,484000,1,T,RUE SAINT MEDERIC,2840,78000,78646,Versailles,78,,,78646000BT0098,,,11,,2,69.91,,,,,,,2,2,Appartement,70,3,,,,,,2.128123,48.796223
2022-1308247,2022-08-27,000001,Vente,312500,22,,RUE DU HAZARD,1300,78000,78646,Versailles,78,,,78646000BT0157,,,11,51.92,,,,,,,,,1,2,Appartement,51,2,,,,,,2.129647,48.795031
2022-1308249,2022-08-30,000001,Vente,500000,66,,AV DES ETATS UNIS,0990,78000,78646,Versailles,78,,,78646000AW0219,,,217,82.01,232,,,,,,,,2,3,Dépendance,,0,,,,,,2.147909,48.808568
2022-1308249,2022-08-30,000001,Vente,500000,66,,AV DES ETATS UNIS,0990,78000,78646,Versailles,78,,,78646000AW0219,,,701,,,,,,,,,,1,3,Dépendance,,0,,,,,,2.147909,48.808568
2022-1308249,2022-08-30,000001,Vente,500000,66,,AV DES ETATS UNIS,0990,78000,78646,Versailles,78,,,78646000AW0219,,,217,82.01,232,,,,,,,,2,2,Appartement,84,3,,,,,,2.147909,48.808568
2022-1308249,2022-08-30,000001,Vente,500000,66,,AV DES ETATS UNIS,0990,78000,78646,Versailles,78,,,78646000AW0219,,,217,82.01,232,,,,,,,,2,3,Dépendance,,0,,,,,,2.147909,48.808568
2022-1308252,2022-09-01,000001,Vente,305610,17,T,RUE DU PONT COLBERT,2370,78000,78646,Versailles,78,,,78646000BI0022,,,392,63.32,,,,,,,,,1,3,Dépendance,,0,,,,,,2.149624,48.789909
2022-1308252,2022-09-01,000001,Vente,305610,17,T,RUE DU PONT COLBERT,2370,78000,78646,Versailles,78,,,78646000BI0022,,,392,63.32,,,,,,,,,1,2,Appartement,72,3,,,,,,2.149624,48.789909
2022-1308267,2022-09-02,000001,Vente,689000,38,,BD DU ROI,2641,78000,78646,Versailles,78,,,78646000AD0407,,,113,,,,,,,,,,1,3,Dépendance,,0,,,,,,2.129146,48.814076
2022-1308267,2022-09-02,000001,Vente,689000,38,,BD DU ROI,2641,78000,78646,Versailles,78,,,78646000AD0407,,,41,97.26,42,,,,,,,,2,3,Dépendance,,0,,,,,,2.129146,48.814076
2022-1308267,2022-09-02,000001,Vente,689000,38,,BD DU ROI,2641,78000,78646,Versailles,78,,,78646000AD0407,,,41,97.26,42,,,,,,,,2,2,Appartement,92,5,,,,,,2.129146,48.814076
2022-1308268,2022-09-06,000001,Vente,110000,30,,RUE HENRI SIMON,1330,78000,78646,Versailles,78,,,78646000AW0006,,,88,,,,,,,,,,1,2,Appartement,17,1,,,,,,2.15013,48.808121
2022-1308277,2022-08-29,000001,Vente,890000,10,,RUE DE L ERMITAGE,0940,78000,78646,Versailles,78,,,78646000AC0314,,,134,,154,151.81,,,,,,,2,3,Dépendance,,0,,,,,,2.123933,48.814609
2022-1308277,2022-08-29,000001,Vente,890000,10,,RUE DE L ERMITAGE,0940,78000,78646,Versailles,78,,,78646000AC0314,,,134,,154,151.81,,,,,,,2,2,Appartement,152,6,,,,,,2.123933,48.814609
2022-1308277,2022-08-29,000001,Vente,890000,10,,RUE DE L ERMITAGE,0940,78000,78646,Versailles,78,,,78646000AC0314,,,60,,,,,,,,,,1,3,Dépendance,,0,,,,,,2.123933,48.814609
2022-1308283,2022-08-29,000001,Vente,476050,12,,AV DE PORCHEFONTAINE,2380,78000,78646,Versailles,78,,,78646000BK0021,,,824,,837,81.94,,,,,,,2,3,Dépendance,,0,,,,,,2.152071,48.797176
2022-1308283,2022-08-29,000001,Vente,476050,12,,AV DE PORCHEFONTAINE,2380,78000,78646,Versailles,78,,,78646000BK0021,,,1522,,,,,,,,,,1,3,Dépendance,,0,,,,,,2.152071,48.797176
2022-1308283,2022-08-29,000001,Vente,476050,12,,AV DE PORCHEFONTAINE,2380,78000,78646,Versailles,78,,,78646000BK0021,,,824,,837,81.94,,,,,,,2,2,Appartement,85,3,,,,,,2.152071,48.797176
2022-1308313,2022-08-31,000001,Vente,195000,26,,RUE DES CHANTIERS,0530,78000,78646,Versailles,78,,,78646000BS0088,,,12,25.37,,,,,,,,,1,2,Appartement,27,1,,,,,,2.137978,48.79584
2022-1308340,2022-08-31,000001,Vente,500000,38,B,AV DE SAINT CLOUD,2730,78000,78646,Versailles,78,,,78646000AI0284,,,36,85.02,37,1,48,,,,,,3,4,Local industriel. commercial ou assimilé,92,0,,,,,,2.134021,48.804526
2022-1308340,2022-08-31,000001,Vente,500000,38,,AV DE SAINT CLOUD,2730,78000,78646,Versailles,78,,,78646000AI0284,,,59,,,,,,,,,,1,3,Dépendance,,0,,,,,,2.134021,48.804526
2022-1308385,2022-08-30,000001,Vente,547620,16,,IMP NUNGESSER ET COLI,2090,78000,78646,Versailles,78,,,78646000BN0074,,,,,,,,,,,,,0,1,Maison,83,4,S,sols,,,96,2.139763,48.797286
2022-1308394,2022-08-26,000001,Vente,860000,8,,RUE DES ETATS GENERAUX,0980,78000,78646,Versailles,78,,,78646000BR0023,,,104,,63,113.91,,,,,,,2,4,Local industriel. commercial ou assimilé,161,0,,,,,,2.132006,48.800341
2022-1308413,2022-08-30,000001,Vente,529700.5,28,,BD DU ROI,2641,78000,78646,Versailles,78,,,78646000AD0223,,,178,67.2,33,,,,,,,,2,3,Dépendance,,0,,,,,,2.128206,48.812739
2022-1308413,2022-08-30,000001,Vente,529700.5,28,,BD DU ROI,2641,78000,78646,Versailles,78,,,78646000AD0223,,,92,,,,,,,,,,1,3,Dépendance,,0,,,,,,2.128206,48.812739
2022-1308413,2022-08-30,000001,Vente,529700.5,28,,BD DU ROI,2641,78000,78646,Versailles,78,,,78646000AD0223,,,178,67.2,33,,,,,,,,2,2,Appartement,50,2,,,,,,2.128206,48.812739
2022-1308419,2022-08-30,000001,Vente,1260000,6,,RUE SAINTE VICTOIRE,2920,78000,78646,Versailles,78,,,78646000AD0077,,,,,,,,,,,,,0,1,Maison,105,5,S,sols,,,63,2.131528,48.81001
2022-1308478,2022-08-16,000001,Vente,515900,5,,BD DU ROI,2641,78000,78646,Versailles,78,,,78646000AC0184,,,11,,,,,,,,,,1,3,Dépendance,,0,,,,,,2.125371,48.810193
2022-1308478,2022-08-16,000001,Vente,515900,5,,BD DU ROI,2641,78000,78646,Versailles,78,,,78646000AC0184,,,11,,,,,,,,,,1,2,Appartement,61,3,,,,,,2.125371,48.810193
2022-1308499,2022-09-06,000001,Vente,1442400,11,,RUE COLBERT,0630,78000,78646,Versailles,78,,,78646000AE0338,,,3,,80,143.13,,,,,,,2,3,Dépendance,,0,,,,,,2.126007,48.805232
2022-1308499,2022-09-06,000001,Vente,1442400,11,,RUE COLBERT,0630,78000,78646,Versailles,78,,,78646000AE0338,,,3,,80,143.13,,,,,,,2,2,Appartement,120,4,,,,,,2.126007,48.805232
2022-1308509,2022-08-26,000001,Vente,364700,2,T,RUE DU PARC DE CLAGNY,2171,78000,78646,Versailles,78,,,78646000AR0095,,,21,,3,50.36,,,,,,,2,2,Appartement,49,1,,,,,,2.140571,48.808921
2022-1308509,2022-08-26,000001,Vente,364700,2,T,RUE DU PARC DE CLAGNY,2171,78000,78646,Versailles,78,,,78646000AR0095,,,21,,3,50.36,,,,,,,2,3,Dépendance,,0,,,,,,2.140571,48.808921
2022-1308516,2022-08-31,000001,Vente,193500,4,,RUE L ABBE DE L EPEE,0010,78000,78646,Versailles,78,,,78646000AI0243,,,27,22.64,,,,,,,,,1,2,Appartement,22,1,,,,,,2.136166,48.806341
2022-1308517,2022-09-01,000001,Vente,78000,44,,RUE SAINT CHARLES,2710,78000,78646,Versailles,78,,,78646000AY0019,,,36,9.63,84,,,,,,,,2,3,Dépendance,,0,,,,,,2.147972,48.803805
2022-1308563,2022-08-31,000001,Vente,760000,7,,RUE SAINT MICHEL,2850,78000,78646,Versailles,78,,,78646000BK0177,,,,,,,,,,,,,0,3,Dépendance,,0,S,sols,,,424,2.152321,48.794727
2022-1308563,2022-08-31,000001,Vente,760000,7,,RUE SAINT MICHEL,2850,78000,78646,Versailles,78,,,78646000BK0177,,,,,,,,,,,,,0,1,Maison,79,4,S,sols,,,424,2.152321,48.794727
2022-1308570,2022-09-08,000001,Vente,288000,29,,RUE DU MARECHAL GALLIENI,1812,78000,78646,Versailles,78,,,78646000AC0009,,,3,34.39,,,,,,,,,1,3,Dépendance,,0,,,,,,2.123901,48.811915
2022-1308570,2022-09-08,000001,Vente,288000,29,,RUE DU MARECHAL GALLIENI,1812,78000,78646,Versailles,78,,,78646000AC0009,,,3,34.39,,,,,,,,,1,2,Appartement,34,2,,,,,,2.123901,48.811915
2022-1308574,2022-09-09,000001,Vente,634616,8,,RUE DE LA CEINTURE,0460,78000,78646,Versailles,78,,,78646000AW0006,,,606,102.49,649,,,,,,,,2,3,Dépendance,,0,,,,,,2.15013,48.808121
2022-1308574,2022-09-09,000001,Vente,634616,8,,RUE DE LA CEINTURE,0460,78000,78646,Versailles,78,,,78646000AW0006,,,606,102.49,649,,,,,,,,2,2,Appartement,104,4,,,,,,2.15013,48.808121
2022-1308574,2022-09-09,000001,Vente,634616,8,,RUE DE LA CEINTURE,0460,78000,78646,Versailles,78,,,78646000AW0006,,,975,,,,,,,,,,1,3,Dépendance,,0,,,,,,2.15013,48.808121
2022-1308584,2022-08-29,000001,Vente,114000,43,,RUE DES ETATS GENERAUX,0980,78000,78646,Versailles,78,,,78646000BR0076,,,10,19.61,,,,,,,,,1,2,Appartement,15,1,,,,,,2.134803,48.798486
2022-1308593,2022-09-02,000001,Vente,593000,13,,RUE DUCIS,0820,78000,78646,Versailles,78,,,78646000AE0083,,,25,66.27,27,,34,64.96,,,,,3,2,Appartement,66,4,,,,,,2.131212,48.807138
2022-1308597,2022-09-02,000001,Vente,28000,7,,RUE DE L ERMITAGE,0940,78000,78646,Versailles,78,,,78646000AC0252,,,103,,,,,,,,,,1,3,Dépendance,,0,,,,,,2.1233,48.812962
2022-1308602,2022-09-02,000001,Vente,228630,34,,RUE CARNOT,0440,78000,78646,Versailles,78,,,78646000AE0306,,,9,,,,,,,,,,1,3,Dépendance,,0,,,,,,2.129387,48.80547
2022-1308602,2022-09-02,000001,Vente,228630,34,,RUE CARNOT,0440,78000,78646,Versailles,78,,,78646000AE0306,,,9,,,,,,,,,,1,2,Appartement,25,1,,,,,,2.129387,48.80547
2022-1308660,2022-08-23,000001,Vente,717250,48,,RUE CHAMP LAGARDE,0490,78000,78646,Versailles,78,,,78646000AY0196,,,41,,95,107.64,,,,,,,2,3,Dépendance,,0,,,,,,2.148301,48.801267
2022-1308660,2022-08-23,000001,Vente,717250,48,,RUE CHAMP LAGARDE,0490,78000,78646,Versailles,78,,,78646000AY0196,,,41,,95,107.64,,,,,,,2,2,Appartement,113,3,,,,,,2.148301,48.801267
2022-1308660,2022-08-23,000001,Vente,717250,48,,RUE CHAMP LAGARDE,0490,78000,78646,Versailles,78,,,78646000AY0196,,,9,,,,,,,,,,1,3,Dépendance,,0,,,,,,2.148301,48.801267
2022-1308717,2022-08-31,000001,Echange,1000,15,,AV DE PARIS,2180,78000,78646,Versailles,78,,,78646000AI0248,,,110,,,,,,,,,,1,3,Dépendance,,0,,,,,,2.13366,48.801942
2022-1308717,2022-08-31,000001,Echange,1000,15,,AV DE PARIS,2180,78000,78646,Versailles,78,,,78646000AI0248,,,110,,,,,,,,,,1,3,Dépendance,,0,,,,,,2.13366,48.801942
2022-1308717,2022-08-31,000001,Echange,1000,15,,AV DE PARIS,2180,78000,78646,Versailles,78,,,78646000AI0248,,,110,,,,,,,,,,1,2,Appartement,150,7,,,,,,2.13366,48.801942
2022-1308717,2022-08-31,000002,Echange,1000,15,,AV DE PARIS,2180,78000,78646,Versailles,78,,,78646000AI0248,,,105,,,,,,,,,,1,3,Dépendance,,0,,,,,,2.13366,48.801942
2022-1308717,2022-08-31,000002,Echange,1000,15,,AV DE PARIS,2180,78000,78646,Versailles,78,,,78646000AI0248,,,105,,,,,,,,,,1,2,Appartement,150,7,,,,,,2.13366,48.801942
2022-1308717,2022-08-31,000002,Echange,1000,15,,AV DE PARIS,2180,78000,78646,Versailles,78,,,78646000AI0248,,,105,,,,,,,,,,1,3,Dépendance,,0,,,,,,2.13366,48.801942
2022-1308734,2022-09-05,000001,Vente,494470,1,,RUE CHAMP LAGARDE,0490,78000,78646,Versailles,78,,,78646000BP0132,,,105,,43,69.05,,,,,,,2,2,Appartement,69,3,,,,,,2.1408,48.800274
2022-1308734,2022-09-05,000001,Vente,494470,53,,AV DE PARIS,2180,78000,78646,Versailles,78,,,78646000BP0132,,,145,,,,,,,,,,1,3,Dépendance,,0,,,,,,2.1408,48.800274
2022-1308734,2022-09-05,000001,Vente,494470,1,,RUE CHAMP LAGARDE,0490,78000,78646,Versailles,78,,,78646000BP0132,,,105,,43,69.05,,,,,,,2,3,Dépendance,,0,,,,,,2.1408,48.800274
2022-1308735,2022-08-31,000001,Vente,717100,28,,RUE BORGNIS DESBORDES,0395,78000,78646,Versailles,78,,,78646000BW0145,,,1,,19,98.13,,,,,,,2,2,Appartement,99,5,,,,,,2.128305,48.793356
2022-1308735,2022-08-31,000001,Vente,717100,28,,RUE BORGNIS DESBORDES,0395,78000,78646,Versailles,78,,,78646000BW0145,,,1,,19,98.13,,,,,,,2,3,Dépendance,,0,,,,,,2.128305,48.793356
2022-1308787,2022-09-08,000001,Vente,445000,7,,RUE DU VIEUX VERSAILLES,3180,78000,78646,Versailles,78,,,78646000AH0046,,,14,54.8,,,,,,,,,1,2,Appartement,60,2,,,,,,2.122159,48.801354
2022-1308787,2022-09-08,000001,Vente,445000,7,,RUE DU VIEUX VERSAILLES,3180,78000,78646,Versailles,78,,,78646000AH0046,,,14,54.8,,,,,,,,,1,3,Dépendance,,0,,,,,,2.122159,48.801354
2022-1308829,2022-09-05,000001,Vente,295000,43,,BD DU ROI,2641,78000,78646,Versailles,78,,,78646000AC0104,,,15,,24,35.48,,,,,,,2,2,Appartement,37,2,,,,,,2.128119,48.814877
2022-1308829,2022-09-05,000001,Vente,295000,43,,BD DU ROI,2641,78000,78646,Versailles,78,,,78646000AC0104,,,15,,24,35.48,,,,,,,2,3,Dépendance,,0,,,,,,2.128119,48.814877
2022-1308859,2022-09-01,000001,Vente,340000,8,,RUE ROYALE,2648,78000,78646,Versailles,78,,,78646000BV0089,,,14,,,,,,,,,,1,2,Appartement,48,3,,,,,,2.126847,48.798339
2022-1308861,2022-09-08,000001,Vente,143910,73,,RUE DE LA PAROISSE,2190,78000,78646,Versailles,78,,,78646000AI0177,,,46,,,,,,,,,,1,2,Appartement,20,1,,,,,,2.134758,48.806357
2022-1308897,2022-09-08,000001,Vente,2838000,13,,RUE MONSEIGNEUR GIBIER,1950,78000,78646,Versailles,78,,,78646000BW0179,,,11,44.56,,,,,,,,,1,3,Dépendance,,0,,,,,,2.122905,48.793895
2022-1308897,2022-09-08,000001,Vente,2838000,13,,RUE MONSEIGNEUR GIBIER,1950,78000,78646,Versailles,78,,,78646000BW0179,,,14,55.31,,,,,,,,,1,3,Dépendance,,0,,,,,,2.122905,48.793895
2022-1308897,2022-09-08,000001,Vente,2838000,13,,RUE MONSEIGNEUR GIBIER,1950,78000,78646,Versailles,78,,,78646000BW0179,,,16,47.67,,,,,,,,,1,3,Dépendance,,0,,,,,,2.122905,48.793895
2022-1308897,2022-09-08,000001,Vente,2838000,13,,RUE MONSEIGNEUR GIBIER,1950,78000,78646,Versailles,78,,,78646000BW0179,,,17,46.56,,,,,,,,,1,3,Dépendance,,0,,,,,,2.122905,48.793895
2022-1308897,2022-09-08,000001,Vente,2838000,6,,RUE ALEXANDRE BONTEMPS,0110,78000,78646,Versailles,78,,,78646000BW0179,,,28,,,,,,,,,,1,3,Dépendance,,0,,,,,,2.122905,48.793895
2022-1308897,2022-09-08,000001,Vente,2838000,13,,RUE MONSEIGNEUR GIBIER,1950,78000,78646,Versailles,78,,,78646000BW0179,,,11,44.56,,,,,,,,,1,2,Appartement,45,2,,,,,,2.122905,48.793895
2022-1308897,2022-09-08,000001,Vente,2838000,13,,RUE MONSEIGNEUR GIBIER,1950,78000,78646,Versailles,78,,,78646000BW0179,,,15,54.6,,,,,,,,,1,3,Dépendance,,0,,,,,,2.122905,48.793895
2022-1308897,2022-09-08,000001,Vente,2838000,13,,RUE MONSEIGNEUR GIBIER,1950,78000,78646,Versailles,78,,,78646000BW0179,,,12,54.88,,,,,,,,,1,3,Dépendance,,0,,,,,,2.122905,48.793895
2022-1308897,2022-09-08,000001,Vente,2838000,13,,RUE MONSEIGNEUR GIBIER,1950,78000,78646,Versailles,78,,,78646000BW0179,,,13,55.22,,,,,,,,,1,3,Dépendance,,0,,,,,,2.122905,48.793895
2022-1308897,2022-09-08,000001,Vente,2838000,13,,RUE MONSEIGNEUR GIBIER,1950,78000,78646,Versailles,78,,,78646000BW0179,,,17,46.56,,,,,,,,,1,2,Appartement,45,2,,,,,,2.122905,48.793895
2022-1308897,2022-09-08,000001,Vente,2838000,13,,RUE MONSEIGNEUR GIBIER,1950,78000,78646,Versailles,78,,,78646000BW0179,,,16,47.67,,,,,,,,,1,2,Appartement,44,2,,,,,,2.122905,48.793895
2022-1308897,2022-09-08,000001,Vente,2838000,13,,RUE MONSEIGNEUR GIBIER,1950,78000,78646,Versailles,78,,,78646000BW0179,,,15,54.6,,,,,,,,,1,2,Appartement,45,2,,,,,,2.122905,48.793895
2022-1308897,2022-09-08,000001,Vente,2838000,13,,RUE MONSEIGNEUR GIBIER,1950,78000,78646,Versailles,78,,,78646000BW0179,,,14,55.31,,,,,,,,,1,2,Appartement,53,2,,,,,,2.122905,48.793895
2022-1308897,2022-09-08,000001,Vente,2838000,13,,RUE MONSEIGNEUR GIBIER,1950,78000,78646,Versailles,78,,,78646000BW0179,,,13,55.22,,,,,,,,,1,2,Appartement,54,2,,,,,,2.122905,48.793895
2022-1308897,2022-09-08,000001,Vente,2838000,13,,RUE MONSEIGNEUR GIBIER,1950,78000,78646,Versailles,78,,,78646000BW0179,,,12,54.88,,,,,,,,,1,2,Appartement,54,2,,,,,,2.122905,48.793895
2022-1308897,2022-09-08,000001,Vente,2838000,13,,RUE MONSEIGNEUR GIBIER,1950,78000,78646,Versailles,78,,,78646000BW0179,,,10,54.75,,,,,,,,,1,4,Local industriel. commercial ou assimilé,61,0,,,,,,2.122905,48.793895
2022-1308897,2022-09-08,000001,Vente,2838000,6,,RUE ALEXANDRE BONTEMPS,0110,78000,78646,Versailles,78,,,78646000BW0179,,,19,,,,,,,,,,1,3,Dépendance,,0,,,,,,2.122905,48.793895
2022-1308897,2022-09-08,000001,Vente,2838000,6,,RUE ALEXANDRE BONTEMPS,0110,78000,78646,Versailles,78,,,78646000BW0179,,,20,,,,,,,,,,1,3,Dépendance,,0,,,,,,2.122905,48.793895
2022-1308897,2022-09-08,000001,Vente,2838000,6,,RUE ALEXANDRE BONTEMPS,0110,78000,78646,Versailles,78,,,78646000BW0179,,,23,,,,,,,,,,1,3,Dépendance,,0,,,,,,2.122905,48.793895
2022-1308897,2022-09-08,000001,Vente,2838000,6,,RUE ALEXANDRE BONTEMPS,0110,78000,78646,Versailles,78,,,78646000BW0179,,,24,,,,,,,,,,1,3,Dépendance,,0,,,,,,2.122905,48.793895
2022-1308897,2022-09-08,000001,Vente,2838000,6,,RUE ALEXANDRE BONTEMPS,0110,78000,78646,Versailles,78,,,78646000BW0179,,,25,,,,,,,,,,1,3,Dépendance,,0,,,,,,2.122905,48.793895
2022-1308897,2022-09-08,000001,Vente,2838000,6,,RUE ALEXANDRE BONTEMPS,0110,78000,78646,Versailles,78,,,78646000BW0179,,,26,,,,,,,,,,1,3,Dépendance,,0,,,,,,2.122905,48.793895
2022-1308897,2022-09-08,000001,Vente,2838000,6,,RUE ALEXANDRE BONTEMPS,0110,78000,78646,Versailles,78,,,78646000BW0179,,,27,,,,,,,,,,1,3,Dépendance,,0,,,,,,2.122905,48.793895
2022-1308951,2022-09-02,000001,Vente,55000,64,,RUE D ANJOU,0190,78000,78646,Versailles,78,,,78646000BT0103,,,6,,,,,,,,,,1,3,Dépendance,,0,,,,,,2.127294,48.796428
2022-1308965,2022-09-02,000001,Vente,218000,69,,RUE DES CHANTIERS,0530,78000,78646,Versailles,78,,,78646000BL0280,,,155,,2,32.86,,,,,,,2,2,Appartement,30,1,,,,,,2.143596,48.793559
2022-1308965,2022-09-02,000001,Vente,218000,69,,RUE DES CHANTIERS,0530,78000,78646,Versailles,78,,,78646000BL0280,,,155,,2,32.86,,,,,,,2,3,Dépendance,,0,,,,,,2.143596,48.793559
2022-1308986,2022-09-14,000001,Vente,36000,1,,RUE VICTOR BART,3160,78000,78646,Versailles,78,,,78646000AS0002,,,50,,,,,,,,,,1,3,Dépendance,,0,,,,,,2.143697,48.810949
2022-1308994,2022-09-15,000001,Vente,186400,8,,RUE DES RESERVOIRS,2580,78000,78646,Versailles,78,,,78646000AE0371,,,50,15.7,51,,,,,,,,2,3,Dépendance,,0,,,,,,2.124232,48.806296
2022-1309056,2022-09-07,000001,Vente,473900,16,,PROM MONA LISA,1965,78000,78646,Versailles,78,,,78646000AZ0110,,,1865,,1916,100.83,,,,,,,2,3,Dépendance,,0,,,,,,2.158672,48.8041
2022-1309056,2022-09-07,000001,Vente,473900,5,,RUE DE L ECOLE DES POSTES,0850,78000,78646,Versailles,78,,,78646000AZ0110,,,3821,,,,,,,,,,1,3,Dépendance,,0,,,,,,2.158672,48.8041
2022-1309056,2022-09-07,000001,Vente,473900,16,,PROM MONA LISA,1965,78000,78646,Versailles,78,,,78646000AZ0110,,,1865,,1916,100.83,,,,,,,2,2,Appartement,102,4,,,,,,2.158672,48.8041
2022-1309059,2022-08-23,000001,Vente,150000,5,,RUE MADEMOISELLE,1740,78000,78646,Versailles,78,,,78646000AD0045,,,20,,,,,,,,,,1,3,Dépendance,,0,,,,,,2.128701,48.8099
2022-1309059,2022-08-23,000001,Vente,150000,5,,RUE MADEMOISELLE,1740,78000,78646,Versailles,78,,,78646000AD0045,,,21,,,,,,,,,,1,3,Dépendance,,0,,,,,,2.128701,48.8099
2022-1309059,2022-08-23,000001,Vente,150000,5,,RUE MADEMOISELLE,1740,78000,78646,Versailles,78,,,78646000AD0045,,,8,,,,,,,,,,1,3,Dépendance,,0,,,,,,2.128701,48.8099
2022-1309060,2022-08-23,000002,Vente,450000,5,,RUE MADEMOISELLE,1740,78000,78646,Versailles,78,,,78646000AD0045,,,13,,,,,,,,,,1,2,Appartement,70,2,,,,,,2.128701,48.8099
2022-1309060,2022-08-23,000002,Vente,450000,5,,RUE MADEMOISELLE,1740,78000,78646,Versailles,78,,,78646000AD0045,,,13,,,,,,,,,,1,3,Dépendance,,0,,,,,,2.128701,48.8099
2022-1309060,2022-08-23,000002,Vente,450000,5,,RUE MADEMOISELLE,1740,78000,78646,Versailles,78,,,78646000AD0045,,,5,,,,,,,,,,1,3,Dépendance,,0,,,,,,2.128701,48.8099
2022-1309060,2022-08-23,000002,Vente,450000,5,,RUE MADEMOISELLE,1740,78000,78646,Versailles,78,,,78646000AD0045,,,7,,,,,,,,,,1,3,Dépendance,,0,,,,,,2.128701,48.8099
2022-1309075,2022-08-26,000001,Vente,1280000,40,,AV DES ETATS UNIS,0990,78000,78646,Versailles,78,,,78646000AX0055,,,10,,13,,43,200.24,,,,,3,3,Dépendance,,0,,,,,,2.145211,48.807165
2022-1309075,2022-08-26,000001,Vente,1280000,40,,AV DES ETATS UNIS,0990,78000,78646,Versailles,78,,,78646000AX0055,,,44,,,,,,,,,,1,3,Dépendance,,0,,,,,,2.145211,48.807165
2022-1309075,2022-08-26,000001,Vente,1280000,40,,AV DES ETATS UNIS,0990,78000,78646,Versailles,78,,,78646000AX0055,,,10,,13,,43,200.24,,,,,3,2,Appartement,204,8,,,,,,2.145211,48.807165
2022-1309075,2022-08-26,000001,Vente,1280000,40,,AV DES ETATS UNIS,0990,78000,78646,Versailles,78,,,78646000AX0055,,,10,,13,,43,200.24,,,,,3,3,Dépendance,,0,,,,,,2.145211,48.807165
2022-1309082,2022-09-07,000001,Vente,341026,17,T,RUE DU PONT COLBERT,2370,78000,78646,Versailles,78,,,78646000BI0022,,,546,54.52,,,,,,,,,1,2,Appartement,56,3,,,,,,2.149624,48.789909
2022-1309082,2022-09-07,000001,Vente,341026,17,T,RUE DU PONT COLBERT,2370,78000,78646,Versailles,78,,,78646000BI0022,,,546,54.52,,,,,,,,,1,3,Dépendance,,0,,,,,,2.149624,48.789909
2022-1309090,2022-09-05,000001,Vente,282000,35,,RUE ALBERT JOLY,0050,78000,78646,Versailles,78,,,78646000AR0015,,,1,,18,,41,49.12,,,,,3,4,Local industriel. commercial ou assimilé,48,0,,,,,,2.141459,48.810248
2022-1309094,2022-09-07,000001,Vente,110000,1,,RUE GEORGES CLEMENCEAU,1200,78000,78646,Versailles,78,,,78646000AI0005,,,28,20.55,,,,,,,,,1,2,Appartement,23,1,,,,,,2.131605,48.803602
2022-1309094,2022-09-07,000001,Vente,110000,1,,RUE GEORGES CLEMENCEAU,1200,78000,78646,Versailles,78,,,78646000AI0005,,,28,20.55,,,,,,,,,1,3,Dépendance,,0,,,,,,2.131605,48.803602
2022-1309098,2022-09-03,000001,Vente,84300,58,,RUE DES CHANTIERS,0530,78000,78646,Versailles,78,,,78646000BL0327,,,161,11,,,,,,,,,1,2,Appartement,12,1,,,,,,2.142467,48.792993
2022-1309099,2022-09-13,000001,Vente,730000,4,,RUE DU HAZARD,1300,78000,78646,Versailles,78,,,78646000BT0144,,,10,96.04,11,96.04,14,96.04,15,96.04,16,96.04,8,3,Dépendance,,0,,,,,,2.128138,48.795484
2022-1309099,2022-09-13,000001,Vente,730000,4,,RUE DU HAZARD,1300,78000,78646,Versailles,78,,,78646000BT0144,,,10,96.04,11,96.04,14,96.04,15,96.04,16,96.04,8,2,Appartement,108,5,,,,,,2.128138,48.795484
2022-1309099,2022-09-13,000001,Vente,730000,4,,RUE DU HAZARD,1300,78000,78646,Versailles,78,,,78646000BT0144,,,10,96.04,11,96.04,14,96.04,15,96.04,16,96.04,8,3,Dépendance,,0,,,,,,2.128138,48.795484
2022-1309100,2022-09-02,000001,Vente,360000,21,,RUE SAINTE VICTOIRE,2920,78000,78646,Versailles,78,,,78646000AD0278,,,2,52.92,4,,,,,,,,2,2,Appartement,50,3,,,,,,2.131713,48.811639
2022-1309100,2022-09-02,000001,Vente,360000,21,,RUE SAINTE VICTOIRE,2920,78000,78646,Versailles,78,,,78646000AD0278,,,2,52.92,4,,,,,,,,2,3,Dépendance,,0,,,,,,2.131713,48.811639
2022-1309102,2022-09-02,000001,Vente,1356500,3,,RUE VICTOR BART,3160,78000,78646,Versailles,78,,,78646000AS0003,,,,,,,,,,,,,0,1,Maison,140,7,S,sols,,,264,2.14377,48.810833
2022-1309103,2022-09-02,000001,Vente,952000,7,,RUE DE L ERMITAGE,0940,78000,78646,Versailles,78,,,78646000AC0252,,,102,33.02,131,111.87,,,,,,,2,2,Appartement,145,6,,,,,,2.1233,48.812962
2022-1309126,2022-09-08,000001,Vente,160000,4,,RUE ALBERT SAMAIN,0070,78000,78646,Versailles,78,,,78646000BW0181,,,43,23.02,44,,,,,,,,2,3,Dépendance,,0,,,,,,2.122783,48.794217
2022-1309126,2022-09-08,000001,Vente,160000,4,,RUE ALBERT SAMAIN,0070,78000,78646,Versailles,78,,,78646000BW0181,,,43,23.02,44,,,,,,,,2,2,Appartement,22,1,,,,,,2.122783,48.794217
2022-1309133,2022-09-02,000001,Vente,473000,12,,AV DE PORCHEFONTAINE,2380,78000,78646,Versailles,78,,,78646000BK0021,,,692,,733,77.44,,,,,,,2,2,Appartement,76,3,,,,,,2.152071,48.797176
2022-1309133,2022-09-02,000001,Vente,473000,12,,AV DE PORCHEFONTAINE,2380,78000,78646,Versailles,78,,,78646000BK0021,,,692,,733,77.44,,,,,,,2,3,Dépendance,,0,,,,,,2.152071,48.797176
2022-1309133,2022-09-02,000001,Vente,473000,12,,AV DE PORCHEFONTAINE,2380,78000,78646,Versailles,78,,,78646000BK0021,,,1789,,,,,,,,,,1,3,Dépendance,,0,,,,,,2.152071,48.797176
2022-1309156,2022-09-13,000001,Vente,292950,59,,AV DES ETATS UNIS,0990,78000,78646,Versailles,78,,,78646000AS0054,,,220,54.13,,,,,,,,,1,2,Appartement,51,3,,,,,,2.152632,48.814149
2022-1309156,2022-09-13,000001,Vente,292950,59,,AV DES ETATS UNIS,0990,78000,78646,Versailles,78,,,78646000AS0054,,,220,54.13,,,,,,,,,1,3,Dépendance,,0,,,,,,2.152632,48.814149
2022-1309156,2022-09-13,000001,Vente,292950,59,,AV DES ETATS UNIS,0990,78000,78646,Versailles,78,,,78646000AS0054,,,361,,,,,,,,,,1,3,Dépendance,,0,,,,,,2.152632,48.814149
2022-1309162,2022-09-15,000001,Vente,893200,25,,RUE MONTEBELLO,1980,78000,78646,Versailles,78,,,78646000AK0018,,,121,117.08,7,,,,,,,,2,3,Dépendance,,0,,,,,,2.138525,48.812549
2022-1309162,2022-09-15,000001,Vente,893200,25,,RUE MONTEBELLO,1980,78000,78646,Versailles,78,,,78646000AK0018,,,55,,,,,,,,,,1,3,Dépendance,,0,,,,,,2.138525,48.812549
2022-1309162,2022-09-15,000001,Vente,893200,25,,RUE MONTEBELLO,1980,78000,78646,Versailles,78,,,78646000AK0018,,,53,,,,,,,,,,1,3,Dépendance,,0,,,,,,2.138525,48.812549
2022-1309162,2022-09-15,000001,Vente,893200,25,,RUE MONTEBELLO,1980,78000,78646,Versailles,78,,,78646000AK0018,,,121,117.08,7,,,,,,,,2,2,Appartement,119,4,,,,,,2.138525,48.812549
2022-1309224,2022-09-05,000001,Vente en l'état futur d'achèvement,15000,9,,RUE VAUBAN,3110,78000,78646,Versailles,78,,,78646000AY0310,,,1010,,,,,,,,,,1,3,Dépendance,,0,,,,,,2.15313,48.799852
2022-1309252,2022-09-12,000001,Vente,695340,15,,RUE DU MAL FOCH,1810,78000,78646,Versailles,78,,,78646000AE0286,,,10,,11,,39,,43,,,,4,3,Dépendance,,0,,,,,,2.131178,48.805884
2022-1309252,2022-09-12,000001,Vente,695340,15,,RUE DU MAL FOCH,1810,78000,78646,Versailles,78,,,78646000AE0286,,,10,,11,,39,,43,,,,4,3,Dépendance,,0,,,,,,2.131178,48.805884
2022-1309252,2022-09-12,000001,Vente,695340,15,,RUE DU MAL FOCH,1810,78000,78646,Versailles,78,,,78646000AE0286,,,10,,11,,39,,43,,,,4,2,Appartement,97,4,,,,,,2.131178,48.805884
2022-1309252,2022-09-12,000001,Vente,695340,15,,RUE DU MAL FOCH,1810,78000,78646,Versailles,78,,,78646000AE0286,,,10,,11,,39,,43,,,,4,3,Dépendance,,0,,,,,,2.131178,48.805884
2022-1309253,2022-09-02,000001,Vente,466000,49,,RUE PORTE DE BUC,2390,78000,78646,Versailles,78,,,78646000BM0015,,,4,,,,,,,,,,1,3,Dépendance,,0,,,,,,2.135624,48.79021
2022-1309253,2022-09-02,000001,Vente,466000,49,,RUE PORTE DE BUC,2390,78000,78646,Versailles,78,,,78646000BM0015,,,5,,,,,,,,,,1,3,Dépendance,,0,,,,,,2.135624,48.79021
2022-1309253,2022-09-02,000001,Vente,466000,49,,RUE PORTE DE BUC,2390,78000,78646,Versailles,78,,,78646000BM0015,,,1,,,,,,,,,,1,2,Appartement,93,1,,,,,,2.135624,48.79021
2022-1309268,2022-09-15,000001,Vente,180000,11,,RUE DU VIEUX VERSAILLES,3180,78000,78646,Versailles,78,,,78646000AH0043,,,12,,8,25.43,,,,,,,2,2,Appartement,28,1,,,,,,2.1224,48.801087
2022-1309268,2022-09-15,000001,Vente,180000,11,,RUE DU VIEUX VERSAILLES,3180,78000,78646,Versailles,78,,,78646000AH0043,,,12,,8,25.43,,,,,,,2,3,Dépendance,,0,,,,,,2.1224,48.801087
2022-1309290,2022-08-26,000001,Vente,1168400,12,,RUE ALBERT JOLY,0050,78000,78646,Versailles,78,,,78646000AK0148,,,34,125.85,35,,,,,,,,2,2,Appartement,126,5,,,,,,2.136491,48.810383
2022-1309290,2022-08-26,000001,Vente,1168400,12,,RUE ALBERT JOLY,0050,78000,78646,Versailles,78,,,78646000AK0148,,,34,125.85,35,,,,,,,,2,3,Dépendance,,0,,,,,,2.136491,48.810383
2022-1309290,2022-08-26,000001,Vente,1168400,12,,RUE ALBERT JOLY,0050,78000,78646,Versailles,78,,,78646000AK0148,,,34,125.85,35,,,,,,,,2,3,Dépendance,,0,,,,,,2.136491,48.810383
2022-1309309,2022-09-01,000001,Vente,644000,57,,RUE EXELMANS,1020,78000,78646,Versailles,78,,,78646000AC0262,,,123,,54,84.65,,,,,,,2,2,Appartement,84,3,,,,,,2.126785,48.814611
2022-1309309,2022-09-01,000001,Vente,644000,57,,RUE EXELMANS,1020,78000,78646,Versailles,78,,,78646000AC0262,,,123,,54,84.65,,,,,,,2,3,Dépendance,,0,,,,,,2.126785,48.814611
2022-1309309,2022-09-01,000001,Vente,644000,57,,RUE EXELMANS,1020,78000,78646,Versailles,78,,,78646000AC0262,,,166,,,,,,,,,,1,3,Dépendance,,0,,,,,,2.126785,48.814611
2022-1309309,2022-09-01,000001,Vente,644000,57,,RUE EXELMANS,1020,78000,78646,Versailles,78,,,78646000AC0262,,,123,,54,84.65,,,,,,,2,3,Dépendance,,0,,,,,,2.126785,48.814611
2022-1309325,2022-09-15,000001,Vente,777000,88,,BD DE LA REINE,2520,78000,78646,Versailles,78,,,78646000AI0221,,,29,,9,113.4,,,,,,,2,3,Dépendance,,0,,,,,,2.137321,48.808299
2022-1309325,2022-09-15,000001,Vente,777000,88,,BD DE LA REINE,2520,78000,78646,Versailles,78,,,78646000AI0221,,,83,,,,,,,,,,1,3,Dépendance,,0,,,,,,2.137321,48.808299
2022-1309325,2022-09-15,000001,Vente,777000,88,,BD DE LA REINE,2520,78000,78646,Versailles,78,,,78646000AI0221,,,29,,9,113.4,,,,,,,2,2,Appartement,112,3,,,,,,2.137321,48.808299
2022-1309347,2022-09-15,000001,Vente,4671489.5,,,LA SABLIERE,B029,78000,78646,Versailles,78,,,78646000BY0108,,,,,,,,,,,,,0,,,,,AB,terrains a bâtir,,,3765,2.079319,48.802074
2022-1309358,2022-09-05,000001,Vente,2724638,22,,RUE DU PARC DE CLAGNY,2171,78000,78646,Versailles,78,,,78646000AP0070,,,,,,,,,,,,,0,1,Maison,334,10,AG,terrains d'agrément,,,1665,2.141698,48.814871
2022-1309358,2022-09-05,000001,Vente,2724638,22,,RUE DU PARC DE CLAGNY,2171,78000,78646,Versailles,78,,,78646000AP0070,,,,,,,,,,,,,0,1,Maison,334,10,S,sols,,,228,2.141698,48.814871
2022-1309415,2022-09-20,000001,Vente,2230000,28,,RTE DE RUEIL,2660,78000,78646,Versailles,78,,,78646000AM0046,,,,,,,,,,,,,0,1,Maison,300,12,S,sols,,,970,2.138846,48.821488
2022-1309525,2022-09-14,000001,Vente,597000,57,,RUE DU MAL FOCH,1810,78000,78646,Versailles,78,,,78646000AD0316,,,44,,6,76.14,,,,,,,2,3,Dépendance,,0,,,,,,2.134323,48.811029
2022-1309525,2022-09-14,000001,Vente,597000,57,,RUE DU MAL FOCH,1810,78000,78646,Versailles,78,,,78646000AD0316,,,52,,,,,,,,,,1,3,Dépendance,,0,,,,,,2.134323,48.811029
2022-1309525,2022-09-14,000001,Vente,597000,57,,RUE DU MAL FOCH,1810,78000,78646,Versailles,78,,,78646000AD0316,,,44,,6,76.14,,,,,,,2,2,Appartement,76,2,,,,,,2.134323,48.811029
2022-1309526,2022-08-26,000001,Vente,252000,29,,RUE DU MAL FOCH,1810,78000,78646,Versailles,78,,,78646000AE0070,,,45,34.05,56,,,,,,,,2,3,Dépendance,,0,,,,,,2.132101,48.807725
2022-1309526,2022-08-26,000001,Vente,252000,29,,RUE DU MAL FOCH,1810,78000,78646,Versailles,78,,,78646000AE0070,,,45,34.05,56,,,,,,,,2,2,Appartement,29,2,,,,,,2.132101,48.807725
2022-1309546,2022-08-29,000001,Vente,350000,14,,RUE DE MONTREUIL,2000,78000,78646,Versailles,78,,,78646000AX0450,,,3,86.51,,,,,,,,,1,4,Local industriel. commercial ou assimilé,128,0,,,,,,2.143563,48.804991
2022-1309546,2022-08-29,000001,Vente,350000,14,,RUE DE MONTREUIL,2000,78000,78646,Versailles,78,,,78646000AX0450,,,4,86.51,,,,,,,,,1,2,Appartement,30,1,,,,,,2.143563,48.804991
2022-1309560,2022-09-09,000001,Vente,1059540,8,,RUE DES RESERVOIRS,2580,78000,78646,Versailles,78,,,78646000AE0371,,,409,125.32,410,125.32,,,,,,,2,2,Appartement,126,4,,,,,,2.124232,48.806296
2022-1309560,2022-09-09,000001,Vente,1059540,8,,RUE DES RESERVOIRS,2580,78000,78646,Versailles,78,,,78646000AE0371,,,409,125.32,410,125.32,,,,,,,2,3,Dépendance,,0,,,,,,2.124232,48.806296
2022-1309570,2022-09-05,000001,Vente,793300,13,,RUE DU MARECHAL GALLIENI,1812,78000,78646,Versailles,78,,,78646000AC0212,,,20,,21,,7,87.91,,,,,3,3,Dépendance,,0,,,,,,2.12381,48.810906
2022-1309570,2022-09-05,000001,Vente,793300,13,,RUE DU MARECHAL GALLIENI,1812,78000,78646,Versailles,78,,,78646000AC0212,,,20,,21,,7,87.91,,,,,3,3,Dépendance,,0,,,,,,2.12381,48.810906
2022-1309570,2022-09-05,000001,Vente,793300,13,,RUE DU MARECHAL GALLIENI,1812,78000,78646,Versailles,78,,,78646000AC0212,,,20,,21,,7,87.91,,,,,3,2,Appartement,78,4,,,,,,2.12381,48.810906
2022-1309575,2022-09-19,000001,Vente,17000,13,,RUE JEAN DE LA BRUYERE,1560,78000,78646,Versailles,78,,,78646000AO0128,,,220,,,,,,,,,,1,3,Dépendance,,0,,,,,,2.145819,48.813432
2022-1309580,2022-09-12,000001,Vente,658050,50,,AV DE VILLENEUVE L ETANG,3200,78000,78646,Versailles,78,,,78646000AO0162,,,315,86.57,330,,,,,,,,2,2,Appartement,80,4,,,,,,2.148061,48.818119
2022-1309580,2022-09-12,000001,Vente,658050,50,,AV DE VILLENEUVE L ETANG,3200,78000,78646,Versailles,78,,,78646000AO0162,,,315,86.57,330,,,,,,,,2,3,Dépendance,,0,,,,,,2.148061,48.818119
2022-1309580,2022-09-12,000001,Vente,658050,50,,AV DE VILLENEUVE L ETANG,3200,78000,78646,Versailles,78,,,78646000AO0162,,,315,86.57,330,,,,,,,,2,3,Dépendance,,0,,,,,,2.148061,48.818119
2022-1309588,2022-09-22,000001,Vente,20000,69,,RUE DES CHANTIERS,0530,78000,78646,Versailles,78,,,78646000BL0280,,,167,,,,,,,,,,1,3,Dépendance,,0,,,,,,2.143596,48.793559
2022-1309590,2022-08-30,000001,Vente,232000,21,,RUE DE SATORY,2950,78000,78646,Versailles,78,,,78646000AH0189,,,12,,13,29.17,,,,,,,2,3,Dépendance,,0,,,,,,2.124885,48.800115
2022-1309590,2022-08-30,000001,Vente,232000,21,,RUE DE SATORY,2950,78000,78646,Versailles,78,,,78646000AH0189,,,12,,13,29.17,,,,,,,2,2,Appartement,40,2,,,,,,2.124885,48.800115
2022-1309595,2022-09-01,000001,Vente,266000,20,,RUE VICTOR BART,3160,78000,78646,Versailles,78,,,78646000AR0048,,,134,,48,45.29,,,,,,,2,2,Appartement,44,2,,,,,,2.145915,48.808908
2022-1309595,2022-09-01,000001,Vente,266000,20,,RUE VICTOR BART,3160,78000,78646,Versailles,78,,,78646000AR0048,,,134,,48,45.29,,,,,,,2,3,Dépendance,,0,,,,,,2.145915,48.808908
2022-1309606,2022-09-21,000001,Vente,126000,97,,RUE DES CHANTIERS,0530,78000,78646,Versailles,78,,,78646000BL0287,,,2,51.88,,,,,,,,,1,4,Local industriel. commercial ou assimilé,53,0,,,,,,2.145781,48.792108
2022-1309624,2022-09-15,000001,Vente,170000,6,,RUE MONTBAURON,1970,78000,78646,Versailles,78,,,78646000BP0027,,,99,,,,,,,,,,1,2,Appartement,34,1,,,,,,2.135298,48.802989
2022-1309624,2022-09-15,000001,Vente,170000,6,,RUE MONTBAURON,1970,78000,78646,Versailles,78,,,78646000BP0027,,,27,33.93,,,,,,,,,1,3,Dépendance,,0,,,,,,2.135298,48.802989
2022-1309627,2022-09-08,000001,Vente,20500,6,,RUE DE LA CEINTURE,0460,78000,78646,Versailles,78,,,78646000AW0006,,,1380,,,,,,,,,,1,3,Dépendance,,0,,,,,,2.15013,48.808121
2022-1309630,2022-08-30,000001,Vente,950000,1,,RUE ST SYMPHORIEN,2913,78000,78646,Versailles,78,,,78646000AW0087,,,,,,,,,,,,,0,1,Maison,124,9,S,sols,,,225,2.154369,48.804521
2022-1309630,2022-08-30,000001,Vente,950000,1,,RUE ST SYMPHORIEN,2913,78000,78646,Versailles,78,,,78646000AW0087,,,,,,,,,,,,,0,3,Dépendance,,0,S,sols,,,225,2.154369,48.804521
2022-1309630,2022-08-30,000001,Vente,950000,1,,RUE ST SYMPHORIEN,2913,78000,78646,Versailles,78,,,78646000AW0087,,,,,,,,,,,,,0,3,Dépendance,,0,S,sols,,,225,2.154369,48.804521
2022-1309630,2022-08-30,000001,Vente,950000,1,,RUE ST SYMPHORIEN,2913,78000,78646,Versailles,78,,,78646000AW0087,,,,,,,,,,,,,0,4,Local industriel. commercial ou assimilé,16,0,S,sols,,,225,2.154369,48.804521
2022-1309630,2022-08-30,000001,Vente,950000,1,,RUE ST SYMPHORIEN,2913,78000,78646,Versailles,78,,,78646000AW0087,,,,,,,,,,,,,0,4,Local industriel. commercial ou assimilé,24,0,S,sols,,,225,2.154369,48.804521
2022-1309630,2022-08-30,000001,Vente,950000,1,,RUE ST SYMPHORIEN,2913,78000,78646,Versailles,78,,,78646000AW0087,,,,,,,,,,,,,0,4,Local industriel. commercial ou assimilé,230,0,S,sols,,,225,2.154369,48.804521
2022-1309640,2022-08-30,000001,Vente,688000,13,,RUE DU GENERAL PERSHING,1170,78000,78646,Versailles,78,,,78646000AO0068,,,330,,,,,,,,,,1,3,Dépendance,,0,,,,,,2.148928,48.817113
2022-1309640,2022-08-30,000001,Vente,688000,13,,RUE DU GENERAL PERSHING,1170,78000,78646,Versailles,78,,,78646000AO0068,,,122,107.52,,,,,,,,,1,3,Dépendance,,0,,,,,,2.148928,48.817113
2022-1309640,2022-08-30,000001,Vente,688000,13,,RUE DU GENERAL PERSHING,1170,78000,78646,Versailles,78,,,78646000AO0068,,,484,,,,,,,,,,1,3,Dépendance,,0,,,,,,2.148928,48.817113
2022-1309640,2022-08-30,000001,Vente,688000,13,,RUE DU GENERAL PERSHING,1170,78000,78646,Versailles,78,,,78646000AO0068,,,122,107.52,,,,,,,,,1,2,Appartement,105,4,,,,,,2.148928,48.817113
2022-1309650,2022-07-20,000001,Vente,310000,16,,RUE DES BOURDONNAIS,0400,78000,78646,Versailles,78,,,78646000BV0176,,,26,,32,,,,,,,,2,2,Appartement,34,2,,,,,,2.124717,48.795841
2022-1309650,2022-07-20,000001,Vente,310000,16,,RUE DES BOURDONNAIS,0400,78000,78646,Versailles,78,,,78646000BV0176,,,26,,32,,,,,,,,2,3,Dépendance,,0,,,,,,2.124717,48.795841
2022-1309683,2022-09-20,000001,Vente,290000,45,,RUE D ANJOU,0190,78000,78646,Versailles,78,,,78646000BT0049,,,20,33.24,,,,,,,,,1,2,Appartement,50,1,,,,,,2.127484,48.796849
2022-1309728,2022-09-22,000001,Vente,225000,17,,AV DE LA MAYE,1875,78000,78646,Versailles,78,,,78646000AL0139,,,37,27.72,87,,,,,,,,2,2,Appartement,27,1,,,,,,2.138843,48.817098
2022-1309728,2022-09-22,000001,Vente,225000,17,,AV DE LA MAYE,1875,78000,78646,Versailles,78,,,78646000AL0139,,,37,27.72,87,,,,,,,,2,3,Dépendance,,0,,,,,,2.138843,48.817098
2022-1309728,2022-09-22,000001,Vente,225000,17,,AV DE LA MAYE,1875,78000,78646,Versailles,78,,,78646000AL0139,,,125,,,,,,,,,,1,3,Dépendance,,0,,,,,,2.138843,48.817098
2022-1309734,2022-09-21,000001,Vente,24000,108,,BD DE LA REINE,2520,78000,78646,Versailles,78,,,78646000AX0037,,,161,,,,,,,,,,1,3,Dépendance,,0,,,,,,2.142871,48.807658
2022-1309749,2022-09-16,000001,Vente,280300,7,,RUE EDOUARD CHARTON,0890,78000,78646,Versailles,78,,,78646000BS0011,,,30,,48,,70,38.72,,,,,3,2,Appartement,38,1,,,,,,2.13109,48.795902
2022-1309749,2022-09-16,000001,Vente,280300,7,,RUE EDOUARD CHARTON,0890,78000,78646,Versailles,78,,,78646000BS0011,,,30,,,,,,,,,,1,3,Dépendance,,0,,,,,,2.13109,48.795902
2022-1309755,2022-08-31,000001,Vente,2548000,10,,RUE D ANGOULEME,0180,78000,78646,Versailles,78,,,78646000AD0034,,,1,281.2,,,,,,,,,1,3,Dépendance,,0,,,,,,2.128348,48.810238
2022-1309755,2022-08-31,000001,Vente,2548000,10,,RUE D ANGOULEME,0180,78000,78646,Versailles,78,,,78646000AD0034,,,1,281.2,,,,,,,,,1,2,Appartement,281,8,,,,,,2.128348,48.810238
2022-1309755,2022-08-31,000001,Vente,2548000,10,,RUE D ANGOULEME,0180,78000,78646,Versailles,78,,,78646000AD0034,,,1,281.2,,,,,,,,,1,3,Dépendance,,0,,,,,,2.128348,48.810238
2022-1309757,2022-09-23,000001,Vente,770650,9,,RUE DE PROVENCE,2460,78000,78646,Versailles,78,,,78646000AI0227,,,18,,6,84.3,,,,,,,2,3,Dépendance,,0,,,,,,2.139743,48.808149
2022-1309757,2022-09-23,000001,Vente,770650,9,,RUE DE PROVENCE,2460,78000,78646,Versailles,78,,,78646000AI0227,,,18,,6,84.3,,,,,,,2,2,Appartement,84,4,,,,,,2.139743,48.808149
2022-1309764,2022-09-01,000001,Vente,430000,9,,RUE DE L ORANGERIE,2110,78000,78646,Versailles,78,,,78646000AH0027,,,34,56.07,35,,,,,,,,2,3,Dépendance,,0,,,,,,2.121607,48.800706
2022-1309764,2022-09-01,000001,Vente,430000,9,,RUE DE L ORANGERIE,2110,78000,78646,Versailles,78,,,78646000AH0027,,,34,56.07,35,,,,,,,,2,2,Appartement,75,3,,,,,,2.121607,48.800706
2022-1309779,2022-09-23,000001,Vente,1103870,135,,RUE YVES LE COZ,3210,78000,78646,Versailles,78,,,78646000BI0031,,,,,,,,,,,,,0,1,Maison,118,6,S,sols,,,206,2.152622,48.792851
2022-1309782,2022-09-20,000001,Vente,298900,6,,ALL LA BRUYERE,1557,78000,78646,Versailles,78,,,78646000AO0205,,,1414,45.87,1614,,,,,,,,2,2,Appartement,44,2,,,,,,2.146857,48.813978
2022-1309782,2022-09-20,000001,Vente,298900,6,,ALL LA BRUYERE,1557,78000,78646,Versailles,78,,,78646000AO0205,,,1414,45.87,1614,,,,,,,,2,3,Dépendance,,0,,,,,,2.146857,48.813978
2022-1309782,2022-09-20,000001,Vente,298900,1,,ALL LA BRUYERE,1557,78000,78646,Versailles,78,,,78646000AO0205,,,1838,,,,,,,,,,1,3,Dépendance,,0,,,,,,2.146857,48.813978
2022-1309860,2022-09-23,000001,Vente,357100,63,,RUE D ANJOU,0190,78000,78646,Versailles,78,,,78646000BT0070,,,11,,,,,,,,,,1,3,Dépendance,,0,,,,,,2.130294,48.796025
2022-1309860,2022-09-23,000001,Vente,357100,63,,RUE D ANJOU,0190,78000,78646,Versailles,78,,,78646000BT0070,,,11,,,,,,,,,,1,2,Appartement,49,2,,,,,,2.130294,48.796025
2022-1309862,2022-09-14,000001,Vente,334000,14,,CHE DE FAUSSES REPOSES,1030,78000,78646,Versailles,78,,,78646000AV0078,,,12,60.08,,,,,,,,,1,2,Appartement,61,3,,,,,,2.153491,48.808977
2022-1309862,2022-09-14,000001,Vente,334000,27,,RUE DE LA CEINTURE,0460,78000,78646,Versailles,78,,,78646000AV0078,,,37,,,,,,,,,,1,3,Dépendance,,0,,,,,,2.153491,48.808977
2022-1309867,2022-09-21,000001,Vente,336000,47,,RUE D ANJOU,0190,78000,78646,Versailles,78,,,78646000BT0175,,,23,51.75,,,,,,,,,1,3,Dépendance,,0,,,,,,2.127636,48.796869
2022-1309867,2022-09-21,000001,Vente,336000,47,,RUE D ANJOU,0190,78000,78646,Versailles,78,,,78646000BT0175,,,23,51.75,,,,,,,,,1,2,Appartement,52,2,,,,,,2.127636,48.796869
2022-1309870,2022-09-09,000001,Vente,522800,6,B,RUE D ANGIVILLER,0170,78000,78646,Versailles,78,,,78646000AD0014,,,12,,6,,,,,,,,2,2,Appartement,80,4,,,,,,2.12691,48.81049
2022-1309870,2022-09-09,000001,Vente,522800,6,B,RUE D ANGIVILLER,0170,78000,78646,Versailles,78,,,78646000AD0014,,,12,,6,,,,,,,,2,3,Dépendance,,0,,,,,,2.12691,48.81049
2022-1309874,2022-09-15,000001,Vente,730000,10,,RUE DE L ERMITAGE,0940,78000,78646,Versailles,78,,,78646000AC0314,,,159,,169,88.53,,,,,,,2,2,Appartement,87,4,,,,,,2.123933,48.814609
2022-1309874,2022-09-15,000001,Vente,730000,10,,RUE DE L ERMITAGE,0940,78000,78646,Versailles,78,,,78646000AC0314,,,159,,169,88.53,,,,,,,2,3,Dépendance,,0,,,,,,2.123933,48.814609
2022-1309874,2022-09-15,000001,Vente,730000,10,,RUE DE L ERMITAGE,0940,78000,78646,Versailles,78,,,78646000AC0314,,,40,,,,,,,,,,1,3,Dépendance,,0,,,,,,2.123933,48.814609
2022-1309886,2022-09-23,000001,Vente,750000,9,,PL ALEXANDRE 1E LOUIS BARTHOU,0100,78000,78646,Versailles,78,,,78646000AX0489,,,50,,,,,,,,,,1,3,Dépendance,,0,,,,,,2.140761,48.806449
2022-1309886,2022-09-23,000001,Vente,750000,9,,PL ALEXANDRE 1E LOUIS BARTHOU,0100,78000,78646,Versailles,78,,,78646000AX0489,,,159,,289,97.14,,,,,,,2,3,Dépendance,,0,,,,,,2.140761,48.806449
2022-1309886,2022-09-23,000001,Vente,750000,9,,PL ALEXANDRE 1E LOUIS BARTHOU,0100,78000,78646,Versailles,78,,,78646000AX0489,,,159,,289,97.14,,,,,,,2,2,Appartement,98,3,,,,,,2.140761,48.806449
2022-1309904,2022-09-14,000001,Vente,234000,72,,RUE DES CHANTIERS,0530,78000,78646,Versailles,78,,,78646000BL0325,,,13,,3,,,,,,,,2,2,Appartement,34,1,,,,,,2.144076,48.792566
2022-1309919,2022-08-31,000001,Vente,509616,2,,RUE DE LA CEINTURE,0460,78000,78646,Versailles,78,,,78646000AW0219,,,318,79.05,361,,,,,,,,2,3,Dépendance,,0,,,,,,2.147909,48.808568
2022-1309919,2022-08-31,000001,Vente,509616,2,,RUE DE LA CEINTURE,0460,78000,78646,Versailles,78,,,78646000AW0219,,,687,,,,,,,,,,1,3,Dépendance,,0,,,,,,2.147909,48.808568
2022-1309919,2022-08-31,000001,Vente,509616,2,,RUE DE LA CEINTURE,0460,78000,78646,Versailles,78,,,78646000AW0219,,,318,79.05,361,,,,,,,,2,2,Appartement,81,3,,,,,,2.147909,48.808568
2022-1309946,2022-09-23,000001,Vente,598500,7,,RUE EDOUARD CHARTON,0890,78000,78646,Versailles,78,,,78646000BS0011,,,24,,,,,,,,,,1,3,Dépendance,,0,,,,,,2.13109,48.795902
2022-1309946,2022-09-23,000001,Vente,598500,7,,RUE EDOUARD CHARTON,0890,78000,78646,Versailles,78,,,78646000BS0011,,,81,72.82,,,,,,,,,1,3,Dépendance,,0,,,,,,2.13109,48.795902
2022-1309946,2022-09-23,000001,Vente,598500,7,,RUE EDOUARD CHARTON,0890,78000,78646,Versailles,78,,,78646000BS0011,,,81,72.82,,,,,,,,,1,3,Dépendance,,0,,,,,,2.13109,48.795902
2022-1309946,2022-09-23,000001,Vente,598500,7,,RUE EDOUARD CHARTON,0890,78000,78646,Versailles,78,,,78646000BS0011,,,46,,,,,,,,,,1,3,Dépendance,,0,,,,,,2.13109,48.795902
2022-1309946,2022-09-23,000001,Vente,598500,7,,RUE EDOUARD CHARTON,0890,78000,78646,Versailles,78,,,78646000BS0011,,,46,,,,,,,,,,1,3,Dépendance,,0,,,,,,2.13109,48.795902
2022-1309946,2022-09-23,000001,Vente,598500,7,,RUE EDOUARD CHARTON,0890,78000,78646,Versailles,78,,,78646000BS0011,,,81,72.82,,,,,,,,,1,2,Appartement,71,2,,,,,,2.13109,48.795902
2022-1309946,2022-09-23,000001,Vente,598500,7,,RUE EDOUARD CHARTON,0890,78000,78646,Versailles,78,,,78646000BS0011,,,46,,,,,,,,,,1,2,Appartement,86,3,,,,,,2.13109,48.795902
2022-1309948,2022-09-20,000001,Vente,525000,24,,RUE JACQUES LEMERCIER,1420,78000,78646,Versailles,78,,,78646000AO0020,,,1,92.19,37,,,,,,,,2,3,Dépendance,,0,,,,,,2.150001,48.814605
2022-1309948,2022-09-20,000001,Vente,525000,24,,RUE JACQUES LEMERCIER,1420,78000,78646,Versailles,78,,,78646000AO0020,,,1,92.19,37,,,,,,,,2,2,Appartement,91,4,,,,,,2.150001,48.814605
2022-1309948,2022-09-20,000001,Vente,525000,24,,RUE JACQUES LEMERCIER,1420,78000,78646,Versailles,78,,,78646000AO0020,,,262,,,,,,,,,,1,3,Dépendance,,0,,,,,,2.150001,48.814605
2022-1309948,2022-09-20,000001,Vente,525000,24,,RUE JACQUES LEMERCIER,1420,78000,78646,Versailles,78,,,78646000AO0020,,,1,92.19,37,,,,,,,,2,3,Dépendance,,0,,,,,,2.150001,48.814605
2022-1309954,2022-09-21,000001,Vente,301000,10,,RUE SAINT MEDERIC,2840,78000,78646,Versailles,78,,,78646000BT0100,,,13,,3,41.82,,,,,,,2,2,Appartement,36,3,,,,,,2.127618,48.796103
2022-1309955,2022-09-16,000001,Vente,752300,114,,AV DE PARIS,2180,78000,78646,Versailles,78,,,78646000BK0021,,,142,,,,,,,,,,1,3,Dépendance,,0,,,,,,2.152071,48.797176
2022-1309955,2022-09-16,000001,Vente,752300,114,,AV DE PARIS,2180,78000,78646,Versailles,78,,,78646000BK0021,,,145,111.81,,,,,,,,,1,2,Appartement,111,4,,,,,,2.152071,48.797176
2022-1309955,2022-09-16,000001,Vente,752300,114,,AV DE PARIS,2180,78000,78646,Versailles,78,,,78646000BK0021,,,1645,,,,,,,,,,1,3,Dépendance,,0,,,,,,2.152071,48.797176
2022-1309955,2022-09-16,000001,Vente,752300,12,,AV DE PORCHEFONTAINE,2380,78000,78646,Versailles,78,,,78646000BK0021,,,1448,,,,,,,,,,1,3,Dépendance,,0,,,,,,2.152071,48.797176
2022-1309961,2022-09-13,000001,Vente,293950,2,B,RUE SAINT HONORE,2780,78000,78646,Versailles,78,,,78646000BV0066,,,14,33.28,22,,,,,,,,2,2,Appartement,25,1,,,,,,2.125355,48.799013
2022-1309974,2022-09-08,000001,Vente,251750,5,,RUE DE L ECOLE DES POSTES,0850,78000,78646,Versailles,78,,,78646000AZ0110,,,3098,,,,,,,,,,1,3,Dépendance,,0,,,,,,2.158672,48.8041
2022-1309974,2022-09-08,000001,Vente,251750,2,,PROM VENEZIA,3135,78000,78646,Versailles,78,,,78646000AZ0110,,,1492,,1541,51.82,,,,,,,2,2,Appartement,51,2,,,,,,2.158672,48.8041
2022-1309974,2022-09-08,000001,Vente,251750,2,,PROM VENEZIA,3135,78000,78646,Versailles,78,,,78646000AZ0110,,,1492,,1541,51.82,,,,,,,2,3,Dépendance,,0,,,,,,2.158672,48.8041
2022-1309988,2022-09-26,000001,Vente,1463000,21,B,RUE DU MARECHAL GALLIENI,1812,78000,78646,Versailles,78,,,78646000AC0005,,,1010,136.01,1211,,,,,,,,2,3,Dépendance,,0,,,,,,2.123201,48.811375
2022-1309988,2022-09-26,000001,Vente,1463000,21,B,RUE DU MARECHAL GALLIENI,1812,78000,78646,Versailles,78,,,78646000AC0005,,,1010,136.01,1211,,,,,,,,2,2,Appartement,136,7,,,,,,2.123201,48.811375
2022-1309988,2022-09-26,000001,Vente,1463000,21,B,RUE DU MARECHAL GALLIENI,1812,78000,78646,Versailles,78,,,78646000AC0005,,,1310,136.01,,,,,,,,,1,3,Dépendance,,0,,,,,,2.123201,48.811375
2022-1309988,2022-09-26,000001,Vente,1463000,21,B,RUE DU MARECHAL GALLIENI,1812,78000,78646,Versailles,78,,,78646000AC0005,,,1311,,,,,,,,,,1,3,Dépendance,,0,,,,,,2.123201,48.811375
2022-1310011,2022-09-20,000001,Vente,293000,94,,AV DE PARIS,2180,78000,78646,Versailles,78,,,78646000BN0051,,,21,43,,,,,,,,,1,4,Local industriel. commercial ou assimilé,47,0,,,,,,2.148182,48.797645
2022-1310011,2022-09-20,000001,Vente,293000,94,,AV DE PARIS,2180,78000,78646,Versailles,78,,,78646000BN0051,,,95,,,,,,,,,,1,3,Dépendance,,0,,,,,,2.148182,48.797645
2022-1310011,2022-09-20,000001,Vente,293000,94,,AV DE PARIS,2180,78000,78646,Versailles,78,,,78646000BN0051,,,66,,,,,,,,,,1,3,Dépendance,,0,,,,,,2.148182,48.797645
2022-1310018,2022-09-21,000001,Vente,802000,7,,RUE DES CONDAMINES,0690,78000,78646,Versailles,78,,,78646000BP0124,,,2,109.02,,,,,,,,,1,2,Appartement,115,4,,,,,,2.144844,48.801416
2022-1310018,2022-09-21,000001,Vente,802000,7,,RUE DES CONDAMINES,0690,78000,78646,Versailles,78,,,78646000BP0124,,,8,,,,,,,,,,1,3,Dépendance,,0,,,,,,2.144844,48.801416
2022-1310062,2022-09-21,000001,Vente,380000,15,,RUE DE SATORY,2950,78000,78646,Versailles,78,,,78646000AH0145,,,30,46.22,,,,,,,,,1,2,Appartement,46,3,,,,,,2.125328,48.800287
2022-1310162,2022-09-01,000001,Vente,1136860,46,,RUE DE LA PAROISSE,2190,78000,78646,Versailles,78,,,78646000AE0213,,,5,144.09,,,,,,,,,1,2,Appartement,145,5,,,,,,2.129271,48.807065
2022-1310162,2022-09-01,000001,Vente,1136860,46,,RUE DE LA PAROISSE,2190,78000,78646,Versailles,78,,,78646000AE0213,,,18,,51,,,,,,,,2,3,Dépendance,,0,,,,,,2.129271,48.807065
2022-1310162,2022-09-01,000001,Vente,1136860,46,,RUE DE LA PAROISSE,2190,78000,78646,Versailles,78,,,78646000AE0213,,,5,144.09,,,,,,,,,1,3,Dépendance,,0,,,,,,2.129271,48.807065
2022-1310167,2022-08-31,000001,Vente,367146,1,,RUE DES TOURNELLES,3050,78000,78646,Versailles,78,,,78646000BV0076,,,22,32.01,,,,,,,,,1,2,Appartement,31,1,,,,,,2.125914,48.798652
2022-1310175,2022-09-01,000001,Vente,480000,9,,AV DE LA TRANQUILLITE,3055,78000,78646,Versailles,78,,,78646000AZ0110,,,117,81.22,15,,,,,,,,2,3,Dépendance,,0,,,,,,2.158672,48.8041
2022-1310175,2022-09-01,000001,Vente,480000,9,,AV DE LA TRANQUILLITE,3055,78000,78646,Versailles,78,,,78646000AZ0110,,,117,81.22,15,,,,,,,,2,3,Dépendance,,0,,,,,,2.158672,48.8041
2022-1310175,2022-09-01,000001,Vente,480000,9,,AV DE LA TRANQUILLITE,3055,78000,78646,Versailles,78,,,78646000AZ0110,,,117,81.22,15,,,,,,,,2,2,Appartement,83,3,,,,,,2.158672,48.8041
2022-1310175,2022-09-01,000001,Vente,480000,5,,RUE DE L ECOLE DES POSTES,0850,78000,78646,Versailles,78,,,78646000AZ0110,,,2734,,,,,,,,,,1,3,Dépendance,,0,,,,,,2.158672,48.8041
2022-1310196,2022-09-16,000001,Echange,3000,7,,RUE COLBERT,0630,78000,78646,Versailles,78,,,78646000AE0386,,,336,,,,,,,,,,1,3,Dépendance,,0,,,,,,2.125027,48.80503
2022-1310196,2022-09-16,000001,Echange,3000,7,,RUE COLBERT,0630,78000,78646,Versailles,78,,,78646000AE0386,,,336,,,,,,,,,,1,2,Appartement,73,3,,,,,,2.125027,48.80503
2022-1310196,2022-09-16,000001,Echange,3000,7,,RUE COLBERT,0630,78000,78646,Versailles,78,,,78646000AE0386,,,336,,,,,,,,,,1,3,Dépendance,,0,,,,,,2.125027,48.80503
2022-1310196,2022-09-16,000002,Echange,3000,7,,RUE COLBERT,0630,78000,78646,Versailles,78,,,78646000AE0386,,,405,,,,,,,,,,1,4,Local industriel. commercial ou assimilé,364,0,,,,,,2.125027,48.80503
2022-1310209,2022-09-09,000001,Vente,375000,14,,RUE HENRI SIMON,1330,78000,78646,Versailles,78,,,78646000AX0143,,,13,53.05,9,,,,,,,,2,3,Dépendance,,0,,,,,,2.148487,48.806017
2022-1310209,2022-09-09,000001,Vente,375000,14,,RUE HENRI SIMON,1330,78000,78646,Versailles,78,,,78646000AX0143,,,13,53.05,9,,,,,,,,2,2,Appartement,58,3,,,,,,2.148487,48.806017
2022-1310224,2022-09-15,000001,Vente,260000,62,,RUE DES CHANTIERS,0530,78000,78646,Versailles,78,,,78646000BL0327,,,140,55.63,301,,,,,,,,2,3,Dépendance,,0,,,,,,2.142467,48.792993
2022-1310224,2022-09-15,000001,Vente,260000,62,,RUE DES CHANTIERS,0530,78000,78646,Versailles,78,,,78646000BL0327,,,140,55.63,301,,,,,,,,2,2,Appartement,56,2,,,,,,2.142467,48.792993
2022-1310224,2022-09-15,000001,Vente,260000,58,,RUE DES CHANTIERS,0530,78000,78646,Versailles,78,,,78646000BL0327,,,471,,,,,,,,,,1,3,Dépendance,,0,,,,,,2.142467,48.792993
2022-1310311,2022-09-01,000001,Vente,369990,5,,RUE JEAN MERMOZ,1460,78000,78646,Versailles,78,,,78646000BN0109,,,19,,40,62.47,,,,,,,2,2,Appartement,60,3,,,,,,2.146069,48.796572
2022-1310311,2022-09-01,000001,Vente,369990,5,,RUE JEAN MERMOZ,1460,78000,78646,Versailles,78,,,78646000BN0109,,,19,,40,62.47,,,,,,,2,3,Dépendance,,0,,,,,,2.146069,48.796572
2022-1310318,2022-09-30,000001,Vente,263820,16,,RUE BERTHIER,0370,78000,78646,Versailles,78,,,78646000AC0160,,,18,,24,24.77,,,,,,,2,2,Appartement,22,1,,,,,,2.126073,48.811624
2022-1310318,2022-09-30,000001,Vente,263820,16,,RUE BERTHIER,0370,78000,78646,Versailles,78,,,78646000AC0160,,,19,,,,,,,,,,1,3,Dépendance,,0,,,,,,2.126073,48.811624
2022-1310387,2022-09-15,000001,Vente,321500,18,,RUE LOUIS HAUSSMANN,1679,78000,78646,Versailles,78,,,78646000AS0058,,,19,,2,43.85,,,,,,,2,2,Appartement,33,1,,,,,,2.146314,48.810582
2022-1310393,2022-09-05,000001,Vente,13000,85,,AV DE SAINT CLOUD,2730,78000,78646,Versailles,78,,,78646000AI0234,,,27,,,,,,,,,,1,2,Appartement,160,5,,,,,,2.138776,48.806157
2022-1310393,2022-09-05,000001,Vente,13000,85,,AV DE SAINT CLOUD,2730,78000,78646,Versailles,78,,,78646000AI0234,,,27,,,,,,,,,,1,3,Dépendance,,0,,,,,,2.138776,48.806157
2022-1310393,2022-09-05,000001,Vente,13000,85,,AV DE SAINT CLOUD,2730,78000,78646,Versailles,78,,,78646000AI0234,,,27,,,,,,,,,,1,3,Dépendance,,0,,,,,,2.138776,48.806157
2022-1310397,2022-09-23,000001,Vente,195000,31,,RUE MOLIERE,1940,78000,78646,Versailles,78,,,78646000BL0070,,,8,26.02,,,,,,,,,1,2,Appartement,27,1,,,,,,2.151288,48.79258
2022-1310397,2022-09-23,000001,Vente,195000,31,,RUE MOLIERE,1940,78000,78646,Versailles,78,,,78646000BL0070,,,101,,,,,,,,,,1,3,Dépendance,,0,,,,,,2.151288,48.79258
2022-1310475,2022-09-26,000001,Vente,130000,58,,RUE DE LA PAROISSE,2190,78000,78646,Versailles,78,,,78646000AE0235,,,22,26.76,8,,,,,,,,2,2,Appartement,26,2,,,,,,2.130005,48.80684
2022-1310475,2022-09-26,000001,Vente,130000,58,,RUE DE LA PAROISSE,2190,78000,78646,Versailles,78,,,78646000AE0235,,,22,26.76,8,,,,,,,,2,3,Dépendance,,0,,,,,,2.130005,48.80684
2022-1310475,2022-09-26,000001,Vente,130000,58,,RUE DE LA PAROISSE,2190,78000,78646,Versailles,78,,,78646000AE0235,,,22,26.76,8,,,,,,,,2,3,Dépendance,,0,,,,,,2.130005,48.80684
2022-1310477,2022-09-23,000001,Vente,350000,29,B,RUE DU PONT COLBERT,2370,78000,78646,Versailles,78,,,78646000BI0015,,,,,,,,,,,,,0,1,Maison,45,2,S,sols,,,121,2.15082,48.787457
2022-1310479,2022-09-29,000001,Vente,246200,64,,RUE DES CHANTIERS,0530,78000,78646,Versailles,78,,,78646000BL0326,,,431,,94,,,,,,,,2,2,Appartement,43,1,,,,,,2.143523,48.792624
2022-1310479,2022-09-29,000001,Vente,246200,64,,RUE DES CHANTIERS,0530,78000,78646,Versailles,78,,,78646000BL0326,,,431,,94,,,,,,,,2,3,Dépendance,,0,,,,,,2.143523,48.792624
2022-1310545,2022-09-15,000001,Vente,8248730.5,,,LA SABLIERE,B029,78000,78646,Versailles,78,,,78646000BY0110,,10,,,,,,,,,,,0,,,,,,,,,,2.078228,48.802624
2022-1310545,2022-09-15,000001,Vente,8248730.5,,,LA SABLIERE,B029,78000,78646,Versailles,78,,,78646000BY0110,,11,,,,,,,,,,,0,,,,,,,,,,2.078228,48.802624
2022-1310545,2022-09-15,000001,Vente,8248730.5,,,LA SABLIERE,B029,78000,78646,Versailles,78,,,78646000BY0110,,12,,,,,,,,,,,0,,,,,,,,,,2.078228,48.802624
2022-1310545,2022-09-15,000001,Vente,8248730.5,,,LA SABLIERE,B029,78000,78646,Versailles,78,,,78646000BY0110,,13,,,,,,,,,,,0,,,,,,,,,,2.078228,48.802624
2022-1310545,2022-09-15,000001,Vente,8248730.5,,,LA SABLIERE,B029,78000,78646,Versailles,78,,,78646000BY0110,,14,,,,,,,,,,,0,,,,,,,,,,2.078228,48.802624
2022-1310545,2022-09-15,000001,Vente,8248730.5,,,LA SABLIERE,B029,78000,78646,Versailles,78,,,78646000BY0110,,15,,,,,,,,,,,0,,,,,,,,,,2.078228,48.802624
2022-1310545,2022-09-15,000001,Vente,8248730.5,,,LA SABLIERE,B029,78000,78646,Versailles,78,,,78646000BY0110,,16,,,,,,,,,,,0,,,,,,,,,,2.078228,48.802624
2022-1310545,2022-09-15,000001,Vente,8248730.5,,,LA SABLIERE,B029,78000,78646,Versailles,78,,,78646000BY0110,,18,,,,,,,,,,,0,,,,,,,,,,2.078228,48.802624
2022-1310545,2022-09-15,000001,Vente,8248730.5,,,LA SABLIERE,B029,78000,78646,Versailles,78,,,78646000BY0110,,19,,,,,,,,,,,0,,,,,,,,,,2.078228,48.802624
2022-1310545,2022-09-15,000001,Vente,8248730.5,,,LA SABLIERE,B029,78000,78646,Versailles,78,,,78646000BY0110,,20,,,,,,,,,,,0,,,,,,,,,,2.078228,48.802624
2022-1310545,2022-09-15,000001,Vente,8248730.5,,,LA SABLIERE,B029,78000,78646,Versailles,78,,,78646000BY0110,,21,,,,,,,,,,,0,,,,,,,,,,2.078228,48.802624
2022-1310545,2022-09-15,000001,Vente,8248730.5,,,LA SABLIERE,B029,78000,78646,Versailles,78,,,78646000BY0110,,22,,,,,,,,,,,0,,,,,,,,,,2.078228,48.802624
2022-1310545,2022-09-15,000001,Vente,8248730.5,,,LA SABLIERE,B029,78000,78646,Versailles,78,,,78646000BY0110,,23,,,,,,,,,,,0,,,,,,,,,,2.078228,48.802624
2022-1310545,2022-09-15,000001,Vente,8248730.5,,,LA SABLIERE,B029,78000,78646,Versailles,78,,,78646000BY0110,,24,,,,,,,,,,,0,,,,,,,,,,2.078228,48.802624
2022-1310545,2022-09-15,000001,Vente,8248730.5,,,LA SABLIERE,B029,78000,78646,Versailles,78,,,78646000BY0110,,25,,,,,,,,,,,0,,,,,,,,,,2.078228,48.802624
2022-1310545,2022-09-15,000001,Vente,8248730.5,,,LA SABLIERE,B029,78000,78646,Versailles,78,,,78646000BY0110,,26,,,,,,,,,,,0,,,,,,,,,,2.078228,48.802624
2022-1310545,2022-09-15,000001,Vente,8248730.5,,,LA SABLIERE,B029,78000,78646,Versailles,78,,,78646000BY0110,,27,,,,,,,,,,,0,,,,,,,,,,2.078228,48.802624
2022-1310545,2022-09-15,000001,Vente,8248730.5,,,LA SABLIERE,B029,78000,78646,Versailles,78,,,78646000BY0110,,28,,,,,,,,,,,0,,,,,,,,,,2.078228,48.802624
2022-1310545,2022-09-15,000001,Vente,8248730.5,,,LA SABLIERE,B029,78000,78646,Versailles,78,,,78646000BY0110,,30,,,,,,,,,,,0,,,,,,,,,,2.078228,48.802624
2022-1310545,2022-09-15,000001,Vente,8248730.5,,,LA SABLIERE,B029,78000,78646,Versailles,78,,,78646000BY0110,,31,,,,,,,,,,,0,,,,,,,,,,2.078228,48.802624
2022-1310545,2022-09-15,000001,Vente,8248730.5,,,LA SABLIERE,B029,78000,78646,Versailles,78,,,78646000BY0110,,7,,,,,,,,,,,0,,,,,,,,,,2.078228,48.802624
2022-1310545,2022-09-15,000001,Vente,8248730.5,,,LA SABLIERE,B029,78000,78646,Versailles,78,,,78646000BY0110,,8,,,,,,,,,,,0,,,,,,,,,,2.078228,48.802624
2022-1310545,2022-09-15,000001,Vente,8248730.5,,,LA SABLIERE,B029,78000,78646,Versailles,78,,,78646000BY0110,,9,,,,,,,,,,,0,,,,,,,,,,2.078228,48.802624
2022-1310545,2022-09-15,000001,Vente,8248730.5,,,LA SABLIERE,B029,78000,78646,Versailles,78,,,78646000BY0114,,,,,,,,,,,,,0,,,,,AB,terrains a bâtir,,,1576,2.078245,48.802897
2022-1310545,2022-09-15,000001,Vente,8248730.5,,,LA SABLIERE,B029,78000,78646,Versailles,78,,,78646000BY0118,,,,,,,,,,,,,0,,,,,AB,terrains a bâtir,,,1118,2.078348,48.803147
2022-1310546,2022-09-15,000001,Vente,7206615.5,,,LA SABLIERE,B029,78000,78646,Versailles,78,,,78646000BY0110,,17,,,,,,,,,,,0,,,,,,,,,,2.078228,48.802624
2022-1310546,2022-09-15,000001,Vente,7206615.5,,,LA SABLIERE,B029,78000,78646,Versailles,78,,,78646000BY0110,,2,,,,,,,,,,,0,,,,,,,,,,2.078228,48.802624
2022-1310546,2022-09-15,000001,Vente,7206615.5,,,LA SABLIERE,B029,78000,78646,Versailles,78,,,78646000BY0110,,29,,,,,,,,,,,0,,,,,,,,,,2.078228,48.802624
2022-1310546,2022-09-15,000001,Vente,7206615.5,,,LA SABLIERE,B029,78000,78646,Versailles,78,,,78646000BY0110,,3,,,,,,,,,,,0,,,,,,,,,,2.078228,48.802624
2022-1310546,2022-09-15,000001,Vente,7206615.5,,,LA SABLIERE,B029,78000,78646,Versailles,78,,,78646000BY0110,,4,,,,,,,,,,,0,,,,,,,,,,2.078228,48.802624
2022-1310546,2022-09-15,000001,Vente,7206615.5,,,LA SABLIERE,B029,78000,78646,Versailles,78,,,78646000BY0110,,5,,,,,,,,,,,0,,,,,,,,,,2.078228,48.802624
2022-1310546,2022-09-15,000001,Vente,7206615.5,,,LA SABLIERE,B029,78000,78646,Versailles,78,,,78646000BY0110,,6,,,,,,,,,,,0,,,,,,,,,,2.078228,48.802624
2022-1310546,2022-09-15,000001,Vente,7206615.5,,,LA SABLIERE,B029,78000,78646,Versailles,78,,,78646000BY0112,,,,,,,,,,,,,0,,,,,S,sols,,,246,2.079699,48.802546
2022-1310546,2022-09-15,000001,Vente,7206615.5,,,LA SABLIERE,B029,78000,78646,Versailles,78,,,78646000BY0115,,,,,,,,,,,,,0,,,,,S,sols,,,4,2.07956,48.802594
2022-1310546,2022-09-15,000001,Vente,7206615.5,,,LA SABLIERE,B029,78000,78646,Versailles,78,,,78646000BY0122,,,,,,,,,,,,,0,,,,,S,sols,,,199,2.078646,48.803462
2022-1310546,2022-09-15,000001,Vente,7206615.5,,,LA SABLIERE,B029,78000,78646,Versailles,78,,,78646000BY0123,,,,,,,,,,,,,0,,,,,S,sols,,,202,2.078761,48.803439
2022-1310546,2022-09-15,000001,Vente,7206615.5,,,LA SABLIERE,B029,78000,78646,Versailles,78,,,78646000BY0124,,,,,,,,,,,,,0,,,,,S,sols,,,202,2.078876,48.803416
2022-1310546,2022-09-15,000001,Vente,7206615.5,,,LA SABLIERE,B029,78000,78646,Versailles,78,,,78646000BY0125,,,,,,,,,,,,,0,,,,,S,sols,,,203,2.078991,48.803393
2022-1310546,2022-09-15,000001,Vente,7206615.5,,,LA SABLIERE,B029,78000,78646,Versailles,78,,,78646000BY0126,,,,,,,,,,,,,0,,,,,S,sols,,,203,2.079106,48.80337
2022-1310546,2022-09-15,000001,Vente,7206615.5,,,LA SABLIERE,B029,78000,78646,Versailles,78,,,78646000BY0127,,,,,,,,,,,,,0,,,,,S,sols,,,146,,
2022-1310546,2022-09-15,000001,Vente,7206615.5,,,LA SABLIERE,B029,78000,78646,Versailles,78,,,78646000BY0128,,,,,,,,,,,,,0,,,,,S,sols,,,114,2.079284,48.803335
2022-1310546,2022-09-15,000001,Vente,7206615.5,,,LA SABLIERE,B029,78000,78646,Versailles,78,,,78646000BY0129,,,,,,,,,,,,,0,,,,,S,sols,,,145,,
2022-1310546,2022-09-15,000001,Vente,7206615.5,,,LA SABLIERE,B029,78000,78646,Versailles,78,,,78646000BY0130,,,,,,,,,,,,,0,,,,,S,sols,,,202,2.079457,48.803286
2022-1310546,2022-09-15,000001,Vente,7206615.5,,,LA SABLIERE,B029,78000,78646,Versailles,78,,,78646000BY0131,,,,,,,,,,,,,0,,,,,S,sols,,,276,2.079669,48.80329
2022-1310546,2022-09-15,000001,Vente,7206615.5,,,LA SABLIERE,B029,78000,78646,Versailles,78,,,78646000BY0132,,,,,,,,,,,,,0,,,,,S,sols,,,262,2.079626,48.803173
2022-1310546,2022-09-15,000001,Vente,7206615.5,,,LA SABLIERE,B029,78000,78646,Versailles,78,,,78646000BY0133,,,,,,,,,,,,,0,,,,,S,sols,,,264,2.079664,48.80307
2022-1310546,2022-09-15,000001,Vente,7206615.5,,,LA SABLIERE,B029,78000,78646,Versailles,78,,,78646000BY0134,,,,,,,,,,,,,0,,,,,S,sols,,,207,2.079673,48.802975
2022-1310546,2022-09-15,000001,Vente,7206615.5,,,LA SABLIERE,B029,78000,78646,Versailles,78,,,78646000BY0135,,,,,,,,,,,,,0,,,,,S,sols,,,115,2.079679,48.802909
2022-1310546,2022-09-15,000001,Vente,7206615.5,,,LA SABLIERE,B029,78000,78646,Versailles,78,,,78646000BY0136,,,,,,,,,,,,,0,,,,,S,sols,,,206,2.079684,48.80285
2022-1310546,2022-09-15,000001,Vente,7206615.5,,,LA SABLIERE,B029,78000,78646,Versailles,78,,,78646000BY0137,,,,,,,,,,,,,0,,,,,S,sols,,,317,2.079667,48.802738
2022-1310546,2022-09-15,000001,Vente,7206615.5,,,LA SABLIERE,B029,78000,78646,Versailles,78,,,78646000BY0138,,,,,,,,,,,,,0,,,,,S,sols,,,194,2.079696,48.802638
2022-1310546,2022-09-15,000001,Vente,7206615.5,,,LA SABLIERE,B029,78000,78646,Versailles,78,,,78646000BY0139,,,,,,,,,,,,,0,,,,,S,sols,,,10,2.079756,48.802594
2022-1310551,2022-09-23,000001,Vente,380000,29,,RUE JEAN DE LA BRUYERE,1560,78000,78646,Versailles,78,,,78646000AO0001,,,69,,82,58.07,,,,,,,2,3,Dépendance,,0,,,,,,2.145961,48.812878
2022-1310551,2022-09-23,000001,Vente,380000,15,,RUE JEAN DE LA BRUYERE,1560,78000,78646,Versailles,78,,,78646000AO0001,,,337,,,,,,,,,,1,3,Dépendance,,0,,,,,,2.145961,48.812878
2022-1310551,2022-09-23,000001,Vente,380000,29,,RUE JEAN DE LA BRUYERE,1560,78000,78646,Versailles,78,,,78646000AO0001,,,69,,82,58.07,,,,,,,2,2,Appartement,58,2,,,,,,2.145961,48.812878
2022-1310562,2022-09-21,000001,Vente,220000,8,,PROM MONA LISA,1965,78000,78646,Versailles,78,,,78646000AZ0110,,,1700,,1709,43.4,,,,,,,2,3,Dépendance,,0,,,,,,2.158672,48.8041
2022-1310562,2022-09-21,000001,Vente,220000,5,,RUE DE L ECOLE DES POSTES,0850,78000,78646,Versailles,78,,,78646000AZ0110,,,3762,,,,,,,,,,1,3,Dépendance,,0,,,,,,2.158672,48.8041
2022-1310562,2022-09-21,000001,Vente,220000,8,,PROM MONA LISA,1965,78000,78646,Versailles,78,,,78646000AZ0110,,,1700,,1709,43.4,,,,,,,2,2,Appartement,43,2,,,,,,2.158672,48.8041
2022-1310567,2022-09-29,000001,Vente,105000,3,,RUE SAINT SIMON,2880,78000,78646,Versailles,78,,,78646000AI0091,,,16,20.49,,,,,,,,,1,2,Appartement,22,1,,,,,,2.133281,48.804089
2022-1310577,2022-09-13,000001,Vente,920000,4,,RUE MOLIERE,1940,78000,78646,Versailles,78,,,78646000BL0104,,,,,,,,,,,,,0,1,Maison,71,4,S,sols,,,217,2.146952,48.794885
2022-1310577,2022-09-13,000001,Vente,920000,4,,RUE MOLIERE,1940,78000,78646,Versailles,78,,,78646000BL0104,,,,,,,,,,,,,0,3,Dépendance,,0,S,sols,,,217,2.146952,48.794885
2022-1310578,2022-09-15,000001,Vente,1185000,5,,IMP DE TOULOUSE,3030,78000,78646,Versailles,78,,,78646000AE0539,,,27,,5,123.44,,,,,,,2,3,Dépendance,,0,,,,,,2.129497,48.806647
2022-1310578,2022-09-15,000001,Vente,1185000,5,,IMP DE TOULOUSE,3030,78000,78646,Versailles,78,,,78646000AE0539,,,29,,4,123.44,,,,,,,2,2,Appartement,39,1,,,,,,2.129497,48.806647
2022-1310578,2022-09-15,000001,Vente,1185000,5,,IMP DE TOULOUSE,3030,78000,78646,Versailles,78,,,78646000AE0539,,,44,,,,,,,,,,1,3,Dépendance,,0,,,,,,2.129497,48.806647
2022-1310578,2022-09-15,000001,Vente,1185000,5,,IMP DE TOULOUSE,3030,78000,78646,Versailles,78,,,78646000AE0539,,,27,,5,123.44,,,,,,,2,2,Appartement,87,2,,,,,,2.129497,48.806647
2022-1310578,2022-09-15,000001,Vente,1185000,5,,IMP DE TOULOUSE,3030,78000,78646,Versailles,78,,,78646000AE0539,,,29,,4,123.44,,,,,,,2,3,Dépendance,,0,,,,,,2.129497,48.806647
2022-1310610,2022-09-16,000001,Vente,315000,42,,RUE DE VERGENNES,3150,78000,78646,Versailles,78,,,78646000BS0050,,,1,50.86,24,,,,,,,,2,2,Appartement,51,2,,,,,,2.137321,48.796949
2022-1310610,2022-09-16,000001,Vente,315000,42,,RUE DE VERGENNES,3150,78000,78646,Versailles,78,,,78646000BS0050,,,1,50.86,24,,,,,,,,2,3,Dépendance,,0,,,,,,2.137321,48.796949
2022-1310610,2022-09-16,000001,Vente,315000,42,,RUE DE VERGENNES,3150,78000,78646,Versailles,78,,,78646000BS0050,,,35,,,,,,,,,,1,3,Dépendance,,0,,,,,,2.137321,48.796949
2022-1310622,2022-09-28,000001,Vente,363000,64,,AV DE PARIS,2180,78000,78646,Versailles,78,,,78646000BN0007,,,11,46.54,,,,,,,,,1,2,Appartement,46,2,,,,,,2.138959,48.799201
2022-1310622,2022-09-28,000001,Vente,363000,64,,AV DE PARIS,2180,78000,78646,Versailles,78,,,78646000BN0007,,,11,46.54,,,,,,,,,1,3,Dépendance,,0,,,,,,2.138959,48.799201
2022-1310655,2022-09-21,000001,Vente,220000,62,,RUE DES CHANTIERS,0530,78000,78646,Versailles,78,,,78646000BL0327,,,109,37.78,274,,,,,,,,2,2,Appartement,35,1,,,,,,2.142467,48.792993
2022-1310655,2022-09-21,000001,Vente,220000,62,,RUE DES CHANTIERS,0530,78000,78646,Versailles,78,,,78646000BL0327,,,109,37.78,274,,,,,,,,2,3,Dépendance,,0,,,,,,2.142467,48.792993
2022-1310656,2022-10-03,000001,Vente,425000,27,,BD DU ROI,2641,78000,78646,Versailles,78,,,78646000AC0117,,,103,,119,,,,,,,,2,2,Appartement,61,2,,,,,,2.126689,48.812877
2022-1310656,2022-10-03,000001,Vente,425000,27,,BD DU ROI,2641,78000,78646,Versailles,78,,,78646000AC0117,,,103,,119,,,,,,,,2,3,Dépendance,,0,,,,,,2.126689,48.812877
2022-1310658,2022-09-30,000001,Vente,500000,64,,RUE DES CHANTIERS,0530,78000,78646,Versailles,78,,,78646000BL0326,,,317,,,,,,,,,,1,3,Dépendance,,0,,,,,,2.143523,48.792624
2022-1310658,2022-09-30,000001,Vente,500000,58,,RUE DES CHANTIERS,0530,78000,78646,Versailles,78,,,78646000BL0327,,,238,,73,93.36,,,,,,,2,3,Dépendance,,0,,,,,,2.142467,48.792993
2022-1310658,2022-09-30,000001,Vente,500000,58,,RUE DES CHANTIERS,0530,78000,78646,Versailles,78,,,78646000BL0327,,,238,,73,93.36,,,,,,,2,2,Appartement,96,4,,,,,,2.142467,48.792993
2022-1310669,2022-09-29,000001,Vente,346057.75,10,,RUE EDOUARD LEFEBVRE,0910,78000,78646,Versailles,78,,,78646000BR0147,,,24,,47,,71,60.01,72,72.21,,,4,4,Local industriel. commercial ou assimilé,120,0,,,,,,2.132117,48.798291
2022-1310669,2022-09-29,000001,Vente,346057.75,10,,RUE EDOUARD LEFEBVRE,0910,78000,78646,Versailles,78,,,78646000BR0147,,,63,,,,,,,,,,1,3,Dépendance,,0,,,,,,2.132117,48.798291
2022-1310682,2022-09-16,000001,Vente,324000,17,,BD DE LA REPUBLIQUE,2570,78000,78646,Versailles,78,,,78646000AW0150,,,12,,13,,2,46.73,,,,,3,3,Dépendance,,0,,,,,,2.147534,48.807494
2022-1310682,2022-09-16,000001,Vente,324000,17,,BD DE LA REPUBLIQUE,2570,78000,78646,Versailles,78,,,78646000AW0150,,,12,,13,,2,46.73,,,,,3,3,Dépendance,,0,,,,,,2.147534,48.807494
2022-1310682,2022-09-16,000001,Vente,324000,17,,BD DE LA REPUBLIQUE,2570,78000,78646,Versailles,78,,,78646000AW0150,,,12,,13,,2,46.73,,,,,3,2,Appartement,41,3,,,,,,2.147534,48.807494
2022-1310706,2022-09-12,000001,Vente,400000,40,,RUE DE MONTREUIL,2000,78000,78646,Versailles,78,,,78646000AX0307,,,1,,15,51.69,16,,17,,,,4,3,Dépendance,,0,,,,,,2.145941,48.804518
2022-1310706,2022-09-12,000001,Vente,400000,40,,RUE DE MONTREUIL,2000,78000,78646,Versailles,78,,,78646000AX0307,,,1,,15,51.69,16,,17,,,,4,2,Appartement,69,2,,,,,,2.145941,48.804518
2022-1310711,2022-09-28,000001,Vente,196000,4,,RUE SAINTE FAMILLE,2740,78000,78646,Versailles,78,,,78646000BV0166,,,26,25.46,32,,,,,,,,2,2,Appartement,35,2,,,,,,2.125287,48.796348
2022-1310737,2022-09-30,000001,Vente,335000,83,,RUE DE LA PAROISSE,2190,78000,78646,Versailles,78,,,78646000AI0160,,,2,,,,,,,,,,1,4,Local industriel. commercial ou assimilé,36,0,,,,,,2.135563,48.8059
2022-1310741,2022-09-21,000001,Vente,413000,2,,RUE JEAN MERMOZ,1460,78000,78646,Versailles,78,,,78646000BN0167,,,562,,,,,,,,,,1,3,Dépendance,,0,,,,,,2.142752,48.797871
2022-1310741,2022-09-21,000001,Vente,413000,4,,RUE JEAN MERMOZ,1460,78000,78646,Versailles,78,,,78646000BN0167,,,125,79.57,622,,,,,,,,2,3,Dépendance,,0,,,,,,2.142752,48.797871
2022-1310741,2022-09-21,000001,Vente,413000,4,,RUE JEAN MERMOZ,1460,78000,78646,Versailles,78,,,78646000BN0167,,,125,79.57,622,,,,,,,,2,2,Appartement,81,4,,,,,,2.142752,48.797871
2022-1310761,2022-09-28,000001,Vente,20000,12,,AV DE PORCHEFONTAINE,2380,78000,78646,Versailles,78,,,78646000BK0021,,,1529,,,,,,,,,,1,3,Dépendance,,0,,,,,,2.152071,48.797176
2022-1310762,2022-09-12,000001,Vente,306000,16,,RUE EDOUARD CHARTON,0890,78000,78646,Versailles,78,,,78646000BT0158,,,29,,37,48.72,,,,,,,2,2,Appartement,55,3,,,,,,2.129886,48.794935
2022-1310762,2022-09-12,000001,Vente,306000,16,,RUE EDOUARD CHARTON,0890,78000,78646,Versailles,78,,,78646000BT0158,,,29,,37,48.72,,,,,,,2,3,Dépendance,,0,,,,,,2.129886,48.794935
2022-1310763,2022-09-16,000001,Vente,430000,9,,RUE COLBERT,0630,78000,78646,Versailles,78,,,78646000AE0339,,,83,47.02,,,,,,,,,1,2,Appartement,35,1,,,,,,2.125603,48.80514
2022-1310768,2022-09-16,000001,Vente,314300,64,,RUE ROYALE,2648,78000,78646,Versailles,78,,,78646000BV0170,,,1,47.63,,,,,,,,,1,2,Appartement,45,1,,,,,,2.125374,48.796098
2022-1310768,2022-09-16,000001,Vente,314300,64,,RUE ROYALE,2648,78000,78646,Versailles,78,,,78646000BV0170,,,1,47.63,,,,,,,,,1,3,Dépendance,,0,,,,,,2.125374,48.796098
2022-1310770,2022-09-27,000001,Vente,152600,9,,PL ALEXANDRE 1E LOUIS BARTHOU,0100,78000,78646,Versailles,78,,,78646000AX0489,,,103,,114,19.8,,,,,,,2,2,Appartement,21,1,,,,,,2.140761,48.806449
2022-1310770,2022-09-27,000001,Vente,152600,9,,PL ALEXANDRE 1E LOUIS BARTHOU,0100,78000,78646,Versailles,78,,,78646000AX0489,,,103,,114,19.8,,,,,,,2,3,Dépendance,,0,,,,,,2.140761,48.806449
2022-1310773,2022-09-16,000001,Vente,15000,7,,RUE COLBERT,0630,78000,78646,Versailles,78,,,78646000AE0386,,,406,,,,,,,,,,1,4,Local industriel. commercial ou assimilé,364,0,,,,,,2.125027,48.80503
2022-1310784,2022-10-05,000001,Vente,313830,13,,RUE DU GENERAL PERSHING,1170,78000,78646,Versailles,78,,,78646000AO0068,,,205,,54,57.37,,,,,,,2,2,Appartement,56,2,,,,,,2.148928,48.817113
2022-1310784,2022-10-05,000001,Vente,313830,13,,RUE DU GENERAL PERSHING,1170,78000,78646,Versailles,78,,,78646000AO0068,,,320,,,,,,,,,,1,3,Dépendance,,0,,,,,,2.148928,48.817113
2022-1310784,2022-10-05,000001,Vente,313830,13,,RUE DU GENERAL PERSHING,1170,78000,78646,Versailles,78,,,78646000AO0068,,,205,,54,57.37,,,,,,,2,3,Dépendance,,0,,,,,,2.148928,48.817113
2022-1310810,2022-09-12,000001,Vente,588983.8,14,,RUE DES CHANTIERS,0530,78000,78646,Versailles,78,,,78646000BS0060,,,37,,4,74.01,7,,,,,,3,2,Appartement,70,4,,,,,,2.136832,48.796406
2022-1310810,2022-09-12,000001,Vente,588983.8,14,,RUE DES CHANTIERS,0530,78000,78646,Versailles,78,,,78646000BS0060,,,37,,4,74.01,7,,,,,,3,3,Dépendance,,0,,,,,,2.136832,48.796406
2022-1310815,2022-09-30,000001,Vente,1740000,86,,RUE ALBERT SARRAUT,0080,78000,78646,Versailles,78,,,78646000BL0398,,1,,,,,,,,,,,0,,,,,,,,,,2.146692,48.792486
2022-1310822,2022-09-19,000001,Vente,520000,18,,RUE ALBERT JOLY,0050,78000,78646,Versailles,78,,,78646000AK0174,,,104,,29,,,,,,,,2,3,Dépendance,,0,,,,,,2.137825,48.810091
2022-1310822,2022-09-19,000001,Vente,520000,18,,RUE ALBERT JOLY,0050,78000,78646,Versailles,78,,,78646000AK0174,,,104,,29,,,,,,,,2,2,Appartement,84,2,,,,,,2.137825,48.810091
2022-1310822,2022-09-19,000001,Vente,520000,18,,RUE ALBERT JOLY,0050,78000,78646,Versailles,78,,,78646000AK0174,,,122,,,,,,,,,,1,3,Dépendance,,0,,,,,,2.137825,48.810091
2022-1310905,2022-09-29,000001,Vente,278000,23,,RUE HOCHE,1350,78000,78646,Versailles,78,,,78646000AE0202,,,26,39.81,,,,,,,,,1,4,Local industriel. commercial ou assimilé,40,0,,,,,,2.128088,48.807322
2022-1310907,2022-09-27,000001,Vente,6000000,14,,AV DE SCEAUX,2980,78000,78646,Versailles,78,,,78646000AH0178,,,,,,,,,,,,,0,2,Appartement,35,1,S,sols,,,152,2.12764,48.799304
2022-1310907,2022-09-27,000001,Vente,6000000,14,,AV DE SCEAUX,2980,78000,78646,Versailles,78,,,78646000AH0178,,,,,,,,,,,,,0,4,Local industriel. commercial ou assimilé,92,0,S,sols,,,152,2.12764,48.799304
2022-1310907,2022-09-27,000001,Vente,6000000,14,,AV DE SCEAUX,2980,78000,78646,Versailles,78,,,78646000AH0178,,,,,,,,,,,,,0,4,Local industriel. commercial ou assimilé,115,0,S,sols,,,152,2.12764,48.799304
2022-1310907,2022-09-27,000001,Vente,6000000,14,,AV DE SCEAUX,2980,78000,78646,Versailles,78,,,78646000AH0178,,,,,,,,,,,,,0,4,Local industriel. commercial ou assimilé,88,0,S,sols,,,152,2.12764,48.799304
2022-1310907,2022-09-27,000001,Vente,6000000,2,,RUE ROYALE,2648,78000,78646,Versailles,78,,,78646000AH0204,,,,,,,,,,,,,0,4,Local industriel. commercial ou assimilé,13,0,S,sols,,,607,2.127435,48.799229
2022-1310907,2022-09-27,000001,Vente,6000000,2,,RUE ROYALE,2648,78000,78646,Versailles,78,,,78646000AH0204,,,,,,,,,,,,,0,4,Local industriel. commercial ou assimilé,53,0,S,sols,,,607,2.127435,48.799229
2022-1310907,2022-09-27,000001,Vente,6000000,2,,RUE ROYALE,2648,78000,78646,Versailles,78,,,78646000AH0204,,,,,,,,,,,,,0,4,Local industriel. commercial ou assimilé,72,0,S,sols,,,607,2.127435,48.799229
2022-1310907,2022-09-27,000001,Vente,6000000,2,,RUE ROYALE,2648,78000,78646,Versailles,78,,,78646000AH0204,,,,,,,,,,,,,0,4,Local industriel. commercial ou assimilé,20,0,S,sols,,,607,2.127435,48.799229
2022-1310907,2022-09-27,000001,Vente,6000000,2,,RUE ROYALE,2648,78000,78646,Versailles,78,,,78646000AH0204,,,,,,,,,,,,,0,4,Local industriel. commercial ou assimilé,58,0,S,sols,,,607,2.127435,48.799229
2022-1310907,2022-09-27,000001,Vente,6000000,2,,RUE ROYALE,2648,78000,78646,Versailles,78,,,78646000AH0204,,,,,,,,,,,,,0,2,Appartement,45,2,S,sols,,,607,2.127435,48.799229
2022-1310907,2022-09-27,000001,Vente,6000000,2,,RUE ROYALE,2648,78000,78646,Versailles,78,,,78646000AH0204,,,,,,,,,,,,,0,2,Appartement,55,2,S,sols,,,607,2.127435,48.799229
2022-1310907,2022-09-27,000001,Vente,6000000,2,,RUE ROYALE,2648,78000,78646,Versailles,78,,,78646000AH0204,,,,,,,,,,,,,0,4,Local industriel. commercial ou assimilé,20,0,S,sols,,,607,2.127435,48.799229
2022-1310907,2022-09-27,000001,Vente,6000000,2,,RUE ROYALE,2648,78000,78646,Versailles,78,,,78646000AH0204,,,,,,,,,,,,,0,4,Local industriel. commercial ou assimilé,23,0,S,sols,,,607,2.127435,48.799229
2022-1310907,2022-09-27,000001,Vente,6000000,2,,RUE ROYALE,2648,78000,78646,Versailles,78,,,78646000AH0204,,,,,,,,,,,,,0,4,Local industriel. commercial ou assimilé,13,0,S,sols,,,607,2.127435,48.799229
2022-1310907,2022-09-27,000001,Vente,6000000,2,,RUE ROYALE,2648,78000,78646,Versailles,78,,,78646000AH0204,,,,,,,,,,,,,0,2,Appartement,34,1,S,sols,,,607,2.127435,48.799229
2022-1310907,2022-09-27,000001,Vente,6000000,2,,RUE ROYALE,2648,78000,78646,Versailles,78,,,78646000AH0204,,,,,,,,,,,,,0,2,Appartement,27,1,S,sols,,,607,2.127435,48.799229
2022-1310907,2022-09-27,000001,Vente,6000000,2,,RUE ROYALE,2648,78000,78646,Versailles,78,,,78646000AH0204,,,,,,,,,,,,,0,2,Appartement,19,1,S,sols,,,607,2.127435,48.799229
2022-1310907,2022-09-27,000001,Vente,6000000,2,,RUE ROYALE,2648,78000,78646,Versailles,78,,,78646000AH0204,,,,,,,,,,,,,0,2,Appartement,27,1,S,sols,,,607,2.127435,48.799229
2022-1310907,2022-09-27,000001,Vente,6000000,2,,RUE ROYALE,2648,78000,78646,Versailles,78,,,78646000AH0204,,,,,,,,,,,,,0,2,Appartement,19,1,S,sols,,,607,2.127435,48.799229
2022-1310907,2022-09-27,000001,Vente,6000000,2,,RUE ROYALE,2648,78000,78646,Versailles,78,,,78646000AH0204,,,,,,,,,,,,,0,4,Local industriel. commercial ou assimilé,90,0,S,sols,,,607,2.127435,48.799229
2022-1310907,2022-09-27,000001,Vente,6000000,2,,RUE ROYALE,2648,78000,78646,Versailles,78,,,78646000AH0204,,,,,,,,,,,,,0,2,Appartement,22,1,S,sols,,,607,2.127435,48.799229
2022-1310907,2022-09-27,000001,Vente,6000000,2,,RUE ROYALE,2648,78000,78646,Versailles,78,,,78646000AH0204,,,,,,,,,,,,,0,2,Appartement,35,1,S,sols,,,607,2.127435,48.799229
2022-1310907,2022-09-27,000001,Vente,6000000,2,,RUE ROYALE,2648,78000,78646,Versailles,78,,,78646000AH0204,,,,,,,,,,,,,0,4,Local industriel. commercial ou assimilé,58,0,S,sols,,,607,2.127435,48.799229
2022-1310907,2022-09-27,000001,Vente,6000000,2,,RUE ROYALE,2648,78000,78646,Versailles,78,,,78646000AH0204,,,,,,,,,,,,,0,2,Appartement,39,1,S,sols,,,607,2.127435,48.799229
2022-1310907,2022-09-27,000001,Vente,6000000,2,,RUE ROYALE,2648,78000,78646,Versailles,78,,,78646000AH0204,,,,,,,,,,,,,0,2,Appartement,75,3,S,sols,,,607,2.127435,48.799229
2022-1310907,2022-09-27,000001,Vente,6000000,2,,RUE ROYALE,2648,78000,78646,Versailles,78,,,78646000AH0204,,,,,,,,,,,,,0,4,Local industriel. commercial ou assimilé,26,0,S,sols,,,607,2.127435,48.799229
2022-1310907,2022-09-27,000001,Vente,6000000,2,,RUE ROYALE,2648,78000,78646,Versailles,78,,,78646000AH0204,,,,,,,,,,,,,0,2,Appartement,32,1,S,sols,,,607,2.127435,48.799229
2022-1310907,2022-09-27,000001,Vente,6000000,2,,RUE ROYALE,2648,78000,78646,Versailles,78,,,78646000AH0204,,,,,,,,,,,,,0,2,Appartement,50,2,S,sols,,,607,2.127435,48.799229
2022-1310907,2022-09-27,000001,Vente,6000000,2,,RUE ROYALE,2648,78000,78646,Versailles,78,,,78646000AH0205,,,,,,,,,,,,,0,,,,,S,sols,,,8,2.127404,48.799131
2022-1310909,2022-09-27,000001,Vente,1750000,19,,RUE GEORGES GUYNEMER,1210,78000,78646,Versailles,78,,,78646000AX0151,,,,,,,,,,,,,0,1,Maison,180,6,S,sols,,,281,2.148725,48.805836
2022-1310909,2022-09-27,000001,Vente,1750000,19,,RUE GEORGES GUYNEMER,1210,78000,78646,Versailles,78,,,78646000AX0151,,,,,,,,,,,,,0,3,Dépendance,,0,S,sols,,,281,2.148725,48.805836
2022-1310912,2022-09-26,000001,Vente,320000,7,,RUE DE LA POURVOIERIE,2420,78000,78646,Versailles,78,,,78646000AE0076,,,9,49.66,,,,,,,,,1,2,Appartement,53,2,,,,,,2.131902,48.807412
2022-1310912,2022-09-26,000001,Vente,320000,7,,RUE DE LA POURVOIERIE,2420,78000,78646,Versailles,78,,,78646000AE0076,,,9,49.66,,,,,,,,,1,3,Dépendance,,0,,,,,,2.131902,48.807412
2022-1310916,2022-10-06,000001,Vente,1050000,2,,RUE EMILE DESCHAMPS,0930,78000,78646,Versailles,78,,,78646000AX0187,,,28,,6,139.42,,,,,,,2,2,Appartement,138,5,,,,,,,
2022-1310916,2022-10-06,000001,Vente,1050000,2,,RUE EMILE DESCHAMPS,0930,78000,78646,Versailles,78,,,78646000AX0187,,,28,,6,139.42,,,,,,,2,3,Dépendance,,0,,,,,,,
2022-1310916,2022-10-06,000001,Vente,1050000,2,,RUE EMILE DESCHAMPS,0930,78000,78646,Versailles,78,,,78646000AX0187,,,70,,,,,,,,,,1,3,Dépendance,,0,,,,,,,
2022-1310916,2022-10-06,000001,Vente,1050000,2,,RUE EMILE DESCHAMPS,0930,78000,78646,Versailles,78,,,78646000AX0187,,,98,,,,,,,,,,1,3,Dépendance,,0,,,,,,,
2022-1310923,2022-09-28,000001,Vente,480000,2,,RUE JEAN MERMOZ,1460,78000,78646,Versailles,78,,,78646000BN0167,,,308,82.75,,,,,,,,,1,2,Appartement,76,4,,,,,,2.142752,48.797871
2022-1310923,2022-09-28,000001,Vente,480000,2,,RUE JEAN MERMOZ,1460,78000,78646,Versailles,78,,,78646000BN0167,,,308,82.75,,,,,,,,,1,3,Dépendance,,0,,,,,,2.142752,48.797871
2022-1310923,2022-09-28,000001,Vente,480000,2,,RUE JEAN MERMOZ,1460,78000,78646,Versailles,78,,,78646000BN0167,,,657,,,,,,,,,,1,3,Dépendance,,0,,,,,,2.142752,48.797871
2022-1310926,2022-09-29,000001,Vente,290700,19,B,RUE DU PONT COLBERT,2370,78000,78646,Versailles,78,,,78646000BI0284,,,55,65.05,56,,,,,,,,2,2,Appartement,68,4,,,,,,2.151506,48.789725
2022-1310926,2022-09-29,000001,Vente,290700,19,B,RUE DU PONT COLBERT,2370,78000,78646,Versailles,78,,,78646000BI0284,,,55,65.05,56,,,,,,,,2,3,Dépendance,,0,,,,,,2.151506,48.789725
2022-1310927,2022-09-21,000001,Vente,448881,60,,RUE DE LA PAROISSE,2190,78000,78646,Versailles,78,,,78646000AE0236,,,20,,33,60.19,,,,,,,2,3,Dépendance,,0,,,,,,2.13017,48.806824
2022-1310927,2022-09-21,000001,Vente,448881,60,,RUE DE LA PAROISSE,2190,78000,78646,Versailles,78,,,78646000AE0236,,,20,,33,60.19,,,,,,,2,2,Appartement,62,3,,,,,,2.13017,48.806824
2022-1310929,2022-09-20,000001,Vente,365000,56,,RUE DE LA BONNE AVENTURE,0390,78000,78646,Versailles,78,,,78646000AW0115,,,2,69.01,,,,,,,,,1,3,Dépendance,,0,,,,,,2.150758,48.806489
2022-1310929,2022-09-20,000001,Vente,365000,56,,RUE DE LA BONNE AVENTURE,0390,78000,78646,Versailles,78,,,78646000AW0115,,,2,69.01,,,,,,,,,1,3,Dépendance,,0,,,,,,2.150758,48.806489
2022-1310929,2022-09-20,000001,Vente,365000,56,,RUE DE LA BONNE AVENTURE,0390,78000,78646,Versailles,78,,,78646000AW0115,,,2,69.01,,,,,,,,,1,2,Appartement,80,4,,,,,,2.150758,48.806489
2022-1310930,2022-09-27,000001,Vente,27000,27,,BD DU ROI,2641,78000,78646,Versailles,78,,,78646000AC0117,,,160,,,,,,,,,,1,3,Dépendance,,0,,,,,,2.126689,48.812877
2022-1310934,2022-09-16,000001,Vente,840000,11,,RUE COLBERT,0630,78000,78646,Versailles,78,,,78646000AE0338,,,85,,,,,,,,,,1,2,Appartement,70,4,,,,,,2.126007,48.805232
2022-1310934,2022-09-16,000001,Vente,840000,11,B,RUE COLBERT,0630,78000,78646,Versailles,78,,,78646000AE0338,,,50,,51,,53,,,,,,3,2,Appartement,26,1,,,,,,2.126007,48.805232
2022-1310935,2022-09-16,000001,Vente,15000,7,,RUE COLBERT,0630,78000,78646,Versailles,78,,,78646000AE0386,,,354,,,,,,,,,,1,4,Local industriel. commercial ou assimilé,364,0,,,,,,2.125027,48.80503
2022-1310956,2022-09-28,000001,Vente,355086,1,,RUE DE L ASSEMBLEE NATIONALE,0230,78000,78646,Versailles,78,,,78646000BR0054,,,9,48.39,,,,,,,,,1,2,Appartement,47,2,,,,,,2.13419,48.800225
2022-1310968,2022-09-27,000001,Vente,445000,22,,RUE DE MONTREUIL,2000,78000,78646,Versailles,78,,,78646000AX0325,,,16,,18,,4,62.02,5,62.02,,,4,2,Appartement,64,3,,,,,,2.144071,48.80477
2022-1310968,2022-09-27,000001,Vente,445000,22,,RUE DE MONTREUIL,2000,78000,78646,Versailles,78,,,78646000AX0325,,,16,,18,,4,62.02,5,62.02,,,4,3,Dépendance,,0,,,,,,2.144071,48.80477
2022-1310968,2022-09-27,000001,Vente,445000,22,,RUE DE MONTREUIL,2000,78000,78646,Versailles,78,,,78646000AX0325,,,16,,18,,4,62.02,5,62.02,,,4,3,Dépendance,,0,,,,,,2.144071,48.80477
2022-1310971,2022-09-22,000001,Vente,275000,16,,RUE DU HAZARD,1300,78000,78646,Versailles,78,,,78646000BT0151,,,35,,49,36.11,,,,,,,2,3,Dépendance,,0,,,,,,2.128971,48.795236
2022-1310971,2022-09-22,000001,Vente,275000,16,,RUE DU HAZARD,1300,78000,78646,Versailles,78,,,78646000BT0151,,,35,,49,36.11,,,,,,,2,2,Appartement,36,1,,,,,,2.128971,48.795236
2022-1311018,2022-09-28,000001,Vente,2598540,14,,AV DU GENERAL MANGIN,1165,78000,78646,Versailles,78,,,78646000AK0020,,,,,,,,,,,,,0,1,Maison,200,7,S,sols,,,283,2.138834,48.813042
2022-1311018,2022-09-28,000001,Vente,2598540,14,,AV DU GENERAL MANGIN,1165,78000,78646,Versailles,78,,,78646000AK0020,,,,,,,,,,,,,0,1,Maison,200,7,AG,terrains d'agrément,,,963,2.138834,48.813042
2022-1311032,2022-09-30,000001,Vente,20000,82,B,AV DE PARIS,2180,78000,78646,Versailles,78,,,78646000BN0166,,,1242,,,,,,,,,,1,3,Dépendance,,0,,,,,,2.145036,48.797427
2022-1311108,2022-10-06,000001,Vente,243500,129,,BD DE LA REINE,2520,78000,78646,Versailles,78,,,78646000AK0187,,,4,,41,,,,,,,,2,2,Appartement,33,1,,,,,,2.139834,48.808771
2022-1311108,2022-10-06,000001,Vente,243500,129,,BD DE LA REINE,2520,78000,78646,Versailles,78,,,78646000AK0187,,,4,,41,,,,,,,,2,3,Dépendance,,0,,,,,,2.139834,48.808771
2022-1311114,2022-09-27,000001,Vente,905000,15,,RUE DE L ETANG,0970,78000,78646,Versailles,78,,,78646000BI0200,,,,,,,,,,,,,0,1,Maison,72,4,S,sols,,,162,2.15436,48.791724
2022-1311114,2022-09-27,000001,Vente,905000,17,,RUE DE L ETANG,0970,78000,78646,Versailles,78,,,78646000BI0202,,,,,,,,,,,,,0,1,Maison,30,2,S,sols,,,211,2.154297,48.791612
2022-1311127,2022-09-08,000001,Vente,315450,3,,RUE EDOUARD CHARTON,0890,78000,78646,Versailles,78,,,78646000BS0013,,,25,,5,44.45,,,,,,,2,2,Appartement,40,2,,,,,,2.131153,48.796204
2022-1311127,2022-09-08,000001,Vente,315450,3,,RUE EDOUARD CHARTON,0890,78000,78646,Versailles,78,,,78646000BS0013,,,25,,5,44.45,,,,,,,2,3,Dépendance,,0,,,,,,2.131153,48.796204
2022-1311143,2022-10-05,000001,Vente,365000,1,B,RUE ALEXANDRE BONTEMPS,0110,78000,78646,Versailles,78,,,78646000BW0108,,,112,55.77,161,,,,,,,,2,2,Appartement,58,2,,,,,,2.123897,48.794291
2022-1311143,2022-10-05,000001,Vente,365000,1,B,RUE ALEXANDRE BONTEMPS,0110,78000,78646,Versailles,78,,,78646000BW0108,,,145,,,,,,,,,,1,3,Dépendance,,0,,,,,,2.123897,48.794291
2022-1311143,2022-10-05,000001,Vente,365000,1,B,RUE ALEXANDRE BONTEMPS,0110,78000,78646,Versailles,78,,,78646000BW0108,,,112,55.77,161,,,,,,,,2,3,Dépendance,,0,,,,,,2.123897,48.794291
2022-1311147,2022-09-15,000001,Vente,820000,13,,RUE JEAN DE LA BRUYERE,1560,78000,78646,Versailles,78,,,78646000AO0128,,,33,,,,,,,,,,1,3,Dépendance,,0,,,,,,2.145819,48.813432
2022-1311147,2022-09-15,000001,Vente,820000,13,,RUE JEAN DE LA BRUYERE,1560,78000,78646,Versailles,78,,,78646000AO0128,,,1,,32,129.06,,,,,,,2,3,Dépendance,,0,,,,,,2.145819,48.813432
2022-1311147,2022-09-15,000001,Vente,820000,13,,RUE JEAN DE LA BRUYERE,1560,78000,78646,Versailles,78,,,78646000AO0128,,,1,,32,129.06,,,,,,,2,2,Appartement,117,6,,,,,,2.145819,48.813432
2022-1311147,2022-09-15,000001,Vente,820000,13,,RUE JEAN DE LA BRUYERE,1560,78000,78646,Versailles,78,,,78646000AO0128,,,193,,,,,,,,,,1,3,Dépendance,,0,,,,,,2.145819,48.813432
2022-1311184,2022-10-04,000001,Vente,529500,17,T,RUE DU PONT COLBERT,2370,78000,78646,Versailles,78,,,78646000BI0022,,,483,,,,,,,,,,1,3,Dépendance,,0,,,,,,2.149624,48.789909
2022-1311184,2022-10-04,000001,Vente,529500,17,T,RUE DU PONT COLBERT,2370,78000,78646,Versailles,78,,,78646000BI0022,,,484,,,,,,,,,,1,3,Dépendance,,0,,,,,,2.149624,48.789909
2022-1311184,2022-10-04,000001,Vente,529500,17,T,RUE DU PONT COLBERT,2370,78000,78646,Versailles,78,,,78646000BI0022,,,483,,,,,,,,,,1,2,Appartement,53,3,,,,,,2.149624,48.789909
2022-1311184,2022-10-04,000001,Vente,529500,17,T,RUE DU PONT COLBERT,2370,78000,78646,Versailles,78,,,78646000BI0022,,,484,,,,,,,,,,1,2,Appartement,65,4,,,,,,2.149624,48.789909
2022-1311193,2022-10-03,000001,Vente,364780,13,,RUE NEUVE NOTRE DAME,2040,78000,78646,Versailles,78,,,78646000AE0017,,,2,44.1,3,,,,,,,,2,2,Appartement,46,2,,,,,,2.127539,48.808884
2022-1311194,2022-10-03,000001,Vente,1020000,33,,RUE COSTE,0730,78000,78646,Versailles,78,,,78646000BE0089,,,,,,,,,,,,,0,1,Maison,86,5,J,jardins,POTAG,Jardin potager,502,2.15742,48.794228
2022-1311194,2022-10-03,000001,Vente,1020000,33,,RUE COSTE,0730,78000,78646,Versailles,78,,,78646000BE0089,,,,,,,,,,,,,0,1,Maison,86,5,S,sols,,,10,2.15742,48.794228
2022-1311225,2022-10-11,000001,Vente,440000,2,,PAS DE LA CHARITE,0154,78000,78646,Versailles,78,,,78646000AI0317,,,40,39.33,85,,,,,,,,2,4,Local industriel. commercial ou assimilé,39,0,,,,,,2.133269,48.807902
2022-1311225,2022-10-11,000001,Vente,440000,1,,RUE RICHAUD,2610,78000,78646,Versailles,78,,,78646000AI0317,,,162,,,,,,,,,,1,3,Dépendance,,0,,,,,,2.133269,48.807902
2022-1311279,2022-10-05,000001,Vente,797627.1,50,,AV DE VILLENEUVE L ETANG,3200,78000,78646,Versailles,78,,,78646000AO0162,,,517,,541,,,,,,,,2,2,Appartement,128,6,,,,,,2.148061,48.818119
2022-1311279,2022-10-05,000001,Vente,797627.1,50,,AV DE VILLENEUVE L ETANG,3200,78000,78646,Versailles,78,,,78646000AO0162,,,517,,541,,,,,,,,2,3,Dépendance,,0,,,,,,2.148061,48.818119
2022-1311279,2022-10-05,000001,Vente,797627.1,50,,AV DE VILLENEUVE L ETANG,3200,78000,78646,Versailles,78,,,78646000AO0162,,,235,,,,,,,,,,1,3,Dépendance,,0,,,,,,2.148061,48.818119
2022-1311279,2022-10-05,000001,Vente,797627.1,50,,AV DE VILLENEUVE L ETANG,3200,78000,78646,Versailles,78,,,78646000AO0162,,,517,,541,,,,,,,,2,3,Dépendance,,0,,,,,,2.148061,48.818119
2022-1311288,2022-09-28,000001,Vente,173700,14,,PROM MONA LISA,1965,78000,78646,Versailles,78,,,78646000AZ0110,,,1927,,,,,,,,,,1,2,Appartement,28,1,,,,,,2.158672,48.8041
2022-1311288,2022-09-28,000001,Vente,173700,5,,RUE DE L ECOLE DES POSTES,0850,78000,78646,Versailles,78,,,78646000AZ0110,,,3948,,,,,,,,,,1,3,Dépendance,,0,,,,,,2.158672,48.8041
2022-1311288,2022-09-28,000001,Vente,173700,14,,PROM MONA LISA,1965,78000,78646,Versailles,78,,,78646000AZ0110,,,1927,,,,,,,,,,1,3,Dépendance,,0,,,,,,2.158672,48.8041
2022-1311290,2022-10-11,000001,Vente,144000,9,,PL ALEXANDRE 1E LOUIS BARTHOU,0100,78000,78646,Versailles,78,,,78646000AX0489,,,104,,116,18,,,,,,,2,2,Appartement,21,1,,,,,,2.140761,48.806449
2022-1311290,2022-10-11,000001,Vente,144000,9,,PL ALEXANDRE 1E LOUIS BARTHOU,0100,78000,78646,Versailles,78,,,78646000AX0489,,,104,,116,18,,,,,,,2,3,Dépendance,,0,,,,,,2.140761,48.806449
2022-1311292,2022-09-23,000001,Vente,836538,53,,RUE DE LA PAROISSE,2190,78000,78646,Versailles,78,,,78646000AE0087,,,60,,,,,,,,,,1,3,Dépendance,,0,,,,,,2.131058,48.807302
2022-1311292,2022-09-23,000001,Vente,836538,53,,RUE DE LA PAROISSE,2190,78000,78646,Versailles,78,,,78646000AE0087,,,60,,,,,,,,,,1,2,Appartement,97,4,,,,,,2.131058,48.807302
2022-1311334,2022-10-07,000001,Vente,595600,2,,PL DE LA LOI,1670,78000,78646,Versailles,78,,,78646000AD0407,,,13,,14,,,,,,,,2,3,Dépendance,,0,,,,,,2.129146,48.814076
2022-1311334,2022-10-07,000001,Vente,595600,2,,PL DE LA LOI,1670,78000,78646,Versailles,78,,,78646000AD0407,,,13,,14,,,,,,,,2,2,Appartement,86,5,,,,,,2.129146,48.814076
2022-1311342,2022-09-15,000001,Vente,1288900,1,,RUE HONORE DE BALZAC,1360,78000,78646,Versailles,78,,,78646000AX0296,,,37,,,,,,,,,,1,3,Dépendance,,0,,,,,,2.144563,48.80518
2022-1311342,2022-09-15,000001,Vente,1288900,1,,RUE HONORE DE BALZAC,1360,78000,78646,Versailles,78,,,78646000AX0296,,,37,,,,,,,,,,1,3,Dépendance,,0,,,,,,2.144563,48.80518
2022-1311342,2022-09-15,000001,Vente,1288900,1,,RUE HONORE DE BALZAC,1360,78000,78646,Versailles,78,,,78646000AX0296,,,37,,,,,,,,,,1,2,Appartement,115,4,,,,,,2.144563,48.80518
2022-1311348,2022-10-12,000001,Vente,150000,37,,RUE DU MAL JOFFRE,1820,78000,78646,Versailles,78,,,78646000BW0218,,,108,27.35,,,,,,,,,1,2,Appartement,33,1,,,,,,2.12084,48.793636
2022-1311354,2022-10-10,000001,Vente,637742,8,,RUE VICTOR BART,3160,78000,78646,Versailles,78,,,78646000AR0035,,,2,,26,100.49,,,,,,,2,2,Appartement,96,4,,,,,,2.143652,48.810343
2022-1311354,2022-10-10,000001,Vente,637742,8,,RUE VICTOR BART,3160,78000,78646,Versailles,78,,,78646000AR0035,,,21,,,,,,,,,,1,3,Dépendance,,0,,,,,,2.143652,48.810343
2022-1311354,2022-10-10,000001,Vente,637742,8,,RUE VICTOR BART,3160,78000,78646,Versailles,78,,,78646000AR0035,,,2,,26,100.49,,,,,,,2,3,Dépendance,,0,,,,,,2.143652,48.810343
2022-1311364,2022-10-07,000002,Vente,1227300,74,,RUE D ANJOU,0190,78000,78646,Versailles,78,,,78646000BT0093,,,17,158.62,19,158.62,,,,,,,2,2,Appartement,141,6,,,,,,2.128453,48.79592
2022-1311364,2022-10-07,000002,Vente,1227300,74,,RUE D ANJOU,0190,78000,78646,Versailles,78,,,78646000BT0093,,,17,158.62,19,158.62,,,,,,,2,3,Dépendance,,0,,,,,,2.128453,48.79592
2022-1311367,2022-10-06,000001,Vente,244140,29,,AV DE VILLENEUVE L ETANG,3200,78000,78646,Versailles,78,,,78646000AP0027,,,18,,,,,,,,,,1,3,Dépendance,,0,,,,,,2.144126,48.815385
2022-1311367,2022-10-06,000001,Vente,244140,29,,AV DE VILLENEUVE L ETANG,3200,78000,78646,Versailles,78,,,78646000AP0027,,,23,,,,,,,,,,1,3,Dépendance,,0,,,,,,2.144126,48.815385
2022-1311367,2022-10-06,000001,Vente,244140,29,,AV DE VILLENEUVE L ETANG,3200,78000,78646,Versailles,78,,,78646000AP0027,,,13,,,,,,,,,,1,3,Dépendance,,0,,,,,,2.144126,48.815385
2022-1311367,2022-10-06,000001,Vente,244140,29,,AV DE VILLENEUVE L ETANG,3200,78000,78646,Versailles,78,,,78646000AP0027,,,12,26.25,,,,,,,,,1,3,Dépendance,,0,,,,,,2.144126,48.815385
2022-1311374,2022-09-28,000001,Vente,713000,3,,VLA DE L ERMITAGE,0942,78000,78646,Versailles,78,,,78646000AC0342,,,1,75.11,9,,,,,,,,2,2,Appartement,48,2,,,,,,2.124597,48.814509
2022-1311374,2022-09-28,000001,Vente,713000,3,,VLA DE L ERMITAGE,0942,78000,78646,Versailles,78,,,78646000AC0342,,,1,75.11,9,,,,,,,,2,3,Dépendance,,0,,,,,,2.124597,48.814509
2022-1311374,2022-09-28,000001,Vente,713000,3,,VLA DE L ERMITAGE,0942,78000,78646,Versailles,78,,,78646000AC0342,,,22,,,,,,,,,,1,3,Dépendance,,0,,,,,,2.124597,48.814509
2022-1311374,2022-09-28,000001,Vente,713000,3,,VLA DE L ERMITAGE,0942,78000,78646,Versailles,78,,,78646000AC0342,,,20,,,,,,,,,,1,3,Dépendance,,0,,,,,,2.124597,48.814509
2022-1311384,2022-08-29,000001,Vente,572000,23,,RUE DES RESERVOIRS,2580,78000,78646,Versailles,78,,,78646000AC0231,,,37,73.16,65,,,,,,,,2,3,Dépendance,,0,,,,,,2.12459,48.809112
2022-1311384,2022-08-29,000001,Vente,572000,23,,RUE DES RESERVOIRS,2580,78000,78646,Versailles,78,,,78646000AC0231,,,37,73.16,65,,,,,,,,2,2,Appartement,68,3,,,,,,2.12459,48.809112
2022-1311384,2022-08-29,000001,Vente,572000,23,,RUE DES RESERVOIRS,2580,78000,78646,Versailles,78,,,78646000AC0231,,,4,73.16,62,,,,,,,,2,2,Appartement,12,1,,,,,,2.12459,48.809112
2022-1311420,2022-09-21,000001,Vente,1400000,12,,RUE DU MARECHAL GALLIENI,1812,78000,78646,Versailles,78,,,78646000AC0328,,,31,,6,137.41,,,,,,,2,2,Appartement,138,5,,,,,,2.124428,48.811239
2022-1311420,2022-09-21,000001,Vente,1400000,12,,RUE DU MARECHAL GALLIENI,1812,78000,78646,Versailles,78,,,78646000AC0328,,,10,,,,,,,,,,1,3,Dépendance,,0,,,,,,2.124428,48.811239
2022-1311420,2022-09-21,000001,Vente,1400000,12,,RUE DU MARECHAL GALLIENI,1812,78000,78646,Versailles,78,,,78646000AC0328,,,15,,,,,,,,,,1,3,Dépendance,,0,,,,,,2.124428,48.811239
2022-1311420,2022-09-21,000001,Vente,1400000,12,,RUE DU MARECHAL GALLIENI,1812,78000,78646,Versailles,78,,,78646000AC0328,,,31,,6,137.41,,,,,,,2,3,Dépendance,,0,,,,,,2.124428,48.811239
2022-1311439,2022-10-12,000001,Vente,565000,47,,RUE DES ETATS GENERAUX,0980,78000,78646,Versailles,78,,,78646000BR0190,,,307,,,,,,,,,,1,2,Appartement,86,3,,,,,,2.135581,48.798108
2022-1311439,2022-10-12,000001,Vente,565000,14,B,RUE BENJAMIN FRANKLIN,0340,78000,78646,Versailles,78,,,78646000BR0190,,,351,,,,,,,,,,1,3,Dépendance,,0,,,,,,2.135581,48.798108
2022-1311455,2022-10-05,000001,Vente,504380,47,,RUE DES ETATS GENERAUX,0980,78000,78646,Versailles,78,,,78646000BR0190,,,39,67.69,75,,,,,,,,2,2,Appartement,66,3,,,,,,2.135581,48.798108
2022-1311455,2022-10-05,000001,Vente,504380,47,,RUE DES ETATS GENERAUX,0980,78000,78646,Versailles,78,,,78646000BR0190,,,39,67.69,75,,,,,,,,2,3,Dépendance,,0,,,,,,2.135581,48.798108
2022-1311455,2022-10-05,000001,Vente,504380,47,,RUE DES ETATS GENERAUX,0980,78000,78646,Versailles,78,,,78646000BR0190,,,39,67.69,75,,,,,,,,2,3,Dépendance,,0,,,,,,2.135581,48.798108
2022-1311502,2022-10-14,000001,Vente,224750,3,,RUE DU MARECHAL GALLIENI,1812,78000,78646,Versailles,78,,,78646000AC0319,,,14,24.23,,,,,,,,,1,2,Appartement,32,1,,,,,,2.123786,48.810073
2022-1311506,2022-09-23,000001,Vente,763900,43,,RUE SAINT HONORE,2780,78000,78646,Versailles,78,,,78646000BW0100,,,3,95.68,4,95.68,7,,8,,,,4,2,Appartement,96,5,,,,,,2.122982,48.794861
2022-1311506,2022-09-23,000001,Vente,763900,43,,RUE SAINT HONORE,2780,78000,78646,Versailles,78,,,78646000BW0100,,,3,95.68,4,95.68,7,,8,,,,4,3,Dépendance,,0,,,,,,2.122982,48.794861
2022-1311525,2022-10-10,000001,Vente,404200,7,,RUE NEUVE NOTRE DAME,2040,78000,78646,Versailles,78,,,78646000AE0008,,,10,,12,,17,,8,,,,4,3,Dépendance,,0,,,,,,2.126625,48.808941
2022-1311525,2022-10-10,000001,Vente,404200,7,,RUE NEUVE NOTRE DAME,2040,78000,78646,Versailles,78,,,78646000AE0008,,,10,,12,,17,,8,,,,4,3,Dépendance,,0,,,,,,2.126625,48.808941
2022-1311525,2022-10-10,000001,Vente,404200,7,,RUE NEUVE NOTRE DAME,2040,78000,78646,Versailles,78,,,78646000AE0008,,,10,,12,,17,,8,,,,4,2,Appartement,43,2,,,,,,2.126625,48.808941
2022-1311547,2022-10-06,000001,Vente,206400,9001,,ALL DE MARIVEL,1853,78000,78646,Versailles,78,,,78646000BN0126,,,179,,,,,,,,,,1,3,Dépendance,,0,,,,,,2.148622,48.797466
2022-1311547,2022-10-06,000001,Vente,206400,4,,ALL DE MARIVEL,1853,78000,78646,Versailles,78,,,78646000BN0126,,,65,24.5,,,,,,,,,1,2,Appartement,25,1,,,,,,2.148622,48.797466
2022-1311547,2022-10-06,000001,Vente,206400,4,,ALL DE MARIVEL,1853,78000,78646,Versailles,78,,,78646000BN0126,,,65,24.5,,,,,,,,,1,3,Dépendance,,0,,,,,,2.148622,48.797466
2022-1311564,2022-09-29,000001,Vente,2652600,121,,BD DE LA REINE,2520,78000,78646,Versailles,78,,,78646000AK0191,,,,,,,,,,,,,0,1,Maison,230,9,S,sols,,,618,2.139101,48.808822
2022-1311564,2022-09-29,000001,Vente,2652600,121,,BD DE LA REINE,2520,78000,78646,Versailles,78,,,78646000AK0191,,,,,,,,,,,,,0,3,Dépendance,,0,S,sols,,,618,2.139101,48.808822
2022-1311569,2022-10-07,000001,Vente,555310,64,,RUE DES CHANTIERS,0530,78000,78646,Versailles,78,,,78646000BL0326,,,349,,,,,,,,,,1,3,Dépendance,,0,,,,,,2.143523,48.792624
2022-1311569,2022-10-07,000001,Vente,555310,64,,RUE DES CHANTIERS,0530,78000,78646,Versailles,78,,,78646000BL0326,,,111,84.15,532,,,,,,,,2,3,Dépendance,,0,,,,,,2.143523,48.792624
2022-1311569,2022-10-07,000001,Vente,555310,64,,RUE DES CHANTIERS,0530,78000,78646,Versailles,78,,,78646000BL0326,,,111,84.15,532,,,,,,,,2,2,Appartement,85,3,,,,,,2.143523,48.792624
2022-1311569,2022-10-07,000001,Vente,555310,64,,RUE DES CHANTIERS,0530,78000,78646,Versailles,78,,,78646000BL0326,,,280,,,,,,,,,,1,3,Dépendance,,0,,,,,,2.143523,48.792624
2022-1311571,2022-10-06,000001,Vente,580000,35,,RUE HENRI SIMON,1330,78000,78646,Versailles,78,,,78646000AW0219,,,406,82.35,444,,,,,,,,2,2,Appartement,83,3,,,,,,2.147909,48.808568
2022-1311571,2022-10-06,000001,Vente,580000,35,,RUE HENRI SIMON,1330,78000,78646,Versailles,78,,,78646000AW0219,,,611,,,,,,,,,,1,3,Dépendance,,0,,,,,,2.147909,48.808568
2022-1311571,2022-10-06,000001,Vente,580000,35,,RUE HENRI SIMON,1330,78000,78646,Versailles,78,,,78646000AW0219,,,406,82.35,444,,,,,,,,2,3,Dépendance,,0,,,,,,2.147909,48.808568
2022-1311593,2022-10-04,000001,Vente,221930,26,B,RUE COSTE,0730,78000,78646,Versailles,78,,,78646000BE0016,,,6,,,,,,,,,,1,4,Local industriel. commercial ou assimilé,23,0,,,,,,2.15635,48.79457
2022-1311600,2022-10-11,000001,Vente,377785,4,,RUE DU VAUTRAIT,3120,78000,78646,Versailles,78,,,78646000BR0021,,,6,45.18,,,,,,,,,1,2,Appartement,45,2,,,,,,2.131796,48.799796
2022-1311622,2022-10-03,000001,Vente,112000,26,,RUE DES CHANTIERS,0530,78000,78646,Versailles,78,,,78646000BS0088,,,9,14.47,,,,,,,,,1,2,Appartement,15,1,,,,,,2.137978,48.79584
2022-1311624,2022-09-30,000001,Vente,491000,82,B,AV DE PARIS,2180,78000,78646,Versailles,78,,,78646000BN0166,,,1137,,,,,,,,,,1,3,Dépendance,,0,,,,,,2.145036,48.797427
2022-1311624,2022-09-30,000001,Vente,491000,3,,RUE JEAN MERMOZ,1460,78000,78646,Versailles,78,,,78646000BN0166,,,1443,102.87,1516,,,,,,,,2,3,Dépendance,,0,,,,,,2.145036,48.797427
2022-1311624,2022-09-30,000001,Vente,491000,3,,RUE JEAN MERMOZ,1460,78000,78646,Versailles,78,,,78646000BN0166,,,1443,102.87,1516,,,,,,,,2,2,Appartement,102,5,,,,,,2.145036,48.797427
2022-1311628,2022-10-14,000001,Vente,120000,24,,RUE JACQUES LEMERCIER,1420,78000,78646,Versailles,78,,,78646000AO0020,,,153,16.27,,,,,,,,,1,3,Dépendance,,0,,,,,,2.150001,48.814605
2022-1311639,2022-10-07,000001,Vente,357100,10,,RUE DE L ERMITAGE,0940,78000,78646,Versailles,78,,,78646000AC0314,,,186,57.2,205,,,,,,,,2,2,Appartement,57,2,,,,,,2.123933,48.814609
2022-1311639,2022-10-07,000001,Vente,357100,10,,RUE DE L ERMITAGE,0940,78000,78646,Versailles,78,,,78646000AC0314,,,29,,,,,,,,,,1,3,Dépendance,,0,,,,,,2.123933,48.814609
2022-1311639,2022-10-07,000001,Vente,357100,10,,RUE DE L ERMITAGE,0940,78000,78646,Versailles,78,,,78646000AC0314,,,186,57.2,205,,,,,,,,2,3,Dépendance,,0,,,,,,2.123933,48.814609
2022-1311643,2022-10-05,000001,Vente,320000,23,,RUE DES RESERVOIRS,2580,78000,78646,Versailles,78,,,78646000AC0231,,,47,,64,,,,,,,,2,3,Dépendance,,0,,,,,,2.12459,48.809112
2022-1311643,2022-10-05,000001,Vente,320000,23,,RUE DES RESERVOIRS,2580,78000,78646,Versailles,78,,,78646000AC0231,,,47,,64,,,,,,,,2,2,Appartement,41,2,,,,,,2.12459,48.809112
2022-1311648,2022-09-30,000001,Vente,630000,4,,RUE DE LA CEINTURE,0460,78000,78646,Versailles,78,,,78646000AW0006,,,119,,65,,,,,,,,2,2,Appartement,106,4,,,,,,2.15013,48.808121
2022-1311648,2022-09-30,000001,Vente,630000,4,,RUE DE LA CEINTURE,0460,78000,78646,Versailles,78,,,78646000AW0006,,,1007,,,,,,,,,,1,3,Dépendance,,0,,,,,,2.15013,48.808121
2022-1311648,2022-09-30,000001,Vente,630000,4,,RUE DE LA CEINTURE,0460,78000,78646,Versailles,78,,,78646000AW0006,,,119,,65,,,,,,,,2,3,Dépendance,,0,,,,,,2.15013,48.808121
2022-1311648,2022-09-30,000001,Vente,630000,4,,RUE DE LA CEINTURE,0460,78000,78646,Versailles,78,,,78646000AW0006,,,1008,,,,,,,,,,1,3,Dépendance,,0,,,,,,2.15013,48.808121
2022-1311660,2022-10-04,000001,Vente,320000,27,,RUE DU MAL JOFFRE,1820,78000,78646,Versailles,78,,,78646000BW0089,,,13,,24,44.76,,,,,,,2,2,Appartement,32,3,,,,,,2.121623,48.794913
2022-1311663,2022-10-17,000001,Vente,211538,37,,RUE DE LA CEINTURE,0460,78000,78646,Versailles,78,,,78646000AV0141,,,10,42.16,33,,,,,,,,2,2,Appartement,44,2,,,,,,,
2022-1311663,2022-10-17,000001,Vente,211538,37,,RUE DE LA CEINTURE,0460,78000,78646,Versailles,78,,,78646000AV0141,,,10,42.16,33,,,,,,,,2,3,Dépendance,,0,,,,,,,
2022-1311676,2022-10-06,000001,Vente,980769,26,,RUE MADEMOISELLE,1740,78000,78646,Versailles,78,,,78646000AD0235,,,15,123.53,7,,,,,,,,2,3,Dépendance,,0,,,,,,2.129771,48.812147
2022-1311676,2022-10-06,000001,Vente,980769,26,,RUE MADEMOISELLE,1740,78000,78646,Versailles,78,,,78646000AD0235,,,15,123.53,,,,,,,,,1,2,Appartement,125,4,,,,,,2.129771,48.812147
2022-1311676,2022-10-06,000001,Vente,980769,26,,RUE MADEMOISELLE,1740,78000,78646,Versailles,78,,,78646000AD0235,,,39,,,,,,,,,,1,3,Dépendance,,0,,,,,,2.129771,48.812147
2022-1311709,2022-08-08,000001,Vente,1060000,38,,RUE DE LA PAROISSE,2190,78000,78646,Versailles,78,,,78646000AE0208,,,11,,,,,,,,,,1,2,Appartement,79,4,,,,,,2.128337,48.807455
2022-1311709,2022-08-08,000001,Vente,1060000,38,,RUE DE LA PAROISSE,2190,78000,78646,Versailles,78,,,78646000AE0208,,,18,,,,,,,,,,1,3,Dépendance,,0,,,,,,2.128337,48.807455
2022-1311709,2022-08-08,000001,Vente,1060000,38,,RUE DE LA PAROISSE,2190,78000,78646,Versailles,78,,,78646000AE0208,,,47,,,,,,,,,,1,2,Appartement,30,2,,,,,,2.128337,48.807455
2022-1311709,2022-08-08,000001,Vente,1060000,38,,RUE DE LA PAROISSE,2190,78000,78646,Versailles,78,,,78646000AE0208,,,11,,31,,,,,,,,2,3,Dépendance,,0,,,,,,2.128337,48.807455
2022-1311714,2022-10-06,000001,Vente,370000,6,,RUE MONTBAURON,1970,78000,78646,Versailles,78,,,78646000BP0027,,,118,46.84,,,,,,,,,1,2,Appartement,50,2,,,,,,2.135298,48.802989
2022-1311714,2022-10-06,000001,Vente,370000,6,,RUE MONTBAURON,1970,78000,78646,Versailles,78,,,78646000BP0027,,,30,,,,,,,,,,1,3,Dépendance,,0,,,,,,2.135298,48.802989
2022-1311719,2022-10-14,000001,Vente,870000,66,,RUE ALBERT JOLY,0050,78000,78646,Versailles,78,,,78646000AR0129,,,72,,,,,,,,,,1,3,Dépendance,,0,,,,,,2.145022,48.809293
2022-1311719,2022-10-14,000001,Vente,870000,68,,RUE ALBERT JOLY,0050,78000,78646,Versailles,78,,,78646000AR0129,,,21,108.17,64,,,,,,,,2,3,Dépendance,,0,,,,,,2.145022,48.809293
2022-1311719,2022-10-14,000001,Vente,870000,68,,RUE ALBERT JOLY,0050,78000,78646,Versailles,78,,,78646000AR0129,,,21,108.17,64,,,,,,,,2,2,Appartement,108,4,,,,,,2.145022,48.809293
2022-1311719,2022-10-14,000001,Vente,870000,66,,RUE ALBERT JOLY,0050,78000,78646,Versailles,78,,,78646000AR0129,,,45,,,,,,,,,,1,3,Dépendance,,0,,,,,,2.145022,48.809293
2022-1311749,2022-10-14,000001,Vente,235400,27,,RUE HOCHE,1350,78000,78646,Versailles,78,,,78646000AE0207,,,13,,,,,,,,,,1,2,Appartement,30,2,,,,,,2.128291,48.807391
2022-1311749,2022-10-14,000001,Vente,235400,27,,RUE HOCHE,1350,78000,78646,Versailles,78,,,78646000AE0207,,,13,,,,,,,,,,1,3,Dépendance,,0,,,,,,2.128291,48.807391
2022-1311752,2022-10-14,000001,Vente,850900,19,,AV DES ETATS UNIS,0990,78000,78646,Versailles,78,,,78646000AX0045,,,14,,4,,,,,,,,2,3,Dépendance,,0,,,,,,2.143827,48.807614
2022-1311752,2022-10-14,000001,Vente,850900,19,,AV DES ETATS UNIS,0990,78000,78646,Versailles,78,,,78646000AX0045,,,14,,4,,,,,,,,2,2,Appartement,85,5,,,,,,2.143827,48.807614
2022-1311759,2022-10-13,000001,Vente,750000,20,,RUE DU REFUGE,2510,78000,78646,Versailles,78,,,78646000BP0214,,,128,,,,,,,,,,1,3,Dépendance,,0,,,,,,2.144111,48.803556
2022-1311759,2022-10-13,000001,Vente,750000,20,,RUE DU REFUGE,2510,78000,78646,Versailles,78,,,78646000BP0214,,,164,,,,,,,,,,1,3,Dépendance,,0,,,,,,2.144111,48.803556
2022-1311759,2022-10-13,000001,Vente,750000,20,,RUE DU REFUGE,2510,78000,78646,Versailles,78,,,78646000BP0214,,,13,89.63,,,,,,,,,1,3,Dépendance,,0,,,,,,2.144111,48.803556
2022-1311759,2022-10-13,000001,Vente,750000,20,,RUE DU REFUGE,2510,78000,78646,Versailles,78,,,78646000BP0214,,,13,89.63,,,,,,,,,1,2,Appartement,97,5,,,,,,2.144111,48.803556
2022-1311771,2022-09-21,000001,Vente,26000,17,T,RUE DU PONT COLBERT,2370,78000,78646,Versailles,78,,,78646000BI0022,,,633,,,,,,,,,,1,3,Dépendance,,0,,,,,,2.149624,48.789909
2022-1311784,2022-10-05,000001,Vente,1167500,25,,RUE ALEXIS FOURCAULT,0130,78000,78646,Versailles,78,,,78646000AW0059,,,,,,,,,,,,,0,1,Maison,85,5,S,sols,,,279,2.15445,48.805311
2022-1311795,2022-10-18,000001,Vente,21000,92,,BD DE LA REINE,2520,78000,78646,Versailles,78,,,78646000AI0224,,,54,,,,,,,,,,1,3,Dépendance,,0,,,,,,2.138055,48.808262
2022-1311832,2022-10-10,000001,Vente,1576444,8,,RUE DES RESERVOIRS,2580,78000,78646,Versailles,78,,,78646000AE0371,,,302,,405,182.53,425,,,,,,3,3,Dépendance,,0,,,,,,2.124232,48.806296
2022-1311832,2022-10-10,000001,Vente,1576444,8,,RUE DES RESERVOIRS,2580,78000,78646,Versailles,78,,,78646000AE0371,,,302,,405,182.53,425,,,,,,3,2,Appartement,183,6,,,,,,2.124232,48.806296
2022-1311832,2022-10-10,000001,Vente,1576444,8,,RUE DES RESERVOIRS,2580,78000,78646,Versailles,78,,,78646000AE0371,,,302,,405,182.53,425,,,,,,3,3,Dépendance,,0,,,,,,2.124232,48.806296
2022-1311838,2022-09-26,000001,Vente,642500,5,,ALL DES GARDES ROYALES,1136,78000,78646,Versailles,78,,,78646000AY0212,,,113,,94,89.92,,,,,,,2,3,Dépendance,,0,,,,,,2.151214,48.802177
2022-1311838,2022-09-26,000001,Vente,642500,5,,ALL DES GARDES ROYALES,1136,78000,78646,Versailles,78,,,78646000AY0212,,,113,,94,89.92,,,,,,,2,3,Dépendance,,0,,,,,,2.151214,48.802177
2022-1311838,2022-09-26,000001,Vente,642500,2,,ALL DES GARDES ROYALES,1136,78000,78646,Versailles,78,,,78646000AY0212,,,1119,,,,,,,,,,1,3,Dépendance,,0,,,,,,2.151214,48.802177
2022-1311838,2022-09-26,000001,Vente,642500,5,,ALL DES GARDES ROYALES,1136,78000,78646,Versailles,78,,,78646000AY0212,,,113,,94,89.92,,,,,,,2,2,Appartement,90,4,,,,,,2.151214,48.802177
2022-1311856,2022-10-14,000001,Vente,24000,17,,RUE DES PRES AUX BOIS,2430,78000,78646,Versailles,78,,,78646000BC0073,,,83,,,,,,,,,,1,3,Dépendance,,0,,,,,,2.159249,48.800346
2022-1311907,2022-10-10,000001,Vente,298800,17,,RUE BENJAMIN FRANKLIN,0340,78000,78646,Versailles,78,,,78646000BS0034,,,15,,9,45.24,,,,,,,2,3,Dépendance,,0,,,,,,2.136286,48.797756
2022-1311907,2022-10-10,000001,Vente,298800,17,,RUE BENJAMIN FRANKLIN,0340,78000,78646,Versailles,78,,,78646000BS0034,,,15,,9,45.24,,,,,,,2,2,Appartement,40,2,,,,,,2.136286,48.797756
2022-1311921,2022-10-11,000001,Vente,96000,4,,RUE DE VERGENNES,3150,78000,78646,Versailles,78,,,78646000BR0096,,,13,12.45,18,,,,,,,,2,2,Appartement,14,1,,,,,,2.137486,48.799347
2022-1311934,2022-10-18,000001,Vente,21000,92,,BD DE LA REINE,2520,78000,78646,Versailles,78,,,78646000AI0224,,,53,,,,,,,,,,1,3,Dépendance,,0,,,,,,2.138055,48.808262
2022-1311961,2022-10-17,000001,Vente en l'état futur d'achèvement,447800,,,LA SABLIERE,B029,78000,78646,Versailles,78,,,78646000BY0108,,,227,,,,,,,,,,1,,,,,,,,,,2.079319,48.802074
2022-1311961,2022-10-17,000001,Vente en l'état futur d'achèvement,447800,,,LA SABLIERE,B029,78000,78646,Versailles,78,,,78646000BY0108,,,456,,,,,,,,,,1,,,,,,,,,,2.079319,48.802074
2022-1311980,2022-09-28,000001,Vente,712750,6,,RUE JEAN MERMOZ,1460,78000,78646,Versailles,78,,,78646000BN0167,,,234,94.4,235,,519,,,,,,3,3,Dépendance,,0,,,,,,2.142752,48.797871
2022-1311980,2022-09-28,000001,Vente,712750,2,,RUE JEAN MERMOZ,1460,78000,78646,Versailles,78,,,78646000BN0167,,,579,,,,,,,,,,1,3,Dépendance,,0,,,,,,2.142752,48.797871
2022-1311980,2022-09-28,000001,Vente,712750,6,,RUE JEAN MERMOZ,1460,78000,78646,Versailles,78,,,78646000BN0167,,,234,94.4,235,,519,,,,,,3,2,Appartement,104,4,,,,,,2.142752,48.797871
2022-1312001,2022-10-14,000001,Vente,312510,36,,RUE DE L ERMITAGE,0940,78000,78646,Versailles,78,,,78646000AB0031,,,342,,,,,,,,,,1,3,Dépendance,,0,,,,,,2.121628,48.817201
2022-1312001,2022-10-14,000001,Vente,312510,35,,BD ST ANTOINE,2690,78000,78646,Versailles,78,,,78646000AB0031,,,260,,303,65.22,,,,,,,2,3,Dépendance,,0,,,,,,2.121628,48.817201
2022-1312001,2022-10-14,000001,Vente,312510,35,,BD ST ANTOINE,2690,78000,78646,Versailles,78,,,78646000AB0031,,,260,,303,65.22,,,,,,,2,2,Appartement,67,4,,,,,,2.121628,48.817201
2022-1312012,2022-09-21,000001,Vente,284000,14,,RUE BERTHIER,0370,78000,78646,Versailles,78,,,78646000AC0161,,,15,,5,35.24,,,,,,,2,3,Dépendance,,0,,,,,,2.125903,48.811619
2022-1312012,2022-09-21,000001,Vente,284000,14,,RUE BERTHIER,0370,78000,78646,Versailles,78,,,78646000AC0161,,,15,,5,35.24,,,,,,,2,2,Appartement,34,2,,,,,,2.125903,48.811619
2022-1312016,2022-10-11,000001,Vente,800000,8,,RUE DES TOURNELLES,3050,78000,78646,Versailles,78,,,78646000BV0119,,,72,77.22,,,,,,,,,1,2,Appartement,80,4,,,,,,2.126141,48.798137
2022-1312018,2022-10-11,000001,Vente,70000,8,,RUE DES TOURNELLES,3050,78000,78646,Versailles,78,,,78646000BV0119,,,62,,,,,,,,,,1,3,Dépendance,,0,,,,,,2.126141,48.798137
2022-1312018,2022-10-11,000001,Vente,70000,8,,RUE DES TOURNELLES,3050,78000,78646,Versailles,78,,,78646000BV0119,,,61,,,,,,,,,,1,3,Dépendance,,0,,,,,,2.126141,48.798137
2022-1312020,2022-10-21,000001,Vente,9000,3,,RUE DU PONT COLBERT,2370,78000,78646,Versailles,78,,,78646000BL0294,,,90,,,,,,,,,,1,3,Dépendance,,0,,,,,,2.146987,48.791716
2022-1312020,2022-10-21,000001,Vente,9000,3,,RUE DU PONT COLBERT,2370,78000,78646,Versailles,78,,,78646000BL0294,,,90,,,,,,,,,,1,2,Appartement,56,3,,,,,,2.146987,48.791716
2022-1312033,2022-10-21,000001,Vente,25000,3,,RUE DU PONT COLBERT,2370,78000,78646,Versailles,78,,,78646000BL0294,,,423,,,,,,,,,,1,3,Dépendance,,0,,,,,,2.146987,48.791716
2022-1312037,2022-09-29,000001,Vente,295000,6,,RUE MONTBAURON,1970,78000,78646,Versailles,78,,,78646000BP0027,,,83,,,,,,,,,,1,3,Dépendance,,0,,,,,,2.135298,48.802989
2022-1312037,2022-09-29,000001,Vente,295000,6,,RUE MONTBAURON,1970,78000,78646,Versailles,78,,,78646000BP0027,,,114,32.59,,,,,,,,,1,2,Appartement,32,1,,,,,,2.135298,48.802989
2022-1312047,2022-10-11,000001,Vente,1070000,15,,RUE DES MOINES,1930,78000,78646,Versailles,78,,,78646000BI0150,,,,,,,,,,,,,0,1,Maison,70,5,S,sols,,,400,2.154742,48.792986
2022-1312047,2022-10-11,000001,Vente,1070000,15,,RUE DES MOINES,1930,78000,78646,Versailles,78,,,78646000BI0150,,,,,,,,,,,,,0,3,Dépendance,,0,S,sols,,,400,2.154742,48.792986
2022-1312050,2022-10-13,000001,Vente,153310,4,,RUE PLOIX,2350,78000,78646,Versailles,78,,,78646000BL0277,,,6,,7,,,,,,,,2,2,Appartement,22,1,,,,,,2.143156,48.793704
2022-1312061,2022-10-17,000001,Vente,45000,105,B,RUE YVES LE COZ,3210,78000,78646,Versailles,78,,,78646000BE0009,,,3,,,,,,,,,,1,3,Dépendance,,0,,,,,,2.155259,48.794293
2022-1312061,2022-10-17,000001,Vente,45000,105,B,RUE YVES LE COZ,3210,78000,78646,Versailles,78,,,78646000BE0009,,,103,,,,,,,,,,1,3,Dépendance,,0,,,,,,2.155259,48.794293
2022-1312061,2022-10-17,000001,Vente,45000,105,B,RUE YVES LE COZ,3210,78000,78646,Versailles,78,,,78646000BE0009,,,2,,,,,,,,,,1,3,Dépendance,,0,,,,,,2.155259,48.794293
2022-1312066,2022-10-17,000001,Vente en l'état futur d'achèvement,348000,,,LA SABLIERE,B029,78000,78646,Versailles,78,,,78646000BY0108,,,314,,,,,,,,,,1,,,,,,,,,,2.079319,48.802074
2022-1312066,2022-10-17,000001,Vente en l'état futur d'achèvement,348000,,,LA SABLIERE,B029,78000,78646,Versailles,78,,,78646000BY0108,,,473,,,,,,,,,,1,,,,,,,,,,2.079319,48.802074
2022-1312101,2022-10-14,000001,Vente,179245,52,T,AV DE SAINT CLOUD,2730,78000,78646,Versailles,78,,,78646000BP0254,,,1,19.54,,,,,,,,,1,2,Appartement,21,1,,,,,,2.137436,48.805027
2022-1312105,2022-10-18,000001,Vente,510015,5,,RUE SAINT LOUIS,2810,78000,78646,Versailles,78,,,78646000BV0183,,,18,,25,,6,,,,,,3,3,Dépendance,,0,,,,,,2.123927,48.795793
2022-1312105,2022-10-18,000001,Vente,510015,5,,RUE SAINT LOUIS,2810,78000,78646,Versailles,78,,,78646000BV0183,,,18,,25,,6,,,,,,3,2,Appartement,70,2,,,,,,2.123927,48.795793
2022-1312105,2022-10-18,000001,Vente,510015,5,,RUE SAINT LOUIS,2810,78000,78646,Versailles,78,,,78646000BV0183,,,18,,25,,6,,,,,,3,3,Dépendance,,0,,,,,,2.123927,48.795793
2022-1312119,2022-10-06,000001,Vente,456750,64,,AV DE PARIS,2180,78000,78646,Versailles,78,,,78646000BN0007,,,3,,,,,,,,,,1,4,Local industriel. commercial ou assimilé,62,0,,,,,,2.138959,48.799201
2022-1312119,2022-10-06,000001,Vente,456750,64,,AV DE PARIS,2180,78000,78646,Versailles,78,,,78646000BN0007,,,9,60.9,,,,,,,,,1,3,Dépendance,,0,,,,,,2.138959,48.799201
2022-1312119,2022-10-06,000001,Vente,456750,64,,AV DE PARIS,2180,78000,78646,Versailles,78,,,78646000BN0007,,,9,60.9,,,,,,,,,1,2,Appartement,62,2,,,,,,2.138959,48.799201
2022-1312139,2022-09-27,000001,Vente,485000,23,,RUE DE L ORANGERIE,2110,78000,78646,Versailles,78,,,78646000AH0115,,,101,75.76,118,,,,,,,,2,2,Appartement,91,5,,,,,,2.122802,48.800477
2022-1312143,2022-10-17,000001,Vente,699909,26,D,RUE HENRI SIMON,1330,78000,78646,Versailles,78,,,78646000AW0006,,,704,107.01,724,,,,,,,,2,3,Dépendance,,0,,,,,,2.15013,48.808121
2022-1312143,2022-10-17,000001,Vente,699909,8,,RUE DE LA CEINTURE,0460,78000,78646,Versailles,78,,,78646000AW0006,,,1074,,,,,,,,,,1,3,Dépendance,,0,,,,,,2.15013,48.808121
2022-1312143,2022-10-17,000001,Vente,699909,26,D,RUE HENRI SIMON,1330,78000,78646,Versailles,78,,,78646000AW0006,,,704,107.01,724,,,,,,,,2,2,Appartement,108,4,,,,,,2.15013,48.808121
2022-1312143,2022-10-17,000001,Vente,699909,8,,RUE DE LA CEINTURE,0460,78000,78646,Versailles,78,,,78646000AW0006,,,1075,,,,,,,,,,1,3,Dépendance,,0,,,,,,2.15013,48.808121
2022-1312157,2022-10-06,000001,Vente,492000,2,,RUE SAINT NICOLAS,2860,78000,78646,Versailles,78,,,78646000AV0230,,2,,,,,,,,,,,0,,,,,,,,,,2.156014,48.806867
2022-1312159,2022-10-10,000001,Vente,661480,85,,RUE DE LA PAROISSE,2190,78000,78646,Versailles,78,,,78646000AI0161,,,16,,17,,6,70.44,,,,,3,3,Dépendance,,0,,,,,,2.135687,48.805841
2022-1312159,2022-10-10,000001,Vente,661480,85,,RUE DE LA PAROISSE,2190,78000,78646,Versailles,78,,,78646000AI0161,,,16,,17,,6,70.44,,,,,3,2,Appartement,72,3,,,,,,2.135687,48.805841
2022-1312162,2022-09-27,000001,Vente,683430,48,,RUE CHAMP LAGARDE,0490,78000,78646,Versailles,78,,,78646000AY0196,,,21,,,,,,,,,,1,3,Dépendance,,0,,,,,,2.148301,48.801267
2022-1312162,2022-09-27,000001,Vente,683430,48,,RUE CHAMP LAGARDE,0490,78000,78646,Versailles,78,,,78646000AY0196,,,32,,81,,,,,,,,2,2,Appartement,111,4,,,,,,2.148301,48.801267
2022-1312162,2022-09-27,000001,Vente,683430,48,,RUE CHAMP LAGARDE,0490,78000,78646,Versailles,78,,,78646000AY0196,,,32,,81,,,,,,,,2,3,Dépendance,,0,,,,,,2.148301,48.801267
2022-1312170,2022-10-10,000001,Vente,1454820,25,,RUE DES RESERVOIRS,2580,78000,78646,Versailles,78,,,78646000AC0228,,,19,,7,166.31,,,,,,,2,3,Dépendance,,0,,,,,,2.124745,48.809249
2022-1312170,2022-10-10,000001,Vente,1454820,25,,RUE DES RESERVOIRS,2580,78000,78646,Versailles,78,,,78646000AC0228,,,19,,7,166.31,,,,,,,2,2,Appartement,160,5,,,,,,2.124745,48.809249
2022-1312182,2022-10-18,000001,Vente,475000,28,,RUE YVES LE COZ,3210,78000,78646,Versailles,78,,,78646000BD0043,,,,,,,,,,,,,0,1,Maison,120,6,S,sols,,,507,2.15925,48.797363
2022-1312198,2022-09-30,000001,Vente,610000,62,,AV DES ETATS UNIS,0990,78000,78646,Versailles,78,,,78646000AW0219,,,648,,,,,,,,,,1,3,Dépendance,,0,,,,,,2.147909,48.808568
2022-1312198,2022-09-30,000001,Vente,610000,62,,AV DES ETATS UNIS,0990,78000,78646,Versailles,78,,,78646000AW0219,,,26,102.69,53,,,,,,,,2,3,Dépendance,,0,,,,,,2.147909,48.808568
2022-1312198,2022-09-30,000001,Vente,610000,62,,AV DES ETATS UNIS,0990,78000,78646,Versailles,78,,,78646000AW0219,,,26,102.69,53,,,,,,,,2,2,Appartement,104,4,,,,,,2.147909,48.808568
2022-1312210,2022-10-21,000001,Vente,340000,7,,RUE DES DEUX PORTES,0780,78000,78646,Versailles,78,,,78646000AE0260,,,40,,41,,42,41.42,,,,,3,2,Appartement,44,2,,,,,,2.130361,48.805999
2022-1312235,2022-10-18,000001,Vente,1165049,9,,PL ALEXANDRE 1E LOUIS BARTHOU,0100,78000,78646,Versailles,78,,,78646000AX0489,,,136,,310,123.65,,,,,,,2,3,Dépendance,,0,,,,,,2.140761,48.806449
2022-1312235,2022-10-18,000001,Vente,1165049,9,,PL ALEXANDRE 1E LOUIS BARTHOU,0100,78000,78646,Versailles,78,,,78646000AX0489,,,136,,310,123.65,,,,,,,2,2,Appartement,124,4,,,,,,2.140761,48.806449
2022-1312235,2022-10-18,000001,Vente,1165049,9,,PL ALEXANDRE 1E LOUIS BARTHOU,0100,78000,78646,Versailles,78,,,78646000AX0489,,,69,,,,,,,,,,1,3,Dépendance,,0,,,,,,2.140761,48.806449
2022-1312266,2022-10-21,000001,Vente,817310,8,B,RUE VICTOR BART,3160,78000,78646,Versailles,78,,,78646000AR0035,,,1,153.45,,,,,,,,,1,2,Appartement,30,2,,,,,,2.143652,48.810343
2022-1312266,2022-10-21,000001,Vente,817310,8,B,RUE VICTOR BART,3160,78000,78646,Versailles,78,,,78646000AR0035,,,1,153.45,,,,,,,,,1,2,Appartement,57,4,,,,,,2.143652,48.810343
2022-1312266,2022-10-21,000001,Vente,817310,8,B,RUE VICTOR BART,3160,78000,78646,Versailles,78,,,78646000AR0035,,,1,153.45,,,,,,,,,1,2,Appartement,57,4,,,,,,2.143652,48.810343
2022-1312266,2022-10-21,000001,Vente,817310,8,B,RUE VICTOR BART,3160,78000,78646,Versailles,78,,,78646000AR0035,,,1,153.45,,,,,,,,,1,3,Dépendance,,0,,,,,,2.143652,48.810343
2022-1312266,2022-10-21,000001,Vente,817310,8,B,RUE VICTOR BART,3160,78000,78646,Versailles,78,,,78646000AR0035,,,1,153.45,,,,,,,,,1,3,Dépendance,,0,,,,,,2.143652,48.810343
2022-1312266,2022-10-21,000001,Vente,817310,8,B,RUE VICTOR BART,3160,78000,78646,Versailles,78,,,78646000AR0035,,,1,153.45,,,,,,,,,1,2,Appartement,30,2,,,,,,2.143652,48.810343
2022-1312278,2022-10-11,000001,Vente,34000,23,,RUE SAINTE VICTOIRE,2920,78000,78646,Versailles,78,,,78646000AD0279,,,79,,,,,,,,,,1,3,Dépendance,,0,,,,,,2.131576,48.811777
2022-1312283,2022-10-21,000001,Vente en l'état futur d'achèvement,572000,,,LA SABLIERE,B029,78000,78646,Versailles,78,,,78646000BY0108,,,226,,,,,,,,,,1,,,,,,,,,,2.079319,48.802074
2022-1312283,2022-10-21,000001,Vente en l'état futur d'achèvement,572000,,,LA SABLIERE,B029,78000,78646,Versailles,78,,,78646000BY0108,,,455,,,,,,,,,,1,,,,,,,,,,2.079319,48.802074
2022-1312286,2022-10-19,000001,Vente en l'état futur d'achèvement,346000,,,LA SABLIERE,B029,78000,78646,Versailles,78,,,78646000BY0108,,,412,,,,,,,,,,1,,,,,,,,,,2.079319,48.802074
2022-1312286,2022-10-19,000001,Vente en l'état futur d'achèvement,346000,,,LA SABLIERE,B029,78000,78646,Versailles,78,,,78646000BY0108,,,210,,,,,,,,,,1,,,,,,,,,,2.079319,48.802074
2022-1312293,2022-10-11,000001,Vente,234340,56,,RUE DE MONTREUIL,2000,78000,78646,Versailles,78,,,78646000AY0016,,,2,40.66,,,,,,,,,1,2,Appartement,38,2,,,,,,2.148463,48.80451
2022-1312296,2022-10-21,000001,Vente en l'état futur d'achèvement,773000,,,LA SABLIERE,B029,78000,78646,Versailles,78,,,78646000BY0108,,,416,,,,,,,,,,1,,,,,,,,,,2.079319,48.802074
2022-1312296,2022-10-21,000001,Vente en l'état futur d'achèvement,773000,,,LA SABLIERE,B029,78000,78646,Versailles,78,,,78646000BY0108,,,114,,,,,,,,,,1,,,,,,,,,,2.079319,48.802074
2022-1312296,2022-10-21,000001,Vente en l'état futur d'achèvement,773000,,,LA SABLIERE,B029,78000,78646,Versailles,78,,,78646000BY0108,,,415,,,,,,,,,,1,,,,,,,,,,2.079319,48.802074
2022-1312302,2022-10-18,000001,Vente en l'état futur d'achèvement,640200,,,LA SABLIERE,B029,78000,78646,Versailles,78,,,78646000BY0108,,,408,,,,,,,,,,1,,,,,,,,,,2.079319,48.802074
2022-1312302,2022-10-18,000001,Vente en l'état futur d'achèvement,640200,,,LA SABLIERE,B029,78000,78646,Versailles,78,,,78646000BY0108,,,411,,,,,,,,,,1,,,,,,,,,,2.079319,48.802074
2022-1312302,2022-10-18,000001,Vente en l'état futur d'achèvement,640200,,,LA SABLIERE,B029,78000,78646,Versailles,78,,,78646000BY0108,,,110,,,,,,,,,,1,,,,,,,,,,2.079319,48.802074
2022-1312357,2022-10-13,000001,Vente,346850,30,,RUE SAINT CHARLES,2710,78000,78646,Versailles,78,,,78646000AY0098,,,14,,24,63.16,,,,,,,2,2,Appartement,64,4,,,,,,2.149388,48.801666
2022-1312357,2022-10-13,000001,Vente,346850,30,,RUE SAINT CHARLES,2710,78000,78646,Versailles,78,,,78646000AY0098,,,14,,24,63.16,,,,,,,2,3,Dépendance,,0,,,,,,2.149388,48.801666
2022-1312359,2022-10-11,000001,Vente,205000,1,,RUE DE PROVENCE,2460,78000,78646,Versailles,78,,,78646000AI0232,,,41,,42,,,,,,,,2,2,Appartement,28,1,,,,,,2.139386,48.80602
2022-1312359,2022-10-11,000001,Vente,205000,1,,RUE DE PROVENCE,2460,78000,78646,Versailles,78,,,78646000AI0232,,,41,,42,,,,,,,,2,3,Dépendance,,0,,,,,,2.139386,48.80602
2022-1312361,2022-10-21,000001,Vente,384735,68,,RUE DE MONTREUIL,2000,78000,78646,Versailles,78,,,78646000AY0026,,,419,,,,,,,,,,1,3,Dépendance,,0,,,,,,2.150565,48.803962
2022-1312361,2022-10-21,000001,Vente,384735,68,,RUE DE MONTREUIL,2000,78000,78646,Versailles,78,,,78646000AY0026,,,221,59.24,,,,,,,,,1,2,Appartement,57,3,,,,,,2.150565,48.803962
2022-1312361,2022-10-21,000001,Vente,384735,68,,RUE DE MONTREUIL,2000,78000,78646,Versailles,78,,,78646000AY0026,,,221,59.24,,,,,,,,,1,3,Dépendance,,0,,,,,,2.150565,48.803962
2022-1312362,2022-10-21,000001,Vente,491000,31,,BD DE LA REPUBLIQUE,2570,78000,78646,Versailles,78,,,78646000AW0234,,,21,,38,,6,,,,,,3,2,Appartement,65,3,,,,,,2.148761,48.806788
2022-1312362,2022-10-21,000001,Vente,491000,31,,BD DE LA REPUBLIQUE,2570,78000,78646,Versailles,78,,,78646000AW0234,,,21,,38,,6,,,,,,3,3,Dépendance,,0,,,,,,2.148761,48.806788
2022-1312370,2022-10-19,000001,Vente,295000,54,,AV DES ETATS UNIS,0990,78000,78646,Versailles,78,,,78646000AW0159,,,10,49.06,6,,,,,,,,2,3,Dépendance,,0,,,,,,2.146486,48.807979
2022-1312370,2022-10-19,000001,Vente,295000,54,,AV DES ETATS UNIS,0990,78000,78646,Versailles,78,,,78646000AW0159,,,10,49.06,6,,,,,,,,2,2,Appartement,45,3,,,,,,2.146486,48.807979
2022-1312436,2022-10-21,000001,Vente en l'état futur d'achèvement,445000,,,LA SABLIERE,B029,78000,78646,Versailles,78,,,78646000BY0108,,,216,,,,,,,,,,1,,,,,,,,,,2.079319,48.802074
2022-1312436,2022-10-21,000001,Vente en l'état futur d'achèvement,445000,,,LA SABLIERE,B029,78000,78646,Versailles,78,,,78646000BY0108,,,439,,,,,,,,,,1,,,,,,,,,,2.079319,48.802074
2022-1312441,2022-10-21,000001,Vente en l'état futur d'achèvement,386000,,,LA SABLIERE,B029,78000,78646,Versailles,78,,,78646000BY0108,,,112,,,,,,,,,,1,,,,,,,,,,2.079319,48.802074
2022-1312441,2022-10-21,000001,Vente en l'état futur d'achèvement,386000,,,LA SABLIERE,B029,78000,78646,Versailles,78,,,78646000BY0108,,,418,,,,,,,,,,1,,,,,,,,,,2.079319,48.802074
2022-1312450,2022-09-30,000001,Vente en l'état futur d'achèvement,1042500,9,,RUE VAUBAN,3110,78000,78646,Versailles,78,,,78646000AY0310,,,982,,,,,,,,,,1,3,Dépendance,,0,,,,,,2.15313,48.799852
2022-1312450,2022-09-30,000001,Vente en l'état futur d'achèvement,1042500,9,,RUE VAUBAN,3110,78000,78646,Versailles,78,,,78646000AY0310,,,981,,,,,,,,,,1,3,Dépendance,,0,,,,,,2.15313,48.799852
2022-1312450,2022-09-30,000001,Vente en l'état futur d'achèvement,1042500,9,,RUE VAUBAN,3110,78000,78646,Versailles,78,,,78646000AY0310,,,6,,,,,,,,,,1,2,Appartement,117,5,,,,,,2.15313,48.799852
2022-1312450,2022-09-30,000001,Vente en l'état futur d'achèvement,1042500,9,,RUE VAUBAN,3110,78000,78646,Versailles,78,,,78646000AY0310,,,235,,,,,,,,,,1,3,Dépendance,,0,,,,,,2.15313,48.799852
2022-1312452,2022-10-18,000001,Vente,510000,44,,RUE ALBERT SARRAUT,0080,78000,78646,Versailles,78,,,78646000BK0232,,,194,,23,112.24,,,,,,,2,3,Dépendance,,0,,,,,,2.14982,48.795098
2022-1312452,2022-10-18,000001,Vente,510000,44,,RUE ALBERT SARRAUT,0080,78000,78646,Versailles,78,,,78646000BK0232,,,194,,23,112.24,,,,,,,2,2,Appartement,112,5,,,,,,2.14982,48.795098
2022-1312452,2022-10-18,000001,Vente,510000,44,,RUE ALBERT SARRAUT,0080,78000,78646,Versailles,78,,,78646000BK0232,,,87,,,,,,,,,,1,3,Dépendance,,0,,,,,,2.14982,48.795098
2022-1312452,2022-10-18,000001,Vente,510000,44,,RUE ALBERT SARRAUT,0080,78000,78646,Versailles,78,,,78646000BK0232,,,515,,,,,,,,,,1,3,Dépendance,,0,,,,,,2.14982,48.795098
2022-1312473,2022-10-14,000001,Vente,102200,98,,AV DE PARIS,2180,78000,78646,Versailles,78,,,78646000BK0001,,,138,14.64,,,,,,,,,1,3,Dépendance,,0,,,,,,2.149414,48.797242
2022-1312473,2022-10-14,000001,Vente,102200,98,,AV DE PARIS,2180,78000,78646,Versailles,78,,,78646000BK0001,,,285,,,,,,,,,,1,3,Dépendance,,0,,,,,,2.149414,48.797242
2022-1312484,2022-10-10,000001,Vente,380000,12,,AV DE PORCHEFONTAINE,2380,78000,78646,Versailles,78,,,78646000BK0021,,,206,,228,56.17,,,,,,,2,2,Appartement,55,2,,,,,,2.152071,48.797176
2022-1312484,2022-10-10,000001,Vente,380000,12,,AV DE PORCHEFONTAINE,2380,78000,78646,Versailles,78,,,78646000BK0021,,,1821,,,,,,,,,,1,3,Dépendance,,0,,,,,,2.152071,48.797176
2022-1312484,2022-10-10,000001,Vente,380000,12,,AV DE PORCHEFONTAINE,2380,78000,78646,Versailles,78,,,78646000BK0021,,,206,,228,56.17,,,,,,,2,3,Dépendance,,0,,,,,,2.152071,48.797176
2022-1312492,2022-10-20,000001,Vente,760000,40,,RUE JEAN DE LA FONTAINE,1439,78000,78646,Versailles,78,,,78646000BE0198,,,,,,,,,,,,,0,3,Dépendance,,0,S,sols,,,384,2.159282,48.796353
2022-1312492,2022-10-20,000001,Vente,760000,40,,RUE JEAN DE LA FONTAINE,1439,78000,78646,Versailles,78,,,78646000BE0198,,,,,,,,,,,,,0,3,Dépendance,,0,S,sols,,,384,2.159282,48.796353
2022-1312492,2022-10-20,000001,Vente,760000,40,,RUE JEAN DE LA FONTAINE,1439,78000,78646,Versailles,78,,,78646000BE0198,,,,,,,,,,,,,0,2,Appartement,38,1,S,sols,,,384,2.159282,48.796353
2022-1312492,2022-10-20,000001,Vente,760000,40,,RUE JEAN DE LA FONTAINE,1439,78000,78646,Versailles,78,,,78646000BE0198,,,,,,,,,,,,,0,2,Appartement,38,2,S,sols,,,384,2.159282,48.796353
2022-1312599,2022-10-18,000001,Vente,162000,8,,AV DU GEN DE GAULLE,1143,78000,78646,Versailles,78,,,78646000AH0225,,,54,,86,,,,,,,,2,2,Appartement,49,2,,,,,,2.128298,48.801276
2022-1312599,2022-10-18,000001,Vente,162000,8,,AV DU GEN DE GAULLE,1143,78000,78646,Versailles,78,,,78646000AH0225,,,54,,86,,,,,,,,2,3,Dépendance,,0,,,,,,2.128298,48.801276
2022-1312637,2022-10-27,000001,Vente,320000,38,B,AV DE SAINT CLOUD,2730,78000,78646,Versailles,78,,,78646000AI0284,,,38,49.75,,,,,,,,,1,4,Local industriel. commercial ou assimilé,50,0,,,,,,2.134021,48.804526
2022-1312717,2022-10-27,000001,Vente,25000,24,,RUE DES RESERVOIRS,2580,78000,78646,Versailles,78,,,78646000AE0173,,,48,9.83,,,,,,,,,1,3,Dépendance,,0,,,,,,2.125222,48.807871
2022-1312723,2022-10-03,000001,Vente,190000,19,,RUE DES TOURNELLES,3050,78000,78646,Versailles,78,,,78646000BT0017,,,27,21.26,,,,,,,,,1,2,Appartement,23,1,,,,,,2.128029,48.797983
2022-1312736,2022-10-26,000001,Vente,230000,5,,IMP DUPLESSIS,0830,78000,78646,Versailles,78,,,78646000AE0062,,,2,,,,,,,,,,1,4,Local industriel. commercial ou assimilé,72,0,,,,,,2.132062,48.808105
2022-1312855,2022-10-31,000001,Vente,502950,41,,BD DU ROI,2641,78000,78646,Versailles,78,,,78646000AC0107,,,16,71.09,,,,,,,,,1,3,Dépendance,,0,,,,,,2.12804,48.814598
2022-1312855,2022-10-31,000001,Vente,502950,41,,BD DU ROI,2641,78000,78646,Versailles,78,,,78646000AC0107,,,16,71.09,,,,,,,,,1,2,Appartement,72,3,,,,,,2.12804,48.814598
2022-1312857,2022-10-27,000001,Vente,607500,45,,RUE DU MAL FOCH,1810,78000,78646,Versailles,78,,,78646000AD0099,,,26,71.85,,,,,,,,,1,2,Appartement,72,3,,,,,,2.133301,48.809259
2022-1312863,2022-10-05,000001,Vente,1138000,21,,RUE ALBERT JOLY,0050,78000,78646,Versailles,78,,,78646000AK0108,,,107,,,,,,,,,,1,3,Dépendance,,0,,,,,,2.13855,48.810583
2022-1312863,2022-10-05,000001,Vente,1138000,12,,RUE ALBERT JOLY,0050,78000,78646,Versailles,78,,,78646000AK0148,,,44,110.96,,,,,,,,,1,3,Dépendance,,0,,,,,,2.136491,48.810383
2022-1312863,2022-10-05,000001,Vente,1138000,12,,RUE ALBERT JOLY,0050,78000,78646,Versailles,78,,,78646000AK0148,,,44,110.96,,,,,,,,,1,3,Dépendance,,0,,,,,,2.136491,48.810383
2022-1312863,2022-10-05,000001,Vente,1138000,12,,RUE ALBERT JOLY,0050,78000,78646,Versailles,78,,,78646000AK0148,,,12,,13,,28,,,,,,3,3,Dépendance,,0,,,,,,2.136491,48.810383
2022-1312863,2022-10-05,000001,Vente,1138000,12,,RUE ALBERT JOLY,0050,78000,78646,Versailles,78,,,78646000AK0148,,,44,110.96,,,,,,,,,1,2,Appartement,112,4,,,,,,2.136491,48.810383
2022-1312867,2022-10-28,000001,Vente,870000,15,,RUE DU GENERAL LECLERC,1145,78000,78646,Versailles,78,,,78646000AH0226,,,108,,124,,203,,471,,,,4,4,Local industriel. commercial ou assimilé,155,0,,,,,,2.126268,48.79975
2022-1312868,2022-10-25,000001,Vente,185000,3,,PL HOCHE,1340,78000,78646,Versailles,78,,,78646000AE0194,,,17,,3,22.45,,,,,,,2,2,Appartement,20,1,,,,,,2.127328,48.80658
2022-1312868,2022-10-25,000001,Vente,185000,3,,PL HOCHE,1340,78000,78646,Versailles,78,,,78646000AE0194,,,17,,3,22.45,,,,,,,2,3,Dépendance,,0,,,,,,2.127328,48.80658
2022-1312871,2022-10-24,000001,Vente,224800,64,,AV DE PARIS,2180,78000,78646,Versailles,78,,,78646000BN0007,,,10,28.1,,,,,,,,,1,2,Appartement,29,1,,,,,,2.138959,48.799201
2022-1312871,2022-10-24,000001,Vente,224800,64,,AV DE PARIS,2180,78000,78646,Versailles,78,,,78646000BN0007,,,10,28.1,,,,,,,,,1,3,Dépendance,,0,,,,,,2.138959,48.799201
2022-1312875,2022-10-28,000001,Vente,520350,7,,AV DE LA TRANQUILLITE,3055,78000,78646,Versailles,78,,,78646000AZ0110,,,635,,825,115.57,,,,,,,2,2,Appartement,117,5,,,,,,2.158672,48.8041
2022-1312875,2022-10-28,000001,Vente,520350,7,,AV DE LA TRANQUILLITE,3055,78000,78646,Versailles,78,,,78646000AZ0110,,,635,,825,115.57,,,,,,,2,3,Dépendance,,0,,,,,,2.158672,48.8041
2022-1312875,2022-10-28,000001,Vente,520350,5,,RUE DE L ECOLE DES POSTES,0850,78000,78646,Versailles,78,,,78646000AZ0110,,,3294,,,,,,,,,,1,3,Dépendance,,0,,,,,,2.158672,48.8041
2022-1312878,2022-10-14,000001,Vente,750000,20,,RUE PIERRE CORNEILLE,2295,78000,78646,Versailles,78,,,78646000BK0312,,,,,,,,,,,,,0,4,Local industriel. commercial ou assimilé,132,0,S,sols,,,343,2.151893,48.793495
2022-1312882,2022-10-07,000001,Vente,336896,19,,RUE DU VIEUX VERSAILLES,3180,78000,78646,Versailles,78,,,78646000AH0107,,,12,48.97,,,,,,,,,1,2,Appartement,48,3,,,,,,2.123103,48.801046
2022-1312910,2022-10-28,000001,Vente,578750,49,,RUE SAINT CHARLES,2710,78000,78646,Versailles,78,,,78646000AX0370,,,16,,17,,18,,43,78,,,4,3,Dépendance,,0,,,,,,2.147002,48.803729
2022-1312910,2022-10-28,000001,Vente,578750,49,,RUE SAINT CHARLES,2710,78000,78646,Versailles,78,,,78646000AX0370,,,16,,17,,18,,43,78,,,4,3,Dépendance,,0,,,,,,2.147002,48.803729
2022-1312910,2022-10-28,000001,Vente,578750,49,,RUE SAINT CHARLES,2710,78000,78646,Versailles,78,,,78646000AX0370,,,16,,17,,18,,43,78,,,4,2,Appartement,97,5,,,,,,2.147002,48.803729
2022-1312940,2022-10-12,000001,Vente,2125350,4,,BD DE LA REPUBLIQUE,2570,78000,78646,Versailles,78,,,78646000AX0076,,,,,,,,,,,,,0,1,Maison,120,7,S,sols,,,283,2.145742,48.806975
2022-1312987,2022-10-19,000001,Vente,1099950,6,B,RUE D ANGIVILLER,0170,78000,78646,Versailles,78,,,78646000AD0014,,,11,99.72,16,,,,,,,,2,2,Appartement,79,6,,,,,,2.12691,48.81049
2022-1312987,2022-10-19,000001,Vente,1099950,6,B,RUE D ANGIVILLER,0170,78000,78646,Versailles,78,,,78646000AD0014,,,11,99.72,16,,,,,,,,2,3,Dépendance,,0,,,,,,2.12691,48.81049
2022-1312987,2022-10-19,000001,Vente,1099950,6,B,RUE D ANGIVILLER,0170,78000,78646,Versailles,78,,,78646000AD0014,,,11,99.72,16,,,,,,,,2,3,Dépendance,,0,,,,,,2.12691,48.81049
2022-1312989,2022-10-21,000001,Vente,895530,10,,RUE RAMEAU,2490,78000,78646,Versailles,78,,,78646000AE0092,,,2,97.34,,,,,,,,,1,2,Appartement,98,4,,,,,,2.131313,48.807858
2022-1313000,2022-10-19,000001,Vente,638000,16,,PROM MONA LISA,1965,78000,78646,Versailles,78,,,78646000AZ0110,,,1877,,1913,,,,,,,,2,3,Dépendance,,0,,,,,,2.158672,48.8041
2022-1313000,2022-10-19,000001,Vente,638000,5,,RUE DE L ECOLE DES POSTES,0850,78000,78646,Versailles,78,,,78646000AZ0110,,,3902,,,,,,,,,,1,3,Dépendance,,0,,,,,,2.158672,48.8041
2022-1313000,2022-10-19,000001,Vente,638000,16,,PROM MONA LISA,1965,78000,78646,Versailles,78,,,78646000AZ0110,,,1877,,1913,,,,,,,,2,2,Appartement,73,3,,,,,,2.158672,48.8041
2022-1313000,2022-10-19,000001,Vente,638000,16,,PROM MONA LISA,1965,78000,78646,Versailles,78,,,78646000AZ0110,,,1877,,1913,,,,,,,,2,3,Dépendance,,0,,,,,,2.158672,48.8041
2022-1313067,2022-10-31,000001,Vente,755400,4,,RUE ALBERT SAMAIN,0070,78000,78646,Versailles,78,,,78646000BW0181,,,3,,,,,,,,,,1,3,Dépendance,,0,,,,,,2.122783,48.794217
2022-1313067,2022-10-31,000001,Vente,755400,4,,RUE ALBERT SAMAIN,0070,78000,78646,Versailles,78,,,78646000BW0181,,,5,,,,,,,,,,1,3,Dépendance,,0,,,,,,2.122783,48.794217
2022-1313067,2022-10-31,000001,Vente,755400,4,,RUE ALBERT SAMAIN,0070,78000,78646,Versailles,78,,,78646000BW0181,,,17,,22,,34,100.75,35,100.75,,,4,2,Appartement,105,4,,,,,,2.122783,48.794217
2022-1313067,2022-10-31,000001,Vente,755400,4,,RUE ALBERT SAMAIN,0070,78000,78646,Versailles,78,,,78646000BW0181,,,17,,22,,34,100.75,35,100.75,,,4,3,Dépendance,,0,,,,,,2.122783,48.794217
2022-1313067,2022-10-31,000001,Vente,755400,4,,RUE ALBERT SAMAIN,0070,78000,78646,Versailles,78,,,78646000BW0181,,,17,,22,,34,100.75,35,100.75,,,4,3,Dépendance,,0,,,,,,2.122783,48.794217
2022-1313070,2022-11-04,000001,Vente,245000,5,,ALL LA BRUYERE,1557,78000,78646,Versailles,78,,,78646000AO0205,,,1382,32.5,1582,,,,,,,,2,3,Dépendance,,0,,,,,,2.146857,48.813978
2022-1313070,2022-11-04,000001,Vente,245000,1,,ALL LA BRUYERE,1557,78000,78646,Versailles,78,,,78646000AO0205,,,1842,,,,,,,,,,1,3,Dépendance,,0,,,,,,2.146857,48.813978
2022-1313070,2022-11-04,000001,Vente,245000,5,,ALL LA BRUYERE,1557,78000,78646,Versailles,78,,,78646000AO0205,,,1382,32.5,1582,,,,,,,,2,2,Appartement,30,1,,,,,,2.146857,48.813978
2022-1313070,2022-11-04,000001,Vente,245000,5,,ALL LA BRUYERE,1557,78000,78646,Versailles,78,,,78646000AO0205,,,1382,32.5,1582,,,,,,,,2,3,Dépendance,,0,,,,,,2.146857,48.813978
2022-1313080,2022-10-27,000001,Vente,30000,27,,RUE DU REFUGE,2510,78000,78646,Versailles,78,,,78646000AX0345,,,41,,,,,,,,,,1,3,Dépendance,,0,,,,,,2.145064,48.803428
2022-1313083,2022-11-03,000001,Vente,270000,7,,RUE RICHAUD,2610,78000,78646,Versailles,78,,,78646000AI0313,,,288,,,,,,,,,,1,3,Dépendance,,0,,,,,,2.135209,48.807376
2022-1313083,2022-11-03,000001,Vente,270000,7,,RUE RICHAUD,2610,78000,78646,Versailles,78,,,78646000AI0313,,,2,36.8,,,,,,,,,1,2,Appartement,36,1,,,,,,2.135209,48.807376
2022-1313091,2022-11-07,000001,Vente,160000,16,,RUE DE VERGENNES,3150,78000,78646,Versailles,78,,,78646000BR0107,,,2,22.71,,,,,,,,,1,2,Appartement,23,1,,,,,,2.137496,48.798585
2022-1313095,2022-10-18,000001,Vente en l'état futur d'achèvement,429600,,,LA SABLIERE,B029,78000,78646,Versailles,78,,,78646000BY0108,,,221,,,,,,,,,,1,,,,,,,,,,2.079319,48.802074
2022-1313095,2022-10-18,000001,Vente en l'état futur d'achèvement,429600,,,LA SABLIERE,B029,78000,78646,Versailles,78,,,78646000BY0108,,,453,,,,,,,,,,1,,,,,,,,,,2.079319,48.802074
2022-1313105,2022-10-19,000001,Echange,100000,15,,RUE DE L ORIENT,2130,78000,78646,Versailles,78,,,78646000BT0101,,,609,,,,,,,,,,1,3,Dépendance,,0,,,,,,2.127194,48.79606
2022-1313105,2022-10-19,000001,Echange,100000,15,,RUE DE L ORIENT,2130,78000,78646,Versailles,78,,,78646000BT0101,,,610,,,,,,,,,,1,3,Dépendance,,0,,,,,,2.127194,48.79606
2022-1313106,2022-10-19,000002,Echange,40000,25,,RUE SAINT LOUIS,2810,78000,78646,Versailles,78,,,78646000BW0013,,,10,,,,,,,,,,1,2,Appartement,100,3,,,,,,2.126771,48.794997
2022-1313106,2022-10-19,000002,Echange,40000,25,,RUE SAINT LOUIS,2810,78000,78646,Versailles,78,,,78646000BW0013,,,10,,,,,,,,,,1,3,Dépendance,,0,,,,,,2.126771,48.794997
2022-1313106,2022-10-19,000002,Echange,40000,25,,RUE SAINT LOUIS,2810,78000,78646,Versailles,78,,,78646000BW0013,,,10,,,,,,,,,,1,2,Appartement,184,6,,,,,,2.126771,48.794997
2022-1313106,2022-10-19,000002,Echange,40000,25,,RUE SAINT LOUIS,2810,78000,78646,Versailles,78,,,78646000BW0013,,,10,,,,,,,,,,1,3,Dépendance,,0,,,,,,2.126771,48.794997
2022-1313106,2022-10-19,000002,Echange,40000,25,,RUE SAINT LOUIS,2810,78000,78646,Versailles,78,,,78646000BW0013,,,10,,,,,,,,,,1,3,Dépendance,,0,,,,,,2.126771,48.794997
2022-1313107,2022-11-04,000001,Vente,312000,36,,RUE CARNOT,0440,78000,78646,Versailles,78,,,78646000AE0302,,,5,41.37,,,,,,,,,1,2,Appartement,45,3,,,,,,2.129471,48.805413
2022-1313118,2022-10-28,000001,Vente,598000,7,,PROM VENEZIA,3135,78000,78646,Versailles,78,,,78646000AZ0110,,,2479,,2515,,,,,,,,2,2,Appartement,119,5,,,,,,2.158672,48.8041
2022-1313118,2022-10-28,000001,Vente,598000,7,,PROM VENEZIA,3135,78000,78646,Versailles,78,,,78646000AZ0110,,,2479,,2515,,,,,,,,2,3,Dépendance,,0,,,,,,2.158672,48.8041
2022-1313118,2022-10-28,000001,Vente,598000,5,,RUE DE L ECOLE DES POSTES,0850,78000,78646,Versailles,78,,,78646000AZ0110,,,3774,,,,,,,,,,1,3,Dépendance,,0,,,,,,2.158672,48.8041
2022-1313123,2022-10-19,000001,Vente,800000,21,,RUE DU PEINTRE LEBRUN,2220,78000,78646,Versailles,78,,,78646000AE0177,,,24,,61,,,,,,,,2,3,Dépendance,,0,,,,,,2.124878,48.80734
2022-1313123,2022-10-19,000001,Vente,800000,21,,RUE DU PEINTRE LEBRUN,2220,78000,78646,Versailles,78,,,78646000AE0177,,,24,,61,,,,,,,,2,2,Appartement,89,4,,,,,,2.124878,48.80734
2022-1313124,2022-10-14,000001,Vente,43270,8,,RUE CARNOT,0440,78000,78646,Versailles,78,,,78646000AE0360,,,10,23,,,,,,,,,1,2,Appartement,23,1,,,,,,2.125238,48.806573
2022-1313200,2022-11-07,000001,Vente,297400,59,,AV DES ETATS UNIS,0990,78000,78646,Versailles,78,,,78646000AS0054,,,144,,,,,,,,,,1,2,Appartement,53,3,,,,,,2.152632,48.814149
2022-1313203,2022-10-27,000001,Vente,955000,36,,RUE REMILLY,2530,78000,78646,Versailles,78,,,78646000AK0091,,,,,,,,,,,,,0,1,Maison,105,6,S,sols,,,97,2.139424,48.811388
2022-1313216,2022-10-27,000001,Vente,570000,17,,RUE DU PONT COLBERT,2370,78000,78646,Versailles,78,,,78646000BL0317,,,19,,,,,,,,,,1,1,Maison,102,3,,,,,,2.147907,48.790661
2022-1313216,2022-10-27,000001,Vente,570000,17,,RUE DU PONT COLBERT,2370,78000,78646,Versailles,78,,,78646000BL0317,,,19,,,,,,,,,,1,3,Dépendance,,0,,,,,,2.147907,48.790661
2022-1313216,2022-10-27,000001,Vente,570000,17,,RUE DU PONT COLBERT,2370,78000,78646,Versailles,78,,,78646000BL0317,,,19,,,,,,,,,,1,1,Maison,55,3,,,,,,2.147907,48.790661
2022-1313216,2022-10-27,000001,Vente,570000,17,,RUE DU PONT COLBERT,2370,78000,78646,Versailles,78,,,78646000BL0317,,,19,,,,,,,,,,1,3,Dépendance,,0,,,,,,2.147907,48.790661
2022-1313222,2022-10-28,000001,Vente,221700,69,,RUE DES CHANTIERS,0530,78000,78646,Versailles,78,,,78646000BL0280,,,171,,,,,,,,,,1,3,Dépendance,,0,,,,,,2.143596,48.793559
2022-1313222,2022-10-28,000001,Vente,221700,69,,RUE DES CHANTIERS,0530,78000,78646,Versailles,78,,,78646000BL0280,,,158,,8,33.21,,,,,,,2,2,Appartement,30,1,,,,,,2.143596,48.793559
2022-1313222,2022-10-28,000001,Vente,221700,69,,RUE DES CHANTIERS,0530,78000,78646,Versailles,78,,,78646000BL0280,,,158,,8,33.21,,,,,,,2,3,Dépendance,,0,,,,,,2.143596,48.793559
2022-1313226,2022-11-07,000001,Vente,519000,8,,RUE DE FONTENAY,1050,78000,78646,Versailles,78,,,78646000AH0091,,,934,,,,,,,,,,1,3,Dépendance,,0,,,,,,2.124624,48.800951
2022-1313226,2022-11-07,000001,Vente,519000,8,,RUE DE FONTENAY,1050,78000,78646,Versailles,78,,,78646000AH0091,,,805,60.81,952,,,,,,,,2,2,Appartement,62,2,,,,,,2.124624,48.800951
2022-1313226,2022-11-07,000001,Vente,519000,8,,RUE DE FONTENAY,1050,78000,78646,Versailles,78,,,78646000AH0091,,,805,60.81,952,,,,,,,,2,3,Dépendance,,0,,,,,,2.124624,48.800951
2022-1313229,2022-10-25,000001,Vente,960000,43,,RUE JEAN DE LA FONTAINE,1439,78000,78646,Versailles,78,,,78646000BE0171,,,,,,,,,,,,,0,1,Maison,74,5,S,sols,,,469,2.158734,48.795397
2022-1313233,2022-10-31,000001,Vente,2688000,23,,BD DE GLATIGNY,1275,78000,78646,Versailles,78,,,78646000AM0014,,,,,,,,,,,,,0,1,Maison,260,10,AG,terrains d'agrément,,,696,2.141606,48.820937
2022-1313233,2022-10-31,000001,Vente,2688000,23,,BD DE GLATIGNY,1275,78000,78646,Versailles,78,,,78646000AM0014,,,,,,,,,,,,,0,3,Dépendance,,0,AG,terrains d'agrément,,,696,2.141606,48.820937
2022-1313233,2022-10-31,000001,Vente,2688000,23,,BD DE GLATIGNY,1275,78000,78646,Versailles,78,,,78646000AM0014,,,,,,,,,,,,,0,3,Dépendance,,0,S,sols,,,262,2.141606,48.820937
2022-1313233,2022-10-31,000001,Vente,2688000,23,,BD DE GLATIGNY,1275,78000,78646,Versailles,78,,,78646000AM0014,,,,,,,,,,,,,0,1,Maison,260,10,S,sols,,,262,2.141606,48.820937
2022-1313234,2022-10-12,000001,Vente,233000,15,,RUE DE SATORY,2950,78000,78646,Versailles,78,,,78646000AH0145,,,5,30.91,,,,,,,,,1,2,Appartement,45,1,,,,,,2.125328,48.800287
2022-1313279,2022-11-04,000001,Vente,445000,1,T,RUE SAINT MEDERIC,2840,78000,78646,Versailles,78,,,78646000BT0098,,,23,,,,,,,,,,1,3,Dépendance,,0,,,,,,2.128123,48.796223
2022-1313279,2022-11-04,000001,Vente,445000,1,T,RUE SAINT MEDERIC,2840,78000,78646,Versailles,78,,,78646000BT0098,,,12,,4,70.11,,,,,,,2,3,Dépendance,,0,,,,,,2.128123,48.796223
2022-1313279,2022-11-04,000001,Vente,445000,1,T,RUE SAINT MEDERIC,2840,78000,78646,Versailles,78,,,78646000BT0098,,,12,,4,70.11,,,,,,,2,2,Appartement,73,3,,,,,,2.128123,48.796223
2022-1313290,2022-10-28,000001,Vente,278200,24,,RUE DU MAL FOCH,1810,78000,78646,Versailles,78,,,78646000AI0212,,,15,44.37,,,,,,,,,1,2,Appartement,36,2,,,,,,2.132919,48.80739
2022-1313293,2022-11-02,000001,Vente,705000,46,,RUE DE LA PAROISSE,2190,78000,78646,Versailles,78,,,78646000AE0213,,,17,85.92,24,85.92,,,,,,,2,2,Appartement,82,4,,,,,,2.129271,48.807065
2022-1313293,2022-11-02,000001,Vente,705000,46,,RUE DE LA PAROISSE,2190,78000,78646,Versailles,78,,,78646000AE0213,,,17,85.92,24,85.92,,,,,,,2,3,Dépendance,,0,,,,,,2.129271,48.807065
2022-1313330,2022-10-26,000001,Vente,1150000,18,,RUE COSTE,0730,78000,78646,Versailles,78,,,78646000BK0297,,,,,,,,,,,,,0,3,Dépendance,,0,S,sols,,,242,2.155118,48.795387
2022-1313330,2022-10-26,000001,Vente,1150000,18,,RUE COSTE,0730,78000,78646,Versailles,78,,,78646000BK0297,,,,,,,,,,,,,0,1,Maison,86,4,S,sols,,,242,2.155118,48.795387
2022-1313344,2022-10-21,000001,Vente,390000,10,,RUE BAILLY,0280,78000,78646,Versailles,78,,,78646000AH0040,,,1,59.09,8,,,,,,,,2,4,Local industriel. commercial ou assimilé,75,0,,,,,,2.122747,48.800982
2022-1313358,2022-11-08,000001,Vente,295483,32,,RUE DU MAL FOCH,1810,78000,78646,Versailles,78,,,78646000AI0214,,,7,41.82,,,,,,,,,1,2,Appartement,45,2,,,,,,2.133526,48.808636
2022-1313358,2022-11-08,000001,Vente,295483,32,,RUE DU MAL FOCH,1810,78000,78646,Versailles,78,,,78646000AI0214,,,7,41.82,,,,,,,,,1,3,Dépendance,,0,,,,,,2.133526,48.808636
2022-1313367,2022-11-08,000001,Vente,30000,27,B,RUE DU REFUGE,2510,78000,78646,Versailles,78,,,78646000AX0345,,,33,,,,,,,,,,1,3,Dépendance,,0,,,,,,2.145064,48.803428
2022-1313386,2022-11-09,000001,Vente,40000,31,,RUE DU PARC DE CLAGNY,2171,78000,78646,Versailles,78,,,78646000AK0071,,,28,,,,,,,,,,1,3,Dépendance,,0,,,,,,2.140259,48.812128
2022-1313388,2022-10-28,000001,Vente,617500,72,,RUE REMONT,2560,78000,78646,Versailles,78,,,78646000BE0042,,,,,,,,,,,,,0,1,Maison,90,4,S,sols,,,162,2.156472,48.792678
2022-1313402,2022-11-07,000001,Vente en l'état futur d'achèvement,773300,,,LA SABLIERE,B029,78000,78646,Versailles,78,,,78646000BY0108,,,462,,,,,,,,,,1,,,,,,,,,,2.079319,48.802074
2022-1313402,2022-11-07,000001,Vente en l'état futur d'achèvement,773300,,,LA SABLIERE,B029,78000,78646,Versailles,78,,,78646000BY0108,,,315,,,,,,,,,,1,,,,,,,,,,2.079319,48.802074
2022-1313402,2022-11-07,000001,Vente en l'état futur d'achèvement,773300,,,LA SABLIERE,B029,78000,78646,Versailles,78,,,78646000BY0108,,,461,,,,,,,,,,1,,,,,,,,,,2.079319,48.802074
2022-1313428,2022-10-31,000001,Vente,565620,1,,IMP NUNGESSER ET COLI,2090,78000,78646,Versailles,78,,,78646000BN0085,,,42,70.27,43,,8,,,,,,3,2,Appartement,61,4,,,,,,2.140783,48.796606
2022-1313428,2022-10-31,000001,Vente,565620,1,,IMP NUNGESSER ET COLI,2090,78000,78646,Versailles,78,,,78646000BN0085,,,42,70.27,43,,8,,,,,,3,3,Dépendance,,0,,,,,,2.140783,48.796606
2022-1313475,2022-10-28,000001,Vente,264500,19,,RUE CARNOT,0440,78000,78646,Versailles,78,,,78646000AE0225,,,16,34.6,,,,,,,,,1,3,Dépendance,,0,,,,,,2.129003,48.805961
2022-1313475,2022-10-28,000001,Vente,264500,19,,RUE CARNOT,0440,78000,78646,Versailles,78,,,78646000AE0225,,,16,34.6,,,,,,,,,1,2,Appartement,33,2,,,,,,2.129003,48.805961
2022-1313491,2022-11-04,000001,Vente,886000,11,,RUE DE L ERMITAGE,0940,78000,78646,Versailles,78,,,78646000AC0273,,,109,,119,115.69,,,,,,,2,3,Dépendance,,0,,,,,,2.122251,48.813276
2022-1313491,2022-11-04,000001,Vente,886000,15,,RUE DE L ERMITAGE,0940,78000,78646,Versailles,78,,,78646000AC0273,,,527,,,,,,,,,,1,3,Dépendance,,0,,,,,,2.122251,48.813276
2022-1313491,2022-11-04,000001,Vente,886000,15,,RUE DE L ERMITAGE,0940,78000,78646,Versailles,78,,,78646000AC0273,,,528,,,,,,,,,,1,3,Dépendance,,0,,,,,,2.122251,48.813276
2022-1313491,2022-11-04,000001,Vente,886000,11,,RUE DE L ERMITAGE,0940,78000,78646,Versailles,78,,,78646000AC0273,,,109,,119,115.69,,,,,,,2,2,Appartement,115,5,,,,,,2.122251,48.813276
2022-1313499,2022-10-19,000001,Vente,3600000,65,,RUE DU MAL FOCH,1810,78000,78646,Versailles,78,,,78646000AD0320,,,,,,,,,,,,,0,2,Appartement,24,1,S,sols,,,396,2.134775,48.811709
2022-1313499,2022-10-19,000001,Vente,3600000,65,,RUE DU MAL FOCH,1810,78000,78646,Versailles,78,,,78646000AD0320,,,,,,,,,,,,,0,4,Local industriel. commercial ou assimilé,414,0,S,sols,,,396,2.134775,48.811709
2022-1313576,2022-11-14,000001,Vente,15000,13,,RUE DES BOURDONNAIS,0400,78000,78646,Versailles,78,,,78646000BT0127,,,33,,,,,,,,,,1,3,Dépendance,,0,,,,,,2.126083,48.795844
2022-1313590,2022-11-08,000001,Vente,250000,12,,RUE DU GENERAL PERSHING,1170,78000,78646,Versailles,78,,,78646000AS0059,,,155,,,,,,,,,,1,3,Dépendance,,0,,,,,,2.151433,48.814069
2022-1313590,2022-11-08,000001,Vente,250000,12,,RUE DU GENERAL PERSHING,1170,78000,78646,Versailles,78,,,78646000AS0059,,,109,,,,,,,,,,1,2,Appartement,54,3,,,,,,2.151433,48.814069
2022-1313633,2022-10-26,000001,Vente,217700,20,,RUE HOCHE,1350,78000,78646,Versailles,78,,,78646000AE0216,,,111,32.02,113,,,,,,,,2,3,Dépendance,,0,,,,,,2.128924,48.806998
2022-1313633,2022-10-26,000001,Vente,217700,20,,RUE HOCHE,1350,78000,78646,Versailles,78,,,78646000AE0216,,,111,32.02,113,,,,,,,,2,2,Appartement,33,2,,,,,,2.128924,48.806998
2022-1313663,2022-10-18,000001,Vente,18000,5,,RUE DE L ECOLE DES POSTES,0850,78000,78646,Versailles,78,,,78646000AZ0110,,,3356,,,,,,,,,,1,3,Dépendance,,0,,,,,,2.158672,48.8041
2022-1313664,2022-10-18,000002,Vente,762000,2,,PL ROYALE,2650,78000,78646,Versailles,78,,,78646000AZ0110,,,1061,,1161,,,,,,,,2,2,Appartement,126,5,,,,,,2.158672,48.8041
2022-1313664,2022-10-18,000002,Vente,762000,2,,PL ROYALE,2650,78000,78646,Versailles,78,,,78646000AZ0110,,,1061,,1161,,,,,,,,2,3,Dépendance,,0,,,,,,2.158672,48.8041
2022-1313664,2022-10-18,000002,Vente,762000,2,,PL ROYALE,2650,78000,78646,Versailles,78,,,78646000AZ0110,,,1061,,1161,,,,,,,,2,3,Dépendance,,0,,,,,,2.158672,48.8041
2022-1313669,2022-11-09,000001,Vente en l'état futur d'achèvement,319000,,,LA SABLIERE,B029,78000,78646,Versailles,78,,,78646000BY0108,,,310,,,,,,,,,,1,,,,,,,,,,2.079319,48.802074
2022-1313711,2022-10-28,000001,Vente,617000,31,,AV DE SAINT CLOUD,2730,78000,78646,Versailles,78,,,78646000AI0112,,,3,87.94,,,,,,,,,1,4,Local industriel. commercial ou assimilé,79,0,,,,,,2.132236,48.805499
2022-1313734,2022-11-14,000001,Vente,20000,30,,RUE HENRI SIMON,1330,78000,78646,Versailles,78,,,78646000AW0006,,,1103,,,,,,,,,,1,3,Dépendance,,0,,,,,,2.15013,48.808121
2022-1313734,2022-11-14,000001,Vente,20000,8,,RUE DE LA CEINTURE,0460,78000,78646,Versailles,78,,,78646000AW0006,,,1343,,,,,,,,,,1,3,Dépendance,,0,,,,,,2.15013,48.808121
2022-1313735,2022-11-10,000001,Vente en l'état futur d'achèvement,940000,104,,AV DE PARIS,2180,78000,78646,Versailles,78,,,78646000BK0019,,,109,,,,,,,,,,1,3,Dépendance,,0,,,,,,2.150393,48.797197
2022-1313735,2022-11-10,000001,Vente en l'état futur d'achèvement,940000,104,,AV DE PARIS,2180,78000,78646,Versailles,78,,,78646000BK0019,,,30,,,,,,,,,,1,2,Appartement,95,4,,,,,,2.150393,48.797197
2022-1313736,2022-11-14,000001,Vente,800000,9,,RUE DE MONTREUIL,2000,78000,78646,Versailles,78,,,78646000AX0284,,,42,94.05,46,,48,,49,,50,,5,3,Dépendance,,0,,,,,,2.142813,48.805553
2022-1313736,2022-11-14,000001,Vente,800000,9,,RUE DE MONTREUIL,2000,78000,78646,Versailles,78,,,78646000AX0284,,,42,94.05,46,,48,,49,,50,,5,3,Dépendance,,0,,,,,,2.142813,48.805553
2022-1313736,2022-11-14,000001,Vente,800000,9,,RUE DE MONTREUIL,2000,78000,78646,Versailles,78,,,78646000AX0284,,,42,94.05,46,,48,,49,,50,,5,2,Appartement,97,4,,,,,,2.142813,48.805553
2022-1313737,2022-11-10,000001,Vente,791262,2,B,RUE DE SAVOIE,2970,78000,78646,Versailles,78,,,78646000AC0172,,,13,,,,,,,,,,1,3,Dépendance,,0,,,,,,2.125412,48.811171
2022-1313737,2022-11-10,000001,Vente,791262,2,B,RUE DE SAVOIE,2970,78000,78646,Versailles,78,,,78646000AC0172,,,14,,,,,,,,,,1,3,Dépendance,,0,,,,,,2.125412,48.811171
2022-1313737,2022-11-10,000001,Vente,791262,2,B,RUE DE SAVOIE,2970,78000,78646,Versailles,78,,,78646000AC0172,,,1,,,,,,,,,,1,2,Appartement,105,5,,,,,,2.125412,48.811171
2022-1313739,2022-11-14,000001,Vente,470000,3,,PAS SAINT PIERRE,2870,78000,78646,Versailles,78,,,78646000AI0010,,,14,,18,,,,,,,,2,2,Appartement,49,4,,,,,,2.131454,48.804296
2022-1313739,2022-11-14,000001,Vente,470000,3,,PAS SAINT PIERRE,2870,78000,78646,Versailles,78,,,78646000AI0010,,,14,,18,,,,,,,,2,3,Dépendance,,0,,,,,,2.131454,48.804296
2022-1313739,2022-11-14,000001,Vente,470000,3,,PAS SAINT PIERRE,2870,78000,78646,Versailles,78,,,78646000AI0010,,,14,,18,,,,,,,,2,3,Dépendance,,0,,,,,,2.131454,48.804296
2022-1313826,2022-11-07,000001,Vente,402911.75,16,,RUE CHAMP LAGARDE,0490,78000,78646,Versailles,78,,,78646000BO0081,,,5,63.11,,,,,,,,,1,2,Appartement,48,2,,,,,,2.143116,48.800656
2022-1313826,2022-11-07,000001,Vente,402911.75,16,,RUE CHAMP LAGARDE,0490,78000,78646,Versailles,78,,,78646000BO0081,,,5,63.11,,,,,,,,,1,3,Dépendance,,0,,,,,,2.143116,48.800656
2022-1313832,2022-11-14,000001,Vente,1123000,25,,RUE DE VERDUN,3140,78000,78646,Versailles,78,,,78646000AY0137,,,,,,,,,,,,,0,1,Maison,106,5,S,sols,,,401,2.151736,48.800611
2022-1313832,2022-11-14,000001,Vente,1123000,25,,RUE DE VERDUN,3140,78000,78646,Versailles,78,,,78646000AY0137,,,,,,,,,,,,,0,2,Appartement,16,1,S,sols,,,401,2.151736,48.800611
2022-1313833,2022-11-14,000001,Vente,811450,4,,RUE MAGENTA,1760,78000,78646,Versailles,78,,,78646000AK0088,,,12,,5,80.56,7,,,,,,3,3,Dépendance,,0,,,,,,2.139149,48.810627
2022-1313833,2022-11-14,000001,Vente,811450,4,,RUE MAGENTA,1760,78000,78646,Versailles,78,,,78646000AK0088,,,12,,5,80.56,7,,,,,,3,2,Appartement,88,5,,,,,,2.139149,48.810627
2022-1313863,2022-11-03,000001,Vente,440000,7,,BD DU ROI,2641,78000,78646,Versailles,78,,,78646000AC0182,,,17,53.97,,,,,,,,,1,3,Dépendance,,0,,,,,,2.125363,48.810421
2022-1313863,2022-11-03,000001,Vente,440000,7,,BD DU ROI,2641,78000,78646,Versailles,78,,,78646000AC0182,,,17,53.97,,,,,,,,,1,2,Appartement,51,2,,,,,,2.125363,48.810421
2022-1313878,2022-11-15,000001,Vente,252400,19,,RUE DU VIEUX VERSAILLES,3180,78000,78646,Versailles,78,,,78646000AH0107,,,13,36.2,,,,,,,,,1,2,Appartement,36,2,,,,,,2.123103,48.801046
2022-1313899,2022-10-21,000001,Vente,467428,84,,AV DE PARIS,2180,78000,78646,Versailles,78,,,78646000BN0045,,,103,,,,,,,,,,1,3,Dépendance,,0,,,,,,2.145174,48.797578
2022-1313899,2022-10-21,000001,Vente,467428,84,,AV DE PARIS,2180,78000,78646,Versailles,78,,,78646000BN0045,,,23,76.18,3,,,,,,,,2,2,Appartement,76,4,,,,,,2.145174,48.797578
2022-1313899,2022-10-21,000001,Vente,467428,84,,AV DE PARIS,2180,78000,78646,Versailles,78,,,78646000BN0045,,,23,76.18,3,,,,,,,,2,3,Dépendance,,0,,,,,,2.145174,48.797578
2022-1313905,2022-11-07,000001,Vente,128500,13,,RUE DE L ORANGERIE,2110,78000,78646,Versailles,78,,,78646000AH0029,,,11,25.42,,,,,,,,,1,2,Appartement,25,1,,,,,,2.121792,48.800577
2022-1313910,2022-06-01,000001,Adjudication,450000,13,,RUE DE L ABBE ROUSSEAUX,0020,78000,78646,Versailles,78,,,78646000BS0059,,,1,,,,,,,,,,1,2,Appartement,98,4,,,,,,2.136772,48.796254
2022-1313910,2022-06-01,000001,Adjudication,450000,13,,RUE DE L ABBE ROUSSEAUX,0020,78000,78646,Versailles,78,,,78646000BS0059,,,1,,,,,,,,,,1,3,Dépendance,,0,,,,,,2.136772,48.796254
2022-1313923,2022-11-10,000001,Vente,300000,34,,AV DE VILLENEUVE L ETANG,3200,78000,78646,Versailles,78,,,78646000AP0040,,,18,,,,,,,,,,1,3,Dépendance,,0,,,,,,2.144771,48.814924
2022-1313923,2022-11-10,000001,Vente,300000,34,,AV DE VILLENEUVE L ETANG,3200,78000,78646,Versailles,78,,,78646000AP0040,,,19,,,,,,,,,,1,2,Appartement,144,4,,,,,,2.144771,48.814924
2022-1313923,2022-11-10,000001,Vente,300000,34,,AV DE VILLENEUVE L ETANG,3200,78000,78646,Versailles,78,,,78646000AP0040,,,18,,,,,,,,,,1,2,Appartement,100,5,,,,,,2.144771,48.814924
2022-1313928,2022-11-14,000001,Vente en l'état futur d'achèvement,459000,,,LA SABLIERE,B029,78000,78646,Versailles,78,,,78646000BY0108,,,102,,,,,,,,,,1,,,,,,,,,,2.079319,48.802074
2022-1313928,2022-11-14,000001,Vente en l'état futur d'achèvement,459000,,,LA SABLIERE,B029,78000,78646,Versailles,78,,,78646000BY0108,,,401,,,,,,,,,,1,,,,,,,,,,2.079319,48.802074
2022-1313933,2022-03-16,000001,Adjudication,1360000,6,B,RUE CARNOT,0440,78000,78646,Versailles,78,,,78646000AE0361,,,1,,,,,,,,,,1,4,Local industriel. commercial ou assimilé,28,0,,,,,,2.125161,48.806622
2022-1313933,2022-03-16,000001,Adjudication,1360000,6,,RUE CARNOT,0440,78000,78646,Versailles,78,,,78646000AE0362,,,,,,,,,,,,,0,4,Local industriel. commercial ou assimilé,266,0,S,sols,,,71,2.125033,48.806658
2022-1313933,2022-03-16,000001,Adjudication,1360000,6,,RUE CARNOT,0440,78000,78646,Versailles,78,,,78646000AE0362,,,,,,,,,,,,,0,4,Local industriel. commercial ou assimilé,22,0,S,sols,,,71,2.125033,48.806658
2022-1313940,2022-11-08,000001,Vente,1025000,16,,RUE DE L ERMITAGE,0940,78000,78646,Versailles,78,,,78646000AC0041,,,13,,32,,4,,7,,9,,5,3,Dépendance,,0,,,,,,2.12337,48.815155
2022-1313940,2022-11-08,000001,Vente,1025000,16,,RUE DE L ERMITAGE,0940,78000,78646,Versailles,78,,,78646000AC0041,,,13,,32,,4,,7,,9,,5,3,Dépendance,,0,,,,,,2.12337,48.815155
2022-1313940,2022-11-08,000001,Vente,1025000,16,,RUE DE L ERMITAGE,0940,78000,78646,Versailles,78,,,78646000AC0041,,,13,,32,,4,,7,,9,,5,3,Dépendance,,0,,,,,,2.12337,48.815155
2022-1313940,2022-11-08,000001,Vente,1025000,16,,RUE DE L ERMITAGE,0940,78000,78646,Versailles,78,,,78646000AC0041,,,13,,32,,4,,7,,9,,5,2,Appartement,87,4,,,,,,2.12337,48.815155
2022-1313940,2022-11-08,000001,Vente,1025000,16,,RUE DE L ERMITAGE,0940,78000,78646,Versailles,78,,,78646000AC0041,,,24,,44,,46,,47,,,,4,3,Dépendance,,0,,,,,,2.12337,48.815155
2022-1313943,2022-10-19,000001,Vente,2400000,1,,AV MIRABEAU,1910,78000,78646,Versailles,78,,,78646000AM0504,,,,,,,,,,,,,0,3,Dépendance,,0,S,sols,,,758,2.138221,48.819346
2022-1313943,2022-10-19,000001,Vente,2400000,1,,AV MIRABEAU,1910,78000,78646,Versailles,78,,,78646000AM0504,,,,,,,,,,,,,0,1,Maison,329,10,S,sols,,,758,2.138221,48.819346
2022-1314013,2022-11-08,000002,Vente,2700000,2,,RUE DE L ABBE ROUSSEAUX,0020,78000,78646,Versailles,78,,,78646000BS0187,,,,,,,,,,,,,0,,,,,S,sols,,,570,2.134663,48.796697
2022-1314013,2022-11-08,000002,Vente,2700000,17,,RUE EDOUARD CHARTON,0890,78000,78646,Versailles,78,,,78646000BS0239,,,,,,,,,,,,,0,,,,,S,sols,,,29,2.134708,48.79678
2022-1314013,2022-11-08,000002,Vente,2700000,2,,RUE DE L ABBE ROUSSEAUX,0020,78000,78646,Versailles,78,,,78646000BS0241,,,,,,,,,,,,,0,,,,,S,sols,,,139,2.134957,48.796827
2022-1314013,2022-11-08,000002,Vente,2700000,2,,RUE DE L ABBE ROUSSEAUX,0020,78000,78646,Versailles,78,,,78646000BS0242,,,,,,,,,,,,,0,,,,,S,sols,,,14,2.134622,48.796597
2022-1314013,2022-11-08,000002,Vente,2700000,2,,RUE DE L ABBE ROUSSEAUX,0020,78000,78646,Versailles,78,,,78646000BS0244,,,,,,,,,,,,,0,,,,,S,sols,,,1,2.134493,48.796532
2022-1314013,2022-11-08,000002,Vente,2700000,2,,RUE DE L ABBE ROUSSEAUX,0020,78000,78646,Versailles,78,,,78646000BS0246,,,,,,,,,,,,,0,,,,,S,sols,,,4,2.134823,48.7967
2022-1314035,2022-10-25,000001,Vente,229000,29,,RUE ALBERT JOLY,0050,78000,78646,Versailles,78,,,78646000AK0085,,,116,,131,,17,,,,,,3,3,Dépendance,,0,,,,,,2.139769,48.810417
2022-1314035,2022-10-25,000001,Vente,229000,29,,RUE ALBERT JOLY,0050,78000,78646,Versailles,78,,,78646000AK0085,,,116,,131,,17,,,,,,3,2,Appartement,29,2,,,,,,2.139769,48.810417
2022-1314044,2022-11-02,000001,Vente,3700000,42,,RUE SAINT CHARLES,2710,78000,78646,Versailles,78,,,78646000AY0245,,,2,380.67,,,,,,,,,1,1,Maison,426,9,,,,,,,
2022-1314044,2022-11-02,000001,Vente,3700000,42,B,RUE SAINT CHARLES,2710,78000,78646,Versailles,78,,,78646000AY0245,,,1,145.25,,,,,,,,,1,4,Local industriel. commercial ou assimilé,57,0,,,,,,,
2022-1314044,2022-11-02,000001,Vente,3700000,42,B,RUE SAINT CHARLES,2710,78000,78646,Versailles,78,,,78646000AY0245,,,1,145.25,,,,,,,,,1,4,Local industriel. commercial ou assimilé,120,0,,,,,,,
2022-1314044,2022-11-02,000001,Vente,3700000,42,,RUE SAINT CHARLES,2710,78000,78646,Versailles,78,,,78646000AY0245,,,2,380.67,,,,,,,,,1,3,Dépendance,,0,,,,,,,
2022-1314062,2022-07-18,000001,Vente,615000,25,,RUE DU MAL FOCH,1810,78000,78646,Versailles,78,,,78646000AE0071,,,7,76.61,,,,,,,,,1,2,Appartement,77,2,,,,,,2.132239,48.80751
2022-1314080,2022-11-14,000001,Vente,338018,6,,RUE DE LA CHANCELLERIE,0500,78000,78646,Versailles,78,,,78646000AH0058,,,32,,9,,,,,,,,2,2,Appartement,43,2,,,,,,2.122839,48.80293
2022-1314111,2022-11-16,000001,Vente,132110,21,,RUE DES CHANTIERS,0530,78000,78646,Versailles,78,,,78646000BS0052,,,15,14.96,,,,,,,,,1,2,Appartement,20,1,,,,,,2.137265,48.796594
2022-1314155,2022-11-15,000001,Vente,588998,82,B,AV DE PARIS,2180,78000,78646,Versailles,78,,,78646000BN0166,,,509,94.14,539,,,,,,,,2,2,Appartement,93,5,,,,,,2.145036,48.797427
2022-1314155,2022-11-15,000001,Vente,588998,82,B,AV DE PARIS,2180,78000,78646,Versailles,78,,,78646000BN0166,,,923,,,,,,,,,,1,3,Dépendance,,0,,,,,,2.145036,48.797427
2022-1314155,2022-11-15,000001,Vente,588998,82,B,AV DE PARIS,2180,78000,78646,Versailles,78,,,78646000BN0166,,,509,94.14,539,,,,,,,,2,3,Dépendance,,0,,,,,,2.145036,48.797427
2022-1314155,2022-11-15,000001,Vente,588998,82,B,AV DE PARIS,2180,78000,78646,Versailles,78,,,78646000BN0166,,,509,94.14,539,,,,,,,,2,3,Dépendance,,0,,,,,,2.145036,48.797427
2022-1314160,2022-11-15,000001,Vente,857700,12,,RUE LOUIS HAUSSMANN,1679,78000,78646,Versailles,78,,,78646000AS0057,,,36,,,,,,,,,,1,3,Dépendance,,0,,,,,,2.14687,48.810099
2022-1314160,2022-11-15,000001,Vente,857700,12,,RUE LOUIS HAUSSMANN,1679,78000,78646,Versailles,78,,,78646000AS0057,,,5,,,,,,,,,,1,2,Appartement,119,5,,,,,,2.14687,48.810099
2022-1314160,2022-11-15,000001,Vente,857700,12,,RUE LOUIS HAUSSMANN,1679,78000,78646,Versailles,78,,,78646000AS0057,,,29,,,,,,,,,,1,3,Dépendance,,0,,,,,,2.14687,48.810099
2022-1314160,2022-11-15,000001,Vente,857700,12,,RUE LOUIS HAUSSMANN,1679,78000,78646,Versailles,78,,,78646000AS0057,,,5,,,,,,,,,,1,3,Dépendance,,0,,,,,,2.14687,48.810099
2022-1314162,2022-11-18,000001,Vente,695000,14,,BD DU ROI,2641,78000,78646,Versailles,78,,,78646000AD0186,,,20,,8,,,,,,,,2,2,Appartement,90,4,,,,,,2.127026,48.810963
2022-1314162,2022-11-18,000001,Vente,695000,14,,BD DU ROI,2641,78000,78646,Versailles,78,,,78646000AD0186,,,47,,,,,,,,,,1,3,Dépendance,,0,,,,,,2.127026,48.810963
2022-1314162,2022-11-18,000001,Vente,695000,14,,BD DU ROI,2641,78000,78646,Versailles,78,,,78646000AD0186,,,20,,8,,,,,,,,2,3,Dépendance,,0,,,,,,2.127026,48.810963
2022-1314167,2022-11-15,000001,Vente,35000,18,,RUE EDOUARD CHARTON,0890,78000,78646,Versailles,78,,,78646000BT0159,,,20,,,,,,,,,,1,3,Dépendance,,0,,,,,,2.129773,48.794796
2022-1314168,2022-11-18,000001,Vente,337400,65,,RUE DE LA PAROISSE,2190,78000,78646,Versailles,78,,,78646000AI0185,,,35,,,,,,,,,,1,2,Appartement,46,2,,,,,,2.134013,48.806671
2022-1314176,2022-11-15,000001,Vente,536000,1,B,RUE ALEXANDRE BONTEMPS,0110,78000,78646,Versailles,78,,,78646000BW0108,,,122,,159,,,,,,,,2,2,Appartement,65,3,,,,,,2.123897,48.794291
2022-1314176,2022-11-15,000001,Vente,536000,1,B,RUE ALEXANDRE BONTEMPS,0110,78000,78646,Versailles,78,,,78646000BW0108,,,122,,159,,,,,,,,2,3,Dépendance,,0,,,,,,2.123897,48.794291
2022-1314176,2022-11-15,000001,Vente,536000,1,B,RUE ALEXANDRE BONTEMPS,0110,78000,78646,Versailles,78,,,78646000BW0108,,,122,,159,,,,,,,,2,3,Dépendance,,0,,,,,,2.123897,48.794291
2022-1314222,2022-11-09,000001,Vente,220000,8,,RUE DES ETATS GENERAUX,0980,78000,78646,Versailles,78,,,78646000BR0023,,,68,39.36,,,,,,,,,1,4,Local industriel. commercial ou assimilé,49,0,,,,,,2.132006,48.800341
2022-1314231,2022-11-08,000001,Vente,1329700,17,,RUE BERTHELOT,0360,78000,78646,Versailles,78,,,78646000BE0151,,,,,,,,,,,,,0,3,Dépendance,,0,S,sols,,,565,2.158332,48.794856
2022-1314231,2022-11-08,000001,Vente,1329700,17,,RUE BERTHELOT,0360,78000,78646,Versailles,78,,,78646000BE0151,,,,,,,,,,,,,0,1,Maison,108,7,S,sols,,,565,2.158332,48.794856
2022-1314238,2022-11-17,000001,Vente,310000,17,,RUE MONTBAURON,1970,78000,78646,Versailles,78,,,78646000AI0073,,,42,,6,45.52,,,,,,,2,2,Appartement,70,4,,,,,,2.13529,48.804268
2022-1314246,2022-11-10,000001,Vente,100900,20,,RUE DU GENERAL LECLERC,1145,78000,78646,Versailles,78,,,78646000BV0075,,,45,,,,,,,,,,1,2,Appartement,15,1,,,,,,2.126175,48.798897
2022-1314248,2022-11-22,000001,Vente,130000,137,,BD DE LA REINE,2520,78000,78646,Versailles,78,,,78646000AR0090,,,10,,,,,,,,,,1,3,Dépendance,,0,,,,,,2.140981,48.808803
2022-1314248,2022-11-22,000001,Vente,130000,137,,BD DE LA REINE,2520,78000,78646,Versailles,78,,,78646000AR0090,,,11,,,,,,,,,,1,3,Dépendance,,0,,,,,,2.140981,48.808803
2022-1314253,2022-11-10,000001,Vente,334000,9,B,RUE JEAN DE LA BRUYERE,1560,78000,78646,Versailles,78,,,78646000AO0205,,,1048,65.09,1148,,,,,,,,2,2,Appartement,64,3,,,,,,2.146857,48.813978
2022-1314253,2022-11-10,000001,Vente,334000,1,,ALL LA BRUYERE,1557,78000,78646,Versailles,78,,,78646000AO0205,,,1627,,,,,,,,,,1,3,Dépendance,,0,,,,,,2.146857,48.813978
2022-1314253,2022-11-10,000001,Vente,334000,9,B,RUE JEAN DE LA BRUYERE,1560,78000,78646,Versailles,78,,,78646000AO0205,,,1048,65.09,1148,,,,,,,,2,3,Dépendance,,0,,,,,,2.146857,48.813978
2022-1314253,2022-11-10,000001,Vente,334000,9,B,RUE JEAN DE LA BRUYERE,1560,78000,78646,Versailles,78,,,78646000AO0205,,,1048,65.09,1148,,,,,,,,2,3,Dépendance,,0,,,,,,2.146857,48.813978
2022-1314256,2022-11-07,000001,Vente,256200,9,,RUE MAZIERE,1880,78000,78646,Versailles,78,,,78646000AH0190,,,5,27.92,6,27.92,,,,,,,2,2,Appartement,30,2,,,,,,2.122314,48.80036
2022-1314259,2022-11-22,000001,Vente,140000,36,,RUE DES RESERVOIRS,2580,78000,78646,Versailles,78,,,78646000AE0402,,,48,22.3,,,,,,,,,1,3,Dépendance,,0,,,,,,2.125799,48.809109
2022-1314259,2022-11-22,000001,Vente,140000,36,,RUE DES RESERVOIRS,2580,78000,78646,Versailles,78,,,78646000AE0402,,,54,,,,,,,,,,1,3,Dépendance,,0,,,,,,2.125799,48.809109
2022-1314285,2022-11-25,000001,Vente,20000,94,,RUE DE LA PAROISSE,2190,78000,78646,Versailles,78,,,78646000AI0142,,,13,10.21,,,,,,,,,1,2,Appartement,8,1,,,,,,2.134125,48.805752
2022-1314334,2022-11-07,000001,Vente,713800,15,B,BD ST ANTOINE,2690,78000,78646,Versailles,78,,,78646000AC0055,,,53,,,,,,,,,,1,3,Dépendance,,0,,,,,,2.126221,48.815848
2022-1314334,2022-11-07,000001,Vente,713800,15,B,BD ST ANTOINE,2690,78000,78646,Versailles,78,,,78646000AC0055,,,18,,,,,,,,,,1,2,Appartement,76,3,,,,,,2.126221,48.815848
2022-1314334,2022-11-07,000001,Vente,713800,15,B,BD ST ANTOINE,2690,78000,78646,Versailles,78,,,78646000AC0055,,,54,,,,,,,,,,1,3,Dépendance,,0,,,,,,2.126221,48.815848
2022-1314407,2022-11-02,000001,Vente,278000,13,,RUE DE NOAILLES,2050,78000,78646,Versailles,78,,,78646000BR0080,,,13,,,,,,,,,,1,2,Appartement,37,3,,,,,,2.135626,48.798878
2022-1314419,2022-11-15,000001,Vente,758315,17,,RUE AUGUSTA HOLMES,0240,78000,78646,Versailles,78,,,78646000BI0095,,,,,,,,,,,,,0,3,Dépendance,,0,S,sols,,,410,2.153594,48.791747
2022-1314419,2022-11-15,000001,Vente,758315,17,,RUE AUGUSTA HOLMES,0240,78000,78646,Versailles,78,,,78646000BI0095,,,,,,,,,,,,,0,1,Maison,90,6,S,sols,,,410,2.153594,48.791747
2022-1314423,2022-11-07,000001,Vente,37500,85,,AV DE SAINT CLOUD,2730,78000,78646,Versailles,78,,,78646000AI0234,,,21,7.3,,,,,,,,,1,3,Dépendance,,0,,,,,,2.138776,48.806157
2022-1314423,2022-11-07,000001,Vente,37500,85,,AV DE SAINT CLOUD,2730,78000,78646,Versailles,78,,,78646000AI0234,,,21,7.3,,,,,,,,,1,3,Dépendance,,0,,,,,,2.138776,48.806157
2022-1314449,2022-11-23,000001,Vente,1200000,6,,RUE DU MARECHAL GALLIENI,1812,78000,78646,Versailles,78,,,78646000AC0194,,,39,,40,,65,146.27,67,146.27,68,146.27,7,3,Dépendance,,0,,,,,,2.124471,48.810515
2022-1314449,2022-11-23,000001,Vente,1200000,6,,RUE DU MARECHAL GALLIENI,1812,78000,78646,Versailles,78,,,78646000AC0194,,,39,,40,,65,146.27,67,146.27,68,146.27,7,3,Dépendance,,0,,,,,,2.124471,48.810515
2022-1314449,2022-11-23,000001,Vente,1200000,6,,RUE DU MARECHAL GALLIENI,1812,78000,78646,Versailles,78,,,78646000AC0194,,,39,,40,,65,146.27,67,146.27,68,146.27,7,3,Dépendance,,0,,,,,,2.124471,48.810515
2022-1314449,2022-11-23,000001,Vente,1200000,6,,RUE DU MARECHAL GALLIENI,1812,78000,78646,Versailles,78,,,78646000AC0194,,,39,,40,,65,146.27,67,146.27,68,146.27,7,3,Dépendance,,0,,,,,,2.124471,48.810515
2022-1314449,2022-11-23,000001,Vente,1200000,6,,RUE DU MARECHAL GALLIENI,1812,78000,78646,Versailles,78,,,78646000AC0194,,,14,,,,,,,,,,1,3,Dépendance,,0,,,,,,2.124471,48.810515
2022-1314449,2022-11-23,000001,Vente,1200000,6,,RUE DU MARECHAL GALLIENI,1812,78000,78646,Versailles,78,,,78646000AC0194,,,39,,40,,65,146.27,67,146.27,68,146.27,7,3,Dépendance,,0,,,,,,2.124471,48.810515
2022-1314449,2022-11-23,000001,Vente,1200000,6,,RUE DU MARECHAL GALLIENI,1812,78000,78646,Versailles,78,,,78646000AC0194,,,39,,40,,65,146.27,67,146.27,68,146.27,7,2,Appartement,90,5,,,,,,2.124471,48.810515
2022-1314461,2022-11-25,000001,Vente,953000,4,,RUE DU PARC DE CLAGNY,2171,78000,78646,Versailles,78,,,78646000AR0096,,,1,151.41,11,,,,,,,,2,3,Dépendance,,0,,,,,,2.140276,48.808998
2022-1314461,2022-11-25,000001,Vente,953000,4,,RUE DU PARC DE CLAGNY,2171,78000,78646,Versailles,78,,,78646000AR0096,,,1,151.41,11,,,,,,,,2,2,Appartement,150,5,,,,,,2.140276,48.808998
2022-1314472,2022-11-25,000001,Vente,545455,19,B,BD DE LA REPUBLIQUE,2570,78000,78646,Versailles,78,,,78646000AW0148,,,13,,43,83.03,,,,,,,2,2,Appartement,86,5,,,,,,2.14789,48.807494
2022-1314472,2022-11-25,000001,Vente,545455,19,B,BD DE LA REPUBLIQUE,2570,78000,78646,Versailles,78,,,78646000AW0148,,,25,,,,,,,,,,1,3,Dépendance,,0,,,,,,2.14789,48.807494
2022-1314472,2022-11-25,000001,Vente,545455,19,B,BD DE LA REPUBLIQUE,2570,78000,78646,Versailles,78,,,78646000AW0148,,,13,,43,83.03,,,,,,,2,3,Dépendance,,0,,,,,,2.14789,48.807494
2022-1314479,2022-11-25,000001,Vente,513000,17,,RUE DU MAL JOFFRE,1820,78000,78646,Versailles,78,,,78646000BV0205,,,50,75.87,62,,,,,,,,2,2,Appartement,79,4,,,,,,2.122603,48.796328
2022-1314479,2022-11-25,000001,Vente,513000,17,,RUE DU MAL JOFFRE,1820,78000,78646,Versailles,78,,,78646000BV0205,,,50,75.87,62,,,,,,,,2,3,Dépendance,,0,,,,,,2.122603,48.796328
2022-1314483,2022-11-25,000001,Vente,845000,20,,RUE MARIE HENRIETTE,1850,78000,78646,Versailles,78,,,78646000AV0092,,,,,,,,,,,,,0,3,Dépendance,,0,S,sols,,,327,2.154176,48.810175
2022-1314483,2022-11-25,000001,Vente,845000,20,,RUE MARIE HENRIETTE,1850,78000,78646,Versailles,78,,,78646000AV0092,,,,,,,,,,,,,0,3,Dépendance,,0,S,sols,,,327,2.154176,48.810175
2022-1314483,2022-11-25,000001,Vente,845000,20,,RUE MARIE HENRIETTE,1850,78000,78646,Versailles,78,,,78646000AV0092,,,,,,,,,,,,,0,1,Maison,89,5,S,sols,,,327,2.154176,48.810175
2022-1314486,2022-11-15,000001,Vente,1146600,50,,RUE DE LA PAROISSE,2190,78000,78646,Versailles,78,,,78646000AE0215,,,5,155.68,,,,,,,,,1,2,Appartement,100,3,,,,,,2.129508,48.806878
2022-1314489,2022-11-24,000001,Vente,851500,13,,RUE EDOUARD LEFEBVRE,0910,78000,78646,Versailles,78,,,78646000BR0138,,,15,,4,105.14,,,,,,,2,2,Appartement,84,4,,,,,,2.132014,48.79733
2022-1314489,2022-11-24,000001,Vente,851500,13,,RUE EDOUARD LEFEBVRE,0910,78000,78646,Versailles,78,,,78646000BR0138,,,15,,4,105.14,,,,,,,2,3,Dépendance,,0,,,,,,2.132014,48.79733
2022-1314489,2022-11-24,000001,Vente,851500,13,,RUE EDOUARD LEFEBVRE,0910,78000,78646,Versailles,78,,,78646000BR0138,,,15,,4,105.14,,,,,,,2,3,Dépendance,,0,,,,,,2.132014,48.79733
2022-1314489,2022-11-24,000001,Vente,851500,13,,RUE EDOUARD LEFEBVRE,0910,78000,78646,Versailles,78,,,78646000BR0138,,,15,,4,105.14,,,,,,,2,3,Dépendance,,0,,,,,,2.132014,48.79733
2022-1314494,2022-11-22,000001,Vente,150000,58,,AV DE SAINT CLOUD,2730,78000,78646,Versailles,78,,,78646000BP0063,,,18,,25,,4,50.49,,,,,3,2,Appartement,54,3,,,,,,2.139456,48.805092
2022-1314494,2022-11-22,000001,Vente,150000,58,,AV DE SAINT CLOUD,2730,78000,78646,Versailles,78,,,78646000BP0063,,,18,,25,,4,50.49,,,,,3,3,Dépendance,,0,,,,,,2.139456,48.805092
2022-1314496,2022-11-14,000001,Vente,1350000,50,,RUE DE LA PAROISSE,2190,78000,78646,Versailles,78,,,78646000AE0215,,,13,,25,,4,,,,,,3,4,Local industriel. commercial ou assimilé,180,0,,,,,,2.129508,48.806878
2022-1314497,2022-11-21,000001,Vente,1315000,25,,AV DU LOUVRE,1705,78000,78646,Versailles,78,,,78646000BC0110,,,,,,,,,,,,,0,1,Maison,132,4,S,sols,,,652,2.155822,48.801278
2022-1314497,2022-11-21,000001,Vente,1315000,25,,AV DU LOUVRE,1705,78000,78646,Versailles,78,,,78646000BC0110,,,,,,,,,,,,,0,3,Dépendance,,0,S,sols,,,652,2.155822,48.801278
2022-1314497,2022-11-21,000001,Vente,1315000,25,,AV DU LOUVRE,1705,78000,78646,Versailles,78,,,78646000BC0110,,,,,,,,,,,,,0,3,Dépendance,,0,S,sols,,,652,2.155822,48.801278
2022-1314504,2022-11-23,000001,Vente,603016,14,,RUE HOCHE,1350,78000,78646,Versailles,78,,,78646000AE0438,,,58,,69,70.97,74,,,,,,3,2,Appartement,62,3,,,,,,2.129024,48.806411
2022-1314504,2022-11-23,000001,Vente,603016,14,,RUE HOCHE,1350,78000,78646,Versailles,78,,,78646000AE0438,,,58,,69,70.97,74,,,,,,3,3,Dépendance,,0,,,,,,2.129024,48.806411
2022-1314504,2022-11-23,000001,Vente,603016,14,,RUE HOCHE,1350,78000,78646,Versailles,78,,,78646000AE0438,,,58,,69,70.97,74,,,,,,3,3,Dépendance,,0,,,,,,2.129024,48.806411
2022-1314507,2022-11-17,000001,Vente,14000,12,,RUE SAINT SIMON,2880,78000,78646,Versailles,78,,,78646000AI0062,,,12,1.27,13,7.29,,,,,,,2,3,Dépendance,,0,,,,,,2.134379,48.803888
2022-1314507,2022-11-17,000001,Vente,14000,12,,RUE SAINT SIMON,2880,78000,78646,Versailles,78,,,78646000AI0062,,,12,1.27,13,7.29,,,,,,,2,2,Appartement,34,2,,,,,,2.134379,48.803888
2022-1314507,2022-11-17,000001,Vente,14000,12,,RUE SAINT SIMON,2880,78000,78646,Versailles,78,,,78646000AI0062,,,12,1.27,13,7.29,,,,,,,2,3,Dépendance,,0,,,,,,2.134379,48.803888
2022-1314529,2022-11-22,000001,Vente,25000,10,,RUE MONTBAURON,1970,78000,78646,Versailles,78,,,78646000BP0240,,,8,8.23,,,,,,,,,1,3,Dépendance,,0,,,,,,2.135413,48.803577
2022-1314535,2022-11-29,000001,Vente,273780,86,,RUE D ANJOU,0190,78000,78646,Versailles,78,,,78646000BT0080,,,19,,,,,,,,,,1,3,Dépendance,,0,,,,,,2.12952,48.795748
2022-1314535,2022-11-29,000001,Vente,273780,86,,RUE D ANJOU,0190,78000,78646,Versailles,78,,,78646000BT0080,,,10,,,,,,,,,,1,3,Dépendance,,0,,,,,,2.12952,48.795748
2022-1314535,2022-11-29,000001,Vente,273780,86,,RUE D ANJOU,0190,78000,78646,Versailles,78,,,78646000BT0080,,,11,38.9,,,,,,,,,1,2,Appartement,50,2,,,,,,2.12952,48.795748
2022-1314549,2022-11-29,000001,Vente,1600000,67,,BD DE LA REINE,2520,78000,78646,Versailles,78,,,78646000AD0071,,,29,,35,147.12,,,,,,,2,2,Appartement,140,4,,,,,,2.130815,48.809531
2022-1314549,2022-11-29,000001,Vente,1600000,67,,BD DE LA REINE,2520,78000,78646,Versailles,78,,,78646000AD0071,,,12,,,,,,,,,,1,3,Dépendance,,0,,,,,,2.130815,48.809531
2022-1314549,2022-11-29,000001,Vente,1600000,67,,BD DE LA REINE,2520,78000,78646,Versailles,78,,,78646000AD0071,,,11,,,,,,,,,,1,3,Dépendance,,0,,,,,,2.130815,48.809531
2022-1314550,2022-11-25,000001,Vente en l'état futur d'achèvement,575000,,,LA SABLIERE,B029,78000,78646,Versailles,78,,,78646000BY0108,,,410,,,,,,,,,,1,,,,,,,,,,2.079319,48.802074
2022-1314550,2022-11-25,000001,Vente en l'état futur d'achèvement,575000,,,LA SABLIERE,B029,78000,78646,Versailles,78,,,78646000BY0108,,,420,,,,,,,,,,1,,,,,,,,,,2.079319,48.802074
2022-1314550,2022-11-25,000001,Vente en l'état futur d'achèvement,575000,,,LA SABLIERE,B029,78000,78646,Versailles,78,,,78646000BY0108,,,115,,,,,,,,,,1,,,,,,,,,,2.079319,48.802074
2022-1314578,2022-11-28,000001,Vente,920000,86,,RUE ALBERT SARRAUT,0080,78000,78646,Versailles,78,,,78646000BL0398,,3,,,,,,,,,,,0,,,,,,,,,,2.146692,48.792486
2022-1314580,2022-11-24,000001,Vente,50000,5,,RUE MADEMOISELLE,1740,78000,78646,Versailles,78,,,78646000AD0045,,,23,11.73,,,,,,,,,1,3,Dépendance,,0,,,,,,2.128701,48.8099
2022-1314610,2022-11-14,000001,Vente en l'état futur d'achèvement,453000,104,,AV DE PARIS,2180,78000,78646,Versailles,78,,,78646000BK0019,,,95,,,,,,,,,,1,3,Dépendance,,0,,,,,,2.150393,48.797197
2022-1314610,2022-11-14,000001,Vente en l'état futur d'achèvement,453000,104,,AV DE PARIS,2180,78000,78646,Versailles,78,,,78646000BK0019,,,94,,,,,,,,,,1,3,Dépendance,,0,,,,,,2.150393,48.797197
2022-1314610,2022-11-14,000001,Vente en l'état futur d'achèvement,453000,104,,AV DE PARIS,2180,78000,78646,Versailles,78,,,78646000BK0019,,,26,,,,,,,,,,1,2,Appartement,44,2,,,,,,2.150393,48.797197
2022-1314622,2022-11-09,000001,Vente,482000,58,,AV DE PARIS,2180,78000,78646,Versailles,78,,,78646000BN0004,,,27,,,,,,,,,,1,3,Dépendance,,0,,,,,,2.138521,48.799382
2022-1314622,2022-11-09,000001,Vente,482000,58,,AV DE PARIS,2180,78000,78646,Versailles,78,,,78646000BN0004,,,27,,,,,,,,,,1,2,Appartement,74,4,,,,,,2.138521,48.799382
2022-1314677,2022-11-09,000001,Vente,20000,8,,RUE DES ETATS GENERAUX,0980,78000,78646,Versailles,78,,,78646000BR0023,,,69,,,,,,,,,,1,4,Local industriel. commercial ou assimilé,161,0,,,,,,2.132006,48.800341
2022-1314684,2022-11-30,000001,Vente,685500,13,,RUE DES RECOLLETS,2500,78000,78646,Versailles,78,,,78646000AH0055,,,22,,32,,,,,,,,2,2,Appartement,66,2,,,,,,2.122307,48.801671
2022-1314684,2022-11-30,000001,Vente,685500,13,,RUE DES RECOLLETS,2500,78000,78646,Versailles,78,,,78646000AH0055,,,22,,32,,,,,,,,2,3,Dépendance,,0,,,,,,2.122307,48.801671
2022-1314695,2022-11-28,000001,Vente,810000,13,,RUE DELAUNAY,0760,78000,78646,Versailles,78,,,78646000AB0046,,,52,,6,98.48,,,,,,,2,2,Appartement,100,5,,,,,,2.123503,48.816273
2022-1314695,2022-11-28,000001,Vente,810000,13,,RUE DELAUNAY,0760,78000,78646,Versailles,78,,,78646000AB0046,,,26,,,,,,,,,,1,3,Dépendance,,0,,,,,,2.123503,48.816273
2022-1314695,2022-11-28,000001,Vente,810000,13,,RUE DELAUNAY,0760,78000,78646,Versailles,78,,,78646000AB0046,,,52,,6,98.48,,,,,,,2,3,Dépendance,,0,,,,,,2.123503,48.816273
2022-1314699,2022-11-07,000001,Vente,1450000,15,,AV DE PARIS,2180,78000,78646,Versailles,78,,,78646000AI0248,,,110,,,,,,,,,,1,3,Dépendance,,0,,,,,,2.13366,48.801942
2022-1314699,2022-11-07,000001,Vente,1450000,15,,AV DE PARIS,2180,78000,78646,Versailles,78,,,78646000AI0248,,,103,,129,190.01,135,,136,,144,,6,2,Appartement,150,7,,,,,,2.13366,48.801942
2022-1314699,2022-11-07,000001,Vente,1450000,15,,AV DE PARIS,2180,78000,78646,Versailles,78,,,78646000AI0248,,,152,,,,,,,,,,1,3,Dépendance,,0,,,,,,2.13366,48.801942
2022-1314699,2022-11-07,000001,Vente,1450000,15,,AV DE PARIS,2180,78000,78646,Versailles,78,,,78646000AI0248,,,142,,,,,,,,,,1,3,Dépendance,,0,,,,,,2.13366,48.801942
2022-1314699,2022-11-07,000001,Vente,1450000,15,,AV DE PARIS,2180,78000,78646,Versailles,78,,,78646000AI0248,,,136,,,,,,,,,,1,3,Dépendance,,0,,,,,,2.13366,48.801942
2022-1314699,2022-11-07,000001,Vente,1450000,15,,AV DE PARIS,2180,78000,78646,Versailles,78,,,78646000AI0248,,,135,,,,,,,,,,1,3,Dépendance,,0,,,,,,2.13366,48.801942
2022-1314699,2022-11-07,000001,Vente,1450000,15,,AV DE PARIS,2180,78000,78646,Versailles,78,,,78646000AI0248,,,121,,,,,,,,,,1,3,Dépendance,,0,,,,,,2.13366,48.801942
2022-1314699,2022-11-07,000001,Vente,1450000,15,,AV DE PARIS,2180,78000,78646,Versailles,78,,,78646000AI0248,,,110,,,,,,,,,,1,2,Appartement,150,7,,,,,,2.13366,48.801942
2022-1314699,2022-11-07,000001,Vente,1450000,15,,AV DE PARIS,2180,78000,78646,Versailles,78,,,78646000AI0248,,,103,,129,190.01,135,,136,,144,,6,3,Dépendance,,0,,,,,,2.13366,48.801942
2022-1314699,2022-11-07,000001,Vente,1450000,15,,AV DE PARIS,2180,78000,78646,Versailles,78,,,78646000AI0248,,,103,,129,190.01,135,,136,,144,,6,3,Dépendance,,0,,,,,,2.13366,48.801942
2022-1314699,2022-11-07,000001,Vente,1450000,15,,AV DE PARIS,2180,78000,78646,Versailles,78,,,78646000AI0248,,,110,,,,,,,,,,1,3,Dépendance,,0,,,,,,2.13366,48.801942
2022-1314701,2022-11-30,000001,Vente,480000,7,T,RUE SAINT CHARLES,2710,78000,78646,Versailles,78,,,78646000AY0191,,,16,,,,,,,,,,1,3,Dépendance,,0,,,,,,2.148986,48.80127
2022-1314701,2022-11-30,000001,Vente,480000,7,T,RUE SAINT CHARLES,2710,78000,78646,Versailles,78,,,78646000AY0191,,,18,80.95,5,,,,,,,,2,3,Dépendance,,0,,,,,,2.148986,48.80127
2022-1314701,2022-11-30,000001,Vente,480000,7,T,RUE SAINT CHARLES,2710,78000,78646,Versailles,78,,,78646000AY0191,,,18,80.95,5,,,,,,,,2,2,Appartement,80,3,,,,,,2.148986,48.80127
2022-1314711,2022-12-02,000001,Vente,24000,19,B,RUE DU PONT COLBERT,2370,78000,78646,Versailles,78,,,78646000BI0284,,,82,,,,,,,,,,1,3,Dépendance,,0,,,,,,2.151506,48.789725
2022-1314720,2022-11-15,000001,Vente,880000,9001,,RPT DE SATORY,2949,78000,78646,Versailles,78,,,78646000BX0082,,,,,,,,,,,,,0,4,Local industriel. commercial ou assimilé,267,0,S,sols,,,472,2.117798,48.790304
2022-1314720,2022-11-15,000001,Vente,880000,9001,,RPT DE SATORY,2949,78000,78646,Versailles,78,,,78646000BX0082,,,,,,,,,,,,,0,1,Maison,84,3,S,sols,,,472,2.117798,48.790304
2022-1314720,2022-11-15,000001,Vente,880000,,,AV CLEMENT ADER,0616,78000,78646,Versailles,78,,,78646000BX0185,,,,,,,,,,,,,0,,,,,BS,taillis sous futaie,,,410,2.117762,48.790397
2022-1314762,2022-11-21,000001,Vente,285000,43,,AV DE SAINT CLOUD,2730,78000,78646,Versailles,78,,,78646000AI0126,,,61,45.62,,,,,,,,,1,2,Appartement,35,2,,,,,,2.133262,48.805665
2022-1314762,2022-11-21,000001,Vente,285000,43,,AV DE SAINT CLOUD,2730,78000,78646,Versailles,78,,,78646000AI0126,,,61,45.62,,,,,,,,,1,3,Dépendance,,0,,,,,,2.133262,48.805665
2022-1314774,2022-11-23,000001,Vente,145000,16,,RUE MONTBAURON,1970,78000,78646,Versailles,78,,,78646000BP0015,,,35,19.43,,,,,,,,,1,2,Appartement,19,1,,,,,,2.136032,48.804213
2022-1314774,2022-11-23,000001,Vente,145000,16,,RUE MONTBAURON,1970,78000,78646,Versailles,78,,,78646000BP0015,,,35,19.43,,,,,,,,,1,3,Dépendance,,0,,,,,,2.136032,48.804213
2022-1314813,2022-12-01,000001,Vente,215000,64,,RUE DES CHANTIERS,0530,78000,78646,Versailles,78,,,78646000BL0326,,,440,,84,,,,,,,,2,3,Dépendance,,0,,,,,,2.143523,48.792624
2022-1314813,2022-12-01,000001,Vente,215000,64,,RUE DES CHANTIERS,0530,78000,78646,Versailles,78,,,78646000BL0326,,,378,,,,,,,,,,1,3,Dépendance,,0,,,,,,2.143523,48.792624
2022-1314813,2022-12-01,000001,Vente,215000,64,,RUE DES CHANTIERS,0530,78000,78646,Versailles,78,,,78646000BL0326,,,440,,84,,,,,,,,2,2,Appartement,37,1,,,,,,2.143523,48.792624
2022-1314854,2022-11-10,000001,Vente,10000,9,,PL HOCHE,1340,78000,78646,Versailles,78,,,78646000AE0222,,,25,,,,,,,,,,1,4,Local industriel. commercial ou assimilé,156,0,,,,,,2.128824,48.806241
2022-1314857,2022-11-10,000001,Vente,482620,21,,BD ST ANTOINE,2690,78000,78646,Versailles,78,,,78646000AC0054,,,304,75.54,464,,,,,,,,2,2,Appartement,76,3,,,,,,2.125692,48.815948
2022-1314857,2022-11-10,000001,Vente,482620,21,,BD ST ANTOINE,2690,78000,78646,Versailles,78,,,78646000AC0054,,,304,75.54,464,,,,,,,,2,3,Dépendance,,0,,,,,,2.125692,48.815948
2022-1314857,2022-11-10,000001,Vente,482620,21,,BD ST ANTOINE,2690,78000,78646,Versailles,78,,,78646000AC0054,,,505,,,,,,,,,,1,3,Dépendance,,0,,,,,,2.125692,48.815948
2022-1314868,2022-11-25,000001,Vente,35000,1,,RUE RICHAUD,2610,78000,78646,Versailles,78,,,78646000AI0317,,,160,,,,,,,,,,1,3,Dépendance,,0,,,,,,2.133269,48.807902
2022-1314873,2022-11-30,000001,Vente,2155000,33,,AV FOURCAULT DE PAVANT,1090,78000,78646,Versailles,78,,,78646000AM0513,,,,,,,,,,,,,0,1,Maison,219,8,S,sols,,,800,2.143391,48.818721
2022-1314873,2022-11-30,000001,Vente,2155000,8,,BD DE GLATIGNY,1275,78000,78646,Versailles,78,,,78646000AM0590,,,,,,,,,,,,,0,,,,,AG,terrains d'agrément,,,210,2.143069,48.818741
2022-1314881,2022-11-29,000001,Vente,81000,77,,RUE DES CHANTIERS,0530,78000,78646,Versailles,78,,,78646000BL0366,,,,,,,,,,,,,0,,,,,S,sols,,,177,2.144495,48.792724
2022-1314910,2022-11-16,000001,Vente,742000,88,,RUE YVES LE COZ,3210,78000,78646,Versailles,78,,,78646000BK0119,,,,,,,,,,,,,0,1,Maison,110,4,S,sols,,,172,2.154687,48.794437
2022-1314924,2022-11-09,000001,Vente,845000,2,B,RUE DE SAVOIE,2970,78000,78646,Versailles,78,,,78646000AC0172,,,3,110.21,,,,,,,,,1,2,Appartement,105,5,,,,,,2.125412,48.811171
2022-1314924,2022-11-09,000001,Vente,845000,2,B,RUE DE SAVOIE,2970,78000,78646,Versailles,78,,,78646000AC0172,,,19,,,,,,,,,,1,3,Dépendance,,0,,,,,,2.125412,48.811171
2022-1314943,2022-12-01,000001,Vente,114000,26,,RUE DES CHANTIERS,0530,78000,78646,Versailles,78,,,78646000BS0088,,,13,,,,,,,,,,1,2,Appartement,15,1,,,,,,2.137978,48.79584
2022-1314975,2022-11-25,000001,Vente,560000,28,,RUE DES ETATS GENERAUX,0980,78000,78646,Versailles,78,,,78646000BR0125,,,42,,9,76,,,,,,,2,2,Appartement,77,3,,,,,,2.134083,48.798177
2022-1314975,2022-11-25,000001,Vente,560000,28,,RUE DES ETATS GENERAUX,0980,78000,78646,Versailles,78,,,78646000BR0125,,,42,,9,76,,,,,,,2,3,Dépendance,,0,,,,,,2.134083,48.798177
2022-1314975,2022-11-25,000001,Vente,560000,28,,RUE DES ETATS GENERAUX,0980,78000,78646,Versailles,78,,,78646000BR0125,,,20,,,,,,,,,,1,3,Dépendance,,0,,,,,,2.134083,48.798177
2022-1314975,2022-11-25,000001,Vente,560000,28,,RUE DES ETATS GENERAUX,0980,78000,78646,Versailles,78,,,78646000BR0125,,,42,,9,76,,,,,,,2,3,Dépendance,,0,,,,,,2.134083,48.798177
2022-1315054,2022-11-10,000001,Vente,558900,52,,AV DE VILLENEUVE L ETANG,3200,78000,78646,Versailles,78,,,78646000AO0195,,,1670,,,,,,,,,,1,3,Dépendance,,0,,,,,,2.148734,48.818785
2022-1315054,2022-11-10,000001,Vente,558900,52,,AV DE VILLENEUVE L ETANG,3200,78000,78646,Versailles,78,,,78646000AO0195,,,1669,,,,,,,,,,1,3,Dépendance,,0,,,,,,2.148734,48.818785
2022-1315054,2022-11-10,000001,Vente,558900,52,,AV DE VILLENEUVE L ETANG,3200,78000,78646,Versailles,78,,,78646000AO0195,,,1203,,1798,,,,,,,,2,2,Appartement,75,3,,,,,,2.148734,48.818785
2022-1315058,2022-12-01,000001,Vente,1240000,17,,RUE DES MOINES,1930,78000,78646,Versailles,78,,,78646000BI0149,,,,,,,,,,,,,0,1,Maison,120,8,S,sols,,,396,2.154875,48.792925
2022-1315064,2022-11-22,000001,Vente,1200000,4,,RUE DE LA CEINTURE,0460,78000,78646,Versailles,78,,,78646000AW0006,,,962,,,,,,,,,,1,3,Dépendance,,0,,,,,,2.15013,48.808121
2022-1315064,2022-11-22,000001,Vente,1200000,14,,RUE HENRI SIMON,1330,78000,78646,Versailles,78,,,78646000AX0143,,,7,,,,,,,,,,1,3,Dépendance,,0,,,,,,2.148487,48.806017
2022-1315064,2022-11-22,000001,Vente,1200000,14,,RUE HENRI SIMON,1330,78000,78646,Versailles,78,,,78646000AX0143,,,8,,,,,,,,,,1,3,Dépendance,,0,,,,,,2.148487,48.806017
2022-1315064,2022-11-22,000001,Vente,1200000,14,,RUE HENRI SIMON,1330,78000,78646,Versailles,78,,,78646000AX0143,,,3,,6,,,,,,,,2,2,Appartement,43,1,,,,,,2.148487,48.806017
2022-1315064,2022-11-22,000001,Vente,1200000,14,,RUE HENRI SIMON,1330,78000,78646,Versailles,78,,,78646000AX0143,,,2,,5,,,,,,,,2,2,Appartement,62,3,,,,,,2.148487,48.806017
2022-1315064,2022-11-22,000001,Vente,1200000,14,,RUE HENRI SIMON,1330,78000,78646,Versailles,78,,,78646000AX0143,,,1,,4,,,,,,,,2,3,Dépendance,,0,,,,,,2.148487,48.806017
2022-1315064,2022-11-22,000001,Vente,1200000,14,,RUE HENRI SIMON,1330,78000,78646,Versailles,78,,,78646000AX0143,,,3,,6,,,,,,,,2,3,Dépendance,,0,,,,,,2.148487,48.806017
2022-1315064,2022-11-22,000001,Vente,1200000,14,,RUE HENRI SIMON,1330,78000,78646,Versailles,78,,,78646000AX0143,,,2,,5,,,,,,,,2,3,Dépendance,,0,,,,,,2.148487,48.806017
2022-1315064,2022-11-22,000001,Vente,1200000,14,,RUE HENRI SIMON,1330,78000,78646,Versailles,78,,,78646000AX0143,,,1,,4,,,,,,,,2,2,Appartement,71,3,,,,,,2.148487,48.806017
2022-1315064,2022-11-22,000001,Vente,1200000,14,B,RUE BENJAMIN FRANKLIN,0340,78000,78646,Versailles,78,,,78646000BR0190,,,339,,,,,,,,,,1,3,Dépendance,,0,,,,,,2.135581,48.798108
2022-1315082,2022-11-30,000001,Vente,159055,21,,RUE DE LA CEINTURE,0460,78000,78646,Versailles,78,,,78646000AV0076,,,9,16.99,,,,,,,,,1,2,Appartement,20,1,,,,,,2.153275,48.808959
2022-1315084,2022-11-30,000001,Vente,155000,58,,RUE DES CHANTIERS,0530,78000,78646,Versailles,78,,,78646000BL0327,,,499,22.44,,,,,,,,,1,2,Appartement,21,1,,,,,,2.142467,48.792993
2022-1315125,2022-11-30,000001,Vente,229750,57,,RUE EXELMANS,1020,78000,78646,Versailles,78,,,78646000AC0262,,,205,,,,,,,,,,1,3,Dépendance,,0,,,,,,2.126785,48.814611
2022-1315125,2022-11-30,000001,Vente,229750,57,,RUE EXELMANS,1020,78000,78646,Versailles,78,,,78646000AC0262,,,127,,64,31.17,,,,,,,2,2,Appartement,28,1,,,,,,2.126785,48.814611
2022-1315125,2022-11-30,000001,Vente,229750,57,,RUE EXELMANS,1020,78000,78646,Versailles,78,,,78646000AC0262,,,127,,64,31.17,,,,,,,2,3,Dépendance,,0,,,,,,2.126785,48.814611
2022-1315136,2022-11-15,000001,Vente,206000,79,,AV DE SAINT CLOUD,2730,78000,78646,Versailles,78,,,78646000AI0236,,,12,26.78,,,,,,,,,1,3,Dépendance,,0,,,,,,2.138101,48.806152
2022-1315136,2022-11-15,000001,Vente,206000,79,,AV DE SAINT CLOUD,2730,78000,78646,Versailles,78,,,78646000AI0236,,,12,26.78,,,,,,,,,1,3,Dépendance,,0,,,,,,2.138101,48.806152
2022-1315136,2022-11-15,000001,Vente,206000,79,,AV DE SAINT CLOUD,2730,78000,78646,Versailles,78,,,78646000AI0236,,,12,26.78,,,,,,,,,1,2,Appartement,28,2,,,,,,2.138101,48.806152
2022-1315144,2022-12-08,000001,Vente,387000,10,,RUE EDOUARD LEFEBVRE,0910,78000,78646,Versailles,78,,,78646000BR0147,,,14,60.46,37,,,,,,,,2,2,Appartement,65,2,,,,,,2.132117,48.798291
2022-1315144,2022-12-08,000001,Vente,387000,10,,RUE EDOUARD LEFEBVRE,0910,78000,78646,Versailles,78,,,78646000BR0147,,,14,60.46,37,,,,,,,,2,3,Dépendance,,0,,,,,,2.132117,48.798291
2022-1315150,2022-12-08,000001,Vente,577000,3,,RUE JEAN DE LA BRUYERE,1560,78000,78646,Versailles,78,,,78646000AO0005,,,49,,,,,,,,,,1,3,Dépendance,,0,,,,,,2.145809,48.814826
2022-1315150,2022-12-08,000001,Vente,577000,3,,RUE JEAN DE LA BRUYERE,1560,78000,78646,Versailles,78,,,78646000AO0005,,,12,,75,,,,,,,,2,3,Dépendance,,0,,,,,,2.145809,48.814826
2022-1315150,2022-12-08,000001,Vente,577000,3,,RUE JEAN DE LA BRUYERE,1560,78000,78646,Versailles,78,,,78646000AO0005,,,12,,75,,,,,,,,2,2,Appartement,105,3,,,,,,2.145809,48.814826
2022-1315154,2022-11-24,000001,Vente,35000,39,,BD DU ROI,2641,78000,78646,Versailles,78,,,78646000AC0108,,,141,,,,,,,,,,1,3,Dépendance,,0,,,,,,2.127742,48.814503
2022-1315201,2022-12-07,000001,Vente,100000,52,,AV DE SAINT CLOUD,2730,78000,78646,Versailles,78,,,78646000BP0007,,,3,17.84,,,,,,,,,1,2,Appartement,18,1,,,,,,2.13678,48.804946
2022-1315210,2022-12-07,000001,Vente,384000,8,,RUE DU GENERAL PERSHING,1170,78000,78646,Versailles,78,,,78646000AS0052,,,105,,232,,3,74.87,,,,,3,3,Dépendance,,0,,,,,,2.151367,48.813337
2022-1315210,2022-12-07,000001,Vente,384000,8,,RUE DU GENERAL PERSHING,1170,78000,78646,Versailles,78,,,78646000AS0052,,,211,,,,,,,,,,1,3,Dépendance,,0,,,,,,2.151367,48.813337
2022-1315210,2022-12-07,000001,Vente,384000,8,,RUE DU GENERAL PERSHING,1170,78000,78646,Versailles,78,,,78646000AS0052,,,105,,232,,3,74.87,,,,,3,2,Appartement,71,3,,,,,,2.151367,48.813337
2022-1315210,2022-12-07,000001,Vente,384000,8,,RUE DU GENERAL PERSHING,1170,78000,78646,Versailles,78,,,78646000AS0052,,,105,,232,,3,74.87,,,,,3,3,Dépendance,,0,,,,,,2.151367,48.813337
2022-1315225,2022-11-28,000001,Vente,30000,58,,RUE DES CHANTIERS,0530,78000,78646,Versailles,78,,,78646000BL0327,,,444,,,,,,,,,,1,3,Dépendance,,0,,,,,,2.142467,48.792993
2022-1315234,2022-11-18,000001,Vente,310000,4,,ALL LA BRUYERE,1557,78000,78646,Versailles,78,,,78646000AO0205,,,1367,58.31,1567,,,,,,,,2,3,Dépendance,,0,,,,,,2.146857,48.813978
2022-1315234,2022-11-18,000001,Vente,310000,1,,ALL LA BRUYERE,1557,78000,78646,Versailles,78,,,78646000AO0205,,,1841,,,,,,,,,,1,3,Dépendance,,0,,,,,,2.146857,48.813978
2022-1315234,2022-11-18,000001,Vente,310000,4,,ALL LA BRUYERE,1557,78000,78646,Versailles,78,,,78646000AO0205,,,1367,58.31,1567,,,,,,,,2,2,Appartement,60,2,,,,,,2.146857,48.813978
2022-1315252,2022-12-12,000001,Vente,321100,2,T,RUE DU FOYER VERSAILLAIS,1100,78000,78646,Versailles,78,,,78646000BL0294,,,311,,346,,,,,,,,2,2,Appartement,66,4,,,,,,2.146987,48.791716
2022-1315252,2022-12-12,000001,Vente,321100,2,T,RUE DU FOYER VERSAILLAIS,1100,78000,78646,Versailles,78,,,78646000BL0294,,,311,,346,,,,,,,,2,3,Dépendance,,0,,,,,,2.146987,48.791716
2022-1315266,2022-12-09,000001,Vente,142000,11,,RUE SAINTE SOPHIE,2890,78000,78646,Versailles,78,,,78646000AD0444,,,10,,,,,,,,,,1,2,Appartement,34,1,,,,,,2.132888,48.810876
2022-1315266,2022-12-09,000001,Vente,142000,11,,RUE SAINTE SOPHIE,2890,78000,78646,Versailles,78,,,78646000AD0444,,,10,,,,,,,,,,1,3,Dépendance,,0,,,,,,2.132888,48.810876
2022-1315292,2022-11-28,000001,Vente,398550,46,,RUE DES BOURDONNAIS,0400,78000,78646,Versailles,78,,,78646000BW0030,,,17,,,,,,,,,,1,3,Dépendance,,0,,,,,,2.129529,48.794429
2022-1315292,2022-11-28,000001,Vente,398550,46,,RUE DES BOURDONNAIS,0400,78000,78646,Versailles,78,,,78646000BW0030,,,17,,,,,,,,,,1,2,Appartement,42,2,,,,,,2.129529,48.794429
2022-1315375,2022-11-17,000001,Vente,255000,9,,RUE DU PARC DE CLAGNY,2171,78000,78646,Versailles,78,,,78646000AK0183,,,11,,45,40.74,,,,,,,2,4,Local industriel. commercial ou assimilé,39,0,,,,,,2.139976,48.809983
2022-1315378,2022-11-16,000001,Vente,504000,12,,AV DE LA TRANQUILLITE,3055,78000,78646,Versailles,78,,,78646000AZ0110,,,125,,203,112.2,,,,,,,2,3,Dépendance,,0,,,,,,2.158672,48.8041
2022-1315378,2022-11-16,000001,Vente,504000,12,,AV DE LA TRANQUILLITE,3055,78000,78646,Versailles,78,,,78646000AZ0110,,,125,,203,112.2,,,,,,,2,2,Appartement,113,5,,,,,,2.158672,48.8041
2022-1315378,2022-11-16,000001,Vente,504000,5,,RUE DE L ECOLE DES POSTES,0850,78000,78646,Versailles,78,,,78646000AZ0110,,,2747,,,,,,,,,,1,3,Dépendance,,0,,,,,,2.158672,48.8041
2022-1315381,2022-12-02,000001,Vente,8500,37,,RUE DE LA CEINTURE,0460,78000,78646,Versailles,78,,,78646000AV0141,,,68,,,,,,,,,,1,3,Dépendance,,0,,,,,,,
2022-1315386,2022-12-08,000001,Vente en l'état futur d'achèvement,155400,,,LA SABLIERE,B029,78000,78646,Versailles,78,,,78646000BY0108,,,470,,,,,,,,,,1,,,,,,,,,,2.079319,48.802074
2022-1315386,2022-12-08,000001,Vente en l'état futur d'achèvement,155400,,,LA SABLIERE,B029,78000,78646,Versailles,78,,,78646000BY0108,,,460,,,,,,,,,,1,,,,,,,,,,2.079319,48.802074
2022-1315386,2022-12-08,000001,Vente en l'état futur d'achèvement,155400,,,LA SABLIERE,B029,78000,78646,Versailles,78,,,78646000BY0108,,,469,,,,,,,,,,1,,,,,,,,,,2.079319,48.802074
2022-1315386,2022-12-08,000001,Vente en l'état futur d'achèvement,155400,,,LA SABLIERE,B029,78000,78646,Versailles,78,,,78646000BY0108,,,472,,,,,,,,,,1,,,,,,,,,,2.079319,48.802074
2022-1315386,2022-12-08,000001,Vente en l'état futur d'achèvement,155400,,,LA SABLIERE,B029,78000,78646,Versailles,78,,,78646000BY0108,,,468,,,,,,,,,,1,,,,,,,,,,2.079319,48.802074
2022-1315386,2022-12-08,000001,Vente en l'état futur d'achèvement,155400,,,LA SABLIERE,B029,78000,78646,Versailles,78,,,78646000BY0108,,,471,,,,,,,,,,1,,,,,,,,,,2.079319,48.802074
2022-1315386,2022-12-08,000001,Vente en l'état futur d'achèvement,155400,,,LA SABLIERE,B029,78000,78646,Versailles,78,,,78646000BY0108,,,467,,,,,,,,,,1,,,,,,,,,,2.079319,48.802074
2022-1315396,2022-12-13,000001,Vente,275896,86,,RUE D ANJOU,0190,78000,78646,Versailles,78,,,78646000BT0080,,,21,,,,,,,,,,1,3,Dépendance,,0,,,,,,2.12952,48.795748
2022-1315396,2022-12-13,000001,Vente,275896,86,,RUE D ANJOU,0190,78000,78646,Versailles,78,,,78646000BT0080,,,1,,25,,26,,,,,,3,2,Appartement,50,2,,,,,,2.12952,48.795748
2022-1315425,2022-12-07,000001,Vente,280000,3,,RUE D ARTOIS,0210,78000,78646,Versailles,78,,,78646000AX0342,,,40,,41,,5,39.22,6,,,,4,2,Appartement,39,2,,,,,,2.144717,48.804175
2022-1315425,2022-12-07,000001,Vente,280000,3,,RUE D ARTOIS,0210,78000,78646,Versailles,78,,,78646000AX0342,,,40,,41,,5,39.22,6,,,,4,3,Dépendance,,0,,,,,,2.144717,48.804175
2022-1315444,2022-11-29,000001,Vente,350000,38,,RUE DE L ORANGERIE,2110,78000,78646,Versailles,78,,,78646000BV0028,,,18,,,,,,,,,,1,2,Appartement,58,2,,,,,,2.124076,48.799559
2022-1315444,2022-11-29,000001,Vente,350000,38,,RUE DE L ORANGERIE,2110,78000,78646,Versailles,78,,,78646000BV0028,,,18,,,,,,,,,,1,3,Dépendance,,0,,,,,,2.124076,48.799559
2022-1315445,2022-11-28,000001,Vente,584000,28,,RUE HENRI SIMON,1330,78000,78646,Versailles,78,,,78646000AW0006,,,423,,,,,,,,,,1,2,Appartement,83,3,,,,,,2.15013,48.808121
2022-1315445,2022-11-28,000001,Vente,584000,28,,RUE HENRI SIMON,1330,78000,78646,Versailles,78,,,78646000AW0006,,,445,,,,,,,,,,1,3,Dépendance,,0,,,,,,2.15013,48.808121
2022-1315445,2022-11-28,000001,Vente,584000,8,,RUE DE LA CEINTURE,0460,78000,78646,Versailles,78,,,78646000AW0006,,,975,,,,,,,,,,1,3,Dépendance,,0,,,,,,2.15013,48.808121
2022-1315453,2022-12-08,000001,Vente,315000,36,,RUE DE VERGENNES,3150,78000,78646,Versailles,78,,,78646000BS0043,,,54,,,,,,,,,,1,3,Dépendance,,0,,,,,,2.137093,48.797286
2022-1315453,2022-12-08,000001,Vente,315000,36,,RUE DE VERGENNES,3150,78000,78646,Versailles,78,,,78646000BS0043,,,16,,39,,,,,,,,2,2,Appartement,46,2,,,,,,2.137093,48.797286
2022-1315453,2022-12-08,000001,Vente,315000,36,,RUE DE VERGENNES,3150,78000,78646,Versailles,78,,,78646000BS0043,,,16,,39,,,,,,,,2,3,Dépendance,,0,,,,,,2.137093,48.797286
2022-1315458,2022-12-01,000001,Vente,540100,15,,RUE SAINTE ADELAIDE,2670,78000,78646,Versailles,78,,,78646000AD0148,,,10,,19,,,,,,,,2,3,Dépendance,,0,,,,,,2.129969,48.810932
2022-1315458,2022-12-01,000001,Vente,540100,15,,RUE SAINTE ADELAIDE,2670,78000,78646,Versailles,78,,,78646000AD0148,,,10,,19,,,,,,,,2,2,Appartement,69,3,,,,,,2.129969,48.810932
2022-1315459,2022-12-08,000001,Vente,675000,23,B,RUE ALBERT SARRAUT,0080,78000,78646,Versailles,78,,,78646000BK0071,,,,,,,,,,,,,0,1,Maison,70,4,S,sols,,,152,2.152684,48.79542
2022-1315461,2022-11-30,000001,Vente,815000,8,,RUE SAINT MEDERIC,2840,78000,78646,Versailles,78,,,78646000BT0099,,,304,,312,,,,,,,,2,2,Appartement,100,5,,,,,,2.127614,48.796282
2022-1315461,2022-11-30,000001,Vente,815000,8,,RUE SAINT MEDERIC,2840,78000,78646,Versailles,78,,,78646000BT0099,,,304,,312,,,,,,,,2,3,Dépendance,,0,,,,,,2.127614,48.796282
2022-1315480,2022-12-05,000001,Vente,108000,74,,BD DE LA REINE,2520,78000,78646,Versailles,78,,,78646000AE0051,,,35,13.39,42,,,,,,,,2,3,Dépendance,,0,,,,,,2.132676,48.808718
2022-1315480,2022-12-05,000001,Vente,108000,74,,BD DE LA REINE,2520,78000,78646,Versailles,78,,,78646000AE0051,,,35,13.39,42,,,,,,,,2,2,Appartement,12,1,,,,,,2.132676,48.808718
2022-1315485,2022-12-07,000001,Vente,262000,17,T,RUE DU PONT COLBERT,2370,78000,78646,Versailles,78,,,78646000BI0022,,,513,,,,,,,,,,1,2,Appartement,54,3,,,,,,2.149624,48.789909
2022-1315485,2022-12-07,000001,Vente,262000,17,T,RUE DU PONT COLBERT,2370,78000,78646,Versailles,78,,,78646000BI0022,,,513,,,,,,,,,,1,3,Dépendance,,0,,,,,,2.149624,48.789909
2022-1315487,2022-12-12,000001,Vente,18500,41,,AV DE PARIS,2180,78000,78646,Versailles,78,,,78646000BP0138,,,77,,,,,,,,,,1,3,Dépendance,,0,,,,,,2.139184,48.800518
2022-1315488,2022-12-05,000001,Vente,615000,9,,RUE DES CONDAMINES,0690,78000,78646,Versailles,78,,,78646000BP0123,,,27,,50,70.16,,,,,,,2,3,Dépendance,,0,,,,,,2.144867,48.801595
2022-1315488,2022-12-05,000001,Vente,615000,9,,RUE DES CONDAMINES,0690,78000,78646,Versailles,78,,,78646000BP0123,,,27,,50,70.16,,,,,,,2,2,Appartement,69,3,,,,,,2.144867,48.801595
2022-1315488,2022-12-05,000001,Vente,615000,9,,RUE DES CONDAMINES,0690,78000,78646,Versailles,78,,,78646000BP0123,,,61,,,,,,,,,,1,3,Dépendance,,0,,,,,,2.144867,48.801595
2022-1315488,2022-12-05,000001,Vente,615000,9,,RUE DES CONDAMINES,0690,78000,78646,Versailles,78,,,78646000BP0123,,,27,,50,70.16,,,,,,,2,3,Dépendance,,0,,,,,,2.144867,48.801595
2022-1315501,2022-12-09,000001,Vente,15000,105,B,RUE YVES LE COZ,3210,78000,78646,Versailles,78,,,78646000BE0009,,,101,,,,,,,,,,1,3,Dépendance,,0,,,,,,2.155259,48.794293
2022-1315507,2022-12-08,000001,Vente,637750,5,,RUE CHAMP LAGARDE,0490,78000,78646,Versailles,78,,,78646000BP0207,,,32,86.02,65,,,,,,,,2,3,Dépendance,,0,,,,,,2.144353,48.801239
2022-1315507,2022-12-08,000001,Vente,637750,5,,RUE CHAMP LAGARDE,0490,78000,78646,Versailles,78,,,78646000BP0207,,,88,,,,,,,,,,1,3,Dépendance,,0,,,,,,2.144353,48.801239
2022-1315507,2022-12-08,000001,Vente,637750,5,,RUE CHAMP LAGARDE,0490,78000,78646,Versailles,78,,,78646000BP0207,,,32,86.02,65,,,,,,,,2,2,Appartement,87,4,,,,,,2.144353,48.801239
2022-1315508,2022-11-17,000001,Vente,350000,6,,RUE DU GENERAL LECLERC,1145,78000,78646,Versailles,78,,,78646000BV0056,,,1,,2,,7,,,,,,3,4,Local industriel. commercial ou assimilé,105,0,,,,,,2.125156,48.799325
2022-1315535,2022-11-29,000001,Vente,273000,19,B,RUE DU PONT COLBERT,2370,78000,78646,Versailles,78,,,78646000BI0284,,,59,64.71,60,,,,,,,,2,2,Appartement,65,4,,,,,,2.151506,48.789725
2022-1315535,2022-11-29,000001,Vente,273000,19,B,RUE DU PONT COLBERT,2370,78000,78646,Versailles,78,,,78646000BI0284,,,59,64.71,60,,,,,,,,2,3,Dépendance,,0,,,,,,2.151506,48.789725
2022-1315544,2022-11-17,000002,Echange,1,9,,PL HOCHE,1340,78000,78646,Versailles,78,,,78646000AE0222,,,25,,,,,,,,,,1,4,Local industriel. commercial ou assimilé,156,0,,,,,,2.128824,48.806241
2022-1315582,2022-12-09,000001,Vente,900000,20,,RUE DE PROVENCE,2460,78000,78646,Versailles,78,,,78646000AX0442,,,320,,,,,,,,,,1,3,Dépendance,,0,,,,,,2.140987,48.807165
2022-1315582,2022-12-09,000001,Vente,900000,20,,RUE DE PROVENCE,2460,78000,78646,Versailles,78,,,78646000AX0442,,,94,131.1,,,,,,,,,1,3,Dépendance,,0,,,,,,2.140987,48.807165
2022-1315582,2022-12-09,000001,Vente,900000,20,,RUE DE PROVENCE,2460,78000,78646,Versailles,78,,,78646000AX0442,,,333,,,,,,,,,,1,2,Appartement,130,6,,,,,,2.140987,48.807165
2022-1315642,2022-11-30,000001,Vente,513370,52,,AV DE VILLENEUVE L ETANG,3200,78000,78646,Versailles,78,,,78646000AO0195,,,1409,62.78,1738,,,,,,,,2,2,Appartement,63,3,,,,,,2.148734,48.818785
2022-1315642,2022-11-30,000001,Vente,513370,52,,AV DE VILLENEUVE L ETANG,3200,78000,78646,Versailles,78,,,78646000AO0195,,,1620,,,,,,,,,,1,3,Dépendance,,0,,,,,,2.148734,48.818785
2022-1315658,2022-12-05,000001,Vente,496100,35,,RUE HENRI SIMON,1330,78000,78646,Versailles,78,,,78646000AW0219,,,511,80.38,563,,,,,,,,2,2,Appartement,82,3,,,,,,2.147909,48.808568
2022-1315658,2022-12-05,000001,Vente,496100,35,,RUE HENRI SIMON,1330,78000,78646,Versailles,78,,,78646000AW0219,,,511,80.38,563,,,,,,,,2,3,Dépendance,,0,,,,,,2.147909,48.808568
2022-1315658,2022-12-05,000001,Vente,496100,35,,RUE HENRI SIMON,1330,78000,78646,Versailles,78,,,78646000AW0219,,,653,,,,,,,,,,1,3,Dépendance,,0,,,,,,2.147909,48.808568
2022-1315669,2022-11-23,000001,Vente,346750,12,,RUE PHILIPPE DE DANGEAU,2255,78000,78646,Versailles,78,,,78646000AI0036,,,12,,18,,,,,,,,2,2,Appartement,51,2,,,,,,2.13359,48.803387
2022-1315684,2022-12-14,000001,Vente,432000,1,,RUE D ARTOIS,0210,78000,78646,Versailles,78,,,78646000AX0341,,,10,72.59,,,,,,,,,1,2,Appartement,76,1,,,,,,2.144451,48.804056
2022-1315686,2022-12-12,000001,Vente,470000,17,,RUE DE L ETANG,0970,78000,78646,Versailles,78,,,78646000BI0202,,,,,,,,,,,,,0,1,Maison,30,2,S,sols,,,211,2.154297,48.791612
2022-1315729,2022-12-12,000001,Vente en l'état futur d'achèvement,313000,,,LA SABLIERE,B029,78000,78646,Versailles,78,,,78646000BY0108,,,209,,,,,,,,,,1,,,,,,,,,,2.079319,48.802074
2022-1315729,2022-12-12,000001,Vente en l'état futur d'achèvement,313000,,,LA SABLIERE,B029,78000,78646,Versailles,78,,,78646000BY0108,,,433,,,,,,,,,,1,,,,,,,,,,2.079319,48.802074
2022-1315757,2022-11-25,000001,Vente,326000,26,,RUE DU VIEUX VERSAILLES,3180,78000,78646,Versailles,78,,,78646000AH0120,,,3,38.4,32,,,,,,,,2,3,Dépendance,,0,,,,,,2.123455,48.800394
2022-1315757,2022-11-25,000001,Vente,326000,26,,RUE DU VIEUX VERSAILLES,3180,78000,78646,Versailles,78,,,78646000AH0120,,,3,38.4,32,,,,,,,,2,2,Appartement,38,2,,,,,,2.123455,48.800394
2022-1315789,2022-12-19,000001,Vente,290000,155,,BD DE LA REINE,2520,78000,78646,Versailles,78,,,78646000AR0073,,,34,49.01,76,,,,,,,,2,3,Dépendance,,0,,,,,,2.145056,48.808479
2022-1315789,2022-12-19,000001,Vente,290000,155,,BD DE LA REINE,2520,78000,78646,Versailles,78,,,78646000AR0073,,,135,,,,,,,,,,1,3,Dépendance,,0,,,,,,2.145056,48.808479
2022-1315789,2022-12-19,000001,Vente,290000,155,,BD DE LA REINE,2520,78000,78646,Versailles,78,,,78646000AR0073,,,34,49.01,76,,,,,,,,2,2,Appartement,50,3,,,,,,2.145056,48.808479
2022-1315794,2022-12-16,000001,Vente,29000,108,,BD DE LA REINE,2520,78000,78646,Versailles,78,,,78646000AX0037,,,191,,,,,,,,,,1,3,Dépendance,,0,,,,,,2.142871,48.807658
2022-1315795,2022-12-15,000001,Vente,20000,98,,AV DE PARIS,2180,78000,78646,Versailles,78,,,78646000BK0001,,,512,,,,,,,,,,1,3,Dépendance,,0,,,,,,2.149414,48.797242
2022-1315819,2022-12-02,000001,Vente,171000,5,,RUE DE NOAILLES,2050,78000,78646,Versailles,78,,,78646000BR0086,,,95,21.3,,,,,,,,,1,2,Appartement,23,1,,,,,,2.136115,48.799599
2022-1315834,2022-12-09,000001,Vente en l'état futur d'achèvement,705900,,,LA SABLIERE,B029,78000,78646,Versailles,78,,,78646000BY0110,,,257,,,,,,,,,,1,,,,,,,,,,2.078228,48.802624
2022-1315834,2022-12-09,000001,Vente en l'état futur d'achèvement,705900,,,LA SABLIERE,B029,78000,78646,Versailles,78,,,78646000BY0110,,,256,,,,,,,,,,1,,,,,,,,,,2.078228,48.802624
2022-1315834,2022-12-09,000001,Vente en l'état futur d'achèvement,705900,,,LA SABLIERE,B029,78000,78646,Versailles,78,,,78646000BY0114,,,208,,,,,,,,,,1,,,,,,,,,,2.078245,48.802897
2022-1315846,2022-12-14,000001,Vente en l'état futur d'achèvement,328000,,,LA SABLIERE,B029,78000,78646,Versailles,78,,,78646000BY0108,,,422,,,,,,,,,,1,,,,,,,,,,2.079319,48.802074
2022-1315846,2022-12-14,000001,Vente en l'état futur d'achèvement,328000,,,LA SABLIERE,B029,78000,78646,Versailles,78,,,78646000BY0108,,,201,,,,,,,,,,1,,,,,,,,,,2.079319,48.802074
2022-1315848,2022-12-14,000001,Vente en l'état futur d'achèvement,329000,,,LA SABLIERE,B029,78000,78646,Versailles,78,,,78646000BY0108,,,459,,,,,,,,,,1,,,,,,,,,,2.079319,48.802074
2022-1315848,2022-12-14,000001,Vente en l'état futur d'achèvement,329000,,,LA SABLIERE,B029,78000,78646,Versailles,78,,,78646000BY0108,,,303,,,,,,,,,,1,,,,,,,,,,2.079319,48.802074
2022-1315851,2022-12-14,000001,Vente en l'état futur d'achèvement,343000,,,LA SABLIERE,B029,78000,78646,Versailles,78,,,78646000BY0108,,,421,,,,,,,,,,1,,,,,,,,,,2.079319,48.802074
2022-1315851,2022-12-14,000001,Vente en l'état futur d'achèvement,343000,,,LA SABLIERE,B029,78000,78646,Versailles,78,,,78646000BY0108,,,204,,,,,,,,,,1,,,,,,,,,,2.079319,48.802074
2022-1315894,2022-12-13,000001,Vente,233200,5,,RUE D ANGIVILLER,0170,78000,78646,Versailles,78,,,78646000AC0179,,,19,,6,,,,,,,,2,2,Appartement,32,2,,,,,,2.125824,48.810853
2022-1315894,2022-12-13,000001,Vente,233200,5,,RUE D ANGIVILLER,0170,78000,78646,Versailles,78,,,78646000AC0179,,,18,,,,,,,,,,1,3,Dépendance,,0,,,,,,2.125824,48.810853
2022-1315894,2022-12-13,000001,Vente,233200,5,,RUE D ANGIVILLER,0170,78000,78646,Versailles,78,,,78646000AC0179,,,19,,6,,,,,,,,2,3,Dépendance,,0,,,,,,2.125824,48.810853
2022-1315904,2022-12-01,000001,Vente,250000,3,,RUE MAZIERE,1880,78000,78646,Versailles,78,,,78646000AH0109,,,30,,7,49.65,,,,,,,2,2,Appartement,51,2,,,,,,2.122534,48.800559
2022-1315904,2022-12-01,000001,Vente,250000,3,,RUE MAZIERE,1880,78000,78646,Versailles,78,,,78646000AH0109,,,30,,7,49.65,,,,,,,2,3,Dépendance,,0,,,,,,2.122534,48.800559
2022-1315904,2022-12-01,000001,Vente,250000,3,,RUE MAZIERE,1880,78000,78646,Versailles,78,,,78646000AH0109,,,30,,7,49.65,,,,,,,2,3,Dépendance,,0,,,,,,2.122534,48.800559
2022-1315920,2022-12-09,000001,Vente en l'état futur d'achèvement,545000,9,,RUE VAUBAN,3110,78000,78646,Versailles,78,,,78646000AY0310,,,207,,935,,,,,,,,2,4,Local industriel. commercial ou assimilé,65,0,,,,,,2.15313,48.799852
2022-1315921,2022-11-28,000001,Vente,219752,17,T,RUE DU PONT COLBERT,2370,78000,78646,Versailles,78,,,78646000BI0022,,,426,40.54,,,,,,,,,1,2,Appartement,41,2,,,,,,2.149624,48.789909
2022-1315921,2022-11-28,000001,Vente,219752,17,T,RUE DU PONT COLBERT,2370,78000,78646,Versailles,78,,,78646000BI0022,,,426,40.54,,,,,,,,,1,3,Dépendance,,0,,,,,,2.149624,48.789909
2022-1315942,2022-12-20,000001,Vente,265549,86,,RUE D ANJOU,0190,78000,78646,Versailles,78,,,78646000BT0080,,,20,,,,,,,,,,1,3,Dépendance,,0,,,,,,2.12952,48.795748
2022-1315942,2022-12-20,000001,Vente,265549,86,,RUE D ANJOU,0190,78000,78646,Versailles,78,,,78646000BT0080,,,2,43.2,24,,27,,,,,,3,2,Appartement,50,2,,,,,,2.12952,48.795748
2022-1316049,2022-12-02,000001,Vente en l'état futur d'achèvement,869000,,,LA SABLIERE,B029,78000,78646,Versailles,78,,,78646000BY0110,,11,,,,,,,,,,,0,,,,,,,,,,2.078228,48.802624
2022-1316049,2022-12-02,000001,Vente en l'état futur d'achèvement,869000,,,LA SABLIERE,B029,78000,78646,Versailles,78,,,78646000BY0110,,,212,,,,,,,,,,1,,,,,,,,,,2.078228,48.802624
2022-1316049,2022-12-02,000001,Vente en l'état futur d'achèvement,869000,,,LA SABLIERE,B029,78000,78646,Versailles,78,,,78646000BY0110,,,211,,,,,,,,,,1,,,,,,,,,,2.078228,48.802624
2022-1316050,2022-11-30,000001,Vente,2660000,30,,AV DE VILLENEUVE L ETANG,3200,78000,78646,Versailles,78,,,78646000AP0038,,,,,,,,,,,,,0,3,Dépendance,,0,AG,terrains d'agrément,,,765,2.144261,48.814602
2022-1316050,2022-11-30,000001,Vente,2660000,30,,AV DE VILLENEUVE L ETANG,3200,78000,78646,Versailles,78,,,78646000AP0038,,,,,,,,,,,,,0,3,Dépendance,,0,S,sols,,,331,2.144261,48.814602
2022-1316050,2022-11-30,000001,Vente,2660000,30,,AV DE VILLENEUVE L ETANG,3200,78000,78646,Versailles,78,,,78646000AP0038,,,,,,,,,,,,,0,3,Dépendance,,0,S,sols,,,331,2.144261,48.814602
2022-1316050,2022-11-30,000001,Vente,2660000,30,,AV DE VILLENEUVE L ETANG,3200,78000,78646,Versailles,78,,,78646000AP0038,,,,,,,,,,,,,0,1,Maison,260,10,S,sols,,,331,2.144261,48.814602
2022-1316050,2022-11-30,000001,Vente,2660000,30,,AV DE VILLENEUVE L ETANG,3200,78000,78646,Versailles,78,,,78646000AP0038,,,,,,,,,,,,,0,3,Dépendance,,0,AG,terrains d'agrément,,,765,2.144261,48.814602
2022-1316050,2022-11-30,000001,Vente,2660000,30,,AV DE VILLENEUVE L ETANG,3200,78000,78646,Versailles,78,,,78646000AP0038,,,,,,,,,,,,,0,1,Maison,260,10,AG,terrains d'agrément,,,765,2.144261,48.814602
2022-1316074,2022-12-06,000001,Vente,222000,71,,RUE DE LA PAROISSE,2190,78000,78646,Versailles,78,,,78646000AI0178,,,17,,,,,,,,,,1,3,Dépendance,,0,,,,,,2.134575,48.806443
2022-1316074,2022-12-06,000001,Vente,222000,71,,RUE DE LA PAROISSE,2190,78000,78646,Versailles,78,,,78646000AI0178,,,17,,,,,,,,,,1,2,Appartement,25,1,,,,,,2.134575,48.806443
2022-1316074,2022-12-06,000001,Vente,222000,71,,RUE DE LA PAROISSE,2190,78000,78646,Versailles,78,,,78646000AI0178,,,17,,,,,,,,,,1,3,Dépendance,,0,,,,,,2.134575,48.806443
2022-1316211,2022-12-19,000001,Vente,381500,8,,AV DU GEN DE GAULLE,1143,78000,78646,Versailles,78,,,78646000AH0225,,,15,,88,,,,,,,,2,2,Appartement,99,3,,,,,,2.128298,48.801276
2022-1316211,2022-12-19,000001,Vente,381500,8,,AV DU GEN DE GAULLE,1143,78000,78646,Versailles,78,,,78646000AH0225,,,15,,88,,,,,,,,2,3,Dépendance,,0,,,,,,2.128298,48.801276
2022-1316303,2022-12-19,000001,Vente en l'état futur d'achèvement,372000,,,LA SABLIERE,B029,78000,78646,Versailles,78,,,78646000BY0114,,,205,,,,,,,,,,1,,,,,,,,,,2.078245,48.802897
2022-1316336,2022-12-06,000001,Vente,216200,20,,RUE DES ETATS GENERAUX,0980,78000,78646,Versailles,78,,,78646000BR0191,,,28,,29,,,,,,,,2,2,Appartement,22,1,,,,,,2.13339,48.798708
2022-1316347,2022-12-22,000001,Vente,157114,13,,RUE DE L ORIENT,2130,78000,78646,Versailles,78,,,78646000BT0105,,,120,,,,,,,,,,1,3,Dépendance,,0,,,,,,2.127036,48.796284
2022-1316347,2022-12-22,000001,Vente,157114,13,,RUE DE L ORIENT,2130,78000,78646,Versailles,78,,,78646000BT0105,,,106,,,,,,,,,,1,2,Appartement,22,1,,,,,,2.127036,48.796284
2022-1316381,2022-12-15,000001,Vente,385000,27,,RUE JACQUES LEMERCIER,1420,78000,78646,Versailles,78,,,78646000AO0064,,,13,,14,,,,,,,,2,3,Dépendance,,0,,,,,,2.148415,48.815728
2022-1316381,2022-12-15,000001,Vente,385000,27,,RUE JACQUES LEMERCIER,1420,78000,78646,Versailles,78,,,78646000AO0064,,,13,,14,,,,,,,,2,2,Appartement,69,3,,,,,,2.148415,48.815728
2022-1316384,2022-12-13,000001,Vente,666000,14,,RUE DE MONTREUIL,2000,78000,78646,Versailles,78,,,78646000AX0450,,,12,91.87,,,,,,,,,1,2,Appartement,88,4,,,,,,2.143563,48.804991
2022-1316384,2022-12-13,000001,Vente,666000,14,,RUE DE MONTREUIL,2000,78000,78646,Versailles,78,,,78646000AX0450,,,12,91.87,,,,,,,,,1,3,Dépendance,,0,,,,,,2.143563,48.804991
2022-1316387,2022-12-08,000001,Vente en l'état futur d'achèvement,685000,104,,AV DE PARIS,2180,78000,78646,Versailles,78,,,78646000BK0019,,,34,,,,,,,,,,1,2,Appartement,76,3,,,,,,2.150393,48.797197
2022-1316387,2022-12-08,000001,Vente en l'état futur d'achèvement,685000,104,,AV DE PARIS,2180,78000,78646,Versailles,78,,,78646000BK0019,,,100,,,,,,,,,,1,3,Dépendance,,0,,,,,,2.150393,48.797197
2022-1316393,2022-12-08,000001,Vente en l'état futur d'achèvement,505000,104,,AV DE PARIS,2180,78000,78646,Versailles,78,,,78646000BK0019,,,44,,,,,,,,,,1,2,Appartement,48,2,,,,,,2.150393,48.797197
2022-1316393,2022-12-08,000001,Vente en l'état futur d'achèvement,505000,104,,AV DE PARIS,2180,78000,78646,Versailles,78,,,78646000BK0019,,,65,,,,,,,,,,1,3,Dépendance,,0,,,,,,2.150393,48.797197
2022-1316406,2022-12-15,000001,Vente,203000,9,,PL ALEXANDRE 1E LOUIS BARTHOU,0100,78000,78646,Versailles,78,,,78646000AX0489,,,262,,,,,,,,,,1,2,Appartement,29,1,,,,,,2.140761,48.806449
2022-1316406,2022-12-15,000001,Vente,203000,9,,PL ALEXANDRE 1E LOUIS BARTHOU,0100,78000,78646,Versailles,78,,,78646000AX0489,,,6,,,,,,,,,,1,2,Appartement,14,1,,,,,,2.140761,48.806449
2022-1316406,2022-12-15,000001,Vente,203000,9,,PL ALEXANDRE 1E LOUIS BARTHOU,0100,78000,78646,Versailles,78,,,78646000AX0489,,,6,,,,,,,,,,1,3,Dépendance,,0,,,,,,2.140761,48.806449
2022-1316406,2022-12-15,000001,Vente,203000,9,,PL ALEXANDRE 1E LOUIS BARTHOU,0100,78000,78646,Versailles,78,,,78646000AX0489,,,262,,,,,,,,,,1,3,Dépendance,,0,,,,,,2.140761,48.806449
2022-1316412,2022-12-19,000001,Vente en l'état futur d'achèvement,617800,,,LA SABLIERE,B029,78000,78646,Versailles,78,,,78646000BY0110,,,236,,,,,,,,,,1,,,,,,,,,,2.078228,48.802624
2022-1316412,2022-12-19,000001,Vente en l'état futur d'achèvement,617800,,,LA SABLIERE,B029,78000,78646,Versailles,78,,,78646000BY0114,,,213,,,,,,,,,,1,,,,,,,,,,2.078245,48.802897
2022-1316414,2022-12-12,000001,Vente,500000,128,,RUE REMONT,2560,78000,78646,Versailles,78,,,78646000BI0257,,,,,,,,,,,,,0,1,Maison,45,3,S,sols,,,249,2.152708,48.789834
2022-1316414,2022-12-12,000001,Vente,500000,128,,RUE REMONT,2560,78000,78646,Versailles,78,,,78646000BI0257,,,,,,,,,,,,,0,3,Dépendance,,0,S,sols,,,249,2.152708,48.789834
2022-1316415,2022-12-23,000001,Vente,565000,6,,RUE EDOUARD LEFEBVRE,0910,78000,78646,Versailles,78,,,78646000BR0151,,,149,,,,,,,,,,1,3,Dépendance,,0,,,,,,2.132269,48.798842
2022-1316415,2022-12-23,000001,Vente,565000,6,B,RUE EDOUARD LEFEBVRE,0910,78000,78646,Versailles,78,,,78646000BR0151,,,14,68.04,,,,,,,,,1,4,Local industriel. commercial ou assimilé,90,0,,,,,,2.132269,48.798842
2022-1316420,2022-12-14,000001,Vente,950000,9,,RUE DU VIEUX VERSAILLES,3180,78000,78646,Versailles,78,,,78646000AH0045,,,26,81.2,33,,37,,,,,,3,3,Dépendance,,0,,,,,,2.122335,48.801337
2022-1316420,2022-12-14,000001,Vente,950000,9,,RUE DU VIEUX VERSAILLES,3180,78000,78646,Versailles,78,,,78646000AH0045,,,26,81.2,33,,37,,,,,,3,2,Appartement,81,5,,,,,,2.122335,48.801337
2022-1316420,2022-12-14,000001,Vente,950000,9,,RUE DU VIEUX VERSAILLES,3180,78000,78646,Versailles,78,,,78646000AH0045,,,26,81.2,33,,37,,,,,,3,3,Dépendance,,0,,,,,,2.122335,48.801337
2022-1316422,2022-12-13,000001,Vente,3200000,15,,RUE PHILIPPE DE DANGEAU,2255,78000,78646,Versailles,78,,,78646000AI0061,,,,,,,,,,,,,0,3,Dépendance,,0,S,sols,,,1027,2.134289,48.803635
2022-1316422,2022-12-13,000001,Vente,3200000,15,,RUE PHILIPPE DE DANGEAU,2255,78000,78646,Versailles,78,,,78646000AI0061,,,,,,,,,,,,,0,3,Dépendance,,0,S,sols,,,1027,2.134289,48.803635
2022-1316422,2022-12-13,000001,Vente,3200000,15,,RUE PHILIPPE DE DANGEAU,2255,78000,78646,Versailles,78,,,78646000AI0061,,,,,,,,,,,,,0,3,Dépendance,,0,S,sols,,,1027,2.134289,48.803635
2022-1316422,2022-12-13,000001,Vente,3200000,15,,RUE PHILIPPE DE DANGEAU,2255,78000,78646,Versailles,78,,,78646000AI0061,,,,,,,,,,,,,0,3,Dépendance,,0,S,sols,,,1027,2.134289,48.803635
2022-1316422,2022-12-13,000001,Vente,3200000,15,,RUE PHILIPPE DE DANGEAU,2255,78000,78646,Versailles,78,,,78646000AI0061,,,,,,,,,,,,,0,3,Dépendance,,0,S,sols,,,1027,2.134289,48.803635
2022-1316422,2022-12-13,000001,Vente,3200000,15,,RUE PHILIPPE DE DANGEAU,2255,78000,78646,Versailles,78,,,78646000AI0061,,,,,,,,,,,,,0,4,Local industriel. commercial ou assimilé,60,0,S,sols,,,1027,2.134289,48.803635
2022-1316422,2022-12-13,000001,Vente,3200000,15,,RUE PHILIPPE DE DANGEAU,2255,78000,78646,Versailles,78,,,78646000AI0061,,,,,,,,,,,,,0,3,Dépendance,,0,S,sols,,,1027,2.134289,48.803635
2022-1316422,2022-12-13,000001,Vente,3200000,15,,RUE PHILIPPE DE DANGEAU,2255,78000,78646,Versailles,78,,,78646000AI0061,,,,,,,,,,,,,0,2,Appartement,36,1,S,sols,,,1027,2.134289,48.803635
2022-1316422,2022-12-13,000001,Vente,3200000,15,,RUE PHILIPPE DE DANGEAU,2255,78000,78646,Versailles,78,,,78646000AI0061,,,,,,,,,,,,,0,2,Appartement,36,1,S,sols,,,1027,2.134289,48.803635
2022-1316422,2022-12-13,000001,Vente,3200000,15,,RUE PHILIPPE DE DANGEAU,2255,78000,78646,Versailles,78,,,78646000AI0061,,,,,,,,,,,,,0,2,Appartement,36,1,S,sols,,,1027,2.134289,48.803635
2022-1316422,2022-12-13,000001,Vente,3200000,15,,RUE PHILIPPE DE DANGEAU,2255,78000,78646,Versailles,78,,,78646000AI0061,,,,,,,,,,,,,0,2,Appartement,48,3,S,sols,,,1027,2.134289,48.803635
2022-1316422,2022-12-13,000001,Vente,3200000,15,,RUE PHILIPPE DE DANGEAU,2255,78000,78646,Versailles,78,,,78646000AI0061,,,,,,,,,,,,,0,2,Appartement,50,3,S,sols,,,1027,2.134289,48.803635
2022-1316422,2022-12-13,000001,Vente,3200000,15,,RUE PHILIPPE DE DANGEAU,2255,78000,78646,Versailles,78,,,78646000AI0061,,,,,,,,,,,,,0,2,Appartement,35,2,S,sols,,,1027,2.134289,48.803635
2022-1316422,2022-12-13,000001,Vente,3200000,15,,RUE PHILIPPE DE DANGEAU,2255,78000,78646,Versailles,78,,,78646000AI0061,,,,,,,,,,,,,0,2,Appartement,80,3,S,sols,,,1027,2.134289,48.803635
2022-1316422,2022-12-13,000001,Vente,3200000,15,,RUE PHILIPPE DE DANGEAU,2255,78000,78646,Versailles,78,,,78646000AI0061,,,,,,,,,,,,,0,2,Appartement,40,1,S,sols,,,1027,2.134289,48.803635
2022-1316422,2022-12-13,000001,Vente,3200000,15,,RUE PHILIPPE DE DANGEAU,2255,78000,78646,Versailles,78,,,78646000AI0061,,,,,,,,,,,,,0,3,Dépendance,,0,S,sols,,,1027,2.134289,48.803635
2022-1316422,2022-12-13,000001,Vente,3200000,15,,RUE PHILIPPE DE DANGEAU,2255,78000,78646,Versailles,78,,,78646000AI0061,,,,,,,,,,,,,0,4,Local industriel. commercial ou assimilé,19,0,S,sols,,,1027,2.134289,48.803635
2022-1316435,2022-12-01,000001,Vente,25000,82,B,AV DE PARIS,2180,78000,78646,Versailles,78,,,78646000BN0166,,,1270,,,,,,,,,,1,3,Dépendance,,0,,,,,,2.145036,48.797427
2022-1316435,2022-12-01,000001,Vente,25000,82,B,AV DE PARIS,2180,78000,78646,Versailles,78,,,78646000BN0166,,,1269,,,,,,,,,,1,3,Dépendance,,0,,,,,,2.145036,48.797427
2022-1316444,2022-11-29,000001,Vente,832000,12,,RUE VICTOR BART,3160,78000,78646,Versailles,78,,,78646000AR0040,,,14,115.13,36,,,,,,,,2,3,Dépendance,,0,,,,,,2.144209,48.810025
2022-1316444,2022-11-29,000001,Vente,832000,12,,RUE VICTOR BART,3160,78000,78646,Versailles,78,,,78646000AR0040,,,14,115.13,36,,,,,,,,2,2,Appartement,113,5,,,,,,2.144209,48.810025
2022-1316444,2022-11-29,000001,Vente,832000,12,,RUE VICTOR BART,3160,78000,78646,Versailles,78,,,78646000AR0040,,,26,,,,,,,,,,1,3,Dépendance,,0,,,,,,2.144209,48.810025
2022-1316446,2022-12-09,000001,Vente,713000,1,,RUE VICTOR BART,3160,78000,78646,Versailles,78,,,78646000AS0002,,,19,,9,112.22,,,,,,,2,2,Appartement,112,5,,,,,,2.143697,48.810949
2022-1316446,2022-12-09,000001,Vente,713000,1,,RUE VICTOR BART,3160,78000,78646,Versailles,78,,,78646000AS0002,,,31,,,,,,,,,,1,3,Dépendance,,0,,,,,,2.143697,48.810949
2022-1316446,2022-12-09,000001,Vente,713000,1,,RUE VICTOR BART,3160,78000,78646,Versailles,78,,,78646000AS0002,,,19,,9,112.22,,,,,,,2,3,Dépendance,,0,,,,,,2.143697,48.810949
2022-1316463,2022-12-22,000001,Vente,420000,16,,RUE COSTE,0730,78000,78646,Versailles,78,,,78646000BK0296,,,,,,,,,,,,,0,4,Local industriel. commercial ou assimilé,90,0,S,sols,,,134,2.155043,48.795418
2022-1316467,2022-06-15,000001,Adjudication,408000,74,,BD DE LA REINE,2520,78000,78646,Versailles,78,,,78646000AE0051,,,34,,40,,,,,,,,2,2,Appartement,58,3,,,,,,2.132676,48.808718
2022-1316467,2022-06-15,000001,Adjudication,408000,74,,BD DE LA REINE,2520,78000,78646,Versailles,78,,,78646000AE0051,,,34,,40,,,,,,,,2,3,Dépendance,,0,,,,,,2.132676,48.808718
2022-1316468,2022-12-22,000001,Vente,930000,20,,RUE COSTE,0730,78000,78646,Versailles,78,,,78646000BK0098,,,,,,,,,,,,,0,1,Maison,45,4,S,sols,,,268,2.15519,48.795328
2022-1316484,2022-12-22,000001,Vente en l'état futur d'achèvement,422000,,,LA SABLIERE,B029,78000,78646,Versailles,78,,,78646000BY0108,,,212,,,,,,,,,,1,,,,,,,,,,2.079319,48.802074
2022-1316484,2022-12-22,000001,Vente en l'état futur d'achèvement,422000,,,LA SABLIERE,B029,78000,78646,Versailles,78,,,78646000BY0108,,,438,,,,,,,,,,1,,,,,,,,,,2.079319,48.802074
2022-1316540,2022-12-21,000001,Vente,163000,4,,RUE EDOUARD CHARTON,0890,78000,78646,Versailles,78,,,78646000BT0163,,,17,,6,,,,,,,,2,2,Appartement,27,1,,,,,,2.130736,48.796221
2022-1316540,2022-12-21,000001,Vente,163000,4,,RUE EDOUARD CHARTON,0890,78000,78646,Versailles,78,,,78646000BT0163,,,17,,6,,,,,,,,2,3,Dépendance,,0,,,,,,2.130736,48.796221
2022-1316579,2022-12-19,000001,Vente,426000,19,B,RUE DU PONT COLBERT,2370,78000,78646,Versailles,78,,,78646000BI0284,,,17,77.01,18,,,,,,,,2,3,Dépendance,,0,,,,,,2.151506,48.789725
2022-1316579,2022-12-19,000001,Vente,426000,19,B,RUE DU PONT COLBERT,2370,78000,78646,Versailles,78,,,78646000BI0284,,,17,77.01,18,,,,,,,,2,2,Appartement,77,5,,,,,,2.151506,48.789725
2022-1316579,2022-12-19,000001,Vente,426000,19,B,RUE DU PONT COLBERT,2370,78000,78646,Versailles,78,,,78646000BI0284,,,84,,,,,,,,,,1,3,Dépendance,,0,,,,,,2.151506,48.789725
2022-1316583,2022-12-22,000001,Vente,20500,29,T,RUE DE L ERMITAGE,0940,78000,78646,Versailles,78,,,78646000AC0338,,,108,,,,,,,,,,1,3,Dépendance,,0,,,,,,2.122062,48.815041
2022-1316617,2022-12-13,000001,Vente,1107000,10,,IMP NATTIER,2030,78000,78646,Versailles,78,,,78646000AD0345,,,6,,7,,,,,,,,2,3,Dépendance,,0,,,,,,2.134445,48.813121
2022-1316617,2022-12-13,000001,Vente,1107000,10,,IMP NATTIER,2030,78000,78646,Versailles,78,,,78646000AD0345,,,6,,7,,,,,,,,2,3,Dépendance,,0,,,,,,2.134445,48.813121
2022-1316617,2022-12-13,000001,Vente,1107000,10,,IMP NATTIER,2030,78000,78646,Versailles,78,,,78646000AD0345,,,6,,7,,,,,,,,2,2,Appartement,123,5,,,,,,2.134445,48.813121
2022-1316617,2022-12-13,000001,Vente,1107000,10,,IMP NATTIER,2030,78000,78646,Versailles,78,,,78646000AD0345,,,7,,,,,,,,,,1,3,Dépendance,,0,,,,,,2.134445,48.813121
2022-1316620,2022-12-26,000001,Vente en l'état futur d'achèvement,437000,,,LA SABLIERE,B029,78000,78646,Versailles,78,,,78646000BY0110,,,245,,,,,,,,,,1,,,,,,,,,,2.078228,48.802624
2022-1316620,2022-12-26,000001,Vente en l'état futur d'achèvement,437000,,,LA SABLIERE,B029,78000,78646,Versailles,78,,,78646000BY0114,,,211,,,,,,,,,,1,,,,,,,,,,2.078245,48.802897
2022-1316629,2022-12-20,000001,Vente,4609229,,,LA SABLIERE,B029,78000,78646,Versailles,78,,,78646000BY0121,,,,,,,,,,,,,0,,,,,AB,terrains a bâtir,,,4419,2.079148,48.803081
2022-1316640,2022-12-15,000001,Vente,193500,18,,RUE DE MONTREUIL,2000,78000,78646,Versailles,78,,,78646000AX0327,,,10,29.5,,,,,,,,,1,2,Appartement,29,2,,,,,,2.143845,48.804811
2022-1316640,2022-12-15,000001,Vente,193500,18,,RUE DE MONTREUIL,2000,78000,78646,Versailles,78,,,78646000AX0327,,,10,29.5,,,,,,,,,1,3,Dépendance,,0,,,,,,2.143845,48.804811
2022-1316642,2022-12-19,000001,Vente,425680,15,,RUE HOCHE,1350,78000,78646,Versailles,78,,,78646000AE0199,,,16,45.11,34,,,,,,,,2,2,Appartement,55,2,,,,,,2.127689,48.806878
2022-1316656,2022-12-06,000001,Vente,105000,34,,AV DES ETATS UNIS,0990,78000,78646,Versailles,78,,,78646000AX0058,,,132,,,,,,,,,,1,3,Dépendance,,0,,,,,,2.144715,48.806996
2022-1316656,2022-12-06,000001,Vente,105000,34,,AV DES ETATS UNIS,0990,78000,78646,Versailles,78,,,78646000AX0058,,,131,,,,,,,,,,1,3,Dépendance,,0,,,,,,2.144715,48.806996
2022-1316710,2022-12-21,000001,Vente,137000,45,,RUE D ANJOU,0190,78000,78646,Versailles,78,,,78646000BT0049,,,5,14.64,,,,,,,,,1,2,Appartement,18,1,,,,,,2.127484,48.796849
2022-1316721,2022-12-13,000001,Vente,500000,19,,RUE COSTE,0730,78000,78646,Versailles,78,,,78646000BE0470,,,1,,,,,,,,,,1,2,Appartement,60,3,,,,,,2.156424,48.794849
2022-1316721,2022-12-13,000001,Vente,500000,19,,RUE COSTE,0730,78000,78646,Versailles,78,,,78646000BE0470,,,1,,,,,,,,,,1,4,Local industriel. commercial ou assimilé,135,0,,,,,,2.156424,48.794849
2022-1316729,2022-12-15,000001,Vente,470000,85,,RUE DE LA BONNE AVENTURE,0390,78000,78646,Versailles,78,,,78646000AW0181,,,2,,5,,,,,,,,2,3,Dépendance,,0,,,,,,2.155582,48.806865
2022-1316729,2022-12-15,000001,Vente,470000,85,,RUE DE LA BONNE AVENTURE,0390,78000,78646,Versailles,78,,,78646000AW0181,,,2,,5,,,,,,,,2,2,Appartement,85,4,,,,,,2.155582,48.806865
2022-1316746,2022-12-28,000001,Vente,20000,7,,RUE RICHAUD,2610,78000,78646,Versailles,78,,,78646000AI0313,,,189,,,,,,,,,,1,3,Dépendance,,0,,,,,,2.135209,48.807376
2022-1316751,2022-12-16,000001,Vente en l'état futur d'achèvement,625000,2,T,RUE PASTEUR,2210,78000,78646,Versailles,78,,,78646000AY0198,,,13,,,,,,,,,,1,2,Appartement,74,3,,,,,,2.147958,48.801006
2022-1316751,2022-12-16,000001,Vente en l'état futur d'achèvement,625000,2,T,RUE PASTEUR,2210,78000,78646,Versailles,78,,,78646000AY0198,,,43,,,,,,,,,,1,3,Dépendance,,0,,,,,,2.147958,48.801006
2022-1316768,2022-12-14,000001,Vente,494000,9,,AV DE LA TRANQUILLITE,3055,78000,78646,Versailles,78,,,78646000AZ0110,,,32,,96,106.77,,,,,,,2,3,Dépendance,,0,,,,,,2.158672,48.8041
2022-1316768,2022-12-14,000001,Vente,494000,5,,RUE DE L ECOLE DES POSTES,0850,78000,78646,Versailles,78,,,78646000AZ0110,,,2737,,,,,,,,,,1,3,Dépendance,,0,,,,,,2.158672,48.8041
2022-1316768,2022-12-14,000001,Vente,494000,9,,AV DE LA TRANQUILLITE,3055,78000,78646,Versailles,78,,,78646000AZ0110,,,32,,96,106.77,,,,,,,2,2,Appartement,117,5,,,,,,2.158672,48.8041
2022-1316769,2022-12-01,000001,Vente,218000,30,,RUE DU VIEUX VERSAILLES,3180,78000,78646,Versailles,78,,,78646000AH0121,,,18,,2,55.67,,,,,,,2,4,Local industriel. commercial ou assimilé,56,0,,,,,,2.123889,48.800309
2022-1316792,2022-12-27,000001,Vente,1630450,20,,AV DU PROGRES,2450,78000,78646,Versailles,78,,,78646000AM0575,,,,,,,,,,,,,0,1,Maison,165,8,S,sols,,,398,2.14137,48.82373
2022-1316794,2022-12-13,000001,Vente,320000,45,,AV DE SAINT CLOUD,2730,78000,78646,Versailles,78,,,78646000AI0134,,,17,39.01,20,,31,,,,,,3,3,Dépendance,,0,,,,,,2.133489,48.805732
2022-1316794,2022-12-13,000001,Vente,320000,45,,AV DE SAINT CLOUD,2730,78000,78646,Versailles,78,,,78646000AI0134,,,17,39.01,20,,31,,,,,,3,2,Appartement,39,1,,,,,,2.133489,48.805732
2022-1316794,2022-12-13,000001,Vente,320000,45,,AV DE SAINT CLOUD,2730,78000,78646,Versailles,78,,,78646000AI0134,,,17,39.01,20,,31,,,,,,3,3,Dépendance,,0,,,,,,2.133489,48.805732
2022-1316796,2022-12-07,000001,Vente,222000,28,,RUE DE VERGENNES,3150,78000,78646,Versailles,78,,,78646000BS0040,,,10,,7,41.36,,,,,,,2,3,Dépendance,,0,,,,,,2.137313,48.797559
2022-1316796,2022-12-07,000001,Vente,222000,28,,RUE DE VERGENNES,3150,78000,78646,Versailles,78,,,78646000BS0040,,,10,,7,41.36,,,,,,,2,2,Appartement,43,1,,,,,,2.137313,48.797559
2022-1316797,2022-12-20,000001,Vente,1624565,4,,RUE LA QUINTINIE,2470,78000,78646,Versailles,78,,,78646000BV0004,,,,,,,,,,,,,0,1,Maison,157,8,S,sols,,,143,2.119904,48.800255
2022-1316812,2022-12-21,000001,Vente,5181866,36,,RUE DES ETATS GENERAUX,0980,78000,78646,Versailles,78,,,78646000BS0025,,,76,,,,,,,,,,1,4,Local industriel. commercial ou assimilé,13,0,,,,,,2.134752,48.797562
2022-1316812,2022-12-21,000001,Vente,5181866,36,,RUE DES ETATS GENERAUX,0980,78000,78646,Versailles,78,,,78646000BS0025,,,67,,,,,,,,,,1,4,Local industriel. commercial ou assimilé,16,0,,,,,,2.134752,48.797562
2022-1316812,2022-12-21,000001,Vente,5181866,36,,RUE DES ETATS GENERAUX,0980,78000,78646,Versailles,78,,,78646000BS0025,,,67,,,,,,,,,,1,4,Local industriel. commercial ou assimilé,14,0,,,,,,2.134752,48.797562
2022-1316812,2022-12-21,000001,Vente,5181866,36,,RUE DES ETATS GENERAUX,0980,78000,78646,Versailles,78,,,78646000BS0025,,,100,,,,,,,,,,1,3,Dépendance,,0,,,,,,2.134752,48.797562
2022-1316812,2022-12-21,000001,Vente,5181866,36,,RUE DES ETATS GENERAUX,0980,78000,78646,Versailles,78,,,78646000BS0025,,,75,,,,,,,,,,1,4,Local industriel. commercial ou assimilé,12,0,,,,,,2.134752,48.797562
2022-1316812,2022-12-21,000001,Vente,5181866,36,,RUE DES ETATS GENERAUX,0980,78000,78646,Versailles,78,,,78646000BS0025,,,160,,,,,,,,,,1,4,Local industriel. commercial ou assimilé,14,0,,,,,,2.134752,48.797562
2022-1316812,2022-12-21,000001,Vente,5181866,36,,RUE DES ETATS GENERAUX,0980,78000,78646,Versailles,78,,,78646000BS0025,,,160,,,,,,,,,,1,4,Local industriel. commercial ou assimilé,13,0,,,,,,2.134752,48.797562
2022-1316812,2022-12-21,000001,Vente,5181866,36,,RUE DES ETATS GENERAUX,0980,78000,78646,Versailles,78,,,78646000BS0025,,,160,,,,,,,,,,1,4,Local industriel. commercial ou assimilé,13,0,,,,,,2.134752,48.797562
2022-1316812,2022-12-21,000001,Vente,5181866,36,,RUE DES ETATS GENERAUX,0980,78000,78646,Versailles,78,,,78646000BS0025,,,25,,,,,,,,,,1,3,Dépendance,,0,,,,,,2.134752,48.797562
2022-1316812,2022-12-21,000001,Vente,5181866,36,,RUE DES ETATS GENERAUX,0980,78000,78646,Versailles,78,,,78646000BS0025,,,150,,,,,,,,,,1,4,Local industriel. commercial ou assimilé,73,0,,,,,,2.134752,48.797562
2022-1316812,2022-12-21,000001,Vente,5181866,36,,RUE DES ETATS GENERAUX,0980,78000,78646,Versailles,78,,,78646000BS0025,,,150,,,,,,,,,,1,4,Local industriel. commercial ou assimilé,28,0,,,,,,2.134752,48.797562
2022-1316812,2022-12-21,000001,Vente,5181866,36,,RUE DES ETATS GENERAUX,0980,78000,78646,Versailles,78,,,78646000BS0025,,,150,,,,,,,,,,1,4,Local industriel. commercial ou assimilé,33,0,,,,,,2.134752,48.797562
2022-1316812,2022-12-21,000001,Vente,5181866,36,,RUE DES ETATS GENERAUX,0980,78000,78646,Versailles,78,,,78646000BS0025,,,37,,,,,,,,,,1,4,Local industriel. commercial ou assimilé,1,0,,,,,,2.134752,48.797562
2022-1316812,2022-12-21,000001,Vente,5181866,36,,RUE DES ETATS GENERAUX,0980,78000,78646,Versailles,78,,,78646000BS0025,,,159,,,,,,,,,,1,4,Local industriel. commercial ou assimilé,13,0,,,,,,2.134752,48.797562
2022-1316812,2022-12-21,000001,Vente,5181866,36,,RUE DES ETATS GENERAUX,0980,78000,78646,Versailles,78,,,78646000BS0025,,,158,,,,,,,,,,1,4,Local industriel. commercial ou assimilé,12,0,,,,,,2.134752,48.797562
2022-1316812,2022-12-21,000001,Vente,5181866,36,,RUE DES ETATS GENERAUX,0980,78000,78646,Versailles,78,,,78646000BS0025,,,105,,,,,,,,,,1,4,Local industriel. commercial ou assimilé,13,0,,,,,,2.134752,48.797562
2022-1316812,2022-12-21,000001,Vente,5181866,36,,RUE DES ETATS GENERAUX,0980,78000,78646,Versailles,78,,,78646000BS0025,,,104,,,,,,,,,,1,4,Local industriel. commercial ou assimilé,20,0,,,,,,2.134752,48.797562
2022-1316812,2022-12-21,000001,Vente,5181866,36,,RUE DES ETATS GENERAUX,0980,78000,78646,Versailles,78,,,78646000BS0025,,,103,,,,,,,,,,1,4,Local industriel. commercial ou assimilé,15,0,,,,,,2.134752,48.797562
2022-1316812,2022-12-21,000001,Vente,5181866,36,,RUE DES ETATS GENERAUX,0980,78000,78646,Versailles,78,,,78646000BS0025,,,69,,,,,,,,,,1,4,Local industriel. commercial ou assimilé,16,0,,,,,,2.134752,48.797562
2022-1316812,2022-12-21,000001,Vente,5181866,36,,RUE DES ETATS GENERAUX,0980,78000,78646,Versailles,78,,,78646000BS0025,,,161,,,,,,,,,,1,4,Local industriel. commercial ou assimilé,13,0,,,,,,2.134752,48.797562
2022-1316812,2022-12-21,000001,Vente,5181866,36,,RUE DES ETATS GENERAUX,0980,78000,78646,Versailles,78,,,78646000BS0025,,,70,,,,,,,,,,1,4,Local industriel. commercial ou assimilé,11,0,,,,,,2.134752,48.797562
2022-1316812,2022-12-21,000001,Vente,5181866,36,,RUE DES ETATS GENERAUX,0980,78000,78646,Versailles,78,,,78646000BS0025,,,68,,,,,,,,,,1,4,Local industriel. commercial ou assimilé,15,0,,,,,,2.134752,48.797562
2022-1316812,2022-12-21,000001,Vente,5181866,36,,RUE DES ETATS GENERAUX,0980,78000,78646,Versailles,78,,,78646000BS0025,,,66,,,,,,,,,,1,4,Local industriel. commercial ou assimilé,15,0,,,,,,2.134752,48.797562
2022-1316812,2022-12-21,000001,Vente,5181866,36,,RUE DES ETATS GENERAUX,0980,78000,78646,Versailles,78,,,78646000BS0025,,,65,,,,,,,,,,1,4,Local industriel. commercial ou assimilé,10,0,,,,,,2.134752,48.797562
2022-1316812,2022-12-21,000001,Vente,5181866,36,,RUE DES ETATS GENERAUX,0980,78000,78646,Versailles,78,,,78646000BS0025,,,77,,,,,,,,,,1,4,Local industriel. commercial ou assimilé,10,0,,,,,,2.134752,48.797562
2022-1316812,2022-12-21,000001,Vente,5181866,36,,RUE DES ETATS GENERAUX,0980,78000,78646,Versailles,78,,,78646000BS0025,,,71,,,,,,,,,,1,4,Local industriel. commercial ou assimilé,10,0,,,,,,2.134752,48.797562
2022-1316812,2022-12-21,000001,Vente,5181866,36,,RUE DES ETATS GENERAUX,0980,78000,78646,Versailles,78,,,78646000BS0025,,,72,,,,,,,,,,1,4,Local industriel. commercial ou assimilé,10,0,,,,,,2.134752,48.797562
2022-1316812,2022-12-21,000001,Vente,5181866,36,,RUE DES ETATS GENERAUX,0980,78000,78646,Versailles,78,,,78646000BS0025,,,102,,,,,,,,,,1,4,Local industriel. commercial ou assimilé,15,0,,,,,,2.134752,48.797562
2022-1316812,2022-12-21,000001,Vente,5181866,36,,RUE DES ETATS GENERAUX,0980,78000,78646,Versailles,78,,,78646000BS0025,,,106,,,,,,,,,,1,4,Local industriel. commercial ou assimilé,10,0,,,,,,2.134752,48.797562
2022-1316812,2022-12-21,000001,Vente,5181866,36,,RUE DES ETATS GENERAUX,0980,78000,78646,Versailles,78,,,78646000BS0025,,,107,,,,,,,,,,1,4,Local industriel. commercial ou assimilé,10,0,,,,,,2.134752,48.797562
2022-1316812,2022-12-21,000001,Vente,5181866,36,,RUE DES ETATS GENERAUX,0980,78000,78646,Versailles,78,,,78646000BS0025,,,1,,,,,,,,,,1,2,Appartement,23,2,,,,,,2.134752,48.797562
2022-1316812,2022-12-21,000001,Vente,5181866,36,,RUE DES ETATS GENERAUX,0980,78000,78646,Versailles,78,,,78646000BS0025,,,72,,,,,,,,,,1,4,Local industriel. commercial ou assimilé,10,0,,,,,,2.134752,48.797562
2022-1316812,2022-12-21,000001,Vente,5181866,36,,RUE DES ETATS GENERAUX,0980,78000,78646,Versailles,78,,,78646000BS0025,,,73,,,,,,,,,,1,4,Local industriel. commercial ou assimilé,9,0,,,,,,2.134752,48.797562
2022-1316812,2022-12-21,000001,Vente,5181866,36,,RUE DES ETATS GENERAUX,0980,78000,78646,Versailles,78,,,78646000BS0025,,,74,,,,,,,,,,1,4,Local industriel. commercial ou assimilé,9,0,,,,,,2.134752,48.797562
2022-1316812,2022-12-21,000001,Vente,5181866,36,,RUE DES ETATS GENERAUX,0980,78000,78646,Versailles,78,,,78646000BS0025,,,108,,,,,,,,,,1,4,Local industriel. commercial ou assimilé,14,0,,,,,,2.134752,48.797562
2022-1316812,2022-12-21,000001,Vente,5181866,36,,RUE DES ETATS GENERAUX,0980,78000,78646,Versailles,78,,,78646000BS0025,,,109,,,,,,,,,,1,4,Local industriel. commercial ou assimilé,16,0,,,,,,2.134752,48.797562
2022-1316812,2022-12-21,000001,Vente,5181866,36,,RUE DES ETATS GENERAUX,0980,78000,78646,Versailles,78,,,78646000BS0025,,,35,,,,,,,,,,1,4,Local industriel. commercial ou assimilé,2,0,,,,,,2.134752,48.797562
2022-1316812,2022-12-21,000001,Vente,5181866,36,,RUE DES ETATS GENERAUX,0980,78000,78646,Versailles,78,,,78646000BS0025,,,36,,,,,,,,,,1,4,Local industriel. commercial ou assimilé,3,0,,,,,,2.134752,48.797562
2022-1316812,2022-12-21,000001,Vente,5181866,36,,RUE DES ETATS GENERAUX,0980,78000,78646,Versailles,78,,,78646000BS0025,,,25,,,,,,,,,,1,4,Local industriel. commercial ou assimilé,15,0,,,,,,2.134752,48.797562
2022-1316812,2022-12-21,000001,Vente,5181866,36,,RUE DES ETATS GENERAUX,0980,78000,78646,Versailles,78,,,78646000BS0025,,,111,,,,,,,,,,1,4,Local industriel. commercial ou assimilé,16,0,,,,,,2.134752,48.797562
2022-1316812,2022-12-21,000001,Vente,5181866,36,,RUE DES ETATS GENERAUX,0980,78000,78646,Versailles,78,,,78646000BS0025,,,8,,9,,,,,,,,2,4,Local industriel. commercial ou assimilé,244,0,,,,,,2.134752,48.797562
2022-1316812,2022-12-21,000001,Vente,5181866,36,,RUE DES ETATS GENERAUX,0980,78000,78646,Versailles,78,,,78646000BS0025,,,11,,,,,,,,,,1,4,Local industriel. commercial ou assimilé,66,0,,,,,,2.134752,48.797562
2022-1316812,2022-12-21,000001,Vente,5181866,36,,RUE DES ETATS GENERAUX,0980,78000,78646,Versailles,78,,,78646000BS0025,,,10,,,,,,,,,,1,4,Local industriel. commercial ou assimilé,88,0,,,,,,2.134752,48.797562
2022-1316812,2022-12-21,000001,Vente,5181866,36,,RUE DES ETATS GENERAUX,0980,78000,78646,Versailles,78,,,78646000BS0025,,,12,,,,,,,,,,1,4,Local industriel. commercial ou assimilé,71,0,,,,,,2.134752,48.797562
2022-1316812,2022-12-21,000001,Vente,5181866,36,,RUE DES ETATS GENERAUX,0980,78000,78646,Versailles,78,,,78646000BS0025,,,15,,,,,,,,,,1,4,Local industriel. commercial ou assimilé,99,0,,,,,,2.134752,48.797562
2022-1316812,2022-12-21,000001,Vente,5181866,36,,RUE DES ETATS GENERAUX,0980,78000,78646,Versailles,78,,,78646000BS0025,,,14,,,,,,,,,,1,4,Local industriel. commercial ou assimilé,104,0,,,,,,2.134752,48.797562
2022-1316812,2022-12-21,000001,Vente,5181866,36,,RUE DES ETATS GENERAUX,0980,78000,78646,Versailles,78,,,78646000BS0025,,,16,,,,,,,,,,1,4,Local industriel. commercial ou assimilé,55,0,,,,,,2.134752,48.797562
2022-1316812,2022-12-21,000001,Vente,5181866,36,,RUE DES ETATS GENERAUX,0980,78000,78646,Versailles,78,,,78646000BS0025,,,21,,,,,,,,,,1,4,Local industriel. commercial ou assimilé,110,0,,,,,,2.134752,48.797562
2022-1316812,2022-12-21,000001,Vente,5181866,36,,RUE DES ETATS GENERAUX,0980,78000,78646,Versailles,78,,,78646000BS0025,,,18,,,,,,,,,,1,4,Local industriel. commercial ou assimilé,88,0,,,,,,2.134752,48.797562
2022-1316812,2022-12-21,000001,Vente,5181866,36,,RUE DES ETATS GENERAUX,0980,78000,78646,Versailles,78,,,78646000BS0025,,,19,,,,,,,,,,1,4,Local industriel. commercial ou assimilé,65,0,,,,,,2.134752,48.797562
2022-1316812,2022-12-21,000001,Vente,5181866,36,,RUE DES ETATS GENERAUX,0980,78000,78646,Versailles,78,,,78646000BS0025,,,23,,,,,,,,,,1,4,Local industriel. commercial ou assimilé,49,0,,,,,,2.134752,48.797562
2022-1316812,2022-12-21,000001,Vente,5181866,36,,RUE DES ETATS GENERAUX,0980,78000,78646,Versailles,78,,,78646000BS0025,,,50,,,,,,,,,,1,4,Local industriel. commercial ou assimilé,436,0,,,,,,2.134752,48.797562
2022-1316812,2022-12-21,000001,Vente,5181866,36,,RUE DES ETATS GENERAUX,0980,78000,78646,Versailles,78,,,78646000BS0025,,,13,,,,,,,,,,1,4,Local industriel. commercial ou assimilé,198,0,,,,,,2.134752,48.797562
2022-1316812,2022-12-21,000001,Vente,5181866,36,,RUE DES ETATS GENERAUX,0980,78000,78646,Versailles,78,,,78646000BS0025,,,5,,,,,,,,,,1,4,Local industriel. commercial ou assimilé,105,0,,,,,,2.134752,48.797562
2022-1316812,2022-12-21,000001,Vente,5181866,36,,RUE DES ETATS GENERAUX,0980,78000,78646,Versailles,78,,,78646000BS0025,,,54,,,,,,,,,,1,4,Local industriel. commercial ou assimilé,77,0,,,,,,2.134752,48.797562
2022-1316812,2022-12-21,000001,Vente,5181866,36,,RUE DES ETATS GENERAUX,0980,78000,78646,Versailles,78,,,78646000BS0025,,,55,,56,,,,,,,,2,4,Local industriel. commercial ou assimilé,110,0,,,,,,2.134752,48.797562
2022-1316812,2022-12-21,000001,Vente,5181866,36,,RUE DES ETATS GENERAUX,0980,78000,78646,Versailles,78,,,78646000BS0025,,,17,,,,,,,,,,1,4,Local industriel. commercial ou assimilé,115,0,,,,,,2.134752,48.797562
2022-1316812,2022-12-21,000001,Vente,5181866,36,,RUE DES ETATS GENERAUX,0980,78000,78646,Versailles,78,,,78646000BS0025,,,22,,24,,,,,,,,2,4,Local industriel. commercial ou assimilé,127,0,,,,,,2.134752,48.797562
2022-1316812,2022-12-21,000001,Vente,5181866,36,,RUE DES ETATS GENERAUX,0980,78000,78646,Versailles,78,,,78646000BS0025,,,1,,,,,,,,,,1,4,Local industriel. commercial ou assimilé,287,0,,,,,,2.134752,48.797562
2022-1316812,2022-12-21,000001,Vente,5181866,36,,RUE DES ETATS GENERAUX,0980,78000,78646,Versailles,78,,,78646000BS0025,,,51,,,,,,,,,,1,4,Local industriel. commercial ou assimilé,57,0,,,,,,2.134752,48.797562
2022-1316812,2022-12-21,000001,Vente,5181866,36,,RUE DES ETATS GENERAUX,0980,78000,78646,Versailles,78,,,78646000BS0025,,,7,,,,,,,,,,1,4,Local industriel. commercial ou assimilé,61,0,,,,,,2.134752,48.797562
2022-1316812,2022-12-21,000001,Vente,5181866,36,,RUE DES ETATS GENERAUX,0980,78000,78646,Versailles,78,,,78646000BS0025,,,53,,,,,,,,,,1,4,Local industriel. commercial ou assimilé,61,0,,,,,,2.134752,48.797562
2022-1316812,2022-12-21,000001,Vente,5181866,36,,RUE DES ETATS GENERAUX,0980,78000,78646,Versailles,78,,,78646000BS0025,,,57,,,,,,,,,,1,4,Local industriel. commercial ou assimilé,65,0,,,,,,2.134752,48.797562
2022-1316812,2022-12-21,000001,Vente,5181866,36,,RUE DES ETATS GENERAUX,0980,78000,78646,Versailles,78,,,78646000BS0025,,,20,,,,,,,,,,1,4,Local industriel. commercial ou assimilé,63,0,,,,,,2.134752,48.797562
2022-1316812,2022-12-21,000001,Vente,5181866,36,,RUE DES ETATS GENERAUX,0980,78000,78646,Versailles,78,,,78646000BS0025,,,25,,,,,,,,,,1,4,Local industriel. commercial ou assimilé,12,0,,,,,,2.134752,48.797562
2022-1316812,2022-12-21,000001,Vente,5181866,36,,RUE DES ETATS GENERAUX,0980,78000,78646,Versailles,78,,,78646000BS0025,,,110,,,,,,,,,,1,4,Local industriel. commercial ou assimilé,14,0,,,,,,2.134752,48.797562
2022-1316812,2022-12-21,000001,Vente,5181866,36,,RUE DES ETATS GENERAUX,0980,78000,78646,Versailles,78,,,78646000BS0025,,,112,,,,,,,,,,1,4,Local industriel. commercial ou assimilé,15,0,,,,,,2.134752,48.797562
2022-1316812,2022-12-21,000001,Vente,5181866,36,,RUE DES ETATS GENERAUX,0980,78000,78646,Versailles,78,,,78646000BS0025,,,113,,,,,,,,,,1,4,Local industriel. commercial ou assimilé,10,0,,,,,,2.134752,48.797562
2022-1316812,2022-12-21,000001,Vente,5181866,36,,RUE DES ETATS GENERAUX,0980,78000,78646,Versailles,78,,,78646000BS0025,,,114,,,,,,,,,,1,4,Local industriel. commercial ou assimilé,18,0,,,,,,2.134752,48.797562
2022-1316812,2022-12-21,000001,Vente,5181866,36,,RUE DES ETATS GENERAUX,0980,78000,78646,Versailles,78,,,78646000BS0025,,,115,,,,,,,,,,1,4,Local industriel. commercial ou assimilé,17,0,,,,,,2.134752,48.797562
2022-1316812,2022-12-21,000001,Vente,5181866,36,,RUE DES ETATS GENERAUX,0980,78000,78646,Versailles,78,,,78646000BS0025,,,162,,,,,,,,,,1,4,Local industriel. commercial ou assimilé,17,0,,,,,,2.134752,48.797562
2022-1316812,2022-12-21,000001,Vente,5181866,36,,RUE DES ETATS GENERAUX,0980,78000,78646,Versailles,78,,,78646000BS0025,,,162,,,,,,,,,,1,4,Local industriel. commercial ou assimilé,21,0,,,,,,2.134752,48.797562
2022-1316812,2022-12-21,000001,Vente,5181866,36,,RUE DES ETATS GENERAUX,0980,78000,78646,Versailles,78,,,78646000BS0025,,,163,,,,,,,,,,1,4,Local industriel. commercial ou assimilé,9,0,,,,,,2.134752,48.797562
2022-1316812,2022-12-21,000001,Vente,5181866,36,,RUE DES ETATS GENERAUX,0980,78000,78646,Versailles,78,,,78646000BS0025,,,164,,,,,,,,,,1,4,Local industriel. commercial ou assimilé,9,0,,,,,,2.134752,48.797562
2022-1316812,2022-12-21,000001,Vente,5181866,36,,RUE DES ETATS GENERAUX,0980,78000,78646,Versailles,78,,,78646000BS0025,,,165,,,,,,,,,,1,4,Local industriel. commercial ou assimilé,10,0,,,,,,2.134752,48.797562
2022-1316812,2022-12-21,000001,Vente,5181866,36,,RUE DES ETATS GENERAUX,0980,78000,78646,Versailles,78,,,78646000BS0025,,,166,,,,,,,,,,1,4,Local industriel. commercial ou assimilé,12,0,,,,,,2.134752,48.797562
2022-1316812,2022-12-21,000001,Vente,5181866,36,,RUE DES ETATS GENERAUX,0980,78000,78646,Versailles,78,,,78646000BS0025,,,167,,,,,,,,,,1,4,Local industriel. commercial ou assimilé,12,0,,,,,,2.134752,48.797562
2022-1316812,2022-12-21,000001,Vente,5181866,36,,RUE DES ETATS GENERAUX,0980,78000,78646,Versailles,78,,,78646000BS0025,,,168,,,,,,,,,,1,4,Local industriel. commercial ou assimilé,12,0,,,,,,2.134752,48.797562
2022-1316812,2022-12-21,000001,Vente,5181866,36,,RUE DES ETATS GENERAUX,0980,78000,78646,Versailles,78,,,78646000BS0025,,,169,,,,,,,,,,1,4,Local industriel. commercial ou assimilé,14,0,,,,,,2.134752,48.797562
2022-1316812,2022-12-21,000001,Vente,5181866,36,,RUE DES ETATS GENERAUX,0980,78000,78646,Versailles,78,,,78646000BS0025,,,170,,,,,,,,,,1,4,Local industriel. commercial ou assimilé,14,0,,,,,,2.134752,48.797562
2022-1316812,2022-12-21,000001,Vente,5181866,36,,RUE DES ETATS GENERAUX,0980,78000,78646,Versailles,78,,,78646000BS0025,,,171,,,,,,,,,,1,4,Local industriel. commercial ou assimilé,14,0,,,,,,2.134752,48.797562
2022-1316812,2022-12-21,000001,Vente,5181866,36,,RUE DES ETATS GENERAUX,0980,78000,78646,Versailles,78,,,78646000BS0025,,,26,,,,,,,,,,1,4,Local industriel. commercial ou assimilé,21,0,,,,,,2.134752,48.797562
2022-1316812,2022-12-21,000001,Vente,5181866,36,,RUE DES ETATS GENERAUX,0980,78000,78646,Versailles,78,,,78646000BS0025,,,26,,,,,,,,,,1,4,Local industriel. commercial ou assimilé,17,0,,,,,,2.134752,48.797562
2022-1316812,2022-12-21,000001,Vente,5181866,36,,RUE DES ETATS GENERAUX,0980,78000,78646,Versailles,78,,,78646000BS0025,,,27,,,,,,,,,,1,4,Local industriel. commercial ou assimilé,2,0,,,,,,2.134752,48.797562
2022-1316812,2022-12-21,000001,Vente,5181866,36,,RUE DES ETATS GENERAUX,0980,78000,78646,Versailles,78,,,78646000BS0025,,,150,,,,,,,,,,1,4,Local industriel. commercial ou assimilé,21,0,,,,,,2.134752,48.797562
2022-1316812,2022-12-21,000001,Vente,5181866,36,,RUE DES ETATS GENERAUX,0980,78000,78646,Versailles,78,,,78646000BS0025,,,150,,,,,,,,,,1,4,Local industriel. commercial ou assimilé,17,0,,,,,,2.134752,48.797562
2022-1316812,2022-12-21,000001,Vente,5181866,36,,RUE DES ETATS GENERAUX,0980,78000,78646,Versailles,78,,,78646000BS0025,,,28,,,,,,,,,,1,4,Local industriel. commercial ou assimilé,2,0,,,,,,2.134752,48.797562
2022-1316812,2022-12-21,000001,Vente,5181866,36,,RUE DES ETATS GENERAUX,0980,78000,78646,Versailles,78,,,78646000BS0025,,,29,,,,,,,,,,1,4,Local industriel. commercial ou assimilé,3,0,,,,,,2.134752,48.797562
2022-1316812,2022-12-21,000001,Vente,5181866,36,,RUE DES ETATS GENERAUX,0980,78000,78646,Versailles,78,,,78646000BS0025,,,30,,,,,,,,,,1,4,Local industriel. commercial ou assimilé,2,0,,,,,,2.134752,48.797562
2022-1316812,2022-12-21,000001,Vente,5181866,36,,RUE DES ETATS GENERAUX,0980,78000,78646,Versailles,78,,,78646000BS0025,,,31,,,,,,,,,,1,4,Local industriel. commercial ou assimilé,3,0,,,,,,2.134752,48.797562
2022-1316812,2022-12-21,000001,Vente,5181866,36,,RUE DES ETATS GENERAUX,0980,78000,78646,Versailles,78,,,78646000BS0025,,,32,,,,,,,,,,1,4,Local industriel. commercial ou assimilé,2,0,,,,,,2.134752,48.797562
2022-1316812,2022-12-21,000001,Vente,5181866,36,,RUE DES ETATS GENERAUX,0980,78000,78646,Versailles,78,,,78646000BS0025,,,17,,,,,,,,,,1,4,Local industriel. commercial ou assimilé,65,0,,,,,,2.134752,48.797562
2022-1316812,2022-12-21,000001,Vente,5181866,36,,RUE DES ETATS GENERAUX,0980,78000,78646,Versailles,78,,,78646000BS0025,,,100,,,,,,,,,,1,4,Local industriel. commercial ou assimilé,131,0,,,,,,2.134752,48.797562
2022-1316812,2022-12-21,000001,Vente,5181866,36,,RUE DES ETATS GENERAUX,0980,78000,78646,Versailles,78,,,78646000BS0025,,,33,,,,,,,,,,1,4,Local industriel. commercial ou assimilé,2,0,,,,,,2.134752,48.797562
2022-1316812,2022-12-21,000001,Vente,5181866,36,,RUE DES ETATS GENERAUX,0980,78000,78646,Versailles,78,,,78646000BS0025,,,34,,,,,,,,,,1,4,Local industriel. commercial ou assimilé,2,0,,,,,,2.134752,48.797562
2022-1316812,2022-12-21,000001,Vente,5181866,36,,RUE DES ETATS GENERAUX,0980,78000,78646,Versailles,78,,,78646000BS0025,,,2,,3,,4,,,,,,3,4,Local industriel. commercial ou assimilé,240,0,,,,,,2.134752,48.797562
2022-1316812,2022-12-21,000001,Vente,5181866,36,,RUE DES ETATS GENERAUX,0980,78000,78646,Versailles,78,,,78646000BS0025,,,52,,,,,,,,,,1,4,Local industriel. commercial ou assimilé,76,0,,,,,,2.134752,48.797562
2022-1316812,2022-12-21,000001,Vente,5181866,36,,RUE DES ETATS GENERAUX,0980,78000,78646,Versailles,78,,,78646000BS0025,,,6,,,,,,,,,,1,4,Local industriel. commercial ou assimilé,84,0,,,,,,2.134752,48.797562
2022-1316818,2022-12-20,000001,Vente,338150,2,T,RUE DU FOYER VERSAILLAIS,1100,78000,78646,Versailles,78,,,78646000BL0294,,,318,57.16,328,,,,,,,,2,2,Appartement,56,3,,,,,,2.146987,48.791716
2022-1316818,2022-12-20,000001,Vente,338150,2,T,RUE DU FOYER VERSAILLAIS,1100,78000,78646,Versailles,78,,,78646000BL0294,,,318,57.16,328,,,,,,,,2,3,Dépendance,,0,,,,,,2.146987,48.791716
2022-1316818,2022-12-20,000001,Vente,338150,3,,RUE DU PONT COLBERT,2370,78000,78646,Versailles,78,,,78646000BL0294,,,535,,,,,,,,,,1,3,Dépendance,,0,,,,,,2.146987,48.791716
2022-1316832,2022-12-08,000001,Vente,290000,26,,RUE DU GENERAL LECLERC,1145,78000,78646,Versailles,78,,,78646000BV0080,,,31,38.04,,,,,,,,,1,2,Appartement,38,2,,,,,,2.12633,48.798673
2022-1316889,2022-12-28,000001,Vente,29500,58,,RUE DES CHANTIERS,0530,78000,78646,Versailles,78,,,78646000BL0327,,,443,,,,,,,,,,1,3,Dépendance,,0,,,,,,2.142467,48.792993
2022-1316897,2022-12-30,000001,Vente en l'état futur d'achèvement,351900,,,LA SABLIERE,B029,78000,78646,Versailles,78,,,78646000BY0121,,,25,,,,,,,,,,1,,,,,,,,,,2.079148,48.803081
2022-1316931,2022-12-20,000001,Vente,328000,2,,RUE SAINT LOUIS,2810,78000,78646,Versailles,78,,,78646000BW0081,,,14,52.88,39,,,,,,,,2,3,Dépendance,,0,,,,,,2.122585,48.795743
2022-1316931,2022-12-20,000001,Vente,328000,2,,RUE SAINT LOUIS,2810,78000,78646,Versailles,78,,,78646000BW0081,,,14,52.88,39,,,,,,,,2,2,Appartement,51,3,,,,,,2.122585,48.795743
2022-1316933,2022-12-27,000001,Vente,98000,2,,RUE DE LA CEINTURE,0460,78000,78646,Versailles,78,,,78646000AW0219,,,346,14.85,,,,,,,,,1,3,Dépendance,,0,,,,,,2.147909,48.808568
2022-1316950,2022-12-22,000001,Vente,22000,147,,BD DE LA REINE,2520,78000,78646,Versailles,78,,,78646000AR0127,,,41,,,,,,,,,,1,3,Dépendance,,0,,,,,,2.143183,48.808471
2022-1316962,2022-12-20,000001,Vente,403226,24,,RUE JACQUES LEMERCIER,1420,78000,78646,Versailles,78,,,78646000AO0020,,,221,,,,,,,,,,1,3,Dépendance,,0,,,,,,2.150001,48.814605
2022-1316962,2022-12-20,000001,Vente,403226,24,,RUE JACQUES LEMERCIER,1420,78000,78646,Versailles,78,,,78646000AO0020,,,30,70.61,62,,,,,,,,2,3,Dépendance,,0,,,,,,2.150001,48.814605
2022-1316962,2022-12-20,000001,Vente,403226,24,,RUE JACQUES LEMERCIER,1420,78000,78646,Versailles,78,,,78646000AO0020,,,30,70.61,62,,,,,,,,2,2,Appartement,69,3,,,,,,2.150001,48.814605
2022-1316966,2022-12-23,000001,Vente,430000,57,,BD DE LA REINE,2520,78000,78646,Versailles,78,,,78646000AD0484,,,106,51.73,108,,,,,,,,2,2,Appartement,58,2,,,,,,2.129678,48.809534
2022-1316992,2022-12-28,000001,Vente,403920,37,,BD DE LA REINE,2520,78000,78646,Versailles,78,,,78646000AD0022,,,2,32.6,,,,,,,,,1,2,Appartement,33,2,,,,,,2.127286,48.809684
2022-1316995,2022-12-28,000001,Vente,456000,37,,BD DE LA REINE,2520,78000,78646,Versailles,78,,,78646000AD0022,,,5,31.1,,,,,,,,,1,2,Appartement,31,2,,,,,,2.127286,48.809684
2022-1316998,2022-12-28,000001,Vente,503000,37,,BD DE LA REINE,2520,78000,78646,Versailles,78,,,78646000AD0022,,,7,39,,,,,,,,,1,2,Appartement,45,2,,,,,,2.127286,48.809684
2022-1317003,2022-12-21,000001,Vente,640000,39,,BD DU ROI,2641,78000,78646,Versailles,78,,,78646000AC0108,,,164,,,,,,,,,,1,4,Local industriel. commercial ou assimilé,12,0,,,,,,2.127742,48.814503
2022-1317003,2022-12-21,000001,Vente,640000,39,,BD DU ROI,2641,78000,78646,Versailles,78,,,78646000AC0108,,,165,,,,,,,,,,1,4,Local industriel. commercial ou assimilé,12,0,,,,,,2.127742,48.814503
2022-1317003,2022-12-21,000001,Vente,640000,39,,BD DU ROI,2641,78000,78646,Versailles,78,,,78646000AC0108,,,12,116.76,208,,,,,,,,2,4,Local industriel. commercial ou assimilé,121,0,,,,,,2.127742,48.814503
2022-1317004,2022-12-30,000001,Vente,330000,52,,AV DE VILLENEUVE L ETANG,3200,78000,78646,Versailles,78,,,78646000AO0195,,,1676,,,,,,,,,,1,3,Dépendance,,0,,,,,,2.148734,48.818785
2022-1317004,2022-12-30,000001,Vente,330000,52,,AV DE VILLENEUVE L ETANG,3200,78000,78646,Versailles,78,,,78646000AO0195,,,1305,40.93,1783,,,,,,,,2,2,Appartement,41,2,,,,,,2.148734,48.818785
2022-1317008,2022-12-13,000001,Vente,643000,6,,RUE DU MAL DE LATTRE DE TASSIG,1790,78000,78646,Versailles,78,,,78646000AL0093,,,48,,7,85.74,,,,,,,2,3,Dépendance,,0,,,,,,2.136708,48.81529
2022-1317008,2022-12-13,000001,Vente,643000,6,,RUE DU MAL DE LATTRE DE TASSIG,1790,78000,78646,Versailles,78,,,78646000AL0093,,,75,,,,,,,,,,1,3,Dépendance,,0,,,,,,2.136708,48.81529
2022-1317008,2022-12-13,000001,Vente,643000,6,,RUE DU MAL DE LATTRE DE TASSIG,1790,78000,78646,Versailles,78,,,78646000AL0093,,,48,,7,85.74,,,,,,,2,2,Appartement,89,3,,,,,,2.136708,48.81529
2022-1317009,2022-12-30,000001,Vente,525000,27,,RUE JACQUES LEMERCIER,1420,78000,78646,Versailles,78,,,78646000AO0064,,,7,97.87,8,,,,,,,,2,2,Appartement,94,5,,,,,,2.148415,48.815728
2022-1317009,2022-12-30,000001,Vente,525000,27,,RUE JACQUES LEMERCIER,1420,78000,78646,Versailles,78,,,78646000AO0064,,,7,97.87,8,,,,,,,,2,3,Dépendance,,0,,,,,,2.148415,48.815728
2022-1317013,2022-12-28,000001,Vente en l'état futur d'achèvement,328000,,,LA SABLIERE,B029,78000,78646,Versailles,78,,,78646000BY0114,,,203,,,,,,,,,,1,,,,,,,,,,2.078245,48.802897
2022-1317015,2022-12-28,000001,Vente,268344,37,,BD DE LA REINE,2520,78000,78646,Versailles,78,,,78646000AD0022,,,6,18.5,,,,,,,,,1,2,Appartement,19,1,,,,,,2.127286,48.809684
2022-1317024,2022-12-29,000001,Vente,260395,13,,RUE DE L ORIENT,2130,78000,78646,Versailles,78,,,78646000BT0105,,,118,,,,,,,,,,1,3,Dépendance,,0,,,,,,2.127036,48.796284
2022-1317024,2022-12-29,000001,Vente,260395,13,,RUE DE L ORIENT,2130,78000,78646,Versailles,78,,,78646000BT0105,,,108,,,,,,,,,,1,2,Appartement,27,2,,,,,,2.127036,48.796284
2022-1317039,2022-12-28,000001,Vente,345000,37,,BD DE LA REINE,2520,78000,78646,Versailles,78,,,78646000AD0022,,,4,24.8,,,,,,,,,1,2,Appartement,25,1,,,,,,2.127286,48.809684
2022-1317041,2022-12-19,000001,Vente,2460000,38,,AV DU MAL DOUGLAS HAIG,1795,78000,78646,Versailles,78,,,78646000AM0298,,,,,,,,,,,,,0,1,Maison,210,6,S,sols,,,745,2.146877,48.821885
2022-1317041,2022-12-19,000001,Vente,2460000,38,,AV DU MAL DOUGLAS HAIG,1795,78000,78646,Versailles,78,,,78646000AM0298,,,,,,,,,,,,,0,1,Maison,210,6,AG,terrains d'agrément,,,783,2.146877,48.821885
2022-1317042,2022-12-29,000001,Vente,215000,77,B,RUE DE LA PAROISSE,2190,78000,78646,Versailles,78,,,78646000AI0289,,,15,27.77,25,,,,,,,,2,2,Appartement,20,2,,,,,,2.135001,48.806058
2022-1317042,2022-12-29,000001,Vente,215000,77,B,RUE DE LA PAROISSE,2190,78000,78646,Versailles,78,,,78646000AI0289,,,15,27.77,25,,,,,,,,2,3,Dépendance,,0,,,,,,2.135001,48.806058
2022-1317050,2022-12-28,000001,Vente en l'état futur d'achèvement,663000,,,LA SABLIERE,B029,78000,78646,Versailles,78,,,78646000BY0110,,,205,,,,,,,,,,1,,,,,,,,,,2.078228,48.802624
2022-1317050,2022-12-28,000001,Vente en l'état futur d'achèvement,663000,,,LA SABLIERE,B029,78000,78646,Versailles,78,,,78646000BY0110,,,129,,,,,,,,,,1,,,,,,,,,,2.078228,48.802624
2022-1317050,2022-12-28,000001,Vente en l'état futur d'achèvement,663000,,,LA SABLIERE,B029,78000,78646,Versailles,78,,,78646000BY0110,,,401,,,,,,,,,,1,,,,,,,,,,2.078228,48.802624
2022-1317052,2022-12-28,000001,Vente en l'état futur d'achèvement,360050,,,LA SABLIERE,B029,78000,78646,Versailles,78,,,78646000BY0108,,,214,,,,,,,,,,1,,,,,,,,,,2.079319,48.802074
2022-1317052,2022-12-28,000001,Vente en l'état futur d'achèvement,360050,,,LA SABLIERE,B029,78000,78646,Versailles,78,,,78646000BY0108,,,424,,,,,,,,,,1,,,,,,,,,,2.079319,48.802074
2022-1317060,2022-12-22,000001,Vente,308750,12,,AV DE PORCHEFONTAINE,2380,78000,78646,Versailles,78,,,78646000BK0021,,,234,,284,54.63,,,,,,,2,2,Appartement,53,2,,,,,,2.152071,48.797176
2022-1317060,2022-12-22,000001,Vente,308750,12,,AV DE PORCHEFONTAINE,2380,78000,78646,Versailles,78,,,78646000BK0021,,,234,,284,54.63,,,,,,,2,3,Dépendance,,0,,,,,,2.152071,48.797176
2022-1317060,2022-12-22,000001,Vente,308750,12,,AV DE PORCHEFONTAINE,2380,78000,78646,Versailles,78,,,78646000BK0021,,,1728,,,,,,,,,,1,3,Dépendance,,0,,,,,,2.152071,48.797176
2022-1317065,2022-12-02,000001,Vente,450000,28,,PROM MONA LISA,1965,78000,78646,Versailles,78,,,78646000AZ0110,,,2042,,2093,100.37,,,,,,,2,3,Dépendance,,0,,,,,,2.158672,48.8041
2022-1317065,2022-12-02,000001,Vente,450000,5,,RUE DE L ECOLE DES POSTES,0850,78000,78646,Versailles,78,,,78646000AZ0110,,,3923,,,,,,,,,,1,3,Dépendance,,0,,,,,,2.158672,48.8041
2022-1317065,2022-12-02,000001,Vente,450000,28,,PROM MONA LISA,1965,78000,78646,Versailles,78,,,78646000AZ0110,,,2042,,2093,100.37,,,,,,,2,2,Appartement,101,4,,,,,,2.158672,48.8041
2022-1317077,2022-12-27,000001,Vente,140000,8,,RUE RICHAUD,2610,78000,78646,Versailles,78,,,78646000AI0203,,,17,15.86,,,,,,,,,1,2,Appartement,16,1,,,,,,2.133252,48.807358
2022-1317086,2022-12-12,000001,Vente,3100000,15,,RUE JACQUES BOYCEAU,1410,78000,78646,Versailles,78,,,78646000BP0091,,,,,,,,,,,,,0,2,Appartement,68,4,S,sols,,,3000,2.143302,48.803098
2022-1317086,2022-12-12,000001,Vente,3100000,15,,RUE JACQUES BOYCEAU,1410,78000,78646,Versailles,78,,,78646000BP0091,,,,,,,,,,,,,0,4,Local industriel. commercial ou assimilé,,0,S,sols,,,3000,2.143302,48.803098
2022-1317124,2022-12-19,000001,Vente,140000,45,,RUE D ANJOU,0190,78000,78646,Versailles,78,,,78646000BT0049,,,4,25.36,,,,,,,,,1,2,Appartement,26,1,,,,,,2.127484,48.796849
2022-1317130,2022-12-21,000001,Vente,68000,6,,RUE DES ETATS GENERAUX,0980,78000,78646,Versailles,78,,,78646000BR0011,,,26,,,,,,,,,,1,3,Dépendance,,0,,,,,,2.131601,48.800799
2022-1317136,2022-12-29,000001,Vente,354000,20,,RUE VICTOR BART,3160,78000,78646,Versailles,78,,,78646000AR0048,,,139,,2,47.39,,,,,,,2,3,Dépendance,,0,,,,,,2.145915,48.808908
2022-1317136,2022-12-29,000001,Vente,354000,20,,RUE VICTOR BART,3160,78000,78646,Versailles,78,,,78646000AR0048,,,139,,2,47.39,,,,,,,2,2,Appartement,47,2,,,,,,2.145915,48.808908
2022-1317136,2022-12-29,000001,Vente,354000,20,,RUE VICTOR BART,3160,78000,78646,Versailles,78,,,78646000AR0048,,,188,,,,,,,,,,1,3,Dépendance,,0,,,,,,2.145915,48.808908
2022-1317146,2022-12-30,000001,Vente en l'état futur d'achèvement,625100,,,LA SABLIERE,B029,78000,78646,Versailles,78,,,78646000BY0110,,,301,,,,,,,,,,1,,,,,,,,,,2.078228,48.802624
2022-1317146,2022-12-30,000001,Vente en l'état futur d'achèvement,625100,,,LA SABLIERE,B029,78000,78646,Versailles,78,,,78646000BY0110,,,192,,,,,,,,,,1,,,,,,,,,,2.078228,48.802624
2022-1317146,2022-12-30,000001,Vente en l'état futur d'achèvement,625100,,,LA SABLIERE,B029,78000,78646,Versailles,78,,,78646000BY0110,,,191,,,,,,,,,,1,,,,,,,,,,2.078228,48.802624
2022-1317159,2022-12-13,000001,Vente,176000,20,,RUE HOCHE,1350,78000,78646,Versailles,78,,,78646000AE0216,,,207,,,,,,,,,,1,2,Appartement,20,1,,,,,,2.128924,48.806998
2022-1317186,2022-12-23,000001,Vente,150000,36,B,RUE DE MONTREUIL,2000,78000,78646,Versailles,78,,,78646000AX0309,,,109,,16,,303,,,,,,3,3,Dépendance,,0,,,,,,2.145638,48.804501
2022-1317186,2022-12-23,000001,Vente,150000,36,B,RUE DE MONTREUIL,2000,78000,78646,Versailles,78,,,78646000AX0309,,,109,,16,,303,,,,,,3,3,Dépendance,,0,,,,,,2.145638,48.804501
2022-1317186,2022-12-23,000001,Vente,150000,36,B,RUE DE MONTREUIL,2000,78000,78646,Versailles,78,,,78646000AX0309,,,109,,16,,303,,,,,,3,3,Dépendance,,0,,,,,,2.145638,48.804501
2022-1317186,2022-12-23,000001,Vente,150000,36,B,RUE DE MONTREUIL,2000,78000,78646,Versailles,78,,,78646000AX0309,,,109,,16,,303,,,,,,3,2,Appartement,70,3,,,,,,2.145638,48.804501
2022-1317192,2022-12-21,000001,Vente,240000,6,,RUE DES ETATS GENERAUX,0980,78000,78646,Versailles,78,,,78646000BR0011,,,12,,13,,32,,35,,,,4,3,Dépendance,,0,,,,,,2.131601,48.800799
2022-1317192,2022-12-21,000001,Vente,240000,6,,RUE DES ETATS GENERAUX,0980,78000,78646,Versailles,78,,,78646000BR0011,,,11,,,,,,,,,,1,3,Dépendance,,0,,,,,,2.131601,48.800799
2022-1317192,2022-12-21,000001,Vente,240000,6,,RUE DES ETATS GENERAUX,0980,78000,78646,Versailles,78,,,78646000BR0011,,,12,,13,,32,,35,,,,4,2,Appartement,46,2,,,,,,2.131601,48.800799
2022-1317192,2022-12-21,000001,Vente,240000,6,,RUE DES ETATS GENERAUX,0980,78000,78646,Versailles,78,,,78646000BR0011,,,14,,,,,,,,,,1,3,Dépendance,,0,,,,,,2.131601,48.800799
2022-1317192,2022-12-21,000001,Vente,240000,6,,RUE DES ETATS GENERAUX,0980,78000,78646,Versailles,78,,,78646000BR0011,,,16,,,,,,,,,,1,2,Appartement,103,5,,,,,,2.131601,48.800799
2022-1317192,2022-12-21,000001,Vente,240000,6,,RUE DES ETATS GENERAUX,0980,78000,78646,Versailles,78,,,78646000BR0011,,,14,,,,,,,,,,1,2,Appartement,91,5,,,,,,2.131601,48.800799
2022-1317192,2022-12-21,000001,Vente,240000,6,,RUE DES ETATS GENERAUX,0980,78000,78646,Versailles,78,,,78646000BR0011,,,16,,,,,,,,,,1,3,Dépendance,,0,,,,,,2.131601,48.800799
2022-1317192,2022-12-21,000001,Vente,240000,6,,RUE DES ETATS GENERAUX,0980,78000,78646,Versailles,78,,,78646000BR0011,,,16,,,,,,,,,,1,3,Dépendance,,0,,,,,,2.131601,48.800799
2022-1317192,2022-12-21,000001,Vente,240000,6,,RUE DES ETATS GENERAUX,0980,78000,78646,Versailles,78,,,78646000BR0011,,,14,,,,,,,,,,1,3,Dépendance,,0,,,,,,2.131601,48.800799
2022-1317248,2022-12-16,000001,Vente,624920,2,,PL ROBERT DENIS,2625,78000,78646,Versailles,78,,,78646000AZ0110,,,1574,,1631,,,,,,,,2,3,Dépendance,,0,,,,,,2.158672,48.8041
2022-1317248,2022-12-16,000001,Vente,624920,2,,PL ROBERT DENIS,2625,78000,78646,Versailles,78,,,78646000AZ0110,,,1574,,1631,,,,,,,,2,2,Appartement,119,5,,,,,,2.158672,48.8041
2022-1317248,2022-12-16,000001,Vente,624920,5,,RUE DE L ECOLE DES POSTES,0850,78000,78646,Versailles,78,,,78646000AZ0110,,,3222,,,,,,,,,,1,3,Dépendance,,0,,,,,,2.158672,48.8041
2022-1317270,2022-12-20,000001,Vente en l'état futur d'achèvement,15000,9,,RUE VAUBAN,3110,78000,78646,Versailles,78,,,78646000AY0310,,,972,,,,,,,,,,1,3,Dépendance,,0,,,,,,2.15313,48.799852
2022-1317270,2022-12-20,000001,Vente en l'état futur d'achèvement,15000,9,,RUE VAUBAN,3110,78000,78646,Versailles,78,,,78646000AY0310,,,1002,,,,,,,,,,1,3,Dépendance,,0,,,,,,2.15313,48.799852
2022-1317279,2022-12-28,000001,Vente en l'état futur d'achèvement,1165000,,,LA SABLIERE,B029,78000,78646,Versailles,78,,,78646000BY0110,,,242,,,,,,,,,,1,,,,,,,,,,2.078228,48.802624
2022-1317279,2022-12-28,000001,Vente en l'état futur d'achèvement,1165000,,,LA SABLIERE,B029,78000,78646,Versailles,78,,,78646000BY0110,,,241,,,,,,,,,,1,,,,,,,,,,2.078228,48.802624
2022-1317279,2022-12-28,000001,Vente en l'état futur d'achèvement,1165000,,,LA SABLIERE,B029,78000,78646,Versailles,78,,,78646000BY0131,,,,,,,,,,,,,0,,,,,S,sols,,,276,2.079669,48.80329
2022-1317299,2022-12-22,000001,Vente,253287,91,,AV DE PARIS,2180,78000,78646,Versailles,78,,,78646000AY0185,,,1,45.01,,,,,,,,,1,2,Appartement,45,1,,,,,,2.152982,48.798995
2022-1317318,2022-11-18,000001,Vente,510000,12,,RUE BERTHIER,0370,78000,78646,Versailles,78,,,78646000AC0163,,,5,50.9,,,,,,,,,1,2,Appartement,35,2,,,,,,2.12578,48.81164
2022-1317318,2022-11-18,000001,Vente,510000,12,,RUE BERTHIER,0370,78000,78646,Versailles,78,,,78646000AC0163,,,7,48.77,,,,,,,,,1,2,Appartement,35,2,,,,,,2.12578,48.81164
2022-1317326,2022-12-21,000001,Vente,130000,94,,AV DE PARIS,2180,78000,78646,Versailles,78,,,78646000BN0051,,,3,16.24,,,,,,,,,1,2,Appartement,17,1,,,,,,2.148182,48.797645
2022-1317343,2022-12-19,000001,Vente,400000,12,B,RUE CHAMP LAGARDE,0490,78000,78646,Versailles,78,,,78646000BO0080,,,26,,,,,,,,,,1,4,Local industriel. commercial ou assimilé,28,0,,,,,,2.142868,48.800426
2022-1317343,2022-12-19,000001,Vente,400000,12,B,RUE CHAMP LAGARDE,0490,78000,78646,Versailles,78,,,78646000BO0080,,,27,,,,,,,,,,1,4,Local industriel. commercial ou assimilé,65,0,,,,,,2.142868,48.800426
2022-1317376,2022-12-15,000001,Vente,280000,2,,RUE DES RECOLLETS,2500,78000,78646,Versailles,78,,,78646000AH0006,,,14,32.95,27,,,,,,,,2,2,Appartement,33,2,,,,,,2.122102,48.802297
2022-1317380,2022-12-22,000001,Vente,446000,5,,RUE DE NOAILLES,2050,78000,78646,Versailles,78,,,78646000BR0086,,,56,,,,,,,,,,1,3,Dépendance,,0,,,,,,2.136115,48.799599
2022-1317380,2022-12-22,000001,Vente,446000,5,,RUE DE NOAILLES,2050,78000,78646,Versailles,78,,,78646000BR0086,,,10,,,,,,,,,,1,2,Appartement,54,3,,,,,,2.136115,48.799599
2022-1317380,2022-12-22,000001,Vente,446000,5,,RUE DE NOAILLES,2050,78000,78646,Versailles,78,,,78646000BR0086,,,88,,,,,,,,,,1,3,Dépendance,,0,,,,,,2.136115,48.799599
2022-1317380,2022-12-22,000001,Vente,446000,5,,RUE DE NOAILLES,2050,78000,78646,Versailles,78,,,78646000BR0086,,,56,,,,,,,,,,1,3,Dépendance,,0,,,,,,2.136115,48.799599
2022-1317381,2022-12-26,000001,Vente en l'état futur d'achèvement,927000,,,LA SABLIERE,B029,78000,78646,Versailles,78,,,78646000BY0110,,6,,,,,,,,,,,0,,,,,,,,,,2.078228,48.802624
2022-1317381,2022-12-26,000001,Vente en l'état futur d'achèvement,927000,,,LA SABLIERE,B029,78000,78646,Versailles,78,,,78646000BY0110,,,124,,,,,,,,,,1,,,,,,,,,,2.078228,48.802624
2022-1317381,2022-12-26,000001,Vente en l'état futur d'achèvement,927000,,,LA SABLIERE,B029,78000,78646,Versailles,78,,,78646000BY0110,,,123,,,,,,,,,,1,,,,,,,,,,2.078228,48.802624
2022-1317382,2022-12-20,000001,Vente,190000,12,B,RUE CHAMP LAGARDE,0490,78000,78646,Versailles,78,,,78646000BO0080,,,15,37.98,,,,,,,,,1,4,Local industriel. commercial ou assimilé,37,0,,,,,,2.142868,48.800426
2022-1317395,2022-12-16,000001,Vente,120000,12,B,RUE CHAMP LAGARDE,0490,78000,78646,Versailles,78,,,78646000BO0080,,,24,,,,,,,,,,1,4,Local industriel. commercial ou assimilé,28,0,,,,,,2.142868,48.800426
2022-1317396,2022-12-29,000001,Vente,412702,86,,AV DE PARIS,2180,78000,78646,Versailles,78,,,78646000BN0166,,,779,,799,,,,,,,,2,3,Dépendance,,0,,,,,,2.145036,48.797427
2022-1317396,2022-12-29,000001,Vente,412702,86,,AV DE PARIS,2180,78000,78646,Versailles,78,,,78646000BN0166,,,779,,799,,,,,,,,2,3,Dépendance,,0,,,,,,2.145036,48.797427
2022-1317396,2022-12-29,000001,Vente,412702,82,B,AV DE PARIS,2180,78000,78646,Versailles,78,,,78646000BN0166,,,1077,,,,,,,,,,1,3,Dépendance,,0,,,,,,2.145036,48.797427
2022-1317396,2022-12-29,000001,Vente,412702,86,,AV DE PARIS,2180,78000,78646,Versailles,78,,,78646000BN0166,,,779,,799,,,,,,,,2,2,Appartement,81,4,,,,,,2.145036,48.797427
2022-1317474,2022-12-16,000001,Vente,669857,38,,BD DU ROI,2641,78000,78646,Versailles,78,,,78646000AD0407,,,85,92.58,86,,,,,,,,2,2,Appartement,185,8,,,,,,2.129146,48.814076
2022-1317474,2022-12-16,000001,Vente,669857,38,,BD DU ROI,2641,78000,78646,Versailles,78,,,78646000AD0407,,,85,92.58,86,,,,,,,,2,3,Dépendance,,0,,,,,,2.129146,48.814076
2022-1317474,2022-12-16,000001,Vente,669857,38,,BD DU ROI,2641,78000,78646,Versailles,78,,,78646000AD0407,,,85,92.58,86,,,,,,,,2,3,Dépendance,,0,,,,,,2.129146,48.814076
2022-1317474,2022-12-16,000001,Vente,669857,38,,BD DU ROI,2641,78000,78646,Versailles,78,,,78646000AD0407,,,136,,,,,,,,,,1,3,Dépendance,,0,,,,,,2.129146,48.814076
2022-1317507,2022-12-30,000001,Vente,747600,39,,BD DU ROI,2641,78000,78646,Versailles,78,,,78646000AC0108,,,57,,,,,,,,,,1,2,Appartement,109,5,,,,,,2.127742,48.814503
2022-1317507,2022-12-30,000001,Vente,747600,39,,BD DU ROI,2641,78000,78646,Versailles,78,,,78646000AC0108,,,137,,,,,,,,,,1,3,Dépendance,,0,,,,,,2.127742,48.814503
2022-1317508,2022-12-22,000001,Vente,280000,10,,RUE DE FONTENAY,1050,78000,78646,Versailles,78,,,78646000AH0078,,,5,,,,,,,,,,1,2,Appartement,45,2,,,,,,2.125082,48.801107
2022-1317575,2022-12-21,000001,Vente,25000,7,,RUE RICHAUD,2610,78000,78646,Versailles,78,,,78646000AI0313,,,298,,,,,,,,,,1,3,Dépendance,,0,,,,,,2.135209,48.807376
2022-1317601,2022-12-21,000001,Vente,485000,8,,RUE DU GENERAL PERSHING,1170,78000,78646,Versailles,78,,,78646000AS0052,,,238,,239,,72,,8,92.12,,,4,3,Dépendance,,0,,,,,,2.151367,48.813337
2022-1317601,2022-12-21,000001,Vente,485000,8,,RUE DU GENERAL PERSHING,1170,78000,78646,Versailles,78,,,78646000AS0052,,,238,,239,,72,,8,92.12,,,4,2,Appartement,87,4,,,,,,2.151367,48.813337
2022-1317601,2022-12-21,000001,Vente,485000,8,,RUE DU GENERAL PERSHING,1170,78000,78646,Versailles,78,,,78646000AS0052,,,238,,239,,72,,8,92.12,,,4,3,Dépendance,,0,,,,,,2.151367,48.813337
2022-1317601,2022-12-21,000001,Vente,485000,8,,RUE DU GENERAL PERSHING,1170,78000,78646,Versailles,78,,,78646000AS0052,,,144,,,,,,,,,,1,3,Dépendance,,0,,,,,,2.151367,48.813337
2022-1317601,2022-12-21,000001,Vente,485000,8,,RUE DU GENERAL PERSHING,1170,78000,78646,Versailles,78,,,78646000AS0052,,,238,,239,,72,,8,92.12,,,4,3,Dépendance,,0,,,,,,2.151367,48.813337
2022-1317601,2022-12-21,000001,Vente,485000,8,,RUE DU GENERAL PERSHING,1170,78000,78646,Versailles,78,,,78646000AS0052,,,181,,,,,,,,,,1,3,Dépendance,,0,,,,,,2.151367,48.813337
2022-1317657,2022-12-29,000001,Vente,224000,25,,RUE DE SATORY,2950,78000,78646,Versailles,78,,,78646000AH0142,,,9,,,,,,,,,,1,2,Appartement,40,1,,,,,,2.124881,48.800023
2022-1317679,2022-12-27,000001,Vente,58000,82,B,AV DE PARIS,2180,78000,78646,Versailles,78,,,78646000BN0166,,,553,,,,,,,,,,1,3,Dépendance,,0,,,,,,2.145036,48.797427
2022-1317686,2022-12-29,000001,Vente,461220,20,,RUE DES ETATS GENERAUX,0980,78000,78646,Versailles,78,,,78646000BR0191,,,30,61.25,9,,,,,,,,2,2,Appartement,64,3,,,,,,2.13339,48.798708
2022-1317686,2022-12-29,000001,Vente,461220,20,,RUE DES ETATS GENERAUX,0980,78000,78646,Versailles,78,,,78646000BR0191,,,24,,,,,,,,,,1,3,Dépendance,,0,,,,,,2.13339,48.798708
2022-1317686,2022-12-29,000001,Vente,461220,20,,RUE DES ETATS GENERAUX,0980,78000,78646,Versailles,78,,,78646000BR0191,,,30,61.25,9,,,,,,,,2,3,Dépendance,,0,,,,,,2.13339,48.798708
2022-1317692,2022-12-23,000001,Vente,105000,64,,RUE DES CHANTIERS,0530,78000,78646,Versailles,78,,,78646000BL0326,,,140,18.1,,,,,,,,,1,2,Appartement,18,1,,,,,,2.143523,48.792624
2022-1317797,2022-12-28,000001,Vente,585000,38,,BD DU ROI,2641,78000,78646,Versailles,78,,,78646000AD0407,,,63,92.63,64,,,,,,,,2,2,Appartement,97,5,,,,,,2.129146,48.814076
2022-1317797,2022-12-28,000001,Vente,585000,38,,BD DU ROI,2641,78000,78646,Versailles,78,,,78646000AD0407,,,124,,,,,,,,,,1,3,Dépendance,,0,,,,,,2.129146,48.814076
2022-1317797,2022-12-28,000001,Vente,585000,38,,BD DU ROI,2641,78000,78646,Versailles,78,,,78646000AD0407,,,63,92.63,64,,,,,,,,2,3,Dépendance,,0,,,,,,2.129146,48.814076
2022-1317809,2022-12-30,000001,Vente,25000,7,,RUE RICHAUD,2610,78000,78646,Versailles,78,,,78646000AI0313,,,297,,,,,,,,,,1,3,Dépendance,,0,,,,,,2.135209,48.807376
2022-1317859,2022-12-12,000001,Vente,240000,27,,RUE BERTHIER,0370,78000,78646,Versailles,78,,,78646000AD0197,,,11,,31,,,,,,,,2,2,Appartement,35,1,,,,,,2.12808,48.811819
2022-1317859,2022-12-12,000001,Vente,240000,27,,RUE BERTHIER,0370,78000,78646,Versailles,78,,,78646000AD0197,,,11,,31,,,,,,,,2,3,Dépendance,,0,,,,,,2.12808,48.811819
2022-1317880,2022-12-21,000001,Vente,100000,12,B,RUE CHAMP LAGARDE,0490,78000,78646,Versailles,78,,,78646000BO0080,,,8,20.52,,,,,,,,,1,4,Local industriel. commercial ou assimilé,20,0,,,,,,2.142868,48.800426
2022-1317910,2022-07-01,000001,Vente,150000,22,,RUE DE MONTREUIL,2000,78000,78646,Versailles,78,,,78646000AX0325,,,21,,22,,8,,,,,,3,3,Dépendance,,0,,,,,,2.144071,48.80477
2022-1317910,2022-07-01,000001,Vente,150000,22,,RUE DE MONTREUIL,2000,78000,78646,Versailles,78,,,78646000AX0325,,,10,,11,,9,,,,,,3,2,Appartement,36,2,,,,,,2.144071,48.80477
2022-1317956,2022-12-06,000001,Vente,123800,23,,RUE HARDY,1290,78000,78646,Versailles,78,,,78646000BV0024,,,28,,39,,,,,,,,2,3,Dépendance,,0,,,,,,2.123089,48.799423
2022-1317956,2022-12-06,000001,Vente,123800,23,,RUE HARDY,1290,78000,78646,Versailles,78,,,78646000BV0024,,,28,,39,,,,,,,,2,2,Appartement,60,3,,,,,,2.123089,48.799423
2022-1317968,2022-04-01,000001,Expropriation,,4,,RTE DE LA MINIERE,1905,78000,78646,Versailles,78,,,78646000CB0056,,,,,,,,,,,,,0,,,,,S,sols,,,5129,2.101223,48.781301
2022-1317968,2022-04-01,000001,Expropriation,,11,,ALL DES MARRONNIERS,1862,78000,78646,Versailles,78,,,78646000CB0058,,,,,,,,,,,,,0,,,,,S,sols,,,10025,2.102402,48.783437
2022-1317968,2022-04-01,000001,Expropriation,,11,,ALL DES MARRONNIERS,1862,78000,78646,Versailles,78,,,78646000CB0059,,,,,,,,,,,,,0,,,,,S,sols,,,1657,,
2022-1317968,2022-04-01,000001,Expropriation,,11,,ALL DES MARRONNIERS,1862,78000,78646,Versailles,78,,,78646000CB0060,,,,,,,,,,,,,0,,,,,S,sols,,,646,,
2022-1317968,2022-04-01,000001,Expropriation,,11,,ALL DES MARRONNIERS,1862,78000,78646,Versailles,78,,,78646000CB0061,,,,,,,,,,,,,0,,,,,S,sols,,,520,2.101722,48.781959
