id_mutation,date_mutation,numero_disposition,nature_mutation,valeur_fonciere,adresse_numero,adresse_suffixe,adresse_nom_voie,adresse_code_voie,code_postal,code_commune,nom_commune,code_departement,ancien_code_commune,ancien_nom_commune,id_parcelle,ancien_id_parcelle,numero_volume,lot1_numero,lot1_surface_carrez,lot2_numero,lot2_surface_carrez,lot3_numero,lot3_surface_carrez,lot4_numero,lot4_surface_carrez,lot5_numero,lot5_surface_carrez,nombre_lots,code_type_local,type_local,surface_reelle_bati,nombre_pieces_principales,code_nature_culture,nature_culture,code_nature_culture_speciale,nature_culture_speciale,surface_terrain,longitude,latitude
2025-1005333,2025-01-07,000001,Vente,610000,53,,AV DE PARIS,2180,78000,78646,Versailles,78,,,78646000BP0132,,,235,,270,102.75,,,,,,,2,3,Dépendance,,0,,,,,,2.1408,48.800274
2025-1005333,2025-01-07,000001,Vente,610000,53,,AV DE PARIS,2180,78000,78646,Versailles,78,,,78646000BP0132,,,235,,270,102.75,,,,,,,2,2,Appartement,103,5,,,,,,2.1408,48.800274
2025-1005333,2025-01-07,000001,Vente,610000,53,,AV DE PARIS,2180,78000,78646,Versailles,78,,,78646000BP0132,,,305,,,,,,,,,,1,3,Dépendance,,0,,,,,,2.1408,48.800274
2025-1005338,2025-01-08,000001,Vente,770000,24,,RUE HENRI DE REGNIER,1310,78000,78646,Versailles,78,,,78646000BW0159,,,10,,12,99.97,,,,,,,2,2,Appartement,84,6,,,,,,2.126069,48.793281
2025-1005338,2025-01-08,000001,Vente,770000,24,,RUE HENRI DE REGNIER,1310,78000,78646,Versailles,78,,,78646000BW0159,,,10,,12,99.97,8,,,,,,3,3,Dépendance,,0,,,,,,2.126069,48.793281
2025-1005383,2025-01-10,000001,Vente,380000,46,,RUE DES BOURDONNAIS,0400,78000,78646,Versailles,78,,,78646000BW0030,,,1,70.91,,,,,,,,,1,3,Dépendance,,0,,,,,,2.129529,48.794429
2025-1005383,2025-01-10,000001,Vente,380000,46,,RUE DES BOURDONNAIS,0400,78000,78646,Versailles,78,,,78646000BW0030,,,1,70.91,,,,,,,,,1,2,Appartement,69,3,,,,,,2.129529,48.794429
2025-1005398,2025-01-07,000001,Vente,378500,60,,RUE DE MONTREUIL,2000,78000,78646,Versailles,78,,,78646000AY0270,,,247,,,,,,,,,,1,3,Dépendance,,0,,,,,,2.148581,48.804249
2025-1005398,2025-01-07,000001,Vente,378500,60,,RUE DE MONTREUIL,2000,78000,78646,Versailles,78,,,78646000AY0270,,,117,58.88,139,,,,,,,,2,3,Dépendance,,0,,,,,,2.148581,48.804249
2025-1005398,2025-01-07,000001,Vente,378500,60,,RUE DE MONTREUIL,2000,78000,78646,Versailles,78,,,78646000AY0270,,,117,58.88,139,,,,,,,,2,2,Appartement,59,2,,,,,,2.148581,48.804249
2025-1005404,2025-01-14,000001,Vente en l'état futur d'achèvement,1151000,104,,AV DE PARIS,2180,78000,78646,Versailles,78,,,78646000BK0019,,,82,,,,,,,,,,1,3,Dépendance,,0,,,,,,2.150393,48.797197
2025-1005404,2025-01-14,000001,Vente en l'état futur d'achèvement,1151000,104,,AV DE PARIS,2180,78000,78646,Versailles,78,,,78646000BK0019,,,55,,,,,,,,,,1,1,Maison,123,6,,,,,,2.150393,48.797197
2025-1005404,2025-01-14,000001,Vente en l'état futur d'achèvement,1151000,104,,AV DE PARIS,2180,78000,78646,Versailles,78,,,78646000BK0019,,,81,,,,,,,,,,1,3,Dépendance,,0,,,,,,2.150393,48.797197
2025-1005406,2025-01-02,000001,Vente,376000,5,,RUE DE NOAILLES,2050,78000,78646,Versailles,78,,,78646000BR0086,,,1,55.55,53,,55,,,,,,3,3,Dépendance,,0,,,,,,2.136115,48.799599
2025-1005406,2025-01-02,000001,Vente,376000,5,,RUE DE NOAILLES,2050,78000,78646,Versailles,78,,,78646000BR0086,,,1,55.55,53,,55,,,,,,3,2,Appartement,60,3,,,,,,2.136115,48.799599
2025-1005406,2025-01-02,000001,Vente,376000,5,,RUE DE NOAILLES,2050,78000,78646,Versailles,78,,,78646000BR0086,,,1,55.55,53,,55,,,,,,3,3,Dépendance,,0,,,,,,2.136115,48.799599
2025-1005413,2025-01-13,000001,Vente,507400,23,,RUE FRANCOIS BOUCHER,1120,78000,78646,Versailles,78,,,78646000AZ0141,,,,,,,,,,,,,0,3,Dépendance,,0,S,sols,,,222,2.160605,48.805755
2025-1005413,2025-01-13,000001,Vente,507400,23,,RUE FRANCOIS BOUCHER,1120,78000,78646,Versailles,78,,,78646000AZ0141,,,,,,,,,,,,,0,3,Dépendance,,0,S,sols,,,222,2.160605,48.805755
2025-1005413,2025-01-13,000001,Vente,507400,23,,RUE FRANCOIS BOUCHER,1120,78000,78646,Versailles,78,,,78646000AZ0141,,,,,,,,,,,,,0,1,Maison,134,3,S,sols,,,222,2.160605,48.805755
2025-1005433,2025-01-08,000001,Vente,1210000,6,,RUE LOUIS HAUSSMANN,1679,78000,78646,Versailles,78,,,78646000AS0036,,,311,,,,,,,,,,1,4,Local industriel. commercial ou assimilé,12,0,,,,,,2.147113,48.809569
2025-1005433,2025-01-08,000001,Vente,1210000,6,,RUE LOUIS HAUSSMANN,1679,78000,78646,Versailles,78,,,78646000AS0036,,,71,,,,,,,,,,1,3,Dépendance,,0,,,,,,2.147113,48.809569
2025-1005433,2025-01-08,000001,Vente,1210000,6,,RUE LOUIS HAUSSMANN,1679,78000,78646,Versailles,78,,,78646000AS0036,,,70,,,,,,,,,,1,3,Dépendance,,0,,,,,,2.147113,48.809569
2025-1005433,2025-01-08,000001,Vente,1210000,6,,RUE LOUIS HAUSSMANN,1679,78000,78646,Versailles,78,,,78646000AS0036,,,42,,,,,,,,,,1,3,Dépendance,,0,,,,,,2.147113,48.809569
2025-1005433,2025-01-08,000001,Vente,1210000,6,,RUE LOUIS HAUSSMANN,1679,78000,78646,Versailles,78,,,78646000AS0036,,,263,26.59,269,168.66,,,,,,,2,4,Local industriel. commercial ou assimilé,765,0,,,,,,2.147113,48.809569
2025-1005433,2025-01-08,000001,Vente,1210000,6,,RUE LOUIS HAUSSMANN,1679,78000,78646,Versailles,78,,,78646000AS0036,,,258,,,,,,,,,,1,4,Local industriel. commercial ou assimilé,12,0,,,,,,2.147113,48.809569
2025-1005433,2025-01-08,000001,Vente,1210000,6,,RUE LOUIS HAUSSMANN,1679,78000,78646,Versailles,78,,,78646000AS0036,,,316,,,,,,,,,,1,4,Local industriel. commercial ou assimilé,12,0,,,,,,2.147113,48.809569
2025-1005433,2025-01-08,000001,Vente,1210000,6,,RUE LOUIS HAUSSMANN,1679,78000,78646,Versailles,78,,,78646000AS0036,,,312,,,,,,,,,,1,4,Local industriel. commercial ou assimilé,12,0,,,,,,2.147113,48.809569
2025-1005433,2025-01-08,000001,Vente,1210000,6,,RUE LOUIS HAUSSMANN,1679,78000,78646,Versailles,78,,,78646000AS0036,,,41,,,,,,,,,,1,3,Dépendance,,0,,,,,,2.147113,48.809569
2025-1005433,2025-01-08,000001,Vente,1210000,6,,RUE LOUIS HAUSSMANN,1679,78000,78646,Versailles,78,,,78646000AS0036,,,40,,,,,,,,,,1,3,Dépendance,,0,,,,,,2.147113,48.809569
2025-1005433,2025-01-08,000001,Vente,1210000,6,,RUE LOUIS HAUSSMANN,1679,78000,78646,Versailles,78,,,78646000AS0036,,,259,,,,,,,,,,1,4,Local industriel. commercial ou assimilé,15,0,,,,,,2.147113,48.809569
2025-1005438,2025-01-02,000001,Vente,321000,17,,RUE JOUVENCEL,1520,78000,78646,Versailles,78,,,78646000AI0033,,,103,43.48,113,,,,,,,,2,2,Appartement,32,1,,,,,,2.133954,48.803134
2025-1005438,2025-01-02,000001,Vente,321000,17,,RUE JOUVENCEL,1520,78000,78646,Versailles,78,,,78646000AI0033,,,103,43.48,113,,,,,,,,2,3,Dépendance,,0,,,,,,2.133954,48.803134
2025-1005447,2025-01-09,000001,Vente,290000,29,,RUE DU MAL FOCH,1810,78000,78646,Versailles,78,,,78646000AE0070,,,6,,70,,,,,,,,2,2,Appartement,40,2,,,,,,2.132101,48.807725
2025-1005501,2025-01-09,000001,Vente,313500,30,,RUE DE VERGENNES,3150,78000,78646,Versailles,78,,,78646000BS0041,,,14,46.29,27,,31,,,,,,3,3,Dépendance,,0,,,,,,2.137069,48.797479
2025-1005501,2025-01-09,000001,Vente,313500,30,,RUE DE VERGENNES,3150,78000,78646,Versailles,78,,,78646000BS0041,,,14,46.29,27,,31,,,,,,3,3,Dépendance,,0,,,,,,2.137069,48.797479
2025-1005501,2025-01-09,000001,Vente,313500,30,,RUE DE VERGENNES,3150,78000,78646,Versailles,78,,,78646000BS0041,,,14,46.29,27,,31,,,,,,3,2,Appartement,43,2,,,,,,2.137069,48.797479
2025-1005511,2025-01-06,000001,Vente,615200,4,B,RUE DE L ERMITAGE,0940,78000,78646,Versailles,78,,,78646000AC0026,,,31,,51,110,,,,,,,2,3,Dépendance,,0,,,,,,2.124314,48.813375
2025-1005511,2025-01-06,000001,Vente,615200,4,B,RUE DE L ERMITAGE,0940,78000,78646,Versailles,78,,,78646000AC0026,,,89,,,,,,,,,,1,3,Dépendance,,0,,,,,,2.124314,48.813375
2025-1005511,2025-01-06,000001,Vente,615200,4,B,RUE DE L ERMITAGE,0940,78000,78646,Versailles,78,,,78646000AC0026,,,31,,51,110,,,,,,,2,2,Appartement,111,5,,,,,,2.124314,48.813375
2025-1005517,2025-01-07,000001,Vente,700000,57,,RUE EXELMANS,1020,78000,78646,Versailles,78,,,78646000AC0262,,,187,,,,,,,,,,1,3,Dépendance,,0,,,,,,2.126785,48.814611
2025-1005533,2025-01-17,000001,Vente,228000,1,T,RUE SAINT LOUIS,2810,78000,78646,Versailles,78,,,78646000BV0209,,,7,,,,,,,,,,1,2,Appartement,29,1,,,,,,2.122851,48.796013
2025-1005533,2025-01-17,000001,Vente,228000,1,T,RUE SAINT LOUIS,2810,78000,78646,Versailles,78,,,78646000BV0209,,,7,,,,,,,,,,1,3,Dépendance,,0,,,,,,2.122851,48.796013
2025-1005541,2025-01-09,000001,Vente,465200,82,B,AV DE PARIS,2180,78000,78646,Versailles,78,,,78646000BN0166,,,1029,,,,,,,,,,1,3,Dépendance,,0,,,,,,2.145036,48.797427
2025-1005541,2025-01-09,000001,Vente,465200,82,B,AV DE PARIS,2180,78000,78646,Versailles,78,,,78646000BN0166,,,412,,437,,,,,,,,2,3,Dépendance,,0,,,,,,2.145036,48.797427
2025-1005541,2025-01-09,000001,Vente,465200,82,B,AV DE PARIS,2180,78000,78646,Versailles,78,,,78646000BN0166,,,412,,437,,,,,,,,2,2,Appartement,75,4,,,,,,2.145036,48.797427
2025-1005541,2025-01-09,000001,Vente,465200,82,B,AV DE PARIS,2180,78000,78646,Versailles,78,,,78646000BN0166,,,412,,437,,,,,,,,2,3,Dépendance,,0,,,,,,2.145036,48.797427
2025-1005547,2025-01-03,000001,Vente,684339,14,,RUE RENE AUBERT,2565,78000,78646,Versailles,78,,,78646000AK0146,,,,,,,,,,,,,0,1,Maison,169,7,S,sols,,,425,2.13642,48.810912
2025-1005547,2025-01-03,000001,Vente,684339,14,,RUE RENE AUBERT,2565,78000,78646,Versailles,78,,,78646000AK0146,,,,,,,,,,,,,0,3,Dépendance,,0,S,sols,,,425,2.13642,48.810912
2025-1005554,2025-01-15,000001,Vente,593750,81,,RUE ROYALE,2648,78000,78646,Versailles,78,,,78646000BW0003,,,16,,34,,7,,8,,,,4,2,Appartement,95,4,,,,,,2.125595,48.795346
2025-1005554,2025-01-15,000001,Vente,593750,81,,RUE ROYALE,2648,78000,78646,Versailles,78,,,78646000BW0003,,,16,,34,,7,,8,,,,4,3,Dépendance,,0,,,,,,2.125595,48.795346
2025-1005567,2025-01-15,000001,Vente,270000,12,,RUE CARNOT,0440,78000,78646,Versailles,78,,,78646000AE0355,,,13,,29,43.4,,,,,,,2,2,Appartement,42,2,,,,,,2.125918,48.80619
2025-1005567,2025-01-15,000001,Vente,270000,12,,RUE CARNOT,0440,78000,78646,Versailles,78,,,78646000AE0355,,,13,,29,43.4,,,,,,,2,3,Dépendance,,0,,,,,,2.125918,48.80619
2025-1005569,2025-01-07,000001,Vente,951000,26,,RUE MADEMOISELLE,1740,78000,78646,Versailles,78,,,78646000AD0235,,,19,124.43,2,,,,,,,,2,3,Dépendance,,0,,,,,,2.129771,48.812147
2025-1005569,2025-01-07,000001,Vente,951000,26,,RUE MADEMOISELLE,1740,78000,78646,Versailles,78,,,78646000AD0235,,,19,124.43,2,,,,,,,,2,2,Appartement,125,4,,,,,,2.129771,48.812147
2025-1005569,2025-01-07,000001,Vente,951000,26,,RUE MADEMOISELLE,1740,78000,78646,Versailles,78,,,78646000AD0235,,,41,,,,,,,,,,1,3,Dépendance,,0,,,,,,2.129771,48.812147
2025-1005622,2025-01-08,000001,Vente,1100000,6,,RUE LOUIS HAUSSMANN,1679,78000,78646,Versailles,78,,,78646000AS0036,,,263,,272,169.3,,,,,,,2,4,Local industriel. commercial ou assimilé,765,0,,,,,,2.147113,48.809569
2025-1005622,2025-01-08,000001,Vente,1100000,6,,RUE LOUIS HAUSSMANN,1679,78000,78646,Versailles,78,,,78646000AS0036,,,314,,,,,,,,,,1,4,Local industriel. commercial ou assimilé,12,0,,,,,,2.147113,48.809569
2025-1005622,2025-01-08,000001,Vente,1100000,6,,RUE LOUIS HAUSSMANN,1679,78000,78646,Versailles,78,,,78646000AS0036,,,257,,,,,,,,,,1,4,Local industriel. commercial ou assimilé,12,0,,,,,,2.147113,48.809569
2025-1005622,2025-01-08,000001,Vente,1100000,6,,RUE LOUIS HAUSSMANN,1679,78000,78646,Versailles,78,,,78646000AS0036,,,315,,,,,,,,,,1,4,Local industriel. commercial ou assimilé,12,0,,,,,,2.147113,48.809569
2025-1005622,2025-01-08,000001,Vente,1100000,6,,RUE LOUIS HAUSSMANN,1679,78000,78646,Versailles,78,,,78646000AS0036,,,313,,,,,,,,,,1,4,Local industriel. commercial ou assimilé,12,0,,,,,,2.147113,48.809569
2025-1005622,2025-01-08,000001,Vente,1100000,6,,RUE LOUIS HAUSSMANN,1679,78000,78646,Versailles,78,,,78646000AS0036,,,285,,,,,,,,,,1,4,Local industriel. commercial ou assimilé,12,0,,,,,,2.147113,48.809569
2025-1005629,2025-01-16,000001,Vente,659715,88,B,AV DE PARIS,2180,78000,78646,Versailles,78,,,78646000BN0048,,,103,,50,,,,,,,,2,2,Appartement,104,5,,,,,,2.146306,48.797577
2025-1005629,2025-01-16,000001,Vente,659715,88,B,AV DE PARIS,2180,78000,78646,Versailles,78,,,78646000BN0048,,,103,,50,,,,,,,,2,3,Dépendance,,0,,,,,,2.146306,48.797577
2025-1005629,2025-01-16,000001,Vente,659715,88,B,AV DE PARIS,2180,78000,78646,Versailles,78,,,78646000BN0048,,,22,,,,,,,,,,1,3,Dépendance,,0,,,,,,2.146306,48.797577
2025-1005637,2025-01-17,000001,Vente,118000,8,,AV DU GEN DE GAULLE,1143,78000,78646,Versailles,78,,,78646000AH0225,,,176,,,,,,,,,,1,3,Dépendance,,0,,,,,,2.128298,48.801276
2025-1005637,2025-01-17,000001,Vente,118000,8,,AV DU GEN DE GAULLE,1143,78000,78646,Versailles,78,,,78646000AH0225,,,57,,,,,,,,,,1,3,Dépendance,,0,,,,,,2.128298,48.801276
2025-1005637,2025-01-17,000001,Vente,118000,8,,AV DU GEN DE GAULLE,1143,78000,78646,Versailles,78,,,78646000AH0225,,,57,,,,,,,,,,1,2,Appartement,36,1,,,,,,2.128298,48.801276
2025-1005655,2025-01-20,000001,Vente,901400,10,,RUE JACQUES LEMERCIER,1420,78000,78646,Versailles,78,,,78646000AO0206,,,20,,,,,,,,,,1,3,Dépendance,,0,,,,,,2.147145,48.814168
2025-1005655,2025-01-20,000001,Vente,901400,10,,RUE JACQUES LEMERCIER,1420,78000,78646,Versailles,78,,,78646000AO0206,,,14,,3,155.53,,,,,,,2,2,Appartement,153,5,,,,,,2.147145,48.814168
2025-1005658,2025-01-17,000001,Vente en l'état futur d'achèvement,369900,4,,PROM DE GALLY,1141,78000,78646,Versailles,78,,,78646000BY0121,,,36,,,,,,,,,,1,,,,,,,,,,2.079148,48.803081
2025-1005660,2025-01-17,000001,Vente en l'état futur d'achèvement,25000,8,,ALL DU CORDON BOISE,0714,78000,78646,Versailles,78,,,78646000BY0110,,,156,,,,,,,,,,1,,,,,,,,,,2.078228,48.802624
2025-1005684,2025-01-22,000001,Vente,205000,77,,RUE ROYALE,2648,78000,78646,Versailles,78,,,78646000BW0001,,,43,,,,,,,,,,1,2,Appartement,32,2,,,,,,2.125728,48.795612
2025-1005684,2025-01-22,000001,Vente,205000,77,,RUE ROYALE,2648,78000,78646,Versailles,78,,,78646000BW0001,,,6,29.44,7,,,,,,,,2,4,Local industriel. commercial ou assimilé,75,0,,,,,,2.125728,48.795612
2025-1005684,2025-01-22,000001,Vente,205000,77,,RUE ROYALE,2648,78000,78646,Versailles,78,,,78646000BW0001,,,9,,,,,,,,,,1,2,Appartement,22,1,,,,,,2.125728,48.795612
2025-1005684,2025-01-22,000001,Vente,205000,77,,RUE ROYALE,2648,78000,78646,Versailles,78,,,78646000BW0001,,,43,,,,,,,,,,1,3,Dépendance,,0,,,,,,2.125728,48.795612
2025-1005687,2025-01-13,000001,Vente,450000,12,,RUE CARNOT,0440,78000,78646,Versailles,78,,,78646000AE0355,,,14,,34,67.88,,,,,,,2,2,Appartement,80,2,,,,,,2.125918,48.80619
2025-1005687,2025-01-13,000001,Vente,450000,12,,RUE CARNOT,0440,78000,78646,Versailles,78,,,78646000AE0355,,,14,,34,67.88,,,,,,,2,3,Dépendance,,0,,,,,,2.125918,48.80619
2025-1005692,2025-01-17,000001,Vente,1062500,17,B,RUE MOLIERE,1940,78000,78646,Versailles,78,,,78646000BL0447,,,,,,,,,,,,,0,1,Maison,80,4,AB,terrains a bâtir,,,200,2.149268,48.793916
2025-1005694,2025-01-20,000001,Vente,1000,28,,RUE DE L ORANGERIE,2110,78000,78646,Versailles,78,,,78646000BV0195,,,134,,,,,,,,,,1,4,Local industriel. commercial ou assimilé,55,0,,,,,,2.122851,48.799889
2025-1005708,2025-01-22,000001,Vente,251170,11,,RUE DES MISSIONNAIRES,1920,78000,78646,Versailles,78,,,78646000AD0400,,,15,28.34,4,,,,,,,,2,2,Appartement,28,1,,,,,,2.129512,48.813096
2025-1005708,2025-01-22,000001,Vente,251170,11,,RUE DES MISSIONNAIRES,1920,78000,78646,Versailles,78,,,78646000AD0400,,,15,28.34,4,,,,,,,,2,3,Dépendance,,0,,,,,,2.129512,48.813096
2025-1005711,2025-01-06,000001,Vente,683000,64,,RUE DES CHANTIERS,0530,78000,78646,Versailles,78,,,78646000BL0326,,,407,,,,,,,,,,1,3,Dépendance,,0,,,,,,2.143523,48.792624
2025-1005711,2025-01-06,000001,Vente,683000,64,,RUE DES CHANTIERS,0530,78000,78646,Versailles,78,,,78646000BL0326,,,115,121.4,442,,531,,91,121.4,,,4,3,Dépendance,,0,,,,,,2.143523,48.792624
2025-1005711,2025-01-06,000001,Vente,683000,64,,RUE DES CHANTIERS,0530,78000,78646,Versailles,78,,,78646000BL0326,,,115,121.4,442,,531,,91,121.4,,,4,3,Dépendance,,0,,,,,,2.143523,48.792624
2025-1005711,2025-01-06,000001,Vente,683000,64,,RUE DES CHANTIERS,0530,78000,78646,Versailles,78,,,78646000BL0326,,,115,121.4,442,,531,,91,121.4,,,4,2,Appartement,121,4,,,,,,2.143523,48.792624
2025-1005760,2025-01-14,000001,Vente,1,41,,RUE DES CHANTIERS,0530,78000,78646,Versailles,78,,,78646000BL0459,,,,,,,,,,,,,0,,,,,S,sols,,,19,2.14143,48.794948
2025-1005760,2025-01-14,000001,Vente,1,41,,RUE DES CHANTIERS,0530,78000,78646,Versailles,78,,,78646000BL0465,,,,,,,,,,,,,0,,,,,S,sols,,,7,2.141353,48.795037
2025-1005760,2025-01-14,000001,Vente,1,2,,ALL DE LA PROVIDENCE,2465,78000,78646,Versailles,78,,,78646000BL0484,,,,,,,,,,,,,0,,,,,S,sols,,,1,2.14219,48.795363
2025-1005760,2025-01-14,000001,Vente,1,2,,ALL DE LA PROVIDENCE,2465,78000,78646,Versailles,78,,,78646000BL0485,,,,,,,,,,,,,0,,,,,S,sols,,,6,2.142474,48.79537
2025-1005760,2025-01-14,000001,Vente,1,,,ALL DE LA PROVIDENCE,2465,78000,78646,Versailles,78,,,78646000BL0486,,,,,,,,,,,,,0,,,,,S,sols,,,1130,2.142103,48.795278
2025-1005765,2025-01-24,000001,Vente,87000,58,,RUE DES CHANTIERS,0530,78000,78646,Versailles,78,,,78646000BL0327,,,163,12.94,,,,,,,,,1,2,Appartement,12,1,,,,,,2.142467,48.792993
2025-1005773,2025-01-09,000001,Vente,37000,5,,RUE VICTOR BART,3160,78000,78646,Versailles,78,,,78646000AS0004,,,5,,,,,,,,,,1,3,Dépendance,,0,,,,,,2.144016,48.810853
2025-1005776,2025-01-06,000001,Vente,1022400,92,,RUE ALBERT SARRAUT,0080,78000,78646,Versailles,78,,,78646000BL0293,,,,,,,,,,,,,0,1,Maison,117,6,S,sols,,,489,2.146547,48.792378
2025-1005816,2025-01-10,000001,Vente,1790660,9,,RUE D ANGIVILLER,0170,78000,78646,Versailles,78,,,78646000AD0181,,,,,,,,,,,,,0,1,Maison,169,7,S,sols,,,167,2.127578,48.810686
2025-1005824,2025-01-09,000001,Vente,214400,9,,PL ALEXANDRE 1E LOUIS BARTHOU,0100,78000,78646,Versailles,78,,,78646000AX0489,,,6,,,,,,,,,,1,3,Dépendance,,0,,,,,,2.140761,48.806449
2025-1005824,2025-01-09,000001,Vente,214400,9,,PL ALEXANDRE 1E LOUIS BARTHOU,0100,78000,78646,Versailles,78,,,78646000AX0489,,,262,,,,,,,,,,1,2,Appartement,29,1,,,,,,2.140761,48.806449
2025-1005852,2025-01-17,000001,Vente,314150,17,,RUE PHILIPPE DE DANGEAU,2255,78000,78646,Versailles,78,,,78646000AI0065,,,75,36.88,76,,,,,,,,2,2,Appartement,36,1,,,,,,2.134481,48.803549
2025-1005880,2025-01-06,000001,Vente,195000,18,B,RUE D ANJOU,0190,78000,78646,Versailles,78,,,78646000BV0142,,,3,,8,34.36,,,,,,,2,2,Appartement,47,2,,,,,,2.125271,48.797151
2025-1005880,2025-01-06,000001,Vente,195000,18,B,RUE D ANJOU,0190,78000,78646,Versailles,78,,,78646000BV0142,,,3,,8,34.36,,,,,,,2,3,Dépendance,,0,,,,,,2.125271,48.797151
2025-1005880,2025-01-06,000001,Vente,195000,18,B,RUE D ANJOU,0190,78000,78646,Versailles,78,,,78646000BV0142,,,11,,,,,,,,,,1,3,Dépendance,,0,,,,,,2.125271,48.797151
2025-1005887,2025-01-21,000001,Vente,170000,6,,RUE MONTBAURON,1970,78000,78646,Versailles,78,,,78646000BP0027,,,99,33.93,,,,,,,,,1,2,Appartement,34,1,,,,,,2.135298,48.802989
2025-1005895,2025-01-14,000001,Vente,456750,108,,BD DE LA REINE,2520,78000,78646,Versailles,78,,,78646000AX0037,,,19,66.95,253,,,,,,,,2,2,Appartement,64,3,,,,,,2.142871,48.807658
2025-1005895,2025-01-14,000001,Vente,456750,108,,BD DE LA REINE,2520,78000,78646,Versailles,78,,,78646000AX0037,,,19,66.95,253,,,,,,,,2,3,Dépendance,,0,,,,,,2.142871,48.807658
2025-1005895,2025-01-14,000001,Vente,456750,108,,BD DE LA REINE,2520,78000,78646,Versailles,78,,,78646000AX0037,,,165,,,,,,,,,,1,3,Dépendance,,0,,,,,,2.142871,48.807658
2025-1005901,2025-01-22,000001,Vente,209000,16,,RUE HOCHE,1350,78000,78646,Versailles,78,,,78646000AE0218,,,45,26.01,,,,,,,,,1,2,Appartement,25,1,,,,,,2.128837,48.806684
2025-1005919,2025-01-03,000001,Vente,225000,37,,RUE DE VERGENNES,3150,78000,78646,Versailles,78,,,78646000BN0106,,,50,50.53,68,,,,,,,,2,3,Dépendance,,0,,,,,,2.137986,48.797678
2025-1005919,2025-01-03,000001,Vente,225000,37,,RUE DE VERGENNES,3150,78000,78646,Versailles,78,,,78646000BN0106,,,50,50.53,68,,,,,,,,2,2,Appartement,50,3,,,,,,2.137986,48.797678
2025-1005919,2025-01-03,000001,Vente,225000,37,,RUE DE VERGENNES,3150,78000,78646,Versailles,78,,,78646000BN0106,,,50,50.53,68,,,,,,,,2,3,Dépendance,,0,,,,,,2.137986,48.797678
2025-1005920,2025-01-14,000001,Vente,38200,82,B,AV DE PARIS,2180,78000,78646,Versailles,78,,,78646000BN0166,,,575,,,,,,,,,,1,3,Dépendance,,0,,,,,,2.145036,48.797427
2025-1005920,2025-01-14,000001,Vente,38200,82,B,AV DE PARIS,2180,78000,78646,Versailles,78,,,78646000BN0166,,,1316,,,,,,,,,,1,3,Dépendance,,0,,,,,,2.145036,48.797427
2025-1005942,2025-01-24,000001,Vente,411200,1,,RUE SAINT LOUIS,2810,78000,78646,Versailles,78,,,78646000BV0205,,,103,,85,76.1,,,,,,,2,2,Appartement,77,4,,,,,,2.122603,48.796328
2025-1005942,2025-01-24,000001,Vente,411200,1,,RUE SAINT LOUIS,2810,78000,78646,Versailles,78,,,78646000BV0205,,,103,,85,76.1,,,,,,,2,3,Dépendance,,0,,,,,,2.122603,48.796328
2025-1005978,2025-01-20,000001,Vente,486540,1,,RUE SAINT LOUIS,2810,78000,78646,Versailles,78,,,78646000BV0205,,,73,79.86,91,,,,,,,,2,3,Dépendance,,0,,,,,,2.122603,48.796328
2025-1005978,2025-01-20,000001,Vente,486540,1,,RUE SAINT LOUIS,2810,78000,78646,Versailles,78,,,78646000BV0205,,,73,79.86,91,,,,,,,,2,2,Appartement,78,4,,,,,,2.122603,48.796328
2025-1005999,2025-01-22,000001,Vente,269000,58,,RUE DES CHANTIERS,0530,78000,78646,Versailles,78,,,78646000BL0327,,,179,53.92,331,,,,,,,,2,2,Appartement,54,2,,,,,,2.142467,48.792993
2025-1005999,2025-01-22,000001,Vente,269000,58,,RUE DES CHANTIERS,0530,78000,78646,Versailles,78,,,78646000BL0327,,,179,53.92,331,,,,,,,,2,3,Dépendance,,0,,,,,,2.142467,48.792993
2025-1005999,2025-01-22,000001,Vente,269000,56,,RUE DES CHANTIERS,0530,78000,78646,Versailles,78,,,78646000BL0327,,,360,,,,,,,,,,1,3,Dépendance,,0,,,,,,2.142467,48.792993
2025-1006003,2025-01-21,000001,Vente,25000,21,,RUE ALBERT JOLY,0050,78000,78646,Versailles,78,,,78646000AK0108,,,112,,,,,,,,,,1,3,Dépendance,,0,,,,,,2.13855,48.810583
2025-1006034,2025-01-14,000001,Vente,573990,14,,RUE DE NOAILLES,2050,78000,78646,Versailles,78,,,78646000BR0069,,,5,86.91,,,,,,,,,1,2,Appartement,80,4,,,,,,2.134931,48.798909
2025-1006034,2025-01-14,000001,Vente,573990,14,,RUE DE NOAILLES,2050,78000,78646,Versailles,78,,,78646000BR0069,,,22,,,,,,,,,,1,3,Dépendance,,0,,,,,,2.134931,48.798909
2025-1006034,2025-01-14,000001,Vente,573990,14,,RUE DE NOAILLES,2050,78000,78646,Versailles,78,,,78646000BR0069,,,57,,,,,,,,,,1,3,Dépendance,,0,,,,,,2.134931,48.798909
2025-1006060,2025-01-06,000001,Vente,171577,3,,RUE EDOUARD CHARTON,0890,78000,78646,Versailles,78,,,78646000BS0013,,,24,,3,,,,,,,,2,2,Appartement,24,2,,,,,,2.131153,48.796204
2025-1006060,2025-01-06,000001,Vente,171577,3,,RUE EDOUARD CHARTON,0890,78000,78646,Versailles,78,,,78646000BS0013,,,24,,3,,,,,,,,2,3,Dépendance,,0,,,,,,2.131153,48.796204
2025-1006068,2025-01-14,000001,Vente,1124900,4,,BD DU ROI,2641,78000,78646,Versailles,78,,,78646000AD0007,,,22,162.1,24,,,,,,,,2,2,Appartement,140,5,,,,,,2.126359,48.810018
2025-1006068,2025-01-14,000001,Vente,1124900,4,,BD DU ROI,2641,78000,78646,Versailles,78,,,78646000AD0007,,,22,162.1,24,,,,,,,,2,3,Dépendance,,0,,,,,,2.126359,48.810018
2025-1006068,2025-01-14,000001,Vente,1124900,6,,BD DU ROI,2641,78000,78646,Versailles,78,,,78646000AD0010,,,53,,,,,,,,,,1,3,Dépendance,,0,,,,,,2.126542,48.810209
2025-1006069,2025-01-15,000001,Vente,220000,51,B,RUE PORTE DE BUC,2390,78000,78646,Versailles,78,,,78646000BM0014,,,37,,,,,,,,,,1,3,Dépendance,,0,,,,,,2.135472,48.789964
2025-1006069,2025-01-15,000001,Vente,220000,51,B,RUE PORTE DE BUC,2390,78000,78646,Versailles,78,,,78646000BM0014,,,50,,,,,,,,,,1,3,Dépendance,,0,,,,,,2.135472,48.789964
2025-1006069,2025-01-15,000001,Vente,220000,51,B,RUE PORTE DE BUC,2390,78000,78646,Versailles,78,,,78646000BM0014,,,55,55.65,,,,,,,,,1,2,Appartement,83,4,,,,,,2.135472,48.789964
2025-1006086,2025-01-07,000001,Vente,651580,27,,RUE LAFAYETTE,1580,78000,78646,Versailles,78,,,78646000AD0220,,,103,,147,98,,,,,,,2,3,Dépendance,,0,,,,,,2.128157,48.81239
2025-1006086,2025-01-07,000001,Vente,651580,27,,RUE LAFAYETTE,1580,78000,78646,Versailles,78,,,78646000AD0220,,,51,,,,,,,,,,1,3,Dépendance,,0,,,,,,2.128157,48.81239
2025-1006086,2025-01-07,000001,Vente,651580,27,B,RUE LAFAYETTE,1580,78000,78646,Versailles,78,,,78646000AD0220,,,147,98,,,,,,,,,1,2,Appartement,102,5,,,,,,2.128157,48.81239
2025-1006095,2025-01-24,000001,Vente,20000,32,B,BD DU ROI,2641,78000,78646,Versailles,78,,,78646000AD0405,,,35,,,,,,,,,,1,3,Dépendance,,0,,,,,,2.128373,48.813584
2025-1006116,2025-01-24,000001,Vente,124500,36,,RUE DES CHANTIERS,0530,78000,78646,Versailles,78,,,78646000BM0043,,,109,25.7,110,,,,,,,,2,2,Appartement,25,1,,,,,,2.139618,48.795007
2025-1006163,2025-01-20,000001,Vente,22000,2,,ALL DES GARDES ROYALES,1136,78000,78646,Versailles,78,,,78646000AY0212,,,1088,,,,,,,,,,1,3,Dépendance,,0,,,,,,2.151214,48.802177
2025-1006172,2025-01-29,000001,Vente,94575,11,,RUE MONSEIGNEUR GIBIER,1950,78000,78646,Versailles,78,,,78646000BW0189,,,29,,32,,,,,,,,2,3,Dépendance,,0,,,,,,2.122672,48.793832
2025-1006172,2025-01-29,000001,Vente,94575,11,,RUE MONSEIGNEUR GIBIER,1950,78000,78646,Versailles,78,,,78646000BW0189,,,30,,,,,,,,,,1,3,Dépendance,,0,,,,,,2.122672,48.793832
2025-1006172,2025-01-29,000001,Vente,94575,11,,RUE MONSEIGNEUR GIBIER,1950,78000,78646,Versailles,78,,,78646000BW0189,,,30,,,,,,,,,,1,2,Appartement,39,3,,,,,,2.122672,48.793832
2025-1006172,2025-01-29,000001,Vente,94575,11,,RUE MONSEIGNEUR GIBIER,1950,78000,78646,Versailles,78,,,78646000BW0189,,,29,,32,,,,,,,,2,2,Appartement,95,6,,,,,,2.122672,48.793832
2025-1006240,2025-01-10,000001,Vente,97000,6,,RUE SAINT JULIEN,2790,78000,78646,Versailles,78,,,78646000AH0005,,,11,12.57,,,,,,,,,1,2,Appartement,12,1,,,,,,2.122175,48.802395
2025-1006258,2025-01-13,000001,Vente,1020310,3,,IMP MARGUERITE,1842,78000,78646,Versailles,78,,,78646000AY0071,,,,,,,,,,,,,0,1,Maison,110,5,S,sols,,,193,2.151546,48.80178
2025-1006263,2025-01-14,000001,Vente,371428,104,,RUE DE LA PAROISSE,2190,78000,78646,Versailles,78,,,78646000AI0152,,,10,,6,,,,,,,,2,3,Dépendance,,0,,,,,,2.134664,48.80568
2025-1006263,2025-01-14,000001,Vente,371428,104,,RUE DE LA PAROISSE,2190,78000,78646,Versailles,78,,,78646000AI0152,,,10,,6,,,,,,,,2,2,Appartement,60,3,,,,,,2.134664,48.80568
2025-1006287,2025-01-20,000001,Vente,1254000,34,T,RUE DE L ERMITAGE,0940,78000,78646,Versailles,78,,,78646000AB0033,,,5,,,,,,,,,,1,3,Dépendance,,0,,,,,,2.121478,48.816804
2025-1006287,2025-01-20,000001,Vente,1254000,39,,RUE DE L ERMITAGE,0940,78000,78646,Versailles,78,,,78646000AB0054,,,3,150,,,,,,,,,1,1,Maison,121,5,,,,,,2.121137,48.816409
2025-1006288,2025-01-30,000001,Vente,294500,2,T,RUE DU PARC DE CLAGNY,2171,78000,78646,Versailles,78,,,78646000AR0095,,,10,50.35,24,,,,,,,,2,3,Dépendance,,0,,,,,,2.140571,48.808921
2025-1006288,2025-01-30,000001,Vente,294500,2,T,RUE DU PARC DE CLAGNY,2171,78000,78646,Versailles,78,,,78646000AR0095,,,10,50.35,24,,,,,,,,2,2,Appartement,54,3,,,,,,2.140571,48.808921
2025-1006291,2025-01-31,000001,Vente,238050,104,,AV DE PARIS,2180,78000,78646,Versailles,78,,,78646000BK0019,,,19,25.82,,,,,,,,,1,2,Appartement,26,1,,,,,,2.150393,48.797197
2025-1006298,2025-01-29,000001,Vente,1327400,13,,RUE BAILLET REVIRON,0270,78000,78646,Versailles,78,,,78646000AE0044,,,10,,13,,3,172.71,7,,8,,5,2,Appartement,170,5,,,,,,2.131776,48.808532
2025-1006298,2025-01-29,000001,Vente,1327400,13,,RUE BAILLET REVIRON,0270,78000,78646,Versailles,78,,,78646000AE0044,,,10,,13,,3,172.71,7,,8,,5,3,Dépendance,,0,,,,,,2.131776,48.808532
2025-1006298,2025-01-29,000001,Vente,1327400,13,,RUE BAILLET REVIRON,0270,78000,78646,Versailles,78,,,78646000AE0044,,,10,,13,,3,172.71,7,,8,,5,3,Dépendance,,0,,,,,,2.131776,48.808532
2025-1006320,2025-02-03,000001,Vente,254500,27,,RUE CARNOT,0440,78000,78646,Versailles,78,,,78646000AE0514,,,119,,,,,,,,,,1,4,Local industriel. commercial ou assimilé,12,0,,,,,,2.129658,48.805905
2025-1006320,2025-02-03,000001,Vente,254500,27,,RUE CARNOT,0440,78000,78646,Versailles,78,,,78646000AE0514,,,46,41.57,,,,,,,,,1,4,Local industriel. commercial ou assimilé,55,0,,,,,,2.129658,48.805905
2025-1006320,2025-02-03,000001,Vente,254500,27,,RUE CARNOT,0440,78000,78646,Versailles,78,,,78646000AE0514,,,117,,,,,,,,,,1,4,Local industriel. commercial ou assimilé,12,0,,,,,,2.129658,48.805905
2025-1006329,2025-01-20,000001,Vente,18000,48,,RUE ALBERT JOLY,0050,78000,78646,Versailles,78,,,78646000AR0060,,,90,,,,,,,,,,1,3,Dépendance,,0,,,,,,2.142363,48.809623
2025-1006377,2025-01-31,000001,Vente,1560400,16,,RUE HOCHE,1350,78000,78646,Versailles,78,,,78646000AE0218,,,23,,31,,,,,,,,2,3,Dépendance,,0,,,,,,2.128837,48.806684
2025-1006377,2025-01-31,000001,Vente,1560400,16,,RUE HOCHE,1350,78000,78646,Versailles,78,,,78646000AE0218,,,23,,31,,,,,,,,2,3,Dépendance,,0,,,,,,2.128837,48.806684
2025-1006377,2025-01-31,000001,Vente,1560400,16,,RUE HOCHE,1350,78000,78646,Versailles,78,,,78646000AE0218,,,32,,6,,,,,,,,2,3,Dépendance,,0,,,,,,2.128837,48.806684
2025-1006377,2025-01-31,000001,Vente,1560400,16,,RUE HOCHE,1350,78000,78646,Versailles,78,,,78646000AE0218,,,23,,31,,,,,,,,2,2,Appartement,190,7,,,,,,2.128837,48.806684
2025-1006377,2025-01-31,000001,Vente,1560400,16,,RUE HOCHE,1350,78000,78646,Versailles,78,,,78646000AE0218,,,32,,6,,,,,,,,2,2,Appartement,38,3,,,,,,2.128837,48.806684
2025-1006442,2025-01-28,000001,Vente,2726000,41,,RUE DE LA PAROISSE,2190,78000,78646,Versailles,78,,,78646000AE0103,,,,,,,,,,,,,0,1,Maison,231,10,S,sols,,,413,2.130004,48.807899
2025-1006445,2025-02-06,000001,Vente,213150,10,,RUE DES RECOLLETS,2500,78000,78646,Versailles,78,,,78646000AH0010,,,2,35.96,,,,,,,,,1,2,Appartement,39,1,,,,,,2.121894,48.802018
2025-1006490,2025-02-07,000001,Vente,192000,12,,AV DE PORCHEFONTAINE,2380,78000,78646,Versailles,78,,,78646000BK0021,,,812,31.69,831,,,,,,,,2,2,Appartement,31,1,,,,,,2.152071,48.797176
2025-1006490,2025-02-07,000001,Vente,192000,114,,AV DE PARIS,2180,78000,78646,Versailles,78,,,78646000BK0021,,,1436,,,,,,,,,,1,3,Dépendance,,0,,,,,,2.152071,48.797176
2025-1006490,2025-02-07,000001,Vente,192000,12,,AV DE PORCHEFONTAINE,2380,78000,78646,Versailles,78,,,78646000BK0021,,,812,31.69,831,,,,,,,,2,3,Dépendance,,0,,,,,,2.152071,48.797176
2025-1006496,2025-02-10,000001,Vente,98000,45,,RUE PORTE DE BUC,2390,78000,78646,Versailles,78,,,78646000BM0019,,,11,17.71,12,,,,,,,,2,2,Appartement,26,1,,,,,,2.135705,48.790746
2025-1006496,2025-02-10,000001,Vente,98000,45,,RUE PORTE DE BUC,2390,78000,78646,Versailles,78,,,78646000BM0019,,,11,17.71,12,,,,,,,,2,3,Dépendance,,0,,,,,,2.135705,48.790746
2025-1006508,2025-01-30,000001,Vente,1070000,6,,AV DE NORMANDIE,2060,78000,78646,Versailles,78,,,78646000AM0052,,,,,,,,,,,,,0,1,Maison,145,6,S,sols,,,692,2.139386,48.821716
2025-1006568,2025-01-28,000001,Vente,201000,82,B,AV DE PARIS,2180,78000,78646,Versailles,78,,,78646000BN0166,,,6,37.39,63,,,,,,,,2,2,Appartement,38,1,,,,,,2.145036,48.797427
2025-1006568,2025-01-28,000001,Vente,201000,82,B,AV DE PARIS,2180,78000,78646,Versailles,78,,,78646000BN0166,,,6,37.39,63,,,,,,,,2,3,Dépendance,,0,,,,,,2.145036,48.797427
2025-1006568,2025-01-28,000001,Vente,201000,82,B,AV DE PARIS,2180,78000,78646,Versailles,78,,,78646000BN0166,,,1050,,,,,,,,,,1,3,Dépendance,,0,,,,,,2.145036,48.797427
2025-1006575,2025-02-05,000001,Vente,565755,28,,BD DU ROI,2641,78000,78646,Versailles,78,,,78646000AD0223,,,172,80.54,8,,,,,,,,2,3,Dépendance,,0,,,,,,2.128206,48.812739
2025-1006575,2025-02-05,000001,Vente,565755,28,,BD DU ROI,2641,78000,78646,Versailles,78,,,78646000AD0223,,,172,80.54,8,,,,,,,,2,2,Appartement,81,3,,,,,,2.128206,48.812739
2025-1006575,2025-02-05,000001,Vente,565755,28,,BD DU ROI,2641,78000,78646,Versailles,78,,,78646000AD0223,,,89,,,,,,,,,,1,3,Dépendance,,0,,,,,,2.128206,48.812739
2025-1006583,2025-02-04,000001,Vente,188000,23,,RUE DE SATORY,2950,78000,78646,Versailles,78,,,78646000AH0143,,,35,23.46,,,,,,,,,1,2,Appartement,23,1,,,,,,2.125151,48.800021
2025-1006604,2025-01-06,000001,Vente,253000,1,,RUE BORGNIS DESBORDES,0395,78000,78646,Versailles,78,,,78646000BW0225,,,6015,,,,,,,,,,1,3,Dépendance,,0,,,,,,2.122858,48.795353
2025-1006604,2025-01-06,000001,Vente,253000,1,,RUE BORGNIS DESBORDES,0395,78000,78646,Versailles,78,,,78646000BW0225,,,2026,,,,,,,,,,1,2,Appartement,42,2,,,,,,2.122858,48.795353
2025-1006606,2025-01-28,000001,Vente,300000,40,,AV DE SAINT CLOUD,2730,78000,78646,Versailles,78,,,78646000AI0301,,,12,49.17,,,,,,,,,1,2,Appartement,46,3,,,,,,2.134342,48.80461
2025-1006609,2025-02-07,000001,Vente,236000,2,,RUE DE VERGENNES,3150,78000,78646,Versailles,78,,,78646000BR0095,,,62,,,,,,,,,,1,3,Dépendance,,0,,,,,,2.137555,48.799509
2025-1006609,2025-02-07,000001,Vente,236000,2,,RUE DE VERGENNES,3150,78000,78646,Versailles,78,,,78646000BR0095,,,7,,,,,,,,,,1,3,Dépendance,,0,,,,,,2.137555,48.799509
2025-1006609,2025-02-07,000001,Vente,236000,2,,RUE DE VERGENNES,3150,78000,78646,Versailles,78,,,78646000BR0095,,,7,,,,,,,,,,1,2,Appartement,43,2,,,,,,2.137555,48.799509
2025-1006652,2025-02-07,000001,Vente,130000,13,,RUE DES ETATS GENERAUX,0980,78000,78646,Versailles,78,,,78646000BR0038,,,25,,79,,,,,,,,2,3,Dépendance,,0,,,,,,2.132793,48.800428
2025-1006652,2025-02-07,000001,Vente,130000,13,,RUE DES ETATS GENERAUX,0980,78000,78646,Versailles,78,,,78646000BR0038,,,25,,79,,,,,,,,2,2,Appartement,19,1,,,,,,2.132793,48.800428
2025-1006675,2025-02-05,000001,Vente,355000,18,,RUE HOCHE,1350,78000,78646,Versailles,78,,,78646000AE0217,,,1,,29,,,,,,,,2,3,Dépendance,,0,,,,,,2.129046,48.806754
2025-1006675,2025-02-05,000001,Vente,355000,18,,RUE HOCHE,1350,78000,78646,Versailles,78,,,78646000AE0217,,,1,,29,,,,,,,,2,3,Dépendance,,0,,,,,,2.129046,48.806754
2025-1006675,2025-02-05,000001,Vente,355000,18,,RUE HOCHE,1350,78000,78646,Versailles,78,,,78646000AE0217,,,7,,9,,,,,,,,2,4,Local industriel. commercial ou assimilé,60,0,,,,,,2.129046,48.806754
2025-1006680,2025-02-12,000001,Vente,418100,58,,RUE DES CHANTIERS,0530,78000,78646,Versailles,78,,,78646000BL0327,,,159,62.03,318,,,,,,,,2,3,Dépendance,,0,,,,,,2.142467,48.792993
2025-1006680,2025-02-12,000001,Vente,418100,58,,RUE DES CHANTIERS,0530,78000,78646,Versailles,78,,,78646000BL0327,,,159,62.03,318,,,,,,,,2,3,Dépendance,,0,,,,,,2.142467,48.792993
2025-1006680,2025-02-12,000001,Vente,418100,58,,RUE DES CHANTIERS,0530,78000,78646,Versailles,78,,,78646000BL0327,,,159,62.03,318,,,,,,,,2,3,Dépendance,,0,,,,,,2.142467,48.792993
2025-1006680,2025-02-12,000001,Vente,418100,56,,RUE DES CHANTIERS,0530,78000,78646,Versailles,78,,,78646000BL0327,,,387,,,,,,,,,,1,3,Dépendance,,0,,,,,,2.142467,48.792993
2025-1006680,2025-02-12,000001,Vente,418100,58,,RUE DES CHANTIERS,0530,78000,78646,Versailles,78,,,78646000BL0327,,,159,62.03,318,,,,,,,,2,2,Appartement,64,3,,,,,,2.142467,48.792993
2025-1006683,2025-01-17,000001,Vente,25000,8,,RUE DE SATORY,2950,78000,78646,Versailles,78,,,78646000AH0079,,,6,,,,,,,,,,1,3,Dépendance,,0,,,,,,2.125067,48.800995
2025-1006703,2025-01-28,000001,Vente,1293000,11,,RUE PLOIX,2350,78000,78646,Versailles,78,,,78646000BL0013,,,,,,,,,,,,,0,4,Local industriel. commercial ou assimilé,1278,0,S,sols,,,1278,2.143339,48.794423
2025-1006704,2025-02-06,000001,Vente,408571,87,,AV DE SAINT CLOUD,2730,78000,78646,Versailles,78,,,78646000AI0233,,,19,,3,,32,,,,,,3,3,Dépendance,,0,,,,,,2.139119,48.806033
2025-1006704,2025-02-06,000001,Vente,408571,87,,AV DE SAINT CLOUD,2730,78000,78646,Versailles,78,,,78646000AI0233,,,19,,3,,32,,,,,,3,3,Dépendance,,0,,,,,,2.139119,48.806033
2025-1006704,2025-02-06,000001,Vente,408571,87,,AV DE SAINT CLOUD,2730,78000,78646,Versailles,78,,,78646000AI0233,,,19,,3,,32,,,,,,3,2,Appartement,74,3,,,,,,2.139119,48.806033
2025-1006704,2025-02-06,000001,Vente,408571,87,,AV DE SAINT CLOUD,2730,78000,78646,Versailles,78,,,78646000AI0233,,,34,,,,,,,,,,1,3,Dépendance,,0,,,,,,2.139119,48.806033
2025-1006729,2025-02-05,000001,Vente,554000,58,,RUE DE MONTREUIL,2000,78000,78646,Versailles,78,,,78646000AY0270,,,155,,,,,,,,,,1,3,Dépendance,,0,,,,,,2.148581,48.804249
2025-1006729,2025-02-05,000001,Vente,554000,58,,RUE DE MONTREUIL,2000,78000,78646,Versailles,78,,,78646000AY0270,,,520,,,,,,,,,,1,2,Appartement,68,3,,,,,,2.148581,48.804249
2025-1006733,2025-02-14,000001,Vente,50000,65,,RUE DE LA PAROISSE,2190,78000,78646,Versailles,78,,,78646000AI0185,,,19,,,,,,,,,,1,3,Dépendance,,0,,,,,,2.134013,48.806671
2025-1006739,2025-02-14,000001,Vente,480000,75,,RUE DE LA PAROISSE,2190,78000,78646,Versailles,78,,,78646000AI0174,,,24,,5,,96,,,,,,3,2,Appartement,70,4,,,,,,2.135009,48.806319
2025-1006760,2025-02-05,000001,Vente,3400000,15,,RUE JACQUES BOYCEAU,1410,78000,78646,Versailles,78,,,78646000BP0091,,,,,,,,,,,,,0,2,Appartement,68,4,S,sols,,,3000,2.143302,48.803098
2025-1006760,2025-02-05,000001,Vente,3400000,15,,RUE JACQUES BOYCEAU,1410,78000,78646,Versailles,78,,,78646000BP0091,,,,,,,,,,,,,0,4,Local industriel. commercial ou assimilé,,0,S,sols,,,3000,2.143302,48.803098
2025-1006764,2025-01-17,000001,Vente,416101,66,,AV DES ETATS UNIS,0990,78000,78646,Versailles,78,,,78646000AW0219,,,216,78.7,228,,,,,,,,2,2,Appartement,84,3,,,,,,2.147909,48.808568
2025-1006764,2025-01-17,000001,Vente,416101,66,,AV DES ETATS UNIS,0990,78000,78646,Versailles,78,,,78646000AW0219,,,608,,,,,,,,,,1,3,Dépendance,,0,,,,,,2.147909,48.808568
2025-1006764,2025-01-17,000001,Vente,416101,66,,AV DES ETATS UNIS,0990,78000,78646,Versailles,78,,,78646000AW0219,,,216,78.7,228,,,,,,,,2,3,Dépendance,,0,,,,,,2.147909,48.808568
2025-1006768,2025-02-13,000001,Vente,450500,41,,BD DU ROI,2641,78000,78646,Versailles,78,,,78646000AC0107,,,23,70.13,,,,,,,,,1,2,Appartement,72,3,,,,,,2.12804,48.814598
2025-1006768,2025-02-13,000001,Vente,450500,41,,BD DU ROI,2641,78000,78646,Versailles,78,,,78646000AC0107,,,23,70.13,,,,,,,,,1,3,Dépendance,,0,,,,,,2.12804,48.814598
2025-1006768,2025-02-13,000001,Vente,450500,41,,BD DU ROI,2641,78000,78646,Versailles,78,,,78646000AC0107,,,23,70.13,,,,,,,,,1,3,Dépendance,,0,,,,,,2.12804,48.814598
2025-1006811,2025-02-04,000001,Vente,473108,3,B,AV DE PORCHEFONTAINE,2380,78000,78646,Versailles,78,,,78646000BD0157,,,107,,162,115.16,,,,,,,2,3,Dépendance,,0,,,,,,2.15451,48.797411
2025-1006811,2025-02-04,000001,Vente,473108,3,B,AV DE PORCHEFONTAINE,2380,78000,78646,Versailles,78,,,78646000BD0157,,,107,,162,115.16,,,,,,,2,2,Appartement,117,5,,,,,,2.15451,48.797411
2025-1006811,2025-02-04,000001,Vente,473108,3,,AV DE PORCHEFONTAINE,2380,78000,78646,Versailles,78,,,78646000BD0157,,,42,,,,,,,,,,1,3,Dépendance,,0,,,,,,2.15451,48.797411
2025-1006826,2025-01-24,000001,Vente,461500,27,,RUE JACQUES LEMERCIER,1420,78000,78646,Versailles,78,,,78646000AO0064,,,43,81.79,44,,,,,,,,2,3,Dépendance,,0,,,,,,2.148415,48.815728
2025-1006826,2025-01-24,000001,Vente,461500,27,,RUE JACQUES LEMERCIER,1420,78000,78646,Versailles,78,,,78646000AO0064,,,43,81.79,44,,,,,,,,2,2,Appartement,82,4,,,,,,2.148415,48.815728
2025-1006925,2025-02-07,000001,Vente,670000,4,,IMP LEGRIS,1595,78000,78646,Versailles,78,,,78646000BL0431,,,,,,,,,,,,,0,1,Maison,58,3,S,sols,,,136,2.144986,48.794082
2025-1006929,2025-02-18,000001,Vente,474320,8,,RUE HOCHE,1350,78000,78646,Versailles,78,,,78646000AE0321,,,3,60.76,,,,,,,,,1,3,Dépendance,,0,,,,,,2.127708,48.805389
2025-1006929,2025-02-18,000001,Vente,474320,8,,RUE HOCHE,1350,78000,78646,Versailles,78,,,78646000AE0321,,,3,60.76,,,,,,,,,1,2,Appartement,56,2,,,,,,2.127708,48.805389
2025-1006943,2025-01-31,000001,Vente,1121250,10,,AV DE SCEAUX,2980,78000,78646,Versailles,78,,,78646000AH0171,,,651,,,,,,,,,,1,3,Dépendance,,0,,,,,,2.126832,48.799401
2025-1006943,2025-01-31,000001,Vente,1121250,10,,AV DE SCEAUX,2980,78000,78646,Versailles,78,,,78646000AH0171,,,102,176.52,601,,602,,,,,,3,3,Dépendance,,0,,,,,,2.126832,48.799401
2025-1006943,2025-01-31,000001,Vente,1121250,10,,AV DE SCEAUX,2980,78000,78646,Versailles,78,,,78646000AH0171,,,650,,,,,,,,,,1,3,Dépendance,,0,,,,,,2.126832,48.799401
2025-1006943,2025-01-31,000001,Vente,1121250,10,,AV DE SCEAUX,2980,78000,78646,Versailles,78,,,78646000AH0171,,,102,176.52,601,,602,,,,,,3,2,Appartement,182,6,,,,,,2.126832,48.799401
2025-1006946,2025-02-12,000001,Vente,230000,16,,RUE DE SATORY,2950,78000,78646,Versailles,78,,,78646000AH0083,,,29,36.05,,,,,,,,,1,2,Appartement,22,2,,,,,,2.124807,48.800699
2025-1006946,2025-02-12,000001,Vente,230000,16,,RUE DE SATORY,2950,78000,78646,Versailles,78,,,78646000AH0083,,,29,36.05,,,,,,,,,1,3,Dépendance,,0,,,,,,2.124807,48.800699
2025-1006981,2025-01-29,000001,Vente,569163,28,,BD DU ROI,2641,78000,78646,Versailles,78,,,78646000AD0223,,,16,,165,,,,,,,,2,2,Appartement,95,3,,,,,,2.128206,48.812739
2025-1006981,2025-01-29,000001,Vente,569163,28,,BD DU ROI,2641,78000,78646,Versailles,78,,,78646000AD0223,,,95,,,,,,,,,,1,3,Dépendance,,0,,,,,,2.128206,48.812739
2025-1006981,2025-01-29,000001,Vente,569163,28,,BD DU ROI,2641,78000,78646,Versailles,78,,,78646000AD0223,,,16,,165,,,,,,,,2,3,Dépendance,,0,,,,,,2.128206,48.812739
2025-1007016,2025-01-23,000001,Vente,270000,93,,RUE YVES LE COZ,3210,78000,78646,Versailles,78,,,78646000BE0108,,,11,40.45,,,,,,,,,1,2,Appartement,41,2,,,,,,2.15647,48.795075
2025-1007025,2025-02-14,000001,Vente,478680,28,,RUE DE SATORY,2950,78000,78646,Versailles,78,,,78646000AH0131,,,11,50.14,,,,,,,,,1,2,Appartement,51,3,,,,,,2.124309,48.799979
2025-1007062,2025-01-29,000001,Vente,364850,16,,RUE BENJAMIN FRANKLIN,0340,78000,78646,Versailles,78,,,78646000BR0190,,,195,61.1,230,,,,,,,,2,3,Dépendance,,0,,,,,,2.135581,48.798108
2025-1007062,2025-01-29,000001,Vente,364850,14,B,RUE BENJAMIN FRANKLIN,0340,78000,78646,Versailles,78,,,78646000BR0190,,,335,,,,,,,,,,1,3,Dépendance,,0,,,,,,2.135581,48.798108
2025-1007062,2025-01-29,000001,Vente,364850,16,,RUE BENJAMIN FRANKLIN,0340,78000,78646,Versailles,78,,,78646000BR0190,,,195,61.1,230,,,,,,,,2,2,Appartement,61,3,,,,,,2.135581,48.798108
2025-1007076,2025-02-13,000001,Vente,761600,31,,RUE HENRI DE REGNIER,1310,78000,78646,Versailles,78,,,78646000BW0132,,,16,,8,95.69,9,,,,,,3,3,Dépendance,,0,,,,,,2.126613,48.793455
2025-1007076,2025-02-13,000001,Vente,761600,31,,RUE HENRI DE REGNIER,1310,78000,78646,Versailles,78,,,78646000BW0132,,,16,,8,95.69,9,,,,,,3,2,Appartement,65,3,,,,,,2.126613,48.793455
2025-1007076,2025-02-13,000001,Vente,761600,31,,RUE HENRI DE REGNIER,1310,78000,78646,Versailles,78,,,78646000BW0132,,,16,,8,95.69,9,,,,,,3,3,Dépendance,,0,,,,,,2.126613,48.793455
2025-1007089,2025-02-14,000001,Vente,641145,45,,RUE ALBERT SARRAUT,0080,78000,78646,Versailles,78,,,78646000BK0173,,,,,,,,,,,,,0,3,Dépendance,,0,S,sols,,,222,2.150839,48.79435
2025-1007089,2025-02-14,000001,Vente,641145,45,,RUE ALBERT SARRAUT,0080,78000,78646,Versailles,78,,,78646000BK0173,,,,,,,,,,,,,0,4,Local industriel. commercial ou assimilé,88,0,S,sols,,,222,2.150839,48.79435
2025-1007089,2025-02-14,000001,Vente,641145,45,,RUE ALBERT SARRAUT,0080,78000,78646,Versailles,78,,,78646000BK0173,,,,,,,,,,,,,0,3,Dépendance,,0,S,sols,,,222,2.150839,48.79435
2025-1007089,2025-02-14,000001,Vente,641145,45,,RUE ALBERT SARRAUT,0080,78000,78646,Versailles,78,,,78646000BK0173,,,,,,,,,,,,,0,1,Maison,66,4,S,sols,,,222,2.150839,48.79435
2025-1007090,2025-02-14,000001,Vente,1067962,72,,AV DU MAL DOUGLAS HAIG,1795,78000,78646,Versailles,78,,,78646000AM0174,,,,,,,,,,,,,0,3,Dépendance,,0,AG,terrains d'agrément,,,426,2.144629,48.824284
2025-1007090,2025-02-14,000001,Vente,1067962,72,,AV DU MAL DOUGLAS HAIG,1795,78000,78646,Versailles,78,,,78646000AM0174,,,,,,,,,,,,,0,3,Dépendance,,0,S,sols,,,475,2.144629,48.824284
2025-1007090,2025-02-14,000001,Vente,1067962,72,,AV DU MAL DOUGLAS HAIG,1795,78000,78646,Versailles,78,,,78646000AM0174,,,,,,,,,,,,,0,1,Maison,74,4,AG,terrains d'agrément,,,426,2.144629,48.824284
2025-1007090,2025-02-14,000001,Vente,1067962,72,,AV DU MAL DOUGLAS HAIG,1795,78000,78646,Versailles,78,,,78646000AM0174,,,,,,,,,,,,,0,1,Maison,74,4,S,sols,,,475,2.144629,48.824284
2025-1007092,2025-02-14,000001,Vente,401000,7,,AV DE LA TRANQUILLITE,3055,78000,78646,Versailles,78,,,78646000AZ0110,,,632,,818,115.09,,,,,,,2,3,Dépendance,,0,,,,,,2.158672,48.8041
2025-1007092,2025-02-14,000001,Vente,401000,7,,AV DE LA TRANQUILLITE,3055,78000,78646,Versailles,78,,,78646000AZ0110,,,632,,818,115.09,,,,,,,2,2,Appartement,117,5,,,,,,2.158672,48.8041
2025-1007092,2025-02-14,000001,Vente,401000,5,,RUE DE L ECOLE DES POSTES,0850,78000,78646,Versailles,78,,,78646000AZ0110,,,3259,,,,,,,,,,1,3,Dépendance,,0,,,,,,2.158672,48.8041
2025-1007093,2025-02-18,000001,Vente en l'état futur d'achèvement,620000,8,,ALL DU CORDON BOISE,0714,78000,78646,Versailles,78,,,78646000BY0110,,7,,,,,,,,,,,0,,,,,,,,,,2.078228,48.802624
2025-1007093,2025-02-18,000001,Vente en l'état futur d'achèvement,620000,8,,ALL DU CORDON BOISE,0714,78000,78646,Versailles,78,,,78646000BY0110,,,208,,,,,,,,,,1,,,,,,,,,,2.078228,48.802624
2025-1007101,2025-02-20,000001,Vente,540000,15,,RUE MONTBAURON,1970,78000,78646,Versailles,78,,,78646000AI0072,,,20,,37,,,,,,,,2,2,Appartement,61,3,,,,,,2.135047,48.803936
2025-1007101,2025-02-20,000001,Vente,540000,15,,RUE MONTBAURON,1970,78000,78646,Versailles,78,,,78646000AI0072,,,26,,,,,,,,,,1,3,Dépendance,,0,,,,,,2.135047,48.803936
2025-1007106,2025-02-10,000001,Vente,1649000,3,,RUE SAINTE VICTOIRE,2920,78000,78646,Versailles,78,,,78646000AD0073,,,6,177.71,,,,,,,,,1,3,Dépendance,,0,,,,,,2.131074,48.809699
2025-1007106,2025-02-10,000001,Vente,1649000,3,,RUE SAINTE VICTOIRE,2920,78000,78646,Versailles,78,,,78646000AD0073,,,22,,,,,,,,,,1,3,Dépendance,,0,,,,,,2.131074,48.809699
2025-1007106,2025-02-10,000001,Vente,1649000,3,,RUE SAINTE VICTOIRE,2920,78000,78646,Versailles,78,,,78646000AD0073,,,6,177.71,,,,,,,,,1,3,Dépendance,,0,,,,,,2.131074,48.809699
2025-1007106,2025-02-10,000001,Vente,1649000,3,,RUE SAINTE VICTOIRE,2920,78000,78646,Versailles,78,,,78646000AD0073,,,6,177.71,,,,,,,,,1,2,Appartement,185,6,,,,,,2.131074,48.809699
2025-1007106,2025-02-10,000001,Vente,1649000,3,,RUE SAINTE VICTOIRE,2920,78000,78646,Versailles,78,,,78646000AD0073,,,6,177.71,,,,,,,,,1,3,Dépendance,,0,,,,,,2.131074,48.809699
2025-1007118,2025-02-14,000001,Vente,275500,94,,AV DE PARIS,2180,78000,78646,Versailles,78,,,78646000BN0051,,,141,,64,,,,,,,,2,3,Dépendance,,0,,,,,,2.148182,48.797645
2025-1007118,2025-02-14,000001,Vente,275500,94,,AV DE PARIS,2180,78000,78646,Versailles,78,,,78646000BN0051,,,141,,64,,,,,,,,2,2,Appartement,52,1,,,,,,2.148182,48.797645
2025-1007118,2025-02-14,000001,Vente,275500,94,,AV DE PARIS,2180,78000,78646,Versailles,78,,,78646000BN0051,,,140,,,,,,,,,,1,3,Dépendance,,0,,,,,,2.148182,48.797645
2025-1007122,2025-02-14,000001,Vente,1200000,2,B,RUE HENRI SIMON,1330,78000,78646,Versailles,78,,,78646000AX0216,,,,,,,,,,,,,0,3,Dépendance,,0,S,sols,,,237,2.148009,48.804865
2025-1007122,2025-02-14,000001,Vente,1200000,2,B,RUE HENRI SIMON,1330,78000,78646,Versailles,78,,,78646000AX0216,,,,,,,,,,,,,0,1,Maison,140,5,S,sols,,,237,2.148009,48.804865
2025-1007128,2025-02-14,000001,Vente,185000,5,,RUE MADEMOISELLE,1740,78000,78646,Versailles,78,,,78646000AD0045,,,22,,,,,,,,,,1,2,Appartement,46,2,,,,,,2.128701,48.8099
2025-1007135,2025-02-11,000001,Vente,25000,60,,AV DES ETATS UNIS,0990,78000,78646,Versailles,78,,,78646000AW0219,,,717,,,,,,,,,,1,3,Dépendance,,0,,,,,,2.147909,48.808568
2025-1007146,2025-02-19,000001,Vente,377825,12,,PROM MONA LISA,1965,78000,78646,Versailles,78,,,78646000AZ0110,,,1849,,1957,,,,,,,,2,2,Appartement,89,3,,,,,,2.158672,48.8041
2025-1007146,2025-02-19,000001,Vente,377825,5,,RUE DE L ECOLE DES POSTES,0850,78000,78646,Versailles,78,,,78646000AZ0110,,,3952,,,,,,,,,,1,3,Dépendance,,0,,,,,,2.158672,48.8041
2025-1007146,2025-02-19,000001,Vente,377825,12,,PROM MONA LISA,1965,78000,78646,Versailles,78,,,78646000AZ0110,,,1849,,1957,,,,,,,,2,3,Dépendance,,0,,,,,,2.158672,48.8041
2025-1007153,2025-02-07,000001,Vente,90000,25,,RUE DU MAL JOFFRE,1820,78000,78646,Versailles,78,,,78646000BW0088,,,30,,,,,,,,,,1,3,Dépendance,,0,,,,,,2.121713,48.795048
2025-1007183,2025-01-28,000001,Vente,914900,108,,BD DE LA REINE,2520,78000,78646,Versailles,78,,,78646000AX0037,,,238,,4,134.69,,,,,,,2,3,Dépendance,,0,,,,,,2.142871,48.807658
2025-1007183,2025-01-28,000001,Vente,914900,108,,BD DE LA REINE,2520,78000,78646,Versailles,78,,,78646000AX0037,,,15,,249,,,,,,,,2,3,Dépendance,,0,,,,,,2.142871,48.807658
2025-1007183,2025-01-28,000001,Vente,914900,108,,BD DE LA REINE,2520,78000,78646,Versailles,78,,,78646000AX0037,,,15,,249,,,,,,,,2,2,Appartement,67,3,,,,,,2.142871,48.807658
2025-1007183,2025-01-28,000001,Vente,914900,108,,BD DE LA REINE,2520,78000,78646,Versailles,78,,,78646000AX0037,,,238,,4,134.69,,,,,,,2,2,Appartement,67,3,,,,,,2.142871,48.807658
2025-1007195,2025-02-13,000001,Vente,22000,9,,AV DES ETATS UNIS,0990,78000,78646,Versailles,78,,,78646000AX0490,,,110,,,,,,,,,,1,3,Dépendance,,0,,,,,,2.142342,48.80702
2025-1007289,2025-02-14,000001,Vente,725277,108,,BD DE LA REINE,2520,78000,78646,Versailles,78,,,78646000AX0037,,,269,,35,102.55,,,,,,,2,3,Dépendance,,0,,,,,,2.142871,48.807658
2025-1007289,2025-02-14,000001,Vente,725277,108,,BD DE LA REINE,2520,78000,78646,Versailles,78,,,78646000AX0037,,,166,,,,,,,,,,1,3,Dépendance,,0,,,,,,2.142871,48.807658
2025-1007289,2025-02-14,000001,Vente,725277,108,,BD DE LA REINE,2520,78000,78646,Versailles,78,,,78646000AX0037,,,269,,35,102.55,,,,,,,2,2,Appartement,96,4,,,,,,2.142871,48.807658
2025-1007291,2025-02-13,000001,Vente,600,38,,RUE DU VIEUX VERSAILLES,3180,78000,78646,Versailles,78,,,78646000AH0128,,,7,3,,,,,,,,,1,4,Local industriel. commercial ou assimilé,40,0,,,,,,2.124568,48.800246
2025-1007303,2025-02-13,000001,Vente,228663,78,,RUE DE LA PAROISSE,2190,78000,78646,Versailles,78,,,78646000AI0129,,,10,33.74,16,,2,,,,,,3,3,Dépendance,,0,,,,,,2.133271,48.806088
2025-1007303,2025-02-13,000001,Vente,228663,78,,RUE DE LA PAROISSE,2190,78000,78646,Versailles,78,,,78646000AI0129,,,10,33.74,16,,2,,,,,,3,2,Appartement,36,2,,,,,,2.133271,48.806088
2025-1007303,2025-02-13,000001,Vente,228663,78,,RUE DE LA PAROISSE,2190,78000,78646,Versailles,78,,,78646000AI0129,,,10,33.74,16,,2,,,,,,3,3,Dépendance,,0,,,,,,2.133271,48.806088
2025-1007305,2025-02-21,000001,Vente,805000,1,,RUE JOUVENCEL,1520,78000,78646,Versailles,78,,,78646000AI0052,,,5,111,,,,,,,,,1,4,Local industriel. commercial ou assimilé,110,0,,,,,,2.132321,48.803557
2025-1007312,2025-02-18,000001,Vente,774200,18,,RUE SAINTE SOPHIE,2890,78000,78646,Versailles,78,,,78646000AD0311,,,16,101,35,,,,,,,,2,3,Dépendance,,0,,,,,,2.133996,48.811487
2025-1007312,2025-02-18,000001,Vente,774200,18,,RUE SAINTE SOPHIE,2890,78000,78646,Versailles,78,,,78646000AD0311,,,16,101,35,,,,,,,,2,2,Appartement,100,6,,,,,,2.133996,48.811487
2025-1007319,2025-02-06,000001,Vente,622350,13,B,RUE NEUVE NOTRE DAME,2040,78000,78646,Versailles,78,,,78646000AE0018,,,9,,,,,,,,,,1,3,Dépendance,,0,,,,,,2.127824,48.80885
2025-1007319,2025-02-06,000001,Vente,622350,13,B,RUE NEUVE NOTRE DAME,2040,78000,78646,Versailles,78,,,78646000AE0018,,,9,,,,,,,,,,1,2,Appartement,77,1,,,,,,2.127824,48.80885
2025-1007326,2025-02-20,000001,Vente,429000,27,,RUE JACQUES LEMERCIER,1420,78000,78646,Versailles,78,,,78646000AO0064,,,45,83.5,46,,,,,,,,2,3,Dépendance,,0,,,,,,2.148415,48.815728
2025-1007326,2025-02-20,000001,Vente,429000,27,,RUE JACQUES LEMERCIER,1420,78000,78646,Versailles,78,,,78646000AO0064,,,45,83.5,46,,,,,,,,2,2,Appartement,81,4,,,,,,2.148415,48.815728
2025-1007344,2025-02-18,000001,Vente,35000,18,,RUE SAINTE SOPHIE,2890,78000,78646,Versailles,78,,,78646000AD0311,,,114,,,,,,,,,,1,3,Dépendance,,0,,,,,,2.133996,48.811487
2025-1007358,2025-02-27,000001,Vente,269500,5,,RUE DE L ECOLE DES POSTES,0850,78000,78646,Versailles,78,,,78646000AZ0110,,,2724,,,,,,,,,,1,3,Dépendance,,0,,,,,,2.158672,48.8041
2025-1007358,2025-02-27,000001,Vente,269500,9,,AV DE LA TRANQUILLITE,3055,78000,78646,Versailles,78,,,78646000AZ0110,,,22,,75,50.89,,,,,,,2,2,Appartement,43,1,,,,,,2.158672,48.8041
2025-1007358,2025-02-27,000001,Vente,269500,9,,AV DE LA TRANQUILLITE,3055,78000,78646,Versailles,78,,,78646000AZ0110,,,22,,75,50.89,,,,,,,2,3,Dépendance,,0,,,,,,2.158672,48.8041
2025-1007376,2025-02-27,000001,Vente,448540,7,,RUE NEUVE NOTRE DAME,2040,78000,78646,Versailles,78,,,78646000AE0008,,,10,,12,,17,,8,,,,4,3,Dépendance,,0,,,,,,2.126625,48.808941
2025-1007376,2025-02-27,000001,Vente,448540,7,,RUE NEUVE NOTRE DAME,2040,78000,78646,Versailles,78,,,78646000AE0008,,,10,,12,,17,,8,,,,4,3,Dépendance,,0,,,,,,2.126625,48.808941
2025-1007376,2025-02-27,000001,Vente,448540,7,,RUE NEUVE NOTRE DAME,2040,78000,78646,Versailles,78,,,78646000AE0008,,,10,,12,,17,,8,,,,4,2,Appartement,43,2,,,,,,2.126625,48.808941
2025-1007377,2025-02-14,000001,Vente,420000,5,,RUE DE L ECOLE DES POSTES,0850,78000,78646,Versailles,78,,,78646000AZ0110,,,3455,,,,,,,,,,1,3,Dépendance,,0,,,,,,2.158672,48.8041
2025-1007377,2025-02-14,000001,Vente,420000,3,,BD JEUX OLYMPIQUES,1495,78000,78646,Versailles,78,,,78646000AZ0110,,,1032,,861,,,,,,,,2,3,Dépendance,,0,,,,,,2.158672,48.8041
2025-1007377,2025-02-14,000001,Vente,420000,3,,BD JEUX OLYMPIQUES,1495,78000,78646,Versailles,78,,,78646000AZ0110,,,1032,,861,,,,,,,,2,2,Appartement,102,4,,,,,,2.158672,48.8041
2025-1007378,2025-02-13,000001,Vente,739500,2,,RUE ALEXIS DE TOCQUEVILLE,0128,78000,78646,Versailles,78,,,78646000BS0226,,,4165,,,,,,,,,,1,2,Appartement,83,4,,,,,,2.132076,48.794722
2025-1007378,2025-02-13,000001,Vente,739500,2,,RUE ALEXIS DE TOCQUEVILLE,0128,78000,78646,Versailles,78,,,78646000BS0226,,,4278,,,,,,,,,,1,3,Dépendance,,0,,,,,,2.132076,48.794722
2025-1007378,2025-02-13,000001,Vente,739500,2,,RUE ALEXIS DE TOCQUEVILLE,0128,78000,78646,Versailles,78,,,78646000BS0226,,,4277,,,,,,,,,,1,3,Dépendance,,0,,,,,,2.132076,48.794722
2025-1007384,2025-02-20,000001,Vente,1045000,73,B,RUE DU MAL FOCH,1810,78000,78646,Versailles,78,,,78646000AD0477,,,169,,,,,,,,,,1,3,Dépendance,,0,,,,,,2.134954,48.812695
2025-1007384,2025-02-20,000001,Vente,1045000,16,B,PAS DE LA GEOLE,1180,78000,78646,Versailles,78,,,78646000AE0061,,,20,137.02,,,,,,,,,1,2,Appartement,141,2,,,,,,2.131795,48.807937
2025-1007397,2025-02-07,000001,Vente,2680000,15,,BD DE LA PORTE VERTE,2410,78000,78646,Versailles,78,,,78646000AM0243,,,,,,,,,,,,,0,1,Maison,258,6,AG,terrains d'agrément,,,494,2.145162,48.820224
2025-1007397,2025-02-07,000001,Vente,2680000,15,,BD DE LA PORTE VERTE,2410,78000,78646,Versailles,78,,,78646000AM0243,,,,,,,,,,,,,0,1,Maison,258,6,AG,terrains d'agrément,,,889,2.145162,48.820224
2025-1007397,2025-02-07,000001,Vente,2680000,15,,BD DE LA PORTE VERTE,2410,78000,78646,Versailles,78,,,78646000AM0243,,,,,,,,,,,,,0,1,Maison,258,6,S,sols,,,459,2.145162,48.820224
2025-1007427,2025-02-27,000001,Vente,550000,21,,RUE DE BEAUVAU,0320,78000,78646,Versailles,78,,,78646000AD0299,,,34,54,,,,,,,,,1,2,Appartement,56,3,,,,,,2.133092,48.811964
2025-1007430,2025-02-07,000001,Vente,109000,17,,RUE MONTBAURON,1970,78000,78646,Versailles,78,,,78646000AI0073,,,11,17,30,,32,,33,,,,4,2,Appartement,17,1,,,,,,2.13529,48.804268
2025-1007430,2025-02-07,000001,Vente,109000,17,,RUE MONTBAURON,1970,78000,78646,Versailles,78,,,78646000AI0073,,,11,17,30,,32,,33,,,,4,3,Dépendance,,0,,,,,,2.13529,48.804268
2025-1007430,2025-02-07,000001,Vente,109000,17,,RUE MONTBAURON,1970,78000,78646,Versailles,78,,,78646000AI0073,,,11,17,30,,32,,33,,,,4,3,Dépendance,,0,,,,,,2.13529,48.804268
2025-1007430,2025-02-07,000001,Vente,109000,17,,RUE MONTBAURON,1970,78000,78646,Versailles,78,,,78646000AI0073,,,11,17,30,,32,,33,,,,4,3,Dépendance,,0,,,,,,2.13529,48.804268
2025-1007431,2025-02-07,000001,Vente,411000,82,B,AV DE PARIS,2180,78000,78646,Versailles,78,,,78646000BN0166,,,1103,,,,,,,,,,1,3,Dépendance,,0,,,,,,2.145036,48.797427
2025-1007431,2025-02-07,000001,Vente,411000,82,B,AV DE PARIS,2180,78000,78646,Versailles,78,,,78646000BN0166,,,502,80.26,529,,,,,,,,2,3,Dépendance,,0,,,,,,2.145036,48.797427
2025-1007431,2025-02-07,000001,Vente,411000,82,B,AV DE PARIS,2180,78000,78646,Versailles,78,,,78646000BN0166,,,502,80.26,529,,,,,,,,2,3,Dépendance,,0,,,,,,2.145036,48.797427
2025-1007431,2025-02-07,000001,Vente,411000,82,B,AV DE PARIS,2180,78000,78646,Versailles,78,,,78646000BN0166,,,559,,,,,,,,,,1,3,Dépendance,,0,,,,,,2.145036,48.797427
2025-1007431,2025-02-07,000001,Vente,411000,82,B,AV DE PARIS,2180,78000,78646,Versailles,78,,,78646000BN0166,,,502,80.26,529,,,,,,,,2,2,Appartement,78,4,,,,,,2.145036,48.797427
2025-1007455,2025-02-10,000001,Vente,309460,55,,AV DE SAINT CLOUD,2730,78000,78646,Versailles,78,,,78646000AI0144,,,15,,6,,,,,,,,2,2,Appartement,21,1,,,,,,2.13411,48.805589
2025-1007455,2025-02-10,000001,Vente,309460,55,,AV DE SAINT CLOUD,2730,78000,78646,Versailles,78,,,78646000AI0144,,,16,,8,62.26,,,,,,,2,2,Appartement,57,2,,,,,,2.13411,48.805589
2025-1007455,2025-02-10,000001,Vente,309460,55,,AV DE SAINT CLOUD,2730,78000,78646,Versailles,78,,,78646000AI0144,,,16,,8,62.26,,,,,,,2,3,Dépendance,,0,,,,,,2.13411,48.805589
2025-1007487,2025-02-28,000001,Vente,220000,26,B,RUE COSTE,0730,78000,78646,Versailles,78,,,78646000BE0016,,,9,18,,,,,,,,,1,4,Local industriel. commercial ou assimilé,18,0,,,,,,2.15635,48.79457
2025-1007495,2025-02-21,000001,Vente,267000,90,,AV DE PARIS,2180,78000,78646,Versailles,78,,,78646000BN0049,,,2,40.31,46,,,,,,,,2,3,Dépendance,,0,,,,,,2.146772,48.797712
2025-1007495,2025-02-21,000001,Vente,267000,90,,AV DE PARIS,2180,78000,78646,Versailles,78,,,78646000BN0049,,,2,40.31,46,,,,,,,,2,2,Appartement,40,1,,,,,,2.146772,48.797712
2025-1007495,2025-02-21,000001,Vente,267000,90,,AV DE PARIS,2180,78000,78646,Versailles,78,,,78646000BN0049,,,59,,,,,,,,,,1,3,Dépendance,,0,,,,,,2.146772,48.797712
2025-1007498,2025-02-27,000001,Vente,180000,13,,RUE JEAN DE LA BRUYERE,1560,78000,78646,Versailles,78,,,78646000AO0128,,,203,,,,,,,,,,1,3,Dépendance,,0,,,,,,2.145819,48.813432
2025-1007498,2025-02-27,000001,Vente,180000,13,,RUE JEAN DE LA BRUYERE,1560,78000,78646,Versailles,78,,,78646000AO0128,,,21,,28,14.71,,,,,,,2,3,Dépendance,,0,,,,,,2.145819,48.813432
2025-1007499,2025-02-19,000001,Vente,70000,64,,RUE DES CHANTIERS,0530,78000,78646,Versailles,78,,,78646000BL0326,,,189,10.5,,,,,,,,,1,2,Appartement,15,1,,,,,,2.143523,48.792624
2025-1007501,2025-02-18,000001,Vente,1350000,9,B,RUE BORGNIS DESBORDES,0395,78000,78646,Versailles,78,,,78646000BW0069,,,,,,,,,,,,,0,1,Maison,120,8,S,sols,,,185,2.124112,48.794936
2025-1007507,2025-03-03,000001,Vente,250500,44,,RUE SAINT CHARLES,2710,78000,78646,Versailles,78,,,78646000AY0019,,,1,36.75,55,,,,,,,,2,2,Appartement,38,2,,,,,,2.147972,48.803805
2025-1007507,2025-03-03,000001,Vente,250500,44,,RUE SAINT CHARLES,2710,78000,78646,Versailles,78,,,78646000AY0019,,,1,36.75,55,,,,,,,,2,3,Dépendance,,0,,,,,,2.147972,48.803805
2025-1007513,2025-02-18,000001,Vente,420000,8,,RUE ROYALE,2648,78000,78646,Versailles,78,,,78646000BV0089,,,11,,,,,,,,,,1,3,Dépendance,,0,,,,,,2.126847,48.798339
2025-1007513,2025-02-18,000001,Vente,420000,8,,RUE ROYALE,2648,78000,78646,Versailles,78,,,78646000BV0089,,,11,,,,,,,,,,1,2,Appartement,55,3,,,,,,2.126847,48.798339
2025-1007556,2025-02-28,000001,Vente,540000,12,,AV DE PORCHEFONTAINE,2380,78000,78646,Versailles,78,,,78646000BK0021,,,34,,,,,,,,,,1,3,Dépendance,,0,,,,,,2.152071,48.797176
2025-1007556,2025-02-28,000001,Vente,540000,12,,AV DE PORCHEFONTAINE,2380,78000,78646,Versailles,78,,,78646000BK0021,,,1667,,,,,,,,,,1,3,Dépendance,,0,,,,,,2.152071,48.797176
2025-1007556,2025-02-28,000001,Vente,540000,12,,AV DE PORCHEFONTAINE,2380,78000,78646,Versailles,78,,,78646000BK0021,,,1676,,,,,,,,,,1,3,Dépendance,,0,,,,,,2.152071,48.797176
2025-1007556,2025-02-28,000001,Vente,540000,12,,AV DE PORCHEFONTAINE,2380,78000,78646,Versailles,78,,,78646000BK0021,,,46,,,,,,,,,,1,2,Appartement,110,4,,,,,,2.152071,48.797176
2025-1007561,2025-02-07,000001,Vente,544000,59,,RUE ALBERT SARRAUT,0080,78000,78646,Versailles,78,,,78646000BL0489,,,,,,,,,,,,,0,,,,,AB,terrains a bâtir,,,369,2.149339,48.793304
2025-1007583,2025-02-14,000001,Vente,63000,48,,RUE CHAMP LAGARDE,0490,78000,78646,Versailles,78,,,78646000AY0196,,,63,,,,,,,,,,1,3,Dépendance,,0,,,,,,2.148301,48.801267
2025-1007602,2025-03-03,000001,Vente,321500,65,,RUE DE LA PAROISSE,2190,78000,78646,Versailles,78,,,78646000AI0185,,,41,48.16,,,,,,,,,1,2,Appartement,45,1,,,,,,2.134013,48.806671
2025-1007631,2025-02-28,000001,Vente,28000,21,,BD ST ANTOINE,2690,78000,78646,Versailles,78,,,78646000AC0054,,,520,,,,,,,,,,1,3,Dépendance,,0,,,,,,2.125692,48.815948
2025-1007662,2025-02-12,000001,Vente,279010,52,,AV DE PARIS,2180,78000,78646,Versailles,78,,,78646000BR0095,,,15,51.1,34,,,,,,,,2,2,Appartement,61,2,,,,,,2.137555,48.799509
2025-1007663,2025-02-24,000001,Vente,160000,7,,RUE SAINT HONORE,2780,78000,78646,Versailles,78,,,78646000BV0207,,,56,,,,,,,,,,1,2,Appartement,26,1,,,,,,2.125549,48.798264
2025-1007694,2025-02-28,000001,Vente,385000,34,,RUE DE LA PAROISSE,2190,78000,78646,Versailles,78,,,78646000AE0204,,,13,,6,50.33,7,,,,,,3,3,Dépendance,,0,,,,,,2.127997,48.807475
2025-1007694,2025-02-28,000001,Vente,385000,34,,RUE DE LA PAROISSE,2190,78000,78646,Versailles,78,,,78646000AE0204,,,13,,6,50.33,7,,,,,,3,2,Appartement,42,3,,,,,,2.127997,48.807475
2025-1007703,2025-02-27,000001,Vente,1800000,2,,RUE DE FONTENAY,1050,78000,78646,Versailles,78,,,78646000AH0106,,,,,,,,,,,,,0,1,Maison,230,8,S,sols,,,304,2.123167,48.801243
2025-1007723,2025-03-04,000001,Vente,178000,17,,RUE PHILIPPE DE DANGEAU,2255,78000,78646,Versailles,78,,,78646000AI0065,,,24,,7,,,,,,,,2,2,Appartement,30,2,,,,,,2.134481,48.803549
2025-1007723,2025-03-04,000001,Vente,178000,17,,RUE PHILIPPE DE DANGEAU,2255,78000,78646,Versailles,78,,,78646000AI0065,,,24,,7,,,,,,,,2,3,Dépendance,,0,,,,,,2.134481,48.803549
2025-1007724,2025-02-18,000001,Vente,609000,9,,RUE AUGUSTA HOLMES,0240,78000,78646,Versailles,78,,,78646000BI0099,,,,,,,,,,,,,0,,,,,S,sols,,,248,2.153209,48.791971
2025-1007725,2025-03-03,000001,Vente en l'état futur d'achèvement,540000,2,,PL DE GALLY,1133,78000,78646,Versailles,78,,,78646000BY0108,,,211,,,,,,,,,,1,,,,,,,,,,2.079319,48.802074
2025-1007725,2025-03-03,000001,Vente en l'état futur d'achèvement,540000,2,,PL DE GALLY,1133,78000,78646,Versailles,78,,,78646000BY0108,,,437,,,,,,,,,,1,,,,,,,,,,2.079319,48.802074
2025-1007726,2025-03-07,000001,Vente,258100,9,,RUE DU GENERAL LECLERC,1145,78000,78646,Versailles,78,,,78646000AH0139,,,5,,,,,,,,,,1,2,Appartement,42,2,,,,,,2.125589,48.799633
2025-1007728,2025-02-21,000001,Vente,360000,1,,RUE RICHAUD,2610,78000,78646,Versailles,78,,,78646000AI0317,,,130,,,,,,,,,,1,3,Dépendance,,0,,,,,,2.133269,48.807902
2025-1007728,2025-02-21,000001,Vente,360000,2,,PAS DE LA CHARITE,0154,78000,78646,Versailles,78,,,78646000AI0317,,,10,,89,,,,,,,,2,2,Appartement,39,2,,,,,,2.133269,48.807902
2025-1007763,2025-02-18,000001,Vente,1540000,1,,PL HOCHE,1340,78000,78646,Versailles,78,,,78646000AE0193,,,23,,24,,5,174.46,,,,,3,3,Dépendance,,0,,,,,,2.127173,48.806425
2025-1007763,2025-02-18,000001,Vente,1540000,1,,PL HOCHE,1340,78000,78646,Versailles,78,,,78646000AE0193,,,23,,24,,5,174.46,,,,,3,3,Dépendance,,0,,,,,,2.127173,48.806425
2025-1007763,2025-02-18,000001,Vente,1540000,1,,PL HOCHE,1340,78000,78646,Versailles,78,,,78646000AE0193,,,23,,24,,5,174.46,,,,,3,2,Appartement,174,5,,,,,,2.127173,48.806425
2025-1007763,2025-02-18,000001,Vente,1540000,2,,PL HOCHE,1340,78000,78646,Versailles,78,,,78646000AE0331,,,70,,,,,,,,,,1,3,Dépendance,,0,,,,,,2.126975,48.805991
2025-1007774,2025-02-21,000001,Vente,36000,82,B,AV DE PARIS,2180,78000,78646,Versailles,78,,,78646000BN0166,,,457,,,,,,,,,,1,3,Dépendance,,0,,,,,,2.145036,48.797427
2025-1007781,2025-02-20,000001,Vente,98800,8,,AV DU GEN DE GAULLE,1143,78000,78646,Versailles,78,,,78646000AH0225,,,36,,,,,,,,,,1,3,Dépendance,,0,,,,,,2.128298,48.801276
2025-1007781,2025-02-20,000001,Vente,98800,8,,AV DU GEN DE GAULLE,1143,78000,78646,Versailles,78,,,78646000AH0225,,,36,,,,,,,,,,1,2,Appartement,36,1,,,,,,2.128298,48.801276
2025-1007782,2025-02-14,000001,Vente,160000,11,,RUE DE L ORANGERIE,2110,78000,78646,Versailles,78,,,78646000AH0028,,,1,,9,,,,,,,,2,3,Dépendance,,0,,,,,,2.121683,48.800572
2025-1007782,2025-02-14,000001,Vente,160000,11,,RUE DE L ORANGERIE,2110,78000,78646,Versailles,78,,,78646000AH0028,,,1,,9,,,,,,,,2,2,Appartement,19,1,,,,,,2.121683,48.800572
2025-1007826,2025-03-04,000001,Vente,205000,3,,SQ DU PONT COLBERT,2375,78000,78646,Versailles,78,,,78646000BI0012,,,2,57.81,,,,,,,,,1,2,Appartement,60,3,,,,,,2.148665,48.788305
2025-1007826,2025-03-04,000001,Vente,205000,3,,SQ DU PONT COLBERT,2375,78000,78646,Versailles,78,,,78646000BI0012,,,2,57.81,,,,,,,,,1,3,Dépendance,,0,,,,,,2.148665,48.788305
2025-1007831,2025-03-06,000001,Vente,190000,25,,RUE DE VERGENNES,3150,78000,78646,Versailles,78,,,78646000BN0023,,,2,63.65,,,,,,,,,1,2,Appartement,55,3,,,,,,2.138077,48.798326
2025-1007831,2025-03-06,000001,Vente,190000,25,,RUE DE VERGENNES,3150,78000,78646,Versailles,78,,,78646000BN0023,,,2,63.65,,,,,,,,,1,3,Dépendance,,0,,,,,,2.138077,48.798326
2025-1007886,2025-03-05,000001,Vente,4318618,32,,AV DE SAINT CLOUD,2730,78000,78646,Versailles,78,,,78646000AI0089,,,,,,,,,,,,,0,2,Appartement,34,2,S,sols,,,632,2.133052,48.804558
2025-1007886,2025-03-05,000001,Vente,4318618,32,,AV DE SAINT CLOUD,2730,78000,78646,Versailles,78,,,78646000AI0089,,,,,,,,,,,,,0,3,Dépendance,,0,S,sols,,,632,2.133052,48.804558
2025-1007886,2025-03-05,000001,Vente,4318618,32,,AV DE SAINT CLOUD,2730,78000,78646,Versailles,78,,,78646000AI0089,,,,,,,,,,,,,0,2,Appartement,44,3,S,sols,,,632,2.133052,48.804558
2025-1007886,2025-03-05,000001,Vente,4318618,32,,AV DE SAINT CLOUD,2730,78000,78646,Versailles,78,,,78646000AI0089,,,,,,,,,,,,,0,3,Dépendance,,0,S,sols,,,632,2.133052,48.804558
2025-1007886,2025-03-05,000001,Vente,4318618,32,,AV DE SAINT CLOUD,2730,78000,78646,Versailles,78,,,78646000AI0089,,,,,,,,,,,,,0,3,Dépendance,,0,S,sols,,,632,2.133052,48.804558
2025-1007886,2025-03-05,000001,Vente,4318618,32,,AV DE SAINT CLOUD,2730,78000,78646,Versailles,78,,,78646000AI0089,,,,,,,,,,,,,0,3,Dépendance,,0,S,sols,,,632,2.133052,48.804558
2025-1007886,2025-03-05,000001,Vente,4318618,32,,AV DE SAINT CLOUD,2730,78000,78646,Versailles,78,,,78646000AI0089,,,,,,,,,,,,,0,3,Dépendance,,0,S,sols,,,632,2.133052,48.804558
2025-1007886,2025-03-05,000001,Vente,4318618,32,,AV DE SAINT CLOUD,2730,78000,78646,Versailles,78,,,78646000AI0089,,,,,,,,,,,,,0,3,Dépendance,,0,S,sols,,,632,2.133052,48.804558
2025-1007886,2025-03-05,000001,Vente,4318618,32,,AV DE SAINT CLOUD,2730,78000,78646,Versailles,78,,,78646000AI0089,,,,,,,,,,,,,0,4,Local industriel. commercial ou assimilé,182,0,S,sols,,,632,2.133052,48.804558
2025-1007886,2025-03-05,000001,Vente,4318618,32,,AV DE SAINT CLOUD,2730,78000,78646,Versailles,78,,,78646000AI0089,,,,,,,,,,,,,0,3,Dépendance,,0,S,sols,,,632,2.133052,48.804558
2025-1007886,2025-03-05,000001,Vente,4318618,32,,AV DE SAINT CLOUD,2730,78000,78646,Versailles,78,,,78646000AI0089,,,,,,,,,,,,,0,2,Appartement,85,4,S,sols,,,632,2.133052,48.804558
2025-1007886,2025-03-05,000001,Vente,4318618,32,,AV DE SAINT CLOUD,2730,78000,78646,Versailles,78,,,78646000AI0089,,,,,,,,,,,,,0,3,Dépendance,,0,S,sols,,,632,2.133052,48.804558
2025-1007886,2025-03-05,000001,Vente,4318618,32,,AV DE SAINT CLOUD,2730,78000,78646,Versailles,78,,,78646000AI0089,,,,,,,,,,,,,0,4,Local industriel. commercial ou assimilé,62,0,S,sols,,,632,2.133052,48.804558
2025-1007886,2025-03-05,000001,Vente,4318618,32,,AV DE SAINT CLOUD,2730,78000,78646,Versailles,78,,,78646000AI0089,,,,,,,,,,,,,0,4,Local industriel. commercial ou assimilé,43,0,S,sols,,,632,2.133052,48.804558
2025-1007886,2025-03-05,000001,Vente,4318618,32,,AV DE SAINT CLOUD,2730,78000,78646,Versailles,78,,,78646000AI0089,,,,,,,,,,,,,0,2,Appartement,33,1,S,sols,,,632,2.133052,48.804558
2025-1007886,2025-03-05,000001,Vente,4318618,32,,AV DE SAINT CLOUD,2730,78000,78646,Versailles,78,,,78646000AI0089,,,,,,,,,,,,,0,3,Dépendance,,0,S,sols,,,632,2.133052,48.804558
2025-1007886,2025-03-05,000001,Vente,4318618,32,,AV DE SAINT CLOUD,2730,78000,78646,Versailles,78,,,78646000AI0089,,,,,,,,,,,,,0,3,Dépendance,,0,S,sols,,,632,2.133052,48.804558
2025-1007886,2025-03-05,000001,Vente,4318618,32,,AV DE SAINT CLOUD,2730,78000,78646,Versailles,78,,,78646000AI0089,,,,,,,,,,,,,0,3,Dépendance,,0,S,sols,,,632,2.133052,48.804558
2025-1007886,2025-03-05,000001,Vente,4318618,32,,AV DE SAINT CLOUD,2730,78000,78646,Versailles,78,,,78646000AI0089,,,,,,,,,,,,,0,3,Dépendance,,0,S,sols,,,632,2.133052,48.804558
2025-1007886,2025-03-05,000001,Vente,4318618,32,,AV DE SAINT CLOUD,2730,78000,78646,Versailles,78,,,78646000AI0089,,,,,,,,,,,,,0,2,Appartement,212,6,S,sols,,,632,2.133052,48.804558
2025-1007886,2025-03-05,000001,Vente,4318618,32,,AV DE SAINT CLOUD,2730,78000,78646,Versailles,78,,,78646000AI0089,,,,,,,,,,,,,0,2,Appartement,212,6,S,sols,,,632,2.133052,48.804558
2025-1007886,2025-03-05,000001,Vente,4318618,32,,AV DE SAINT CLOUD,2730,78000,78646,Versailles,78,,,78646000AI0089,,,,,,,,,,,,,0,2,Appartement,37,2,S,sols,,,632,2.133052,48.804558
2025-1007886,2025-03-05,000001,Vente,4318618,32,,AV DE SAINT CLOUD,2730,78000,78646,Versailles,78,,,78646000AI0089,,,,,,,,,,,,,0,2,Appartement,53,2,S,sols,,,632,2.133052,48.804558
2025-1007907,2025-03-04,000001,Vente,669480,115,,AV DE PARIS,2180,78000,78646,Versailles,78,,,78646000BC0062,,,230,,268,107.12,269,21.32,,,,,3,3,Dépendance,,0,,,,,,2.157995,48.800801
2025-1007907,2025-03-04,000001,Vente,669480,115,,AV DE PARIS,2180,78000,78646,Versailles,78,,,78646000BC0062,,,7,,,,,,,,,,1,3,Dépendance,,0,,,,,,2.157995,48.800801
2025-1007907,2025-03-04,000001,Vente,669480,115,,AV DE PARIS,2180,78000,78646,Versailles,78,,,78646000BC0062,,,230,,268,107.12,269,21.32,,,,,3,2,Appartement,127,6,,,,,,2.157995,48.800801
2025-1007949,2025-03-07,000001,Vente,296900,9,,RUE DU GENERAL LECLERC,1145,78000,78646,Versailles,78,,,78646000AH0139,,,7,52.4,,,,,,,,,1,3,Dépendance,,0,,,,,,2.125589,48.799633
2025-1007949,2025-03-07,000001,Vente,296900,9,,RUE DU GENERAL LECLERC,1145,78000,78646,Versailles,78,,,78646000AH0139,,,7,52.4,,,,,,,,,1,2,Appartement,42,3,,,,,,2.125589,48.799633
2025-1007950,2025-03-05,000001,Vente,275000,26,B,RUE DE MONTREUIL,2000,78000,78646,Versailles,78,,,78646000AX0472,,,2,42.78,,,,,,,,,1,4,Local industriel. commercial ou assimilé,75,0,,,,,,2.144402,48.8048
2025-1007950,2025-03-05,000001,Vente,275000,26,B,RUE DE MONTREUIL,2000,78000,78646,Versailles,78,,,78646000AX0472,,,28,,,,,,,,,,1,4,Local industriel. commercial ou assimilé,11,0,,,,,,2.144402,48.8048
2025-1007963,2025-03-04,000001,Vente,228419,3,,RUE JEAN MERMOZ,1460,78000,78646,Versailles,78,,,78646000BN0166,,,1453,31.16,1511,,,,,,,,2,2,Appartement,31,1,,,,,,2.145036,48.797427
2025-1007963,2025-03-04,000001,Vente,228419,82,B,AV DE PARIS,2180,78000,78646,Versailles,78,,,78646000BN0166,,,1217,,,,,,,,,,1,3,Dépendance,,0,,,,,,2.145036,48.797427
2025-1007963,2025-03-04,000001,Vente,228419,3,,RUE JEAN MERMOZ,1460,78000,78646,Versailles,78,,,78646000BN0166,,,1453,31.16,1511,,,,,,,,2,3,Dépendance,,0,,,,,,2.145036,48.797427
2025-1007970,2025-03-07,000001,Vente,374000,17,,BD DU ROI,2641,78000,78646,Versailles,78,,,78646000AC0168,,,2,,21,,24,,,,,,3,3,Dépendance,,0,,,,,,2.125947,48.811478
2025-1007970,2025-03-07,000001,Vente,374000,17,,BD DU ROI,2641,78000,78646,Versailles,78,,,78646000AC0168,,,2,,21,,24,,,,,,3,2,Appartement,53,2,,,,,,2.125947,48.811478
2025-1007974,2025-03-06,000001,Vente,915000,21,B,RUE DU MARECHAL GALLIENI,1812,78000,78646,Versailles,78,,,78646000AC0005,,,2137,,,,,,,,,,1,3,Dépendance,,0,,,,,,2.123201,48.811375
2025-1007974,2025-03-06,000001,Vente,915000,3,,RUE DU MARECHAL GALLIENI,1812,78000,78646,Versailles,78,,,78646000AC0319,,,4,132.7,40,,,,,,,,2,2,Appartement,130,5,,,,,,2.123786,48.810073
2025-1007974,2025-03-06,000001,Vente,915000,3,,RUE DU MARECHAL GALLIENI,1812,78000,78646,Versailles,78,,,78646000AC0319,,,4,132.7,40,,,,,,,,2,3,Dépendance,,0,,,,,,2.123786,48.810073
2025-1007974,2025-03-06,000001,Vente,915000,3,,RUE DU MARECHAL GALLIENI,1812,78000,78646,Versailles,78,,,78646000AC0319,,,4,132.7,40,,,,,,,,2,3,Dépendance,,0,,,,,,2.123786,48.810073
2025-1007977,2025-03-04,000001,Vente,129000,35,,RUE DE L ORANGERIE,2110,78000,78646,Versailles,78,,,78646000AH0125,,,143,,144,,145,,,,,,3,2,Appartement,20,1,,,,,,2.124132,48.800032
2025-1007985,2025-03-10,000001,Vente,210000,17,T,RUE DU PONT COLBERT,2370,78000,78646,Versailles,78,,,78646000BI0022,,,371,42.03,,,,,,,,,1,2,Appartement,40,2,,,,,,2.149624,48.789909
2025-1007985,2025-03-10,000001,Vente,210000,17,T,RUE DU PONT COLBERT,2370,78000,78646,Versailles,78,,,78646000BI0022,,,371,42.03,,,,,,,,,1,3,Dépendance,,0,,,,,,2.149624,48.789909
2025-1007987,2025-03-10,000001,Vente,800000,33,,RUE DU MAL FOCH,1810,78000,78646,Versailles,78,,,78646000AE0432,,,73,,74,,75,,79,,80,,5,2,Appartement,145,7,,,,,,2.132245,48.807957
2025-1007991,2025-03-03,000001,Vente,254000,1,T,RUE DE FONTENAY,1050,78000,78646,Versailles,78,,,78646000AH0071,,,13,,28,,,,,,,,2,2,Appartement,40,2,,,,,,2.123445,48.801497
2025-1007991,2025-03-03,000001,Vente,254000,1,T,RUE DE FONTENAY,1050,78000,78646,Versailles,78,,,78646000AH0071,,,13,,28,,,,,,,,2,3,Dépendance,,0,,,,,,2.123445,48.801497
2025-1007998,2025-03-11,000001,Vente,582750,2,,RUE DES CONDAMINES,0690,78000,78646,Versailles,78,,,78646000BP0117,,,18,,22,,3,,,,,,3,2,Appartement,79,3,,,,,,2.145334,48.801078
2025-1007998,2025-03-11,000001,Vente,582750,2,,RUE DES CONDAMINES,0690,78000,78646,Versailles,78,,,78646000BP0117,,,18,,22,,3,,,,,,3,3,Dépendance,,0,,,,,,2.145334,48.801078
2025-1008067,2025-03-12,000001,Vente,344000,3,,RUE MOLIERE,1940,78000,78646,Versailles,78,,,78646000BL0334,,,1,52.98,,,,,,,,,1,3,Dépendance,,0,,,,,,2.147692,48.794842
2025-1008067,2025-03-12,000001,Vente,344000,3,,RUE MOLIERE,1940,78000,78646,Versailles,78,,,78646000BL0334,,,1,52.98,,,,,,,,,1,3,Dépendance,,0,,,,,,2.147692,48.794842
2025-1008067,2025-03-12,000001,Vente,344000,3,,RUE MOLIERE,1940,78000,78646,Versailles,78,,,78646000BL0334,,,1,52.98,,,,,,,,,1,2,Appartement,59,3,,,,,,2.147692,48.794842
2025-1008093,2025-03-11,000001,Vente,720000,16,,RUE DU PARC DE CLAGNY,2171,78000,78646,Versailles,78,,,78646000AP0099,,,81,,,,,,,,,,1,3,Dépendance,,0,,,,,,2.141446,48.81293
2025-1008093,2025-03-11,000001,Vente,720000,16,,RUE DU PARC DE CLAGNY,2171,78000,78646,Versailles,78,,,78646000AP0099,,,115,,37,114.18,,,,,,,2,2,Appartement,115,5,,,,,,2.141446,48.81293
2025-1008093,2025-03-11,000001,Vente,720000,16,,RUE DU PARC DE CLAGNY,2171,78000,78646,Versailles,78,,,78646000AP0099,,,115,,37,114.18,,,,,,,2,3,Dépendance,,0,,,,,,2.141446,48.81293
2025-1008093,2025-03-11,000001,Vente,720000,16,,RUE DU PARC DE CLAGNY,2171,78000,78646,Versailles,78,,,78646000AP0099,,,115,,37,114.18,,,,,,,2,3,Dépendance,,0,,,,,,2.141446,48.81293
2025-1008114,2025-02-20,000001,Vente,1480000,15,B,RUE DU PARC DE CLAGNY,2171,78000,78646,Versailles,78,,,78646000AK0217,,,2,,,,,,,,,,1,2,Appartement,137,5,,,,,,2.140182,48.810961
2025-1008184,2025-03-10,000001,Vente,379000,5,,RUE NEUVE NOTRE DAME,2040,78000,78646,Versailles,78,,,78646000AE0007,,,22,,,,,,,,,,1,3,Dépendance,,0,,,,,,2.126508,48.808971
2025-1008184,2025-03-10,000001,Vente,379000,5,,RUE NEUVE NOTRE DAME,2040,78000,78646,Versailles,78,,,78646000AE0007,,,10,,,,,,,,,,1,2,Appartement,54,3,,,,,,2.126508,48.808971
2025-1008184,2025-03-10,000001,Vente,379000,5,,RUE NEUVE NOTRE DAME,2040,78000,78646,Versailles,78,,,78646000AE0007,,,22,,,,,,,,,,1,3,Dépendance,,0,,,,,,2.126508,48.808971
2025-1008233,2025-03-14,000001,Vente,15300,18,,RUE DU PARC DE CLAGNY,2171,78000,78646,Versailles,78,,,78646000AP0097,,,287,,,,,,,,,,1,3,Dépendance,,0,,,,,,2.141563,48.813647
2025-1008239,2025-03-12,000001,Vente,22500,26,,RUE DU VIEUX VERSAILLES,3180,78000,78646,Versailles,78,,,78646000AH0120,,,104,,,,,,,,,,1,3,Dépendance,,0,,,,,,2.123455,48.800394
2025-1008261,2025-03-11,000001,Vente,250000,25,,RUE DU MAL JOFFRE,1820,78000,78646,Versailles,78,,,78646000BW0088,,,28,46.65,3,,,,,,,,2,2,Appartement,70,3,,,,,,2.121713,48.795048
2025-1008261,2025-03-11,000001,Vente,250000,25,,RUE DU MAL JOFFRE,1820,78000,78646,Versailles,78,,,78646000BW0088,,,28,46.65,3,,,,,,,,2,3,Dépendance,,0,,,,,,2.121713,48.795048
2025-1008266,2025-02-07,000001,Vente,48000,7,,RUE DE SATORY,2950,78000,78646,Versailles,78,,,78646000AH0149,,,3,,,,,,,,,,1,2,Appartement,9,1,,,,,,2.125471,48.800806
2025-1008284,2025-03-12,000001,Vente,650000,40,B,RUE ALBERT JOLY,0050,78000,78646,Versailles,78,,,78646000AR0063,,,23,,5,81.41,,,,,,,2,2,Appartement,80,4,,,,,,2.141071,48.809918
2025-1008291,2025-03-04,000001,Vente,330000,2,B,RUE DU PARC DE CLAGNY,2171,78000,78646,Versailles,78,,,78646000AR0094,,,20,58.05,32,,,,,,,,2,3,Dépendance,,0,,,,,,2.140261,48.808704
2025-1008291,2025-03-04,000001,Vente,330000,2,B,RUE DU PARC DE CLAGNY,2171,78000,78646,Versailles,78,,,78646000AR0094,,,20,58.05,32,,,,,,,,2,2,Appartement,62,3,,,,,,2.140261,48.808704
2025-1008298,2025-03-12,000001,Vente,418182,28,,RUE HENRI SIMON,1330,78000,78646,Versailles,78,,,78646000AW0006,,,408,80.61,468,,,,,,,,2,3,Dépendance,,0,,,,,,2.15013,48.808121
2025-1008298,2025-03-12,000001,Vente,418182,28,,RUE HENRI SIMON,1330,78000,78646,Versailles,78,,,78646000AW0006,,,1165,,1166,,,,,,,,2,3,Dépendance,,0,,,,,,2.15013,48.808121
2025-1008298,2025-03-12,000001,Vente,418182,28,,RUE HENRI SIMON,1330,78000,78646,Versailles,78,,,78646000AW0006,,,408,80.61,468,,,,,,,,2,2,Appartement,82,3,,,,,,2.15013,48.808121
2025-1008378,2025-03-07,000001,Vente,130000,5,,RUE D ANJOU,0190,78000,78646,Versailles,78,,,78646000BV0110,,,22,33.05,,,,,,,,,1,2,Appartement,31,2,,,,,,2.125292,48.797503
2025-1008385,2025-03-03,000001,Vente,290000,26,,RUE DU PARC DE CLAGNY,2171,78000,78646,Versailles,78,,,78646000AP0071,,,14,46.66,,,,,,,,,1,2,Appartement,162,5,,,,,,2.141869,48.81526
2025-1008385,2025-03-03,000001,Vente,290000,28,,RUE DU PARC DE CLAGNY,2171,78000,78646,Versailles,78,,,78646000AP0071,,,142,,,,,,,,,,1,3,Dépendance,,0,,,,,,2.141869,48.81526
2025-1008385,2025-03-03,000001,Vente,290000,26,,RUE DU PARC DE CLAGNY,2171,78000,78646,Versailles,78,,,78646000AP0071,,,14,46.66,,,,,,,,,1,3,Dépendance,,0,,,,,,2.141869,48.81526
2025-1008389,2025-03-17,000001,Vente,165300,105,B,BD DE LA REINE,2520,78000,78646,Versailles,78,,,78646000AK0199,,,18,,2,33.01,,,,,,,2,2,Appartement,43,1,,,,,,2.137251,48.808977
2025-1008389,2025-03-17,000001,Vente,165300,105,B,BD DE LA REINE,2520,78000,78646,Versailles,78,,,78646000AK0199,,,18,,2,33.01,,,,,,,2,3,Dépendance,,0,,,,,,2.137251,48.808977
2025-1008393,2025-03-19,000001,Vente,470000,12,,RUE ROYALE,2648,78000,78646,Versailles,78,,,78646000BV0092,,,30,,32,56.19,,,,,,,2,2,Appartement,45,3,,,,,,2.126707,48.79809
2025-1008395,2025-02-19,000001,Vente,435000,57,,BD DE LA REINE,2520,78000,78646,Versailles,78,,,78646000AD0484,,,118,50.91,,,,,,,,,1,3,Dépendance,,0,,,,,,2.129678,48.809534
2025-1008395,2025-02-19,000001,Vente,435000,57,,BD DE LA REINE,2520,78000,78646,Versailles,78,,,78646000AD0484,,,118,50.91,,,,,,,,,1,2,Appartement,35,1,,,,,,2.129678,48.809534
2025-1008395,2025-02-19,000001,Vente,435000,1,,RUE SAINTE ADELAIDE,2670,78000,78646,Versailles,78,,,78646000AD0485,,,5,,,,,,,,,,1,3,Dépendance,,0,,,,,,2.129783,48.809647
2025-1008452,2025-03-04,000001,Vente,751000,26,T,RUE DE MONTREUIL,2000,78000,78646,Versailles,78,,,78646000AX0320,,,10,,11,,4,147.21,7,,,,4,4,Local industriel. commercial ou assimilé,159,0,,,,,,2.144693,48.804729
2025-1008452,2025-03-04,000001,Vente,751000,26,T,RUE DE MONTREUIL,2000,78000,78646,Versailles,78,,,78646000AX0320,,,16,,,,,,,,,,1,3,Dépendance,,0,,,,,,2.144693,48.804729
2025-1008471,2025-03-05,000001,Vente,252273,21,,RUE DE MONTREUIL,2000,78000,78646,Versailles,78,,,78646000AX0289,,,5,72.47,6,,8,,,,,,3,3,Dépendance,,0,,,,,,2.14366,48.805327
2025-1008471,2025-03-05,000001,Vente,252273,21,,RUE DE MONTREUIL,2000,78000,78646,Versailles,78,,,78646000AX0289,,,5,72.47,6,,8,,,,,,3,2,Appartement,90,4,,,,,,2.14366,48.805327
2025-1008472,2025-03-14,000001,Vente,549070,9,,AV DES ETATS UNIS,0990,78000,78646,Versailles,78,,,78646000AX0490,,,118,,,,,,,,,,1,3,Dépendance,,0,,,,,,2.142342,48.80702
2025-1008472,2025-03-14,000001,Vente,549070,9,,AV DES ETATS UNIS,0990,78000,78646,Versailles,78,,,78646000AX0490,,,141,77.32,54,,,,,,,,2,2,Appartement,78,3,,,,,,2.142342,48.80702
2025-1008472,2025-03-14,000001,Vente,549070,9,,AV DES ETATS UNIS,0990,78000,78646,Versailles,78,,,78646000AX0490,,,141,77.32,54,,,,,,,,2,3,Dépendance,,0,,,,,,2.142342,48.80702
2025-1008476,2025-02-27,000001,Vente,31880,9,,RUE DU PARC DE CLAGNY,2171,78000,78646,Versailles,78,,,78646000AK0183,,,42,27.36,8,,,,,,,,2,2,Appartement,31,1,,,,,,2.139976,48.809983
2025-1008485,2025-03-13,000001,Vente,298350,10,,RUE MONTBAURON,1970,78000,78646,Versailles,78,,,78646000BP0240,,,38,,42,,,,,,,,2,2,Appartement,48,3,,,,,,2.135413,48.803577
2025-1008485,2025-03-13,000001,Vente,298350,10,,RUE MONTBAURON,1970,78000,78646,Versailles,78,,,78646000BP0240,,,38,,42,,,,,,,,2,3,Dépendance,,0,,,,,,2.135413,48.803577
2025-1008487,2025-03-19,000001,Vente,360000,1,,ALL LA BRUYERE,1557,78000,78646,Versailles,78,,,78646000AO0205,,,1730,,,,,,,,,,1,3,Dépendance,,0,,,,,,2.146857,48.813978
2025-1008487,2025-03-19,000001,Vente,360000,5,,ALL LA BRUYERE,1557,78000,78646,Versailles,78,,,78646000AO0205,,,1387,,1587,,,,,,,,2,3,Dépendance,,0,,,,,,2.146857,48.813978
2025-1008487,2025-03-19,000001,Vente,360000,5,,ALL LA BRUYERE,1557,78000,78646,Versailles,78,,,78646000AO0205,,,1387,,1587,,,,,,,,2,3,Dépendance,,0,,,,,,2.146857,48.813978
2025-1008487,2025-03-19,000001,Vente,360000,5,,ALL LA BRUYERE,1557,78000,78646,Versailles,78,,,78646000AO0205,,,1387,,1587,,,,,,,,2,2,Appartement,64,3,,,,,,2.146857,48.813978
2025-1008489,2025-03-14,000001,Vente,1739530,8,,RUE JACQUES LEMERCIER,1420,78000,78646,Versailles,78,,,78646000AO0012,,,,,,,,,,,,,0,1,Maison,111,7,S,sols,,,505,2.146963,48.814366
2025-1008489,2025-03-14,000001,Vente,1739530,8,,RUE JACQUES LEMERCIER,1420,78000,78646,Versailles,78,,,78646000AO0012,,,,,,,,,,,,,0,1,Maison,111,7,AG,terrains d'agrément,,,1060,2.146963,48.814366
2025-1008490,2025-03-12,000001,Vente,190000,84,,RUE ROYALE,2648,78000,78646,Versailles,78,,,78646000BW0111,,,15,,,,,,,,,,1,3,Dépendance,,0,,,,,,2.124311,48.794563
2025-1008490,2025-03-12,000001,Vente,190000,84,,RUE ROYALE,2648,78000,78646,Versailles,78,,,78646000BW0111,,,5,,,,,,,,,,1,2,Appartement,32,2,,,,,,2.124311,48.794563
2025-1008490,2025-03-12,000001,Vente,190000,84,,RUE ROYALE,2648,78000,78646,Versailles,78,,,78646000BW0111,,,16,,,,,,,,,,1,3,Dépendance,,0,,,,,,2.124311,48.794563
2025-1008535,2025-03-17,000001,Vente,18000,82,B,AV DE PARIS,2180,78000,78646,Versailles,78,,,78646000BN0166,,,1139,,,,,,,,,,1,3,Dépendance,,0,,,,,,2.145036,48.797427
2025-1008555,2025-03-24,000001,Vente,383100,27,,RUE JACQUES LEMERCIER,1420,78000,78646,Versailles,78,,,78646000AO0064,,,103,69.42,104,,,,,,,,2,3,Dépendance,,0,,,,,,2.148415,48.815728
2025-1008555,2025-03-24,000001,Vente,383100,27,,RUE JACQUES LEMERCIER,1420,78000,78646,Versailles,78,,,78646000AO0064,,,103,69.42,104,,,,,,,,2,2,Appartement,67,3,,,,,,2.148415,48.815728
2025-1008596,2025-03-14,000001,Vente,570000,2,,ALL DES GARDES ROYALES,1136,78000,78646,Versailles,78,,,78646000AY0212,,,1282,,,,,,,,,,1,3,Dépendance,,0,,,,,,2.151214,48.802177
2025-1008596,2025-03-14,000001,Vente,570000,10,,ALL DES GARDES ROYALES,1136,78000,78646,Versailles,78,,,78646000AY0212,,,508,93.52,532,,,,,,,,2,3,Dépendance,,0,,,,,,2.151214,48.802177
2025-1008596,2025-03-14,000001,Vente,570000,10,,ALL DES GARDES ROYALES,1136,78000,78646,Versailles,78,,,78646000AY0212,,,508,93.52,532,,,,,,,,2,2,Appartement,90,4,,,,,,2.151214,48.802177
2025-1008596,2025-03-14,000001,Vente,570000,10,,ALL DES GARDES ROYALES,1136,78000,78646,Versailles,78,,,78646000AY0212,,,508,93.52,532,,,,,,,,2,3,Dépendance,,0,,,,,,2.151214,48.802177
2025-1008597,2025-02-28,000004,Vente,639538.5,5,,IMP DES GENDARMES,1140,78000,78646,Versailles,78,,,78646000BR0007,,,6,,,,,,,,,,1,4,Local industriel. commercial ou assimilé,115,0,,,,,,2.131407,48.80069
2025-1008597,2025-02-28,000004,Vente,639538.5,5,,IMP DES GENDARMES,1140,78000,78646,Versailles,78,,,78646000BR0007,,,11,,12,,5,,,,,,3,4,Local industriel. commercial ou assimilé,141,0,,,,,,2.131407,48.80069
2025-1008597,2025-02-28,000004,Vente,639538.5,5,,IMP DES GENDARMES,1140,78000,78646,Versailles,78,,,78646000BR0007,,,7,,,,,,,,,,1,3,Dépendance,,0,,,,,,2.131407,48.80069
2025-1008600,2025-03-24,000001,Vente,1155000,27,,RUE SAINT CHARLES,2710,78000,78646,Versailles,78,,,78646000AX0381,,,,,,,,,,,,,0,1,Maison,132,7,S,sols,,,221,2.148638,48.802766
2025-1008638,2025-03-20,000001,Vente,150000,33,,RUE SAINT HONORE,2780,78000,78646,Versailles,78,,,78646000BV0161,,,11,,35,16.03,,,,,,,2,3,Dépendance,,0,,,,,,2.124283,48.796363
2025-1008638,2025-03-20,000001,Vente,150000,33,,RUE SAINT HONORE,2780,78000,78646,Versailles,78,,,78646000BV0161,,,11,,35,16.03,,,,,,,2,2,Appartement,20,1,,,,,,2.124283,48.796363
2025-1008650,2025-03-25,000001,Vente,502900,25,,RUE DU MAL FOCH,1810,78000,78646,Versailles,78,,,78646000AE0071,,,17,75.38,,,,,,,,,1,2,Appartement,79,4,,,,,,2.132239,48.80751
2025-1008660,2025-03-26,000001,Vente,275585,20,,RUE DES TOURNELLES,3050,78000,78646,Versailles,78,,,78646000BT0025,,,12,,21,,,,,,,,2,3,Dépendance,,0,,,,,,2.12771,48.797665
2025-1008660,2025-03-26,000001,Vente,275585,20,,RUE DES TOURNELLES,3050,78000,78646,Versailles,78,,,78646000BT0025,,,12,,21,,,,,,,,2,2,Appartement,34,2,,,,,,2.12771,48.797665
2025-1008687,2025-03-24,000001,Vente,258400,19,,RUE CARNOT,0440,78000,78646,Versailles,78,,,78646000AE0225,,,17,37.43,25,,30,,,,,,3,2,Appartement,33,2,,,,,,2.129003,48.805961
2025-1008687,2025-03-24,000001,Vente,258400,19,,RUE CARNOT,0440,78000,78646,Versailles,78,,,78646000AE0225,,,17,37.43,25,,30,,,,,,3,3,Dépendance,,0,,,,,,2.129003,48.805961
2025-1008718,2025-03-18,000001,Vente,680000,9,,PL ALEXANDRE 1E LOUIS BARTHOU,0100,78000,78646,Versailles,78,,,78646000AX0489,,,209,98.5,92,,,,,,,,2,2,Appartement,98,4,,,,,,2.140761,48.806449
2025-1008718,2025-03-18,000001,Vente,680000,9,,PL ALEXANDRE 1E LOUIS BARTHOU,0100,78000,78646,Versailles,78,,,78646000AX0489,,,64,,,,,,,,,,1,3,Dépendance,,0,,,,,,2.140761,48.806449
2025-1008718,2025-03-18,000001,Vente,680000,9,,PL ALEXANDRE 1E LOUIS BARTHOU,0100,78000,78646,Versailles,78,,,78646000AX0489,,,209,98.5,92,,,,,,,,2,3,Dépendance,,0,,,,,,2.140761,48.806449
2025-1008739,2025-03-24,000001,Vente,343000,83,,BD DE LA REINE,2520,78000,78646,Versailles,78,,,78646000AK0211,,,19,50.32,20,,,,,,,,2,4,Local industriel. commercial ou assimilé,43,0,,,,,,2.134128,48.809181
2025-1008742,2025-03-03,000001,Vente,95250,24,,RUE DE MONTREUIL,2000,78000,78646,Versailles,78,,,78646000AX0323,,,20,,5,,,,,,,,2,2,Appartement,17,1,,,,,,2.144187,48.804756
2025-1008756,2025-03-24,000001,Vente,419420,1,,AV DE PORCHEFONTAINE,2380,78000,78646,Versailles,78,,,78646000BD0147,,,61,,,,,,,,,,1,3,Dépendance,,0,,,,,,2.154028,48.797563
2025-1008756,2025-03-24,000001,Vente,419420,1,,AV DE PORCHEFONTAINE,2380,78000,78646,Versailles,78,,,78646000BD0147,,,16,61.57,,,,,,,,,1,2,Appartement,63,3,,,,,,2.154028,48.797563
2025-1008774,2025-03-10,000001,Vente,291000,52,,AV DE VILLENEUVE L ETANG,3200,78000,78646,Versailles,78,,,78646000AO0195,,,1650,,,,,,,,,,1,3,Dépendance,,0,,,,,,2.148734,48.818785
2025-1008774,2025-03-10,000001,Vente,291000,52,,AV DE VILLENEUVE L ETANG,3200,78000,78646,Versailles,78,,,78646000AO0195,,,1302,40.55,1784,,,,,,,,2,2,Appartement,41,2,,,,,,2.148734,48.818785
2025-1008791,2025-03-06,000001,Vente,333400,14,,RUE MONTBAURON,1970,78000,78646,Versailles,78,,,78646000BP0017,,,26,,33,,34,,88,45.75,,,4,3,Dépendance,,0,,,,,,2.135632,48.803902
2025-1008791,2025-03-06,000001,Vente,333400,14,,RUE MONTBAURON,1970,78000,78646,Versailles,78,,,78646000BP0017,,,26,,33,,34,,88,45.75,,,4,2,Appartement,44,3,,,,,,2.135632,48.803902
2025-1008791,2025-03-06,000001,Vente,333400,14,,RUE MONTBAURON,1970,78000,78646,Versailles,78,,,78646000BP0017,,,26,,33,,34,,88,45.75,,,4,3,Dépendance,,0,,,,,,2.135632,48.803902
2025-1008830,2025-03-20,000001,Vente,530000,64,,RUE DES CHANTIERS,0530,78000,78646,Versailles,78,,,78646000BL0326,,,199,,200,,227,,228,,229,,6,4,Local industriel. commercial ou assimilé,157,0,,,,,,2.143523,48.792624
2025-1008830,2025-03-20,000001,Vente,530000,64,,RUE DES CHANTIERS,0530,78000,78646,Versailles,78,,,78646000BL0326,,,417,,,,,,,,,,1,4,Local industriel. commercial ou assimilé,12,0,,,,,,2.143523,48.792624
2025-1008830,2025-03-20,000001,Vente,530000,64,,RUE DES CHANTIERS,0530,78000,78646,Versailles,78,,,78646000BL0326,,,380,,,,,,,,,,1,4,Local industriel. commercial ou assimilé,10,0,,,,,,2.143523,48.792624
2025-1008835,2025-03-24,000001,Vente,490700,4,,RUE MENARD,1890,78000,78646,Versailles,78,,,78646000BR0014,,,5,,,,,,,,,,1,2,Appartement,70,4,,,,,,2.131574,48.800512
2025-1008835,2025-03-24,000001,Vente,490700,4,,RUE MENARD,1890,78000,78646,Versailles,78,,,78646000BR0014,,,5,,,,,,,,,,1,3,Dépendance,,0,,,,,,2.131574,48.800512
2025-1008859,2025-03-27,000001,Vente,987000,5,,RUE CHAMP LAGARDE,0490,78000,78646,Versailles,78,,,78646000BP0207,,,11,199,50,,,,,,,,2,3,Dépendance,,0,,,,,,2.144353,48.801239
2025-1008859,2025-03-27,000001,Vente,987000,5,,RUE CHAMP LAGARDE,0490,78000,78646,Versailles,78,,,78646000BP0207,,,10,199.02,49,,,,,,,,2,2,Appartement,95,3,,,,,,2.144353,48.801239
2025-1008859,2025-03-27,000001,Vente,987000,5,,RUE CHAMP LAGARDE,0490,78000,78646,Versailles,78,,,78646000BP0207,,,11,199,50,,,,,,,,2,2,Appartement,112,5,,,,,,2.144353,48.801239
2025-1008859,2025-03-27,000001,Vente,987000,5,,RUE CHAMP LAGARDE,0490,78000,78646,Versailles,78,,,78646000BP0207,,,101,,,,,,,,,,1,3,Dépendance,,0,,,,,,2.144353,48.801239
2025-1008859,2025-03-27,000001,Vente,987000,5,,RUE CHAMP LAGARDE,0490,78000,78646,Versailles,78,,,78646000BP0207,,,100,,,,,,,,,,1,3,Dépendance,,0,,,,,,2.144353,48.801239
2025-1008859,2025-03-27,000001,Vente,987000,5,,RUE CHAMP LAGARDE,0490,78000,78646,Versailles,78,,,78646000BP0207,,,11,199,50,,,,,,,,2,3,Dépendance,,0,,,,,,2.144353,48.801239
2025-1008859,2025-03-27,000001,Vente,987000,5,,RUE CHAMP LAGARDE,0490,78000,78646,Versailles,78,,,78646000BP0207,,,10,199.02,49,,,,,,,,2,3,Dépendance,,0,,,,,,2.144353,48.801239
2025-1008859,2025-03-27,000001,Vente,987000,5,,RUE CHAMP LAGARDE,0490,78000,78646,Versailles,78,,,78646000BP0207,,,10,199.02,49,,,,,,,,2,3,Dépendance,,0,,,,,,2.144353,48.801239
2025-1008864,2025-03-03,000001,Vente,349600,58,,AV DE PARIS,2180,78000,78646,Versailles,78,,,78646000BN0004,,,20,,8,,,,,,,,2,3,Dépendance,,0,,,,,,2.138521,48.799382
2025-1008864,2025-03-03,000001,Vente,349600,58,,AV DE PARIS,2180,78000,78646,Versailles,78,,,78646000BN0004,,,20,,8,,,,,,,,2,2,Appartement,61,3,,,,,,2.138521,48.799382
2025-1008889,2025-02-19,000001,Vente,169600,8,,AV DU GEN DE GAULLE,1143,78000,78646,Versailles,78,,,78646000AH0225,,,46,,91,,,,,,,,2,3,Dépendance,,0,,,,,,2.128298,48.801276
2025-1008889,2025-02-19,000001,Vente,169600,8,,AV DU GEN DE GAULLE,1143,78000,78646,Versailles,78,,,78646000AH0225,,,46,,91,,,,,,,,2,2,Appartement,51,2,,,,,,2.128298,48.801276
2025-1008889,2025-02-19,000001,Vente,169600,12,,AV DU GEN DE GAULLE,1143,78000,78646,Versailles,78,,,78646000AH0225,,,165,,,,,,,,,,1,3,Dépendance,,0,,,,,,2.128298,48.801276
2025-1008895,2025-03-19,000001,Vente,620800,108,,BD DE LA REINE,2520,78000,78646,Versailles,78,,,78646000AX0037,,,220,,,,,,,,,,1,3,Dépendance,,0,,,,,,2.142871,48.807658
2025-1008895,2025-03-19,000001,Vente,620800,108,,BD DE LA REINE,2520,78000,78646,Versailles,78,,,78646000AX0037,,,320,,86,80.46,,,,,,,2,3,Dépendance,,0,,,,,,2.142871,48.807658
2025-1008895,2025-03-19,000001,Vente,620800,108,,BD DE LA REINE,2520,78000,78646,Versailles,78,,,78646000AX0037,,,320,,86,80.46,,,,,,,2,2,Appartement,80,4,,,,,,2.142871,48.807658
2025-1008955,2025-03-19,000001,Vente,561000,32,,RUE DU MAL JOFFRE,1820,78000,78646,Versailles,78,,,78646000BW0207,,,1,,17,86.36,,,,,,,2,3,Dépendance,,0,,,,,,2.119719,48.794497
2025-1008955,2025-03-19,000001,Vente,561000,32,,RUE DU MAL JOFFRE,1820,78000,78646,Versailles,78,,,78646000BW0207,,,1,,17,86.36,,,,,,,2,2,Appartement,83,4,,,,,,2.119719,48.794497
2025-1008955,2025-03-19,000001,Vente,561000,32,,RUE DU MAL JOFFRE,1820,78000,78646,Versailles,78,,,78646000BW0207,,,108,,,,,,,,,,1,3,Dépendance,,0,,,,,,2.119719,48.794497
2025-1008955,2025-03-19,000001,Vente,561000,32,,RUE DU MAL JOFFRE,1820,78000,78646,Versailles,78,,,78646000BW0207,,,183,,,,,,,,,,1,3,Dépendance,,0,,,,,,2.119719,48.794497
2025-1008959,2025-03-14,000001,Vente,446000,3,B,RUE DES MOINES,1930,78000,78646,Versailles,78,,,78646000BK0270,,,,,,,,,,,,,0,1,Maison,95,5,S,sols,,,190,2.153241,48.794055
2025-1008987,2025-03-04,000001,Vente,1724130,18,,RUE EDOUARD CHARTON,0890,78000,78646,Versailles,78,,,78646000BT0159,,,15,,,,,,,,,,1,3,Dépendance,,0,,,,,,2.129773,48.794796
2025-1008987,2025-03-04,000001,Vente,1724130,12,,RUE DES TOURNELLES,3050,78000,78646,Versailles,78,,,78646000BV0117,,,,,,,,,,,,,0,4,Local industriel. commercial ou assimilé,322,0,S,sols,,,198,2.126541,48.798106
2025-1008995,2025-03-07,000001,Vente,1650000,13,B,AV DU MAL DOUGLAS HAIG,1795,78000,78646,Versailles,78,,,78646000AM0318,,,,,,,,,,,,,0,1,Maison,44,3,S,sols,,,68,2.145419,48.818117
2025-1008995,2025-03-07,000001,Vente,1650000,17,,AV DU MAL DOUGLAS HAIG,1795,78000,78646,Versailles,78,,,78646000AM0524,,,,,,,,,,,,,0,,,,,S,sols,,,61,2.145202,48.818253
2025-1008995,2025-03-07,000001,Vente,1650000,15,,AV DU MAL DOUGLAS HAIG,1795,78000,78646,Versailles,78,,,78646000AM0525,,,,,,,,,,,,,0,1,Maison,170,5,AG,terrains d'agrément,,,550,2.145319,48.81825
2025-1008995,2025-03-07,000001,Vente,1650000,15,,AV DU MAL DOUGLAS HAIG,1795,78000,78646,Versailles,78,,,78646000AM0525,,,,,,,,,,,,,0,1,Maison,170,5,S,sols,,,400,2.145319,48.81825
2025-1009009,2025-03-14,000001,Vente,15000,64,,RUE DES CHANTIERS,0530,78000,78646,Versailles,78,,,78646000BL0326,,,328,,,,,,,,,,1,3,Dépendance,,0,,,,,,2.143523,48.792624
2025-1009027,2025-03-20,000001,Vente,450000,1,,PL SAINT LOUIS,2820,78000,78646,Versailles,78,,,78646000BV0060,,,1,64.34,,,,,,,,,1,4,Local industriel. commercial ou assimilé,51,0,,,,,,2.125048,48.799116
2025-1009031,2025-03-25,000001,Vente,399000,35,,AV DE PARIS,2180,78000,78646,Versailles,78,,,78646000BP0145,,,21,,31,,7,43.19,,,,,3,3,Dépendance,,0,,,,,,2.138507,48.80073
2025-1009043,2025-04-01,000001,Vente,345000,29,B,RUE DE NOAILLES,2050,78000,78646,Versailles,78,,,78646000BS0019,,,16,,,,,,,,,,1,4,Local industriel. commercial ou assimilé,15,0,,,,,,2.133774,48.79749
2025-1009043,2025-04-01,000001,Vente,345000,29,B,RUE DE NOAILLES,2050,78000,78646,Versailles,78,,,78646000BS0019,,,67,50.24,,,,,,,,,1,4,Local industriel. commercial ou assimilé,56,0,,,,,,2.133774,48.79749
2025-1009060,2025-03-27,000001,Vente,209250,25,,RUE MONTEBELLO,1980,78000,78646,Versailles,78,,,78646000AK0018,,,172,,,,,,,,,,1,3,Dépendance,,0,,,,,,2.138525,48.812549
2025-1009060,2025-03-27,000001,Vente,209250,25,,RUE MONTEBELLO,1980,78000,78646,Versailles,78,,,78646000AK0018,,,172,,,,,,,,,,1,3,Dépendance,,0,,,,,,2.138525,48.812549
2025-1009070,2025-03-31,000001,Vente,171000,44,,RUE ALBERT SARRAUT,0080,78000,78646,Versailles,78,,,78646000BK0232,,,176,,25,,,,,,,,2,3,Dépendance,,0,,,,,,2.14982,48.795098
2025-1009070,2025-03-31,000001,Vente,171000,44,,RUE ALBERT SARRAUT,0080,78000,78646,Versailles,78,,,78646000BK0232,,,176,,25,,,,,,,,2,2,Appartement,41,1,,,,,,2.14982,48.795098
2025-1009077,2025-03-05,000001,Vente,75000,25,,RUE DE LA PAROISSE,2190,78000,78646,Versailles,78,,,78646000AE0140,,,3,24.84,,,,,,,,,1,3,Dépendance,,0,,,,,,2.127862,48.807959
2025-1009082,2025-03-27,000001,Vente,452000,5,,AV DE LA TRANQUILLITE,3055,78000,78646,Versailles,78,,,78646000AZ0110,,,591,,,,,,,,,,1,3,Dépendance,,0,,,,,,2.158672,48.8041
2025-1009082,2025-03-27,000001,Vente,452000,5,,AV DE LA TRANQUILLITE,3055,78000,78646,Versailles,78,,,78646000AZ0110,,,798,,,,,,,,,,1,2,Appartement,117,5,,,,,,2.158672,48.8041
2025-1009082,2025-03-27,000001,Vente,452000,5,,RUE DE L ECOLE DES POSTES,0850,78000,78646,Versailles,78,,,78646000AZ0110,,,3410,,,,,,,,,,1,3,Dépendance,,0,,,,,,2.158672,48.8041
2025-1009082,2025-03-27,000001,Vente,452000,5,,AV DE LA TRANQUILLITE,3055,78000,78646,Versailles,78,,,78646000AZ0110,,,798,,,,,,,,,,1,3,Dépendance,,0,,,,,,2.158672,48.8041
2025-1009089,2025-03-21,000001,Vente,487609,3,,BD JEUX OLYMPIQUES,1495,78000,78646,Versailles,78,,,78646000AZ0110,,,1039,,884,,,,,,,,2,3,Dépendance,,0,,,,,,2.158672,48.8041
2025-1009089,2025-03-21,000001,Vente,487609,3,,BD JEUX OLYMPIQUES,1495,78000,78646,Versailles,78,,,78646000AZ0110,,,1039,,884,,,,,,,,2,3,Dépendance,,0,,,,,,2.158672,48.8041
2025-1009089,2025-03-21,000001,Vente,487609,5,,RUE DE L ECOLE DES POSTES,0850,78000,78646,Versailles,78,,,78646000AZ0110,,,3432,,,,,,,,,,1,3,Dépendance,,0,,,,,,2.158672,48.8041
2025-1009089,2025-03-21,000001,Vente,487609,3,,BD JEUX OLYMPIQUES,1495,78000,78646,Versailles,78,,,78646000AZ0110,,,1039,,884,,,,,,,,2,2,Appartement,81,3,,,,,,2.158672,48.8041
2025-1009098,2025-03-21,000001,Vente,262000,8,B,RUE VICTOR BART,3160,78000,78646,Versailles,78,,,78646000AR0035,,,43,41.39,47,,,,,,,,2,2,Appartement,57,4,,,,,,2.143652,48.810343
2025-1009098,2025-03-21,000001,Vente,262000,8,B,RUE VICTOR BART,3160,78000,78646,Versailles,78,,,78646000AR0035,,,43,41.39,47,,,,,,,,2,2,Appartement,57,4,,,,,,2.143652,48.810343
2025-1009098,2025-03-21,000001,Vente,262000,8,B,RUE VICTOR BART,3160,78000,78646,Versailles,78,,,78646000AR0035,,,43,41.39,47,,,,,,,,2,3,Dépendance,,0,,,,,,2.143652,48.810343
2025-1009098,2025-03-21,000001,Vente,262000,8,B,RUE VICTOR BART,3160,78000,78646,Versailles,78,,,78646000AR0035,,,43,41.39,47,,,,,,,,2,2,Appartement,30,2,,,,,,2.143652,48.810343
2025-1009098,2025-03-21,000001,Vente,262000,8,B,RUE VICTOR BART,3160,78000,78646,Versailles,78,,,78646000AR0035,,,43,41.39,47,,,,,,,,2,3,Dépendance,,0,,,,,,2.143652,48.810343
2025-1009098,2025-03-21,000001,Vente,262000,8,B,RUE VICTOR BART,3160,78000,78646,Versailles,78,,,78646000AR0035,,,43,41.39,47,,,,,,,,2,2,Appartement,30,2,,,,,,2.143652,48.810343
2025-1009142,2025-03-31,000001,Vente,138500,9,,RUE PHILIPPE DE DANGEAU,2255,78000,78646,Versailles,78,,,78646000AI0058,,,150,,151,,152,,,,,,3,2,Appartement,10,1,,,,,,2.13392,48.803575
2025-1009142,2025-03-31,000001,Vente,138500,9,,RUE PHILIPPE DE DANGEAU,2255,78000,78646,Versailles,78,,,78646000AI0058,,,153,,,,,,,,,,1,3,Dépendance,,0,,,,,,2.13392,48.803575
2025-1009173,2025-03-26,000001,Vente,133250,17,,RUE ROYALE,2648,78000,78646,Versailles,78,,,78646000BT0010,,,27,,36,,,,,,,,2,2,Appartement,22,1,,,,,,2.127578,48.798258
2025-1009200,2025-03-28,000001,Vente,17200,82,B,AV DE PARIS,2180,78000,78646,Versailles,78,,,78646000BN0166,,,1143,,,,,,,,,,1,3,Dépendance,,0,,,,,,2.145036,48.797427
2025-1009203,2025-03-13,000001,Vente,990000,12,,RUE ALBERT JOLY,0050,78000,78646,Versailles,78,,,78646000AK0148,,,16,,,,,,,,,,1,3,Dépendance,,0,,,,,,2.136491,48.810383
2025-1009203,2025-03-13,000001,Vente,990000,12,,RUE ALBERT JOLY,0050,78000,78646,Versailles,78,,,78646000AK0148,,,10,,17,,20,,9,152.5,,,4,3,Dépendance,,0,,,,,,2.136491,48.810383
2025-1009203,2025-03-13,000001,Vente,990000,12,,RUE ALBERT JOLY,0050,78000,78646,Versailles,78,,,78646000AK0148,,,15,,,,,,,,,,1,3,Dépendance,,0,,,,,,2.136491,48.810383
2025-1009203,2025-03-13,000001,Vente,990000,12,,RUE ALBERT JOLY,0050,78000,78646,Versailles,78,,,78646000AK0148,,,14,,,,,,,,,,1,3,Dépendance,,0,,,,,,2.136491,48.810383
2025-1009203,2025-03-13,000001,Vente,990000,12,,RUE ALBERT JOLY,0050,78000,78646,Versailles,78,,,78646000AK0148,,,10,,17,,20,,9,152.5,,,4,3,Dépendance,,0,,,,,,2.136491,48.810383
2025-1009203,2025-03-13,000001,Vente,990000,12,,RUE ALBERT JOLY,0050,78000,78646,Versailles,78,,,78646000AK0148,,,10,,17,,20,,9,152.5,,,4,2,Appartement,126,5,,,,,,2.136491,48.810383
2025-1009208,2025-03-31,000001,Vente,240000,3,,RUE DE L ABBE ROUSSEAUX,0020,78000,78646,Versailles,78,,,78646000BS0056,,,74,,,,,,,,,,1,3,Dépendance,,0,,,,,,2.136312,48.796463
2025-1009208,2025-03-31,000001,Vente,240000,3,,RUE DE L ABBE ROUSSEAUX,0020,78000,78646,Versailles,78,,,78646000BS0056,,,31,,56,,,,,,,,2,2,Appartement,45,2,,,,,,2.136312,48.796463
2025-1009208,2025-03-31,000001,Vente,240000,3,,RUE DE L ABBE ROUSSEAUX,0020,78000,78646,Versailles,78,,,78646000BS0056,,,31,,56,,,,,,,,2,3,Dépendance,,0,,,,,,2.136312,48.796463
2025-1009222,2025-03-07,000001,Vente,718100,13,,RUE DU GENERAL PERSHING,1170,78000,78646,Versailles,78,,,78646000AO0068,,,521,,,,,,,,,,1,3,Dépendance,,0,,,,,,2.148928,48.817113
2025-1009222,2025-03-07,000001,Vente,718100,13,,RUE DU GENERAL PERSHING,1170,78000,78646,Versailles,78,,,78646000AO0068,,,116,,,,,,,,,,1,2,Appartement,105,4,,,,,,2.148928,48.817113
2025-1009222,2025-03-07,000001,Vente,718100,13,,RUE DU GENERAL PERSHING,1170,78000,78646,Versailles,78,,,78646000AO0068,,,520,,,,,,,,,,1,3,Dépendance,,0,,,,,,2.148928,48.817113
2025-1009222,2025-03-07,000001,Vente,718100,13,,RUE DU GENERAL PERSHING,1170,78000,78646,Versailles,78,,,78646000AO0068,,,116,,,,,,,,,,1,3,Dépendance,,0,,,,,,2.148928,48.817113
2025-1009265,2025-03-14,000001,Vente,112000,28,,RUE SAINTE ADELAIDE,2670,78000,78646,Versailles,78,,,78646000AD0265,,,3,,,,,,,,,,1,3,Dépendance,,0,,,,,,2.130833,48.81227
2025-1009265,2025-03-14,000001,Vente,112000,28,,RUE SAINTE ADELAIDE,2670,78000,78646,Versailles,78,,,78646000AD0265,,,1,,,,,,,,,,1,3,Dépendance,,0,,,,,,2.130833,48.81227
2025-1009265,2025-03-14,000001,Vente,112000,28,,RUE SAINTE ADELAIDE,2670,78000,78646,Versailles,78,,,78646000AD0265,,,2,,,,,,,,,,1,3,Dépendance,,0,,,,,,2.130833,48.81227
2025-1009265,2025-03-14,000001,Vente,112000,28,,RUE SAINTE ADELAIDE,2670,78000,78646,Versailles,78,,,78646000AD0265,,,4,,,,,,,,,,1,3,Dépendance,,0,,,,,,2.130833,48.81227
2025-1009280,2025-03-14,000001,Vente,220000,58,,RUE ALBERT JOLY,0050,78000,78646,Versailles,78,,,78646000AR0053,,,103,,32,,,,,,,,2,3,Dépendance,,0,,,,,,2.143711,48.809427
2025-1009280,2025-03-14,000001,Vente,220000,58,,RUE ALBERT JOLY,0050,78000,78646,Versailles,78,,,78646000AR0053,,,170,,,,,,,,,,1,3,Dépendance,,0,,,,,,2.143711,48.809427
2025-1009280,2025-03-14,000001,Vente,220000,58,,RUE ALBERT JOLY,0050,78000,78646,Versailles,78,,,78646000AR0053,,,103,,32,,,,,,,,2,2,Appartement,18,1,,,,,,2.143711,48.809427
2025-1009304,2025-03-28,000001,Vente,570800,27,,RUE SAINTE VICTOIRE,2920,78000,78646,Versailles,78,,,78646000AD0257,,,20,74.15,,,,,,,,,1,2,Appartement,73,2,,,,,,2.131886,48.812336
2025-1009304,2025-03-28,000001,Vente,570800,27,,RUE SAINTE VICTOIRE,2920,78000,78646,Versailles,78,,,78646000AD0257,,,25,,,,,,,,,,1,3,Dépendance,,0,,,,,,2.131886,48.812336
2025-1009304,2025-03-28,000001,Vente,570800,27,,RUE SAINTE VICTOIRE,2920,78000,78646,Versailles,78,,,78646000AD0257,,,20,74.15,,,,,,,,,1,3,Dépendance,,0,,,,,,2.131886,48.812336
2025-1009341,2025-03-14,000001,Vente,10630,9,,RUE DU PARC DE CLAGNY,2171,78000,78646,Versailles,78,,,78646000AK0183,,,42,,8,,,,,,,,2,2,Appartement,31,1,,,,,,2.139976,48.809983
2025-1009369,2025-03-05,000001,Vente,100100,36,,RUE D ANGIVILLER,0170,78000,78646,Versailles,78,,,78646000AD0408,,,7,11.76,,,,,,,,,1,3,Dépendance,,0,,,,,,2.13292,48.809837
2025-1009399,2025-04-03,000001,Vente,745000,22,,RUE DES CONDAMINES,0690,78000,78646,Versailles,78,,,78646000AX0361,,,101,,,,,,,,,,1,2,Appartement,92,4,,,,,,2.1463,48.803669
2025-1009402,2025-04-07,000001,Vente,414500,1,,AV DE PORCHEFONTAINE,2380,78000,78646,Versailles,78,,,78646000BD0147,,,15,,,,,,,,,,1,2,Appartement,62,3,,,,,,2.154028,48.797563
2025-1009402,2025-04-07,000001,Vente,414500,1,,AV DE PORCHEFONTAINE,2380,78000,78646,Versailles,78,,,78646000BD0147,,,53,,,,,,,,,,1,3,Dépendance,,0,,,,,,2.154028,48.797563
2025-1009472,2025-04-04,000001,Vente,409100,2,,RUE DES BOURDONNAIS,0400,78000,78646,Versailles,78,,,78646000BV0205,,,22,,4,75.97,,,,,,,2,3,Dépendance,,0,,,,,,2.122603,48.796328
2025-1009472,2025-04-04,000001,Vente,409100,2,,RUE DES BOURDONNAIS,0400,78000,78646,Versailles,78,,,78646000BV0205,,,22,,4,75.97,,,,,,,2,2,Appartement,83,4,,,,,,2.122603,48.796328
2025-1009475,2025-04-04,000001,Vente,446000,13,,ALL DES GARDES ROYALES,1136,78000,78646,Versailles,78,,,78646000AY0212,,,295,72.06,320,,,,,,,,2,3,Dépendance,,0,,,,,,2.151214,48.802177
2025-1009475,2025-04-04,000001,Vente,446000,13,,ALL DES GARDES ROYALES,1136,78000,78646,Versailles,78,,,78646000AY0212,,,295,72.06,320,,,,,,,,2,3,Dépendance,,0,,,,,,2.151214,48.802177
2025-1009475,2025-04-04,000001,Vente,446000,13,,ALL DES GARDES ROYALES,1136,78000,78646,Versailles,78,,,78646000AY0212,,,295,72.06,320,,,,,,,,2,2,Appartement,70,3,,,,,,2.151214,48.802177
2025-1009476,2025-04-03,000001,Vente,464600,12,,AV DE PORCHEFONTAINE,2380,78000,78646,Versailles,78,,,78646000BK0021,,,609,,621,92.82,,,,,,,2,3,Dépendance,,0,,,,,,2.152071,48.797176
2025-1009476,2025-04-03,000001,Vente,464600,12,,AV DE PORCHEFONTAINE,2380,78000,78646,Versailles,78,,,78646000BK0021,,,1417,,,,,,,,,,1,3,Dépendance,,0,,,,,,2.152071,48.797176
2025-1009476,2025-04-03,000001,Vente,464600,12,,AV DE PORCHEFONTAINE,2380,78000,78646,Versailles,78,,,78646000BK0021,,,1854,,,,,,,,,,1,3,Dépendance,,0,,,,,,2.152071,48.797176
2025-1009476,2025-04-03,000001,Vente,464600,12,,AV DE PORCHEFONTAINE,2380,78000,78646,Versailles,78,,,78646000BK0021,,,609,,621,92.82,,,,,,,2,2,Appartement,93,4,,,,,,2.152071,48.797176
2025-1009477,2025-04-03,000001,Vente,7000,8,,RUE SAINT MEDERIC,2840,78000,78646,Versailles,78,,,78646000BT0099,,,217,,,,,,,,,,1,3,Dépendance,,0,,,,,,2.127614,48.796282
2025-1009487,2025-03-27,000001,Vente,2000,7,,RUE HOCHE,1350,78000,78646,Versailles,78,,,78646000AE0329,,,15,,,,,,,,,,1,3,Dépendance,,0,,,,,,2.127198,48.805499
2025-1009487,2025-03-27,000001,Vente,2000,7,,RUE HOCHE,1350,78000,78646,Versailles,78,,,78646000AE0329,,,6,,,,,,,,,,1,3,Dépendance,,0,,,,,,2.127198,48.805499
2025-1009487,2025-03-27,000001,Vente,2000,7,,RUE HOCHE,1350,78000,78646,Versailles,78,,,78646000AE0329,,,6,,,,,,,,,,1,2,Appartement,48,2,,,,,,2.127198,48.805499
2025-1009487,2025-03-27,000001,Vente,2000,7,,RUE HOCHE,1350,78000,78646,Versailles,78,,,78646000AE0329,,,6,,,,,,,,,,1,3,Dépendance,,0,,,,,,2.127198,48.805499
2025-1009487,2025-03-27,000001,Vente,2000,7,,RUE HOCHE,1350,78000,78646,Versailles,78,,,78646000AE0329,,,15,,,,,,,,,,1,2,Appartement,21,1,,,,,,2.127198,48.805499
2025-1009556,2025-03-31,000001,Vente,690000,114,,AV DE PARIS,2180,78000,78646,Versailles,78,,,78646000BK0021,,,135,,150,123.09,,,,,,,2,3,Dépendance,,0,,,,,,2.152071,48.797176
2025-1009556,2025-03-31,000001,Vente,690000,114,,AV DE PARIS,2180,78000,78646,Versailles,78,,,78646000BK0021,,,135,,150,123.09,,,,,,,2,3,Dépendance,,0,,,,,,2.152071,48.797176
2025-1009556,2025-03-31,000001,Vente,690000,114,,AV DE PARIS,2180,78000,78646,Versailles,78,,,78646000BK0021,,,1639,,,,,,,,,,1,3,Dépendance,,0,,,,,,2.152071,48.797176
2025-1009556,2025-03-31,000001,Vente,690000,114,,AV DE PARIS,2180,78000,78646,Versailles,78,,,78646000BK0021,,,135,,150,123.09,,,,,,,2,2,Appartement,128,6,,,,,,2.152071,48.797176
2025-1009592,2025-04-07,000001,Vente,774890,29,,RUE DU REFUGE,2510,78000,78646,Versailles,78,,,78646000AX0540,,,3,,4,,8,,9,,,,4,2,Appartement,100,4,,,,,,2.145455,48.803306
2025-1009592,2025-04-07,000001,Vente,774890,29,,RUE DU REFUGE,2510,78000,78646,Versailles,78,,,78646000AX0540,,,3,,4,,8,,9,,,,4,3,Dépendance,,0,,,,,,2.145455,48.803306
2025-1009592,2025-04-07,000001,Vente,774890,29,B,RUE DU REFUGE,2510,78000,78646,Versailles,78,,,78646000AX0541,,,21,,,,,,,,,,1,3,Dépendance,,0,,,,,,2.145482,48.803089
2025-1009600,2025-03-24,000001,Vente,400000,32,,RUE DU MAL JOFFRE,1820,78000,78646,Versailles,78,,,78646000BW0207,,,137,,,,,,,,,,1,3,Dépendance,,0,,,,,,2.119719,48.794497
2025-1009600,2025-03-24,000001,Vente,400000,32,,RUE DU MAL JOFFRE,1820,78000,78646,Versailles,78,,,78646000BW0207,,,20,,3,,,,,,,,2,3,Dépendance,,0,,,,,,2.119719,48.794497
2025-1009600,2025-03-24,000001,Vente,400000,32,,RUE DU MAL JOFFRE,1820,78000,78646,Versailles,78,,,78646000BW0207,,,20,,3,,,,,,,,2,2,Appartement,63,3,,,,,,2.119719,48.794497
2025-1009644,2025-03-14,000001,Vente,552800,139,,BD DE LA REINE,2520,78000,78646,Versailles,78,,,78646000AR0089,,,75,81.15,82,,,,,,,,2,3,Dépendance,,0,,,,,,2.141375,48.808686
2025-1009644,2025-03-14,000001,Vente,552800,139,,BD DE LA REINE,2520,78000,78646,Versailles,78,,,78646000AR0089,,,125,,,,,,,,,,1,3,Dépendance,,0,,,,,,2.141375,48.808686
2025-1009644,2025-03-14,000001,Vente,552800,139,,BD DE LA REINE,2520,78000,78646,Versailles,78,,,78646000AR0089,,,75,81.15,82,,,,,,,,2,2,Appartement,73,4,,,,,,2.141375,48.808686
2025-1009646,2025-04-07,000001,Vente,365000,4,,PL ROYALE,2650,78000,78646,Versailles,78,,,78646000AZ0110,,,1078,,1146,83.31,,,,,,,2,2,Appartement,85,3,,,,,,2.158672,48.8041
2025-1009646,2025-04-07,000001,Vente,365000,5,,RUE DE L ECOLE DES POSTES,0850,78000,78646,Versailles,78,,,78646000AZ0110,,,3088,,,,,,,,,,1,3,Dépendance,,0,,,,,,2.158672,48.8041
2025-1009646,2025-04-07,000001,Vente,365000,4,,PL ROYALE,2650,78000,78646,Versailles,78,,,78646000AZ0110,,,1078,,1146,83.31,,,,,,,2,3,Dépendance,,0,,,,,,2.158672,48.8041
2025-1009653,2025-04-09,000001,Vente,615000,7,,ALL DES GARDES ROYALES,1136,78000,78646,Versailles,78,,,78646000AY0212,,,728,105.32,746,,,,,,,,2,2,Appartement,104,5,,,,,,2.151214,48.802177
2025-1009653,2025-04-09,000001,Vente,615000,2,,ALL DES GARDES ROYALES,1136,78000,78646,Versailles,78,,,78646000AY0212,,,1104,,,,,,,,,,1,3,Dépendance,,0,,,,,,2.151214,48.802177
2025-1009653,2025-04-09,000001,Vente,615000,7,,ALL DES GARDES ROYALES,1136,78000,78646,Versailles,78,,,78646000AY0212,,,728,105.32,746,,,,,,,,2,3,Dépendance,,0,,,,,,2.151214,48.802177
2025-1009653,2025-04-09,000001,Vente,615000,7,,ALL DES GARDES ROYALES,1136,78000,78646,Versailles,78,,,78646000AY0212,,,728,105.32,746,,,,,,,,2,3,Dépendance,,0,,,,,,2.151214,48.802177
2025-1009657,2025-03-18,000001,Vente,265000,36,,RUE DE L ORANGERIE,2110,78000,78646,Versailles,78,,,78646000BV0026,,,98,32.49,,,,,,,,,1,2,Appartement,30,2,,,,,,2.123689,48.799398
2025-1009687,2025-03-21,000001,Vente,1408975,49,,AV DU MAL DOUGLAS HAIG,1795,78000,78646,Versailles,78,,,78646000AM0274,,,,,,,,,,,,,0,1,Maison,185,7,S,sols,,,481,2.145581,48.822455
2025-1009687,2025-03-21,000001,Vente,1408975,49,,AV DU MAL DOUGLAS HAIG,1795,78000,78646,Versailles,78,,,78646000AM0274,,,,,,,,,,,,,0,1,Maison,185,7,AG,terrains d'agrément,,,547,2.145581,48.822455
2025-1009743,2025-03-31,000001,Vente,95000,18,,RUE NEUVE NOTRE DAME,2040,78000,78646,Versailles,78,,,78646000AE0129,,,9,12.91,,,,,,,,,1,3,Dépendance,,0,,,,,,2.128633,48.808399
2025-1009744,2025-04-10,000001,Vente,50000,10,,RUE DU GENERAL PERSHING,1170,78000,78646,Versailles,78,,,78646000AS0053,,,74,,,,,,,,,,1,3,Dépendance,,0,,,,,,2.151257,48.813907
2025-1009744,2025-04-10,000001,Vente,50000,10,,RUE DU GENERAL PERSHING,1170,78000,78646,Versailles,78,,,78646000AS0053,,,67,,,,,,,,,,1,3,Dépendance,,0,,,,,,2.151257,48.813907
2025-1009765,2025-04-10,000001,Vente,452310,94,,AV DE PARIS,2180,78000,78646,Versailles,78,,,78646000BN0051,,,79,,,,,,,,,,1,3,Dépendance,,0,,,,,,2.148182,48.797645
2025-1009765,2025-04-10,000001,Vente,452310,94,,AV DE PARIS,2180,78000,78646,Versailles,78,,,78646000BN0051,,,115,,,,,,,,,,1,3,Dépendance,,0,,,,,,2.148182,48.797645
2025-1009765,2025-04-10,000001,Vente,452310,94,,AV DE PARIS,2180,78000,78646,Versailles,78,,,78646000BN0051,,,37,66.15,,,,,,,,,1,2,Appartement,64,3,,,,,,2.148182,48.797645
2025-1009765,2025-04-10,000001,Vente,452310,94,,AV DE PARIS,2180,78000,78646,Versailles,78,,,78646000BN0051,,,88,,,,,,,,,,1,3,Dépendance,,0,,,,,,2.148182,48.797645
2025-1009789,2025-03-17,000001,Vente,159500,64,,RUE DES CHANTIERS,0530,78000,78646,Versailles,78,,,78646000BL0326,,,41,,519,,,,,,,,2,2,Appartement,39,1,,,,,,2.143523,48.792624
2025-1009789,2025-03-17,000001,Vente,159500,64,,RUE DES CHANTIERS,0530,78000,78646,Versailles,78,,,78646000BL0326,,,324,,,,,,,,,,1,3,Dépendance,,0,,,,,,2.143523,48.792624
2025-1009880,2025-04-10,000001,Vente,137285,36,,RUE DU VIEUX VERSAILLES,3180,78000,78646,Versailles,78,,,78646000AH0127,,,9,13.15,,,,,,,,,1,2,Appartement,14,1,,,,,,2.124469,48.800269
2025-1009882,2025-04-10,000001,Vente,267985,9,,RUE DE L ABBE ROUSSEAUX,0020,78000,78646,Versailles,78,,,78646000BS0058,,,5,41.63,,,,,,,,,1,3,Dépendance,,0,,,,,,2.136481,48.79619
2025-1009882,2025-04-10,000001,Vente,267985,9,,RUE DE L ABBE ROUSSEAUX,0020,78000,78646,Versailles,78,,,78646000BS0058,,,5,41.63,,,,,,,,,1,2,Appartement,41,2,,,,,,2.136481,48.79619
2025-1009883,2025-04-03,000001,Vente,75000,58,,RUE DES CHANTIERS,0530,78000,78646,Versailles,78,,,78646000BL0327,,,201,12.18,,,,,,,,,1,2,Appartement,15,1,,,,,,2.142467,48.792993
2025-1009892,2025-03-26,000001,Vente,45000,42,B,RUE HENRI DE REGNIER,1310,78000,78646,Versailles,78,,,78646000BW0255,,,57,,,,,,,,,,1,3,Dépendance,,0,,,,,,2.127626,48.792725
2025-1009903,2025-04-02,000001,Vente,158650,4,,PL CHAROST,0550,78000,78646,Versailles,78,,,78646000AI0053,,,14,26.61,18,,,,,,,,2,3,Dépendance,,0,,,,,,2.13244,48.803629
2025-1009903,2025-04-02,000001,Vente,158650,4,,PL CHAROST,0550,78000,78646,Versailles,78,,,78646000AI0053,,,14,26.61,18,,,,,,,,2,2,Appartement,25,1,,,,,,2.13244,48.803629
2025-1009908,2025-04-07,000001,Vente,1065300,67,,AV DE SAINT CLOUD,2730,78000,78646,Versailles,78,,,78646000AI0240,,,6,,,,,,,,,,1,3,Dépendance,,0,,,,,,2.135957,48.805822
2025-1009908,2025-04-07,000001,Vente,1065300,67,,AV DE SAINT CLOUD,2730,78000,78646,Versailles,78,,,78646000AI0240,,,18,,19,,20,,,,,,3,2,Appartement,130,5,,,,,,2.135957,48.805822
2025-1009920,2025-04-03,000001,Vente,661000,21,,RUE SAINT HONORE,2780,78000,78646,Versailles,78,,,78646000BV0136,,,1,,40,,44,,45,,,,4,2,Appartement,106,5,,,,,,2.125153,48.797734
2025-1009920,2025-04-03,000001,Vente,661000,21,,RUE SAINT HONORE,2780,78000,78646,Versailles,78,,,78646000BV0136,,,1,,40,,44,,45,,,,4,3,Dépendance,,0,,,,,,2.125153,48.797734
2025-1009920,2025-04-03,000001,Vente,661000,21,,RUE SAINT HONORE,2780,78000,78646,Versailles,78,,,78646000BV0136,,,1,,40,,44,,45,,,,4,3,Dépendance,,0,,,,,,2.125153,48.797734
2025-1009920,2025-04-03,000001,Vente,661000,21,,RUE SAINT HONORE,2780,78000,78646,Versailles,78,,,78646000BV0136,,,1,,40,,44,,45,,,,4,3,Dépendance,,0,,,,,,2.125153,48.797734
2025-1009921,2025-04-01,000001,Vente,420000,1,,RUE JOUVENCEL,1520,78000,78646,Versailles,78,,,78646000AI0052,,,40,60.08,,,,,,,,,1,4,Local industriel. commercial ou assimilé,58,0,,,,,,2.132321,48.803557
2025-1009925,2025-04-16,000001,Vente,700000,2,,SQ DES CHEVAU LEGERS,0601,78000,78646,Versailles,78,,,78646000AH0226,,,137,88.69,374,,,,,,,,2,3,Dépendance,,0,,,,,,2.126268,48.79975
2025-1009925,2025-04-16,000001,Vente,700000,2,,SQ DES CHEVAU LEGERS,0601,78000,78646,Versailles,78,,,78646000AH0226,,,137,88.69,374,,,,,,,,2,2,Appartement,90,4,,,,,,2.126268,48.79975
2025-1009925,2025-04-16,000001,Vente,700000,9001,,AV DE SCEAUX,2980,78000,78646,Versailles,78,,,78646000AH0226,,,395,,,,,,,,,,1,3,Dépendance,,0,,,,,,2.126268,48.79975
2025-1009936,2025-03-20,000001,Vente,200340,49,,RUE D ANJOU,0190,78000,78646,Versailles,78,,,78646000BT0053,,,3,,,,,,,,,,1,2,Appartement,30,2,,,,,,2.127792,48.796753
2025-1009936,2025-03-20,000001,Vente,200340,49,,RUE D ANJOU,0190,78000,78646,Versailles,78,,,78646000BT0053,,,3,,,,,,,,,,1,3,Dépendance,,0,,,,,,2.127792,48.796753
2025-1009981,2025-03-31,000001,Vente,34000,12,,AV DE PORCHEFONTAINE,2380,78000,78646,Versailles,78,,,78646000BK0021,,,1714,,,,,,,,,,1,3,Dépendance,,0,,,,,,2.152071,48.797176
2025-1009981,2025-03-31,000001,Vente,34000,12,,AV DE PORCHEFONTAINE,2380,78000,78646,Versailles,78,,,78646000BK0021,,,1715,,,,,,,,,,1,3,Dépendance,,0,,,,,,2.152071,48.797176
2025-1010014,2025-03-27,000001,Vente,837981,18,,RUE DU PARC DE CLAGNY,2171,78000,78646,Versailles,78,,,78646000AP0097,,,329,,,,,,,,,,1,3,Dépendance,,0,,,,,,2.141563,48.813647
2025-1010014,2025-03-27,000001,Vente,837981,18,,RUE DU PARC DE CLAGNY,2171,78000,78646,Versailles,78,,,78646000AP0097,,,136,128.72,137,,163,,202,,,,4,3,Dépendance,,0,,,,,,2.141563,48.813647
2025-1010014,2025-03-27,000001,Vente,837981,18,,RUE DU PARC DE CLAGNY,2171,78000,78646,Versailles,78,,,78646000AP0097,,,136,128.72,137,,163,,202,,,,4,3,Dépendance,,0,,,,,,2.141563,48.813647
2025-1010014,2025-03-27,000001,Vente,837981,18,,RUE DU PARC DE CLAGNY,2171,78000,78646,Versailles,78,,,78646000AP0097,,,306,,,,,,,,,,1,3,Dépendance,,0,,,,,,2.141563,48.813647
2025-1010014,2025-03-27,000001,Vente,837981,18,,RUE DU PARC DE CLAGNY,2171,78000,78646,Versailles,78,,,78646000AP0097,,,352,,,,,,,,,,1,3,Dépendance,,0,,,,,,2.141563,48.813647
2025-1010014,2025-03-27,000001,Vente,837981,18,,RUE DU PARC DE CLAGNY,2171,78000,78646,Versailles,78,,,78646000AP0097,,,136,128.72,137,,163,,202,,,,4,2,Appartement,125,6,,,,,,2.141563,48.813647
2025-1010058,2025-04-08,000001,Vente,1055000,18,T,AV DU MAL DOUGLAS HAIG,1795,78000,78646,Versailles,78,,,78646000AO0158,,,2,,,,,,,,,,1,1,Maison,170,7,,,,,,2.146133,48.819327
2025-1010089,2025-04-09,000001,Vente,313000,13,,RUE DU PONT COLBERT,2370,78000,78646,Versailles,78,,,78646000BL0422,,,324,,,,,,,,,,1,3,Dépendance,,0,,,,,,2.147593,48.79113
2025-1010089,2025-04-09,000001,Vente,313000,11,,RUE DU PONT COLBERT,2370,78000,78646,Versailles,78,,,78646000BL0422,,,396,,470,,,,,,,,2,3,Dépendance,,0,,,,,,2.147593,48.79113
2025-1010089,2025-04-09,000001,Vente,313000,11,,RUE DU PONT COLBERT,2370,78000,78646,Versailles,78,,,78646000BL0422,,,396,,470,,,,,,,,2,2,Appartement,71,3,,,,,,2.147593,48.79113
2025-1010090,2025-02-06,000001,Vente,740,93,,RUE DES CHANTIERS,0530,78000,78646,Versailles,78,,,78646000BL0371,,,,,,,,,,,,,0,,,,,S,sols,,,103,2.145523,48.792129
2025-1010112,2025-04-16,000001,Vente,866000,77,,AV DE SAINT CLOUD,2730,78000,78646,Versailles,78,,,78646000AI0237,,,10,130.14,11,130.14,,,,,,,2,2,Appartement,125,4,,,,,,2.137534,48.805864
2025-1010122,2025-04-11,000001,Vente,736100,13,,RUE DU GENERAL PERSHING,1170,78000,78646,Versailles,78,,,78646000AO0068,,,149,103.32,,,,,,,,,1,2,Appartement,105,4,,,,,,2.148928,48.817113
2025-1010122,2025-04-11,000001,Vente,736100,13,,RUE DU GENERAL PERSHING,1170,78000,78646,Versailles,78,,,78646000AO0068,,,149,103.32,,,,,,,,,1,3,Dépendance,,0,,,,,,2.148928,48.817113
2025-1010122,2025-04-11,000001,Vente,736100,13,,RUE DU GENERAL PERSHING,1170,78000,78646,Versailles,78,,,78646000AO0068,,,501,,,,,,,,,,1,3,Dépendance,,0,,,,,,2.148928,48.817113
2025-1010136,2025-04-03,000001,Vente,240000,2,,RUE RICHAUD,2610,78000,78646,Versailles,78,,,78646000AI0212,,,57,45.3,83,,95,,,,,,3,2,Appartement,55,2,,,,,,2.132919,48.80739
2025-1010149,2025-04-09,000001,Vente,167000,6,,RUE REMILLY,2530,78000,78646,Versailles,78,,,78646000AK0260,,,2,20.78,,,,,,,,,1,2,Appartement,20,1,,,,,,2.135784,48.81157
2025-1010176,2025-03-31,000001,Vente,250718,33,,RUE DU MAL FOCH,1810,78000,78646,Versailles,78,,,78646000AE0432,,,3,40.15,,,,,,,,,1,2,Appartement,39,2,,,,,,2.132245,48.807957
2025-1010182,2025-03-28,000001,Vente,459000,2,,RUE JEAN MERMOZ,1460,78000,78646,Versailles,78,,,78646000BN0167,,,562,,,,,,,,,,1,3,Dépendance,,0,,,,,,2.142752,48.797871
2025-1010182,2025-03-28,000001,Vente,459000,4,,RUE JEAN MERMOZ,1460,78000,78646,Versailles,78,,,78646000BN0167,,,125,79.13,622,,,,,,,,2,3,Dépendance,,0,,,,,,2.142752,48.797871
2025-1010182,2025-03-28,000001,Vente,459000,4,,RUE JEAN MERMOZ,1460,78000,78646,Versailles,78,,,78646000BN0167,,,125,79.13,622,,,,,,,,2,2,Appartement,81,4,,,,,,2.142752,48.797871
2025-1010188,2025-04-14,000001,Vente,290000,3,,RUE DE LA CATHEDRALE,0450,78000,78646,Versailles,78,,,78646000BV0059,,,12,53.65,,,,,,,,,1,3,Dépendance,,0,,,,,,2.125129,48.799156
2025-1010188,2025-04-14,000001,Vente,290000,3,,RUE DE LA CATHEDRALE,0450,78000,78646,Versailles,78,,,78646000BV0059,,,12,53.65,,,,,,,,,1,2,Appartement,46,2,,,,,,2.125129,48.799156
2025-1010282,2025-03-27,000001,Vente,980000,3,,RUE SAINTE SOPHIE,2890,78000,78646,Versailles,78,,,78646000AD0088,,,6,,67,121.88,,,,,,,2,3,Dépendance,,0,,,,,,2.132176,48.809655
2025-1010282,2025-03-27,000001,Vente,980000,3,,RUE SAINTE SOPHIE,2890,78000,78646,Versailles,78,,,78646000AD0088,,,6,,67,121.88,,,,,,,2,3,Dépendance,,0,,,,,,2.132176,48.809655
2025-1010282,2025-03-27,000001,Vente,980000,3,,RUE SAINTE SOPHIE,2890,78000,78646,Versailles,78,,,78646000AD0088,,,6,,67,121.88,,,,,,,2,3,Dépendance,,0,,,,,,2.132176,48.809655
2025-1010282,2025-03-27,000001,Vente,980000,3,,RUE SAINTE SOPHIE,2890,78000,78646,Versailles,78,,,78646000AD0088,,,6,,67,121.88,,,,,,,2,2,Appartement,120,4,,,,,,2.132176,48.809655
2025-1010282,2025-03-27,000001,Vente,980000,3,,RUE SAINTE SOPHIE,2890,78000,78646,Versailles,78,,,78646000AD0088,,,21,,,,,,,,,,1,3,Dépendance,,0,,,,,,2.132176,48.809655
2025-1010282,2025-03-27,000001,Vente,980000,3,,RUE SAINTE SOPHIE,2890,78000,78646,Versailles,78,,,78646000AD0088,,,28,,,,,,,,,,1,3,Dépendance,,0,,,,,,2.132176,48.809655
2025-1010284,2025-04-16,000001,Vente,210000,43,,AV DES ETATS UNIS,0990,78000,78646,Versailles,78,,,78646000AS0098,,,111,17.54,112,16.32,,,,,,,2,3,Dépendance,,0,,,,,,2.148446,48.810098
2025-1010284,2025-04-16,000001,Vente,210000,43,,AV DES ETATS UNIS,0990,78000,78646,Versailles,78,,,78646000AS0098,,,111,17.54,112,16.32,,,,,,,2,3,Dépendance,,0,,,,,,2.148446,48.810098
2025-1010284,2025-04-16,000001,Vente,210000,43,,AV DES ETATS UNIS,0990,78000,78646,Versailles,78,,,78646000AS0098,,,111,17.54,112,16.32,,,,,,,2,2,Appartement,36,2,,,,,,2.148446,48.810098
2025-1010299,2025-04-17,000001,Vente,10850000,2,,PAS DE LA CHARITE,0154,78000,78646,Versailles,78,,,78646000AI0317,,5,,,,,,,,,,,0,,,,,,,,,,2.133269,48.807902
2025-1010299,2025-04-17,000001,Vente,10850000,2,,PAS DE LA CHARITE,0154,78000,78646,Versailles,78,,,78646000AI0317,,7,,,,,,,,,,,0,,,,,,,,,,2.133269,48.807902
2025-1010299,2025-04-17,000001,Vente,10850000,26,,RUE DU MAL FOCH,1810,78000,78646,Versailles,78,,,78646000AI0317,,9,,,,,,,,,,,0,,,,,,,,,,2.133269,48.807902
2025-1010321,2025-04-24,000001,Vente,490620,4,,AV DE LA TRANQUILLITE,3055,78000,78646,Versailles,78,,,78646000AZ0110,,,171,,252,140.06,,,,,,,2,3,Dépendance,,0,,,,,,2.158672,48.8041
2025-1010321,2025-04-24,000001,Vente,490620,5,,RUE DE L ECOLE DES POSTES,0850,78000,78646,Versailles,78,,,78646000AZ0110,,,187,,,,,,,,,,1,3,Dépendance,,0,,,,,,2.158672,48.8041
2025-1010321,2025-04-24,000001,Vente,490620,4,,AV DE LA TRANQUILLITE,3055,78000,78646,Versailles,78,,,78646000AZ0110,,,171,,252,140.06,,,,,,,2,2,Appartement,141,5,,,,,,2.158672,48.8041
2025-1010368,2025-04-08,000001,Vente,192000,8,,RUE DE NOAILLES,2050,78000,78646,Versailles,78,,,78646000BR0065,,,42,,58,,61,,,,,,3,2,Appartement,32,2,,,,,,2.135075,48.799567
2025-1010368,2025-04-08,000001,Vente,192000,8,,RUE DE NOAILLES,2050,78000,78646,Versailles,78,,,78646000BR0065,,,42,,58,,61,,,,,,3,3,Dépendance,,0,,,,,,2.135075,48.799567
2025-1010380,2025-04-24,000001,Vente,233400,4,,RUE MENARD,1890,78000,78646,Versailles,78,,,78646000BR0014,,,2,60.7,,,,,,,,,1,2,Appartement,50,2,,,,,,2.131574,48.800512
2025-1010393,2025-04-11,000001,Vente,654000,30,,RUE BERTHELOT,0360,78000,78646,Versailles,78,,,78646000BE0390,,,,,,,,,,,,,0,3,Dépendance,,0,S,sols,,,499,2.159465,48.794041
2025-1010393,2025-04-11,000001,Vente,654000,30,,RUE BERTHELOT,0360,78000,78646,Versailles,78,,,78646000BE0390,,,,,,,,,,,,,0,1,Maison,57,3,S,sols,,,499,2.159465,48.794041
2025-1010393,2025-04-11,000001,Vente,654000,30,,RUE BERTHELOT,0360,78000,78646,Versailles,78,,,78646000BE0390,,,,,,,,,,,,,0,3,Dépendance,,0,S,sols,,,499,2.159465,48.794041
2025-1010413,2025-04-24,000001,Vente,256762,11,,RUE DU PONT COLBERT,2370,78000,78646,Versailles,78,,,78646000BL0422,,,415,,478,46.36,,,,,,,2,4,Local industriel. commercial ou assimilé,24,0,,,,,,2.147593,48.79113
2025-1010413,2025-04-24,000001,Vente,256762,11,,RUE DU PONT COLBERT,2370,78000,78646,Versailles,78,,,78646000BL0422,,,415,,478,46.36,,,,,,,2,2,Appartement,24,1,,,,,,2.147593,48.79113
2025-1010413,2025-04-24,000001,Vente,256762,13,,RUE DU PONT COLBERT,2370,78000,78646,Versailles,78,,,78646000BL0422,,,346,,,,,,,,,,1,3,Dépendance,,0,,,,,,2.147593,48.79113
2025-1010418,2025-04-23,000001,Vente,800350,39,,BD DU ROI,2641,78000,78646,Versailles,78,,,78646000AC0108,,,160,,,,,,,,,,1,3,Dépendance,,0,,,,,,2.127742,48.814503
2025-1010418,2025-04-23,000001,Vente,800350,39,,BD DU ROI,2641,78000,78646,Versailles,78,,,78646000AC0108,,,19,104.41,202,,,,,,,,2,3,Dépendance,,0,,,,,,2.127742,48.814503
2025-1010418,2025-04-23,000001,Vente,800350,39,,BD DU ROI,2641,78000,78646,Versailles,78,,,78646000AC0108,,,19,104.41,202,,,,,,,,2,2,Appartement,107,5,,,,,,2.127742,48.814503
2025-1010439,2025-04-08,000001,Vente,590000,2,,PL ROYALE,2650,78000,78646,Versailles,78,,,78646000AZ0110,,,1055,,1159,133.74,,,,,,,2,2,Appartement,135,5,,,,,,2.158672,48.8041
2025-1010439,2025-04-08,000001,Vente,590000,5,,RUE DE L ECOLE DES POSTES,0850,78000,78646,Versailles,78,,,78646000AZ0110,,,645,,,,,,,,,,1,3,Dépendance,,0,,,,,,2.158672,48.8041
2025-1010439,2025-04-08,000001,Vente,590000,2,,PL ROYALE,2650,78000,78646,Versailles,78,,,78646000AZ0110,,,1055,,1159,133.74,,,,,,,2,3,Dépendance,,0,,,,,,2.158672,48.8041
2025-1010442,2025-03-31,000001,Vente,603000,155,,BD DE LA REINE,2520,78000,78646,Versailles,78,,,78646000AR0073,,,35,109.39,91,,,,,,,,2,3,Dépendance,,0,,,,,,2.145056,48.808479
2025-1010442,2025-03-31,000001,Vente,603000,155,,BD DE LA REINE,2520,78000,78646,Versailles,78,,,78646000AR0073,,,151,,,,,,,,,,1,3,Dépendance,,0,,,,,,2.145056,48.808479
2025-1010442,2025-03-31,000001,Vente,603000,155,,BD DE LA REINE,2520,78000,78646,Versailles,78,,,78646000AR0073,,,35,109.39,91,,,,,,,,2,2,Appartement,120,5,,,,,,2.145056,48.808479
2025-1010488,2025-04-25,000001,Vente,15000,12,,AV DE PORCHEFONTAINE,2380,78000,78646,Versailles,78,,,78646000BK0021,,,1435,,,,,,,,,,1,3,Dépendance,,0,,,,,,2.152071,48.797176
2025-1010508,2025-04-28,000001,Vente,1350000,78,,BD DE LA REINE,2520,78000,78646,Versailles,78,,,78646000AI0316,,,126,,15,,,,,,,,2,4,Local industriel. commercial ou assimilé,167,0,,,,,,2.134167,48.807966
2025-1010508,2025-04-28,000001,Vente,1350000,78,,BD DE LA REINE,2520,78000,78646,Versailles,78,,,78646000AI0316,,,126,,15,,,,,,,,2,4,Local industriel. commercial ou assimilé,190,0,,,,,,2.134167,48.807966
2025-1010508,2025-04-28,000001,Vente,1350000,1,,RUE RICHAUD,2610,78000,78646,Versailles,78,,,78646000AI0317,,,158,,,,,,,,,,1,3,Dépendance,,0,,,,,,2.133269,48.807902
2025-1010508,2025-04-28,000001,Vente,1350000,1,,RUE RICHAUD,2610,78000,78646,Versailles,78,,,78646000AI0317,,,157,,,,,,,,,,1,3,Dépendance,,0,,,,,,2.133269,48.807902
2025-1010521,2025-04-28,000001,Vente,446250,18,,RUE DE NOAILLES,2050,78000,78646,Versailles,78,,,78646000BR0124,,,13,78.01,,,,,,,,,1,2,Appartement,78,4,,,,,,2.134105,48.798002
2025-1010536,2025-04-24,000001,Vente,385714,84,,AV DE PARIS,2180,78000,78646,Versailles,78,,,78646000BN0045,,,10,,31,63.25,,,,,,,2,2,Appartement,66,3,,,,,,2.145174,48.797578
2025-1010536,2025-04-24,000001,Vente,385714,84,,AV DE PARIS,2180,78000,78646,Versailles,78,,,78646000BN0045,,,10,,31,63.25,,,,,,,2,3,Dépendance,,0,,,,,,2.145174,48.797578
2025-1010536,2025-04-24,000001,Vente,385714,84,,AV DE PARIS,2180,78000,78646,Versailles,78,,,78646000BN0045,,,144,,,,,,,,,,1,3,Dépendance,,0,,,,,,2.145174,48.797578
2025-1010545,2025-04-17,000001,Vente,273600,2,T,RUE DU PARC DE CLAGNY,2171,78000,78646,Versailles,78,,,78646000AR0095,,,32,,5,58.6,,,,,,,2,2,Appartement,65,4,,,,,,2.140571,48.808921
2025-1010545,2025-04-17,000001,Vente,273600,2,T,RUE DU PARC DE CLAGNY,2171,78000,78646,Versailles,78,,,78646000AR0095,,,32,,5,58.6,,,,,,,2,3,Dépendance,,0,,,,,,2.140571,48.808921
2025-1010548,2025-04-16,000001,Vente,1600000,1,,RUE ALEXIS FOURCAULT,0130,78000,78646,Versailles,78,,,78646000AW0107,,,,,,,,,,,,,0,3,Dépendance,,0,S,sols,,,753,2.151913,48.805789
2025-1010548,2025-04-16,000001,Vente,1600000,1,,RUE ALEXIS FOURCAULT,0130,78000,78646,Versailles,78,,,78646000AW0107,,,,,,,,,,,,,0,1,Maison,250,9,S,sols,,,753,2.151913,48.805789
2025-1010570,2025-04-22,000001,Vente,210000,5,,RUE DE L ECOLE DES POSTES,0850,78000,78646,Versailles,78,,,78646000AZ0110,,,3987,,,,,,,,,,1,4,Local industriel. commercial ou assimilé,815,0,,,,,,2.158672,48.8041
2025-1010570,2025-04-22,000001,Vente,210000,5,,RUE DE L ECOLE DES POSTES,0850,78000,78646,Versailles,78,,,78646000AZ0110,,,2861,,,,,,,,,,1,3,Dépendance,,0,,,,,,2.158672,48.8041
2025-1010570,2025-04-22,000001,Vente,210000,5,,RUE DE L ECOLE DES POSTES,0850,78000,78646,Versailles,78,,,78646000AZ0110,,,1011,,,,,,,,,,1,4,Local industriel. commercial ou assimilé,38,0,,,,,,2.158672,48.8041
2025-1010603,2025-04-25,000001,Vente en l'état futur d'achèvement,340500,2,,PL DE GALLY,1133,78000,78646,Versailles,78,,,78646000BY0108,,,443,,,,,,,,,,1,,,,,,,,,,2.079319,48.802074
2025-1010603,2025-04-25,000001,Vente en l'état futur d'achèvement,340500,2,,PL DE GALLY,1133,78000,78646,Versailles,78,,,78646000BY0108,,,222,,,,,,,,,,1,,,,,,,,,,2.079319,48.802074
2025-1010610,2025-04-16,000001,Vente,30500,27,B,RUE DU REFUGE,2510,78000,78646,Versailles,78,,,78646000AX0345,,,46,,,,,,,,,,1,3,Dépendance,,0,,,,,,2.145064,48.803428
2025-1010612,2025-04-22,000001,Vente,477500,32,,RUE DE LA PAROISSE,2190,78000,78646,Versailles,78,,,78646000AE0203,,,11,,8,,,,,,,,2,3,Dépendance,,0,,,,,,2.127906,48.807475
2025-1010612,2025-04-22,000001,Vente,477500,32,,RUE DE LA PAROISSE,2190,78000,78646,Versailles,78,,,78646000AE0203,,,11,,40,,8,,,,,,3,2,Appartement,63,3,,,,,,2.127906,48.807475
2025-1010613,2025-04-15,000001,Vente,259000,9,B,RUE JEAN DE LA BRUYERE,1560,78000,78646,Versailles,78,,,78646000AO0205,,,1056,66.45,1156,,,,,,,,2,2,Appartement,64,3,,,,,,2.146857,48.813978
2025-1010613,2025-04-15,000001,Vente,259000,9,B,RUE JEAN DE LA BRUYERE,1560,78000,78646,Versailles,78,,,78646000AO0205,,,1056,66.45,1156,,,,,,,,2,3,Dépendance,,0,,,,,,2.146857,48.813978
2025-1010613,2025-04-15,000001,Vente,259000,9,B,RUE JEAN DE LA BRUYERE,1560,78000,78646,Versailles,78,,,78646000AO0205,,,1056,66.45,1156,,,,,,,,2,3,Dépendance,,0,,,,,,2.146857,48.813978
2025-1010613,2025-04-15,000001,Vente,259000,1,,ALL LA BRUYERE,1557,78000,78646,Versailles,78,,,78646000AO0205,,,1653,,,,,,,,,,1,3,Dépendance,,0,,,,,,2.146857,48.813978
2025-1010627,2025-04-25,000001,Vente,565450,60,,RUE DE MONTREUIL,2000,78000,78646,Versailles,78,,,78646000AY0270,,,210,103.77,224,,,,,,,,2,3,Dépendance,,0,,,,,,2.148581,48.804249
2025-1010627,2025-04-25,000001,Vente,565450,60,,RUE DE MONTREUIL,2000,78000,78646,Versailles,78,,,78646000AY0270,,,210,103.77,224,,,,,,,,2,2,Appartement,104,4,,,,,,2.148581,48.804249
2025-1010627,2025-04-25,000001,Vente,565450,60,,RUE DE MONTREUIL,2000,78000,78646,Versailles,78,,,78646000AY0270,,,227,,,,,,,,,,1,3,Dépendance,,0,,,,,,2.148581,48.804249
2025-1010630,2025-04-11,000001,Vente,507200,12,,AV DE PORCHEFONTAINE,2380,78000,78646,Versailles,78,,,78646000BK0021,,,664,,669,,,,,,,,2,2,Appartement,96,4,,,,,,2.152071,48.797176
2025-1010630,2025-04-11,000001,Vente,507200,12,,AV DE PORCHEFONTAINE,2380,78000,78646,Versailles,78,,,78646000BK0021,,,664,,669,,,,,,,,2,3,Dépendance,,0,,,,,,2.152071,48.797176
2025-1010630,2025-04-11,000001,Vente,507200,12,,AV DE PORCHEFONTAINE,2380,78000,78646,Versailles,78,,,78646000BK0021,,,1731,,,,,,,,,,1,3,Dépendance,,0,,,,,,2.152071,48.797176
2025-1010671,2025-04-16,000001,Vente,277860,30,,RUE DE L ORANGERIE,2110,78000,78646,Versailles,78,,,78646000BV0022,,,27,37.7,35,,36,,,,,,3,3,Dépendance,,0,,,,,,2.123053,48.79962
2025-1010671,2025-04-16,000001,Vente,277860,30,,RUE DE L ORANGERIE,2110,78000,78646,Versailles,78,,,78646000BV0022,,,27,37.7,35,,36,,,,,,3,2,Appartement,39,2,,,,,,2.123053,48.79962
2025-1010671,2025-04-16,000001,Vente,277860,30,,RUE DE L ORANGERIE,2110,78000,78646,Versailles,78,,,78646000BV0022,,,27,37.7,35,,36,,,,,,3,3,Dépendance,,0,,,,,,2.123053,48.79962
2025-1010677,2025-04-25,000001,Vente,520000,9,,AV DES ETATS UNIS,0990,78000,78646,Versailles,78,,,78646000AX0490,,,23,,61,,,,,,,,2,3,Dépendance,,0,,,,,,2.142342,48.80702
2025-1010677,2025-04-25,000001,Vente,520000,9,,AV DES ETATS UNIS,0990,78000,78646,Versailles,78,,,78646000AX0490,,,23,,61,,,,,,,,2,2,Appartement,85,3,,,,,,2.142342,48.80702
2025-1010677,2025-04-25,000001,Vente,520000,9,,AV DES ETATS UNIS,0990,78000,78646,Versailles,78,,,78646000AX0490,,,104,,,,,,,,,,1,3,Dépendance,,0,,,,,,2.142342,48.80702
2025-1010688,2025-04-30,000001,Vente,291000,9,,RUE DU PARC DE CLAGNY,2171,78000,78646,Versailles,78,,,78646000AK0183,,,11,,45,40.64,,,,,,,2,4,Local industriel. commercial ou assimilé,39,0,,,,,,2.139976,48.809983
2025-1010689,2025-04-30,000001,Vente,673100,53,,AV DE PARIS,2180,78000,78646,Versailles,78,,,78646000BP0132,,,220,,251,136.54,,,,,,,2,2,Appartement,137,7,,,,,,2.1408,48.800274
2025-1010689,2025-04-30,000001,Vente,673100,53,,AV DE PARIS,2180,78000,78646,Versailles,78,,,78646000BP0132,,,303,,,,,,,,,,1,3,Dépendance,,0,,,,,,2.1408,48.800274
2025-1010689,2025-04-30,000001,Vente,673100,53,,AV DE PARIS,2180,78000,78646,Versailles,78,,,78646000BP0132,,,304,,,,,,,,,,1,3,Dépendance,,0,,,,,,2.1408,48.800274
2025-1010689,2025-04-30,000001,Vente,673100,53,,AV DE PARIS,2180,78000,78646,Versailles,78,,,78646000BP0132,,,220,,251,136.54,,,,,,,2,3,Dépendance,,0,,,,,,2.1408,48.800274
2025-1010697,2025-04-30,000001,Vente,240000,98,,AV DE PARIS,2180,78000,78646,Versailles,78,,,78646000BK0001,,,239,,82,,,,,,,,2,3,Dépendance,,0,,,,,,2.149414,48.797242
2025-1010697,2025-04-30,000001,Vente,240000,98,,AV DE PARIS,2180,78000,78646,Versailles,78,,,78646000BK0001,,,239,,82,,,,,,,,2,2,Appartement,37,1,,,,,,2.149414,48.797242
2025-1010697,2025-04-30,000001,Vente,240000,98,,AV DE PARIS,2180,78000,78646,Versailles,78,,,78646000BK0001,,,311,,,,,,,,,,1,3,Dépendance,,0,,,,,,2.149414,48.797242
2025-1010701,2025-04-30,000001,Vente,28000,27,B,RUE DU REFUGE,2510,78000,78646,Versailles,78,,,78646000AX0345,,,33,,,,,,,,,,1,3,Dépendance,,0,,,,,,2.145064,48.803428
2025-1010702,2025-04-29,000001,Vente,280000,17,T,RUE DU PONT COLBERT,2370,78000,78646,Versailles,78,,,78646000BI0022,,,373,63.13,,,,,,,,,1,2,Appartement,64,3,,,,,,2.149624,48.789909
2025-1010702,2025-04-29,000001,Vente,280000,17,T,RUE DU PONT COLBERT,2370,78000,78646,Versailles,78,,,78646000BI0022,,,373,63.13,,,,,,,,,1,3,Dépendance,,0,,,,,,2.149624,48.789909
2025-1010703,2025-04-28,000001,Vente,575962,32,,RUE LAFAYETTE,1580,78000,78646,Versailles,78,,,78646000AD0203,,,15,,5,90.51,,,,,,,2,2,Appartement,86,3,,,,,,2.128837,48.811804
2025-1010703,2025-04-28,000001,Vente,575962,32,,RUE LAFAYETTE,1580,78000,78646,Versailles,78,,,78646000AD0203,,,15,,5,90.51,,,,,,,2,3,Dépendance,,0,,,,,,2.128837,48.811804
2025-1010703,2025-04-28,000001,Vente,575962,32,,RUE LAFAYETTE,1580,78000,78646,Versailles,78,,,78646000AD0203,,,20,,,,,,,,,,1,3,Dépendance,,0,,,,,,2.128837,48.811804
2025-1010705,2025-04-30,000001,Vente,440000,15,,RUE DE L ETANG,0970,78000,78646,Versailles,78,,,78646000BI0200,,,,,,,,,,,,,0,1,Maison,72,4,S,sols,,,162,2.15436,48.791724
2025-1010727,2025-04-28,000001,Vente,470000,7,,BD JEUX OLYMPIQUES,1495,78000,78646,Versailles,78,,,78646000AZ0110,,,1007,,891,,,,,,,,2,2,Appartement,76,3,,,,,,2.158672,48.8041
2025-1010727,2025-04-28,000001,Vente,470000,7,,BD JEUX OLYMPIQUES,1495,78000,78646,Versailles,78,,,78646000AZ0110,,,1007,,891,,,,,,,,2,3,Dépendance,,0,,,,,,2.158672,48.8041
2025-1010727,2025-04-28,000001,Vente,470000,5,,RUE DE L ECOLE DES POSTES,0850,78000,78646,Versailles,78,,,78646000AZ0110,,,3469,,,,,,,,,,1,3,Dépendance,,0,,,,,,2.158672,48.8041
2025-1010741,2025-04-30,000001,Vente,1098900,36,,BD DU ROI,2641,78000,78646,Versailles,78,,,78646000AD0406,,,8,114.98,9,,,,,,,,2,2,Appartement,120,7,,,,,,2.128526,48.81382
2025-1010789,2025-04-25,000001,Vente,2640000,13,,RUE COLBERT,0630,78000,78646,Versailles,78,,,78646000AE0337,,,122,,,,,,,,,,1,4,Local industriel. commercial ou assimilé,11,0,,,,,,2.126239,48.805263
2025-1010789,2025-04-25,000001,Vente,2640000,13,,RUE COLBERT,0630,78000,78646,Versailles,78,,,78646000AE0337,,,19,,2,,20,,21,,3,,5,4,Local industriel. commercial ou assimilé,336,0,,,,,,2.126239,48.805263
2025-1010789,2025-04-25,000001,Vente,2640000,13,,RUE COLBERT,0630,78000,78646,Versailles,78,,,78646000AE0337,,,121,,,,,,,,,,1,4,Local industriel. commercial ou assimilé,11,0,,,,,,2.126239,48.805263
2025-1010789,2025-04-25,000001,Vente,2640000,13,,RUE COLBERT,0630,78000,78646,Versailles,78,,,78646000AE0337,,,120,,,,,,,,,,1,4,Local industriel. commercial ou assimilé,11,0,,,,,,2.126239,48.805263
2025-1010789,2025-04-25,000001,Vente,2640000,13,,RUE COLBERT,0630,78000,78646,Versailles,78,,,78646000AE0337,,,113,,,,,,,,,,1,4,Local industriel. commercial ou assimilé,11,0,,,,,,2.126239,48.805263
2025-1010789,2025-04-25,000001,Vente,2640000,13,,RUE COLBERT,0630,78000,78646,Versailles,78,,,78646000AE0337,,,112,,,,,,,,,,1,4,Local industriel. commercial ou assimilé,11,0,,,,,,2.126239,48.805263
2025-1010865,2025-04-09,000001,Vente,485000,7,,RUE SAINT HONORE,2780,78000,78646,Versailles,78,,,78646000BV0207,,,145,,4,,81,,82,,84,,5,2,Appartement,83,4,,,,,,2.125549,48.798264
2025-1010865,2025-04-09,000001,Vente,485000,7,,RUE SAINT HONORE,2780,78000,78646,Versailles,78,,,78646000BV0207,,,145,,4,,81,,82,,84,,5,3,Dépendance,,0,,,,,,2.125549,48.798264
2025-1010867,2025-04-11,000001,Vente,320000,32,B,BD DU ROI,2641,78000,78646,Versailles,78,,,78646000AD0405,,,53,,8,65.06,,,,,,,2,3,Dépendance,,0,,,,,,2.128373,48.813584
2025-1010867,2025-04-11,000001,Vente,320000,32,B,BD DU ROI,2641,78000,78646,Versailles,78,,,78646000AD0405,,,53,,8,65.06,,,,,,,2,2,Appartement,65,2,,,,,,2.128373,48.813584
2025-1010887,2025-04-18,000001,Vente,1465000,15,B,RUE DU PARC DE CLAGNY,2171,78000,78646,Versailles,78,,,78646000AK0217,,,39,,,,,,,,,,1,3,Dépendance,,0,,,,,,2.140182,48.810961
2025-1010887,2025-04-18,000001,Vente,1465000,15,B,RUE DU PARC DE CLAGNY,2171,78000,78646,Versailles,78,,,78646000AK0217,,,17,127.28,,,,,,,,,1,2,Appartement,127,5,,,,,,2.140182,48.810961
2025-1010887,2025-04-18,000001,Vente,1465000,15,B,RUE DU PARC DE CLAGNY,2171,78000,78646,Versailles,78,,,78646000AK0217,,,30,,,,,,,,,,1,3,Dépendance,,0,,,,,,2.140182,48.810961
2025-1010887,2025-04-18,000001,Vente,1465000,15,B,RUE DU PARC DE CLAGNY,2171,78000,78646,Versailles,78,,,78646000AK0217,,,31,,,,,,,,,,1,3,Dépendance,,0,,,,,,2.140182,48.810961
2025-1010906,2025-04-28,000001,Vente,84000,32,,RUE DU MAL JOFFRE,1820,78000,78646,Versailles,78,,,78646000BW0207,,,97,11.55,,,,,,,,,1,3,Dépendance,,0,,,,,,2.119719,48.794497
2025-1010913,2025-04-15,000001,Vente,380000,72,,RUE DU MAL FOCH,1810,78000,78646,Versailles,78,,,78646000AK0009,,,142,,47,56.95,,,,,,,2,2,Appartement,58,4,,,,,,2.136535,48.812771
2025-1010913,2025-04-15,000001,Vente,380000,72,,RUE DU MAL FOCH,1810,78000,78646,Versailles,78,,,78646000AK0009,,,142,,47,56.95,,,,,,,2,3,Dépendance,,0,,,,,,2.136535,48.812771
2025-1011035,2025-04-29,000001,Vente,89000,2,,RUE RAMEAU,2490,78000,78646,Versailles,78,,,78646000AE0088,,,17,9.97,,,,,,,,,1,3,Dépendance,,0,,,,,,2.130732,48.807205
2025-1011071,2025-04-22,000001,Vente,406400,20,,RUE VICTOR BART,3160,78000,78646,Versailles,78,,,78646000AR0048,,,192,,,,,,,,,,1,3,Dépendance,,0,,,,,,2.145915,48.808908
2025-1011071,2025-04-22,000001,Vente,406400,20,,RUE VICTOR BART,3160,78000,78646,Versailles,78,,,78646000AR0048,,,132,,46,,,,,,,,2,2,Appartement,78,3,,,,,,2.145915,48.808908
2025-1011071,2025-04-22,000001,Vente,406400,20,,RUE VICTOR BART,3160,78000,78646,Versailles,78,,,78646000AR0048,,,132,,46,,,,,,,,2,3,Dépendance,,0,,,,,,2.145915,48.808908
2025-1011077,2025-05-06,000001,Vente,147800,26,,RUE DES CHANTIERS,0530,78000,78646,Versailles,78,,,78646000BS0088,,,14,,,,,,,,,,1,2,Appartement,21,1,,,,,,2.137978,48.79584
2025-1011084,2025-04-30,000001,Vente,180000,37,,RUE DE LA CEINTURE,0460,78000,78646,Versailles,78,,,78646000AV0409,,,48,,,,,,,,,,1,3,Dépendance,,0,,,,,,2.156285,48.808833
2025-1011084,2025-04-30,000001,Vente,180000,37,,RUE DE LA CEINTURE,0460,78000,78646,Versailles,78,,,78646000AV0409,,,13,,36,,,,,,,,2,2,Appartement,52,2,,,,,,2.156285,48.808833
2025-1011085,2025-04-14,000001,Vente,453000,20,,RUE VICTOR BART,3160,78000,78646,Versailles,78,,,78646000AR0048,,,160,,71,84.53,,,,,,,2,2,Appartement,84,3,,,,,,2.145915,48.808908
2025-1011085,2025-04-14,000001,Vente,453000,20,,RUE VICTOR BART,3160,78000,78646,Versailles,78,,,78646000AR0048,,,160,,71,84.53,,,,,,,2,3,Dépendance,,0,,,,,,2.145915,48.808908
2025-1011085,2025-04-14,000001,Vente,453000,20,,RUE VICTOR BART,3160,78000,78646,Versailles,78,,,78646000AR0048,,,250,,,,,,,,,,1,3,Dépendance,,0,,,,,,2.145915,48.808908
2025-1011087,2025-04-30,000001,Vente,30000,12,,AV DE PORCHEFONTAINE,2380,78000,78646,Versailles,78,,,78646000BK0021,,,33,,,,,,,,,,1,3,Dépendance,,0,,,,,,2.152071,48.797176
2025-1011092,2025-04-30,000001,Vente,624000,47,,RUE DES ETATS GENERAUX,0980,78000,78646,Versailles,78,,,78646000BR0190,,,153,,,,,,,,,,1,3,Dépendance,,0,,,,,,2.135581,48.798108
2025-1011092,2025-04-30,000001,Vente,624000,47,,RUE DES ETATS GENERAUX,0980,78000,78646,Versailles,78,,,78646000BR0190,,,129,,47,,,,,,,,2,2,Appartement,98,4,,,,,,2.135581,48.798108
2025-1011092,2025-04-30,000001,Vente,624000,47,,RUE DES ETATS GENERAUX,0980,78000,78646,Versailles,78,,,78646000BR0190,,,129,,47,,,,,,,,2,3,Dépendance,,0,,,,,,2.135581,48.798108
2025-1011134,2025-04-24,000001,Vente,810000,5,,ALL PIERRE DE COUBERTIN,2310,78000,78646,Versailles,78,,,78646000BP0248,,,110,102.53,,,,,,,,,1,2,Appartement,102,4,,,,,,2.136505,48.80286
2025-1011134,2025-04-24,000001,Vente,810000,5,,ALL PIERRE DE COUBERTIN,2310,78000,78646,Versailles,78,,,78646000BP0248,,,125,,,,,,,,,,1,3,Dépendance,,0,,,,,,2.136505,48.80286
2025-1011134,2025-04-24,000001,Vente,810000,5,,ALL PIERRE DE COUBERTIN,2310,78000,78646,Versailles,78,,,78646000BP0248,,,126,,,,,,,,,,1,3,Dépendance,,0,,,,,,2.136505,48.80286
2025-1011134,2025-04-24,000001,Vente,810000,5,,ALL PIERRE DE COUBERTIN,2310,78000,78646,Versailles,78,,,78646000BP0248,,,110,102.53,,,,,,,,,1,3,Dépendance,,0,,,,,,2.136505,48.80286
2025-1011157,2025-05-06,000001,Vente,27000,48,,AV DE SAINT CLOUD,2730,78000,78646,Versailles,78,,,78646000AI0077,,,5,,,,,,,,,,1,3,Dépendance,,0,,,,,,2.135661,48.804847
2025-1011169,2025-04-29,000001,Vente,481030,2,,ALL DES GARDES ROYALES,1136,78000,78646,Versailles,78,,,78646000AY0212,,,1256,,,,,,,,,,1,3,Dépendance,,0,,,,,,2.151214,48.802177
2025-1011169,2025-04-29,000001,Vente,481030,8,,ALL DES GARDES ROYALES,1136,78000,78646,Versailles,78,,,78646000AY0212,,,609,,626,,,,,,,,2,3,Dépendance,,0,,,,,,2.151214,48.802177
2025-1011169,2025-04-29,000001,Vente,481030,8,,ALL DES GARDES ROYALES,1136,78000,78646,Versailles,78,,,78646000AY0212,,,609,,626,,,,,,,,2,3,Dépendance,,0,,,,,,2.151214,48.802177
2025-1011169,2025-04-29,000001,Vente,481030,8,,ALL DES GARDES ROYALES,1136,78000,78646,Versailles,78,,,78646000AY0212,,,609,,626,,,,,,,,2,2,Appartement,70,3,,,,,,2.151214,48.802177
2025-1011170,2025-05-06,000001,Vente,137000,2,B,PAS ROCHE,2630,78000,78646,Versailles,78,,,78646000AK0291,,,6,17.82,,,,,,,,,1,2,Appartement,17,1,,,,,,2.136949,48.80995
2025-1011171,2025-04-28,000001,Vente,1980000,14,,RUE MAGENTA,1760,78000,78646,Versailles,78,,,78646000AK0059,,,,,,,,,,,,,0,3,Dépendance,,0,S,sols,,,624,2.139499,48.811903
2025-1011171,2025-04-28,000001,Vente,1980000,14,,RUE MAGENTA,1760,78000,78646,Versailles,78,,,78646000AK0059,,,,,,,,,,,,,0,1,Maison,230,6,S,sols,,,624,2.139499,48.811903
2025-1011171,2025-04-28,000001,Vente,1980000,14,,RUE MAGENTA,1760,78000,78646,Versailles,78,,,78646000AK0059,,,,,,,,,,,,,0,1,Maison,50,2,S,sols,,,624,2.139499,48.811903
2025-1011172,2025-04-29,000001,Vente,9000,18,,RUE DU PARC DE CLAGNY,2171,78000,78646,Versailles,78,,,78646000AP0097,,,315,,,,,,,,,,1,3,Dépendance,,0,,,,,,2.141563,48.813647
2025-1011174,2025-04-28,000001,Vente,19000,17,,RUE PHILIPPE DE DANGEAU,2255,78000,78646,Versailles,78,,,78646000AI0065,,,68,,,,,,,,,,1,3,Dépendance,,0,,,,,,2.134481,48.803549
2025-1011186,2025-04-17,000001,Vente,436893,52,,AV DE VILLENEUVE L ETANG,3200,78000,78646,Versailles,78,,,78646000AO0195,,,1694,,,,,,,,,,1,3,Dépendance,,0,,,,,,2.148734,48.818785
2025-1011186,2025-04-17,000001,Vente,436893,52,,AV DE VILLENEUVE L ETANG,3200,78000,78646,Versailles,78,,,78646000AO0195,,,1693,,,,,,,,,,1,3,Dépendance,,0,,,,,,2.148734,48.818785
2025-1011186,2025-04-17,000001,Vente,436893,52,,AV DE VILLENEUVE L ETANG,3200,78000,78646,Versailles,78,,,78646000AO0195,,,1107,66.8,,,,,,,,,1,2,Appartement,66,3,,,,,,2.148734,48.818785
2025-1011190,2025-04-25,000001,Vente,1706800,39,,RUE SAINT CHARLES,2710,78000,78646,Versailles,78,,,78646000AX0375,,,,,,,,,,,,,0,1,Maison,214,9,AG,terrains d'agrément,,,307,2.147859,48.803262
2025-1011190,2025-04-25,000001,Vente,1706800,39,,RUE SAINT CHARLES,2710,78000,78646,Versailles,78,,,78646000AX0375,,,,,,,,,,,,,0,1,Maison,214,9,S,sols,,,249,2.147859,48.803262
2025-1011190,2025-04-25,000001,Vente,1706800,44,,RUE SAINT CHARLES,2710,78000,78646,Versailles,78,,,78646000AY0019,,,124,,,,,,,,,,1,3,Dépendance,,0,,,,,,2.147972,48.803805
2025-1011196,2025-05-06,000001,Vente,14000,6,,RUE DE LA CEINTURE,0460,78000,78646,Versailles,78,,,78646000AW0006,,,1381,,,,,,,,,,1,3,Dépendance,,0,,,,,,2.15013,48.808121
2025-1011223,2025-04-22,000001,Vente,360000,23,,RUE SAINT HONORE,2780,78000,78646,Versailles,78,,,78646000BV0138,,,2,,30,,,,,,,,2,2,Appartement,83,2,,,,,,2.124869,48.797623
2025-1011223,2025-04-22,000001,Vente,360000,23,,RUE SAINT HONORE,2780,78000,78646,Versailles,78,,,78646000BV0138,,,6,,,,,,,,,,1,3,Dépendance,,0,,,,,,2.124869,48.797623
2025-1011264,2025-04-30,000001,Vente,1190000,19,,RUE DES RESERVOIRS,2580,78000,78646,Versailles,78,,,78646000AC0233,,,14,143.12,43,,44,,,,,,3,3,Dépendance,,0,,,,,,2.124648,48.808796
2025-1011264,2025-04-30,000001,Vente,1190000,19,,RUE DES RESERVOIRS,2580,78000,78646,Versailles,78,,,78646000AC0233,,,14,143.12,43,,44,,,,,,3,2,Appartement,139,5,,,,,,2.124648,48.808796
2025-1011264,2025-04-30,000001,Vente,1190000,19,,RUE DES RESERVOIRS,2580,78000,78646,Versailles,78,,,78646000AC0233,,,14,143.12,43,,44,,,,,,3,3,Dépendance,,0,,,,,,2.124648,48.808796
2025-1011286,2025-05-12,000001,Vente,712250,21,,BD ST ANTOINE,2690,78000,78646,Versailles,78,,,78646000AC0054,,,205,104.72,461,,,,,,,,2,2,Appartement,105,4,,,,,,2.125692,48.815948
2025-1011286,2025-05-12,000001,Vente,712250,21,,BD ST ANTOINE,2690,78000,78646,Versailles,78,,,78646000AC0054,,,496,,,,,,,,,,1,3,Dépendance,,0,,,,,,2.125692,48.815948
2025-1011286,2025-05-12,000001,Vente,712250,21,,BD ST ANTOINE,2690,78000,78646,Versailles,78,,,78646000AC0054,,,205,104.72,461,,,,,,,,2,3,Dépendance,,0,,,,,,2.125692,48.815948
2025-1011290,2025-04-29,000001,Vente,594000,48,,RUE CHAMP LAGARDE,0490,78000,78646,Versailles,78,,,78646000AY0196,,,107,114.03,49,,,,,,,,2,3,Dépendance,,0,,,,,,2.148301,48.801267
2025-1011290,2025-04-29,000001,Vente,594000,48,,RUE CHAMP LAGARDE,0490,78000,78646,Versailles,78,,,78646000AY0196,,,107,114.03,49,,,,,,,,2,3,Dépendance,,0,,,,,,2.148301,48.801267
2025-1011290,2025-04-29,000001,Vente,594000,48,,RUE CHAMP LAGARDE,0490,78000,78646,Versailles,78,,,78646000AY0196,,,107,114.03,49,,,,,,,,2,2,Appartement,126,4,,,,,,2.148301,48.801267
2025-1011290,2025-04-29,000001,Vente,594000,48,,RUE CHAMP LAGARDE,0490,78000,78646,Versailles,78,,,78646000AY0196,,,15,,,,,,,,,,1,3,Dépendance,,0,,,,,,2.148301,48.801267
2025-1011296,2025-05-07,000001,Vente,195000,31,,RUE DU PARC DE CLAGNY,2171,78000,78646,Versailles,78,,,78646000AK0071,,,4,31.74,,,,,,,,,1,2,Appartement,32,1,,,,,,2.140259,48.812128
2025-1011299,2025-05-07,000001,Vente,160000,33,,RUE REMILLY,2530,78000,78646,Versailles,78,,,78646000AK0058,,,62,,65,22.21,,,,,,,2,3,Dépendance,,0,,,,,,2.139885,48.811777
2025-1011299,2025-05-07,000001,Vente,160000,33,,RUE REMILLY,2530,78000,78646,Versailles,78,,,78646000AK0058,,,62,,65,22.21,,,,,,,2,2,Appartement,16,1,,,,,,2.139885,48.811777
2025-1011301,2025-04-29,000001,Vente en l'état futur d'achèvement,700000,4,,PROM DE GALLY,1141,78000,78646,Versailles,78,,,78646000BY0121,,,33,,,,,,,,,,1,,,,,,,,,,2.079148,48.803081
2025-1011304,2025-04-30,000001,Vente,600000,12,,AV DE PORCHEFONTAINE,2380,78000,78646,Versailles,78,,,78646000BK0021,,,498,,516,,,,,,,,2,3,Dépendance,,0,,,,,,2.152071,48.797176
2025-1011304,2025-04-30,000001,Vente,600000,12,,AV DE PORCHEFONTAINE,2380,78000,78646,Versailles,78,,,78646000BK0021,,,1597,,1598,,,,,,,,2,3,Dépendance,,0,,,,,,2.152071,48.797176
2025-1011304,2025-04-30,000001,Vente,600000,12,,AV DE PORCHEFONTAINE,2380,78000,78646,Versailles,78,,,78646000BK0021,,,498,,516,,,,,,,,2,2,Appartement,114,5,,,,,,2.152071,48.797176
2025-1011305,2025-05-13,000001,Vente,624440,28,,BD DU ROI,2641,78000,78646,Versailles,78,,,78646000AD0223,,,84,,,,,,,,,,1,3,Dépendance,,0,,,,,,2.128206,48.812739
2025-1011305,2025-05-13,000001,Vente,624440,28,,BD DU ROI,2641,78000,78646,Versailles,78,,,78646000AD0223,,,166,81.26,57,,,,,,,,2,3,Dépendance,,0,,,,,,2.128206,48.812739
2025-1011305,2025-05-13,000001,Vente,624440,28,,BD DU ROI,2641,78000,78646,Versailles,78,,,78646000AD0223,,,166,81.26,57,,,,,,,,2,2,Appartement,81,3,,,,,,2.128206,48.812739
2025-1011307,2025-04-22,000001,Vente,180000,7,,RUE LA QUINTINIE,2470,78000,78646,Versailles,78,,,78646000BV0007,,,10,41.93,,,,,,,,,1,2,Appartement,62,1,,,,,,2.12019,48.800208
2025-1011307,2025-04-22,000001,Vente,180000,7,,RUE LA QUINTINIE,2470,78000,78646,Versailles,78,,,78646000BV0007,,,5,,,,,,,,,,1,3,Dépendance,,0,,,,,,2.12019,48.800208
2025-1011308,2025-04-30,000001,Vente,649000,17,,AV DE LA MAYE,1875,78000,78646,Versailles,78,,,78646000AL0139,,,36,97.01,82,,,,,,,,2,2,Appartement,97,4,,,,,,2.138843,48.817098
2025-1011308,2025-04-30,000001,Vente,649000,17,,AV DE LA MAYE,1875,78000,78646,Versailles,78,,,78646000AL0139,,,36,97.01,82,,,,,,,,2,3,Dépendance,,0,,,,,,2.138843,48.817098
2025-1011308,2025-04-30,000001,Vente,649000,17,,AV DE LA MAYE,1875,78000,78646,Versailles,78,,,78646000AL0139,,,145,,,,,,,,,,1,3,Dépendance,,0,,,,,,2.138843,48.817098
2025-1011315,2025-04-28,000001,Vente,173000,25,,RUE DU VIEUX VERSAILLES,3180,78000,78646,Versailles,78,,,78646000AH0098,,,6,18.59,,,,,,,,,1,2,Appartement,26,1,,,,,,2.123505,48.800783
2025-1011318,2025-04-28,000001,Vente,225500,9,,PL ALEXANDRE 1E LOUIS BARTHOU,0100,78000,78646,Versailles,78,,,78646000AX0489,,,124,,219,28.75,,,,,,,2,3,Dépendance,,0,,,,,,2.140761,48.806449
2025-1011318,2025-04-28,000001,Vente,225500,9,,PL ALEXANDRE 1E LOUIS BARTHOU,0100,78000,78646,Versailles,78,,,78646000AX0489,,,167,,,,,,,,,,1,3,Dépendance,,0,,,,,,2.140761,48.806449
2025-1011318,2025-04-28,000001,Vente,225500,9,,PL ALEXANDRE 1E LOUIS BARTHOU,0100,78000,78646,Versailles,78,,,78646000AX0489,,,124,,219,28.75,,,,,,,2,2,Appartement,29,1,,,,,,2.140761,48.806449
2025-1011325,2025-04-28,000001,Vente,107000,1,,RUE DE L ORIENT,2130,78000,78646,Versailles,78,,,78646000BT0051,,,113,,,,,,,,,,1,3,Dépendance,,0,,,,,,2.127735,48.797144
2025-1011325,2025-04-28,000001,Vente,107000,1,,RUE DE L ORIENT,2130,78000,78646,Versailles,78,,,78646000BT0051,,,113,,,,,,,,,,1,2,Appartement,14,1,,,,,,2.127735,48.797144
2025-1011377,2025-04-24,000001,Vente,19000,35,,RUE HENRI SIMON,1330,78000,78646,Versailles,78,,,78646000AW0219,,,824,,,,,,,,,,1,3,Dépendance,,0,,,,,,2.147909,48.808568
2025-1011405,2025-04-30,000001,Vente,17500,48,,RUE ALBERT JOLY,0050,78000,78646,Versailles,78,,,78646000AR0060,,,89,,,,,,,,,,1,3,Dépendance,,0,,,,,,2.142363,48.809623
2025-1011411,2025-04-28,000001,Vente,182000,67,,RUE DES CHANTIERS,0530,78000,78646,Versailles,78,,,78646000BL0279,,,2,34.83,,,,,,,,,1,2,Appartement,37,2,,,,,,2.143241,48.793584
2025-1011463,2025-04-28,000001,Vente,855700,64,,RTE DE RUEIL,2660,78000,78646,Versailles,78,,,78646000AM0149,,,,,,,,,,,,,0,1,Maison,120,6,S,sols,,,258,2.140734,48.824368
2025-1011463,2025-04-28,000001,Vente,855700,64,,RTE DE RUEIL,2660,78000,78646,Versailles,78,,,78646000AM0149,,,,,,,,,,,,,0,2,Appartement,17,1,S,sols,,,258,2.140734,48.824368
2025-1011484,2025-04-22,000001,Vente,285300,41,,RUE DE LA BONNE AVENTURE,0390,78000,78646,Versailles,78,,,78646000AW0235,,,1,50.88,,,,,,,,,1,2,Appartement,53,3,,,,,,2.14989,48.806812
2025-1011487,2025-04-17,000001,Vente,1430000,50,,RUE DU PONT COLBERT,2370,78000,78646,Versailles,78,,,78646000BI0401,,,28,,29,,30,,300,378.98,31,,25,4,Local industriel. commercial ou assimilé,417,0,,,,,,2.14982,48.787686
2025-1011497,2025-04-29,000001,Vente,285000,26,D,RUE HENRI SIMON,1330,78000,78646,Versailles,78,,,78646000AW0006,,,726,,,,,,,,,,1,3,Dépendance,,0,,,,,,2.15013,48.808121
2025-1011497,2025-04-29,000001,Vente,285000,26,D,RUE HENRI SIMON,1330,78000,78646,Versailles,78,,,78646000AW0006,,,709,53.75,,,,,,,,,1,2,Appartement,54,2,,,,,,2.15013,48.808121
2025-1011497,2025-04-29,000001,Vente,285000,8,,RUE DE LA CEINTURE,0460,78000,78646,Versailles,78,,,78646000AW0006,,,1090,,,,,,,,,,1,3,Dépendance,,0,,,,,,2.15013,48.808121
2025-1011499,2025-04-30,000001,Vente,312250,29,,RUE DU MAL FOCH,1810,78000,78646,Versailles,78,,,78646000AE0070,,,35,,38,,4,,,,,,3,3,Dépendance,,0,,,,,,2.132101,48.807725
2025-1011499,2025-04-30,000001,Vente,312250,29,,RUE DU MAL FOCH,1810,78000,78646,Versailles,78,,,78646000AE0070,,,35,,38,,4,,,,,,3,2,Appartement,38,2,,,,,,2.132101,48.807725
2025-1011499,2025-04-30,000001,Vente,312250,29,,RUE DU MAL FOCH,1810,78000,78646,Versailles,78,,,78646000AE0070,,,35,,38,,4,,,,,,3,3,Dépendance,,0,,,,,,2.132101,48.807725
2025-1011500,2025-04-30,000001,Vente,2300000,5,,RUE DU BAILLAGE,0260,78000,78646,Versailles,78,,,78646000AE0091,,113,,,,,,,,,,,0,,,,,,,,,,2.131364,48.807615
2025-1011500,2025-04-30,000001,Vente,2300000,5,,RUE DU BAILLAGE,0260,78000,78646,Versailles,78,,,78646000AE0091,,124,,,,,,,,,,,0,,,,,,,,,,2.131364,48.807615
2025-1011517,2025-04-24,000001,Vente,52000,2,,RUE JEAN MERMOZ,1460,78000,78646,Versailles,78,,,78646000BN0167,,,602,,,,,,,,,,1,3,Dépendance,,0,,,,,,2.142752,48.797871
2025-1011529,2025-05-05,000001,Vente,1960000,8,,RUE GEORGES CLEMENCEAU,1200,78000,78646,Versailles,78,,,78646000AI0097,,,,,,,,,,,,,0,2,Appartement,33,1,S,sols,,,142,2.132472,48.804138
2025-1011529,2025-05-05,000001,Vente,1960000,8,,RUE GEORGES CLEMENCEAU,1200,78000,78646,Versailles,78,,,78646000AI0097,,,,,,,,,,,,,0,2,Appartement,63,3,S,sols,,,142,2.132472,48.804138
2025-1011529,2025-05-05,000001,Vente,1960000,8,,RUE GEORGES CLEMENCEAU,1200,78000,78646,Versailles,78,,,78646000AI0097,,,,,,,,,,,,,0,2,Appartement,58,3,S,sols,,,142,2.132472,48.804138
2025-1011529,2025-05-05,000001,Vente,1960000,8,,RUE GEORGES CLEMENCEAU,1200,78000,78646,Versailles,78,,,78646000AI0097,,,,,,,,,,,,,0,4,Local industriel. commercial ou assimilé,167,0,S,sols,,,142,2.132472,48.804138
2025-1011529,2025-05-05,000001,Vente,1960000,8,,RUE GEORGES CLEMENCEAU,1200,78000,78646,Versailles,78,,,78646000AI0097,,,,,,,,,,,,,0,4,Local industriel. commercial ou assimilé,24,0,S,sols,,,142,2.132472,48.804138
2025-1011529,2025-05-05,000001,Vente,1960000,8,,RUE GEORGES CLEMENCEAU,1200,78000,78646,Versailles,78,,,78646000AI0097,,,,,,,,,,,,,0,3,Dépendance,,0,S,sols,,,142,2.132472,48.804138
2025-1011529,2025-05-05,000001,Vente,1960000,8,,RUE GEORGES CLEMENCEAU,1200,78000,78646,Versailles,78,,,78646000AI0097,,,,,,,,,,,,,0,3,Dépendance,,0,S,sols,,,142,2.132472,48.804138
2025-1011529,2025-05-05,000001,Vente,1960000,8,,RUE GEORGES CLEMENCEAU,1200,78000,78646,Versailles,78,,,78646000AI0097,,,,,,,,,,,,,0,2,Appartement,24,1,S,sols,,,142,2.132472,48.804138
2025-1011529,2025-05-05,000001,Vente,1960000,8,,RUE GEORGES CLEMENCEAU,1200,78000,78646,Versailles,78,,,78646000AI0097,,,,,,,,,,,,,0,3,Dépendance,,0,S,sols,,,142,2.132472,48.804138
2025-1011529,2025-05-05,000001,Vente,1960000,8,,RUE GEORGES CLEMENCEAU,1200,78000,78646,Versailles,78,,,78646000AI0097,,,,,,,,,,,,,0,3,Dépendance,,0,S,sols,,,142,2.132472,48.804138
2025-1011529,2025-05-05,000001,Vente,1960000,8,,RUE GEORGES CLEMENCEAU,1200,78000,78646,Versailles,78,,,78646000AI0097,,,,,,,,,,,,,0,3,Dépendance,,0,S,sols,,,142,2.132472,48.804138
2025-1011529,2025-05-05,000001,Vente,1960000,8,,RUE GEORGES CLEMENCEAU,1200,78000,78646,Versailles,78,,,78646000AI0097,,,,,,,,,,,,,0,3,Dépendance,,0,S,sols,,,142,2.132472,48.804138
2025-1011529,2025-05-05,000001,Vente,1960000,8,,RUE GEORGES CLEMENCEAU,1200,78000,78646,Versailles,78,,,78646000AI0097,,,,,,,,,,,,,0,3,Dépendance,,0,S,sols,,,142,2.132472,48.804138
2025-1011529,2025-05-05,000001,Vente,1960000,8,,RUE GEORGES CLEMENCEAU,1200,78000,78646,Versailles,78,,,78646000AI0097,,,,,,,,,,,,,0,2,Appartement,33,2,S,sols,,,142,2.132472,48.804138
2025-1011529,2025-05-05,000001,Vente,1960000,8,,RUE GEORGES CLEMENCEAU,1200,78000,78646,Versailles,78,,,78646000AI0097,,,,,,,,,,,,,0,2,Appartement,24,1,S,sols,,,142,2.132472,48.804138
2025-1011543,2025-05-06,000001,Vente,398000,6,,RUE DU GENERAL PERSHING,1170,78000,78646,Versailles,78,,,78646000AS0051,,,1225,,,,,,,,,,1,3,Dépendance,,0,,,,,,2.152002,48.812811
2025-1011543,2025-05-06,000001,Vente,398000,6,,RUE DU GENERAL PERSHING,1170,78000,78646,Versailles,78,,,78646000AS0051,,,1225,,,,,,,,,,1,3,Dépendance,,0,,,,,,2.152002,48.812811
2025-1011570,2025-04-25,000001,Vente,301000,9,,RUE DES RESERVOIRS,2580,78000,78646,Versailles,78,,,78646000AC0241,,,105,33.07,,,,,,,,,1,2,Appartement,36,1,,,,,,2.123982,48.807695
2025-1011573,2025-05-14,000001,Vente,284000,58,,RUE DES CHANTIERS,0530,78000,78646,Versailles,78,,,78646000BL0327,,,241,,76,,,,,,,,2,2,Appartement,80,4,,,,,,2.142467,48.792993
2025-1011573,2025-05-14,000001,Vente,284000,58,,RUE DES CHANTIERS,0530,78000,78646,Versailles,78,,,78646000BL0327,,,241,,76,,,,,,,,2,3,Dépendance,,0,,,,,,2.142467,48.792993
2025-1011573,2025-05-14,000001,Vente,284000,56,,RUE DES CHANTIERS,0530,78000,78646,Versailles,78,,,78646000BL0327,,,390,,,,,,,,,,1,3,Dépendance,,0,,,,,,2.142467,48.792993
2025-1011576,2025-04-29,000001,Vente,532630,21,,RUE AUGUSTA HOLMES,0240,78000,78646,Versailles,78,,,78646000BI0218,,,,,,,,,,,,,0,3,Dépendance,,0,S,sols,,,254,2.154102,48.791298
2025-1011576,2025-04-29,000001,Vente,532630,21,,RUE AUGUSTA HOLMES,0240,78000,78646,Versailles,78,,,78646000BI0218,,,,,,,,,,,,,0,1,Maison,96,3,S,sols,,,254,2.154102,48.791298
2025-1011584,2025-05-13,000001,Vente,626396,3,,AV DE PORCHEFONTAINE,2380,78000,78646,Versailles,78,,,78646000BD0157,,,18,,,,,,,,,,1,3,Dépendance,,0,,,,,,2.15451,48.797411
2025-1011584,2025-05-13,000001,Vente,626396,3,B,AV DE PORCHEFONTAINE,2380,78000,78646,Versailles,78,,,78646000BD0157,,,151,117.03,93,,,,,,,,2,2,Appartement,117,5,,,,,,2.15451,48.797411
2025-1011584,2025-05-13,000001,Vente,626396,3,B,AV DE PORCHEFONTAINE,2380,78000,78646,Versailles,78,,,78646000BD0157,,,151,117.03,93,,,,,,,,2,3,Dépendance,,0,,,,,,2.15451,48.797411
2025-1011621,2025-05-13,000001,Vente,385000,2,,PL ROBERT DENIS,2625,78000,78646,Versailles,78,,,78646000AZ0110,,,1610,,1622,116.73,,,,,,,2,3,Dépendance,,0,,,,,,2.158672,48.8041
2025-1011621,2025-05-13,000001,Vente,385000,2,,PL ROBERT DENIS,2625,78000,78646,Versailles,78,,,78646000AZ0110,,,1610,,1622,116.73,,,,,,,2,2,Appartement,115,4,,,,,,2.158672,48.8041
2025-1011621,2025-05-13,000001,Vente,385000,5,,RUE DE L ECOLE DES POSTES,0850,78000,78646,Versailles,78,,,78646000AZ0110,,,3230,,,,,,,,,,1,3,Dépendance,,0,,,,,,2.158672,48.8041
2025-1011626,2025-05-12,000001,Vente,40000,9,,PL ALEXANDRE 1E LOUIS BARTHOU,0100,78000,78646,Versailles,78,,,78646000AX0489,,,184,,,,,,,,,,1,3,Dépendance,,0,,,,,,2.140761,48.806449
2025-1011628,2025-05-12,000001,Vente,420000,7,,PL ALEXANDRE 1E LOUIS BARTHOU,0100,78000,78646,Versailles,78,,,78646000AX0023,,,2,50.18,21,,,,,,,,2,3,Dépendance,,0,,,,,,2.141034,48.80622
2025-1011628,2025-05-12,000001,Vente,420000,7,,PL ALEXANDRE 1E LOUIS BARTHOU,0100,78000,78646,Versailles,78,,,78646000AX0023,,,2,50.18,21,,,,,,,,2,2,Appartement,60,3,,,,,,2.141034,48.80622
2025-1011648,2025-05-13,000001,Vente,183000,44,,RUE ALBERT SARRAUT,0080,78000,78646,Versailles,78,,,78646000BK0232,,,159,,35,31.2,,,,,,,2,2,Appartement,30,1,,,,,,2.14982,48.795098
2025-1011648,2025-05-13,000001,Vente,183000,44,,RUE ALBERT SARRAUT,0080,78000,78646,Versailles,78,,,78646000BK0232,,,159,,35,31.2,,,,,,,2,3,Dépendance,,0,,,,,,2.14982,48.795098
2025-1011652,2025-05-05,000001,Vente,499000,3,,RUE DE LIMOGES,1660,78000,78646,Versailles,78,,,78646000BR0043,,,2,81.42,,,,,,,,,1,3,Dépendance,,0,,,,,,2.132405,48.799591
2025-1011652,2025-05-05,000001,Vente,499000,3,,RUE DE LIMOGES,1660,78000,78646,Versailles,78,,,78646000BR0043,,,2,81.42,,,,,,,,,1,2,Appartement,78,3,,,,,,2.132405,48.799591
2025-1011656,2025-04-28,000001,Vente,180000,15,,RUE DE NOAILLES,2050,78000,78646,Versailles,78,,,78646000BR0079,,,15,,6,,,,,,,,2,2,Appartement,34,2,,,,,,2.135533,48.798843
2025-1011656,2025-04-28,000001,Vente,180000,15,,RUE DE NOAILLES,2050,78000,78646,Versailles,78,,,78646000BR0079,,,15,,6,,,,,,,,2,3,Dépendance,,0,,,,,,2.135533,48.798843
2025-1011679,2025-04-30,000001,Vente,670000,32,,RUE DES BOURDONNAIS,0400,78000,78646,Versailles,78,,,78646000BW0021,,,1,86.26,10,,4,,,,,,3,3,Dépendance,,0,,,,,,2.12756,48.795019
2025-1011679,2025-04-30,000001,Vente,670000,32,,RUE DES BOURDONNAIS,0400,78000,78646,Versailles,78,,,78646000BW0021,,,1,86.26,10,,4,,,,,,3,2,Appartement,77,3,,,,,,2.12756,48.795019
2025-1011687,2025-05-07,000001,Vente,368650,73,,RUE DE LA PAROISSE,2190,78000,78646,Versailles,78,,,78646000AI0177,,,49,,,,,,,,,,1,2,Appartement,43,3,,,,,,2.134758,48.806357
2025-1011705,2025-05-12,000001,Vente,22500,3,,RUE DE VERDUN,3140,78000,78646,Versailles,78,,,78646000AY0287,,,41,,,,,,,,,,1,3,Dépendance,,0,,,,,,2.150369,48.800861
2025-1011733,2025-04-30,000001,Vente,540000,5,,AV DE LA TRANQUILLITE,3055,78000,78646,Versailles,78,,,78646000AZ0110,,,800,,,,,,,,,,1,3,Dépendance,,0,,,,,,2.158672,48.8041
2025-1011733,2025-04-30,000001,Vente,540000,5,,AV DE LA TRANQUILLITE,3055,78000,78646,Versailles,78,,,78646000AZ0110,,,800,,,,,,,,,,1,2,Appartement,117,5,,,,,,2.158672,48.8041
2025-1011733,2025-04-30,000001,Vente,540000,5,,RUE DE L ECOLE DES POSTES,0850,78000,78646,Versailles,78,,,78646000AZ0110,,,597,,,,,,,,,,1,3,Dépendance,,0,,,,,,2.158672,48.8041
2025-1011736,2025-04-30,000001,Vente,595000,98,,AV DE PARIS,2180,78000,78646,Versailles,78,,,78646000BK0001,,,170,,32,111.49,,,,,,,2,2,Appartement,110,5,,,,,,2.149414,48.797242
2025-1011736,2025-04-30,000001,Vente,595000,98,,AV DE PARIS,2180,78000,78646,Versailles,78,,,78646000BK0001,,,170,,32,111.49,,,,,,,2,3,Dépendance,,0,,,,,,2.149414,48.797242
2025-1011736,2025-04-30,000001,Vente,595000,98,,AV DE PARIS,2180,78000,78646,Versailles,78,,,78646000BK0001,,,344,,,,,,,,,,1,3,Dépendance,,0,,,,,,2.149414,48.797242
2025-1011746,2025-04-30,000001,Vente,20000,23,,RUE SAINTE VICTOIRE,2920,78000,78646,Versailles,78,,,78646000AD0279,,,71,,,,,,,,,,1,3,Dépendance,,0,,,,,,2.131576,48.811777
2025-1011751,2025-04-25,000001,Vente,1093000,20,,RUE LAMARTINE,1590,78000,78646,Versailles,78,,,78646000BL0161,,,,,,,,,,,,,0,1,Maison,161,5,S,sols,,,432,2.146772,48.793976
2025-1011765,2025-05-16,000001,Vente,19500,1,,ALL LA BRUYERE,1557,78000,78646,Versailles,78,,,78646000AO0205,,,1630,,,,,,,,,,1,3,Dépendance,,0,,,,,,2.146857,48.813978
2025-1011770,2025-05-19,000001,Vente,18000,36,B,RUE MARIE HENRIETTE,1850,78000,78646,Versailles,78,,,78646000AV0103,,,6,,,,,,,,,,1,3,Dépendance,,0,,,,,,2.154105,48.811288
2025-1011770,2025-05-19,000001,Vente,18000,36,B,RUE MARIE HENRIETTE,1850,78000,78646,Versailles,78,,,78646000AV0103,,,20,,,,,,,,,,1,3,Dépendance,,0,,,,,,2.154105,48.811288
2025-1011770,2025-05-19,000001,Vente,18000,36,B,RUE MARIE HENRIETTE,1850,78000,78646,Versailles,78,,,78646000AV0103,,,19,,,,,,,,,,1,3,Dépendance,,0,,,,,,2.154105,48.811288
2025-1011773,2025-04-28,000001,Vente,880000,8,,RUE DE METZ,1900,78000,78646,Versailles,78,,,78646000AY0146,,,,,,,,,,,,,0,1,Maison,78,5,S,sols,,,219,2.151362,48.800161
2025-1011773,2025-04-28,000001,Vente,880000,3,,RUE DE VERDUN,3140,78000,78646,Versailles,78,,,78646000AY0287,,,52,,,,,,,,,,1,3,Dépendance,,0,,,,,,2.150369,48.800861
2025-1011774,2025-04-29,000001,Vente,611600,12,,AV DE PORCHEFONTAINE,2380,78000,78646,Versailles,78,,,78646000BK0021,,,1702,,,,,,,,,,1,3,Dépendance,,0,,,,,,2.152071,48.797176
2025-1011774,2025-04-29,000001,Vente,611600,12,,AV DE PORCHEFONTAINE,2380,78000,78646,Versailles,78,,,78646000BK0021,,,211,,231,114.63,,,,,,,2,2,Appartement,114,4,,,,,,2.152071,48.797176
2025-1011774,2025-04-29,000001,Vente,611600,12,,AV DE PORCHEFONTAINE,2380,78000,78646,Versailles,78,,,78646000BK0021,,,211,,231,114.63,,,,,,,2,3,Dépendance,,0,,,,,,2.152071,48.797176
2025-1011823,2025-05-15,000001,Vente,20000,47,,RUE DES CHANTIERS,0530,78000,78646,Versailles,78,,,78646000BL0467,,,62,,,,,,,,,,1,3,Dépendance,,0,,,,,,2.141787,48.794665
2025-1011841,2025-05-07,000001,Vente,1805000,3,B,RUE LEON GATIN,1610,78000,78646,Versailles,78,,,78646000BP0186,,,,,,,,,,,,,0,1,Maison,164,7,S,sols,,,648,2.14187,48.803799
2025-1011890,2025-04-30,000001,Vente,193000,25,,RUE DES RECOLLETS,2500,78000,78646,Versailles,78,,,78646000AH0049,,,24,,4,33.08,,,,,,,2,2,Appartement,32,2,,,,,,2.121812,48.801344
2025-1011890,2025-04-30,000001,Vente,193000,25,,RUE DES RECOLLETS,2500,78000,78646,Versailles,78,,,78646000AH0049,,,24,,4,33.08,,,,,,,2,3,Dépendance,,0,,,,,,2.121812,48.801344
2025-1011892,2025-05-16,000001,Vente,423000,5,,RUE PIERRE BERTIN,2290,78000,78646,Versailles,78,,,78646000AX0036,,,4,,,,,,,,,,1,3,Dépendance,,0,,,,,,2.14205,48.807319
2025-1011892,2025-05-16,000001,Vente,423000,5,,RUE PIERRE BERTIN,2290,78000,78646,Versailles,78,,,78646000AX0036,,,36,,65,70.66,,,,,,,2,2,Appartement,72,3,,,,,,2.14205,48.807319
2025-1011892,2025-05-16,000001,Vente,423000,5,,RUE PIERRE BERTIN,2290,78000,78646,Versailles,78,,,78646000AX0036,,,36,,65,70.66,,,,,,,2,3,Dépendance,,0,,,,,,2.14205,48.807319
2025-1011893,2025-05-16,000001,Vente,170000,8,,RUE DU GENERAL PERSHING,1170,78000,78646,Versailles,78,,,78646000AS0052,,,117,,53,22.35,,,,,,,2,2,Appartement,24,1,,,,,,2.151367,48.813337
2025-1011893,2025-05-16,000001,Vente,170000,8,,RUE DU GENERAL PERSHING,1170,78000,78646,Versailles,78,,,78646000AS0052,,,117,,53,22.35,,,,,,,2,3,Dépendance,,0,,,,,,2.151367,48.813337
2025-1011893,2025-05-16,000001,Vente,170000,8,,RUE DU GENERAL PERSHING,1170,78000,78646,Versailles,78,,,78646000AS0052,,,189,,,,,,,,,,1,3,Dépendance,,0,,,,,,2.151367,48.813337
2025-1011895,2025-05-09,000001,Vente,187750,10,,RUE D ARTOIS,0210,78000,78646,Versailles,78,,,78646000AX0351,,,18,,4,30.51,,,,,,,2,2,Appartement,28,1,,,,,,2.145546,48.804133
2025-1011895,2025-05-09,000001,Vente,187750,10,,RUE D ARTOIS,0210,78000,78646,Versailles,78,,,78646000AX0351,,,18,,4,30.51,,,,,,,2,3,Dépendance,,0,,,,,,2.145546,48.804133
2025-1011897,2025-04-30,000001,Vente,335600,89,,AV DE SAINT CLOUD,2730,78000,78646,Versailles,78,,,78646000AX0017,,,14,48.78,,,,,,,,,1,2,Appartement,53,3,,,,,,2.140018,48.806091
2025-1011897,2025-04-30,000001,Vente,335600,89,,AV DE SAINT CLOUD,2730,78000,78646,Versailles,78,,,78646000AX0017,,,14,48.78,,,,,,,,,1,3,Dépendance,,0,,,,,,2.140018,48.806091
2025-1011949,2025-05-09,000001,Vente,100000,17,,AV DE LA MAYE,1875,78000,78646,Versailles,78,,,78646000AL0139,,,50,,,,,,,,,,1,3,Dépendance,,0,,,,,,2.138843,48.817098
2025-1011962,2025-04-25,000001,Vente,266100,37,,BD DU ROI,2641,78000,78646,Versailles,78,,,78646000AC0316,,,4,,8,,,,,,,,2,2,Appartement,42,2,,,,,,2.127764,48.813963
2025-1012009,2025-05-22,000001,Vente,30000,6,,RUE DU MARECHAL GALLIENI,1812,78000,78646,Versailles,78,,,78646000AC0194,,,18,,,,,,,,,,1,3,Dépendance,,0,,,,,,2.124471,48.810515
2025-1012012,2025-05-23,000001,Vente,147020,24,,RUE JACQUES LEMERCIER,1420,78000,78646,Versailles,78,,,78646000AO0020,,,149,20.08,,,,,,,,,1,3,Dépendance,,0,,,,,,2.150001,48.814605
2025-1012019,2025-05-22,000001,Vente en l'état futur d'achèvement,603000,4,,PROM DE GALLY,1141,78000,78646,Versailles,78,,,78646000BY0121,,,30,,,,,,,,,,1,,,,,,,,,,2.079148,48.803081
2025-1012038,2025-05-23,000001,Vente,280193,3,,AV DE PORCHEFONTAINE,2380,78000,78646,Versailles,78,,,78646000BD0157,,,24,,,,,,,,,,1,3,Dépendance,,0,,,,,,2.15451,48.797411
2025-1012038,2025-05-23,000001,Vente,280193,3,,AV DE PORCHEFONTAINE,2380,78000,78646,Versailles,78,,,78646000BD0157,,,131,,64,,,,,,,,2,3,Dépendance,,0,,,,,,2.15451,48.797411
2025-1012038,2025-05-23,000001,Vente,280193,3,,AV DE PORCHEFONTAINE,2380,78000,78646,Versailles,78,,,78646000BD0157,,,131,,64,,,,,,,,2,2,Appartement,58,2,,,,,,2.15451,48.797411
2025-1012042,2025-05-22,000001,Vente en l'état futur d'achèvement,25000,8,,ALL DU CORDON BOISE,0714,78000,78646,Versailles,78,,,78646000BY0110,,,145,,,,,,,,,,1,,,,,,,,,,2.078228,48.802624
2025-1012043,2025-04-28,000001,Vente,302500,23,,AV DE SAINT CLOUD,2730,78000,78646,Versailles,78,,,78646000AE0295,,,4,49.5,,,,,,,,,1,4,Local industriel. commercial ou assimilé,49,0,,,,,,2.129905,48.805317
2025-1012046,2025-05-22,000001,Vente,258374,11,,RUE DE MOUCHY,2010,78000,78646,Versailles,78,,,78646000AD0183,,,9,36.95,,,,,,,,,1,2,Appartement,39,1,,,,,,2.12708,48.81074
2025-1012047,2025-05-22,000001,Vente,329245,6,,RUE DU MAL DE LATTRE DE TASSIG,1790,78000,78646,Versailles,78,,,78646000AL0093,,,25,64.55,59,,,,,,,,2,3,Dépendance,,0,,,,,,2.136708,48.81529
2025-1012047,2025-05-22,000001,Vente,329245,6,,RUE DU MAL DE LATTRE DE TASSIG,1790,78000,78646,Versailles,78,,,78646000AL0093,,,25,64.55,59,,,,,,,,2,2,Appartement,69,2,,,,,,2.136708,48.81529
2025-1012084,2025-05-16,000001,Vente,280000,14,B,RUE BENJAMIN FRANKLIN,0340,78000,78646,Versailles,78,,,78646000BR0190,,,329,,,,,,,,,,1,3,Dépendance,,0,,,,,,2.135581,48.798108
2025-1012084,2025-05-16,000001,Vente,280000,47,,RUE DES ETATS GENERAUX,0980,78000,78646,Versailles,78,,,78646000BR0190,,,133,,58,50.81,,,,,,,2,3,Dépendance,,0,,,,,,2.135581,48.798108
2025-1012084,2025-05-16,000001,Vente,280000,47,,RUE DES ETATS GENERAUX,0980,78000,78646,Versailles,78,,,78646000BR0190,,,133,,58,50.81,,,,,,,2,2,Appartement,53,2,,,,,,2.135581,48.798108
2025-1012085,2025-05-02,000001,Vente,609000,1,,RUE GEORGES GUYNEMER,1210,78000,78646,Versailles,78,,,78646000AX0214,,,14,,20,112.8,,,,,,,2,3,Dépendance,,0,,,,,,2.148223,48.804816
2025-1012085,2025-05-02,000001,Vente,609000,1,,RUE GEORGES GUYNEMER,1210,78000,78646,Versailles,78,,,78646000AX0214,,,14,,20,112.8,,,,,,,2,2,Appartement,76,4,,,,,,2.148223,48.804816
2025-1012085,2025-05-02,000001,Vente,609000,1,,RUE GEORGES GUYNEMER,1210,78000,78646,Versailles,78,,,78646000AX0214,,,14,,20,112.8,,,,,,,2,3,Dépendance,,0,,,,,,2.148223,48.804816
2025-1012118,2025-05-23,000001,Vente,340000,12,,AV DE PORCHEFONTAINE,2380,78000,78646,Versailles,78,,,78646000BK0021,,,612,,644,67.25,,,,,,,2,3,Dépendance,,0,,,,,,2.152071,48.797176
2025-1012118,2025-05-23,000001,Vente,340000,12,,AV DE PORCHEFONTAINE,2380,78000,78646,Versailles,78,,,78646000BK0021,,,1518,,,,,,,,,,1,3,Dépendance,,0,,,,,,2.152071,48.797176
2025-1012118,2025-05-23,000001,Vente,340000,12,,AV DE PORCHEFONTAINE,2380,78000,78646,Versailles,78,,,78646000BK0021,,,612,,644,67.25,,,,,,,2,2,Appartement,68,2,,,,,,2.152071,48.797176
2025-1012122,2025-05-12,000001,Vente,550000,96,B,AV DE PARIS,2180,78000,78646,Versailles,78,,,78646000BN0126,,,21,82.51,,,,,,,,,1,3,Dépendance,,0,,,,,,2.148622,48.797466
2025-1012122,2025-05-12,000001,Vente,550000,9001,,ALL DE MARIVEL,1853,78000,78646,Versailles,78,,,78646000BN0126,,,140,,,,,,,,,,1,3,Dépendance,,0,,,,,,2.148622,48.797466
2025-1012122,2025-05-12,000001,Vente,550000,9001,,ALL DE MARIVEL,1853,78000,78646,Versailles,78,,,78646000BN0126,,,152,,,,,,,,,,1,3,Dépendance,,0,,,,,,2.148622,48.797466
2025-1012122,2025-05-12,000001,Vente,550000,96,B,AV DE PARIS,2180,78000,78646,Versailles,78,,,78646000BN0126,,,21,82.51,,,,,,,,,1,2,Appartement,81,4,,,,,,2.148622,48.797466
2025-1012158,2025-05-20,000001,Vente,37000,39,,BD DU ROI,2641,78000,78646,Versailles,78,,,78646000AC0108,,,141,,,,,,,,,,1,3,Dépendance,,0,,,,,,2.127742,48.814503
2025-1012169,2025-05-20,000001,Vente,600000,18,,RUE JEAN DE LA FONTAINE,1439,78000,78646,Versailles,78,,,78646000BE0272,,,,,,,,,,,,,0,1,Maison,131,6,S,sols,,,268,2.161257,48.797435
2025-1012169,2025-05-20,000001,Vente,600000,47,,RUE YVES LE COZ,3210,78000,78646,Versailles,78,,,78646000BE0451,,,,,,,,,,,,,0,,,,,S,sols,,,6,2.161071,48.797549
2025-1012185,2025-05-20,000001,Vente,27000,9001,,AV DE SCEAUX,2980,78000,78646,Versailles,78,,,78646000AH0226,,,393,,,,,,,,,,1,3,Dépendance,,0,,,,,,2.126268,48.79975
2025-1012188,2025-04-30,000001,Vente,17000,22,,RUE JACQUES LEMERCIER,1420,78000,78646,Versailles,78,,,78646000AO0017,,,82,,,,,,,,,,1,3,Dépendance,,0,,,,,,2.149694,48.813972
2025-1012206,2025-04-30,000001,Vente,17000,22,,RUE JACQUES LEMERCIER,1420,78000,78646,Versailles,78,,,78646000AO0017,,,79,,,,,,,,,,1,3,Dépendance,,0,,,,,,2.149694,48.813972
2025-1012226,2025-03-18,000002,Vente,436000,20,,RUE DE MONTREUIL,2000,78000,78646,Versailles,78,,,78646000AX0560,,,,,,,,,,,,,0,,,,,S,sols,,,160,2.143963,48.804768
2025-1012230,2025-05-05,000001,Vente,641000,98,,AV DE PARIS,2180,78000,78646,Versailles,78,,,78646000BK0001,,,128,125.08,273,,,,,,,,2,2,Appartement,125,5,,,,,,2.149414,48.797242
2025-1012230,2025-05-05,000001,Vente,641000,98,,AV DE PARIS,2180,78000,78646,Versailles,78,,,78646000BK0001,,,128,125.08,273,,,,,,,,2,3,Dépendance,,0,,,,,,2.149414,48.797242
2025-1012230,2025-05-05,000001,Vente,641000,98,,AV DE PARIS,2180,78000,78646,Versailles,78,,,78646000BK0001,,,495,,,,,,,,,,1,3,Dépendance,,0,,,,,,2.149414,48.797242
2025-1012230,2025-05-05,000001,Vente,641000,98,,AV DE PARIS,2180,78000,78646,Versailles,78,,,78646000BK0001,,,520,,,,,,,,,,1,3,Dépendance,,0,,,,,,2.149414,48.797242
2025-1012259,2025-05-14,000001,Vente,190000,47,,RUE DE VERGENNES,3150,78000,78646,Versailles,78,,,78646000BS0065,,,9,,,,,,,,,,1,2,Appartement,33,3,,,,,,2.137776,48.79692
2025-1012265,2025-05-23,000001,Vente,800000,38,,AV DE SAINT CLOUD,2730,78000,78646,Versailles,78,,,78646000AI0284,,,23,,3,,,,,,,,2,2,Appartement,118,5,,,,,,2.134021,48.804526
2025-1012265,2025-05-23,000001,Vente,800000,38,,AV DE SAINT CLOUD,2730,78000,78646,Versailles,78,,,78646000AI0284,,,10,,15,,,,,,,,2,3,Dépendance,,0,,,,,,2.134021,48.804526
2025-1012265,2025-05-23,000001,Vente,800000,38,,AV DE SAINT CLOUD,2730,78000,78646,Versailles,78,,,78646000AI0284,,,10,,15,,,,,,,,2,3,Dépendance,,0,,,,,,2.134021,48.804526
2025-1012265,2025-05-23,000001,Vente,800000,38,,AV DE SAINT CLOUD,2730,78000,78646,Versailles,78,,,78646000AI0284,,,10,,15,,,,,,,,2,3,Dépendance,,0,,,,,,2.134021,48.804526
2025-1012265,2025-05-23,000001,Vente,800000,38,,AV DE SAINT CLOUD,2730,78000,78646,Versailles,78,,,78646000AI0284,,,10,,15,,,,,,,,2,3,Dépendance,,0,,,,,,2.134021,48.804526
2025-1012265,2025-05-23,000001,Vente,800000,38,,AV DE SAINT CLOUD,2730,78000,78646,Versailles,78,,,78646000AI0284,,,10,,15,,,,,,,,2,3,Dépendance,,0,,,,,,2.134021,48.804526
2025-1012265,2025-05-23,000001,Vente,800000,38,,AV DE SAINT CLOUD,2730,78000,78646,Versailles,78,,,78646000AI0284,,,10,,15,,,,,,,,2,3,Dépendance,,0,,,,,,2.134021,48.804526
2025-1012265,2025-05-23,000001,Vente,800000,38,,AV DE SAINT CLOUD,2730,78000,78646,Versailles,78,,,78646000AI0284,,,10,,15,,,,,,,,2,3,Dépendance,,0,,,,,,2.134021,48.804526
2025-1012265,2025-05-23,000001,Vente,800000,38,,AV DE SAINT CLOUD,2730,78000,78646,Versailles,78,,,78646000AI0284,,,10,,15,,,,,,,,2,3,Dépendance,,0,,,,,,2.134021,48.804526
2025-1012265,2025-05-23,000001,Vente,800000,38,,AV DE SAINT CLOUD,2730,78000,78646,Versailles,78,,,78646000AI0284,,,10,,15,,,,,,,,2,3,Dépendance,,0,,,,,,2.134021,48.804526
2025-1012265,2025-05-23,000001,Vente,800000,38,,AV DE SAINT CLOUD,2730,78000,78646,Versailles,78,,,78646000AI0284,,,10,,15,,,,,,,,2,3,Dépendance,,0,,,,,,2.134021,48.804526
2025-1012278,2025-05-19,000001,Vente,117000,7,,RUE DE LIMOGES,1660,78000,78646,Versailles,78,,,78646000BR0155,,,2,,,,,,,,,,1,3,Dépendance,,0,,,,,,2.132105,48.799139
2025-1012278,2025-05-19,000001,Vente,117000,7,,RUE DE LIMOGES,1660,78000,78646,Versailles,78,,,78646000BR0155,,,2,,,,,,,,,,1,2,Appartement,17,1,,,,,,2.132105,48.799139
2025-1012283,2025-05-14,000001,Vente,394115,3,,RUE LA QUINTINIE,2470,78000,78646,Versailles,78,,,78646000BV0008,,,26,,,,,,,,,,1,2,Appartement,56,2,,,,,,2.120518,48.800311
2025-1012319,2025-05-16,000001,Vente,45000,16,,RUE ALBERT JOLY,0050,78000,78646,Versailles,78,,,78646000AK0173,,,37,,,,,,,,,,1,3,Dépendance,,0,,,,,,2.137394,48.810233
2025-1012320,2025-05-15,000001,Vente,209529,2,B,PAS ROCHE,2630,78000,78646,Versailles,78,,,78646000AK0291,,,4,,,,,,,,,,1,2,Appartement,25,1,,,,,,2.136949,48.80995
2025-1012348,2025-04-29,000001,Vente en l'état futur d'achèvement,50000,8,,ALL DU CORDON BOISE,0714,78000,78646,Versailles,78,,,78646000BY0110,,,139,,,,,,,,,,1,,,,,,,,,,2.078228,48.802624
2025-1012348,2025-04-29,000001,Vente en l'état futur d'achèvement,50000,8,,ALL DU CORDON BOISE,0714,78000,78646,Versailles,78,,,78646000BY0110,,,140,,,,,,,,,,1,,,,,,,,,,2.078228,48.802624
2025-1012355,2025-05-06,000001,Vente,3515000,91,,AV DE PARIS,2180,78000,78646,Versailles,78,,,78646000AY0185,,,104,,,,,,,,,,1,3,Dépendance,,0,,,,,,2.152982,48.798995
2025-1012355,2025-05-06,000001,Vente,3515000,91,,AV DE PARIS,2180,78000,78646,Versailles,78,,,78646000AY0185,,,101,,,,,,,,,,1,2,Appartement,53,1,,,,,,2.152982,48.798995
2025-1012355,2025-05-06,000001,Vente,3515000,91,,AV DE PARIS,2180,78000,78646,Versailles,78,,,78646000AY0185,,,104,,105,,,,,,,,2,2,Appartement,162,4,,,,,,2.152982,48.798995
2025-1012355,2025-05-06,000001,Vente,3515000,93,,AV DE PARIS,2180,78000,78646,Versailles,78,,,78646000AY0185,,,2,,3,,4,,5,,6,,7,1,Maison,390,11,,,,,,2.152982,48.798995
2025-1012355,2025-05-06,000001,Vente,3515000,93,,AV DE PARIS,2180,78000,78646,Versailles,78,,,78646000AY0185,,,103,,,,,,,,,,1,3,Dépendance,,0,,,,,,2.152982,48.798995
2025-1012355,2025-05-06,000001,Vente,3515000,91,,AV DE PARIS,2180,78000,78646,Versailles,78,,,78646000AY0185,,,1,,,,,,,,,,1,2,Appartement,45,1,,,,,,2.152982,48.798995
2025-1012355,2025-05-06,000001,Vente,3515000,91,,AV DE PARIS,2180,78000,78646,Versailles,78,,,78646000AY0185,,,102,,,,,,,,,,1,2,Appartement,51,3,,,,,,2.152982,48.798995
2025-1012378,2025-03-18,000001,Vente,1374000,20,,RUE DE MONTREUIL,2000,78000,78646,Versailles,78,,,78646000AX0559,,,,,,,,,,,,,0,2,Appartement,74,3,S,sols,,,182,2.143988,48.804849
2025-1012378,2025-03-18,000001,Vente,1374000,20,,RUE DE MONTREUIL,2000,78000,78646,Versailles,78,,,78646000AX0559,,,,,,,,,,,,,0,4,Local industriel. commercial ou assimilé,72,0,S,sols,,,182,2.143988,48.804849
2025-1012378,2025-03-18,000001,Vente,1374000,20,,RUE DE MONTREUIL,2000,78000,78646,Versailles,78,,,78646000AX0559,,,,,,,,,,,,,0,4,Local industriel. commercial ou assimilé,40,0,S,sols,,,182,2.143988,48.804849
2025-1012378,2025-03-18,000001,Vente,1374000,20,,RUE DE MONTREUIL,2000,78000,78646,Versailles,78,,,78646000AX0559,,,,,,,,,,,,,0,2,Appartement,41,3,S,sols,,,182,2.143988,48.804849
2025-1012378,2025-03-18,000001,Vente,1374000,20,,RUE DE MONTREUIL,2000,78000,78646,Versailles,78,,,78646000AX0559,,,,,,,,,,,,,0,3,Dépendance,,0,S,sols,,,182,2.143988,48.804849
2025-1012378,2025-03-18,000001,Vente,1374000,20,,RUE DE MONTREUIL,2000,78000,78646,Versailles,78,,,78646000AX0559,,,,,,,,,,,,,0,3,Dépendance,,0,S,sols,,,182,2.143988,48.804849
2025-1012378,2025-03-18,000001,Vente,1374000,20,,RUE DE MONTREUIL,2000,78000,78646,Versailles,78,,,78646000AX0559,,,,,,,,,,,,,0,3,Dépendance,,0,S,sols,,,182,2.143988,48.804849
2025-1012378,2025-03-18,000001,Vente,1374000,20,,RUE DE MONTREUIL,2000,78000,78646,Versailles,78,,,78646000AX0559,,,,,,,,,,,,,0,3,Dépendance,,0,S,sols,,,182,2.143988,48.804849
2025-1012378,2025-03-18,000001,Vente,1374000,20,,RUE DE MONTREUIL,2000,78000,78646,Versailles,78,,,78646000AX0559,,,,,,,,,,,,,0,3,Dépendance,,0,S,sols,,,182,2.143988,48.804849
2025-1012378,2025-03-18,000001,Vente,1374000,20,,RUE DE MONTREUIL,2000,78000,78646,Versailles,78,,,78646000AX0559,,,,,,,,,,,,,0,3,Dépendance,,0,S,sols,,,182,2.143988,48.804849
2025-1012378,2025-03-18,000001,Vente,1374000,20,,RUE DE MONTREUIL,2000,78000,78646,Versailles,78,,,78646000AX0559,,,,,,,,,,,,,0,2,Appartement,50,3,S,sols,,,182,2.143988,48.804849
2025-1012378,2025-03-18,000001,Vente,1374000,20,,RUE DE MONTREUIL,2000,78000,78646,Versailles,78,,,78646000AX0559,,,,,,,,,,,,,0,2,Appartement,41,3,S,sols,,,182,2.143988,48.804849
2025-1012378,2025-03-18,000001,Vente,1374000,20,,RUE DE MONTREUIL,2000,78000,78646,Versailles,78,,,78646000AX0559,,,,,,,,,,,,,0,2,Appartement,40,3,S,sols,,,182,2.143988,48.804849
2025-1012378,2025-03-18,000001,Vente,1374000,20,,RUE DE MONTREUIL,2000,78000,78646,Versailles,78,,,78646000AX0559,,,,,,,,,,,,,0,2,Appartement,25,2,S,sols,,,182,2.143988,48.804849
2025-1012378,2025-03-18,000001,Vente,1374000,20,,RUE DE MONTREUIL,2000,78000,78646,Versailles,78,,,78646000AX0559,,,,,,,,,,,,,0,2,Appartement,18,1,S,sols,,,182,2.143988,48.804849
2025-1012378,2025-03-18,000001,Vente,1374000,20,,RUE DE MONTREUIL,2000,78000,78646,Versailles,78,,,78646000AX0559,,,,,,,,,,,,,0,2,Appartement,50,3,S,sols,,,182,2.143988,48.804849
2025-1012378,2025-03-18,000001,Vente,1374000,20,,RUE DE MONTREUIL,2000,78000,78646,Versailles,78,,,78646000AX0559,,,,,,,,,,,,,0,3,Dépendance,,0,S,sols,,,182,2.143988,48.804849
2025-1012389,2025-05-21,000001,Vente,495200,9,,AV DE LA TRANQUILLITE,3055,78000,78646,Versailles,78,,,78646000AZ0110,,,54,,80,117.31,,,,,,,2,3,Dépendance,,0,,,,,,2.158672,48.8041
2025-1012389,2025-05-21,000001,Vente,495200,5,,RUE DE L ECOLE DES POSTES,0850,78000,78646,Versailles,78,,,78646000AZ0110,,,2748,,,,,,,,,,1,3,Dépendance,,0,,,,,,2.158672,48.8041
2025-1012389,2025-05-21,000001,Vente,495200,9,,AV DE LA TRANQUILLITE,3055,78000,78646,Versailles,78,,,78646000AZ0110,,,54,,80,117.31,,,,,,,2,2,Appartement,119,5,,,,,,2.158672,48.8041
2025-1012423,2025-05-27,000001,Vente en l'état futur d'achèvement,326500,2,,PL DE GALLY,1133,78000,78646,Versailles,78,,,78646000BY0108,,,427,,,,,,,,,,1,,,,,,,,,,2.079319,48.802074
2025-1012423,2025-05-27,000001,Vente en l'état futur d'achèvement,326500,2,,PL DE GALLY,1133,78000,78646,Versailles,78,,,78646000BY0108,,,224,,,,,,,,,,1,,,,,,,,,,2.079319,48.802074
2025-1012441,2025-05-14,000001,Vente,555152,23,,RUE SAINTE VICTOIRE,2920,78000,78646,Versailles,78,,,78646000AD0279,,,81,,,,,,,,,,1,3,Dépendance,,0,,,,,,2.131576,48.811777
2025-1012441,2025-05-14,000001,Vente,555152,23,,RUE SAINTE VICTOIRE,2920,78000,78646,Versailles,78,,,78646000AD0279,,,24,,60,,,,,,,,2,2,Appartement,88,3,,,,,,2.131576,48.811777
2025-1012441,2025-05-14,000001,Vente,555152,23,,RUE SAINTE VICTOIRE,2920,78000,78646,Versailles,78,,,78646000AD0279,,,24,,60,,,,,,,,2,3,Dépendance,,0,,,,,,2.131576,48.811777
2025-1012441,2025-05-14,000001,Vente,555152,23,,RUE SAINTE VICTOIRE,2920,78000,78646,Versailles,78,,,78646000AD0279,,,24,,60,,,,,,,,2,3,Dépendance,,0,,,,,,2.131576,48.811777
2025-1012461,2025-05-16,000001,Vente,131380,22,B,AV DE SAINT CLOUD,2730,78000,78646,Versailles,78,,,78646000AI0014,,,12,,13,,,,,,,,2,2,Appartement,18,1,,,,,,2.131516,48.804543
2025-1012466,2025-05-20,000001,Vente,112000,15,,RUE MONTBAURON,1970,78000,78646,Versailles,78,,,78646000AI0072,,,25,,,,,,,,,,1,2,Appartement,17,1,,,,,,2.135047,48.803936
2025-1012468,2025-05-23,000001,Vente,638272,8,,RUE DU GENERAL PERSHING,1170,78000,78646,Versailles,78,,,78646000AS0052,,,145,,,,,,,,,,1,3,Dépendance,,0,,,,,,2.151367,48.813337
2025-1012468,2025-05-23,000001,Vente,638272,8,,RUE DU GENERAL PERSHING,1170,78000,78646,Versailles,78,,,78646000AS0052,,,14,110.81,77,,,,,,,,2,2,Appartement,105,5,,,,,,2.151367,48.813337
2025-1012468,2025-05-23,000001,Vente,638272,8,,RUE DU GENERAL PERSHING,1170,78000,78646,Versailles,78,,,78646000AS0052,,,138,,,,,,,,,,1,3,Dépendance,,0,,,,,,2.151367,48.813337
2025-1012468,2025-05-23,000001,Vente,638272,8,,RUE DU GENERAL PERSHING,1170,78000,78646,Versailles,78,,,78646000AS0052,,,184,,,,,,,,,,1,3,Dépendance,,0,,,,,,2.151367,48.813337
2025-1012468,2025-05-23,000001,Vente,638272,8,,RUE DU GENERAL PERSHING,1170,78000,78646,Versailles,78,,,78646000AS0052,,,14,110.81,77,,,,,,,,2,3,Dépendance,,0,,,,,,2.151367,48.813337
2025-1012482,2025-05-21,000001,Vente,513890,16,,RUE HOCHE,1350,78000,78646,Versailles,78,,,78646000AE0218,,,44,,46,58.65,5,,,,,,3,2,Appartement,60,4,,,,,,2.128837,48.806684
2025-1012482,2025-05-21,000001,Vente,513890,16,,RUE HOCHE,1350,78000,78646,Versailles,78,,,78646000AE0218,,,44,,46,58.65,5,,,,,,3,3,Dépendance,,0,,,,,,2.128837,48.806684
2025-1012502,2025-05-19,000001,Vente,723750,18,,AV DE PARIS,2180,78000,78646,Versailles,78,,,78646000BR0033,,,13,,8,90.17,,,,,,,2,3,Dépendance,,0,,,,,,2.133,48.800656
2025-1012502,2025-05-19,000001,Vente,723750,18,,AV DE PARIS,2180,78000,78646,Versailles,78,,,78646000BR0033,,,13,,8,90.17,,,,,,,2,2,Appartement,93,4,,,,,,2.133,48.800656
2025-1012506,2025-05-28,000001,Vente,861050,20,B,RUE MOLIERE,1940,78000,78646,Versailles,78,,,78646000BL0093,,,,,,,,,,,,,0,1,Maison,121,5,S,sols,,,233,2.147845,48.794288
2025-1012513,2025-04-30,000001,Vente,384000,5,,RUE DES CHANTIERS,0530,78000,78646,Versailles,78,,,78646000BS0033,,,13,,,,,,,,,,1,4,Local industriel. commercial ou assimilé,12,0,,,,,,2.136261,48.797305
2025-1012513,2025-04-30,000001,Vente,384000,5,,RUE DES CHANTIERS,0530,78000,78646,Versailles,78,,,78646000BS0033,,,16,,,,,,,,,,1,4,Local industriel. commercial ou assimilé,6,0,,,,,,2.136261,48.797305
2025-1012513,2025-04-30,000001,Vente,384000,5,,RUE DES CHANTIERS,0530,78000,78646,Versailles,78,,,78646000BS0033,,,14,,,,,,,,,,1,4,Local industriel. commercial ou assimilé,8,0,,,,,,2.136261,48.797305
2025-1012513,2025-04-30,000001,Vente,384000,5,,RUE DES CHANTIERS,0530,78000,78646,Versailles,78,,,78646000BS0033,,,24,,,,,,,,,,1,3,Dépendance,,0,,,,,,2.136261,48.797305
2025-1012513,2025-04-30,000001,Vente,384000,5,,RUE DES CHANTIERS,0530,78000,78646,Versailles,78,,,78646000BS0033,,,15,,,,,,,,,,1,1,Maison,174,4,,,,,,2.136261,48.797305
2025-1012513,2025-04-30,000001,Vente,384000,5,,RUE DES CHANTIERS,0530,78000,78646,Versailles,78,,,78646000BS0033,,,15,,,,,,,,,,1,4,Local industriel. commercial ou assimilé,11,0,,,,,,2.136261,48.797305
2025-1012541,2025-05-27,000001,Vente,250000,28,,RUE COSTE,0730,78000,78646,Versailles,78,,,78646000BE0079,,,,,,,,,,,,,0,1,Maison,70,6,S,sols,,,534,2.156641,48.794282
2025-1012541,2025-05-27,000001,Vente,250000,28,,RUE COSTE,0730,78000,78646,Versailles,78,,,78646000BE0079,,,,,,,,,,,,,0,4,Local industriel. commercial ou assimilé,70,0,S,sols,,,534,2.156641,48.794282
2025-1012568,2025-06-04,000001,Vente,378300,7,,AV DE LA TRANQUILLITE,3055,78000,78646,Versailles,78,,,78646000AZ0110,,,629,,806,93.41,,,,,,,2,3,Dépendance,,0,,,,,,2.158672,48.8041
2025-1012568,2025-06-04,000001,Vente,378300,7,,AV DE LA TRANQUILLITE,3055,78000,78646,Versailles,78,,,78646000AZ0110,,,629,,806,93.41,,,,,,,2,2,Appartement,94,4,,,,,,2.158672,48.8041
2025-1012568,2025-06-04,000001,Vente,378300,5,,RUE DE L ECOLE DES POSTES,0850,78000,78646,Versailles,78,,,78646000AZ0110,,,3299,,,,,,,,,,1,3,Dépendance,,0,,,,,,2.158672,48.8041
2025-1012579,2025-05-12,000001,Vente,190000,9,,RUE DU GENERAL LECLERC,1145,78000,78646,Versailles,78,,,78646000AH0139,,,4,32.63,,,,,,,,,1,2,Appartement,25,2,,,,,,2.125589,48.799633
2025-1012584,2025-05-22,000001,Vente,133700,108,,BD DE LA REINE,2520,78000,78646,Versailles,78,,,78646000AX0037,,,121,,,,,,,,,,1,2,Appartement,14,1,,,,,,2.142871,48.807658
2025-1012584,2025-05-22,000001,Vente,133700,108,,BD DE LA REINE,2520,78000,78646,Versailles,78,,,78646000AX0037,,,135,,,,,,,,,,1,3,Dépendance,,0,,,,,,2.142871,48.807658
2025-1012593,2025-05-27,000001,Vente,220000,25,,RUE DE VERGENNES,3150,78000,78646,Versailles,78,,,78646000BN0023,,,19,45.88,6,,,,,,,,2,3,Dépendance,,0,,,,,,2.138077,48.798326
2025-1012593,2025-05-27,000001,Vente,220000,25,,RUE DE VERGENNES,3150,78000,78646,Versailles,78,,,78646000BN0023,,,19,45.88,6,,,,,,,,2,2,Appartement,50,3,,,,,,2.138077,48.798326
2025-1012612,2025-05-16,000001,Vente,161000,36,,RUE DES RESERVOIRS,2580,78000,78646,Versailles,78,,,78646000AE0402,,,27,21.93,,,,,,,,,1,3,Dépendance,,0,,,,,,2.125799,48.809109
2025-1012612,2025-05-16,000001,Vente,161000,36,,RUE DES RESERVOIRS,2580,78000,78646,Versailles,78,,,78646000AE0402,,,62,,,,,,,,,,1,3,Dépendance,,0,,,,,,2.125799,48.809109
2025-1012618,2025-05-21,000001,Vente,740000,3,,RUE HARDY,1290,78000,78646,Versailles,78,,,78646000BV0012,,,2,92.38,,,,,,,,,1,3,Dépendance,,0,,,,,,2.120507,48.800173
2025-1012618,2025-05-21,000001,Vente,740000,3,,RUE HARDY,1290,78000,78646,Versailles,78,,,78646000BV0012,,,2,92.38,,,,,,,,,1,2,Appartement,60,3,,,,,,2.120507,48.800173
2025-1012618,2025-05-21,000001,Vente,740000,3,,RUE HARDY,1290,78000,78646,Versailles,78,,,78646000BV0012,,,3,,31,,,,,,,,2,2,Appartement,17,1,,,,,,2.120507,48.800173
2025-1012618,2025-05-21,000001,Vente,740000,3,,RUE HARDY,1290,78000,78646,Versailles,78,,,78646000BV0012,,,40,,,,,,,,,,1,3,Dépendance,,0,,,,,,2.120507,48.800173
2025-1012618,2025-05-21,000001,Vente,740000,3,,RUE HARDY,1290,78000,78646,Versailles,78,,,78646000BV0012,,,3,,31,,,,,,,,2,3,Dépendance,,0,,,,,,2.120507,48.800173
2025-1012621,2025-05-27,000001,Vente,340000,1,B,RUE SAINT HONORE,2780,78000,78646,Versailles,78,,,78646000BV0072,,,21,,35,50.24,37,,8,,,,4,3,Dépendance,,0,,,,,,2.125758,48.798713
2025-1012621,2025-05-27,000001,Vente,340000,1,B,RUE SAINT HONORE,2780,78000,78646,Versailles,78,,,78646000BV0072,,,21,,35,50.24,37,,8,,,,4,3,Dépendance,,0,,,,,,2.125758,48.798713
2025-1012621,2025-05-27,000001,Vente,340000,1,B,RUE SAINT HONORE,2780,78000,78646,Versailles,78,,,78646000BV0072,,,21,,35,50.24,37,,8,,,,4,2,Appartement,49,4,,,,,,2.125758,48.798713
2025-1012621,2025-05-27,000001,Vente,340000,1,B,RUE SAINT HONORE,2780,78000,78646,Versailles,78,,,78646000BV0072,,,21,,35,50.24,37,,8,,,,4,3,Dépendance,,0,,,,,,2.125758,48.798713
2025-1012641,2025-06-04,000001,Vente,105000,15,,RUE MONTBAURON,1970,78000,78646,Versailles,78,,,78646000AI0072,,,24,,,,,,,,,,1,2,Appartement,15,1,,,,,,2.135047,48.803936
2025-1012644,2025-05-19,000001,Vente,414900,53,,AV DES ETATS UNIS,0990,78000,78646,Versailles,78,,,78646000AS0050,,,8,78,,,,,,,,,1,2,Appartement,93,5,,,,,,2.151625,48.811927
2025-1012644,2025-05-19,000001,Vente,414900,53,,AV DES ETATS UNIS,0990,78000,78646,Versailles,78,,,78646000AS0050,,,8,78,,,,,,,,,1,3,Dépendance,,0,,,,,,2.151625,48.811927
2025-1012644,2025-05-19,000001,Vente,414900,53,,AV DES ETATS UNIS,0990,78000,78646,Versailles,78,,,78646000AS0050,,,41,,,,,,,,,,1,3,Dépendance,,0,,,,,,2.151625,48.811927
2025-1012663,2025-05-20,000001,Vente,1070000,30,,RUE DE L ORANGERIE,2110,78000,78646,Versailles,78,,,78646000BV0022,,,52,,,,,,,,,,1,3,Dépendance,,0,,,,,,2.123053,48.79962
2025-1012663,2025-05-20,000001,Vente,1070000,30,,RUE DE L ORANGERIE,2110,78000,78646,Versailles,78,,,78646000BV0022,,,11,,12,17.2,29,,44,,45,,5,3,Dépendance,,0,,,,,,2.123053,48.79962
2025-1012663,2025-05-20,000001,Vente,1070000,30,,RUE DE L ORANGERIE,2110,78000,78646,Versailles,78,,,78646000BV0022,,,11,,12,17.2,29,,44,,45,,5,2,Appartement,205,7,,,,,,2.123053,48.79962
2025-1012663,2025-05-20,000001,Vente,1070000,30,,RUE DE L ORANGERIE,2110,78000,78646,Versailles,78,,,78646000BV0022,,,11,,12,17.2,29,,44,,45,,5,3,Dépendance,,0,,,,,,2.123053,48.79962
2025-1012664,2025-05-20,000001,Vente,140000,30,,RUE DE L ORANGERIE,2110,78000,78646,Versailles,78,,,78646000BV0022,,,2,17.2,,,,,,,,,1,3,Dépendance,,0,,,,,,2.123053,48.79962
2025-1012664,2025-05-20,000001,Vente,140000,30,,RUE DE L ORANGERIE,2110,78000,78646,Versailles,78,,,78646000BV0022,,,13,14.47,,,,,,,,,1,3,Dépendance,,0,,,,,,2.123053,48.79962
2025-1012671,2025-05-28,000001,Vente,197500,23,,RUE BORGNIS DESBORDES,0395,78000,78646,Versailles,78,,,78646000BW0041,,,13,,15,,3,,,,,,3,3,Dépendance,,0,,,,,,2.127645,48.793886
2025-1012671,2025-05-28,000001,Vente,197500,23,,RUE BORGNIS DESBORDES,0395,78000,78646,Versailles,78,,,78646000BW0041,,,13,,15,,3,,,,,,3,2,Appartement,60,3,,,,,,2.127645,48.793886
2025-1012671,2025-05-28,000001,Vente,197500,23,,RUE BORGNIS DESBORDES,0395,78000,78646,Versailles,78,,,78646000BW0041,,,13,,15,,3,,,,,,3,3,Dépendance,,0,,,,,,2.127645,48.793886
2025-1012671,2025-05-28,000001,Vente,197500,23,,RUE BORGNIS DESBORDES,0395,78000,78646,Versailles,78,,,78646000BW0041,,,13,,15,,3,,,,,,3,3,Dépendance,,0,,,,,,2.127645,48.793886
2025-1012684,2025-05-14,000001,Vente,894900,57,,RUE D ANJOU,0190,78000,78646,Versailles,78,,,78646000BT0176,,,140,,,,,,,,,,1,3,Dépendance,,0,,,,,,2.129669,48.796409
2025-1012684,2025-05-14,000001,Vente,894900,57,,RUE D ANJOU,0190,78000,78646,Versailles,78,,,78646000BT0176,,,139,,,,,,,,,,1,3,Dépendance,,0,,,,,,2.129669,48.796409
2025-1012684,2025-05-14,000001,Vente,894900,57,,RUE D ANJOU,0190,78000,78646,Versailles,78,,,78646000BT0176,,,103,,,,,,,,,,1,2,Appartement,116,5,,,,,,2.129669,48.796409
2025-1012692,2025-05-12,000001,Vente,22000,98,,AV DE PARIS,2180,78000,78646,Versailles,78,,,78646000BK0001,,,444,,,,,,,,,,1,3,Dépendance,,0,,,,,,2.149414,48.797242
2025-1012703,2025-05-23,000001,Vente,8700,28,,RUE DE LA PAROISSE,2190,78000,78646,Versailles,78,,,78646000AE0188,,,7,,,,,,,,,,1,3,Dépendance,,0,,,,,,2.127676,48.807526
2025-1012727,2025-06-03,000001,Vente,426900,5,,RUE DE L ECOLE DES POSTES,0850,78000,78646,Versailles,78,,,78646000AZ0110,,,3603,,,,,,,,,,1,3,Dépendance,,0,,,,,,2.158672,48.8041
2025-1012727,2025-06-03,000001,Vente,426900,2,,PROM MONA LISA,1965,78000,78646,Versailles,78,,,78646000AZ0110,,,1671,,1766,101.17,,,,,,,2,2,Appartement,102,1,,,,,,2.158672,48.8041
2025-1012727,2025-06-03,000001,Vente,426900,2,,PROM MONA LISA,1965,78000,78646,Versailles,78,,,78646000AZ0110,,,1671,,1766,101.17,,,,,,,2,3,Dépendance,,0,,,,,,2.158672,48.8041
2025-1012729,2025-06-05,000001,Vente,19000,12,,AV DE PORCHEFONTAINE,2380,78000,78646,Versailles,78,,,78646000BK0021,,,1707,,,,,,,,,,1,3,Dépendance,,0,,,,,,2.152071,48.797176
2025-1012731,2025-06-02,000001,Vente,504400,155,,BD DE LA REINE,2520,78000,78646,Versailles,78,,,78646000AR0073,,,11,81.82,83,,,,,,,,2,3,Dépendance,,0,,,,,,2.145056,48.808479
2025-1012731,2025-06-02,000001,Vente,504400,155,,BD DE LA REINE,2520,78000,78646,Versailles,78,,,78646000AR0073,,,11,81.82,83,,,,,,,,2,2,Appartement,84,4,,,,,,2.145056,48.808479
2025-1012735,2025-06-04,000001,Vente,785550,8,,BD DU ROI,2641,78000,78646,Versailles,78,,,78646000AD0011,,,14,,5,,,,,,,,2,2,Appartement,56,3,,,,,,2.126615,48.810396
2025-1012735,2025-06-04,000001,Vente,785550,8,,BD DU ROI,2641,78000,78646,Versailles,78,,,78646000AD0011,,,13,,4,,,,,,,,2,3,Dépendance,,0,,,,,,2.126615,48.810396
2025-1012735,2025-06-04,000001,Vente,785550,8,,BD DU ROI,2641,78000,78646,Versailles,78,,,78646000AD0011,,,14,,5,,,,,,,,2,3,Dépendance,,0,,,,,,2.126615,48.810396
2025-1012735,2025-06-04,000001,Vente,785550,8,,BD DU ROI,2641,78000,78646,Versailles,78,,,78646000AD0011,,,13,,4,,,,,,,,2,2,Appartement,50,3,,,,,,2.126615,48.810396
2025-1012740,2025-06-03,000001,Vente,602000,53,,AV DE PARIS,2180,78000,78646,Versailles,78,,,78646000BP0132,,,186,,,,,,,,,,1,3,Dépendance,,0,,,,,,2.1408,48.800274
2025-1012740,2025-06-03,000001,Vente,602000,53,,AV DE PARIS,2180,78000,78646,Versailles,78,,,78646000BP0132,,,35,,88,,,,,,,,2,2,Appartement,121,6,,,,,,2.1408,48.800274
2025-1012740,2025-06-03,000001,Vente,602000,53,,AV DE PARIS,2180,78000,78646,Versailles,78,,,78646000BP0132,,,35,,88,,,,,,,,2,3,Dépendance,,0,,,,,,2.1408,48.800274
2025-1012779,2025-05-23,000001,Vente,26000,18,,RUE DU PARC DE CLAGNY,2171,78000,78646,Versailles,78,,,78646000AP0097,,,292,,,,,,,,,,1,3,Dépendance,,0,,,,,,2.141563,48.813647
2025-1012805,2025-05-28,000001,Vente,339846,57,,AV DE SAINT CLOUD,2730,78000,78646,Versailles,78,,,78646000AI0147,,,18,,20,,4,,5,,8,,5,3,Dépendance,,0,,,,,,2.13426,48.805602
2025-1012805,2025-05-28,000001,Vente,339846,57,,AV DE SAINT CLOUD,2730,78000,78646,Versailles,78,,,78646000AI0147,,,18,,20,,4,,5,,8,,5,2,Appartement,43,3,,,,,,2.13426,48.805602
2025-1012815,2025-06-03,000001,Vente,813000,8,,RUE ABEL LAUVRAY,0030,78000,78646,Versailles,78,,,78646000AZ0318,,,,,,,,,,,,,0,1,Maison,109,6,S,sols,,,229,2.158896,48.802776
2025-1012822,2025-06-04,000001,Vente,2103000,11,,RUE EDOUARD LEFEBVRE,0910,78000,78646,Versailles,78,,,78646000BR0133,,,,,,,,,,,,,0,2,Appartement,18,1,S,sols,,,305,2.13215,48.797601
2025-1012822,2025-06-04,000001,Vente,2103000,11,,RUE EDOUARD LEFEBVRE,0910,78000,78646,Versailles,78,,,78646000BR0133,,,,,,,,,,,,,0,2,Appartement,37,1,S,sols,,,305,2.13215,48.797601
2025-1012822,2025-06-04,000001,Vente,2103000,11,,RUE EDOUARD LEFEBVRE,0910,78000,78646,Versailles,78,,,78646000BR0133,,,,,,,,,,,,,0,2,Appartement,18,1,S,sols,,,305,2.13215,48.797601
2025-1012822,2025-06-04,000001,Vente,2103000,11,,RUE EDOUARD LEFEBVRE,0910,78000,78646,Versailles,78,,,78646000BR0133,,,,,,,,,,,,,0,2,Appartement,30,1,S,sols,,,305,2.13215,48.797601
2025-1012822,2025-06-04,000001,Vente,2103000,11,,RUE EDOUARD LEFEBVRE,0910,78000,78646,Versailles,78,,,78646000BR0133,,,,,,,,,,,,,0,2,Appartement,27,1,S,sols,,,305,2.13215,48.797601
2025-1012822,2025-06-04,000001,Vente,2103000,11,,RUE EDOUARD LEFEBVRE,0910,78000,78646,Versailles,78,,,78646000BR0133,,,,,,,,,,,,,0,2,Appartement,37,1,S,sols,,,305,2.13215,48.797601
2025-1012822,2025-06-04,000001,Vente,2103000,11,,RUE EDOUARD LEFEBVRE,0910,78000,78646,Versailles,78,,,78646000BR0133,,,,,,,,,,,,,0,2,Appartement,23,1,S,sols,,,305,2.13215,48.797601
2025-1012822,2025-06-04,000001,Vente,2103000,11,,RUE EDOUARD LEFEBVRE,0910,78000,78646,Versailles,78,,,78646000BR0133,,,,,,,,,,,,,0,2,Appartement,37,1,S,sols,,,305,2.13215,48.797601
2025-1012822,2025-06-04,000001,Vente,2103000,11,,RUE EDOUARD LEFEBVRE,0910,78000,78646,Versailles,78,,,78646000BR0133,,,,,,,,,,,,,0,2,Appartement,33,1,S,sols,,,305,2.13215,48.797601
2025-1012822,2025-06-04,000001,Vente,2103000,11,,RUE EDOUARD LEFEBVRE,0910,78000,78646,Versailles,78,,,78646000BR0133,,,,,,,,,,,,,0,2,Appartement,18,1,S,sols,,,305,2.13215,48.797601
2025-1012822,2025-06-04,000001,Vente,2103000,11,,RUE EDOUARD LEFEBVRE,0910,78000,78646,Versailles,78,,,78646000BR0133,,,,,,,,,,,,,0,4,Local industriel. commercial ou assimilé,246,0,S,sols,,,305,2.13215,48.797601
2025-1012825,2025-05-27,000001,Vente,1037900,14,,RUE CARNOT,0440,78000,78646,Versailles,78,,,78646000AE0333,,,15,,9,,,,,,,,2,2,Appartement,146,4,,,,,,2.126518,48.806223
2025-1012825,2025-05-27,000001,Vente,1037900,14,,RUE CARNOT,0440,78000,78646,Versailles,78,,,78646000AE0333,,,15,,9,,,,,,,,2,3,Dépendance,,0,,,,,,2.126518,48.806223
2025-1012825,2025-05-27,000001,Vente,1037900,14,,RUE CARNOT,0440,78000,78646,Versailles,78,,,78646000AE0333,,,15,,9,,,,,,,,2,3,Dépendance,,0,,,,,,2.126518,48.806223
2025-1012828,2025-05-28,000001,Vente,573520,29,,AV DE VILLENEUVE L ETANG,3200,78000,78646,Versailles,78,,,78646000AP0027,,,14,72.85,21,72.85,,,,,,,2,3,Dépendance,,0,,,,,,2.144126,48.815385
2025-1012828,2025-05-28,000001,Vente,573520,29,,AV DE VILLENEUVE L ETANG,3200,78000,78646,Versailles,78,,,78646000AP0027,,,14,72.85,21,72.85,,,,,,,2,3,Dépendance,,0,,,,,,2.144126,48.815385
2025-1012828,2025-05-28,000001,Vente,573520,29,,AV DE VILLENEUVE L ETANG,3200,78000,78646,Versailles,78,,,78646000AP0027,,,25,,,,,,,,,,1,3,Dépendance,,0,,,,,,2.144126,48.815385
2025-1012837,2025-06-04,000001,Vente,430000,108,,BD DE LA REINE,2520,78000,78646,Versailles,78,,,78646000AX0037,,,22,67.2,256,,,,,,,,2,3,Dépendance,,0,,,,,,2.142871,48.807658
2025-1012837,2025-06-04,000001,Vente,430000,108,,BD DE LA REINE,2520,78000,78646,Versailles,78,,,78646000AX0037,,,22,67.2,256,,,,,,,,2,2,Appartement,64,3,,,,,,2.142871,48.807658
2025-1012837,2025-06-04,000001,Vente,430000,108,,BD DE LA REINE,2520,78000,78646,Versailles,78,,,78646000AX0037,,,154,,,,,,,,,,1,3,Dépendance,,0,,,,,,2.142871,48.807658
2025-1012867,2025-06-10,000001,Vente,360000,8,,IMP DES GENDARMES,1140,78000,78646,Versailles,78,,,78646000BR0006,,,23,,24,,25,,41,,,,4,2,Appartement,68,4,,,,,,2.131117,48.80027
2025-1012873,2025-06-10,000001,Vente,734000,16,,RUE ROYALE,2648,78000,78646,Versailles,78,,,78646000BV0094,,,14,,21,,36,,,,,,3,3,Dépendance,,0,,,,,,2.126539,48.797765
2025-1012873,2025-06-10,000001,Vente,734000,16,,RUE ROYALE,2648,78000,78646,Versailles,78,,,78646000BV0094,,,14,,21,,36,,,,,,3,3,Dépendance,,0,,,,,,2.126539,48.797765
2025-1012873,2025-06-10,000001,Vente,734000,16,,RUE ROYALE,2648,78000,78646,Versailles,78,,,78646000BV0094,,,14,,21,,36,,,,,,3,2,Appartement,98,4,,,,,,2.126539,48.797765
2025-1012874,2025-06-02,000001,Vente,72000,55,,AV DE SAINT CLOUD,2730,78000,78646,Versailles,78,,,78646000AI0144,,,14,,,,,,,,,,1,2,Appartement,21,1,,,,,,2.13411,48.805589
2025-1012874,2025-06-02,000001,Vente,72000,55,,AV DE SAINT CLOUD,2730,78000,78646,Versailles,78,,,78646000AI0144,,,1,13.64,,,,,,,,,1,4,Local industriel. commercial ou assimilé,16,0,,,,,,2.13411,48.805589
2025-1012876,2025-05-19,000001,Vente,35000,32,,RUE DU MAL JOFFRE,1820,78000,78646,Versailles,78,,,78646000BW0207,,,120,,,,,,,,,,1,3,Dépendance,,0,,,,,,2.119719,48.794497
2025-1012890,2025-06-12,000001,Vente,899000,11,,RUE DE MOUCHY,2010,78000,78646,Versailles,78,,,78646000AD0183,,,1,125.15,20,,,,,,,,2,3,Dépendance,,0,,,,,,2.12708,48.81074
2025-1012890,2025-06-12,000001,Vente,899000,11,,RUE DE MOUCHY,2010,78000,78646,Versailles,78,,,78646000AD0183,,,1,125.15,20,,,,,,,,2,2,Appartement,119,4,,,,,,2.12708,48.81074
2025-1012890,2025-06-12,000001,Vente,899000,11,,RUE DE MOUCHY,2010,78000,78646,Versailles,78,,,78646000AD0183,,,14,10.04,,,,,,,,,1,3,Dépendance,,0,,,,,,2.12708,48.81074
2025-1012894,2025-06-12,000001,Vente,165000,36,,RUE DES RESERVOIRS,2580,78000,78646,Versailles,78,,,78646000AE0402,,,55,,,,,,,,,,1,3,Dépendance,,0,,,,,,2.125799,48.809109
2025-1012894,2025-06-12,000001,Vente,165000,36,,RUE DES RESERVOIRS,2580,78000,78646,Versailles,78,,,78646000AE0402,,,32,19.07,,,,,,,,,1,3,Dépendance,,0,,,,,,2.125799,48.809109
2025-1012946,2025-06-10,000001,Vente,24000,12,,AV DU GEN DE GAULLE,1143,78000,78646,Versailles,78,,,78646000AH0225,,,158,,,,,,,,,,1,3,Dépendance,,0,,,,,,2.128298,48.801276
2025-1012968,2025-06-11,000001,Vente,269000,28,,RUE DU GENERAL LECLERC,1145,78000,78646,Versailles,78,,,78646000BV0081,,,3,52.22,,,,,,,,,1,3,Dépendance,,0,,,,,,2.126652,48.798654
2025-1012968,2025-06-11,000001,Vente,269000,28,,RUE DU GENERAL LECLERC,1145,78000,78646,Versailles,78,,,78646000BV0081,,,3,52.22,,,,,,,,,1,2,Appartement,51,2,,,,,,2.126652,48.798654
2025-1012998,2025-06-09,000001,Vente,120000,36,,RUE DES RESERVOIRS,2580,78000,78646,Versailles,78,,,78646000AE0402,,,19,15.53,,,,,,,,,1,3,Dépendance,,0,,,,,,2.125799,48.809109
2025-1013001,2025-05-28,000001,Vente,473690,3,,PAS SAINT PIERRE,2870,78000,78646,Versailles,78,,,78646000AI0010,,,4,87.75,,,,,,,,,1,4,Local industriel. commercial ou assimilé,92,0,,,,,,2.131454,48.804296
2025-1013037,2025-06-04,000001,Vente,350000,59,,AV DES ETATS UNIS,0990,78000,78646,Versailles,78,,,78646000AS0054,,,367,,,,,,,,,,1,3,Dépendance,,0,,,,,,2.152632,48.814149
2025-1013037,2025-06-04,000001,Vente,350000,59,,AV DES ETATS UNIS,0990,78000,78646,Versailles,78,,,78646000AS0054,,,226,67.05,,,,,,,,,1,2,Appartement,63,4,,,,,,2.152632,48.814149
2025-1013053,2025-05-27,000001,Vente,325000,144,,AV DES ETATS UNIS,0990,78000,78646,Versailles,78,,,78646000AV0136,,,55,,9,,,,,,,,2,3,Dépendance,,0,,,,,,2.154971,48.812749
2025-1013053,2025-05-27,000001,Vente,325000,144,,AV DES ETATS UNIS,0990,78000,78646,Versailles,78,,,78646000AV0136,,,55,,9,,,,,,,,2,3,Dépendance,,0,,,,,,2.154971,48.812749
2025-1013053,2025-05-27,000001,Vente,325000,144,,AV DES ETATS UNIS,0990,78000,78646,Versailles,78,,,78646000AV0136,,,55,,9,,,,,,,,2,2,Appartement,86,4,,,,,,2.154971,48.812749
2025-1013053,2025-05-27,000001,Vente,325000,144,,AV DES ETATS UNIS,0990,78000,78646,Versailles,78,,,78646000AV0136,,,65,,,,,,,,,,1,3,Dépendance,,0,,,,,,2.154971,48.812749
2025-1013082,2025-05-21,000001,Vente,368421,14,B,BD DU ROI,2641,78000,78646,Versailles,78,,,78646000AD0417,,,29,,,,,,,,,,1,3,Dépendance,,0,,,,,,2.127,48.811138
2025-1013082,2025-05-21,000001,Vente,368421,14,B,BD DU ROI,2641,78000,78646,Versailles,78,,,78646000AD0417,,,19,,8,54.4,,,,,,,2,3,Dépendance,,0,,,,,,2.127,48.811138
2025-1013082,2025-05-21,000001,Vente,368421,14,B,BD DU ROI,2641,78000,78646,Versailles,78,,,78646000AD0417,,,19,,8,54.4,,,,,,,2,2,Appartement,54,2,,,,,,2.127,48.811138
2025-1013088,2025-05-26,000001,Vente,431650,5,,AV DE SAINT CLOUD,2730,78000,78646,Versailles,78,,,78646000AE0317,,,14,63.94,,,,,,,,,1,2,Appartement,48,3,,,,,,2.128338,48.805267
2025-1013088,2025-05-26,000001,Vente,431650,5,,AV DE SAINT CLOUD,2730,78000,78646,Versailles,78,,,78646000AE0317,,,14,63.94,,,,,,,,,1,3,Dépendance,,0,,,,,,2.128338,48.805267
2025-1013088,2025-05-26,000001,Vente,431650,5,,AV DE SAINT CLOUD,2730,78000,78646,Versailles,78,,,78646000AE0317,,,14,63.94,,,,,,,,,1,3,Dépendance,,0,,,,,,2.128338,48.805267
2025-1013092,2025-05-28,000001,Vente,550000,11,,RUE DES CHANTIERS,0530,78000,78646,Versailles,78,,,78646000BS0047,,,10,,14,,20,,3,,,,4,3,Dépendance,,0,,,,,,2.136771,48.796848
2025-1013092,2025-05-28,000001,Vente,550000,11,,RUE DES CHANTIERS,0530,78000,78646,Versailles,78,,,78646000BS0047,,,10,,14,,20,,3,,,,4,3,Dépendance,,0,,,,,,2.136771,48.796848
2025-1013092,2025-05-28,000001,Vente,550000,11,,RUE DES CHANTIERS,0530,78000,78646,Versailles,78,,,78646000BS0047,,,10,,14,,20,,3,,,,4,3,Dépendance,,0,,,,,,2.136771,48.796848
2025-1013092,2025-05-28,000001,Vente,550000,11,,RUE DES CHANTIERS,0530,78000,78646,Versailles,78,,,78646000BS0047,,,10,,14,,20,,3,,,,4,2,Appartement,100,4,,,,,,2.136771,48.796848
2025-1013097,2025-06-13,000001,Vente,170000,73,B,RUE DU MAL FOCH,1810,78000,78646,Versailles,78,,,78646000AD0475,,,131,20.07,,,,,,,,,1,2,Appartement,21,1,,,,,,2.135532,48.812595
2025-1013109,2025-06-04,000001,Vente,114000,108,,BD DE LA REINE,2520,78000,78646,Versailles,78,,,78646000AX0037,,,103,15,,,,,,,,,1,2,Appartement,14,1,,,,,,2.142871,48.807658
2025-1013129,2025-06-16,000001,Vente,335000,7,,RUE DES DEUX PORTES,0780,78000,78646,Versailles,78,,,78646000AE0260,,,11,,8,46.85,9,,,,,,3,4,Local industriel. commercial ou assimilé,74,0,,,,,,2.130361,48.805999
2025-1013129,2025-06-16,000001,Vente,335000,7,,RUE DES DEUX PORTES,0780,78000,78646,Versailles,78,,,78646000AE0260,,,66,,,,,,,,,,1,3,Dépendance,,0,,,,,,2.130361,48.805999
2025-1013129,2025-06-16,000001,Vente,335000,7,,RUE DES DEUX PORTES,0780,78000,78646,Versailles,78,,,78646000AE0260,,,10,,,,,,,,,,1,4,Local industriel. commercial ou assimilé,41,0,,,,,,2.130361,48.805999
2025-1013138,2025-06-16,000001,Vente,235000,16,,RUE BENJAMIN FRANKLIN,0340,78000,78646,Versailles,78,,,78646000BR0190,,,189,,231,,,,,,,,2,3,Dépendance,,0,,,,,,2.135581,48.798108
2025-1013138,2025-06-16,000001,Vente,235000,16,,RUE BENJAMIN FRANKLIN,0340,78000,78646,Versailles,78,,,78646000BR0190,,,189,,231,,,,,,,,2,2,Appartement,31,1,,,,,,2.135581,48.798108
2025-1013138,2025-06-16,000001,Vente,235000,14,B,RUE BENJAMIN FRANKLIN,0340,78000,78646,Versailles,78,,,78646000BR0190,,,262,,,,,,,,,,1,3,Dépendance,,0,,,,,,2.135581,48.798108
2025-1013139,2025-05-26,000001,Vente,427834,6,,RUE DU VIEUX VERSAILLES,3180,78000,78646,Versailles,78,,,78646000AH0024,,,59,,,,,,,,,,1,2,Appartement,70,3,,,,,,2.121467,48.800989
2025-1013142,2025-06-16,000001,Vente en l'état futur d'achèvement,994000,104,,AV DE PARIS,2180,78000,78646,Versailles,78,,,78646000BK0019,,,77,,,,,,,,,,1,3,Dépendance,,0,,,,,,2.150393,48.797197
2025-1013142,2025-06-16,000001,Vente en l'état futur d'achèvement,994000,104,,AV DE PARIS,2180,78000,78646,Versailles,78,,,78646000BK0019,,,53,109.78,,,,,,,,,1,1,Maison,110,5,,,,,,2.150393,48.797197
2025-1013144,2025-06-13,000001,Vente,695000,4,B,RUE DE LA CHAUMIERE,0580,78000,78646,Versailles,78,,,78646000BE0357,,,,,,,,,,,,,0,1,Maison,67,5,S,sols,,,364,2.161156,48.795336
2025-1013196,2025-06-05,000001,Vente,433900,2,T,RUE DU JEU DE PAUME,1490,78000,78646,Versailles,78,,,78646000AH0103,,,29,60.47,,,,,,,,,1,2,Appartement,35,2,,,,,,2.123552,48.801086
2025-1013203,2025-06-13,000001,Vente,610000,50,,AV DE VILLENEUVE L ETANG,3200,78000,78646,Versailles,78,,,78646000AO0162,,,519,,544,105.42,,,,,,,2,3,Dépendance,,0,,,,,,2.148061,48.818119
2025-1013203,2025-06-13,000001,Vente,610000,50,,AV DE VILLENEUVE L ETANG,3200,78000,78646,Versailles,78,,,78646000AO0162,,,519,,544,105.42,,,,,,,2,3,Dépendance,,0,,,,,,2.148061,48.818119
2025-1013203,2025-06-13,000001,Vente,610000,50,,AV DE VILLENEUVE L ETANG,3200,78000,78646,Versailles,78,,,78646000AO0162,,,251,,,,,,,,,,1,3,Dépendance,,0,,,,,,2.148061,48.818119
2025-1013203,2025-06-13,000001,Vente,610000,50,,AV DE VILLENEUVE L ETANG,3200,78000,78646,Versailles,78,,,78646000AO0162,,,252,,,,,,,,,,1,3,Dépendance,,0,,,,,,2.148061,48.818119
2025-1013203,2025-06-13,000001,Vente,610000,50,,AV DE VILLENEUVE L ETANG,3200,78000,78646,Versailles,78,,,78646000AO0162,,,519,,544,105.42,,,,,,,2,2,Appartement,111,5,,,,,,2.148061,48.818119
2025-1013213,2025-06-11,000001,Vente,343000,10,,RUE DE L ERMITAGE,0940,78000,78646,Versailles,78,,,78646000AC0314,,,250,61.75,270,,,,,,,,2,2,Appartement,61,2,,,,,,2.123933,48.814609
2025-1013213,2025-06-11,000001,Vente,343000,10,,RUE DE L ERMITAGE,0940,78000,78646,Versailles,78,,,78646000AC0314,,,56,,,,,,,,,,1,3,Dépendance,,0,,,,,,2.123933,48.814609
2025-1013213,2025-06-11,000001,Vente,343000,10,,RUE DE L ERMITAGE,0940,78000,78646,Versailles,78,,,78646000AC0314,,,250,61.75,270,,,,,,,,2,3,Dépendance,,0,,,,,,2.123933,48.814609
2025-1013248,2025-06-11,000001,Vente,19000,39,,BD DU ROI,2641,78000,78646,Versailles,78,,,78646000AC0108,,,171,,,,,,,,,,1,3,Dépendance,,0,,,,,,2.127742,48.814503
2025-1013269,2025-06-10,000001,Vente,185000,34,,RUE DES MISSIONNAIRES,1920,78000,78646,Versailles,78,,,78646000AD0327,,,15,60.36,,,,,,,,,1,4,Local industriel. commercial ou assimilé,60,0,,,,,,2.134334,48.812132
2025-1013293,2025-06-03,000001,Vente,235500,13,,RUE ST SYMPHORIEN,2913,78000,78646,Versailles,78,,,78646000AZ0180,,,37,,60,32.56,,,,,,,2,3,Dépendance,,0,,,,,,2.15743,48.806201
2025-1013293,2025-06-03,000001,Vente,235500,13,,RUE ST SYMPHORIEN,2913,78000,78646,Versailles,78,,,78646000AZ0180,,,37,,60,32.56,,,,,,,2,2,Appartement,34,1,,,,,,2.15743,48.806201
2025-1013293,2025-06-03,000001,Vente,235500,13,,RUE ST SYMPHORIEN,2913,78000,78646,Versailles,78,,,78646000AZ0180,,,78,,,,,,,,,,1,3,Dépendance,,0,,,,,,2.15743,48.806201
2025-1013300,2025-06-17,000001,Vente,2000000,11,,RUE ALEXIS FOURCAULT,0130,78000,78646,Versailles,78,,,78646000AW0066,,,1,,10,,11,,2,,3,,11,1,Maison,178,7,,,,,,2.153416,48.8056
2025-1013344,2025-06-13,000001,Vente,495000,56,,BD DE LA REPUBLIQUE,2570,78000,78646,Versailles,78,,,78646000AX0481,,,25,91.97,29,,,,,,,,2,3,Dépendance,,0,,,,,,2.151437,48.805166
2025-1013344,2025-06-13,000001,Vente,495000,56,,BD DE LA REPUBLIQUE,2570,78000,78646,Versailles,78,,,78646000AX0481,,,78,,,,,,,,,,1,3,Dépendance,,0,,,,,,2.151437,48.805166
2025-1013344,2025-06-13,000001,Vente,495000,56,,BD DE LA REPUBLIQUE,2570,78000,78646,Versailles,78,,,78646000AX0481,,,25,91.97,29,,,,,,,,2,2,Appartement,92,5,,,,,,2.151437,48.805166
2025-1013347,2025-05-22,000001,Vente,326000,7,,RUE RICHAUD,2610,78000,78646,Versailles,78,,,78646000AI0313,,,5,37.57,,,,,,,,,1,2,Appartement,41,2,,,,,,2.135209,48.807376
2025-1013349,2025-06-02,000001,Vente,300000,17,T,RUE DU PONT COLBERT,2370,78000,78646,Versailles,78,,,78646000BI0022,,,345,63.93,,,,,,,,,1,2,Appartement,63,4,,,,,,2.149624,48.789909
2025-1013349,2025-06-02,000001,Vente,300000,17,T,RUE DU PONT COLBERT,2370,78000,78646,Versailles,78,,,78646000BI0022,,,345,63.93,,,,,,,,,1,3,Dépendance,,0,,,,,,2.149624,48.789909
2025-1013358,2025-06-16,000001,Vente,1680,19,,ALL DES MARRONNIERS,1862,78000,78646,Versailles,78,,,78646000CB0065,,,,,,,,,,,,,0,,,,,S,sols,,,23,2.095692,48.783279
2025-1013369,2025-06-05,000001,Vente,291000,17,T,RUE DU PONT COLBERT,2370,78000,78646,Versailles,78,,,78646000BI0022,,,482,64.51,,,,,,,,,1,3,Dépendance,,0,,,,,,2.149624,48.789909
2025-1013369,2025-06-05,000001,Vente,291000,17,T,RUE DU PONT COLBERT,2370,78000,78646,Versailles,78,,,78646000BI0022,,,482,64.51,,,,,,,,,1,2,Appartement,65,4,,,,,,2.149624,48.789909
2025-1013401,2025-06-12,000001,Vente,500000,22,,RUE CARNOT,0440,78000,78646,Versailles,78,,,78646000AE0314,,,4,81.28,,,,,,,,,1,4,Local industriel. commercial ou assimilé,80,0,,,,,,2.128703,48.805657
2025-1013407,2025-05-20,000001,Vente,370000,19,,RUE DE LA POURVOIERIE,2420,78000,78646,Versailles,78,,,78646000AI0206,,,5,54.04,,,,,,,,,1,2,Appartement,54,2,,,,,,2.132994,48.807129
2025-1013414,2025-06-04,000001,Vente,320000,17,T,RUE DU PONT COLBERT,2370,78000,78646,Versailles,78,,,78646000BI0022,,,411,62.44,,,,,,,,,1,3,Dépendance,,0,,,,,,2.149624,48.789909
2025-1013414,2025-06-04,000001,Vente,320000,17,T,RUE DU PONT COLBERT,2370,78000,78646,Versailles,78,,,78646000BI0022,,,411,62.44,,,,,,,,,1,2,Appartement,64,4,,,,,,2.149624,48.789909
2025-1013446,2025-06-06,000001,Vente,666666,2,,RUE EMILE DESCHAMPS,0930,78000,78646,Versailles,78,,,78646000AX0558,,,29,,7,,,,,,,,2,3,Dépendance,,0,,,,,,2.150198,48.804871
2025-1013446,2025-06-06,000001,Vente,666666,2,,RUE EMILE DESCHAMPS,0930,78000,78646,Versailles,78,,,78646000AX0558,,,80,,,,,,,,,,1,3,Dépendance,,0,,,,,,2.150198,48.804871
2025-1013446,2025-06-06,000001,Vente,666666,2,,RUE EMILE DESCHAMPS,0930,78000,78646,Versailles,78,,,78646000AX0558,,,29,,7,,,,,,,,2,2,Appartement,107,4,,,,,,2.150198,48.804871
2025-1013468,2025-06-13,000001,Vente,219500,38,,RUE MARIE HENRIETTE,1850,78000,78646,Versailles,78,,,78646000AV0104,,,2,47.73,6,47.73,8,47.73,,,,,3,2,Appartement,50,3,,,,,,2.153844,48.811387
2025-1013473,2025-05-28,000001,Vente,197000,17,,RUE DE NOAILLES,2050,78000,78646,Versailles,78,,,78646000BR0078,,,8,,,,,,,,,,1,2,Appartement,34,2,,,,,,2.135548,48.79871
2025-1013479,2025-05-27,000001,Vente,20000,27,,RUE LAFAYETTE,1580,78000,78646,Versailles,78,,,78646000AD0220,,,13,,,,,,,,,,1,3,Dépendance,,0,,,,,,2.128157,48.81239
2025-1013482,2025-06-20,000001,Vente,55000,33,,RUE DU MAL FOCH,1810,78000,78646,Versailles,78,,,78646000AE0432,,,91,,,,,,,,,,1,4,Local industriel. commercial ou assimilé,188,0,,,,,,2.132245,48.807957
2025-1013487,2025-06-20,000001,Vente,547000,12,,AV DE PORCHEFONTAINE,2380,78000,78646,Versailles,78,,,78646000BK0021,,,1695,,,,,,,,,,1,3,Dépendance,,0,,,,,,2.152071,48.797176
2025-1013487,2025-06-20,000001,Vente,547000,12,,AV DE PORCHEFONTAINE,2380,78000,78646,Versailles,78,,,78646000BK0021,,,213,,246,97.9,,,,,,,2,2,Appartement,97,3,,,,,,2.152071,48.797176
2025-1013487,2025-06-20,000001,Vente,547000,12,,AV DE PORCHEFONTAINE,2380,78000,78646,Versailles,78,,,78646000BK0021,,,1694,,,,,,,,,,1,3,Dépendance,,0,,,,,,2.152071,48.797176
2025-1013487,2025-06-20,000001,Vente,547000,12,,AV DE PORCHEFONTAINE,2380,78000,78646,Versailles,78,,,78646000BK0021,,,213,,246,97.9,,,,,,,2,3,Dépendance,,0,,,,,,2.152071,48.797176
2025-1013491,2025-06-04,000001,Vente,162500,44,,RUE ALBERT SARRAUT,0080,78000,78646,Versailles,78,,,78646000BK0232,,,201,,48,,,,,,,,2,2,Appartement,29,1,,,,,,2.14982,48.795098
2025-1013491,2025-06-04,000001,Vente,162500,44,,RUE ALBERT SARRAUT,0080,78000,78646,Versailles,78,,,78646000BK0232,,,201,,48,,,,,,,,2,3,Dépendance,,0,,,,,,2.14982,48.795098
2025-1013537,2025-06-19,000001,Vente,285000,5,,RUE DE L ECOLE DES POSTES,0850,78000,78646,Versailles,78,,,78646000AZ0110,,,3498,,,,,,,,,,1,3,Dépendance,,0,,,,,,2.158672,48.8041
2025-1013537,2025-06-19,000001,Vente,285000,9,,PL ROYALE,2650,78000,78646,Versailles,78,,,78646000AZ0110,,,1163,,1226,114.1,,,,,,,2,2,Appartement,117,5,,,,,,2.158672,48.8041
2025-1013537,2025-06-19,000001,Vente,285000,9,,PL ROYALE,2650,78000,78646,Versailles,78,,,78646000AZ0110,,,1163,,1226,114.1,,,,,,,2,3,Dépendance,,0,,,,,,2.158672,48.8041
2025-1013572,2025-06-16,000001,Echange,550000,6,,RUE JACQUES LEMERCIER,1420,78000,78646,Versailles,78,,,78646000AO0161,,,210,,,,,,,,,,1,3,Dépendance,,0,,,,,,2.146422,48.814501
2025-1013572,2025-06-16,000001,Echange,550000,6,,RUE JACQUES LEMERCIER,1420,78000,78646,Versailles,78,,,78646000AO0161,,,103,,8,,,,,,,,2,3,Dépendance,,0,,,,,,2.146422,48.814501
2025-1013572,2025-06-16,000001,Echange,550000,6,,RUE JACQUES LEMERCIER,1420,78000,78646,Versailles,78,,,78646000AO0161,,,210,,,,,,,,,,1,2,Appartement,72,3,,,,,,2.146422,48.814501
2025-1013601,2025-05-27,000001,Vente,510000,132,,RUE REMONT,2560,78000,78646,Versailles,78,,,78646000BI0255,,,,,,,,,,,,,0,1,Maison,39,3,S,sols,,,419,2.152617,48.789704
2025-1013620,2025-06-02,000001,Vente,482150,27,,RUE JACQUES LEMERCIER,1420,78000,78646,Versailles,78,,,78646000AO0064,,,23,82,24,,,,,,,,2,3,Dépendance,,0,,,,,,2.148415,48.815728
2025-1013620,2025-06-02,000001,Vente,482150,27,,RUE JACQUES LEMERCIER,1420,78000,78646,Versailles,78,,,78646000AO0064,,,23,82,24,,,,,,,,2,2,Appartement,82,4,,,,,,2.148415,48.815728
2025-1013642,2025-06-06,000001,Vente,590400,32,,RUE DE LA PAROISSE,2190,78000,78646,Versailles,78,,,78646000AE0203,,,12,,13,,14,,15,,38,,5,3,Dépendance,,0,,,,,,2.127906,48.807475
2025-1013642,2025-06-06,000001,Vente,590400,32,,RUE DE LA PAROISSE,2190,78000,78646,Versailles,78,,,78646000AE0203,,,20,,,,,,,,,,1,3,Dépendance,,0,,,,,,2.127906,48.807475
2025-1013642,2025-06-06,000001,Vente,590400,32,,RUE DE LA PAROISSE,2190,78000,78646,Versailles,78,,,78646000AE0203,,,39,93.03,,,,,,,,,1,2,Appartement,59,2,,,,,,2.127906,48.807475
2025-1013645,2025-06-17,000001,Vente,1250000,50,,RUE DU PONT COLBERT,2370,78000,78646,Versailles,78,,,78646000BI0401,,,302,,38,,39,,40,,41,,6,4,Local industriel. commercial ou assimilé,60,0,,,,,,2.14982,48.787686
2025-1013645,2025-06-17,000001,Vente,1250000,50,,RUE DU PONT COLBERT,2370,78000,78646,Versailles,78,,,78646000BI0401,,,301,352.08,34,,35,,36,,37,,5,4,Local industriel. commercial ou assimilé,349,0,,,,,,2.14982,48.787686
2025-1013660,2025-06-17,000001,Vente,149000,37,,RUE DU MAL JOFFRE,1820,78000,78646,Versailles,78,,,78646000BW0218,,,125,17.11,,,,,,,,,1,2,Appartement,26,2,,,,,,2.12084,48.793636
2025-1013661,2025-06-11,000001,Vente,358000,2,,RUE JEAN MERMOZ,1460,78000,78646,Versailles,78,,,78646000BN0167,,,304,66,729,,,,,,,,2,3,Dépendance,,0,,,,,,2.142752,48.797871
2025-1013661,2025-06-11,000001,Vente,358000,2,,RUE JEAN MERMOZ,1460,78000,78646,Versailles,78,,,78646000BN0167,,,304,66,729,,,,,,,,2,2,Appartement,66,3,,,,,,2.142752,48.797871
2025-1013681,2025-06-19,000001,Vente,90000,53,,RUE EXELMANS,1020,78000,78646,Versailles,78,,,78646000AC0306,,,17005,,,,,,,,,,1,3,Dépendance,,0,,,,,,2.125764,48.813952
2025-1013681,2025-06-19,000001,Vente,90000,53,,RUE EXELMANS,1020,78000,78646,Versailles,78,,,78646000AC0306,,,17002,,,,,,,,,,1,3,Dépendance,,0,,,,,,2.125764,48.813952
2025-1013681,2025-06-19,000001,Vente,90000,53,,RUE EXELMANS,1020,78000,78646,Versailles,78,,,78646000AC0306,,,17003,,,,,,,,,,1,3,Dépendance,,0,,,,,,2.125764,48.813952
2025-1013681,2025-06-19,000001,Vente,90000,53,,RUE EXELMANS,1020,78000,78646,Versailles,78,,,78646000AC0306,,,17004,,,,,,,,,,1,3,Dépendance,,0,,,,,,2.125764,48.813952
2025-1013690,2025-06-20,000001,Vente,195000,17,T,RUE DU PONT COLBERT,2370,78000,78646,Versailles,78,,,78646000BI0022,,,383,40.17,,,,,,,,,1,2,Appartement,49,1,,,,,,2.149624,48.789909
2025-1013690,2025-06-20,000001,Vente,195000,17,T,RUE DU PONT COLBERT,2370,78000,78646,Versailles,78,,,78646000BI0022,,,383,40.17,,,,,,,,,1,3,Dépendance,,0,,,,,,2.149624,48.789909
2025-1013692,2025-06-19,000001,Vente,198510,58,,RUE DU MAL FOCH,1810,78000,78646,Versailles,78,,,78646000AK0127,,,34,23.42,,,,,,,,,1,2,Appartement,24,1,,,,,,2.135211,48.81139
2025-1013698,2025-06-18,000001,Vente,151000,10,,RUE DE L ERMITAGE,0940,78000,78646,Versailles,78,,,78646000AC0314,,,277,20.22,,,,,,,,,1,3,Dépendance,,0,,,,,,2.123933,48.814609
2025-1013698,2025-06-18,000001,Vente,151000,10,,RUE DE L ERMITAGE,0940,78000,78646,Versailles,78,,,78646000AC0314,,,277,20.22,,,,,,,,,1,3,Dépendance,,0,,,,,,2.123933,48.814609
2025-1013702,2025-06-20,000001,Vente,165000,15,,RUE ST SYMPHORIEN,2913,78000,78646,Versailles,78,,,78646000AZ0183,,,48,,,,,,,,,,1,3,Dépendance,,0,,,,,,2.157986,48.805991
2025-1013702,2025-06-20,000001,Vente,165000,15,,RUE ST SYMPHORIEN,2913,78000,78646,Versailles,78,,,78646000AZ0183,,,29,,9,28.47,,,,,,,2,3,Dépendance,,0,,,,,,2.157986,48.805991
2025-1013702,2025-06-20,000001,Vente,165000,15,,RUE ST SYMPHORIEN,2913,78000,78646,Versailles,78,,,78646000AZ0183,,,29,,9,28.47,,,,,,,2,2,Appartement,29,1,,,,,,2.157986,48.805991
2025-1013703,2025-06-19,000001,Vente,711500,36,,RUE YVES LE COZ,3210,78000,78646,Versailles,78,,,78646000BD0047,,,,,,,,,,,,,0,1,Maison,70,3,S,sols,,,373,2.158831,48.796966
2025-1013703,2025-06-19,000001,Vente,711500,36,,RUE YVES LE COZ,3210,78000,78646,Versailles,78,,,78646000BD0047,,,,,,,,,,,,,0,3,Dépendance,,0,S,sols,,,373,2.158831,48.796966
2025-1013722,2025-06-23,000001,Vente,541400,5,,RUE DES MISSIONNAIRES,1920,78000,78646,Versailles,78,,,78646000AD0407,,,256,82.04,257,,,,,,,,2,2,Appartement,84,4,,,,,,2.129146,48.814076
2025-1013722,2025-06-23,000001,Vente,541400,5,,RUE DES MISSIONNAIRES,1920,78000,78646,Versailles,78,,,78646000AD0407,,,256,82.04,257,,,,,,,,2,3,Dépendance,,0,,,,,,2.129146,48.814076
2025-1013722,2025-06-23,000001,Vente,541400,5,,RUE DES MISSIONNAIRES,1920,78000,78646,Versailles,78,,,78646000AD0407,,,283,,,,,,,,,,1,3,Dépendance,,0,,,,,,2.129146,48.814076
2025-1013733,2025-06-23,000001,Vente,898000,25,,RUE MONTEBELLO,1980,78000,78646,Versailles,78,,,78646000AK0018,,,98,,,,,,,,,,1,3,Dépendance,,0,,,,,,2.138525,48.812549
2025-1013733,2025-06-23,000001,Vente,898000,25,,RUE MONTEBELLO,1980,78000,78646,Versailles,78,,,78646000AK0018,,,176,125,26,,,,,,,,2,3,Dépendance,,0,,,,,,2.138525,48.812549
2025-1013733,2025-06-23,000001,Vente,898000,25,,RUE MONTEBELLO,1980,78000,78646,Versailles,78,,,78646000AK0018,,,176,125,26,,,,,,,,2,2,Appartement,127,3,,,,,,2.138525,48.812549
2025-1013736,2025-06-19,000001,Vente,149050,43,,BD DU ROI,2641,78000,78646,Versailles,78,,,78646000AC0104,,,109,22.25,,,,,,,,,1,2,Appartement,22,1,,,,,,2.128119,48.814877
2025-1013739,2025-06-16,000001,Vente,280000,4,,RUE DU PARC DE CLAGNY,2171,78000,78646,Versailles,78,,,78646000AR0096,,,14,,3,38.28,,,,,,,2,3,Dépendance,,0,,,,,,2.140276,48.808998
2025-1013739,2025-06-16,000001,Vente,280000,4,,RUE DU PARC DE CLAGNY,2171,78000,78646,Versailles,78,,,78646000AR0096,,,14,,3,38.28,,,,,,,2,2,Appartement,37,1,,,,,,2.140276,48.808998
2025-1013746,2025-06-20,000001,Vente,20000,8,,AV DU GEN DE GAULLE,1143,78000,78646,Versailles,78,,,78646000AH0225,,,192,,,,,,,,,,1,3,Dépendance,,0,,,,,,2.128298,48.801276
2025-1013754,2025-06-12,000001,Vente,986500,62,,AV DE PARIS,2180,78000,78646,Versailles,78,,,78646000BN0006,,,104,94.9,,,,,,,,,1,2,Appartement,96,4,,,,,,2.138912,48.799284
2025-1013754,2025-06-12,000001,Vente,986500,53,,AV DE PARIS,2180,78000,78646,Versailles,78,,,78646000BP0132,,,342,,,,,,,,,,1,3,Dépendance,,0,,,,,,2.1408,48.800274
2025-1013769,2025-06-06,000001,Vente,237000,29,,RUE ALBERT JOLY,0050,78000,78646,Versailles,78,,,78646000AK0085,,,121,34.13,22,,,,,,,,2,2,Appartement,54,1,,,,,,2.139769,48.810417
2025-1013769,2025-06-06,000001,Vente,237000,29,,RUE ALBERT JOLY,0050,78000,78646,Versailles,78,,,78646000AK0085,,,121,34.13,22,,,,,,,,2,3,Dépendance,,0,,,,,,2.139769,48.810417
2025-1013781,2025-05-28,000001,Vente,125000,12,,RUE DU REFUGE,2510,78000,78646,Versailles,78,,,78646000BP0107,,,3,,4,,,,,,,,2,3,Dépendance,,0,,,,,,2.142794,48.804564
2025-1013781,2025-05-28,000001,Vente,125000,12,,RUE DU REFUGE,2510,78000,78646,Versailles,78,,,78646000BP0107,,,3,,4,,,,,,,,2,2,Appartement,17,1,,,,,,2.142794,48.804564
2025-1013791,2025-06-10,000001,Vente,260000,52,,RUE DE LA PAROISSE,2190,78000,78646,Versailles,78,,,78646000AE0428,,,13,,9,,,,,,,,2,3,Dépendance,,0,,,,,,2.129708,48.806918
2025-1013791,2025-06-10,000001,Vente,260000,52,,RUE DE LA PAROISSE,2190,78000,78646,Versailles,78,,,78646000AE0428,,,13,,9,,,,,,,,2,2,Appartement,60,2,,,,,,2.129708,48.806918
2025-1013811,2025-06-13,000001,Vente,898042,27,B,RUE DU REFUGE,2510,78000,78646,Versailles,78,,,78646000AX0345,,,30,,9,,,,,,,,2,3,Dépendance,,0,,,,,,2.145064,48.803428
2025-1013811,2025-06-13,000001,Vente,898042,27,B,RUE DU REFUGE,2510,78000,78646,Versailles,78,,,78646000AX0345,,,30,,9,,,,,,,,2,2,Appartement,108,5,,,,,,2.145064,48.803428
2025-1013811,2025-06-13,000001,Vente,898042,27,B,RUE DU REFUGE,2510,78000,78646,Versailles,78,,,78646000AX0345,,,32,,,,,,,,,,1,3,Dépendance,,0,,,,,,2.145064,48.803428
2025-1013819,2025-06-27,000001,Vente,356500,38,,RUE DU VIEUX VERSAILLES,3180,78000,78646,Versailles,78,,,78646000AH0128,,,1,,21,,22,,6,,,,4,2,Appartement,70,2,,,,,,2.124568,48.800246
2025-1013819,2025-06-27,000001,Vente,356500,38,,RUE DU VIEUX VERSAILLES,3180,78000,78646,Versailles,78,,,78646000AH0128,,,7,,,,,,,,,,1,4,Local industriel. commercial ou assimilé,40,0,,,,,,2.124568,48.800246
2025-1013825,2025-06-12,000001,Vente,479699,52,,AV DE PARIS,2180,78000,78646,Versailles,78,,,78646000BR0095,,,36,,8,,,,,,,,2,2,Appartement,88,4,,,,,,2.137555,48.799509
2025-1013825,2025-06-12,000001,Vente,479699,52,,AV DE PARIS,2180,78000,78646,Versailles,78,,,78646000BR0095,,,36,,8,,,,,,,,2,3,Dépendance,,0,,,,,,2.137555,48.799509
2025-1013835,2025-06-17,000001,Vente,245000,4,,RUE ALEXIS FOURCAULT,0130,78000,78646,Versailles,78,,,78646000AW0072,,,3,,,,,,,,,,1,2,Appartement,54,3,,,,,,2.152492,48.805431
2025-1013835,2025-06-17,000001,Vente,245000,4,,RUE ALEXIS FOURCAULT,0130,78000,78646,Versailles,78,,,78646000AW0072,,,3,,,,,,,,,,1,3,Dépendance,,0,,,,,,2.152492,48.805431
2025-1013876,2025-06-16,000001,Vente,265000,41,,RUE BERTHIER,0370,78000,78646,Versailles,78,,,78646000AD0240,,,1,33.68,,,,,,,,,1,2,Appartement,35,2,,,,,,2.12982,48.811663
2025-1013894,2025-06-23,000001,Vente,407050,12,,RUE ANDRE CHENIER,0160,78000,78646,Versailles,78,,,78646000AI0195,,,15,56.65,17,,,,,,,,2,2,Appartement,56,2,,,,,,2.133153,48.806599
2025-1013915,2025-06-26,000001,Vente,100000,15,,RUE DES DEUX PORTES,0780,78000,78646,Versailles,78,,,78646000AE0261,,,11,20.01,19,,,,,,,,2,2,Appartement,32,1,,,,,,2.130431,48.806176
2025-1013915,2025-06-26,000001,Vente,100000,15,,RUE DES DEUX PORTES,0780,78000,78646,Versailles,78,,,78646000AE0261,,,11,20.01,19,,,,,,,,2,3,Dépendance,,0,,,,,,2.130431,48.806176
2025-1013915,2025-06-26,000001,Vente,100000,15,,RUE DES DEUX PORTES,0780,78000,78646,Versailles,78,,,78646000AE0261,,,11,20.01,19,,,,,,,,2,3,Dépendance,,0,,,,,,2.130431,48.806176
2025-1013980,2025-06-30,000001,Vente,27000,39,,BD DU ROI,2641,78000,78646,Versailles,78,,,78646000AC0108,,,143,,,,,,,,,,1,3,Dépendance,,0,,,,,,2.127742,48.814503
2025-1013995,2025-06-24,000001,Vente,523550,50,,AV DE VILLENEUVE L ETANG,3200,78000,78646,Versailles,78,,,78646000AO0162,,,515,,540,105.63,,,,,,,2,3,Dépendance,,0,,,,,,2.148061,48.818119
2025-1013995,2025-06-24,000001,Vente,523550,50,,AV DE VILLENEUVE L ETANG,3200,78000,78646,Versailles,78,,,78646000AO0162,,,515,,540,105.63,,,,,,,2,3,Dépendance,,0,,,,,,2.148061,48.818119
2025-1013995,2025-06-24,000001,Vente,523550,50,,AV DE VILLENEUVE L ETANG,3200,78000,78646,Versailles,78,,,78646000AO0162,,,242,,,,,,,,,,1,3,Dépendance,,0,,,,,,2.148061,48.818119
2025-1013995,2025-06-24,000001,Vente,523550,50,,AV DE VILLENEUVE L ETANG,3200,78000,78646,Versailles,78,,,78646000AO0162,,,243,,,,,,,,,,1,3,Dépendance,,0,,,,,,2.148061,48.818119
2025-1013995,2025-06-24,000001,Vente,523550,50,,AV DE VILLENEUVE L ETANG,3200,78000,78646,Versailles,78,,,78646000AO0162,,,515,,540,105.63,,,,,,,2,2,Appartement,111,5,,,,,,2.148061,48.818119
2025-1014002,2025-06-24,000001,Vente,46000,4,,BD DU ROI,2641,78000,78646,Versailles,78,,,78646000AD0007,,,23,9.05,,,,,,,,,1,3,Dépendance,,0,,,,,,2.126359,48.810018
2025-1014017,2025-06-25,000001,Vente,406170,13,,PL ROYALE,2650,78000,78646,Versailles,78,,,78646000AZ0110,,,1259,,1270,79.57,,,,,,,2,3,Dépendance,,0,,,,,,2.158672,48.8041
2025-1014017,2025-06-25,000001,Vente,406170,13,,PL ROYALE,2650,78000,78646,Versailles,78,,,78646000AZ0110,,,1259,,1270,79.57,,,,,,,2,2,Appartement,81,3,,,,,,2.158672,48.8041
2025-1014017,2025-06-25,000001,Vente,406170,5,,RUE DE L ECOLE DES POSTES,0850,78000,78646,Versailles,78,,,78646000AZ0110,,,3137,,,,,,,,,,1,3,Dépendance,,0,,,,,,2.158672,48.8041
2025-1014019,2025-06-30,000001,Vente,28000,27,,RUE LAFAYETTE,1580,78000,78646,Versailles,78,,,78646000AD0220,,,57,,,,,,,,,,1,3,Dépendance,,0,,,,,,2.128157,48.81239
2025-1014034,2025-06-18,000001,Vente,490265,20,,RUE VICTOR BART,3160,78000,78646,Versailles,78,,,78646000AR0048,,,19,87.46,90,,,,,,,,2,3,Dépendance,,0,,,,,,2.145915,48.808908
2025-1014034,2025-06-18,000001,Vente,490265,20,,RUE VICTOR BART,3160,78000,78646,Versailles,78,,,78646000AR0048,,,19,87.46,90,,,,,,,,2,2,Appartement,86,4,,,,,,2.145915,48.808908
2025-1014034,2025-06-18,000001,Vente,490265,20,,RUE VICTOR BART,3160,78000,78646,Versailles,78,,,78646000AR0048,,,220,,,,,,,,,,1,3,Dépendance,,0,,,,,,2.145915,48.808908
2025-1014035,2025-06-26,000001,Vente,127000,36,,RUE D ANGIVILLER,0170,78000,78646,Versailles,78,,,78646000AD0408,,,11,13.82,,,,,,,,,1,3,Dépendance,,0,,,,,,2.13292,48.809837
2025-1014043,2025-06-23,000001,Vente,141000,64,,RUE ROYALE,2648,78000,78646,Versailles,78,,,78646000BV0170,,,27,,,,,,,,,,1,3,Dépendance,,0,,,,,,2.125374,48.796098
2025-1014043,2025-06-23,000001,Vente,141000,64,,RUE ROYALE,2648,78000,78646,Versailles,78,,,78646000BV0170,,,24,,,,,,,,,,1,3,Dépendance,,0,,,,,,2.125374,48.796098
2025-1014043,2025-06-23,000001,Vente,141000,64,,RUE ROYALE,2648,78000,78646,Versailles,78,,,78646000BV0170,,,24,,,,,,,,,,1,3,Dépendance,,0,,,,,,2.125374,48.796098
2025-1014043,2025-06-23,000001,Vente,141000,64,,RUE ROYALE,2648,78000,78646,Versailles,78,,,78646000BV0170,,,16,18.28,36,,,,,,,,2,3,Dépendance,,0,,,,,,2.125374,48.796098
2025-1014043,2025-06-23,000001,Vente,141000,64,,RUE ROYALE,2648,78000,78646,Versailles,78,,,78646000BV0170,,,27,,,,,,,,,,1,3,Dépendance,,0,,,,,,2.125374,48.796098
2025-1014043,2025-06-23,000001,Vente,141000,64,,RUE ROYALE,2648,78000,78646,Versailles,78,,,78646000BV0170,,,24,,,,,,,,,,1,2,Appartement,44,2,,,,,,2.125374,48.796098
2025-1014043,2025-06-23,000001,Vente,141000,64,,RUE ROYALE,2648,78000,78646,Versailles,78,,,78646000BV0170,,,27,,,,,,,,,,1,2,Appartement,64,3,,,,,,2.125374,48.796098
2025-1014043,2025-06-23,000001,Vente,141000,64,,RUE ROYALE,2648,78000,78646,Versailles,78,,,78646000BV0170,,,16,18.28,36,,,,,,,,2,2,Appartement,18,1,,,,,,2.125374,48.796098
2025-1014046,2025-06-27,000001,Vente,204000,18,,BD DE LESSEPS,1638,78000,78646,Versailles,78,,,78646000AX0122,,,16,,4,32.6,,,,,,,2,2,Appartement,30,2,,,,,,2.147246,48.806086
2025-1014046,2025-06-27,000001,Vente,204000,18,,BD DE LESSEPS,1638,78000,78646,Versailles,78,,,78646000AX0122,,,16,,4,32.6,,,,,,,2,3,Dépendance,,0,,,,,,2.147246,48.806086
2025-1014055,2025-06-20,000001,Vente,53000,12,,AV DE PORCHEFONTAINE,2380,78000,78646,Versailles,78,,,78646000BK0021,,,1714,,,,,,,,,,1,3,Dépendance,,0,,,,,,2.152071,48.797176
2025-1014055,2025-06-20,000001,Vente,53000,12,,AV DE PORCHEFONTAINE,2380,78000,78646,Versailles,78,,,78646000BK0021,,,1715,,,,,,,,,,1,3,Dépendance,,0,,,,,,2.152071,48.797176
2025-1014059,2025-06-30,000001,Vente en l'état futur d'achèvement,50000,8,,ALL DU CORDON BOISE,0714,78000,78646,Versailles,78,,,78646000BY0110,,,143,,,,,,,,,,1,,,,,,,,,,2.078228,48.802624
2025-1014059,2025-06-30,000001,Vente en l'état futur d'achèvement,50000,8,,ALL DU CORDON BOISE,0714,78000,78646,Versailles,78,,,78646000BY0110,,,135,,,,,,,,,,1,,,,,,,,,,2.078228,48.802624
2025-1014078,2025-06-23,000001,Vente,317500,5,,RUE DE L ECOLE DES POSTES,0850,78000,78646,Versailles,78,,,78646000AZ0110,,,3447,,,,,,,,,,1,3,Dépendance,,0,,,,,,2.158672,48.8041
2025-1014078,2025-06-23,000001,Vente,317500,9,,BD JEUX OLYMPIQUES,1495,78000,78646,Versailles,78,,,78646000AZ0110,,,905,,982,62.81,,,,,,,2,2,Appartement,63,2,,,,,,2.158672,48.8041
2025-1014078,2025-06-23,000001,Vente,317500,9,,BD JEUX OLYMPIQUES,1495,78000,78646,Versailles,78,,,78646000AZ0110,,,905,,982,62.81,,,,,,,2,3,Dépendance,,0,,,,,,2.158672,48.8041
2025-1014094,2025-05-28,000001,Vente,250000,14,T,RUE SAINT CHARLES,2710,78000,78646,Versailles,78,,,78646000AY0287,,,15,,,,,,,,,,1,3,Dépendance,,0,,,,,,2.150369,48.800861
2025-1014094,2025-05-28,000001,Vente,250000,14,T,RUE SAINT CHARLES,2710,78000,78646,Versailles,78,,,78646000AY0287,,,15,,,,,,,,,,1,2,Appartement,41,2,,,,,,2.150369,48.800861
2025-1014096,2025-06-30,000001,Vente en l'état futur d'achèvement,595000,4,,PROM DE GALLY,1141,78000,78646,Versailles,78,,,78646000BY0121,,,34,,,,,,,,,,1,,,,,,,,,,2.079148,48.803081
2025-1014104,2025-06-27,000001,Vente,710000,10,,AV DE SCEAUX,2980,78000,78646,Versailles,78,,,78646000AH0171,,,304,88.47,684,,,,,,,,2,3,Dépendance,,0,,,,,,2.126832,48.799401
2025-1014104,2025-06-27,000001,Vente,710000,10,,AV DE SCEAUX,2980,78000,78646,Versailles,78,,,78646000AH0171,,,689,,,,,,,,,,1,3,Dépendance,,0,,,,,,2.126832,48.799401
2025-1014104,2025-06-27,000001,Vente,710000,10,,AV DE SCEAUX,2980,78000,78646,Versailles,78,,,78646000AH0171,,,304,88.47,684,,,,,,,,2,2,Appartement,91,3,,,,,,2.126832,48.799401
2025-1014118,2025-06-30,000001,Vente,742640,6,,IMP ADELE MULOT,0040,78000,78646,Versailles,78,,,78646000AY0109,,,7,,9,,,,,,,,2,3,Dépendance,,0,,,,,,2.150483,48.801432
2025-1014118,2025-06-30,000001,Vente,742640,6,,IMP ADELE MULOT,0040,78000,78646,Versailles,78,,,78646000AY0109,,,23,,,,,,,,,,1,3,Dépendance,,0,,,,,,2.150483,48.801432
2025-1014118,2025-06-30,000001,Vente,742640,6,,IMP ADELE MULOT,0040,78000,78646,Versailles,78,,,78646000AY0109,,,9,,,,,,,,,,1,2,Appartement,18,1,,,,,,2.150483,48.801432
2025-1014118,2025-06-30,000001,Vente,742640,6,,IMP ADELE MULOT,0040,78000,78646,Versailles,78,,,78646000AY0109,,,7,,9,,,,,,,,2,2,Appartement,111,5,,,,,,2.150483,48.801432
2025-1014126,2025-06-27,000001,Vente,787970,27,,RUE LAFAYETTE,1580,78000,78646,Versailles,78,,,78646000AD0220,,,9,,,,,,,,,,1,3,Dépendance,,0,,,,,,2.128157,48.81239
2025-1014126,2025-06-27,000001,Vente,787970,27,,RUE LAFAYETTE,1580,78000,78646,Versailles,78,,,78646000AD0220,,,106,114.65,66,,71,,,,,,3,2,Appartement,112,5,,,,,,2.128157,48.81239
2025-1014126,2025-06-27,000001,Vente,787970,27,,RUE LAFAYETTE,1580,78000,78646,Versailles,78,,,78646000AD0220,,,106,114.65,66,,71,,,,,,3,3,Dépendance,,0,,,,,,2.128157,48.81239
2025-1014126,2025-06-27,000001,Vente,787970,27,,RUE LAFAYETTE,1580,78000,78646,Versailles,78,,,78646000AD0220,,,106,114.65,66,,71,,,,,,3,3,Dépendance,,0,,,,,,2.128157,48.81239
2025-1014166,2025-06-18,000001,Vente,400000,18,,RUE ALBERT JOLY,0050,78000,78646,Versailles,78,,,78646000AK0174,,,110,,35,,,,,,,,2,2,Appartement,72,2,,,,,,2.137825,48.810091
2025-1014166,2025-06-18,000001,Vente,400000,18,,RUE ALBERT JOLY,0050,78000,78646,Versailles,78,,,78646000AK0174,,,73,,,,,,,,,,1,3,Dépendance,,0,,,,,,2.137825,48.810091
2025-1014166,2025-06-18,000001,Vente,400000,18,,RUE ALBERT JOLY,0050,78000,78646,Versailles,78,,,78646000AK0174,,,110,,35,,,,,,,,2,3,Dépendance,,0,,,,,,2.137825,48.810091
2025-1014184,2025-06-24,000001,Vente,141270,12,,RUE DE L OCCIDENT,2100,78000,78646,Versailles,78,,,78646000BV0144,,,1,19.14,8,,,,,,,,2,3,Dépendance,,0,,,,,,2.125199,48.797033
2025-1014184,2025-06-24,000001,Vente,141270,12,,RUE DE L OCCIDENT,2100,78000,78646,Versailles,78,,,78646000BV0144,,,1,19.14,8,,,,,,,,2,2,Appartement,23,1,,,,,,2.125199,48.797033
2025-1014192,2025-06-27,000001,Vente,110000,1,,RUE DE L ORIENT,2130,78000,78646,Versailles,78,,,78646000BT0051,,,114,11.48,,,,,,,,,1,2,Appartement,12,1,,,,,,2.127735,48.797144
2025-1014219,2025-07-01,000001,Vente,465120,2,,RUE ALEXIS DE TOCQUEVILLE,0128,78000,78646,Versailles,78,,,78646000BS0226,,,4074,58.19,,,,,,,,,1,2,Appartement,57,3,,,,,,2.132076,48.794722
2025-1014219,2025-07-01,000001,Vente,465120,2,,RUE ALEXIS DE TOCQUEVILLE,0128,78000,78646,Versailles,78,,,78646000BS0226,,,4302,,,,,,,,,,1,3,Dépendance,,0,,,,,,2.132076,48.794722
2025-1014240,2025-06-11,000001,Vente,267000,17,,RUE PHILIPPE DE DANGEAU,2255,78000,78646,Versailles,78,,,78646000AI0065,,,96,37.72,,,,,,,,,1,2,Appartement,39,2,,,,,,2.134481,48.803549
2025-1014242,2025-06-10,000001,Vente,153998,13,,PAS DU MARQUIS DE LA LONDE,1858,78000,78646,Versailles,78,,,78646000AH0226,,,122,,450,,,,,,,,2,3,Dépendance,,0,,,,,,2.126268,48.79975
2025-1014260,2025-06-20,000001,Vente,179000,26,,RUE DES CHANTIERS,0530,78000,78646,Versailles,78,,,78646000BS0088,,,15,24.33,,,,,,,,,1,2,Appartement,28,1,,,,,,2.137978,48.79584
2025-1014290,2025-06-11,000001,Vente,348000,86,,AV DE PARIS,2180,78000,78646,Versailles,78,,,78646000BN0166,,,173,61.25,230,,,,,,,,2,3,Dépendance,,0,,,,,,2.145036,48.797427
2025-1014290,2025-06-11,000001,Vente,348000,82,B,AV DE PARIS,2180,78000,78646,Versailles,78,,,78646000BN0166,,,1155,,,,,,,,,,1,3,Dépendance,,0,,,,,,2.145036,48.797427
2025-1014290,2025-06-11,000001,Vente,348000,86,,AV DE PARIS,2180,78000,78646,Versailles,78,,,78646000BN0166,,,173,61.25,230,,,,,,,,2,2,Appartement,57,2,,,,,,2.145036,48.797427
2025-1014300,2025-06-20,000001,Vente,215000,58,,RUE ALBERT JOLY,0050,78000,78646,Versailles,78,,,78646000AR0053,,,136,,,,,,,,,,1,3,Dépendance,,0,,,,,,2.143711,48.809427
2025-1014300,2025-06-20,000001,Vente,215000,58,,RUE ALBERT JOLY,0050,78000,78646,Versailles,78,,,78646000AR0053,,,13,35.46,,,,,,,,,1,2,Appartement,36,1,,,,,,2.143711,48.809427
2025-1014300,2025-06-20,000001,Vente,215000,58,,RUE ALBERT JOLY,0050,78000,78646,Versailles,78,,,78646000AR0053,,,58,,,,,,,,,,1,3,Dépendance,,0,,,,,,2.143711,48.809427
2025-1014304,2025-06-23,000001,Vente,217000,18,,RUE DES ETATS GENERAUX,0980,78000,78646,Versailles,78,,,78646000BR0046,,,4,,,,,,,,,,1,3,Dépendance,,0,,,,,,2.133325,48.799268
2025-1014304,2025-06-23,000001,Vente,217000,18,,RUE DES ETATS GENERAUX,0980,78000,78646,Versailles,78,,,78646000BR0046,,,4,,,,,,,,,,1,2,Appartement,35,2,,,,,,2.133325,48.799268
2025-1014316,2025-06-27,000001,Vente,526150,66,,RUE CHAMP LAGARDE,0490,78000,78646,Versailles,78,,,78646000AY0094,,,6,,,,,,,,,,1,2,Appartement,80,3,,,,,,2.15016,48.8017
2025-1014316,2025-06-27,000001,Vente,526150,66,,RUE CHAMP LAGARDE,0490,78000,78646,Versailles,78,,,78646000AY0094,,,12,,,,,,,,,,1,3,Dépendance,,0,,,,,,2.15016,48.8017
2025-1014328,2025-06-26,000001,Vente,709250,141,,BD DE LA REINE,2520,78000,78646,Versailles,78,,,78646000AR0089,,,21,95.11,47,,,,,,,,2,3,Dépendance,,0,,,,,,2.141375,48.808686
2025-1014328,2025-06-26,000001,Vente,709250,141,,BD DE LA REINE,2520,78000,78646,Versailles,78,,,78646000AR0089,,,21,95.11,47,,,,,,,,2,2,Appartement,95,4,,,,,,2.141375,48.808686
2025-1014328,2025-06-26,000001,Vente,709250,141,,BD DE LA REINE,2520,78000,78646,Versailles,78,,,78646000AR0089,,,110,,,,,,,,,,1,3,Dépendance,,0,,,,,,2.141375,48.808686
2025-1014346,2025-06-27,000001,Vente,365000,17,T,RUE DU PONT COLBERT,2370,78000,78646,Versailles,78,,,78646000BI0022,,,472,76.58,,,,,,,,,1,2,Appartement,77,5,,,,,,2.149624,48.789909
2025-1014346,2025-06-27,000001,Vente,365000,17,T,RUE DU PONT COLBERT,2370,78000,78646,Versailles,78,,,78646000BI0022,,,472,76.58,,,,,,,,,1,3,Dépendance,,0,,,,,,2.149624,48.789909
2025-1014363,2025-06-25,000001,Vente,914550,2,,RUE SAINT MEDERIC,2840,78000,78646,Versailles,78,,,78646000BT0190,,,10,122.87,17,,18,,,,,,3,3,Dépendance,,0,,,,,,2.128225,48.797475
2025-1014363,2025-06-25,000001,Vente,914550,2,,RUE SAINT MEDERIC,2840,78000,78646,Versailles,78,,,78646000BT0190,,,10,122.87,17,,18,,,,,,3,2,Appartement,123,4,,,,,,2.128225,48.797475
2025-1014364,2025-06-19,000001,Vente,511084,29,,RUE MADEMOISELLE,1740,78000,78646,Versailles,78,,,78646000AD0214,,,32,,8,63.33,,,,,,,2,2,Appartement,64,3,,,,,,2.129182,48.812251
2025-1014364,2025-06-19,000001,Vente,511084,29,,RUE MADEMOISELLE,1740,78000,78646,Versailles,78,,,78646000AD0214,,,32,,8,63.33,,,,,,,2,3,Dépendance,,0,,,,,,2.129182,48.812251
2025-1014364,2025-06-19,000001,Vente,511084,29,,RUE MADEMOISELLE,1740,78000,78646,Versailles,78,,,78646000AD0214,,,20,,,,,,,,,,1,3,Dépendance,,0,,,,,,2.129182,48.812251
2025-1014378,2025-07-01,000001,Vente,270000,41,,AV DE PARIS,2180,78000,78646,Versailles,78,,,78646000BP0138,,,66,,,,,,,,,,1,3,Dépendance,,0,,,,,,2.139184,48.800518
2025-1014378,2025-07-01,000001,Vente,270000,41,,AV DE PARIS,2180,78000,78646,Versailles,78,,,78646000BP0138,,,129,51.44,25,,,,,,,,2,2,Appartement,45,1,,,,,,2.139184,48.800518
2025-1014420,2025-06-18,000001,Vente,549677,29,,RUE DE L ERMITAGE,0940,78000,78646,Versailles,78,,,78646000AC0338,,,19,,7,68.18,,,,,,,2,2,Appartement,68,3,,,,,,2.122062,48.815041
2025-1014420,2025-06-18,000001,Vente,549677,29,T,RUE DE L ERMITAGE,0940,78000,78646,Versailles,78,,,78646000AC0338,,,106,,,,,,,,,,1,3,Dépendance,,0,,,,,,2.122062,48.815041
2025-1014450,2025-06-30,000001,Vente,100000,37,,RUE DU MAL JOFFRE,1820,78000,78646,Versailles,78,,,78646000BW0218,,,126,11.72,,,,,,,,,1,2,Appartement,16,1,,,,,,2.12084,48.793636
2025-1014457,2025-06-30,000001,Vente,410000,2,,RUE SAINT LAZARE,2800,78000,78646,Versailles,78,,,78646000AE0031,,,1,71.27,,,,,,,,,1,4,Local industriel. commercial ou assimilé,70,0,,,,,,2.129485,48.80871
2025-1014459,2025-07-02,000001,Vente,260000,8,,RUE DES TOURNELLES,3050,78000,78646,Versailles,78,,,78646000BV0119,,,46,38.59,,,,,,,,,1,2,Appartement,40,2,,,,,,2.126141,48.798137
2025-1014461,2025-06-30,000001,Vente,427000,8,,RUE DU GENERAL PERSHING,1170,78000,78646,Versailles,78,,,78646000AS0052,,,104,,46,74.04,,,,,,,2,2,Appartement,71,3,,,,,,2.151367,48.813337
2025-1014461,2025-06-30,000001,Vente,427000,8,,RUE DU GENERAL PERSHING,1170,78000,78646,Versailles,78,,,78646000AS0052,,,143,,,,,,,,,,1,3,Dépendance,,0,,,,,,2.151367,48.813337
2025-1014461,2025-06-30,000001,Vente,427000,8,,RUE DU GENERAL PERSHING,1170,78000,78646,Versailles,78,,,78646000AS0052,,,104,,46,74.04,,,,,,,2,3,Dépendance,,0,,,,,,2.151367,48.813337
2025-1014466,2025-06-27,000001,Vente,485000,108,,BD DE LA REINE,2520,78000,78646,Versailles,78,,,78646000AX0037,,,187,,,,,,,,,,1,3,Dépendance,,0,,,,,,2.142871,48.807658
2025-1014466,2025-06-27,000001,Vente,485000,108,,BD DE LA REINE,2520,78000,78646,Versailles,78,,,78646000AX0037,,,100,,,,,,,,,,1,2,Appartement,84,4,,,,,,2.142871,48.807658
2025-1014495,2025-06-30,000001,Vente,879000,14,,BD DE LA REPUBLIQUE,2570,78000,78646,Versailles,78,,,78646000AX0484,,,58,,68,122.16,,,,,,,2,2,Appartement,122,5,,,,,,2.147475,48.806773
2025-1014495,2025-06-30,000001,Vente,879000,14,,BD DE LA REPUBLIQUE,2570,78000,78646,Versailles,78,,,78646000AX0484,,,58,,68,122.16,,,,,,,2,3,Dépendance,,0,,,,,,2.147475,48.806773
2025-1014495,2025-06-30,000001,Vente,879000,14,,BD DE LA REPUBLIQUE,2570,78000,78646,Versailles,78,,,78646000AX0484,,,74,,,,,,,,,,1,3,Dépendance,,0,,,,,,2.147475,48.806773
2025-1014501,2025-06-27,000001,Vente,430000,13,,RUE DELAUNAY,0760,78000,78646,Versailles,78,,,78646000AB0046,,,15,68.82,50,,,,,,,,2,2,Appartement,70,3,,,,,,2.123503,48.816273
2025-1014501,2025-06-27,000001,Vente,430000,13,,RUE DELAUNAY,0760,78000,78646,Versailles,78,,,78646000AB0046,,,37,,,,,,,,,,1,3,Dépendance,,0,,,,,,2.123503,48.816273
2025-1014501,2025-06-27,000001,Vente,430000,13,,RUE DELAUNAY,0760,78000,78646,Versailles,78,,,78646000AB0046,,,15,68.82,50,,,,,,,,2,3,Dépendance,,0,,,,,,2.123503,48.816273
2025-1014518,2025-06-16,000001,Vente,600000,1,,RUE VICTOR HUGO,3170,78000,78646,Versailles,78,,,78646000BK0095,,,,,,,,,,,,,0,,,,,S,sols,,,299,2.154867,48.795441
2025-1014527,2025-06-16,000001,Vente,780000,34,,RUE DE L ORANGERIE,2110,78000,78646,Versailles,78,,,78646000BV0025,,,35,186.62,36,,,,,,,,2,2,Appartement,150,5,,,,,,2.123448,48.799477
2025-1014537,2025-07-02,000001,Vente,620000,25,B,RUE SAINT MEDERIC,2840,78000,78646,Versailles,78,,,78646000BW0129,,,2,80.77,,,,,,,,,1,3,Dépendance,,0,,,,,,2.126406,48.793661
2025-1014537,2025-07-02,000001,Vente,620000,25,B,RUE SAINT MEDERIC,2840,78000,78646,Versailles,78,,,78646000BW0129,,,2,80.77,,,,,,,,,1,3,Dépendance,,0,,,,,,2.126406,48.793661
2025-1014537,2025-07-02,000001,Vente,620000,25,B,RUE SAINT MEDERIC,2840,78000,78646,Versailles,78,,,78646000BW0129,,,2,80.77,,,,,,,,,1,2,Appartement,79,4,,,,,,2.126406,48.793661
2025-1014543,2025-06-30,000001,Vente,1910950,14,,RUE ALBERT JOLY,0050,78000,78646,Versailles,78,,,78646000AK0170,,,,,,,,,,,,,0,1,Maison,194,7,S,sols,,,504,2.137101,48.810339
2025-1014554,2025-06-30,000001,Vente,297538,8,,RUE DU GENERAL PERSHING,1170,78000,78646,Versailles,78,,,78646000AS0052,,,28,50.69,70,,,,,,,,2,2,Appartement,53,2,,,,,,2.151367,48.813337
2025-1014554,2025-06-30,000001,Vente,297538,8,,RUE DU GENERAL PERSHING,1170,78000,78646,Versailles,78,,,78646000AS0052,,,196,,,,,,,,,,1,3,Dépendance,,0,,,,,,2.151367,48.813337
2025-1014554,2025-06-30,000001,Vente,297538,8,,RUE DU GENERAL PERSHING,1170,78000,78646,Versailles,78,,,78646000AS0052,,,28,50.69,70,,,,,,,,2,3,Dépendance,,0,,,,,,2.151367,48.813337
2025-1014559,2025-06-30,000001,Vente,799000,3,,RUE FRAGONARD,1043,78000,78646,Versailles,78,,,78646000AZ0147,,,,,,,,,,,,,0,1,Maison,117,5,S,sols,,,424,2.1602,48.806044
2025-1014564,2025-07-04,000001,Vente,620179,2,,RUE JEAN MERMOZ,1460,78000,78646,Versailles,78,,,78646000BN0167,,,550,,,,,,,,,,1,3,Dépendance,,0,,,,,,2.142752,48.797871
2025-1014564,2025-07-04,000001,Vente,620179,4,B,RUE JEAN MERMOZ,1460,78000,78646,Versailles,78,,,78646000BN0167,,,101,101.11,639,,,,,,,,2,3,Dépendance,,0,,,,,,2.142752,48.797871
2025-1014564,2025-07-04,000001,Vente,620179,4,B,RUE JEAN MERMOZ,1460,78000,78646,Versailles,78,,,78646000BN0167,,,101,101.11,639,,,,,,,,2,2,Appartement,100,5,,,,,,2.142752,48.797871
2025-1014564,2025-07-04,000001,Vente,620179,2,,RUE JEAN MERMOZ,1460,78000,78646,Versailles,78,,,78646000BN0167,,,549,,,,,,,,,,1,3,Dépendance,,0,,,,,,2.142752,48.797871
2025-1014569,2025-07-02,000001,Vente,15500,37,,RUE DE LA CEINTURE,0460,78000,78646,Versailles,78,,,78646000AV0409,,,49,,,,,,,,,,1,3,Dépendance,,0,,,,,,2.156285,48.808833
2025-1014580,2025-06-26,000001,Vente,485000,31,,BD ST ANTOINE,2690,78000,78646,Versailles,78,,,78646000AB0036,,,3,,7,,,,,,,,2,3,Dépendance,,0,,,,,,2.122763,48.817045
2025-1014580,2025-06-26,000001,Vente,485000,31,,BD ST ANTOINE,2690,78000,78646,Versailles,78,,,78646000AB0036,,,15,,,,,,,,,,1,3,Dépendance,,0,,,,,,2.122763,48.817045
2025-1014580,2025-06-26,000001,Vente,485000,31,,BD ST ANTOINE,2690,78000,78646,Versailles,78,,,78646000AB0036,,,3,,7,,,,,,,,2,2,Appartement,82,3,,,,,,2.122763,48.817045
2025-1014580,2025-06-26,000001,Vente,485000,31,,BD ST ANTOINE,2690,78000,78646,Versailles,78,,,78646000AB0036,,,3,,7,,,,,,,,2,3,Dépendance,,0,,,,,,2.122763,48.817045
2025-1014582,2025-06-17,000001,Vente,185000,6,,RUE ROYALE,2648,78000,78646,Versailles,78,,,78646000BV0088,,,42,34.32,,,,,,,,,1,2,Appartement,35,1,,,,,,2.126821,48.798577
2025-1014582,2025-06-17,000001,Vente,185000,6,,RUE ROYALE,2648,78000,78646,Versailles,78,,,78646000BV0088,,,42,34.32,,,,,,,,,1,3,Dépendance,,0,,,,,,2.126821,48.798577
2025-1014584,2025-06-30,000001,Vente,335000,21,,RUE DU GENERAL LECLERC,1145,78000,78646,Versailles,78,,,78646000AH0168,,,1,95.13,2,,24,,3,,4,,5,4,Local industriel. commercial ou assimilé,80,0,,,,,,2.126482,48.799277
2025-1014595,2025-07-04,000001,Vente,305000,9,B,RUE MONTBAURON,1970,78000,78646,Versailles,78,,,78646000AI0069,,,9,60.44,,,,,,,,,1,3,Dépendance,,0,,,,,,2.134836,48.8036
2025-1014595,2025-07-04,000001,Vente,305000,9,B,RUE MONTBAURON,1970,78000,78646,Versailles,78,,,78646000AI0069,,,9,60.44,,,,,,,,,1,2,Appartement,50,2,,,,,,2.134836,48.8036
2025-1014624,2025-07-03,000001,Vente,18500,114,,AV DE PARIS,2180,78000,78646,Versailles,78,,,78646000BK0021,,,1503,,,,,,,,,,1,3,Dépendance,,0,,,,,,2.152071,48.797176
2025-1014627,2025-07-01,000001,Vente,370000,1,,ALL LA BRUYERE,1557,78000,78646,Versailles,78,,,78646000AO0205,,,1691,,,,,,,,,,1,3,Dépendance,,0,,,,,,2.146857,48.813978
2025-1014627,2025-07-01,000001,Vente,370000,4,,ALL LA BRUYERE,1557,78000,78646,Versailles,78,,,78646000AO0205,,,1376,80.06,1576,,,,,,,,2,3,Dépendance,,0,,,,,,2.146857,48.813978
2025-1014627,2025-07-01,000001,Vente,370000,4,,ALL LA BRUYERE,1557,78000,78646,Versailles,78,,,78646000AO0205,,,1376,80.06,1576,,,,,,,,2,2,Appartement,82,4,,,,,,2.146857,48.813978
2025-1014632,2025-06-16,000001,Vente,2988207,14,,RUE COSTE,0730,78000,78646,Versailles,78,,,78646000BK0094,,,,,,,,,,,,,0,3,Dépendance,,0,S,sols,,,360,2.155022,48.795515
2025-1014632,2025-06-16,000001,Vente,2988207,14,,RUE COSTE,0730,78000,78646,Versailles,78,,,78646000BK0094,,,,,,,,,,,,,0,2,Appartement,31,1,S,sols,,,360,2.155022,48.795515
2025-1014632,2025-06-16,000001,Vente,2988207,14,,RUE COSTE,0730,78000,78646,Versailles,78,,,78646000BK0094,,,,,,,,,,,,,0,2,Appartement,66,3,S,sols,,,360,2.155022,48.795515
2025-1014632,2025-06-16,000001,Vente,2988207,14,,RUE COSTE,0730,78000,78646,Versailles,78,,,78646000BK0094,,,,,,,,,,,,,0,3,Dépendance,,0,S,sols,,,360,2.155022,48.795515
2025-1014632,2025-06-16,000001,Vente,2988207,14,,RUE COSTE,0730,78000,78646,Versailles,78,,,78646000BK0094,,,,,,,,,,,,,0,3,Dépendance,,0,S,sols,,,360,2.155022,48.795515
2025-1014632,2025-06-16,000001,Vente,2988207,14,,RUE COSTE,0730,78000,78646,Versailles,78,,,78646000BK0094,,,,,,,,,,,,,0,3,Dépendance,,0,S,sols,,,360,2.155022,48.795515
2025-1014632,2025-06-16,000001,Vente,2988207,14,,RUE COSTE,0730,78000,78646,Versailles,78,,,78646000BK0094,,,,,,,,,,,,,0,2,Appartement,31,2,S,sols,,,360,2.155022,48.795515
2025-1014632,2025-06-16,000001,Vente,2988207,14,,RUE COSTE,0730,78000,78646,Versailles,78,,,78646000BK0094,,,,,,,,,,,,,0,2,Appartement,42,2,S,sols,,,360,2.155022,48.795515
2025-1014632,2025-06-16,000001,Vente,2988207,14,,RUE COSTE,0730,78000,78646,Versailles,78,,,78646000BK0094,,,,,,,,,,,,,0,2,Appartement,23,1,S,sols,,,360,2.155022,48.795515
2025-1014632,2025-06-16,000001,Vente,2988207,14,,RUE COSTE,0730,78000,78646,Versailles,78,,,78646000BK0094,,,,,,,,,,,,,0,2,Appartement,59,3,S,sols,,,360,2.155022,48.795515
2025-1014632,2025-06-16,000001,Vente,2988207,14,,RUE COSTE,0730,78000,78646,Versailles,78,,,78646000BK0094,,,,,,,,,,,,,0,4,Local industriel. commercial ou assimilé,51,0,S,sols,,,360,2.155022,48.795515
2025-1014632,2025-06-16,000001,Vente,2988207,14,,RUE COSTE,0730,78000,78646,Versailles,78,,,78646000BK0094,,,,,,,,,,,,,0,2,Appartement,23,1,S,sols,,,360,2.155022,48.795515
2025-1014632,2025-06-16,000001,Vente,2988207,14,,RUE COSTE,0730,78000,78646,Versailles,78,,,78646000BK0094,,,,,,,,,,,,,0,4,Local industriel. commercial ou assimilé,85,0,S,sols,,,360,2.155022,48.795515
2025-1014632,2025-06-16,000001,Vente,2988207,14,,RUE COSTE,0730,78000,78646,Versailles,78,,,78646000BK0094,,,,,,,,,,,,,0,2,Appartement,60,3,S,sols,,,360,2.155022,48.795515
2025-1014655,2025-05-21,000001,Vente,189000,64,,RUE DES CHANTIERS,0530,78000,78646,Versailles,78,,,78646000BL0326,,,30,,557,,,,,,,,2,3,Dépendance,,0,,,,,,2.143523,48.792624
2025-1014655,2025-05-21,000001,Vente,189000,64,,RUE DES CHANTIERS,0530,78000,78646,Versailles,78,,,78646000BL0326,,,299,,,,,,,,,,1,3,Dépendance,,0,,,,,,2.143523,48.792624
2025-1014655,2025-05-21,000001,Vente,189000,64,,RUE DES CHANTIERS,0530,78000,78646,Versailles,78,,,78646000BL0326,,,30,,557,,,,,,,,2,2,Appartement,53,2,,,,,,2.143523,48.792624
2025-1014674,2025-06-25,000001,Vente,641090,82,,RUE ALBERT SARRAUT,0080,78000,78646,Versailles,78,,,78646000BL0397,,,2,,5,,,,,,,,2,3,Dépendance,,0,,,,,,2.146921,48.792558
2025-1014674,2025-06-25,000001,Vente,641090,82,,RUE ALBERT SARRAUT,0080,78000,78646,Versailles,78,,,78646000BL0397,,,2,,5,,,,,,,,2,2,Appartement,87,4,,,,,,2.146921,48.792558
2025-1014691,2025-06-30,000001,Vente,400000,22,B,AV DE VILLENEUVE L ETANG,3200,78000,78646,Versailles,78,,,78646000AP0035,,,18,,,,,,,,,,1,3,Dépendance,,0,,,,,,2.143558,48.814326
2025-1014691,2025-06-30,000001,Vente,400000,22,B,AV DE VILLENEUVE L ETANG,3200,78000,78646,Versailles,78,,,78646000AP0035,,,15,69.7,7,,,,,,,,2,3,Dépendance,,0,,,,,,2.143558,48.814326
2025-1014691,2025-06-30,000001,Vente,400000,22,B,AV DE VILLENEUVE L ETANG,3200,78000,78646,Versailles,78,,,78646000AP0035,,,15,69.7,7,,,,,,,,2,2,Appartement,72,3,,,,,,2.143558,48.814326
2025-1014743,2025-06-13,000001,Vente,4000,10,,RUE MONTBAURON,1970,78000,78646,Versailles,78,,,78646000BP0240,,,10,,,,,,,,,,1,3,Dépendance,,0,,,,,,2.135413,48.803577
2025-1014743,2025-06-13,000001,Vente,4000,10,,RUE MONTBAURON,1970,78000,78646,Versailles,78,,,78646000BP0240,,,10,,,,,,,,,,1,2,Appartement,126,6,,,,,,2.135413,48.803577
2025-1014751,2025-07-04,000001,Vente,1345500,11,,RUE DU MARECHAL GALLIENI,1812,78000,78646,Versailles,78,,,78646000AC0213,,,8,158.46,,,,,,,,,1,3,Dépendance,,0,,,,,,2.123627,48.810722
2025-1014751,2025-07-04,000001,Vente,1345500,11,,RUE DU MARECHAL GALLIENI,1812,78000,78646,Versailles,78,,,78646000AC0213,,,10,,,,,,,,,,1,3,Dépendance,,0,,,,,,2.123627,48.810722
2025-1014751,2025-07-04,000001,Vente,1345500,11,,RUE DU MARECHAL GALLIENI,1812,78000,78646,Versailles,78,,,78646000AC0213,,,8,158.46,,,,,,,,,1,2,Appartement,92,3,,,,,,2.123627,48.810722
2025-1014751,2025-07-04,000001,Vente,1345500,11,,RUE DU MARECHAL GALLIENI,1812,78000,78646,Versailles,78,,,78646000AC0213,,,11,,13,,,,,,,,2,3,Dépendance,,0,,,,,,2.123627,48.810722
2025-1014767,2025-06-16,000001,Vente,444400,1,,RUE RICHAUD,2610,78000,78646,Versailles,78,,,78646000AI0317,,,29,49.32,81,,,,,,,,2,2,Appartement,49,2,,,,,,2.133269,48.807902
2025-1014788,2025-07-08,000001,Vente,254850,29,,RUE DU MARECHAL GALLIENI,1812,78000,78646,Versailles,78,,,78646000AC0009,,,1,34.5,,,,,,,,,1,3,Dépendance,,0,,,,,,2.123901,48.811915
2025-1014788,2025-07-08,000001,Vente,254850,29,,RUE DU MARECHAL GALLIENI,1812,78000,78646,Versailles,78,,,78646000AC0009,,,1,34.5,,,,,,,,,1,2,Appartement,37,1,,,,,,2.123901,48.811915
2025-1014789,2025-06-20,000001,Vente,510000,2,,ALL LA BRUYERE,1557,78000,78646,Versailles,78,,,78646000AO0205,,,1345,,1545,,,,,,,,2,2,Appartement,50,2,,,,,,2.146857,48.813978
2025-1014789,2025-06-20,000001,Vente,510000,3,,ALL LA BRUYERE,1557,78000,78646,Versailles,78,,,78646000AO0205,,,1366,,1566,,,,,,,,2,3,Dépendance,,0,,,,,,2.146857,48.813978
2025-1014789,2025-06-20,000001,Vente,510000,2,,ALL LA BRUYERE,1557,78000,78646,Versailles,78,,,78646000AO0205,,,1345,,1545,,,,,,,,2,3,Dépendance,,0,,,,,,2.146857,48.813978
2025-1014789,2025-06-20,000001,Vente,510000,3,,ALL LA BRUYERE,1557,78000,78646,Versailles,78,,,78646000AO0205,,,1366,,1566,,,,,,,,2,3,Dépendance,,0,,,,,,2.146857,48.813978
2025-1014789,2025-06-20,000001,Vente,510000,2,,ALL LA BRUYERE,1557,78000,78646,Versailles,78,,,78646000AO0205,,,1345,,1545,,,,,,,,2,3,Dépendance,,0,,,,,,2.146857,48.813978
2025-1014789,2025-06-20,000001,Vente,510000,1,,ALL LA BRUYERE,1557,78000,78646,Versailles,78,,,78646000AO0205,,,1745,,,,,,,,,,1,3,Dépendance,,0,,,,,,2.146857,48.813978
2025-1014789,2025-06-20,000001,Vente,510000,1,,ALL LA BRUYERE,1557,78000,78646,Versailles,78,,,78646000AO0205,,,1702,,,,,,,,,,1,3,Dépendance,,0,,,,,,2.146857,48.813978
2025-1014789,2025-06-20,000001,Vente,510000,3,,ALL LA BRUYERE,1557,78000,78646,Versailles,78,,,78646000AO0205,,,1366,,1566,,,,,,,,2,2,Appartement,52,2,,,,,,2.146857,48.813978
2025-1014790,2025-06-30,000001,Vente,275000,155,,BD DE LA REINE,2520,78000,78646,Versailles,78,,,78646000AR0073,,,19,57.54,96,,,,,,,,2,4,Local industriel. commercial ou assimilé,56,0,,,,,,2.145056,48.808479
2025-1014793,2025-07-07,000001,Vente,717000,49,,AV DE SAINT CLOUD,2730,78000,78646,Versailles,78,,,78646000AI0138,,,14,,9,83.91,,,,,,,2,2,Appartement,79,3,,,,,,2.133612,48.805572
2025-1014793,2025-07-07,000001,Vente,717000,49,,AV DE SAINT CLOUD,2730,78000,78646,Versailles,78,,,78646000AI0138,,,14,,9,83.91,,,,,,,2,3,Dépendance,,0,,,,,,2.133612,48.805572
2025-1014878,2025-07-10,000001,Vente,242820,7,,RUE DU VIEUX VERSAILLES,3180,78000,78646,Versailles,78,,,78646000AH0046,,,34,,,,,,,,,,1,3,Dépendance,,0,,,,,,2.122159,48.801354
2025-1014878,2025-07-10,000001,Vente,242820,7,,RUE DU VIEUX VERSAILLES,3180,78000,78646,Versailles,78,,,78646000AH0046,,,17,,,,,,,,,,1,2,Appartement,40,1,,,,,,2.122159,48.801354
2025-1014900,2025-07-07,000001,Vente,380000,53,,AV DES ETATS UNIS,0990,78000,78646,Versailles,78,,,78646000AS0050,,,26,,,,,,,,,,1,3,Dépendance,,0,,,,,,2.151625,48.811927
2025-1014900,2025-07-07,000001,Vente,380000,53,,AV DES ETATS UNIS,0990,78000,78646,Versailles,78,,,78646000AS0050,,,26,,,,,,,,,,1,2,Appartement,81,3,,,,,,2.151625,48.811927
2025-1014901,2025-06-30,000001,Vente,212000,47,,RUE DE VERGENNES,3150,78000,78646,Versailles,78,,,78646000BS0065,,,4,,,,,,,,,,1,3,Dépendance,,0,,,,,,2.137776,48.79692
2025-1014901,2025-06-30,000001,Vente,212000,47,,RUE DE VERGENNES,3150,78000,78646,Versailles,78,,,78646000BS0065,,,4,,,,,,,,,,1,2,Appartement,41,2,,,,,,2.137776,48.79692
2025-1014937,2025-07-10,000001,Vente,165000,5,,RUE DE L ECOLE DES POSTES,0850,78000,78646,Versailles,78,,,78646000AZ0110,,,3950,,,,,,,,,,1,3,Dépendance,,0,,,,,,2.158672,48.8041
2025-1014937,2025-07-10,000001,Vente,165000,12,,PROM MONA LISA,1965,78000,78646,Versailles,78,,,78646000AZ0110,,,1941,31.33,,,,,,,,,1,2,Appartement,31,1,,,,,,2.158672,48.8041
2025-1014937,2025-07-10,000001,Vente,165000,12,,PROM MONA LISA,1965,78000,78646,Versailles,78,,,78646000AZ0110,,,1848,,,,,,,,,,1,3,Dépendance,,0,,,,,,2.158672,48.8041
2025-1014942,2025-07-09,000001,Vente,26000,53,,AV DE PARIS,2180,78000,78646,Versailles,78,,,78646000BP0132,,,149,,,,,,,,,,1,3,Dépendance,,0,,,,,,2.1408,48.800274
2025-1014950,2025-06-20,000001,Vente,1005000,8,B,BD DE LESSEPS,1638,78000,78646,Versailles,78,,,78646000AX0241,,,,,,,,,,,,,0,1,Maison,73,4,S,sols,,,131,2.146896,48.805521
2025-1014959,2025-06-20,000001,Vente,24000,9001,,AV DE SCEAUX,2980,78000,78646,Versailles,78,,,78646000AH0226,,,401,,,,,,,,,,1,3,Dépendance,,0,,,,,,2.126268,48.79975
2025-1014964,2025-07-04,000001,Vente,150000,4,,RUE MONTBAURON,1970,78000,78646,Versailles,78,,,78646000BP0231,,,12,,15,,,,,,,,2,3,Dépendance,,0,,,,,,2.134931,48.802987
2025-1014964,2025-07-04,000001,Vente,150000,4,,RUE MONTBAURON,1970,78000,78646,Versailles,78,,,78646000BP0231,,,12,,15,,,,,,,,2,2,Appartement,17,1,,,,,,2.134931,48.802987
2025-1014995,2025-07-10,000001,Vente,120000,20,B,RUE SAINTE ADELAIDE,2670,78000,78646,Versailles,78,,,78646000AD0445,,,5,,,,,,,,,,1,3,Dépendance,,0,,,,,,2.13058,48.811059
2025-1014995,2025-07-10,000001,Vente,120000,20,B,RUE SAINTE ADELAIDE,2670,78000,78646,Versailles,78,,,78646000AD0445,,,6,,,,,,,,,,1,3,Dépendance,,0,,,,,,2.13058,48.811059
2025-1014995,2025-07-10,000001,Vente,120000,20,B,RUE SAINTE ADELAIDE,2670,78000,78646,Versailles,78,,,78646000AD0445,,,7,,,,,,,,,,1,3,Dépendance,,0,,,,,,2.13058,48.811059
2025-1014995,2025-07-10,000001,Vente,120000,20,B,RUE SAINTE ADELAIDE,2670,78000,78646,Versailles,78,,,78646000AD0445,,,8,,,,,,,,,,1,3,Dépendance,,0,,,,,,2.13058,48.811059
2025-1015004,2025-07-08,000001,Vente,314000,43,,AV DES ETATS UNIS,0990,78000,78646,Versailles,78,,,78646000AS0098,,,104,,,,,,,,,,1,2,Appartement,62,3,,,,,,2.148446,48.810098
2025-1015011,2025-07-07,000001,Vente,195000,28,,RUE HENRI DE REGNIER,1310,78000,78646,Versailles,78,,,78646000BW0157,,,3,,8,,,,,,,,2,3,Dépendance,,0,,,,,,2.12639,48.79316
2025-1015011,2025-07-07,000001,Vente,195000,28,,RUE HENRI DE REGNIER,1310,78000,78646,Versailles,78,,,78646000BW0157,,,3,,8,,,,,,,,2,2,Appartement,28,1,,,,,,2.12639,48.79316
2025-1015012,2025-07-02,000001,Vente,511000,9,,RUE SAINT LOUIS,2810,78000,78646,Versailles,78,,,78646000BV0184,,,16,77.08,17,77.08,25,,28,,46,,5,2,Appartement,76,3,,,,,,2.124317,48.795686
2025-1015012,2025-07-02,000001,Vente,511000,9,,RUE SAINT LOUIS,2810,78000,78646,Versailles,78,,,78646000BV0184,,,16,77.08,17,77.08,25,,28,,46,,5,3,Dépendance,,0,,,,,,2.124317,48.795686
2025-1015012,2025-07-02,000001,Vente,511000,9,,RUE SAINT LOUIS,2810,78000,78646,Versailles,78,,,78646000BV0184,,,16,77.08,17,77.08,25,,28,,46,,5,3,Dépendance,,0,,,,,,2.124317,48.795686
2025-1015012,2025-07-02,000001,Vente,511000,9,,RUE SAINT LOUIS,2810,78000,78646,Versailles,78,,,78646000BV0184,,,16,77.08,17,77.08,25,,28,,46,,5,3,Dépendance,,0,,,,,,2.124317,48.795686
2025-1015050,2025-07-07,000001,Vente,1150000,18,,RUE HOCHE,1350,78000,78646,Versailles,78,,,78646000AE0217,,,26,142.36,42,,45,,,,,,3,3,Dépendance,,0,,,,,,2.129046,48.806754
2025-1015050,2025-07-07,000001,Vente,1150000,18,,RUE HOCHE,1350,78000,78646,Versailles,78,,,78646000AE0217,,,26,142.36,42,,45,,,,,,3,3,Dépendance,,0,,,,,,2.129046,48.806754
2025-1015050,2025-07-07,000001,Vente,1150000,18,,RUE HOCHE,1350,78000,78646,Versailles,78,,,78646000AE0217,,,26,142.36,42,,45,,,,,,3,3,Dépendance,,0,,,,,,2.129046,48.806754
2025-1015050,2025-07-07,000001,Vente,1150000,18,,RUE HOCHE,1350,78000,78646,Versailles,78,,,78646000AE0217,,,26,142.36,42,,45,,,,,,3,2,Appartement,142,5,,,,,,2.129046,48.806754
2025-1015050,2025-07-07,000001,Vente,1150000,18,,RUE HOCHE,1350,78000,78646,Versailles,78,,,78646000AE0217,,,26,142.36,42,,45,,,,,,3,3,Dépendance,,0,,,,,,2.129046,48.806754
2025-1015064,2025-07-08,000001,Vente,360000,34,,RUE DU MAL JOFFRE,1820,78000,78646,Versailles,78,,,78646000BW0209,,,3,65.06,6,,8,,,,,,3,2,Appartement,69,3,,,,,,2.120262,48.794126
2025-1015064,2025-07-08,000001,Vente,360000,34,,RUE DU MAL JOFFRE,1820,78000,78646,Versailles,78,,,78646000BW0209,,,3,65.06,6,,8,,,,,,3,3,Dépendance,,0,,,,,,2.120262,48.794126
2025-1015064,2025-07-08,000001,Vente,360000,34,,RUE DU MAL JOFFRE,1820,78000,78646,Versailles,78,,,78646000BW0209,,,3,65.06,6,,8,,,,,,3,3,Dépendance,,0,,,,,,2.120262,48.794126
2025-1015068,2025-07-04,000001,Vente,251890,3,B,RUE JEAN MERMOZ,1460,78000,78646,Versailles,78,,,78646000BN0166,,,1425,31.81,1499,,,,,,,,2,2,Appartement,31,1,,,,,,2.145036,48.797427
2025-1015068,2025-07-04,000001,Vente,251890,3,B,RUE JEAN MERMOZ,1460,78000,78646,Versailles,78,,,78646000BN0166,,,1425,31.81,1499,,,,,,,,2,3,Dépendance,,0,,,,,,2.145036,48.797427
2025-1015068,2025-07-04,000001,Vente,251890,82,B,AV DE PARIS,2180,78000,78646,Versailles,78,,,78646000BN0166,,,1120,,,,,,,,,,1,3,Dépendance,,0,,,,,,2.145036,48.797427
2025-1015075,2025-06-13,000001,Echange,4000,10,,RUE MONTBAURON,1970,78000,78646,Versailles,78,,,78646000BP0240,,,10,,,,,,,,,,1,3,Dépendance,,0,,,,,,2.135413,48.803577
2025-1015075,2025-06-13,000001,Echange,4000,10,,RUE MONTBAURON,1970,78000,78646,Versailles,78,,,78646000BP0240,,,10,,,,,,,,,,1,2,Appartement,126,6,,,,,,2.135413,48.803577
2025-1015075,2025-06-13,000002,Echange,4000,10,,RUE MONTBAURON,1970,78000,78646,Versailles,78,,,78646000BP0240,,,12,,,,,,,,,,1,2,Appartement,119,6,,,,,,2.135413,48.803577
2025-1015075,2025-06-13,000002,Echange,4000,10,,RUE MONTBAURON,1970,78000,78646,Versailles,78,,,78646000BP0240,,,12,,,,,,,,,,1,3,Dépendance,,0,,,,,,2.135413,48.803577
2025-1015075,2025-06-13,000002,Echange,4000,10,,RUE MONTBAURON,1970,78000,78646,Versailles,78,,,78646000BP0240,,,12,,,,,,,,,,1,3,Dépendance,,0,,,,,,2.135413,48.803577
2025-1015075,2025-06-13,000002,Echange,4000,10,,RUE MONTBAURON,1970,78000,78646,Versailles,78,,,78646000BP0240,,,12,,,,,,,,,,1,3,Dépendance,,0,,,,,,2.135413,48.803577
2025-1015076,2025-07-07,000001,Vente,15000,82,B,AV DE PARIS,2180,78000,78646,Versailles,78,,,78646000BN0166,,,1152,,,,,,,,,,1,3,Dépendance,,0,,,,,,2.145036,48.797427
2025-1015132,2025-07-02,000001,Vente,1127531,1,,PL CHAROST,0550,78000,78646,Versailles,78,,,78646000AI0095,,,20,165.37,,,,,,,,,1,2,Appartement,115,5,,,,,,2.132385,48.804014
2025-1015132,2025-07-02,000001,Vente,1127531,1,,PL CHAROST,0550,78000,78646,Versailles,78,,,78646000AI0095,,,14,,,,,,,,,,1,3,Dépendance,,0,,,,,,2.132385,48.804014
2025-1015132,2025-07-02,000001,Vente,1127531,1,,PL CHAROST,0550,78000,78646,Versailles,78,,,78646000AI0095,,,13,,,,,,,,,,1,3,Dépendance,,0,,,,,,2.132385,48.804014
2025-1015142,2025-07-11,000001,Vente,614858,8,,RUE DE LA CEINTURE,0460,78000,78646,Versailles,78,,,78646000AW0006,,,515,101.59,533,,,,,,,,2,3,Dépendance,,0,,,,,,2.15013,48.808121
2025-1015142,2025-07-11,000001,Vente,614858,8,,RUE DE LA CEINTURE,0460,78000,78646,Versailles,78,,,78646000AW0006,,,1367,,,,,,,,,,1,3,Dépendance,,0,,,,,,2.15013,48.808121
2025-1015142,2025-07-11,000001,Vente,614858,8,,RUE DE LA CEINTURE,0460,78000,78646,Versailles,78,,,78646000AW0006,,,515,101.59,533,,,,,,,,2,2,Appartement,104,4,,,,,,2.15013,48.808121
2025-1015173,2025-06-20,000001,Vente,830000,25,,RUE MONTEBELLO,1980,78000,78646,Versailles,78,,,78646000AK0018,,,13,,143,118.41,,,,,,,2,3,Dépendance,,0,,,,,,2.138525,48.812549
2025-1015173,2025-06-20,000001,Vente,830000,25,,RUE MONTEBELLO,1980,78000,78646,Versailles,78,,,78646000AK0018,,,13,,143,118.41,,,,,,,2,2,Appartement,117,5,,,,,,2.138525,48.812549
2025-1015173,2025-06-20,000001,Vente,830000,25,,RUE MONTEBELLO,1980,78000,78646,Versailles,78,,,78646000AK0018,,,69,,,,,,,,,,1,3,Dépendance,,0,,,,,,2.138525,48.812549
2025-1015177,2025-07-02,000001,Vente,300000,4,,ALL DES GARDES ROYALES,1136,78000,78646,Versailles,78,,,78646000AY0212,,,151,53.65,175,,,,,,,,2,3,Dépendance,,0,,,,,,2.151214,48.802177
2025-1015177,2025-07-02,000001,Vente,300000,4,,ALL DES GARDES ROYALES,1136,78000,78646,Versailles,78,,,78646000AY0212,,,151,53.65,175,,,,,,,,2,3,Dépendance,,0,,,,,,2.151214,48.802177
2025-1015177,2025-07-02,000001,Vente,300000,4,,ALL DES GARDES ROYALES,1136,78000,78646,Versailles,78,,,78646000AY0212,,,151,53.65,175,,,,,,,,2,2,Appartement,53,2,,,,,,2.151214,48.802177
2025-1015177,2025-07-02,000001,Vente,300000,2,,ALL DES GARDES ROYALES,1136,78000,78646,Versailles,78,,,78646000AY0212,,,1043,,,,,,,,,,1,3,Dépendance,,0,,,,,,2.151214,48.802177
2025-1015200,2025-07-08,000001,Vente,641000,4,,AV DE LA TRANQUILLITE,3055,78000,78646,Versailles,78,,,78646000AZ0110,,,258,139.51,,,,,,,,,1,3,Dépendance,,0,,,,,,2.158672,48.8041
2025-1015200,2025-07-08,000001,Vente,641000,5,,RUE DE L ECOLE DES POSTES,0850,78000,78646,Versailles,78,,,78646000AZ0110,,,199,,,,,,,,,,1,3,Dépendance,,0,,,,,,2.158672,48.8041
2025-1015200,2025-07-08,000001,Vente,641000,4,,AV DE LA TRANQUILLITE,3055,78000,78646,Versailles,78,,,78646000AZ0110,,,258,139.51,,,,,,,,,1,2,Appartement,136,5,,,,,,2.158672,48.8041
2025-1015203,2025-06-20,000001,Vente,608000,22,,RUE JACQUES LEMERCIER,1420,78000,78646,Versailles,78,,,78646000AO0017,,,96,,,,,,,,,,1,3,Dépendance,,0,,,,,,2.149694,48.813972
2025-1015203,2025-06-20,000001,Vente,608000,22,,RUE JACQUES LEMERCIER,1420,78000,78646,Versailles,78,,,78646000AO0017,,,18,74.63,53,,,,,,,,2,2,Appartement,80,3,,,,,,2.149694,48.813972
2025-1015203,2025-06-20,000001,Vente,608000,22,,RUE JACQUES LEMERCIER,1420,78000,78646,Versailles,78,,,78646000AO0017,,,18,74.63,53,,,,,,,,2,3,Dépendance,,0,,,,,,2.149694,48.813972
2025-1015203,2025-06-20,000001,Vente,608000,22,,RUE JACQUES LEMERCIER,1420,78000,78646,Versailles,78,,,78646000AO0017,,,18,74.63,53,,,,,,,,2,3,Dépendance,,0,,,,,,2.149694,48.813972
2025-1015203,2025-06-20,000001,Vente,608000,22,,RUE JACQUES LEMERCIER,1420,78000,78646,Versailles,78,,,78646000AO0017,,,81,,,,,,,,,,1,3,Dépendance,,0,,,,,,2.149694,48.813972
2025-1015203,2025-06-20,000001,Vente,608000,22,,RUE JACQUES LEMERCIER,1420,78000,78646,Versailles,78,,,78646000AO0017,,,78,,,,,,,,,,1,3,Dépendance,,0,,,,,,2.149694,48.813972
2025-1015206,2025-07-11,000001,Vente,120000,11,,RUE SAINT MEDERIC,2840,78000,78646,Versailles,78,,,78646000BT0136,,,15,,,,,,,,,,1,2,Appartement,17,1,,,,,,2.12747,48.79535
2025-1015215,2025-07-09,000001,Vente,25000,22,B,RUE DES RESERVOIRS,2580,78000,78646,Versailles,78,,,78646000AE0175,,,20,,,,,,,,,,1,3,Dépendance,,0,,,,,,2.124804,48.807568
2025-1015216,2025-07-11,000001,Vente,685230,58,,RUE ALBERT JOLY,0050,78000,78646,Versailles,78,,,78646000AR0053,,,110,,93,88.54,,,,,,,2,3,Dépendance,,0,,,,,,2.143711,48.809427
2025-1015216,2025-07-11,000001,Vente,685230,58,,RUE ALBERT JOLY,0050,78000,78646,Versailles,78,,,78646000AR0053,,,124,,,,,,,,,,1,3,Dépendance,,0,,,,,,2.143711,48.809427
2025-1015216,2025-07-11,000001,Vente,685230,58,,RUE ALBERT JOLY,0050,78000,78646,Versailles,78,,,78646000AR0053,,,110,,93,88.54,,,,,,,2,2,Appartement,90,3,,,,,,2.143711,48.809427
2025-1015216,2025-07-11,000001,Vente,685230,58,,RUE ALBERT JOLY,0050,78000,78646,Versailles,78,,,78646000AR0053,,,110,,93,88.54,,,,,,,2,3,Dépendance,,0,,,,,,2.143711,48.809427
2025-1015221,2025-07-10,000001,Vente,630000,8,T,RUE GIRARDON,1240,78000,78646,Versailles,78,,,78646000BE0175,,,,,,,,,,,,,0,1,Maison,50,3,S,sols,,,191,2.158997,48.79563
2025-1015235,2025-07-08,000001,Vente,461950,32,T,RUE SAINT CHARLES,2710,78000,78646,Versailles,78,,,78646000AY0032,,,24,,,,,,,,,,1,3,Dépendance,,0,,,,,,2.149284,48.802302
2025-1015235,2025-07-08,000001,Vente,461950,32,B,RUE SAINT CHARLES,2710,78000,78646,Versailles,78,,,78646000AY0032,,,16,,42,78.14,,,,,,,2,2,Appartement,75,3,,,,,,2.149284,48.802302
2025-1015235,2025-07-08,000001,Vente,461950,32,B,RUE SAINT CHARLES,2710,78000,78646,Versailles,78,,,78646000AY0032,,,16,,42,78.14,,,,,,,2,3,Dépendance,,0,,,,,,2.149284,48.802302
2025-1015244,2025-07-15,000001,Vente,410028,27,,RUE JACQUES LEMERCIER,1420,78000,78646,Versailles,78,,,78646000AO0064,,,100,,99,69.14,,,,,,,2,3,Dépendance,,0,,,,,,2.148415,48.815728
2025-1015244,2025-07-15,000001,Vente,410028,27,,RUE JACQUES LEMERCIER,1420,78000,78646,Versailles,78,,,78646000AO0064,,,100,,99,69.14,,,,,,,2,2,Appartement,67,3,,,,,,2.148415,48.815728
2025-1015256,2025-07-04,000001,Vente,90000,26,,RUE HENRI SIMON,1330,78000,78646,Versailles,78,,,78646000AW0006,,,825,12.3,,,,,,,,,1,3,Dépendance,,0,,,,,,2.15013,48.808121
2025-1015323,2025-06-27,000001,Vente,1000000,18,,RUE AU PAIN,2150,78000,78646,Versailles,78,,,78646000AI0109,,,,,,,,,,,,,0,3,Dépendance,,0,S,sols,,,263,2.132051,48.805814
2025-1015323,2025-06-27,000001,Vente,1000000,18,,RUE AU PAIN,2150,78000,78646,Versailles,78,,,78646000AI0109,,,,,,,,,,,,,0,4,Local industriel. commercial ou assimilé,81,0,S,sols,,,263,2.132051,48.805814
2025-1015323,2025-06-27,000001,Vente,1000000,18,,RUE AU PAIN,2150,78000,78646,Versailles,78,,,78646000AI0109,,,,,,,,,,,,,0,4,Local industriel. commercial ou assimilé,59,0,S,sols,,,263,2.132051,48.805814
2025-1015323,2025-06-27,000001,Vente,1000000,18,,RUE AU PAIN,2150,78000,78646,Versailles,78,,,78646000AI0109,,,,,,,,,,,,,0,4,Local industriel. commercial ou assimilé,376,0,S,sols,,,263,2.132051,48.805814
2025-1015323,2025-06-27,000001,Vente,1000000,18,,RUE AU PAIN,2150,78000,78646,Versailles,78,,,78646000AI0109,,,,,,,,,,,,,0,4,Local industriel. commercial ou assimilé,5,0,S,sols,,,263,2.132051,48.805814
2025-1015341,2025-07-16,000001,Vente,565000,13,,RUE SAINT HONORE,2780,78000,78646,Versailles,78,,,78646000BV0129,,,20,,,,,,,,,,1,3,Dépendance,,0,,,,,,2.125382,48.798114
2025-1015341,2025-07-16,000001,Vente,565000,13,,RUE SAINT HONORE,2780,78000,78646,Versailles,78,,,78646000BV0129,,,13,80.51,,,,,,,,,1,2,Appartement,65,4,,,,,,2.125382,48.798114
2025-1015348,2025-07-16,000001,Vente,459679,64,,RUE DES CHANTIERS,0530,78000,78646,Versailles,78,,,78646000BL0326,,,497,,54,85.39,,,,,,,2,3,Dépendance,,0,,,,,,2.143523,48.792624
2025-1015348,2025-07-16,000001,Vente,459679,64,,RUE DES CHANTIERS,0530,78000,78646,Versailles,78,,,78646000BL0326,,,296,,,,,,,,,,1,3,Dépendance,,0,,,,,,2.143523,48.792624
2025-1015348,2025-07-16,000001,Vente,459679,64,,RUE DES CHANTIERS,0530,78000,78646,Versailles,78,,,78646000BL0326,,,497,,54,85.39,,,,,,,2,2,Appartement,87,3,,,,,,2.143523,48.792624
2025-1015348,2025-07-16,000001,Vente,459679,64,,RUE DES CHANTIERS,0530,78000,78646,Versailles,78,,,78646000BL0326,,,338,,,,,,,,,,1,3,Dépendance,,0,,,,,,2.143523,48.792624
2025-1015349,2025-07-10,000001,Vente,465550,45,,AV DE SAINT CLOUD,2730,78000,78646,Versailles,78,,,78646000AI0134,,,6,68.76,9,,,,,,,,2,2,Appartement,67,3,,,,,,2.133489,48.805732
2025-1015349,2025-07-10,000001,Vente,465550,45,,AV DE SAINT CLOUD,2730,78000,78646,Versailles,78,,,78646000AI0134,,,6,68.76,9,,,,,,,,2,3,Dépendance,,0,,,,,,2.133489,48.805732
2025-1015356,2025-07-18,000001,Vente,133000,6,,RUE BAILLY,0280,78000,78646,Versailles,78,,,78646000AH0044,,,6,,,,,,,,,,1,2,Appartement,30,2,,,,,,2.122652,48.80117
2025-1015356,2025-07-18,000001,Vente,133000,6,,RUE BAILLY,0280,78000,78646,Versailles,78,,,78646000AH0044,,,6,,,,,,,,,,1,3,Dépendance,,0,,,,,,2.122652,48.80117
2025-1015356,2025-07-18,000001,Vente,133000,6,,RUE BAILLY,0280,78000,78646,Versailles,78,,,78646000AH0044,,,6,,,,,,,,,,1,3,Dépendance,,0,,,,,,2.122652,48.80117
2025-1015364,2025-07-11,000001,Vente,365000,20,,RUE DU GENERAL LECLERC,1145,78000,78646,Versailles,78,,,78646000BV0075,,,25,,26,,27,,52,,9,,5,2,Appartement,50,3,,,,,,2.126175,48.798897
2025-1015374,2025-06-27,000001,Vente,786800,2,,RUE DE L ORIENT,2130,78000,78646,Versailles,78,,,78646000BT0048,,,10,,3,,4,,5,,6,,8,3,Dépendance,,0,,,,,,2.127104,48.796901
2025-1015374,2025-06-27,000001,Vente,786800,2,,RUE DE L ORIENT,2130,78000,78646,Versailles,78,,,78646000BT0048,,,10,,3,,4,,5,,6,,8,2,Appartement,100,4,,,,,,2.127104,48.796901
2025-1015420,2025-06-20,000001,Vente,592500,3,B,AV DE PORCHEFONTAINE,2380,78000,78646,Versailles,78,,,78646000BD0157,,,160,109.08,91,,,,,,,,2,3,Dépendance,,0,,,,,,2.15451,48.797411
2025-1015420,2025-06-20,000001,Vente,592500,3,,AV DE PORCHEFONTAINE,2380,78000,78646,Versailles,78,,,78646000BD0157,,,45,,,,,,,,,,1,3,Dépendance,,0,,,,,,2.15451,48.797411
2025-1015420,2025-06-20,000001,Vente,592500,3,B,AV DE PORCHEFONTAINE,2380,78000,78646,Versailles,78,,,78646000BD0157,,,160,109.08,91,,,,,,,,2,2,Appartement,109,5,,,,,,2.15451,48.797411
2025-1015440,2025-06-20,000001,Vente,312720,154,,AV DE PARIS,2180,78000,78646,Versailles,78,,,78646000BD0018,,,67,,,,,,,,,,1,3,Dépendance,,0,,,,,,2.156547,48.797828
2025-1015440,2025-06-20,000001,Vente,312720,154,,AV DE PARIS,2180,78000,78646,Versailles,78,,,78646000BD0018,,,14,58.71,63,,,,,,,,2,2,Appartement,63,3,,,,,,2.156547,48.797828
2025-1015440,2025-06-20,000001,Vente,312720,154,,AV DE PARIS,2180,78000,78646,Versailles,78,,,78646000BD0018,,,14,58.71,63,,,,,,,,2,3,Dépendance,,0,,,,,,2.156547,48.797828
2025-1015461,2025-06-20,000001,Vente,160000,6,,RUE DE BEAUVAU,0320,78000,78646,Versailles,78,,,78646000AD0272,,,12,24.52,,,,,,,,,1,3,Dépendance,,0,,,,,,2.13132,48.811813
2025-1015461,2025-06-20,000001,Vente,160000,6,,RUE DE BEAUVAU,0320,78000,78646,Versailles,78,,,78646000AD0272,,,12,24.52,,,,,,,,,1,2,Appartement,27,1,,,,,,2.13132,48.811813
2025-1015467,2025-07-17,000001,Vente,224000,3,,RUE EDOUARD CHARTON,0890,78000,78646,Versailles,78,,,78646000BS0013,,,16,,2,40.28,,,,,,,2,2,Appartement,51,2,,,,,,2.131153,48.796204
2025-1015474,2025-07-18,000001,Vente,534000,1,T,RUE SAINT MEDERIC,2840,78000,78646,Versailles,78,,,78646000BT0098,,,18,,5,88.63,,,,,,,2,2,Appartement,93,4,,,,,,2.128123,48.796223
2025-1015474,2025-07-18,000001,Vente,534000,1,T,RUE SAINT MEDERIC,2840,78000,78646,Versailles,78,,,78646000BT0098,,,27,,,,,,,,,,1,3,Dépendance,,0,,,,,,2.128123,48.796223
2025-1015474,2025-07-18,000001,Vente,534000,1,T,RUE SAINT MEDERIC,2840,78000,78646,Versailles,78,,,78646000BT0098,,,18,,5,88.63,,,,,,,2,3,Dépendance,,0,,,,,,2.128123,48.796223
2025-1015495,2025-07-07,000001,Vente,795450,4,,IMP SAINT HENRI,2775,78000,78646,Versailles,78,,,78646000BK0005,,,,,,,,,,,,,0,1,Maison,77,4,S,sols,,,154,2.15008,48.797251
2025-1015495,2025-07-07,000001,Vente,795450,4,,IMP SAINT HENRI,2775,78000,78646,Versailles,78,,,78646000BK0005,,,,,,,,,,,,,0,3,Dépendance,,0,S,sols,,,154,2.15008,48.797251
2025-1015504,2025-07-17,000001,Vente,400000,43,,RUE D ANJOU,0190,78000,78646,Versailles,78,,,78646000BT0048,,,1,,2,,,,,,,,2,4,Local industriel. commercial ou assimilé,120,0,,,,,,2.127104,48.796901
2025-1015506,2025-07-17,000001,Vente,318450,65,B,AV DE SAINT CLOUD,2730,78000,78646,Versailles,78,,,78646000AI0155,,,22,,8,,9,,,,,,3,3,Dépendance,,0,,,,,,2.134965,48.805631
2025-1015506,2025-07-17,000001,Vente,318450,65,B,AV DE SAINT CLOUD,2730,78000,78646,Versailles,78,,,78646000AI0155,,,22,,8,,9,,,,,,3,2,Appartement,45,2,,,,,,2.134965,48.805631
2025-1015521,2025-06-23,000001,Vente,460850,27,,RUE JACQUES LEMERCIER,1420,78000,78646,Versailles,78,,,78646000AO0064,,,71,82.8,72,,,,,,,,2,3,Dépendance,,0,,,,,,2.148415,48.815728
2025-1015521,2025-06-23,000001,Vente,460850,27,,RUE JACQUES LEMERCIER,1420,78000,78646,Versailles,78,,,78646000AO0064,,,71,82.8,72,,,,,,,,2,2,Appartement,80,5,,,,,,2.148415,48.815728
2025-1015523,2025-07-10,000001,Vente,50000,75,,RUE DE LA PAROISSE,2190,78000,78646,Versailles,78,,,78646000AI0174,,,11,,81,17.43,82,17.43,87,,,,4,3,Dépendance,,0,,,,,,2.135009,48.806319
2025-1015523,2025-07-10,000001,Vente,50000,75,,RUE DE LA PAROISSE,2190,78000,78646,Versailles,78,,,78646000AI0174,,,81,17.43,82,17.43,87,,,,,,3,2,Appartement,17,1,,,,,,2.135009,48.806319
2025-1015523,2025-07-10,000001,Vente,50000,75,,RUE DE LA PAROISSE,2190,78000,78646,Versailles,78,,,78646000AI0174,,,11,,,,,,,,,,1,3,Dépendance,,0,,,,,,2.135009,48.806319
2025-1015563,2025-07-10,000001,Vente,636600,98,,AV DE PARIS,2180,78000,78646,Versailles,78,,,78646000BK0001,,,15,121.52,185,,,,,,,,2,3,Dépendance,,0,,,,,,2.149414,48.797242
2025-1015563,2025-07-10,000001,Vente,636600,98,,AV DE PARIS,2180,78000,78646,Versailles,78,,,78646000BK0001,,,15,121.52,185,,,,,,,,2,2,Appartement,122,6,,,,,,2.149414,48.797242
2025-1015563,2025-07-10,000001,Vente,636600,98,,AV DE PARIS,2180,78000,78646,Versailles,78,,,78646000BK0001,,,316,,,,,,,,,,1,3,Dépendance,,0,,,,,,2.149414,48.797242
2025-1015579,2025-07-18,000001,Vente,23000,139,,BD DE LA REINE,2520,78000,78646,Versailles,78,,,78646000AR0089,,,101,,,,,,,,,,1,3,Dépendance,,0,,,,,,2.141375,48.808686
2025-1015581,2025-06-24,000001,Vente,750000,6,,PL LYAUTEY,1720,78000,78646,Versailles,78,,,78646000AH0179,,,13,,,,,,,,,,1,2,Appartement,93,6,,,,,,2.127714,48.800424
2025-1015587,2025-07-09,000001,Vente,2521900,7,,RUE RICHAUD,2610,78000,78646,Versailles,78,,,78646000AI0313,,,372,,,,,,,,,,1,3,Dépendance,,0,,,,,,2.135209,48.807376
2025-1015587,2025-07-09,000001,Vente,2521900,7,,RUE RICHAUD,2610,78000,78646,Versailles,78,,,78646000AI0313,,,373,,,,,,,,,,1,3,Dépendance,,0,,,,,,2.135209,48.807376
2025-1015587,2025-07-09,000001,Vente,2521900,7,,RUE RICHAUD,2610,78000,78646,Versailles,78,,,78646000AI0313,,,374,,,,,,,,,,1,3,Dépendance,,0,,,,,,2.135209,48.807376
2025-1015587,2025-07-09,000001,Vente,2521900,5,A,RUE RICHAUD,2610,78000,78646,Versailles,78,,,78646000AI0316,,,25,,87,,,,,,,,2,2,Appartement,240,5,,,,,,2.134167,48.807966
2025-1015658,2025-07-09,000001,Vente,270000,12,,RUE DES MOINES,1930,78000,78646,Versailles,78,,,78646000BK0138,,,10,,11,,,,,,,,2,2,Appartement,57,2,,,,,,2.153256,48.79363
2025-1015658,2025-07-09,000001,Vente,270000,12,,RUE DES MOINES,1930,78000,78646,Versailles,78,,,78646000BK0138,,,10,,11,,,,,,,,2,3,Dépendance,,0,,,,,,2.153256,48.79363
2025-1015659,2025-07-09,000001,Vente,700000,75,,RUE ROYALE,2648,78000,78646,Versailles,78,,,78646000BT0126,,,13,101.55,29,4.92,43,,,,,,3,3,Dépendance,,0,,,,,,2.125954,48.795874
2025-1015659,2025-07-09,000001,Vente,700000,75,,RUE ROYALE,2648,78000,78646,Versailles,78,,,78646000BT0126,,,13,101.55,29,4.92,43,,,,,,3,2,Appartement,100,4,,,,,,2.125954,48.795874
2025-1015659,2025-07-09,000001,Vente,700000,75,,RUE ROYALE,2648,78000,78646,Versailles,78,,,78646000BT0126,,,33,9.28,,,,,,,,,1,3,Dépendance,,0,,,,,,2.125954,48.795874
2025-1015659,2025-07-09,000001,Vente,700000,75,,RUE ROYALE,2648,78000,78646,Versailles,78,,,78646000BT0126,,,13,101.55,29,4.92,43,,,,,,3,3,Dépendance,,0,,,,,,2.125954,48.795874
2025-1015689,2025-07-17,000001,Vente,1219400,40,,RUE LAMARTINE,1590,78000,78646,Versailles,78,,,78646000BL0142,,,,,,,,,,,,,0,1,Maison,134,4,S,sols,,,423,2.149095,48.792496
2025-1015689,2025-07-17,000001,Vente,1219400,40,,RUE LAMARTINE,1590,78000,78646,Versailles,78,,,78646000BL0142,,,,,,,,,,,,,0,3,Dépendance,,0,S,sols,,,423,2.149095,48.792496
2025-1015722,2025-07-21,000001,Vente,395450,3,,AV DE LA TRANQUILLITE,3055,78000,78646,Versailles,78,,,78646000AZ0110,,,541,,747,,,,,,,,2,3,Dépendance,,0,,,,,,2.158672,48.8041
2025-1015722,2025-07-21,000001,Vente,395450,3,,AV DE LA TRANQUILLITE,3055,78000,78646,Versailles,78,,,78646000AZ0110,,,541,,747,,,,,,,,2,2,Appartement,117,5,,,,,,2.158672,48.8041
2025-1015722,2025-07-21,000001,Vente,395450,5,,RUE DE L ECOLE DES POSTES,0850,78000,78646,Versailles,78,,,78646000AZ0110,,,3303,,,,,,,,,,1,3,Dépendance,,0,,,,,,2.158672,48.8041
2025-1015731,2025-07-08,000001,Vente,288350,58,,RUE DE MONTREUIL,2000,78000,78646,Versailles,78,,,78646000AY0270,,,525,39.49,,,,,,,,,1,2,Appartement,39,2,,,,,,2.148581,48.804249
2025-1015756,2025-07-15,000001,Vente,308100,10,,RUE SAINT MEDERIC,2840,78000,78646,Versailles,78,,,78646000BT0100,,,13,,3,41.82,,,,,,,2,2,Appartement,36,3,,,,,,2.127618,48.796103
2025-1015757,2025-07-22,000001,Vente,407500,28,,RUE DE L ORANGERIE,2110,78000,78646,Versailles,78,,,78646000BV0195,,,101,,104,,105,,111,,131,,5,3,Dépendance,,0,,,,,,2.122851,48.799889
2025-1015757,2025-07-22,000001,Vente,407500,28,,RUE DE L ORANGERIE,2110,78000,78646,Versailles,78,,,78646000BV0195,,,101,,104,,105,,111,,131,,5,2,Appartement,87,2,,,,,,2.122851,48.799889
2025-1015799,2025-06-25,000001,Vente,300000,4,,RUE DE LA CEINTURE,0460,78000,78646,Versailles,78,,,78646000AW0006,,,132,,81,53.62,,,,,,,2,3,Dépendance,,0,,,,,,2.15013,48.808121
2025-1015799,2025-06-25,000001,Vente,300000,4,,RUE DE LA CEINTURE,0460,78000,78646,Versailles,78,,,78646000AW0006,,,132,,81,53.62,,,,,,,2,2,Appartement,54,2,,,,,,2.15013,48.808121
2025-1015824,2025-07-21,000001,Vente,405000,6,,RUE DES RESERVOIRS,2580,78000,78646,Versailles,78,,,78646000AE0460,,,47,,65,,,,,,,,2,2,Appartement,60,3,,,,,,2.124083,48.806059
2025-1015826,2025-07-22,000001,Vente,20000,64,,RUE DES CHANTIERS,0530,78000,78646,Versailles,78,,,78646000BL0326,,,305,,,,,,,,,,1,3,Dépendance,,0,,,,,,2.143523,48.792624
2025-1015840,2025-07-21,000001,Vente,378000,18,,RUE DES BOURDONNAIS,0400,78000,78646,Versailles,78,,,78646000BV0175,,,18,,9,54.67,,,,,,,2,3,Dépendance,,0,,,,,,2.124786,48.795771
2025-1015840,2025-07-21,000001,Vente,378000,18,,RUE DES BOURDONNAIS,0400,78000,78646,Versailles,78,,,78646000BV0175,,,18,,9,54.67,,,,,,,2,2,Appartement,55,2,,,,,,2.124786,48.795771
2025-1015852,2025-07-18,000001,Vente,23000,6,,RUE MONTBAURON,1970,78000,78646,Versailles,78,,,78646000BP0027,,,43,,,,,,,,,,1,3,Dépendance,,0,,,,,,2.135298,48.802989
2025-1015857,2025-07-22,000001,Vente,620000,90,,AV DE PARIS,2180,78000,78646,Versailles,78,,,78646000BN0049,,,60,,,,,,,,,,1,3,Dépendance,,0,,,,,,2.146772,48.797712
2025-1015857,2025-07-22,000001,Vente,620000,90,,AV DE PARIS,2180,78000,78646,Versailles,78,,,78646000BN0049,,,24,112.57,25,,39,,,,,,3,3,Dépendance,,0,,,,,,2.146772,48.797712
2025-1015857,2025-07-22,000001,Vente,620000,90,,AV DE PARIS,2180,78000,78646,Versailles,78,,,78646000BN0049,,,24,112.57,25,,39,,,,,,3,2,Appartement,111,4,,,,,,2.146772,48.797712
2025-1015860,2025-07-18,000001,Vente,251288,58,,RUE DES CHANTIERS,0530,78000,78646,Versailles,78,,,78646000BL0327,,,177,45.43,329,,,,,,,,2,3,Dépendance,,0,,,,,,2.142467,48.792993
2025-1015860,2025-07-18,000001,Vente,251288,58,,RUE DES CHANTIERS,0530,78000,78646,Versailles,78,,,78646000BL0327,,,177,45.43,329,,,,,,,,2,2,Appartement,46,2,,,,,,2.142467,48.792993
2025-1015862,2025-07-16,000001,Vente,637500,64,,RUE DU MAL FOCH,1810,78000,78646,Versailles,78,,,78646000AK0236,,,23,95.99,,,,,,,,,1,2,Appartement,20,1,,,,,,2.135751,48.812085
2025-1015862,2025-07-16,000001,Vente,637500,64,,RUE DU MAL FOCH,1810,78000,78646,Versailles,78,,,78646000AK0236,,,48,,,,,,,,,,1,4,Local industriel. commercial ou assimilé,12,0,,,,,,2.135751,48.812085
2025-1015862,2025-07-16,000001,Vente,637500,64,,RUE DU MAL FOCH,1810,78000,78646,Versailles,78,,,78646000AK0236,,,27,95,,,,,,,,,1,2,Appartement,75,3,,,,,,2.135751,48.812085
2025-1015881,2025-07-16,000001,Vente,209000,12,,RUE PHILIPPE DE DANGEAU,2255,78000,78646,Versailles,78,,,78646000AI0036,,,9,27,,,,,,,,,1,2,Appartement,29,1,,,,,,2.13359,48.803387
2025-1015893,2025-07-18,000001,Vente,322000,7,,RUE DE L ORANGERIE,2110,78000,78646,Versailles,78,,,78646000AH0026,,,14,60.82,29,,,,,,,,2,2,Appartement,62,2,,,,,,2.121384,48.800694
2025-1015893,2025-07-18,000001,Vente,322000,7,,RUE DE L ORANGERIE,2110,78000,78646,Versailles,78,,,78646000AH0026,,,14,60.82,29,,,,,,,,2,3,Dépendance,,0,,,,,,2.121384,48.800694
2025-1015903,2025-07-18,000001,Vente,80000,6,,RUE ROYALE,2648,78000,78646,Versailles,78,,,78646000BV0088,,,55,38.83,,,,,,,,,1,2,Appartement,40,2,,,,,,2.126821,48.798577
2025-1015947,2025-07-03,000001,Vente,636190,1,,AV DU GENERAL MANGIN,1165,78000,78646,Versailles,78,,,78646000AL0068,,,51,,,,,,,,,,1,3,Dépendance,,0,,,,,,2.136485,48.813954
2025-1015947,2025-07-03,000001,Vente,636190,1,,AV DU GENERAL MANGIN,1165,78000,78646,Versailles,78,,,78646000AL0068,,,15,64.82,28,,,,,,,,2,3,Dépendance,,0,,,,,,2.136485,48.813954
2025-1015947,2025-07-03,000001,Vente,636190,1,,AV DU GENERAL MANGIN,1165,78000,78646,Versailles,78,,,78646000AL0068,,,15,64.82,28,,,,,,,,2,2,Appartement,69,3,,,,,,2.136485,48.813954
2025-1015948,2025-07-18,000001,Vente,319000,7,,AV DE L AMIRAL SERRE,0150,78000,78646,Versailles,78,,,78646000AL0138,,,214,49.3,,,,,,,,,1,2,Appartement,50,2,,,,,,2.139473,48.817747
2025-1015948,2025-07-18,000001,Vente,319000,7,,AV DE L AMIRAL SERRE,0150,78000,78646,Versailles,78,,,78646000AL0138,,,214,49.3,,,,,,,,,1,3,Dépendance,,0,,,,,,2.139473,48.817747
2025-1015986,2025-07-24,000001,Vente,560150,2,,RUE JEAN MERMOZ,1460,78000,78646,Versailles,78,,,78646000BN0167,,,595,,,,,,,,,,1,3,Dépendance,,0,,,,,,2.142752,48.797871
2025-1015986,2025-07-24,000001,Vente,560150,4,,RUE JEAN MERMOZ,1460,78000,78646,Versailles,78,,,78646000BN0167,,,127,75.29,626,,,,,,,,2,2,Appartement,75,4,,,,,,2.142752,48.797871
2025-1015986,2025-07-24,000001,Vente,560150,4,,RUE JEAN MERMOZ,1460,78000,78646,Versailles,78,,,78646000BN0167,,,127,75.29,626,,,,,,,,2,3,Dépendance,,0,,,,,,2.142752,48.797871
2025-1016054,2025-07-24,000001,Vente,2254670,6,,RUE GABRIEL,1130,78000,78646,Versailles,78,,,78646000AD0371,,,,,,,,,,,,,0,1,Maison,240,11,S,sols,,,567,2.13341,48.813698
2025-1016061,2025-07-22,000001,Vente,29500,56,,RUE DES CHANTIERS,0530,78000,78646,Versailles,78,,,78646000BL0327,,,420,,,,,,,,,,1,3,Dépendance,,0,,,,,,2.142467,48.792993
2025-1016070,2025-07-22,000001,Vente,400980,58,,RUE DES CHANTIERS,0530,78000,78646,Versailles,78,,,78646000BL0327,,,146,85.05,305,,,,,,,,2,3,Dépendance,,0,,,,,,2.142467,48.792993
2025-1016070,2025-07-22,000001,Vente,400980,58,,RUE DES CHANTIERS,0530,78000,78646,Versailles,78,,,78646000BL0327,,,146,85.05,305,,,,,,,,2,2,Appartement,87,3,,,,,,2.142467,48.792993
2025-1016081,2025-07-25,000001,Vente,122000,15,,RUE DU PEINTRE LEBRUN,2220,78000,78646,Versailles,78,,,78646000AE0370,,,29,20.2,,,,,,,,,1,2,Appartement,21,1,,,,,,2.124535,48.806472
2025-1016148,2025-07-17,000001,Vente,698025,14,,RUE DES CONDAMINES,0690,78000,78646,Versailles,78,,,78646000AX0365,,,1,174.04,,,,,,,,,1,2,Appartement,175,6,,,,,,2.145921,48.802841
2025-1016148,2025-07-17,000001,Vente,698025,14,,RUE DES CONDAMINES,0690,78000,78646,Versailles,78,,,78646000AX0365,,,1,174.04,,,,,,,,,1,3,Dépendance,,0,,,,,,2.145921,48.802841
2025-1016184,2025-07-29,000001,Vente,124000,45,,RUE D ANJOU,0190,78000,78646,Versailles,78,,,78646000BT0049,,,3,16.05,,,,,,,,,1,2,Appartement,12,1,,,,,,2.127484,48.796849
2025-1016194,2025-07-07,000001,Vente,1145200,26,,RUE AUGUSTA HOLMES,0240,78000,78646,Versailles,78,,,78646000BI0231,,,,,,,,,,,,,0,3,Dépendance,,0,S,sols,,,538,2.153857,48.790831
2025-1016194,2025-07-07,000001,Vente,1145200,26,,RUE AUGUSTA HOLMES,0240,78000,78646,Versailles,78,,,78646000BI0231,,,,,,,,,,,,,0,1,Maison,160,6,S,sols,,,538,2.153857,48.790831
2025-1016194,2025-07-07,000001,Vente,1145200,26,,RUE AUGUSTA HOLMES,0240,78000,78646,Versailles,78,,,78646000BI0231,,,,,,,,,,,,,0,3,Dépendance,,0,S,sols,,,538,2.153857,48.790831
2025-1016229,2025-07-18,000001,Vente,211000,18,,RUE DU GENERAL LECLERC,1145,78000,78646,Versailles,78,,,78646000BV0074,,,9,22.03,,,,,,,,,1,2,Appartement,25,1,,,,,,2.126062,48.798894
2025-1016237,2025-07-15,000001,Vente,169000,9,,RUE DU PARC DE CLAGNY,2171,78000,78646,Versailles,78,,,78646000AK0183,,,42,27.36,8,,,,,,,,2,2,Appartement,31,1,,,,,,2.139976,48.809983
2025-1016258,2025-07-18,000001,Vente,675900,4,,RUE DE LA CEINTURE,0460,78000,78646,Versailles,78,,,78646000AW0006,,,116,,59,105.13,,,,,,,2,3,Dépendance,,0,,,,,,2.15013,48.808121
2025-1016258,2025-07-18,000001,Vente,675900,4,,RUE DE LA CEINTURE,0460,78000,78646,Versailles,78,,,78646000AW0006,,,116,,59,105.13,,,,,,,2,2,Appartement,106,4,,,,,,2.15013,48.808121
2025-1016258,2025-07-18,000001,Vente,675900,4,,RUE DE LA CEINTURE,0460,78000,78646,Versailles,78,,,78646000AW0006,,,929,,,,,,,,,,1,3,Dépendance,,0,,,,,,2.15013,48.808121
2025-1016263,2025-07-17,000001,Vente,547250,1,,AV DE PORCHEFONTAINE,2380,78000,78646,Versailles,78,,,78646000BD0147,,,20,,25,,,,,,,,2,3,Dépendance,,0,,,,,,2.154028,48.797563
2025-1016263,2025-07-17,000001,Vente,547250,1,,AV DE PORCHEFONTAINE,2380,78000,78646,Versailles,78,,,78646000BD0147,,,20,,25,,,,,,,,2,2,Appartement,60,3,,,,,,2.154028,48.797563
2025-1016263,2025-07-17,000001,Vente,547250,1,,AV DE PORCHEFONTAINE,2380,78000,78646,Versailles,78,,,78646000BD0147,,,20,,25,,,,,,,,2,3,Dépendance,,0,,,,,,2.154028,48.797563
2025-1016263,2025-07-17,000001,Vente,547250,1,,AV DE PORCHEFONTAINE,2380,78000,78646,Versailles,78,,,78646000BD0147,,,62,,,,,,,,,,1,3,Dépendance,,0,,,,,,2.154028,48.797563
2025-1016272,2025-07-24,000001,Vente,239500,20,,RUE DU REFUGE,2510,78000,78646,Versailles,78,,,78646000BP0214,,,152,,,,,,,,,,1,3,Dépendance,,0,,,,,,2.144111,48.803556
2025-1016272,2025-07-24,000001,Vente,239500,20,,RUE DU REFUGE,2510,78000,78646,Versailles,78,,,78646000BP0214,,,1,,47,,,,,,,,2,3,Dépendance,,0,,,,,,2.144111,48.803556
2025-1016272,2025-07-24,000001,Vente,239500,20,,RUE DU REFUGE,2510,78000,78646,Versailles,78,,,78646000BP0214,,,1,,47,,,,,,,,2,2,Appartement,29,1,,,,,,2.144111,48.803556
2025-1016287,2025-07-24,000001,Vente en l'état futur d'achèvement,25000,8,,ALL DU CORDON BOISE,0714,78000,78646,Versailles,78,,,78646000BY0110,,,178,,,,,,,,,,1,,,,,,,,,,2.078228,48.802624
2025-1016290,2025-07-21,000001,Vente,521000,5,,RUE DE L ECOLE DES POSTES,0850,78000,78646,Versailles,78,,,78646000AZ0110,,,3243,,,,,,,,,,1,3,Dépendance,,0,,,,,,2.158672,48.8041
2025-1016290,2025-07-21,000001,Vente,521000,2,,PROM VENEZIA,3135,78000,78646,Versailles,78,,,78646000AZ0110,,,1520,,1539,132.99,,,,,,,2,2,Appartement,134,5,,,,,,2.158672,48.8041
2025-1016290,2025-07-21,000001,Vente,521000,2,,PROM VENEZIA,3135,78000,78646,Versailles,78,,,78646000AZ0110,,,1520,,1539,132.99,,,,,,,2,3,Dépendance,,0,,,,,,2.158672,48.8041
2025-1016299,2025-07-17,000001,Vente,605320,20,,RUE DE PROVENCE,2460,78000,78646,Versailles,78,,,78646000AX0442,,,172,,184,94.43,,,,,,,2,2,Appartement,94,4,,,,,,2.140987,48.807165
2025-1016299,2025-07-17,000001,Vente,605320,20,,RUE DE PROVENCE,2460,78000,78646,Versailles,78,,,78646000AX0442,,,172,,184,94.43,,,,,,,2,3,Dépendance,,0,,,,,,2.140987,48.807165
2025-1016299,2025-07-17,000001,Vente,605320,20,,RUE DE PROVENCE,2460,78000,78646,Versailles,78,,,78646000AX0442,,,50,,,,,,,,,,1,3,Dépendance,,0,,,,,,2.140987,48.807165
2025-1016312,2025-07-25,000001,Vente,1174350,16,,RUE HOCHE,1350,78000,78646,Versailles,78,,,78646000AE0218,,,22,,41,,7,,,,,,3,3,Dépendance,,0,,,,,,2.128837,48.806684
2025-1016312,2025-07-25,000001,Vente,1174350,16,,RUE HOCHE,1350,78000,78646,Versailles,78,,,78646000AE0218,,,22,,41,,7,,,,,,3,3,Dépendance,,0,,,,,,2.128837,48.806684
2025-1016312,2025-07-25,000001,Vente,1174350,16,,RUE HOCHE,1350,78000,78646,Versailles,78,,,78646000AE0218,,,22,,41,,7,,,,,,3,2,Appartement,159,7,,,,,,2.128837,48.806684
2025-1016313,2025-07-24,000001,Vente,322000,14,,RUE DU REFUGE,2510,78000,78646,Versailles,78,,,78646000BP0108,,,13,67.04,15,,,,,,,,2,2,Appartement,18,1,,,,,,2.142848,48.804402
2025-1016313,2025-07-24,000001,Vente,322000,14,,RUE DU REFUGE,2510,78000,78646,Versailles,78,,,78646000BP0108,,,13,67.04,15,,,,,,,,2,3,Dépendance,,0,,,,,,2.142848,48.804402
2025-1016313,2025-07-24,000001,Vente,322000,14,,RUE DU REFUGE,2510,78000,78646,Versailles,78,,,78646000BP0108,,,8,67.04,9,67.04,,,,,,,2,3,Dépendance,,0,,,,,,2.142848,48.804402
2025-1016313,2025-07-24,000001,Vente,322000,14,,RUE DU REFUGE,2510,78000,78646,Versailles,78,,,78646000BP0108,,,8,67.04,9,67.04,,,,,,,2,2,Appartement,46,3,,,,,,2.142848,48.804402
2025-1016314,2025-07-24,000001,Vente en l'état futur d'achèvement,355000,4,,PROM DE GALLY,1141,78000,78646,Versailles,78,,,78646000BY0121,,,4,,,,,,,,,,1,,,,,,,,,,2.079148,48.803081
2025-1016319,2025-07-03,000001,Vente,2493300,35,,RUE LAFAYETTE,1580,78000,78646,Versailles,78,,,78646000AD0469,,,,,,,,,,,,,0,3,Dépendance,,0,S,sols,,,510,2.128986,48.812161
2025-1016319,2025-07-03,000001,Vente,2493300,35,,RUE LAFAYETTE,1580,78000,78646,Versailles,78,,,78646000AD0469,,,,,,,,,,,,,0,1,Maison,225,8,S,sols,,,510,2.128986,48.812161
2025-1016320,2025-07-22,000001,Vente,780000,1,,RUE DU MARECHAL GALLIENI,1812,78000,78646,Versailles,78,,,78646000AC0218,,,1,95.72,18,,,,,,,,2,3,Dépendance,,0,,,,,,2.123821,48.809911
2025-1016320,2025-07-22,000001,Vente,780000,1,,RUE DU MARECHAL GALLIENI,1812,78000,78646,Versailles,78,,,78646000AC0218,,,1,95.72,18,,,,,,,,2,2,Appartement,88,3,,,,,,2.123821,48.809911
2025-1016321,2025-07-01,000001,Vente,45000,91,,RUE ROYALE,2648,78000,78646,Versailles,78,,,78646000BW0116,,,1,,,,,,,,,,1,3,Dépendance,,0,,,,,,2.124862,48.79405
2025-1016339,2025-07-28,000001,Vente,117920,12,,AV DE PORCHEFONTAINE,2380,78000,78646,Versailles,78,,,78646000BK0021,,,642,19.76,,,,,,,,,1,3,Dépendance,,0,,,,,,2.152071,48.797176
2025-1016339,2025-07-28,000001,Vente,117920,12,,AV DE PORCHEFONTAINE,2380,78000,78646,Versailles,78,,,78646000BK0021,,,1595,,,,,,,,,,1,3,Dépendance,,0,,,,,,2.152071,48.797176
2025-1016404,2025-07-25,000001,Vente,197143,22,,RUE DU MAL FOCH,1810,78000,78646,Versailles,78,,,78646000AI0211,,,10,23.4,19,,,,,,,,2,2,Appartement,25,1,,,,,,2.132777,48.807412
2025-1016404,2025-07-25,000001,Vente,197143,22,,RUE DU MAL FOCH,1810,78000,78646,Versailles,78,,,78646000AI0211,,,10,23.4,19,,,,,,,,2,3,Dépendance,,0,,,,,,2.132777,48.807412
2025-1016407,2025-07-28,000001,Vente,1118350,82,B,AV DE PARIS,2180,78000,78646,Versailles,78,,,78646000BN0166,,,470,,,,,,,,,,1,3,Dépendance,,0,,,,,,2.145036,48.797427
2025-1016407,2025-07-28,000001,Vente,1118350,82,B,AV DE PARIS,2180,78000,78646,Versailles,78,,,78646000BN0166,,,1136,,,,,,,,,,1,3,Dépendance,,0,,,,,,2.145036,48.797427
2025-1016407,2025-07-28,000001,Vente,1118350,8,,RUE EDME FREMY,0880,78000,78646,Versailles,78,,,78646000BS0071,,,,,,,,,,,,,0,1,Maison,96,6,S,sols,,,274,2.138459,48.796883
2025-1016431,2025-07-31,000001,Vente,720000,22,B,AV DE SAINT CLOUD,2730,78000,78646,Versailles,78,,,78646000AI0014,,,23,,6,106.21,,,,,,,2,2,Appartement,114,5,,,,,,2.131516,48.804543
2025-1016482,2025-07-25,000001,Vente,1209000,135,,BD DE LA REINE,2520,78000,78646,Versailles,78,,,78646000AR0091,,,20,164.35,21,,22,,23,,24,,6,3,Dépendance,,0,,,,,,2.140769,48.80865
2025-1016482,2025-07-25,000001,Vente,1209000,135,,BD DE LA REINE,2520,78000,78646,Versailles,78,,,78646000AR0091,,,20,164.35,21,,22,,23,,24,,6,2,Appartement,165,6,,,,,,2.140769,48.80865
2025-1016490,2025-07-23,000001,Vente,500000,50,,AV DE VILLENEUVE L ETANG,3200,78000,78646,Versailles,78,,,78646000AO0162,,,124,,,,,,,,,,1,3,Dépendance,,0,,,,,,2.148061,48.818119
2025-1016490,2025-07-23,000001,Vente,500000,50,,AV DE VILLENEUVE L ETANG,3200,78000,78646,Versailles,78,,,78646000AO0162,,,406,108.81,430,,,,,,,,2,3,Dépendance,,0,,,,,,2.148061,48.818119
2025-1016490,2025-07-23,000001,Vente,500000,50,,AV DE VILLENEUVE L ETANG,3200,78000,78646,Versailles,78,,,78646000AO0162,,,406,108.81,430,,,,,,,,2,3,Dépendance,,0,,,,,,2.148061,48.818119
2025-1016490,2025-07-23,000001,Vente,500000,50,,AV DE VILLENEUVE L ETANG,3200,78000,78646,Versailles,78,,,78646000AO0162,,,406,108.81,430,,,,,,,,2,2,Appartement,112,5,,,,,,2.148061,48.818119
2025-1016490,2025-07-23,000001,Vente,500000,50,,AV DE VILLENEUVE L ETANG,3200,78000,78646,Versailles,78,,,78646000AO0162,,,146,,,,,,,,,,1,3,Dépendance,,0,,,,,,2.148061,48.818119
2025-1016493,2025-07-28,000001,Vente,505000,10,,RUE GEORGES CLEMENCEAU,1200,78000,78646,Versailles,78,,,78646000AI0098,,,20,,6,79.15,,,,,,,2,2,Appartement,80,4,,,,,,2.132604,48.804165
2025-1016493,2025-07-28,000001,Vente,505000,10,,RUE GEORGES CLEMENCEAU,1200,78000,78646,Versailles,78,,,78646000AI0098,,,20,,6,79.15,,,,,,,2,3,Dépendance,,0,,,,,,2.132604,48.804165
2025-1016503,2025-06-26,000001,Vente,260000,16,,RUE DES CONDAMINES,0690,78000,78646,Versailles,78,,,78646000AX0364,,,31,38.32,,,,,,,,,1,3,Dépendance,,0,,,,,,2.146012,48.803037
2025-1016503,2025-06-26,000001,Vente,260000,16,,RUE DES CONDAMINES,0690,78000,78646,Versailles,78,,,78646000AX0364,,,31,38.32,,,,,,,,,1,2,Appartement,39,2,,,,,,2.146012,48.803037
2025-1016524,2025-07-10,000001,Vente,27500,23,,RUE REMILLY,2530,78000,78646,Versailles,78,,,78646000AK0051,,,32,,,,,,,,,,1,3,Dépendance,,0,,,,,,2.138492,48.811788
2025-1016534,2025-07-31,000001,Vente,286408,52,,AV DE VILLENEUVE L ETANG,3200,78000,78646,Versailles,78,,,78646000AO0195,,,1687,,,,,,,,,,1,3,Dépendance,,0,,,,,,2.148734,48.818785
2025-1016534,2025-07-31,000001,Vente,286408,52,,AV DE VILLENEUVE L ETANG,3200,78000,78646,Versailles,78,,,78646000AO0195,,,1504,42,,,,,,,,,1,2,Appartement,42,2,,,,,,2.148734,48.818785
2025-1016537,2025-07-17,000001,Vente,700000,60,,RUE DE MONTREUIL,2000,78000,78646,Versailles,78,,,78646000AY0270,,,211,98.01,,,,,,,,,1,3,Dépendance,,0,,,,,,2.148581,48.804249
2025-1016537,2025-07-17,000001,Vente,700000,60,,RUE DE MONTREUIL,2000,78000,78646,Versailles,78,,,78646000AY0270,,,270,,271,,,,,,,,2,3,Dépendance,,0,,,,,,2.148581,48.804249
2025-1016537,2025-07-17,000001,Vente,700000,60,,RUE DE MONTREUIL,2000,78000,78646,Versailles,78,,,78646000AY0270,,,211,98.01,,,,,,,,,1,2,Appartement,95,3,,,,,,2.148581,48.804249
2025-1016537,2025-07-17,000001,Vente,700000,60,,RUE DE MONTREUIL,2000,78000,78646,Versailles,78,,,78646000AY0270,,,211,98.01,,,,,,,,,1,3,Dépendance,,0,,,,,,2.148581,48.804249
2025-1016580,2025-07-23,000001,Vente,512850,15,,RUE DU MAL FOCH,1810,78000,78646,Versailles,78,,,78646000AE0286,,,42,,68,,,,,,,,2,2,Appartement,65,3,,,,,,2.131178,48.805884
2025-1016590,2025-07-23,000001,Vente,504854,28,,BD DU ROI,2641,78000,78646,Versailles,78,,,78646000AD0223,,,18,,182,66.86,,,,,,,2,2,Appartement,67,2,,,,,,2.128206,48.812739
2025-1016590,2025-07-23,000001,Vente,504854,28,,BD DU ROI,2641,78000,78646,Versailles,78,,,78646000AD0223,,,18,,182,66.86,,,,,,,2,3,Dépendance,,0,,,,,,2.128206,48.812739
2025-1016590,2025-07-23,000001,Vente,504854,28,,BD DU ROI,2641,78000,78646,Versailles,78,,,78646000AD0223,,,96,,,,,,,,,,1,3,Dépendance,,0,,,,,,2.128206,48.812739
2025-1016670,2025-08-01,000001,Vente,844450,58,,RUE DE MONTREUIL,2000,78000,78646,Versailles,78,,,78646000AY0270,,,171,,,,,,,,,,1,3,Dépendance,,0,,,,,,2.148581,48.804249
2025-1016670,2025-08-01,000001,Vente,844450,58,,RUE DE MONTREUIL,2000,78000,78646,Versailles,78,,,78646000AY0270,,,515,115.65,,,,,,,,,1,2,Appartement,108,5,,,,,,2.148581,48.804249
2025-1016670,2025-08-01,000001,Vente,844450,58,,RUE DE MONTREUIL,2000,78000,78646,Versailles,78,,,78646000AY0270,,,170,,,,,,,,,,1,3,Dépendance,,0,,,,,,2.148581,48.804249
2025-1016680,2025-07-18,000001,Vente,789200,38,,RUE DE LA PAROISSE,2190,78000,78646,Versailles,78,,,78646000AE0208,,,17,,29,,8,,,,,,3,2,Appartement,88,4,,,,,,2.128337,48.807455
2025-1016680,2025-07-18,000001,Vente,789200,38,,RUE DE LA PAROISSE,2190,78000,78646,Versailles,78,,,78646000AE0208,,,17,,29,,8,,,,,,3,3,Dépendance,,0,,,,,,2.128337,48.807455
2025-1016680,2025-07-18,000001,Vente,789200,38,,RUE DE LA PAROISSE,2190,78000,78646,Versailles,78,,,78646000AE0208,,,17,,29,,8,,,,,,3,3,Dépendance,,0,,,,,,2.128337,48.807455
2025-1016697,2025-08-04,000001,Vente,264000,17,,RUE DES ETATS GENERAUX,0980,78000,78646,Versailles,78,,,78646000BR0036,,,21,40.12,,,,,,,,,1,2,Appartement,42,2,,,,,,2.133011,48.800241
2025-1016697,2025-08-04,000001,Vente,264000,17,,RUE DES ETATS GENERAUX,0980,78000,78646,Versailles,78,,,78646000BR0036,,,4,,,,,,,,,,1,3,Dépendance,,0,,,,,,2.133011,48.800241
2025-1016711,2025-07-21,000001,Vente,460490,15,,RUE DES ETATS GENERAUX,0980,78000,78646,Versailles,78,,,78646000BR0037,,,21,80,22,,23,,5,,50,,5,3,Dépendance,,0,,,,,,2.132916,48.800326
2025-1016711,2025-07-21,000001,Vente,460490,15,,RUE DES ETATS GENERAUX,0980,78000,78646,Versailles,78,,,78646000BR0037,,,21,80,22,,23,,5,,50,,5,2,Appartement,74,4,,,,,,2.132916,48.800326
2025-1016736,2025-07-25,000001,Vente,693800,10,,RUE DE NOAILLES,2050,78000,78646,Versailles,78,,,78646000BR0066,,,46,,,,,,,,,,1,2,Appartement,40,2,,,,,,2.135134,48.799375
2025-1016744,2025-07-30,000001,Vente,391571,72,,RUE DU MAL FOCH,1810,78000,78646,Versailles,78,,,78646000AK0009,,,159,,64,57.88,,,,,,,2,2,Appartement,57,4,,,,,,2.136535,48.812771
2025-1016744,2025-07-30,000001,Vente,391571,72,,RUE DU MAL FOCH,1810,78000,78646,Versailles,78,,,78646000AK0009,,,159,,64,57.88,,,,,,,2,3,Dépendance,,0,,,,,,2.136535,48.812771
2025-1016751,2025-07-17,000001,Vente,443000,5,,BD DE LESSEPS,1638,78000,78646,Versailles,78,,,78646000AX0098,,,4,70.6,,,,,,,,,1,2,Appartement,70,3,,,,,,2.146658,48.806371
2025-1016877,2025-07-31,000001,Vente,10000,2,,RUE DES DEUX PORTES,0780,78000,78646,Versailles,78,,,78646000AE0278,,,39,,,,,,,,,,1,2,Appartement,28,2,,,,,,2.130524,48.805559
2025-1016877,2025-07-31,000001,Vente,10000,2,,RUE DES DEUX PORTES,0780,78000,78646,Versailles,78,,,78646000AE0278,,,39,,,,,,,,,,1,3,Dépendance,,0,,,,,,2.130524,48.805559
2025-1016893,2025-07-23,000001,Vente,436000,6,,RUE DU MARECHAL GALLIENI,1812,78000,78646,Versailles,78,,,78646000AC0194,,,37,,78,68.29,,,,,,,2,2,Appartement,65,3,,,,,,2.124471,48.810515
2025-1016893,2025-07-23,000001,Vente,436000,6,,RUE DU MARECHAL GALLIENI,1812,78000,78646,Versailles,78,,,78646000AC0194,,,15,,,,,,,,,,1,3,Dépendance,,0,,,,,,2.124471,48.810515
2025-1016893,2025-07-23,000001,Vente,436000,6,,RUE DU MARECHAL GALLIENI,1812,78000,78646,Versailles,78,,,78646000AC0194,,,37,,78,68.29,,,,,,,2,3,Dépendance,,0,,,,,,2.124471,48.810515
2025-1016973,2025-08-07,000001,Vente,63000,72,,RUE D ANJOU,0190,78000,78646,Versailles,78,,,78646000BT0094,,,37,,,,,,,,,,1,3,Dépendance,,0,,,,,,2.128197,48.79605
2025-1016982,2025-07-15,000001,Vente,907600,6,,VLA DE L ERMITAGE,0942,78000,78646,Versailles,78,,,78646000AC0069,,,,,,,,,,,,,0,1,Maison,70,2,S,sols,,,330,2.124936,48.814604
2025-1016982,2025-07-15,000001,Vente,907600,6,,VLA DE L ERMITAGE,0942,78000,78646,Versailles,78,,,78646000AC0069,,,,,,,,,,,,,0,3,Dépendance,,0,S,sols,,,330,2.124936,48.814604
2025-1016982,2025-07-15,000001,Vente,907600,3,,VLA DE L ERMITAGE,0942,78000,78646,Versailles,78,,,78646000AC0345,,,,,,,,,,,,,0,,,,,S,sols,,,30,2.124744,48.814565
2025-1016986,2025-07-30,000001,Vente,400000,15,,RUE DU MAL FOCH,1810,78000,78646,Versailles,78,,,78646000AE0286,,,4,51.3,61,,,,,,,,2,2,Appartement,50,2,,,,,,2.131178,48.805884
2025-1016986,2025-07-30,000001,Vente,400000,15,,RUE DU MAL FOCH,1810,78000,78646,Versailles,78,,,78646000AE0286,,,4,51.3,61,,,,,,,,2,3,Dépendance,,0,,,,,,2.131178,48.805884
2025-1016993,2025-07-16,000001,Vente,87000,64,,RUE DES CHANTIERS,0530,78000,78646,Versailles,78,,,78646000BL0326,,,144,13.61,,,,,,,,,1,2,Appartement,14,1,,,,,,2.143523,48.792624
2025-1017013,2025-08-01,000001,Vente en l'état futur d'achèvement,490000,4,,PROM DE GALLY,1141,78000,78646,Versailles,78,,,78646000BY0121,,,16,,,,,,,,,,1,,,,,,,,,,2.079148,48.803081
2025-1017014,2025-08-01,000001,Vente en l'état futur d'achèvement,25000,8,,ALL DU CORDON BOISE,0714,78000,78646,Versailles,78,,,78646000BY0110,,,184,,,,,,,,,,1,,,,,,,,,,2.078228,48.802624
2025-1017021,2025-07-29,000001,Vente,429000,3,,ALL DES GARDES ROYALES,1136,78000,78646,Versailles,78,,,78646000AY0212,,,189,71.75,208,,,,,,,,2,2,Appartement,70,3,,,,,,2.151214,48.802177
2025-1017021,2025-07-29,000001,Vente,429000,2,,ALL DES GARDES ROYALES,1136,78000,78646,Versailles,78,,,78646000AY0212,,,1009,,,,,,,,,,1,3,Dépendance,,0,,,,,,2.151214,48.802177
2025-1017021,2025-07-29,000001,Vente,429000,3,,ALL DES GARDES ROYALES,1136,78000,78646,Versailles,78,,,78646000AY0212,,,189,71.75,208,,,,,,,,2,3,Dépendance,,0,,,,,,2.151214,48.802177
2025-1017021,2025-07-29,000001,Vente,429000,3,,ALL DES GARDES ROYALES,1136,78000,78646,Versailles,78,,,78646000AY0212,,,189,71.75,208,,,,,,,,2,3,Dépendance,,0,,,,,,2.151214,48.802177
2025-1017022,2025-07-31,000001,Vente,624990,41,,RUE DE LA PAROISSE,2190,78000,78646,Versailles,78,,,78646000AE0114,,,10,,12,,15,,25,,8,72.41,6,2,Appartement,69,4,,,,,,2.129892,48.80746
2025-1017022,2025-07-31,000001,Vente,624990,41,,RUE DE LA PAROISSE,2190,78000,78646,Versailles,78,,,78646000AE0114,,,75,,,,,,,,,,1,3,Dépendance,,0,,,,,,2.129892,48.80746
2025-1017022,2025-07-31,000001,Vente,624990,41,,RUE DE LA PAROISSE,2190,78000,78646,Versailles,78,,,78646000AE0114,,,10,,12,,15,,25,,8,72.41,6,3,Dépendance,,0,,,,,,2.129892,48.80746
2025-1017025,2025-07-30,000001,Vente,729800,23,T,RUE MOLIERE,1940,78000,78646,Versailles,78,,,78646000BL0059,,,,,,,,,,,,,0,1,Maison,80,4,S,sols,,,194,2.150457,48.79307
2025-1017026,2025-07-30,000001,Vente,189423,1,,AV DU GENERAL MANGIN,1165,78000,78646,Versailles,78,,,78646000AL0068,,,86,,,,,,,,,,1,3,Dépendance,,0,,,,,,2.136485,48.813954
2025-1017026,2025-07-30,000001,Vente,189423,1,,AV DU GENERAL MANGIN,1165,78000,78646,Versailles,78,,,78646000AL0068,,,6,27.03,,,,,,,,,1,2,Appartement,25,1,,,,,,2.136485,48.813954
2025-1017061,2025-07-22,000001,Vente,17000,22,,RUE JACQUES LEMERCIER,1420,78000,78646,Versailles,78,,,78646000AO0017,,,83,,,,,,,,,,1,3,Dépendance,,0,,,,,,2.149694,48.813972
2025-1017066,2025-07-11,000001,Vente,464200,50,,AV DE VILLENEUVE L ETANG,3200,78000,78646,Versailles,78,,,78646000AO0162,,,617,,642,,,,,,,,2,3,Dépendance,,0,,,,,,2.148061,48.818119
2025-1017066,2025-07-11,000001,Vente,464200,50,,AV DE VILLENEUVE L ETANG,3200,78000,78646,Versailles,78,,,78646000AO0162,,,433,,,,,,,,,,1,3,Dépendance,,0,,,,,,2.148061,48.818119
2025-1017066,2025-07-11,000001,Vente,464200,50,,AV DE VILLENEUVE L ETANG,3200,78000,78646,Versailles,78,,,78646000AO0162,,,617,,642,,,,,,,,2,2,Appartement,94,4,,,,,,2.148061,48.818119
2025-1017066,2025-07-11,000001,Vente,464200,50,,AV DE VILLENEUVE L ETANG,3200,78000,78646,Versailles,78,,,78646000AO0162,,,617,,642,,,,,,,,2,3,Dépendance,,0,,,,,,2.148061,48.818119
2025-1017112,2025-07-10,000001,Vente,1115000,30,,RUE BERTHIER,0370,78000,78646,Versailles,78,,,78646000AD0486,,,13,,,,,,,,,,1,3,Dépendance,,0,,,,,,2.128628,48.811306
2025-1017112,2025-07-10,000001,Vente,1115000,30,,RUE BERTHIER,0370,78000,78646,Versailles,78,,,78646000AD0486,,,10,,4,119.01,5,,,,,,3,2,Appartement,119,5,,,,,,2.128628,48.811306
2025-1017112,2025-07-10,000001,Vente,1115000,30,,RUE BERTHIER,0370,78000,78646,Versailles,78,,,78646000AD0486,,,12,,,,,,,,,,1,3,Dépendance,,0,,,,,,2.128628,48.811306
2025-1017112,2025-07-10,000001,Vente,1115000,30,,RUE BERTHIER,0370,78000,78646,Versailles,78,,,78646000AD0486,,,10,,4,119.01,5,,,,,,3,3,Dépendance,,0,,,,,,2.128628,48.811306
2025-1017120,2025-07-25,000001,Vente,329430,17,,RUE DES PRES AUX BOIS,2430,78000,78646,Versailles,78,,,78646000BC0073,,,104,45.7,,,,,,,,,1,2,Appartement,45,3,,,,,,2.159249,48.800346
2025-1017123,2025-07-25,000001,Vente,330000,17,,RUE PHILIPPE DE DANGEAU,2255,78000,78646,Versailles,78,,,78646000AI0065,,,33,,34,,35,,,,,,3,2,Appartement,60,3,,,,,,2.134481,48.803549
2025-1017157,2025-07-25,000001,Vente,812650,17,,RUE DES ETATS GENERAUX,0980,78000,78646,Versailles,78,,,78646000BR0036,,,30,72.02,,,,,,,,,1,1,Maison,70,2,,,,,,2.133011,48.800241
2025-1017161,2025-07-21,000001,Vente,418000,58,,RUE DES CHANTIERS,0530,78000,78646,Versailles,78,,,78646000BL0327,,,242,,77,80.72,,,,,,,2,2,Appartement,81,4,,,,,,2.142467,48.792993
2025-1017161,2025-07-21,000001,Vente,418000,58,,RUE DES CHANTIERS,0530,78000,78646,Versailles,78,,,78646000BL0327,,,242,,77,80.72,,,,,,,2,3,Dépendance,,0,,,,,,2.142467,48.792993
2025-1017161,2025-07-21,000001,Vente,418000,58,,RUE DES CHANTIERS,0530,78000,78646,Versailles,78,,,78646000BL0327,,,242,,77,80.72,,,,,,,2,3,Dépendance,,0,,,,,,2.142467,48.792993
2025-1017161,2025-07-21,000001,Vente,418000,58,,RUE DES CHANTIERS,0530,78000,78646,Versailles,78,,,78646000BL0327,,,412,,,,,,,,,,1,3,Dépendance,,0,,,,,,2.142467,48.792993
2025-1017165,2025-08-07,000001,Vente,306000,9,,RUE DU GENERAL LECLERC,1145,78000,78646,Versailles,78,,,78646000AH0139,,,11,50.21,,,,,,,,,1,3,Dépendance,,0,,,,,,2.125589,48.799633
2025-1017165,2025-08-07,000001,Vente,306000,9,,RUE DU GENERAL LECLERC,1145,78000,78646,Versailles,78,,,78646000AH0139,,,11,50.21,,,,,,,,,1,2,Appartement,42,3,,,,,,2.125589,48.799633
2025-1017166,2025-08-07,000001,Vente,595000,6,,RUE LOUIS HAUSSMANN,1679,78000,78646,Versailles,78,,,78646000AS0036,,,16,,208,108.14,,,,,,,2,2,Appartement,110,4,,,,,,2.147113,48.809569
2025-1017166,2025-08-07,000001,Vente,595000,6,,RUE LOUIS HAUSSMANN,1679,78000,78646,Versailles,78,,,78646000AS0036,,,289,,,,,,,,,,1,3,Dépendance,,0,,,,,,2.147113,48.809569
2025-1017166,2025-08-07,000001,Vente,595000,6,,RUE LOUIS HAUSSMANN,1679,78000,78646,Versailles,78,,,78646000AS0036,,,16,,208,108.14,,,,,,,2,3,Dépendance,,0,,,,,,2.147113,48.809569
2025-1017166,2025-08-07,000001,Vente,595000,6,,RUE LOUIS HAUSSMANN,1679,78000,78646,Versailles,78,,,78646000AS0036,,,165,,,,,,,,,,1,3,Dépendance,,0,,,,,,2.147113,48.809569
2025-1017168,2025-07-31,000001,Vente,3370000,27,,RUE DE LA PAROISSE,2190,78000,78646,Versailles,78,,,78646000AE0139,,,,,,,,,,,,,0,2,Appartement,90,4,S,sols,,,369,2.127992,48.807941
2025-1017168,2025-07-31,000001,Vente,3370000,27,,RUE DE LA PAROISSE,2190,78000,78646,Versailles,78,,,78646000AE0139,,,,,,,,,,,,,0,3,Dépendance,,0,S,sols,,,369,2.127992,48.807941
2025-1017168,2025-07-31,000001,Vente,3370000,27,,RUE DE LA PAROISSE,2190,78000,78646,Versailles,78,,,78646000AE0139,,,,,,,,,,,,,0,4,Local industriel. commercial ou assimilé,59,0,S,sols,,,369,2.127992,48.807941
2025-1017168,2025-07-31,000001,Vente,3370000,27,,RUE DE LA PAROISSE,2190,78000,78646,Versailles,78,,,78646000AE0139,,,,,,,,,,,,,0,4,Local industriel. commercial ou assimilé,59,0,S,sols,,,369,2.127992,48.807941
2025-1017168,2025-07-31,000001,Vente,3370000,27,,RUE DE LA PAROISSE,2190,78000,78646,Versailles,78,,,78646000AE0139,,,,,,,,,,,,,0,3,Dépendance,,0,S,sols,,,369,2.127992,48.807941
2025-1017168,2025-07-31,000001,Vente,3370000,27,,RUE DE LA PAROISSE,2190,78000,78646,Versailles,78,,,78646000AE0139,,,,,,,,,,,,,0,2,Appartement,73,4,S,sols,,,369,2.127992,48.807941
2025-1017168,2025-07-31,000001,Vente,3370000,27,,RUE DE LA PAROISSE,2190,78000,78646,Versailles,78,,,78646000AE0139,,,,,,,,,,,,,0,2,Appartement,45,2,S,sols,,,369,2.127992,48.807941
2025-1017168,2025-07-31,000001,Vente,3370000,27,,RUE DE LA PAROISSE,2190,78000,78646,Versailles,78,,,78646000AE0139,,,,,,,,,,,,,0,2,Appartement,104,5,S,sols,,,369,2.127992,48.807941
2025-1017168,2025-07-31,000001,Vente,3370000,27,,RUE DE LA PAROISSE,2190,78000,78646,Versailles,78,,,78646000AE0139,,,,,,,,,,,,,0,2,Appartement,45,2,S,sols,,,369,2.127992,48.807941
2025-1017168,2025-07-31,000001,Vente,3370000,27,,RUE DE LA PAROISSE,2190,78000,78646,Versailles,78,,,78646000AE0139,,,,,,,,,,,,,0,1,Maison,40,2,S,sols,,,369,2.127992,48.807941
2025-1017168,2025-07-31,000001,Vente,3370000,27,,RUE DE LA PAROISSE,2190,78000,78646,Versailles,78,,,78646000AE0139,,,,,,,,,,,,,0,3,Dépendance,,0,S,sols,,,369,2.127992,48.807941
2025-1017169,2025-07-25,000001,Vente,360000,7,,RUE DU MARECHAL GALLIENI,1812,78000,78646,Versailles,78,,,78646000AC0215,,,31,,8,55.41,,,,,,,2,2,Appartement,58,3,,,,,,2.123838,48.810431
2025-1017170,2025-08-08,000001,Vente,465000,98,,AV DE PARIS,2180,78000,78646,Versailles,78,,,78646000BK0001,,,210,,,,,,,,,,1,3,Dépendance,,0,,,,,,2.149414,48.797242
2025-1017170,2025-08-08,000001,Vente,465000,98,,AV DE PARIS,2180,78000,78646,Versailles,78,,,78646000BK0001,,,67,70.24,,,,,,,,,1,2,Appartement,70,3,,,,,,2.149414,48.797242
2025-1017193,2025-07-25,000001,Vente,340000,82,B,AV DE PARIS,2180,78000,78646,Versailles,78,,,78646000BN0166,,,506,68.77,545,,,,,,,,2,2,Appartement,67,3,,,,,,2.145036,48.797427
2025-1017193,2025-07-25,000001,Vente,340000,82,B,AV DE PARIS,2180,78000,78646,Versailles,78,,,78646000BN0166,,,902,,,,,,,,,,1,3,Dépendance,,0,,,,,,2.145036,48.797427
2025-1017193,2025-07-25,000001,Vente,340000,82,B,AV DE PARIS,2180,78000,78646,Versailles,78,,,78646000BN0166,,,506,68.77,545,,,,,,,,2,3,Dépendance,,0,,,,,,2.145036,48.797427
2025-1017193,2025-07-25,000001,Vente,340000,82,B,AV DE PARIS,2180,78000,78646,Versailles,78,,,78646000BN0166,,,506,68.77,545,,,,,,,,2,3,Dépendance,,0,,,,,,2.145036,48.797427
2025-1017238,2025-08-06,000001,Vente,185000,74,,RUE D ANJOU,0190,78000,78646,Versailles,78,,,78646000BT0093,,,1,,2,,,,,,,,2,2,Appartement,25,1,,,,,,2.128453,48.79592
2025-1017250,2025-07-16,000001,Vente,348900,8,,PAS VEDI ST CHARLES,3130,78000,78646,Versailles,78,,,78646000AY0113,,,2,,3,61.23,,,,,,,2,3,Dépendance,,0,,,,,,2.150469,48.801137
2025-1017250,2025-07-16,000001,Vente,348900,8,,PAS VEDI ST CHARLES,3130,78000,78646,Versailles,78,,,78646000AY0113,,,2,,3,61.23,,,,,,,2,2,Appartement,54,3,,,,,,2.150469,48.801137
2025-1017281,2025-07-17,000001,Vente,25000,6,,RUE LOUIS HAUSSMANN,1679,78000,78646,Versailles,78,,,78646000AS0036,,,173,,,,,,,,,,1,3,Dépendance,,0,,,,,,2.147113,48.809569
2025-1017289,2025-08-12,000001,Vente,237990,64,,RUE DES CHANTIERS,0530,78000,78646,Versailles,78,,,78646000BL0326,,,324,,,,,,,,,,1,3,Dépendance,,0,,,,,,2.143523,48.792624
2025-1017289,2025-08-12,000001,Vente,237990,64,,RUE DES CHANTIERS,0530,78000,78646,Versailles,78,,,78646000BL0326,,,41,33.01,519,,,,,,,,2,2,Appartement,39,1,,,,,,2.143523,48.792624
2025-1017321,2025-08-01,000001,Vente,43000,34,,AV DES ETATS UNIS,0990,78000,78646,Versailles,78,,,78646000AX0058,,,131,6.6,,,,,,,,,1,3,Dépendance,,0,,,,,,2.144715,48.806996
2025-1017321,2025-08-01,000001,Vente,43000,34,,AV DES ETATS UNIS,0990,78000,78646,Versailles,78,,,78646000AX0058,,,132,9.59,,,,,,,,,1,3,Dépendance,,0,,,,,,2.144715,48.806996
2025-1017361,2025-07-31,000001,Vente,637500,11,,RUE DES CONDAMINES,0690,78000,78646,Versailles,78,,,78646000BP0123,,,18,,19,,35,117.14,37,,,,4,3,Dépendance,,0,,,,,,2.144867,48.801595
2025-1017361,2025-07-31,000001,Vente,637500,11,,RUE DES CONDAMINES,0690,78000,78646,Versailles,78,,,78646000BP0123,,,18,,19,,35,117.14,37,,,,4,2,Appartement,117,4,,,,,,2.144867,48.801595
2025-1017361,2025-07-31,000001,Vente,637500,9,,RUE DES CONDAMINES,0690,78000,78646,Versailles,78,,,78646000BP0123,,,9,,,,,,,,,,1,3,Dépendance,,0,,,,,,2.144867,48.801595
2025-1017361,2025-07-31,000001,Vente,637500,9,,RUE DES CONDAMINES,0690,78000,78646,Versailles,78,,,78646000BP0123,,,52,,,,,,,,,,1,3,Dépendance,,0,,,,,,2.144867,48.801595
2025-1017369,2025-07-31,000001,Vente,383800,40,,RUE DES ETATS GENERAUX,0980,78000,78646,Versailles,78,,,78646000BS0029,,,13,64.02,34,,,,,,,,2,2,Appartement,64,3,,,,,,2.135092,48.79739
2025-1017369,2025-07-31,000001,Vente,383800,40,,RUE DES ETATS GENERAUX,0980,78000,78646,Versailles,78,,,78646000BS0029,,,13,64.02,34,,,,,,,,2,3,Dépendance,,0,,,,,,2.135092,48.79739
2025-1017375,2025-07-31,000001,Vente,371500,36,,RUE HELENE ANDREE,1320,78000,78646,Versailles,78,,,78646000AV0357,,,33,,,,,,,,,,1,3,Dépendance,,0,,,,,,2.15223,48.811267
2025-1017375,2025-07-31,000001,Vente,371500,36,,RUE HELENE ANDREE,1320,78000,78646,Versailles,78,,,78646000AV0357,,,4,,62,75.08,,,,,,,2,2,Appartement,75,3,,,,,,2.15223,48.811267
2025-1017375,2025-07-31,000001,Vente,371500,36,,RUE HELENE ANDREE,1320,78000,78646,Versailles,78,,,78646000AV0357,,,4,,62,75.08,,,,,,,2,3,Dépendance,,0,,,,,,2.15223,48.811267
2025-1017376,2025-07-25,000001,Vente,426000,13,,RUE ST SYMPHORIEN,2913,78000,78646,Versailles,78,,,78646000AZ0180,,,54,68.89,,,,,,,,,1,2,Appartement,68,3,,,,,,2.15743,48.806201
2025-1017376,2025-07-25,000001,Vente,426000,13,,RUE ST SYMPHORIEN,2913,78000,78646,Versailles,78,,,78646000AZ0180,,,2,,,,,,,,,,1,3,Dépendance,,0,,,,,,2.15743,48.806201
2025-1017377,2025-07-30,000001,Vente,530000,31,,RUE JEAN DE LA BRUYERE,1560,78000,78646,Versailles,78,,,78646000AO0001,,,44,,59,102.1,,,,,,,2,2,Appartement,102,5,,,,,,2.145961,48.812878
2025-1017377,2025-07-30,000001,Vente,530000,15,,RUE JEAN DE LA BRUYERE,1560,78000,78646,Versailles,78,,,78646000AO0001,,,348,,,,,,,,,,1,3,Dépendance,,0,,,,,,2.145961,48.812878
2025-1017377,2025-07-30,000001,Vente,530000,31,,RUE JEAN DE LA BRUYERE,1560,78000,78646,Versailles,78,,,78646000AO0001,,,44,,59,102.1,,,,,,,2,3,Dépendance,,0,,,,,,2.145961,48.812878
2025-1017379,2025-07-31,000001,Vente,145000,15,,RUE DU MAL FOCH,1810,78000,78646,Versailles,78,,,78646000AE0286,,,19,25.95,,,,,,,,,1,2,Appartement,30,1,,,,,,2.131178,48.805884
2025-1017381,2025-07-28,000001,Vente,925000,18,,RUE DU PARC DE CLAGNY,2171,78000,78646,Versailles,78,,,78646000AP0097,,,325,,,,,,,,,,1,3,Dépendance,,0,,,,,,2.141563,48.813647
2025-1017381,2025-07-28,000001,Vente,925000,18,,RUE DU PARC DE CLAGNY,2171,78000,78646,Versailles,78,,,78646000AP0097,,,145,128.55,146,128.55,159,,,,,,3,2,Appartement,127,5,,,,,,2.141563,48.813647
2025-1017381,2025-07-28,000001,Vente,925000,18,,RUE DU PARC DE CLAGNY,2171,78000,78646,Versailles,78,,,78646000AP0097,,,353,,,,,,,,,,1,3,Dépendance,,0,,,,,,2.141563,48.813647
2025-1017381,2025-07-28,000001,Vente,925000,18,,RUE DU PARC DE CLAGNY,2171,78000,78646,Versailles,78,,,78646000AP0097,,,145,128.55,146,128.55,159,,,,,,3,3,Dépendance,,0,,,,,,2.141563,48.813647
2025-1017384,2025-07-29,000001,Vente,400400,24,,RUE DE LA PAROISSE,2190,78000,78646,Versailles,78,,,78646000AE0187,,,29,56.92,47,,,,,,,,2,2,Appartement,60,3,,,,,,2.127327,48.807596
2025-1017388,2025-07-25,000001,Vente,493000,3,,ALL DES GARDES ROYALES,1136,78000,78646,Versailles,78,,,78646000AY0212,,,198,,217,,,,,,,,2,3,Dépendance,,0,,,,,,2.151214,48.802177
2025-1017388,2025-07-25,000001,Vente,493000,3,,ALL DES GARDES ROYALES,1136,78000,78646,Versailles,78,,,78646000AY0212,,,198,,217,,,,,,,,2,3,Dépendance,,0,,,,,,2.151214,48.802177
2025-1017388,2025-07-25,000001,Vente,493000,3,,ALL DES GARDES ROYALES,1136,78000,78646,Versailles,78,,,78646000AY0212,,,198,,217,,,,,,,,2,2,Appartement,70,3,,,,,,2.151214,48.802177
2025-1017388,2025-07-25,000001,Vente,493000,2,,ALL DES GARDES ROYALES,1136,78000,78646,Versailles,78,,,78646000AY0212,,,1012,,,,,,,,,,1,3,Dépendance,,0,,,,,,2.151214,48.802177
2025-1017404,2025-08-01,000001,Vente,93120,44,,RUE DE VERGENNES,3150,78000,78646,Versailles,78,,,78646000BS0051,,,104,77.03,135,,88,,,,,,3,3,Dépendance,,0,,,,,,2.137211,48.796708
2025-1017404,2025-08-01,000001,Vente,93120,44,,RUE DE VERGENNES,3150,78000,78646,Versailles,78,,,78646000BS0051,,,104,77.03,135,,88,,,,,,3,2,Appartement,80,5,,,,,,2.137211,48.796708
2025-1017411,2025-08-08,000001,Vente,600000,14,,RUE D ANGOULEME,0180,78000,78646,Versailles,78,,,78646000AD0414,,,4,80,,,,,,,,,1,3,Dépendance,,0,,,,,,2.128269,48.81066
2025-1017411,2025-08-08,000001,Vente,600000,14,,RUE D ANGOULEME,0180,78000,78646,Versailles,78,,,78646000AD0414,,,4,80,,,,,,,,,1,2,Appartement,75,5,,,,,,2.128269,48.81066
2025-1017411,2025-08-08,000001,Vente,600000,14,,RUE D ANGOULEME,0180,78000,78646,Versailles,78,,,78646000AD0414,,,4,80,,,,,,,,,1,3,Dépendance,,0,,,,,,2.128269,48.81066
2025-1017411,2025-08-08,000001,Vente,600000,14,,RUE D ANGOULEME,0180,78000,78646,Versailles,78,,,78646000AD0414,,,4,80,,,,,,,,,1,3,Dépendance,,0,,,,,,2.128269,48.81066
2025-1017412,2025-08-14,000001,Vente,424000,5,,RUE DE L ECOLE DES POSTES,0850,78000,78646,Versailles,78,,,78646000AZ0110,,,3443,,,,,,,,,,1,3,Dépendance,,0,,,,,,2.158672,48.8041
2025-1017412,2025-08-14,000001,Vente,424000,1,,BD JEUX OLYMPIQUES,1495,78000,78646,Versailles,78,,,78646000AZ0110,,,1048,101.04,,,,,,,,,1,2,Appartement,102,4,,,,,,2.158672,48.8041
2025-1017412,2025-08-14,000001,Vente,424000,1,,BD JEUX OLYMPIQUES,1495,78000,78646,Versailles,78,,,78646000AZ0110,,,1048,101.04,,,,,,,,,1,3,Dépendance,,0,,,,,,2.158672,48.8041
2025-1017466,2025-07-24,000001,Vente,421000,15,,PL ROYALE,2650,78000,78646,Versailles,78,,,78646000AZ0110,,,1298,,1342,,,,,,,,2,2,Appartement,107,4,,,,,,2.158672,48.8041
2025-1017466,2025-07-24,000001,Vente,421000,15,,PL ROYALE,2650,78000,78646,Versailles,78,,,78646000AZ0110,,,1298,,1342,,,,,,,,2,3,Dépendance,,0,,,,,,2.158672,48.8041
2025-1017466,2025-07-24,000001,Vente,421000,5,,RUE DE L ECOLE DES POSTES,0850,78000,78646,Versailles,78,,,78646000AZ0110,,,3162,,,,,,,,,,1,3,Dépendance,,0,,,,,,2.158672,48.8041
2025-1017484,2025-07-25,000001,Vente,1250000,46,,RUE ALBERT SARRAUT,0080,78000,78646,Versailles,78,,,78646000BL0040,,,,,,,,,,,,,0,4,Local industriel. commercial ou assimilé,190,0,S,sols,,,2139,2.149611,48.794424
2025-1017487,2025-08-13,000001,Vente,512077.28,17,,RUE DU MAL JOFFRE,1820,78000,78646,Versailles,78,,,78646000BV0205,,,46,,58,,,,,,,,2,3,Dépendance,,0,,,,,,2.122603,48.796328
2025-1017487,2025-08-13,000001,Vente,512077.28,17,,RUE DU MAL JOFFRE,1820,78000,78646,Versailles,78,,,78646000BV0205,,,46,,58,,,,,,,,2,2,Appartement,81,4,,,,,,2.122603,48.796328
2025-1017509,2025-08-21,000001,Vente,750000,12,B,RUE MAGENTA,1760,78000,78646,Versailles,78,,,78646000AK0056,,,2,91.6,,,,,,,,,1,2,Appartement,85,4,,,,,,2.139411,48.811812
2025-1017510,2025-08-22,000001,Vente,242000,9,,RUE JOUVENCEL,1520,78000,78646,Versailles,78,,,78646000AI0043,,,16,,3,38.33,,,,,,,2,4,Local industriel. commercial ou assimilé,42,0,,,,,,2.13302,48.803432
2025-1017511,2025-08-21,000001,Vente,1116600,49,,RUE DU MAL FOCH,1810,78000,78646,Versailles,78,,,78646000AD0103,,,111,157.48,138,,,,,,,,2,2,Appartement,167,6,,,,,,2.133659,48.809782
2025-1017511,2025-08-21,000001,Vente,1116600,49,,RUE DU MAL FOCH,1810,78000,78646,Versailles,78,,,78646000AD0103,,,111,157.48,138,,,,,,,,2,3,Dépendance,,0,,,,,,2.133659,48.809782
2025-1017512,2025-08-22,000001,Vente,154000,14,,RUE MONTBAURON,1970,78000,78646,Versailles,78,,,78646000BP0017,,,6,18.07,,,,,,,,,1,2,Appartement,18,1,,,,,,2.135632,48.803902
2025-1017527,2025-08-05,000001,Vente,326300,8,,PL ALEXANDRE 1E LOUIS BARTHOU,0100,78000,78646,Versailles,78,,,78646000AX0494,,,70,,,,,,,,,,1,2,Appartement,60,2,,,,,,2.142044,48.80561
2025-1017527,2025-08-05,000001,Vente,326300,8,,PL ALEXANDRE 1E LOUIS BARTHOU,0100,78000,78646,Versailles,78,,,78646000AX0494,,,70,,,,,,,,,,1,3,Dépendance,,0,,,,,,2.142044,48.80561
2025-1017530,2025-07-24,000001,Vente,1950695,33,,RUE D ANGIVILLER,0170,78000,78646,Versailles,78,,,78646000AD0129,,,1,216.11,5,,6,,,,,,3,3,Dépendance,,0,,,,,,2.131046,48.810443
2025-1017530,2025-07-24,000001,Vente,1950695,33,,RUE D ANGIVILLER,0170,78000,78646,Versailles,78,,,78646000AD0129,,,1,216.11,5,,6,,,,,,3,2,Appartement,204,7,,,,,,2.131046,48.810443
2025-1017530,2025-07-24,000001,Vente,1950695,33,,RUE D ANGIVILLER,0170,78000,78646,Versailles,78,,,78646000AD0129,,,1,216.11,5,,6,,,,,,3,3,Dépendance,,0,,,,,,2.131046,48.810443
2025-1017631,2025-07-31,000001,Vente,770350,20,,RUE VICTOR BART,3160,78000,78646,Versailles,78,,,78646000AR0048,,,154,,82,131.55,,,,,,,2,3,Dépendance,,0,,,,,,2.145915,48.808908
2025-1017631,2025-07-31,000001,Vente,770350,20,,RUE VICTOR BART,3160,78000,78646,Versailles,78,,,78646000AR0048,,,154,,82,131.55,,,,,,,2,3,Dépendance,,0,,,,,,2.145915,48.808908
2025-1017631,2025-07-31,000001,Vente,770350,20,,RUE VICTOR BART,3160,78000,78646,Versailles,78,,,78646000AR0048,,,154,,82,131.55,,,,,,,2,2,Appartement,82,3,,,,,,2.145915,48.808908
2025-1017631,2025-07-31,000001,Vente,770350,20,,RUE VICTOR BART,3160,78000,78646,Versailles,78,,,78646000AR0048,,,170,,,,,,,,,,1,3,Dépendance,,0,,,,,,2.145915,48.808908
2025-1017647,2025-08-13,000001,Vente,265000,52,,RUE ALBERT JOLY,0050,78000,78646,Versailles,78,,,78646000AR0058,,,42,,43,,44,,51,,,,4,3,Dépendance,,0,,,,,,2.14281,48.809549
2025-1017647,2025-08-13,000001,Vente,265000,52,,RUE ALBERT JOLY,0050,78000,78646,Versailles,78,,,78646000AR0058,,,42,,43,,44,,51,,,,4,2,Appartement,46,2,,,,,,2.14281,48.809549
2025-1017647,2025-08-13,000001,Vente,265000,52,,RUE ALBERT JOLY,0050,78000,78646,Versailles,78,,,78646000AR0058,,,42,,43,,44,,51,,,,4,3,Dépendance,,0,,,,,,2.14281,48.809549
2025-1017662,2025-08-25,000001,Vente,157400,98,,AV DE PARIS,2180,78000,78646,Versailles,78,,,78646000BK0001,,,179,,,,,,,,,,1,3,Dépendance,,0,,,,,,2.149414,48.797242
2025-1017662,2025-08-25,000001,Vente,157400,98,,AV DE PARIS,2180,78000,78646,Versailles,78,,,78646000BK0001,,,21,16.97,,,,,,,,,1,3,Dépendance,,0,,,,,,2.149414,48.797242
2025-1017668,2025-08-12,000001,Vente,330000,6,,ALL LA BRUYERE,1557,78000,78646,Versailles,78,,,78646000AO0205,,,1412,65.79,1612,,,,,,,,2,2,Appartement,64,3,,,,,,2.146857,48.813978
2025-1017668,2025-08-12,000001,Vente,330000,1,,ALL LA BRUYERE,1557,78000,78646,Versailles,78,,,78646000AO0205,,,1728,,,,,,,,,,1,3,Dépendance,,0,,,,,,2.146857,48.813978
2025-1017668,2025-08-12,000001,Vente,330000,6,,ALL LA BRUYERE,1557,78000,78646,Versailles,78,,,78646000AO0205,,,1412,65.79,1612,,,,,,,,2,3,Dépendance,,0,,,,,,2.146857,48.813978
2025-1017668,2025-08-12,000001,Vente,330000,6,,ALL LA BRUYERE,1557,78000,78646,Versailles,78,,,78646000AO0205,,,1412,65.79,1612,,,,,,,,2,3,Dépendance,,0,,,,,,2.146857,48.813978
2025-1017683,2025-08-04,000001,Vente,450000,58,,RUE DES CHANTIERS,0530,78000,78646,Versailles,78,,,78646000BL0327,,,190,,342,,,,,,,,2,3,Dépendance,,0,,,,,,2.142467,48.792993
2025-1017683,2025-08-04,000001,Vente,450000,58,,RUE DES CHANTIERS,0530,78000,78646,Versailles,78,,,78646000BL0327,,,190,,342,,,,,,,,2,2,Appartement,70,3,,,,,,2.142467,48.792993
2025-1017683,2025-08-04,000001,Vente,450000,58,,RUE DES CHANTIERS,0530,78000,78646,Versailles,78,,,78646000BL0327,,,375,,,,,,,,,,1,3,Dépendance,,0,,,,,,2.142467,48.792993
2025-1017752,2025-08-14,000001,Vente,190000,15,,RUE NEUVE NOTRE DAME,2040,78000,78646,Versailles,78,,,78646000AE0021,,,4,21.99,,,,,,,,,1,2,Appartement,24,1,,,,,,2.12809,48.808843
2025-1017755,2025-08-21,000001,Vente,20000,104,,AV DE PARIS,2180,78000,78646,Versailles,78,,,78646000BK0019,,,104,,,,,,,,,,1,3,Dépendance,,0,,,,,,2.150393,48.797197
2025-1017785,2025-08-26,000001,Vente,382100,19,,RUE SAINT HONORE,2780,78000,78646,Versailles,78,,,78646000BV0135,,,4,56.08,,,,,,,,,1,2,Appartement,65,3,,,,,,2.125161,48.797877
2025-1017789,2025-08-26,000001,Vente,811360,45,,RUE DES CELESTINS,0470,78000,78646,Versailles,78,,,78646000BE0041,,,,,,,,,,,,,0,1,Maison,90,4,S,sols,,,149,2.156423,48.792612
2025-1017851,2025-08-27,000001,Vente,238600,80,,RUE D ANJOU,0190,78000,78646,Versailles,78,,,78646000BT0087,,,10,,53,,8,35.7,,,,,3,3,Dépendance,,0,,,,,,2.12899,48.795813
2025-1017851,2025-08-27,000001,Vente,238600,80,,RUE D ANJOU,0190,78000,78646,Versailles,78,,,78646000BT0087,,,10,,53,,8,35.7,,,,,3,2,Appartement,36,2,,,,,,2.12899,48.795813
2025-1017851,2025-08-27,000001,Vente,238600,80,,RUE D ANJOU,0190,78000,78646,Versailles,78,,,78646000BT0087,,,10,,53,,8,35.7,,,,,3,3,Dépendance,,0,,,,,,2.12899,48.795813
2025-1017856,2025-08-29,000001,Vente,680000,22,,RUE DES RESERVOIRS,2580,78000,78646,Versailles,78,,,78646000AE0175,,,6,86.68,,,,,,,,,1,2,Appartement,82,2,,,,,,2.124804,48.807568
2025-1017856,2025-08-29,000001,Vente,680000,22,,RUE DES RESERVOIRS,2580,78000,78646,Versailles,78,,,78646000AE0175,,,6,86.68,,,,,,,,,1,3,Dépendance,,0,,,,,,2.124804,48.807568
2025-1017857,2025-08-20,000001,Vente,403755,79,,RUE DU MAL FOCH,1810,78000,78646,Versailles,78,,,78646000AD0352,,,5,59.23,,,,,,,,,1,2,Appartement,60,2,,,,,,2.135532,48.813324
2025-1017862,2025-08-08,000001,Vente,20000,4,,RUE DE LA CEINTURE,0460,78000,78646,Versailles,78,,,78646000AW0006,,,1024,,,,,,,,,,1,3,Dépendance,,0,,,,,,2.15013,48.808121
2025-1017868,2025-08-22,000001,Vente,289500,7,,RUE RICHAUD,2610,78000,78646,Versailles,78,,,78646000AI0313,,,169,,,,,,,,,,1,3,Dépendance,,0,,,,,,2.135209,48.807376
2025-1017868,2025-08-22,000001,Vente,289500,7,,RUE RICHAUD,2610,78000,78646,Versailles,78,,,78646000AI0313,,,11,37.49,,,,,,,,,1,2,Appartement,37,2,,,,,,2.135209,48.807376
2025-1017870,2025-08-26,000001,Vente,480000,53,,AV DES ETATS UNIS,0990,78000,78646,Versailles,78,,,78646000AS0050,,,16,97.34,,,,,,,,,1,2,Appartement,91,5,,,,,,2.151625,48.811927
2025-1017870,2025-08-26,000001,Vente,480000,53,,AV DES ETATS UNIS,0990,78000,78646,Versailles,78,,,78646000AS0050,,,16,97.34,,,,,,,,,1,3,Dépendance,,0,,,,,,2.151625,48.811927
2025-1017894,2025-08-01,000001,Vente,592000,15,,RUE JEAN DE LA BRUYERE,1560,78000,78646,Versailles,78,,,78646000AO0001,,,351,,,,,,,,,,1,3,Dépendance,,0,,,,,,2.145961,48.812878
2025-1017894,2025-08-01,000001,Vente,592000,31,,RUE JEAN DE LA BRUYERE,1560,78000,78646,Versailles,78,,,78646000AO0001,,,45,,63,,,,,,,,2,3,Dépendance,,0,,,,,,2.145961,48.812878
2025-1017894,2025-08-01,000001,Vente,592000,31,,RUE JEAN DE LA BRUYERE,1560,78000,78646,Versailles,78,,,78646000AO0001,,,45,,63,,,,,,,,2,2,Appartement,102,5,,,,,,2.145961,48.812878
2025-1017914,2025-08-28,000001,Vente,499700,2,,RUE MENARD,1890,78000,78646,Versailles,78,,,78646000BR0012,,,7,66.7,,,,,,,,,1,3,Dépendance,,0,,,,,,2.131709,48.800658
2025-1017914,2025-08-28,000001,Vente,499700,2,,RUE MENARD,1890,78000,78646,Versailles,78,,,78646000BR0012,,,7,66.7,,,,,,,,,1,3,Dépendance,,0,,,,,,2.131709,48.800658
2025-1017914,2025-08-28,000001,Vente,499700,2,,RUE MENARD,1890,78000,78646,Versailles,78,,,78646000BR0012,,,7,66.7,,,,,,,,,1,2,Appartement,55,3,,,,,,2.131709,48.800658
2025-1017915,2025-08-05,000001,Vente,555000,3,,RUE DES CHANTIERS,0530,78000,78646,Versailles,78,,,78646000BS0032,,,,,,,,,,,,,0,4,Local industriel. commercial ou assimilé,31,0,S,sols,,,323,2.13614,48.79717
2025-1017915,2025-08-05,000001,Vente,555000,3,,RUE DES CHANTIERS,0530,78000,78646,Versailles,78,,,78646000BS0032,,,,,,,,,,,,,0,4,Local industriel. commercial ou assimilé,62,0,S,sols,,,323,2.13614,48.79717
2025-1017915,2025-08-05,000001,Vente,555000,3,,RUE DES CHANTIERS,0530,78000,78646,Versailles,78,,,78646000BS0032,,,,,,,,,,,,,0,2,Appartement,33,2,S,sols,,,323,2.13614,48.79717
2025-1017915,2025-08-05,000001,Vente,555000,3,,RUE DES CHANTIERS,0530,78000,78646,Versailles,78,,,78646000BS0032,,,,,,,,,,,,,0,4,Local industriel. commercial ou assimilé,85,0,S,sols,,,323,2.13614,48.79717
2025-1017915,2025-08-05,000001,Vente,555000,3,,RUE DES CHANTIERS,0530,78000,78646,Versailles,78,,,78646000BS0032,,,,,,,,,,,,,0,4,Local industriel. commercial ou assimilé,385,0,S,sols,,,323,2.13614,48.79717
2025-1017927,2025-01-22,000001,Adjudication,393000,6,,RUE DU GENERAL PERSHING,1170,78000,78646,Versailles,78,,,78646000AS0051,,,1224,,,,,,,,,,1,3,Dépendance,,0,,,,,,2.152002,48.812811
2025-1017927,2025-01-22,000001,Adjudication,393000,6,,RUE DU GENERAL PERSHING,1170,78000,78646,Versailles,78,,,78646000AS0051,,,1224,,,,,,,,,,1,3,Dépendance,,0,,,,,,2.152002,48.812811
2025-1017936,2025-08-06,000001,Vente,902100,12,,RUE LOUIS HAUSSMANN,1679,78000,78646,Versailles,78,,,78646000AS0057,,,13,,,,,,,,,,1,1,Maison,114,5,,,,,,2.14687,48.810099
2025-1017936,2025-08-06,000001,Vente,902100,12,,RUE LOUIS HAUSSMANN,1679,78000,78646,Versailles,78,,,78646000AS0057,,,45,,,,,,,,,,1,3,Dépendance,,0,,,,,,2.14687,48.810099
2025-1017936,2025-08-06,000001,Vente,902100,12,,RUE LOUIS HAUSSMANN,1679,78000,78646,Versailles,78,,,78646000AS0057,,,44,,,,,,,,,,1,3,Dépendance,,0,,,,,,2.14687,48.810099
2025-1017960,2025-08-29,000001,Vente,740000,11,,RUE GEORGES CLEMENCEAU,1200,78000,78646,Versailles,78,,,78646000AI0251,,,55,,64,,,,,,,,2,2,Appartement,90,3,,,,,,2.131824,48.803985
2025-1017960,2025-08-29,000001,Vente,740000,11,,RUE GEORGES CLEMENCEAU,1200,78000,78646,Versailles,78,,,78646000AI0251,,,55,,64,,,,,,,,2,3,Dépendance,,0,,,,,,2.131824,48.803985
2025-1017965,2025-08-08,000001,Vente,300000,29,,RUE DE LA BONNE AVENTURE,0390,78000,78646,Versailles,78,,,78646000AX0120,,,22,,23,,24,,,,,,3,3,Dépendance,,0,,,,,,2.147555,48.806451
2025-1017965,2025-08-08,000001,Vente,300000,29,,RUE DE LA BONNE AVENTURE,0390,78000,78646,Versailles,78,,,78646000AX0120,,,22,,23,,24,,,,,,3,3,Dépendance,,0,,,,,,2.147555,48.806451
2025-1017965,2025-08-08,000001,Vente,300000,29,,RUE DE LA BONNE AVENTURE,0390,78000,78646,Versailles,78,,,78646000AX0120,,,22,,23,,24,,,,,,3,2,Appartement,52,3,,,,,,2.147555,48.806451
2025-1017980,2025-08-28,000001,Vente,187000,1,,IMP DES ECURIES,0870,78000,78646,Versailles,78,,,78646000AE0186,,,14,30.44,,,,,,,,,1,3,Dépendance,,0,,,,,,2.127238,48.807575
2025-1017980,2025-08-28,000001,Vente,187000,1,,IMP DES ECURIES,0870,78000,78646,Versailles,78,,,78646000AE0186,,,14,30.44,,,,,,,,,1,3,Dépendance,,0,,,,,,2.127238,48.807575
2025-1017980,2025-08-28,000001,Vente,187000,1,,IMP DES ECURIES,0870,78000,78646,Versailles,78,,,78646000AE0186,,,14,30.44,,,,,,,,,1,2,Appartement,28,2,,,,,,2.127238,48.807575
2025-1017987,2025-08-28,000001,Vente,623100,20,,RUE DE PROVENCE,2460,78000,78646,Versailles,78,,,78646000AX0442,,,25,,,,,,,,,,1,3,Dépendance,,0,,,,,,2.140987,48.807165
2025-1017987,2025-08-28,000001,Vente,623100,20,,RUE DE PROVENCE,2460,78000,78646,Versailles,78,,,78646000AX0442,,,380,93.95,,,,,,,,,1,2,Appartement,94,4,,,,,,2.140987,48.807165
2025-1017987,2025-08-28,000001,Vente,623100,20,,RUE DE PROVENCE,2460,78000,78646,Versailles,78,,,78646000AX0442,,,364,,,,,,,,,,1,3,Dépendance,,0,,,,,,2.140987,48.807165
2025-1018018,2025-08-07,000001,Vente,1168000,27,,RUE ALEXIS FOURCAULT,0130,78000,78646,Versailles,78,,,78646000AW0057,,,,,,,,,,,,,0,1,Maison,150,5,S,sols,,,332,2.154636,48.805189
2025-1018027,2025-08-28,000001,Vente,217434,7,,RUE DE LIMOGES,1660,78000,78646,Versailles,78,,,78646000BR0155,,,14,31.87,22,,,,,,,,2,2,Appartement,35,2,,,,,,2.132105,48.799139
2025-1018054,2025-08-08,000001,Vente,82000,37,,RUE DU MAL JOFFRE,1820,78000,78646,Versailles,78,,,78646000BW0218,,,131,,,,,,,,,,1,2,Appartement,11,1,,,,,,2.12084,48.793636
2025-1018134,2025-08-25,000001,Vente,353777,10,,RUE ROYALE,2648,78000,78646,Versailles,78,,,78646000BV0091,,,1,,19,44.58,27,,,,,,3,3,Dépendance,,0,,,,,,2.126872,48.798272
2025-1018134,2025-08-25,000001,Vente,353777,10,,RUE ROYALE,2648,78000,78646,Versailles,78,,,78646000BV0091,,,1,,19,44.58,27,,,,,,3,2,Appartement,49,3,,,,,,2.126872,48.798272
2025-1018134,2025-08-25,000001,Vente,353777,10,,RUE ROYALE,2648,78000,78646,Versailles,78,,,78646000BV0091,,,1,,19,44.58,27,,,,,,3,3,Dépendance,,0,,,,,,2.126872,48.798272
2025-1018138,2025-06-30,000001,Vente,794800,20,,RUE SAINTE ADELAIDE,2670,78000,78646,Versailles,78,,,78646000AD0137,,,30,,32,,,,,,,,2,2,Appartement,103,4,,,,,,2.130676,48.810879
2025-1018138,2025-06-30,000001,Vente,794800,20,,RUE SAINTE ADELAIDE,2670,78000,78646,Versailles,78,,,78646000AD0137,,,30,,32,,,,,,,,2,3,Dépendance,,0,,,,,,2.130676,48.810879
2025-1018155,2025-08-20,000001,Vente,929720,19,,RUE EXELMANS,1020,78000,78646,Versailles,78,,,78646000AC0306,,,142,121.07,150,,152,,,,,,3,3,Dépendance,,0,,,,,,2.125764,48.813952
2025-1018155,2025-08-20,000001,Vente,929720,19,,RUE EXELMANS,1020,78000,78646,Versailles,78,,,78646000AC0306,,,142,121.07,150,,152,,,,,,3,3,Dépendance,,0,,,,,,2.125764,48.813952
2025-1018155,2025-08-20,000001,Vente,929720,53,,RUE EXELMANS,1020,78000,78646,Versailles,78,,,78646000AC0306,,,17095,,,,,,,,,,1,3,Dépendance,,0,,,,,,2.125764,48.813952
2025-1018155,2025-08-20,000001,Vente,929720,53,,RUE EXELMANS,1020,78000,78646,Versailles,78,,,78646000AC0306,,,17096,,,,,,,,,,1,3,Dépendance,,0,,,,,,2.125764,48.813952
2025-1018155,2025-08-20,000001,Vente,929720,19,,RUE EXELMANS,1020,78000,78646,Versailles,78,,,78646000AC0306,,,142,121.07,150,,152,,,,,,3,2,Appartement,120,4,,,,,,2.125764,48.813952
2025-1018155,2025-08-20,000001,Vente,929720,53,,RUE EXELMANS,1020,78000,78646,Versailles,78,,,78646000AC0306,,,17092,,,,,,,,,,1,3,Dépendance,,0,,,,,,2.125764,48.813952
2025-1018156,2025-08-28,000001,Vente,658360,1,,RUE MENARD,1890,78000,78646,Versailles,78,,,78646000BR0023,,,103,,115,,124,,67,109.26,75,,5,3,Dépendance,,0,,,,,,2.132006,48.800341
2025-1018156,2025-08-28,000001,Vente,658360,1,,RUE MENARD,1890,78000,78646,Versailles,78,,,78646000BR0023,,,103,,115,,124,,67,109.26,75,,5,3,Dépendance,,0,,,,,,2.132006,48.800341
2025-1018156,2025-08-28,000001,Vente,658360,1,,RUE MENARD,1890,78000,78646,Versailles,78,,,78646000BR0023,,,103,,115,,124,,67,109.26,75,,5,2,Appartement,111,5,,,,,,2.132006,48.800341
2025-1018174,2025-09-02,000001,Vente,180000,9,,AV DES ETATS UNIS,0990,78000,78646,Versailles,78,,,78646000AX0490,,,144,24.15,43,,,,,,,,2,2,Appartement,25,1,,,,,,2.142342,48.80702
2025-1018176,2025-09-04,000001,Vente,260000,20,,RUE DE SATORY,2950,78000,78646,Versailles,78,,,78646000AH0194,,,14,41.37,,,,,,,,,1,2,Appartement,46,1,,,,,,2.124856,48.800584
2025-1018177,2025-08-29,000001,Vente,558500,32,,RUE LAFAYETTE,1580,78000,78646,Versailles,78,,,78646000AD0203,,,6,93.07,,,,,,,,,1,2,Appartement,92,4,,,,,,2.128837,48.811804
2025-1018177,2025-08-29,000001,Vente,558500,32,,RUE LAFAYETTE,1580,78000,78646,Versailles,78,,,78646000AD0203,,,22,,,,,,,,,,1,3,Dépendance,,0,,,,,,2.128837,48.811804
2025-1018179,2025-08-29,000001,Vente,208900,27,,RUE DU PARC DE CLAGNY,2171,78000,78646,Versailles,78,,,78646000AK0073,,,101,,103,,104,,110,,,,4,2,Appartement,35,2,,,,,,2.14023,48.811905
2025-1018179,2025-08-29,000001,Vente,208900,27,,RUE DU PARC DE CLAGNY,2171,78000,78646,Versailles,78,,,78646000AK0073,,,101,,103,,104,,110,,,,4,3,Dépendance,,0,,,,,,2.14023,48.811905
2025-1018185,2025-08-29,000001,Vente,645660,1,,RUE JOUVENCEL,1520,78000,78646,Versailles,78,,,78646000AI0052,,,43,78.69,,,,,,,,,1,2,Appartement,83,3,,,,,,2.132321,48.803557
2025-1018185,2025-08-29,000001,Vente,645660,1,,RUE JOUVENCEL,1520,78000,78646,Versailles,78,,,78646000AI0052,,,43,78.69,,,,,,,,,1,3,Dépendance,,0,,,,,,2.132321,48.803557
2025-1018185,2025-08-29,000001,Vente,645660,1,,RUE JOUVENCEL,1520,78000,78646,Versailles,78,,,78646000AI0052,,,43,78.69,,,,,,,,,1,3,Dépendance,,0,,,,,,2.132321,48.803557
2025-1018224,2025-08-27,000001,Vente,1156970,3,,RUE DE LA CHAUMIERE,0580,78000,78646,Versailles,78,,,78646000BE0327,,,,,,,,,,,,,0,1,Maison,150,6,S,sols,,,424,2.161518,48.795578
2025-1018243,2025-08-18,000001,Vente,277000,52,,AV DE PARIS,2180,78000,78646,Versailles,78,,,78646000BR0095,,,10,42.46,39,,,,,,,,2,3,Dépendance,,0,,,,,,2.137555,48.799509
2025-1018243,2025-08-18,000001,Vente,277000,52,,AV DE PARIS,2180,78000,78646,Versailles,78,,,78646000BR0095,,,10,42.46,39,,,,,,,,2,2,Appartement,45,1,,,,,,2.137555,48.799509
2025-1018256,2025-09-01,000001,Vente,245000,2,,PL LYAUTEY,1720,78000,78646,Versailles,78,,,78646000AH0223,,,12,33.02,13,,,,,,,,2,2,Appartement,50,2,,,,,,2.127917,48.800732
2025-1018258,2025-08-28,000001,Vente,22000,18,,RUE DU PARC DE CLAGNY,2171,78000,78646,Versailles,78,,,78646000AP0097,,,280,,,,,,,,,,1,3,Dépendance,,0,,,,,,2.141563,48.813647
2025-1018263,2025-08-26,000001,Vente,385000,16,,RUE SAINT LOUIS,2810,78000,78646,Versailles,78,,,78646000BW0066,,,103,,104,,,,,,,,2,3,Dépendance,,0,,,,,,2.124252,48.79492
2025-1018263,2025-08-26,000001,Vente,385000,16,,RUE SAINT LOUIS,2810,78000,78646,Versailles,78,,,78646000BW0066,,,103,,104,,,,,,,,2,2,Appartement,70,2,,,,,,2.124252,48.79492
2025-1018265,2025-09-03,000001,Vente,320310,52,,AV DE VILLENEUVE L ETANG,3200,78000,78646,Versailles,78,,,78646000AO0195,,,1317,43.33,1769,,,,,,,,2,2,Appartement,43,2,,,,,,2.148734,48.818785
2025-1018265,2025-09-03,000001,Vente,320310,52,,AV DE VILLENEUVE L ETANG,3200,78000,78646,Versailles,78,,,78646000AO0195,,,1615,,,,,,,,,,1,3,Dépendance,,0,,,,,,2.148734,48.818785
2025-1018265,2025-09-03,000001,Vente,320310,52,,AV DE VILLENEUVE L ETANG,3200,78000,78646,Versailles,78,,,78646000AO0195,,,1727,,,,,,,,,,1,3,Dépendance,,0,,,,,,2.148734,48.818785
2025-1018270,2025-08-27,000001,Vente,606440,8,,RUE DE LA CEINTURE,0460,78000,78646,Versailles,78,,,78646000AW0006,,,506,101.79,526,,,,,,,,2,3,Dépendance,,0,,,,,,2.15013,48.808121
2025-1018270,2025-08-27,000001,Vente,606440,8,,RUE DE LA CEINTURE,0460,78000,78646,Versailles,78,,,78646000AW0006,,,971,,,,,,,,,,1,3,Dépendance,,0,,,,,,2.15013,48.808121
2025-1018270,2025-08-27,000001,Vente,606440,8,,RUE DE LA CEINTURE,0460,78000,78646,Versailles,78,,,78646000AW0006,,,506,101.79,526,,,,,,,,2,2,Appartement,103,4,,,,,,2.15013,48.808121
2025-1018287,2025-09-04,000001,Vente,188000,5,,RUE DU GENERAL LECLERC,1145,78000,78646,Versailles,78,,,78646000AH0137,,,9,24.34,,,,,,,,,1,2,Appartement,24,1,,,,,,2.125427,48.799662
2025-1018290,2025-08-25,000001,Vente,284000,94,,AV DE PARIS,2180,78000,78646,Versailles,78,,,78646000BN0051,,,35,41.03,65,,,,,,,,2,3,Dépendance,,0,,,,,,2.148182,48.797645
2025-1018290,2025-08-25,000001,Vente,284000,94,,AV DE PARIS,2180,78000,78646,Versailles,78,,,78646000BN0051,,,35,41.03,65,,,,,,,,2,2,Appartement,42,1,,,,,,2.148182,48.797645
2025-1018293,2025-08-27,000001,Vente,127000,17,,RUE DES MISSIONNAIRES,1920,78000,78646,Versailles,78,,,78646000AD0396,,,12,,30,,,,,,,,2,3,Dépendance,,0,,,,,,2.131727,48.81298
2025-1018293,2025-08-27,000001,Vente,127000,17,,RUE DES MISSIONNAIRES,1920,78000,78646,Versailles,78,,,78646000AD0396,,,12,,30,,,,,,,,2,2,Appartement,15,1,,,,,,2.131727,48.81298
2025-1018297,2025-08-22,000001,Vente,445250,21,,RUE DE MONTREUIL,2000,78000,78646,Versailles,78,,,78646000AX0289,,,3,,4,,9,,,,,,3,2,Appartement,70,4,,,,,,2.14366,48.805327
2025-1018297,2025-08-22,000001,Vente,445250,21,,RUE DE MONTREUIL,2000,78000,78646,Versailles,78,,,78646000AX0289,,,3,,4,,9,,,,,,3,3,Dépendance,,0,,,,,,2.14366,48.805327
2025-1018342,2025-09-05,000001,Vente,330000,31,,RUE DU GENERAL LECLERC,1145,78000,78646,Versailles,78,,,78646000AH0173,,,53,,60,51.57,63,,66,,,,4,3,Dépendance,,0,,,,,,2.127301,48.7991
2025-1018342,2025-09-05,000001,Vente,330000,31,,RUE DU GENERAL LECLERC,1145,78000,78646,Versailles,78,,,78646000AH0173,,,53,,60,51.57,63,,66,,,,4,3,Dépendance,,0,,,,,,2.127301,48.7991
2025-1018342,2025-09-05,000001,Vente,330000,31,,RUE DU GENERAL LECLERC,1145,78000,78646,Versailles,78,,,78646000AH0173,,,53,,60,51.57,63,,66,,,,4,2,Appartement,54,3,,,,,,2.127301,48.7991
2025-1018342,2025-09-05,000001,Vente,330000,31,,RUE DU GENERAL LECLERC,1145,78000,78646,Versailles,78,,,78646000AH0173,,,53,,60,51.57,63,,66,,,,4,3,Dépendance,,0,,,,,,2.127301,48.7991
2025-1018344,2025-09-04,000001,Vente,423000,6,,RUE DU MARECHAL GALLIENI,1812,78000,78646,Versailles,78,,,78646000AC0194,,,46,,55,,,,,,,,2,2,Appartement,74,2,,,,,,2.124471,48.810515
2025-1018344,2025-09-04,000001,Vente,423000,6,,RUE DU MARECHAL GALLIENI,1812,78000,78646,Versailles,78,,,78646000AC0194,,,10,,,,,,,,,,1,3,Dépendance,,0,,,,,,2.124471,48.810515
2025-1018344,2025-09-04,000001,Vente,423000,6,,RUE DU MARECHAL GALLIENI,1812,78000,78646,Versailles,78,,,78646000AC0194,,,46,,55,,,,,,,,2,3,Dépendance,,0,,,,,,2.124471,48.810515
2025-1018345,2025-08-27,000001,Vente,634950,12,,AV DE PORCHEFONTAINE,2380,78000,78646,Versailles,78,,,78646000BK0021,,,689,,703,134.36,,,,,,,2,2,Appartement,133,5,,,,,,2.152071,48.797176
2025-1018345,2025-08-27,000001,Vente,634950,12,,AV DE PORCHEFONTAINE,2380,78000,78646,Versailles,78,,,78646000BK0021,,,1392,,,,,,,,,,1,3,Dépendance,,0,,,,,,2.152071,48.797176
2025-1018345,2025-08-27,000001,Vente,634950,12,,AV DE PORCHEFONTAINE,2380,78000,78646,Versailles,78,,,78646000BK0021,,,689,,703,134.36,,,,,,,2,3,Dépendance,,0,,,,,,2.152071,48.797176
2025-1018346,2025-09-05,000001,Vente,450000,20,,RUE VICTOR BART,3160,78000,78646,Versailles,78,,,78646000AR0048,,,149,,51,84.42,,,,,,,2,3,Dépendance,,0,,,,,,2.145915,48.808908
2025-1018346,2025-09-05,000001,Vente,450000,20,,RUE VICTOR BART,3160,78000,78646,Versailles,78,,,78646000AR0048,,,149,,51,84.42,,,,,,,2,2,Appartement,84,3,,,,,,2.145915,48.808908
2025-1018346,2025-09-05,000001,Vente,450000,20,,RUE VICTOR BART,3160,78000,78646,Versailles,78,,,78646000AR0048,,,198,,,,,,,,,,1,3,Dépendance,,0,,,,,,2.145915,48.808908
2025-1018346,2025-09-05,000001,Vente,450000,20,,RUE VICTOR BART,3160,78000,78646,Versailles,78,,,78646000AR0048,,,197,,,,,,,,,,1,3,Dépendance,,0,,,,,,2.145915,48.808908
2025-1018356,2025-09-05,000001,Vente,863200,4,,RUE ALBERT SAMAIN,0070,78000,78646,Versailles,78,,,78646000BW0181,,,15,,29,,45,,,,,,3,2,Appartement,96,4,,,,,,2.122783,48.794217
2025-1018356,2025-09-05,000001,Vente,863200,4,,RUE ALBERT SAMAIN,0070,78000,78646,Versailles,78,,,78646000BW0181,,,13,,,,,,,,,,1,3,Dépendance,,0,,,,,,2.122783,48.794217
2025-1018356,2025-09-05,000001,Vente,863200,4,,RUE ALBERT SAMAIN,0070,78000,78646,Versailles,78,,,78646000BW0181,,,15,,29,,,,,,,,2,3,Dépendance,,0,,,,,,2.122783,48.794217
2025-1018381,2025-09-02,000001,Vente,35000,9001,,AV DE SCEAUX,2980,78000,78646,Versailles,78,,,78646000AH0226,,,392,,,,,,,,,,1,3,Dépendance,,0,,,,,,2.126268,48.79975
2025-1018392,2025-08-25,000001,Vente,2140650,4,B,RUE DES MISSIONNAIRES,1920,78000,78646,Versailles,78,,,78646000AD0226,,,1,,,,,,,,,,1,1,Maison,250,9,,,,,,2.128918,48.812891
2025-1018392,2025-08-25,000001,Vente,2140650,4,B,RUE DES MISSIONNAIRES,1920,78000,78646,Versailles,78,,,78646000AD0226,,,1,,,,,,,,,,1,4,Local industriel. commercial ou assimilé,68,0,,,,,,2.128918,48.812891
2025-1018414,2025-08-28,000001,Vente,1098020,56,,RUE REMONT,2560,78000,78646,Versailles,78,,,78646000BE0154,,,,,,,,,,,,,0,3,Dépendance,,0,S,sols,,,598,2.159019,48.794653
2025-1018414,2025-08-28,000001,Vente,1098020,56,,RUE REMONT,2560,78000,78646,Versailles,78,,,78646000BE0154,,,,,,,,,,,,,0,1,Maison,78,3,S,sols,,,598,2.159019,48.794653
2025-1018414,2025-08-28,000001,Vente,1098020,56,,RUE REMONT,2560,78000,78646,Versailles,78,,,78646000BE0154,,,,,,,,,,,,,0,3,Dépendance,,0,S,sols,,,598,2.159019,48.794653
2025-1018456,2025-09-09,000001,Vente,95155,21,,RUE DES CELESTINS,0470,78000,78646,Versailles,78,,,78646000BK0117,,,,,,,,,,,,,0,3,Dépendance,,0,S,sols,,,193,2.154062,48.794491
2025-1018456,2025-09-09,000001,Vente,95155,21,,RUE DES CELESTINS,0470,78000,78646,Versailles,78,,,78646000BK0117,,,,,,,,,,,,,0,1,Maison,42,2,S,sols,,,193,2.154062,48.794491
2025-1018548,2025-09-08,000001,Vente,548000,53,,AV DES ETATS UNIS,0990,78000,78646,Versailles,78,,,78646000AS0050,,,29,,,,,,,,,,1,3,Dépendance,,0,,,,,,2.151625,48.811927
2025-1018548,2025-09-08,000001,Vente,548000,53,,AV DES ETATS UNIS,0990,78000,78646,Versailles,78,,,78646000AS0050,,,29,,,,,,,,,,1,2,Appartement,104,5,,,,,,2.151625,48.811927
2025-1018558,2025-09-08,000001,Vente,201942,52,,AV DE VILLENEUVE L ETANG,3200,78000,78646,Versailles,78,,,78646000AO0195,,,1720,,,,,,,,,,1,3,Dépendance,,0,,,,,,2.148734,48.818785
2025-1018558,2025-09-08,000001,Vente,201942,52,,AV DE VILLENEUVE L ETANG,3200,78000,78646,Versailles,78,,,78646000AO0195,,,1314,31.2,,,,,,,,,1,2,Appartement,31,1,,,,,,2.148734,48.818785
2025-1018559,2025-09-05,000001,Vente,327000,59,,AV DES ETATS UNIS,0990,78000,78646,Versailles,78,,,78646000AS0054,,,190,67.05,,,,,,,,,1,2,Appartement,66,4,,,,,,2.152632,48.814149
2025-1018559,2025-09-05,000001,Vente,327000,59,,AV DES ETATS UNIS,0990,78000,78646,Versailles,78,,,78646000AS0054,,,331,,,,,,,,,,1,3,Dépendance,,0,,,,,,2.152632,48.814149
2025-1018559,2025-09-05,000001,Vente,327000,59,,AV DES ETATS UNIS,0990,78000,78646,Versailles,78,,,78646000AS0054,,,190,67.05,,,,,,,,,1,3,Dépendance,,0,,,,,,2.152632,48.814149
2025-1018586,2025-04-04,000001,Vente,125000,15,,RUE DES ETATS GENERAUX,0980,78000,78646,Versailles,78,,,78646000BR0037,,,20,,32,,,,,,,,2,2,Appartement,21,1,,,,,,2.132916,48.800326
2025-1018586,2025-04-04,000001,Vente,125000,15,,RUE DES ETATS GENERAUX,0980,78000,78646,Versailles,78,,,78646000BR0037,,,20,,32,,,,,,,,2,3,Dépendance,,0,,,,,,2.132916,48.800326
2025-1018595,2025-09-12,000001,Vente,642000,6,,RUE LOUIS HAUSSMANN,1679,78000,78646,Versailles,78,,,78646000AS0036,,,56,,,,,,,,,,1,3,Dépendance,,0,,,,,,2.147113,48.809569
2025-1018595,2025-09-12,000001,Vente,642000,6,,RUE LOUIS HAUSSMANN,1679,78000,78646,Versailles,78,,,78646000AS0036,,,103,,211,90.48,,,,,,,2,2,Appartement,95,4,,,,,,2.147113,48.809569
2025-1018595,2025-09-12,000001,Vente,642000,6,,RUE LOUIS HAUSSMANN,1679,78000,78646,Versailles,78,,,78646000AS0036,,,103,,211,90.48,,,,,,,2,3,Dépendance,,0,,,,,,2.147113,48.809569
2025-1018595,2025-09-12,000001,Vente,642000,6,,RUE LOUIS HAUSSMANN,1679,78000,78646,Versailles,78,,,78646000AS0036,,,288,,,,,,,,,,1,3,Dépendance,,0,,,,,,2.147113,48.809569
2025-1018607,2025-09-12,000001,Vente,30000,88,,RUE ROYALE,2648,78000,78646,Versailles,78,,,78646000BW0109,,,13,,,,,,,,,,1,3,Dépendance,,0,,,,,,2.124086,48.794225
2025-1018607,2025-09-12,000001,Vente,30000,88,,RUE ROYALE,2648,78000,78646,Versailles,78,,,78646000BW0109,,,13,,,,,,,,,,1,3,Dépendance,,0,,,,,,2.124086,48.794225
2025-1018607,2025-09-12,000001,Vente,30000,88,,RUE ROYALE,2648,78000,78646,Versailles,78,,,78646000BW0109,,,13,,,,,,,,,,1,2,Appartement,77,3,,,,,,2.124086,48.794225
2025-1018639,2025-09-05,000001,Vente,42000,3,,RUE ANTOINE COYPEL,0200,78000,78646,Versailles,78,,,78646000BO0010,,,102,,,,,,,,,,1,3,Dépendance,,0,,,,,,2.142833,48.800054
2025-1018648,2025-09-05,000001,Vente,965000,8,,AV DES ARTS,0220,78000,78646,Versailles,78,,,78646000AM0500,,,1,146.2,,,,,,,,,1,4,Local industriel. commercial ou assimilé,75,0,,,,,,2.140009,48.82254
2025-1018648,2025-09-05,000001,Vente,965000,8,,AV DES ARTS,0220,78000,78646,Versailles,78,,,78646000AM0500,,,2,45.9,,,,,,,,,1,2,Appartement,52,1,,,,,,2.140009,48.82254
2025-1018648,2025-09-05,000001,Vente,965000,8,,AV DES ARTS,0220,78000,78646,Versailles,78,,,78646000AM0500,,,2,45.9,,,,,,,,,1,3,Dépendance,,0,,,,,,2.140009,48.82254
2025-1018648,2025-09-05,000001,Vente,965000,8,,AV DES ARTS,0220,78000,78646,Versailles,78,,,78646000AM0500,,,1,146.2,,,,,,,,,1,3,Dépendance,,0,,,,,,2.140009,48.82254
2025-1018648,2025-09-05,000001,Vente,965000,6,,AV DES ARTS,0220,78000,78646,Versailles,78,,,78646000AM0501,,,6,,,,,,,,,,1,2,Appartement,145,6,,,,,,2.139873,48.822566
2025-1018648,2025-09-05,000001,Vente,965000,6,,AV DES ARTS,0220,78000,78646,Versailles,78,,,78646000AM0501,,,6,,,,,,,,,,1,3,Dépendance,,0,,,,,,2.139873,48.822566
2025-1018648,2025-09-05,000001,Vente,965000,6,,AV DES ARTS,0220,78000,78646,Versailles,78,,,78646000AM0501,,,6,,,,,,,,,,1,3,Dépendance,,0,,,,,,2.139873,48.822566
2025-1018648,2025-09-05,000001,Vente,965000,6,,AV DES ARTS,0220,78000,78646,Versailles,78,,,78646000AM0501,,,6,,,,,,,,,,1,3,Dépendance,,0,,,,,,2.139873,48.822566
2025-1018673,2025-09-04,000001,Vente en l'état futur d'achèvement,345000,4,,PROM DE GALLY,1141,78000,78646,Versailles,78,,,78646000BY0121,,,1,,,,,,,,,,1,,,,,,,,,,2.079148,48.803081
2025-1018696,2025-09-02,000001,Vente,640000,53,,AV DE PARIS,2180,78000,78646,Versailles,78,,,78646000BP0132,,,307,,,,,,,,,,1,3,Dépendance,,0,,,,,,2.1408,48.800274
2025-1018696,2025-09-02,000001,Vente,640000,53,,AV DE PARIS,2180,78000,78646,Versailles,78,,,78646000BP0132,,,227,,248,,,,,,,,2,2,Appartement,107,5,,,,,,2.1408,48.800274
2025-1018696,2025-09-02,000001,Vente,640000,53,,AV DE PARIS,2180,78000,78646,Versailles,78,,,78646000BP0132,,,203,,,,,,,,,,1,3,Dépendance,,0,,,,,,2.1408,48.800274
2025-1018696,2025-09-02,000001,Vente,640000,53,,AV DE PARIS,2180,78000,78646,Versailles,78,,,78646000BP0132,,,227,,248,,,,,,,,2,3,Dépendance,,0,,,,,,2.1408,48.800274
2025-1018698,2025-09-05,000001,Vente,503700,62,,AV DES ETATS UNIS,0990,78000,78646,Versailles,78,,,78646000AW0219,,,32,103.63,57,,,,,,,,2,2,Appartement,104,4,,,,,,2.147909,48.808568
2025-1018698,2025-09-05,000001,Vente,503700,62,,AV DES ETATS UNIS,0990,78000,78646,Versailles,78,,,78646000AW0219,,,32,103.63,57,,,,,,,,2,3,Dépendance,,0,,,,,,2.147909,48.808568
2025-1018698,2025-09-05,000001,Vente,503700,62,,AV DES ETATS UNIS,0990,78000,78646,Versailles,78,,,78646000AW0219,,,756,,,,,,,,,,1,3,Dépendance,,0,,,,,,2.147909,48.808568
2025-1018708,2025-08-22,000001,Vente,386800,12,,AV DE PORCHEFONTAINE,2380,78000,78646,Versailles,78,,,78646000BK0021,,,931,,936,,,,,,,,2,3,Dépendance,,0,,,,,,2.152071,48.797176
2025-1018708,2025-08-22,000001,Vente,386800,12,,AV DE PORCHEFONTAINE,2380,78000,78646,Versailles,78,,,78646000BK0021,,,1422,,,,,,,,,,1,3,Dépendance,,0,,,,,,2.152071,48.797176
2025-1018708,2025-08-22,000001,Vente,386800,12,,AV DE PORCHEFONTAINE,2380,78000,78646,Versailles,78,,,78646000BK0021,,,931,,936,,,,,,,,2,2,Appartement,80,2,,,,,,2.152071,48.797176
2025-1018730,2025-09-12,000001,Vente,500900,62,,RUE ROYALE,2648,78000,78646,Versailles,78,,,78646000BV0169,,,17,,24,,4,,,,,,3,3,Dépendance,,0,,,,,,2.125432,48.796195
2025-1018730,2025-09-12,000001,Vente,500900,62,,RUE ROYALE,2648,78000,78646,Versailles,78,,,78646000BV0169,,,17,,24,,4,,,,,,3,2,Appartement,65,3,,,,,,2.125432,48.796195
2025-1018730,2025-09-12,000001,Vente,500900,62,,RUE ROYALE,2648,78000,78646,Versailles,78,,,78646000BV0169,,,17,,24,,4,,,,,,3,3,Dépendance,,0,,,,,,2.125432,48.796195
2025-1018731,2025-09-04,000001,Vente en l'état futur d'achèvement,25000,8,,ALL DU CORDON BOISE,0714,78000,78646,Versailles,78,,,78646000BY0110,,,177,,,,,,,,,,1,,,,,,,,,,2.078228,48.802624
2025-1018755,2025-09-09,000001,Vente,32000,29,T,RUE DE L ERMITAGE,0940,78000,78646,Versailles,78,,,78646000AC0338,,,84,,,,,,,,,,1,3,Dépendance,,0,,,,,,2.122062,48.815041
2025-1018761,2025-09-08,000001,Vente,140000,44,,RUE SAINT CHARLES,2710,78000,78646,Versailles,78,,,78646000AY0019,,,34,10.93,,,,,,,,,1,3,Dépendance,,0,,,,,,2.147972,48.803805
2025-1018761,2025-09-08,000001,Vente,140000,44,,RUE SAINT CHARLES,2710,78000,78646,Versailles,78,,,78646000AY0019,,,33,11.03,,,,,,,,,1,3,Dépendance,,0,,,,,,2.147972,48.803805
2025-1018768,2025-09-11,000001,Vente,594750,66,,RUE ROYALE,2648,78000,78646,Versailles,78,,,78646000BV0171,,,11,,14,,17,,64,,,,4,3,Dépendance,,0,,,,,,2.125321,48.796013
2025-1018768,2025-09-11,000001,Vente,594750,66,,RUE ROYALE,2648,78000,78646,Versailles,78,,,78646000BV0171,,,11,,14,,17,,64,,,,4,2,Appartement,85,4,,,,,,2.125321,48.796013
2025-1018768,2025-09-11,000001,Vente,594750,66,,RUE ROYALE,2648,78000,78646,Versailles,78,,,78646000BV0171,,,51,,,,,,,,,,1,3,Dépendance,,0,,,,,,2.125321,48.796013
2025-1018768,2025-09-11,000001,Vente,594750,66,,RUE ROYALE,2648,78000,78646,Versailles,78,,,78646000BV0171,,,11,,14,,17,,64,,,,4,3,Dépendance,,0,,,,,,2.125321,48.796013
2025-1018768,2025-09-11,000001,Vente,594750,66,,RUE ROYALE,2648,78000,78646,Versailles,78,,,78646000BV0171,,,11,,14,,17,,64,,,,4,3,Dépendance,,0,,,,,,2.125321,48.796013
2025-1018787,2025-09-05,000001,Vente,115000,5,,RUE MAZIERE,1880,78000,78646,Versailles,78,,,78646000AH0110,,,17,12.44,,,,,,,,,1,2,Appartement,11,1,,,,,,2.122467,48.800456
2025-1018818,2025-08-29,000001,Vente,458460.1,27,,RUE JACQUES LEMERCIER,1420,78000,78646,Versailles,78,,,78646000AO0064,,,77,82.5,78,,,,,,,,2,3,Dépendance,,0,,,,,,2.148415,48.815728
2025-1018818,2025-08-29,000001,Vente,458460.1,27,,RUE JACQUES LEMERCIER,1420,78000,78646,Versailles,78,,,78646000AO0064,,,77,82.5,78,,,,,,,,2,2,Appartement,83,5,,,,,,2.148415,48.815728
2025-1018820,2025-09-11,000001,Vente,294968,19,,RUE LAFAYETTE,1580,78000,78646,Versailles,78,,,78646000AC0120,,,20,,4,44.81,,,,,,,2,2,Appartement,48,2,,,,,,2.126387,48.812453
2025-1018820,2025-09-11,000001,Vente,294968,19,,RUE LAFAYETTE,1580,78000,78646,Versailles,78,,,78646000AC0120,,,20,,4,44.81,,,,,,,2,3,Dépendance,,0,,,,,,2.126387,48.812453
2025-1018832,2025-09-10,000001,Vente,512000,59,,RUE ALBERT SARRAUT,0080,78000,78646,Versailles,78,,,78646000BL0488,,,,,,,,,,,,,0,1,Maison,75,3,S,sols,,,250,2.149066,48.793276
2025-1018842,2025-08-28,000001,Vente,903150,100,,AV DE PARIS,2180,78000,78646,Versailles,78,,,78646000BK0002,,,51,104.22,,,,,,,,,1,1,Maison,101,6,,,,,,2.149973,48.797457
2025-1018853,2025-09-15,000001,Vente,40000,13,,RUE DE LA POURVOIERIE,2420,78000,78646,Versailles,78,,,78646000AE0433,,,42,,,,,,,,,,1,4,Local industriel. commercial ou assimilé,18,0,,,,,,2.13194,48.807515
2025-1018873,2025-09-08,000001,Vente,420450,14,,RUE MONTBAURON,1970,78000,78646,Versailles,78,,,78646000BP0017,,,47,,65,,,,,,,,2,3,Dépendance,,0,,,,,,2.135632,48.803902
2025-1018873,2025-09-08,000001,Vente,420450,14,,RUE MONTBAURON,1970,78000,78646,Versailles,78,,,78646000BP0017,,,47,,65,,,,,,,,2,2,Appartement,53,2,,,,,,2.135632,48.803902
2025-1018881,2025-09-01,000001,Vente,174000,16,,RUE DE SATORY,2950,78000,78646,Versailles,78,,,78646000AH0083,,,25,31.49,,,,,,,,,1,3,Dépendance,,0,,,,,,2.124807,48.800699
2025-1018881,2025-09-01,000001,Vente,174000,16,,RUE DE SATORY,2950,78000,78646,Versailles,78,,,78646000AH0083,,,25,31.49,,,,,,,,,1,2,Appartement,22,2,,,,,,2.124807,48.800699
2025-1018881,2025-09-01,000001,Vente,174000,16,,RUE DE SATORY,2950,78000,78646,Versailles,78,,,78646000AH0083,,,25,31.49,,,,,,,,,1,3,Dépendance,,0,,,,,,2.124807,48.800699
2025-1018917,2025-09-16,000001,Vente,460000,9,,AV DE LA TRANQUILLITE,3055,78000,78646,Versailles,78,,,78646000AZ0110,,,26,,64,,,,,,,,2,3,Dépendance,,0,,,,,,2.158672,48.8041
2025-1018917,2025-09-16,000001,Vente,460000,9,,AV DE LA TRANQUILLITE,3055,78000,78646,Versailles,78,,,78646000AZ0110,,,26,,64,,,,,,,,2,2,Appartement,119,5,,,,,,2.158672,48.8041
2025-1018917,2025-09-16,000001,Vente,460000,5,,RUE DE L ECOLE DES POSTES,0850,78000,78646,Versailles,78,,,78646000AZ0110,,,2782,,,,,,,,,,1,3,Dépendance,,0,,,,,,2.158672,48.8041
2025-1018932,2025-09-15,000001,Vente,970000,26,,RUE MADEMOISELLE,1740,78000,78646,Versailles,78,,,78646000AD0235,,,17,,,,,,,,,,1,2,Appartement,125,4,,,,,,2.129771,48.812147
2025-1018932,2025-09-15,000001,Vente,970000,26,,RUE MADEMOISELLE,1740,78000,78646,Versailles,78,,,78646000AD0235,,,29,,,,,,,,,,1,3,Dépendance,,0,,,,,,2.129771,48.812147
2025-1018932,2025-09-15,000001,Vente,970000,26,,RUE MADEMOISELLE,1740,78000,78646,Versailles,78,,,78646000AD0235,,,17,,,,,,,,,,1,3,Dépendance,,0,,,,,,2.129771,48.812147
2025-1018950,2025-09-12,000001,Vente,276000,12,,BD DE LA REPUBLIQUE,2570,78000,78646,Versailles,78,,,78646000AX0107,,,100,,101,,,,,,,,2,2,Appartement,45,2,,,,,,2.146879,48.807155
2025-1018969,2025-09-11,000001,Vente,220000,6,,RUE COSTE,0730,78000,78646,Versailles,78,,,78646000BK0087,,,19,,7,33.66,,,,,,,2,3,Dépendance,,0,,,,,,2.154382,48.795903
2025-1018969,2025-09-11,000001,Vente,220000,6,,RUE COSTE,0730,78000,78646,Versailles,78,,,78646000BK0087,,,19,,7,33.66,,,,,,,2,2,Appartement,30,1,,,,,,2.154382,48.795903
2025-1018969,2025-09-11,000001,Vente,220000,6,,RUE COSTE,0730,78000,78646,Versailles,78,,,78646000BK0087,,,32,,,,,,,,,,1,3,Dépendance,,0,,,,,,2.154382,48.795903
2025-1018990,2025-09-12,000001,Vente,120750,108,,BD DE LA REINE,2520,78000,78646,Versailles,78,,,78646000AX0037,,,104,14.32,,,,,,,,,1,2,Appartement,13,1,,,,,,2.142871,48.807658
2025-1018992,2025-09-09,000001,Vente,280000,17,,RUE DES RESERVOIRS,2580,78000,78646,Versailles,78,,,78646000AC0238,,,55,,56,,,,,,,,2,2,Appartement,28,2,,,,,,2.124388,48.80841
2025-1019000,2025-09-10,000001,Vente,955000,10,,RUE BERTHELOT,0360,78000,78646,Versailles,78,,,78646000BE0102,,,,,,,,,,,,,0,3,Dépendance,,0,S,sols,,,609,2.157717,48.794495
2025-1019000,2025-09-10,000001,Vente,955000,10,,RUE BERTHELOT,0360,78000,78646,Versailles,78,,,78646000BE0102,,,,,,,,,,,,,0,1,Maison,105,6,S,sols,,,609,2.157717,48.794495
2025-1019000,2025-09-10,000001,Vente,955000,10,,RUE BERTHELOT,0360,78000,78646,Versailles,78,,,78646000BE0102,,,,,,,,,,,,,0,3,Dépendance,,0,S,sols,,,609,2.157717,48.794495
2025-1019015,2025-09-01,000001,Vente,1159858.2,21,B,RUE DU MARECHAL GALLIENI,1812,78000,78646,Versailles,78,,,78646000AC0005,,,781,,,,,,,,,,1,3,Dépendance,,0,,,,,,2.123201,48.811375
2025-1019015,2025-09-01,000001,Vente,1159858.2,21,B,RUE DU MARECHAL GALLIENI,1812,78000,78646,Versailles,78,,,78646000AC0005,,,510,,710,,,,,,,,2,3,Dépendance,,0,,,,,,2.123201,48.811375
2025-1019015,2025-09-01,000001,Vente,1159858.2,21,B,RUE DU MARECHAL GALLIENI,1812,78000,78646,Versailles,78,,,78646000AC0005,,,510,,710,,,,,,,,2,2,Appartement,107,4,,,,,,2.123201,48.811375
2025-1019015,2025-09-01,000001,Vente,1159858.2,21,B,RUE DU MARECHAL GALLIENI,1812,78000,78646,Versailles,78,,,78646000AC0005,,,782,,,,,,,,,,1,3,Dépendance,,0,,,,,,2.123201,48.811375
2025-1019020,2025-09-03,000001,Vente,195000,24,,RUE BAILLET REVIRON,0270,78000,78646,Versailles,78,,,78646000AE0056,,,6,24.03,,,,,,,,,1,2,Appartement,25,1,,,,,,2.132551,48.808176
2025-1019031,2025-09-03,000001,Vente,470000,20,,RUE DE PROVENCE,2460,78000,78646,Versailles,78,,,78646000AX0442,,,19,,,,,,,,,,1,3,Dépendance,,0,,,,,,2.140987,48.807165
2025-1019031,2025-09-03,000001,Vente,470000,20,,RUE DE PROVENCE,2460,78000,78646,Versailles,78,,,78646000AX0442,,,321,73.66,,,,,,,,,1,2,Appartement,74,3,,,,,,2.140987,48.807165
2025-1019031,2025-09-03,000001,Vente,470000,20,,RUE DE PROVENCE,2460,78000,78646,Versailles,78,,,78646000AX0442,,,300,,,,,,,,,,1,3,Dépendance,,0,,,,,,2.140987,48.807165
2025-1019050,2025-09-11,000001,Vente,565000,17,,RUE DES RESERVOIRS,2580,78000,78646,Versailles,78,,,78646000AC0238,,,11,90.84,,,,,,,,,1,3,Dépendance,,0,,,,,,2.124388,48.80841
2025-1019050,2025-09-11,000001,Vente,565000,17,,RUE DES RESERVOIRS,2580,78000,78646,Versailles,78,,,78646000AC0238,,,11,90.84,,,,,,,,,1,2,Appartement,95,3,,,,,,2.124388,48.80841
2025-1019073,2025-09-12,000001,Vente,841350,12,,BD DE LA REINE,2520,78000,78646,Versailles,78,,,78646000AC0225,,,12,108.69,5,,7,,,,,,3,3,Dépendance,,0,,,,,,2.124737,48.809342
2025-1019073,2025-09-12,000001,Vente,841350,12,,BD DE LA REINE,2520,78000,78646,Versailles,78,,,78646000AC0225,,,12,108.69,5,,7,,,,,,3,3,Dépendance,,0,,,,,,2.124737,48.809342
2025-1019073,2025-09-12,000001,Vente,841350,12,,BD DE LA REINE,2520,78000,78646,Versailles,78,,,78646000AC0225,,,12,108.69,5,,7,,,,,,3,2,Appartement,115,5,,,,,,2.124737,48.809342
2025-1019090,2025-09-10,000001,Vente,328500,20,,RUE DES BOURDONNAIS,0400,78000,78646,Versailles,78,,,78646000BV0174,,,17,,2,48.07,,,,,,,2,4,Local industriel. commercial ou assimilé,50,0,,,,,,2.124949,48.795727
2025-1019107,2025-09-10,000001,Vente,209621.2,1,,RUE BORGNIS DESBORDES,0395,78000,78646,Versailles,78,,,78646000BW0225,,,2018,32.18,,,,,,,,,1,2,Appartement,32,1,,,,,,2.122858,48.795353
2025-1019135,2025-09-10,000001,Vente,455000,14,,ALL DES GARDES ROYALES,1136,78000,78646,Versailles,78,,,78646000AY0212,,,359,72.68,383,,,,,,,,2,3,Dépendance,,0,,,,,,2.151214,48.802177
2025-1019135,2025-09-10,000001,Vente,455000,2,,ALL DES GARDES ROYALES,1136,78000,78646,Versailles,78,,,78646000AY0212,,,1150,,,,,,,,,,1,3,Dépendance,,0,,,,,,2.151214,48.802177
2025-1019135,2025-09-10,000001,Vente,455000,14,,ALL DES GARDES ROYALES,1136,78000,78646,Versailles,78,,,78646000AY0212,,,359,72.68,383,,,,,,,,2,2,Appartement,70,3,,,,,,2.151214,48.802177
2025-1019135,2025-09-10,000001,Vente,455000,14,,ALL DES GARDES ROYALES,1136,78000,78646,Versailles,78,,,78646000AY0212,,,359,72.68,383,,,,,,,,2,3,Dépendance,,0,,,,,,2.151214,48.802177
2025-1019139,2025-09-08,000001,Vente,575000,7,,AV DE L AMIRAL SERRE,0150,78000,78646,Versailles,78,,,78646000AL0138,,,519,,,,,,,,,,1,3,Dépendance,,0,,,,,,2.139473,48.817747
2025-1019139,2025-09-08,000001,Vente,575000,7,,AV DE L AMIRAL SERRE,0150,78000,78646,Versailles,78,,,78646000AL0138,,,111,88.04,,,,,,,,,1,2,Appartement,89,4,,,,,,2.139473,48.817747
2025-1019139,2025-09-08,000001,Vente,575000,7,,AV DE L AMIRAL SERRE,0150,78000,78646,Versailles,78,,,78646000AL0138,,,111,88.04,,,,,,,,,1,3,Dépendance,,0,,,,,,2.139473,48.817747
2025-1019151,2025-09-19,000001,Vente,24000,21,B,RUE DU MARECHAL GALLIENI,1812,78000,78646,Versailles,78,,,78646000AC0005,,,1288,,,,,,,,,,1,3,Dépendance,,0,,,,,,2.123201,48.811375
2025-1019249,2025-08-26,000001,Vente,874510,8,,RUE ALBERT JOLY,0050,78000,78646,Versailles,78,,,78646000AK0229,,,16,,,,,,,,,,1,3,Dépendance,,0,,,,,,2.135908,48.810277
2025-1019249,2025-08-26,000001,Vente,874510,8,,RUE ALBERT JOLY,0050,78000,78646,Versailles,78,,,78646000AK0229,,,37,,8,124,,,,,,,2,2,Appartement,130,5,,,,,,2.135908,48.810277
2025-1019249,2025-08-26,000001,Vente,874510,8,,RUE ALBERT JOLY,0050,78000,78646,Versailles,78,,,78646000AK0229,,,92,,,,,,,,,,1,3,Dépendance,,0,,,,,,2.135908,48.810277
2025-1019249,2025-08-26,000001,Vente,874510,8,,RUE ALBERT JOLY,0050,78000,78646,Versailles,78,,,78646000AK0229,,,37,,8,124,,,,,,,2,3,Dépendance,,0,,,,,,2.135908,48.810277
2025-1019249,2025-08-26,000001,Vente,874510,8,,RUE ALBERT JOLY,0050,78000,78646,Versailles,78,,,78646000AK0229,,,37,,8,124,,,,,,,2,3,Dépendance,,0,,,,,,2.135908,48.810277
2025-1019249,2025-08-26,000001,Vente,874510,8,,RUE ALBERT JOLY,0050,78000,78646,Versailles,78,,,78646000AK0229,,,77,,,,,,,,,,1,3,Dépendance,,0,,,,,,2.135908,48.810277
2025-1019259,2025-08-26,000001,Vente,101500,12,,AV DE PORCHEFONTAINE,2380,78000,78646,Versailles,78,,,78646000BK0021,,,281,15.11,,,,,,,,,1,3,Dépendance,,0,,,,,,2.152071,48.797176
2025-1019261,2025-09-22,000001,Vente,1445000,36,,RUE DE LA BONNE AVENTURE,0390,78000,78646,Versailles,78,,,78646000AX0136,,,,,,,,,,,,,0,3,Dépendance,,0,S,sols,,,415,2.147668,48.806096
2025-1019261,2025-09-22,000001,Vente,1445000,36,,RUE DE LA BONNE AVENTURE,0390,78000,78646,Versailles,78,,,78646000AX0136,,,,,,,,,,,,,0,3,Dépendance,,0,S,sols,,,415,2.147668,48.806096
2025-1019261,2025-09-22,000001,Vente,1445000,36,,RUE DE LA BONNE AVENTURE,0390,78000,78646,Versailles,78,,,78646000AX0136,,,,,,,,,,,,,0,3,Dépendance,,0,S,sols,,,415,2.147668,48.806096
2025-1019261,2025-09-22,000001,Vente,1445000,36,,RUE DE LA BONNE AVENTURE,0390,78000,78646,Versailles,78,,,78646000AX0136,,,,,,,,,,,,,0,3,Dépendance,,0,S,sols,,,415,2.147668,48.806096
2025-1019261,2025-09-22,000001,Vente,1445000,36,,RUE DE LA BONNE AVENTURE,0390,78000,78646,Versailles,78,,,78646000AX0136,,,,,,,,,,,,,0,2,Appartement,68,3,S,sols,,,415,2.147668,48.806096
2025-1019261,2025-09-22,000001,Vente,1445000,36,,RUE DE LA BONNE AVENTURE,0390,78000,78646,Versailles,78,,,78646000AX0136,,,,,,,,,,,,,0,2,Appartement,67,4,S,sols,,,415,2.147668,48.806096
2025-1019261,2025-09-22,000001,Vente,1445000,36,,RUE DE LA BONNE AVENTURE,0390,78000,78646,Versailles,78,,,78646000AX0136,,,,,,,,,,,,,0,3,Dépendance,,0,S,sols,,,415,2.147668,48.806096
2025-1019261,2025-09-22,000001,Vente,1445000,36,,RUE DE LA BONNE AVENTURE,0390,78000,78646,Versailles,78,,,78646000AX0136,,,,,,,,,,,,,0,3,Dépendance,,0,S,sols,,,415,2.147668,48.806096
2025-1019261,2025-09-22,000001,Vente,1445000,36,,RUE DE LA BONNE AVENTURE,0390,78000,78646,Versailles,78,,,78646000AX0136,,,,,,,,,,,,,0,2,Appartement,74,4,S,sols,,,415,2.147668,48.806096
2025-1019261,2025-09-22,000001,Vente,1445000,36,,RUE DE LA BONNE AVENTURE,0390,78000,78646,Versailles,78,,,78646000AX0136,,,,,,,,,,,,,0,3,Dépendance,,0,S,sols,,,415,2.147668,48.806096
2025-1019298,2025-09-12,000001,Vente,418000,5,,RUE DE L ECOLE DES POSTES,0850,78000,78646,Versailles,78,,,78646000AZ0110,,,3894,,,,,,,,,,1,3,Dépendance,,0,,,,,,2.158672,48.8041
2025-1019298,2025-09-12,000001,Vente,418000,12,,PROM MONA LISA,1965,78000,78646,Versailles,78,,,78646000AZ0110,,,1843,,1954,101.08,,,,,,,2,3,Dépendance,,0,,,,,,2.158672,48.8041
2025-1019298,2025-09-12,000001,Vente,418000,12,,PROM MONA LISA,1965,78000,78646,Versailles,78,,,78646000AZ0110,,,1843,,1954,101.08,,,,,,,2,2,Appartement,102,4,,,,,,2.158672,48.8041
2025-1019299,2025-08-21,000001,Vente,1000000,10,,RUE NEUVE NOTRE DAME,2040,78000,78646,Versailles,78,,,78646000AE0153,,,10,,19,,23,,6,143.3,,,4,3,Dépendance,,0,,,,,,2.127317,48.808461
2025-1019299,2025-08-21,000001,Vente,1000000,10,,RUE NEUVE NOTRE DAME,2040,78000,78646,Versailles,78,,,78646000AE0153,,,10,,19,,23,,6,143.3,,,4,3,Dépendance,,0,,,,,,2.127317,48.808461
2025-1019299,2025-08-21,000001,Vente,1000000,10,,RUE NEUVE NOTRE DAME,2040,78000,78646,Versailles,78,,,78646000AE0153,,,7,18.2,,,,,,,,,1,3,Dépendance,,0,,,,,,2.127317,48.808461
2025-1019299,2025-08-21,000001,Vente,1000000,10,,RUE NEUVE NOTRE DAME,2040,78000,78646,Versailles,78,,,78646000AE0153,,,10,,19,,23,,6,143.3,,,4,2,Appartement,162,6,,,,,,2.127317,48.808461
2025-1019299,2025-08-21,000001,Vente,1000000,10,,RUE NEUVE NOTRE DAME,2040,78000,78646,Versailles,78,,,78646000AE0153,,,8,8.5,,,,,,,,,1,3,Dépendance,,0,,,,,,2.127317,48.808461
2025-1019301,2025-09-04,000001,Vente,630000,22,B,RUE DES RESERVOIRS,2580,78000,78646,Versailles,78,,,78646000AE0175,,,22,,,,,,,,,,1,3,Dépendance,,0,,,,,,2.124804,48.807568
2025-1019301,2025-09-04,000001,Vente,630000,22,,RUE DES RESERVOIRS,2580,78000,78646,Versailles,78,,,78646000AE0175,,,5,73.75,,,,,,,,,1,2,Appartement,79,4,,,,,,2.124804,48.807568
2025-1019301,2025-09-04,000001,Vente,630000,22,,RUE DES RESERVOIRS,2580,78000,78646,Versailles,78,,,78646000AE0175,,,5,73.75,,,,,,,,,1,3,Dépendance,,0,,,,,,2.124804,48.807568
2025-1019303,2025-09-22,000001,Vente,253000,3,,RUE BORGNIS DESBORDES,0395,78000,78646,Versailles,78,,,78646000BW0076,,,17,31.11,30,,35,,,,,,3,3,Dépendance,,0,,,,,,2.12329,48.795173
2025-1019303,2025-09-22,000001,Vente,253000,3,,RUE BORGNIS DESBORDES,0395,78000,78646,Versailles,78,,,78646000BW0076,,,17,31.11,30,,35,,,,,,3,2,Appartement,30,2,,,,,,2.12329,48.795173
2025-1019303,2025-09-22,000001,Vente,253000,3,,RUE BORGNIS DESBORDES,0395,78000,78646,Versailles,78,,,78646000BW0076,,,17,31.11,30,,35,,,,,,3,3,Dépendance,,0,,,,,,2.12329,48.795173
2025-1019327,2025-09-19,000001,Vente,379400,1,,RUE DE NOAILLES,2050,78000,78646,Versailles,78,,,78646000BR0088,,,17,,18,,,,,,,,2,2,Appartement,65,4,,,,,,2.136197,48.8
2025-1019327,2025-09-19,000001,Vente,379400,1,,RUE DE NOAILLES,2050,78000,78646,Versailles,78,,,78646000BR0088,,,17,,18,,,,,,,,2,3,Dépendance,,0,,,,,,2.136197,48.8
2025-1019336,2025-09-19,000001,Vente,1058120,14,B,RUE RACINE,2480,78000,78646,Versailles,78,,,78646000BL0262,,,,,,,,,,,,,0,1,Maison,106,4,S,sols,,,214,2.145637,48.793804
2025-1019339,2025-09-03,000001,Vente,622370,18,,RUE DE LA PAROISSE,2190,78000,78646,Versailles,78,,,78646000AE0184,,,31,80.08,,,,,,,,,1,2,Appartement,95,4,,,,,,2.126533,48.807774
2025-1019346,2025-09-11,000001,Vente,421816,14,,RUE BAILLET REVIRON,0270,78000,78646,Versailles,78,,,78646000AE0096,,,12,,2,64.3,,,,,,,2,3,Dépendance,,0,,,,,,2.131553,48.808172
2025-1019346,2025-09-11,000001,Vente,421816,14,,RUE BAILLET REVIRON,0270,78000,78646,Versailles,78,,,78646000AE0096,,,12,,2,64.3,,,,,,,2,2,Appartement,61,4,,,,,,2.131553,48.808172
2025-1019351,2025-09-12,000001,Vente,683200,48,,AV DE SCEAUX,2980,78000,78646,Versailles,78,,,78646000BT0064,,,6,83.51,,,,,,,,,1,3,Dépendance,,0,,,,,,2.130533,48.796717
2025-1019351,2025-09-12,000001,Vente,683200,48,,AV DE SCEAUX,2980,78000,78646,Versailles,78,,,78646000BT0064,,,12,,,,,,,,,,1,3,Dépendance,,0,,,,,,2.130533,48.796717
2025-1019351,2025-09-12,000001,Vente,683200,48,,AV DE SCEAUX,2980,78000,78646,Versailles,78,,,78646000BT0064,,,6,83.51,,,,,,,,,1,2,Appartement,79,4,,,,,,2.130533,48.796717
2025-1019355,2025-09-17,000001,Vente,25000,72,,RUE D ANJOU,0190,78000,78646,Versailles,78,,,78646000BT0094,,,39,,,,,,,,,,1,3,Dépendance,,0,,,,,,2.128197,48.79605
2025-1019360,2025-09-22,000001,Vente,329000,10,,RUE DU GENERAL LECLERC,1145,78000,78646,Versailles,78,,,78646000BV0062,,,28,51.06,,,,,,,,,1,4,Local industriel. commercial ou assimilé,51,0,,,,,,2.125267,48.799157
2025-1019370,2025-09-25,000001,Vente,250000,1,,ALL LA BRUYERE,1557,78000,78646,Versailles,78,,,78646000AO0205,,,1847,,,,,,,,,,1,3,Dépendance,,0,,,,,,2.146857,48.813978
2025-1019370,2025-09-25,000001,Vente,250000,5,,ALL LA BRUYERE,1557,78000,78646,Versailles,78,,,78646000AO0205,,,1397,,1597,,,,,,,,2,2,Appartement,44,2,,,,,,2.146857,48.813978
2025-1019370,2025-09-25,000001,Vente,250000,5,,ALL LA BRUYERE,1557,78000,78646,Versailles,78,,,78646000AO0205,,,1397,,1597,,,,,,,,2,3,Dépendance,,0,,,,,,2.146857,48.813978
2025-1019411,2025-09-23,000001,Vente,30000,19,,RUE LAFAYETTE,1580,78000,78646,Versailles,78,,,78646000AC0120,,,46,,,,,,,,,,1,3,Dépendance,,0,,,,,,2.126387,48.812453
2025-1019412,2025-09-05,000001,Vente,524038,3,,RUE JEAN DE LA BRUYERE,1560,78000,78646,Versailles,78,,,78646000AO0005,,,20,,70,,,,,,,,2,2,Appartement,106,3,,,,,,2.145809,48.814826
2025-1019412,2025-09-05,000001,Vente,524038,3,,RUE JEAN DE LA BRUYERE,1560,78000,78646,Versailles,78,,,78646000AO0005,,,54,,,,,,,,,,1,3,Dépendance,,0,,,,,,2.145809,48.814826
2025-1019412,2025-09-05,000001,Vente,524038,3,,RUE JEAN DE LA BRUYERE,1560,78000,78646,Versailles,78,,,78646000AO0005,,,20,,70,,,,,,,,2,3,Dépendance,,0,,,,,,2.145809,48.814826
2025-1019466,2025-09-10,000001,Vente,275000,23,,RUE REMILLY,2530,78000,78646,Versailles,78,,,78646000AK0051,,,21,40.56,7,,,,,,,,2,3,Dépendance,,0,,,,,,2.138492,48.811788
2025-1019466,2025-09-10,000001,Vente,275000,23,,RUE REMILLY,2530,78000,78646,Versailles,78,,,78646000AK0051,,,29,,,,,,,,,,1,3,Dépendance,,0,,,,,,2.138492,48.811788
2025-1019466,2025-09-10,000001,Vente,275000,23,,RUE REMILLY,2530,78000,78646,Versailles,78,,,78646000AK0051,,,21,40.56,7,,,,,,,,2,2,Appartement,42,2,,,,,,2.138492,48.811788
2025-1019468,2025-09-22,000001,Vente,775000,77,,AV DU LOUVRE,1705,78000,78646,Versailles,78,,,78646000BC0085,,,,,,,,,,,,,0,1,Maison,92,4,S,sols,,,297,2.160034,48.800888
2025-1019477,2025-09-09,000001,Vente,175400,14,,RUE DU MARECHAL GALLIENI,1812,78000,78646,Versailles,78,,,78646000AC0208,,,15,23.15,4,,,,,,,,2,2,Appartement,28,1,,,,,,2.124411,48.811355
2025-1019477,2025-09-09,000001,Vente,175400,14,,RUE DU MARECHAL GALLIENI,1812,78000,78646,Versailles,78,,,78646000AC0208,,,15,23.15,4,,,,,,,,2,3,Dépendance,,0,,,,,,2.124411,48.811355
2025-1019488,2025-09-05,000001,Vente,893000,9,,PL ALEXANDRE 1E LOUIS BARTHOU,0100,78000,78646,Versailles,78,,,78646000AX0489,,,109,,271,144.16,,,,,,,2,3,Dépendance,,0,,,,,,2.140761,48.806449
2025-1019488,2025-09-05,000001,Vente,893000,9,,PL ALEXANDRE 1E LOUIS BARTHOU,0100,78000,78646,Versailles,78,,,78646000AX0489,,,175,,,,,,,,,,1,3,Dépendance,,0,,,,,,2.140761,48.806449
2025-1019488,2025-09-05,000001,Vente,893000,9,,PL ALEXANDRE 1E LOUIS BARTHOU,0100,78000,78646,Versailles,78,,,78646000AX0489,,,109,,271,144.16,,,,,,,2,2,Appartement,144,6,,,,,,2.140761,48.806449
2025-1019488,2025-09-05,000001,Vente,893000,9,,PL ALEXANDRE 1E LOUIS BARTHOU,0100,78000,78646,Versailles,78,,,78646000AX0489,,,176,,,,,,,,,,1,3,Dépendance,,0,,,,,,2.140761,48.806449
2025-1019558,2025-09-11,000001,Vente,1868150,18,,RUE SAINTE SOPHIE,2890,78000,78646,Versailles,78,,,78646000AD0311,,,126,,,,,,,,,,1,3,Dépendance,,0,,,,,,2.133996,48.811487
2025-1019558,2025-09-11,000001,Vente,1868150,5,B,RUE SAINTE VICTOIRE,2920,78000,78646,Versailles,78,,,78646000AD0455,,,,,,,,,,,,,0,1,Maison,145,4,S,sols,,,274,2.13119,48.809993
2025-1019561,2025-09-15,000001,Vente,1915250,7,,RUE RICHAUD,2610,78000,78646,Versailles,78,,,78646000AI0313,,,367,,,,,,,,,,1,3,Dépendance,,0,,,,,,2.135209,48.807376
2025-1019561,2025-09-15,000001,Vente,1915250,7,,RUE RICHAUD,2610,78000,78646,Versailles,78,,,78646000AI0313,,,368,,,,,,,,,,1,3,Dépendance,,0,,,,,,2.135209,48.807376
2025-1019561,2025-09-15,000001,Vente,1915250,5,A,RUE RICHAUD,2610,78000,78646,Versailles,78,,,78646000AI0316,,,4,,84,,,,,,,,2,3,Dépendance,,0,,,,,,2.134167,48.807966
2025-1019561,2025-09-15,000001,Vente,1915250,5,A,RUE RICHAUD,2610,78000,78646,Versailles,78,,,78646000AI0316,,,4,,84,,,,,,,,2,2,Appartement,170,5,,,,,,2.134167,48.807966
2025-1019562,2025-09-17,000001,Vente,1264423,18,B,AV DU MAL DOUGLAS HAIG,1795,78000,78646,Versailles,78,,,78646000AO0158,,,1,,,,,,,,,,1,1,Maison,170,7,,,,,,2.146133,48.819327
2025-1019570,2025-09-17,000001,Vente,350000,80,,RUE D ANJOU,0190,78000,78646,Versailles,78,,,78646000BT0087,,,37,45.15,,,,,,,,,1,3,Dépendance,,0,,,,,,2.12899,48.795813
2025-1019570,2025-09-17,000001,Vente,350000,80,,RUE D ANJOU,0190,78000,78646,Versailles,78,,,78646000BT0087,,,37,45.15,,,,,,,,,1,2,Appartement,35,2,,,,,,2.12899,48.795813
2025-1019571,2025-09-19,000001,Vente,450000,97,,RUE YVES LE COZ,3210,78000,78646,Versailles,78,,,78646000BE0462,,,12,87.01,,,,,,,,,1,2,Appartement,87,4,,,,,,2.155854,48.794729
2025-1019571,2025-09-19,000001,Vente,450000,97,,RUE YVES LE COZ,3210,78000,78646,Versailles,78,,,78646000BE0462,,,47,,,,,,,,,,1,3,Dépendance,,0,,,,,,2.155854,48.794729
2025-1019616,2025-09-01,000001,Vente,327000,41,,BD DU ROI,2641,78000,78646,Versailles,78,,,78646000AC0107,,,1,64.5,,,,,,,,,1,2,Appartement,65,3,,,,,,2.12804,48.814598
2025-1019616,2025-09-01,000001,Vente,327000,41,,BD DU ROI,2641,78000,78646,Versailles,78,,,78646000AC0107,,,1,64.5,,,,,,,,,1,3,Dépendance,,0,,,,,,2.12804,48.814598
2025-1019645,2025-09-29,000001,Vente,90000,6,,RUE DU MARECHAL GALLIENI,1812,78000,78646,Versailles,78,,,78646000AC0194,,,6,,,,,,,,,,1,3,Dépendance,,0,,,,,,2.124471,48.810515
2025-1019645,2025-09-29,000001,Vente,90000,6,,RUE DU MARECHAL GALLIENI,1812,78000,78646,Versailles,78,,,78646000AC0194,,,8,,,,,,,,,,1,3,Dépendance,,0,,,,,,2.124471,48.810515
2025-1019645,2025-09-29,000001,Vente,90000,6,,RUE DU MARECHAL GALLIENI,1812,78000,78646,Versailles,78,,,78646000AC0194,,,7,,,,,,,,,,1,3,Dépendance,,0,,,,,,2.124471,48.810515
2025-1019645,2025-09-29,000001,Vente,90000,6,,RUE DU MARECHAL GALLIENI,1812,78000,78646,Versailles,78,,,78646000AC0194,,,9,,,,,,,,,,1,3,Dépendance,,0,,,,,,2.124471,48.810515
2025-1019645,2025-09-29,000001,Vente,90000,6,,RUE DU MARECHAL GALLIENI,1812,78000,78646,Versailles,78,,,78646000AC0194,,,11,,,,,,,,,,1,3,Dépendance,,0,,,,,,2.124471,48.810515
2025-1019698,2025-09-29,000001,Vente,800369,29,,AV DE PARIS,2180,78000,78646,Versailles,78,,,78646000BP0149,,,54,,,,,,,,,,1,3,Dépendance,,0,,,,,,2.136424,48.801198
2025-1019698,2025-09-29,000001,Vente,800369,29,,AV DE PARIS,2180,78000,78646,Versailles,78,,,78646000BP0149,,,19,122.65,2,,,,,,,,2,2,Appartement,120,6,,,,,,2.136424,48.801198
2025-1019698,2025-09-29,000001,Vente,800369,29,,AV DE PARIS,2180,78000,78646,Versailles,78,,,78646000BP0149,,,19,122.65,2,,,,,,,,2,3,Dépendance,,0,,,,,,2.136424,48.801198
2025-1019701,2025-09-26,000001,Vente,993900,1,,RUE DE VERDUN,3140,78000,78646,Versailles,78,,,78646000AY0125,,,,,,,,,,,,,0,1,Maison,75,4,S,sols,,,269,2.150164,48.800322
2025-1019733,2025-09-16,000001,Vente,635000,1,,RUE DE LA PAROISSE,2190,78000,78646,Versailles,78,,,78646000AC0234,,,32,,35,80.02,,,,,,,2,2,Appartement,79,3,,,,,,2.124461,48.80894
2025-1019758,2025-10-01,000001,Vente,19100,21,,BD ST ANTOINE,2690,78000,78646,Versailles,78,,,78646000AC0054,,,530,,,,,,,,,,1,3,Dépendance,,0,,,,,,2.125692,48.815948
2025-1019780,2025-09-26,000001,Vente,1067000,4,,BD DU ROI,2641,78000,78646,Versailles,78,,,78646000AD0007,,,28,162,31,,32,,,,,,3,2,Appartement,150,5,,,,,,2.126359,48.810018
2025-1019780,2025-09-26,000001,Vente,1067000,4,,BD DU ROI,2641,78000,78646,Versailles,78,,,78646000AD0007,,,28,162,31,,32,,,,,,3,3,Dépendance,,0,,,,,,2.126359,48.810018
2025-1019781,2025-09-30,000001,Vente,525000,44,,RUE CHAMP LAGARDE,0490,78000,78646,Versailles,78,,,78646000AY0247,,,172,,,,,,,,,,1,3,Dépendance,,0,,,,,,2.147703,48.801276
2025-1019781,2025-09-30,000001,Vente,525000,44,,RUE CHAMP LAGARDE,0490,78000,78646,Versailles,78,,,78646000AY0247,,,123,63.08,126,,,,,,,,2,2,Appartement,71,3,,,,,,2.147703,48.801276
2025-1019813,2025-09-22,000001,Vente,210000,8,,RUE DES PETITS BOIS,2250,78000,78646,Versailles,78,,,78646000AZ0182,,,40,,,,,,,,,,1,3,Dépendance,,0,,,,,,2.157795,48.806419
2025-1019813,2025-09-22,000001,Vente,210000,8,,RUE DES PETITS BOIS,2250,78000,78646,Versailles,78,,,78646000AZ0182,,,14,43.72,,,,,,,,,1,2,Appartement,43,2,,,,,,2.157795,48.806419
2025-1019813,2025-09-22,000001,Vente,210000,8,,RUE DES PETITS BOIS,2250,78000,78646,Versailles,78,,,78646000AZ0182,,,14,43.72,,,,,,,,,1,3,Dépendance,,0,,,,,,2.157795,48.806419
2025-1019820,2025-09-09,000001,Vente,300000,15,,RUE DU MAL FOCH,1810,78000,78646,Versailles,78,,,78646000AE0286,,,44,,9,48.91,,,,,,,2,3,Dépendance,,0,,,,,,2.131178,48.805884
2025-1019820,2025-09-09,000001,Vente,300000,15,,RUE DU MAL FOCH,1810,78000,78646,Versailles,78,,,78646000AE0286,,,44,,9,48.91,,,,,,,2,2,Appartement,48,2,,,,,,2.131178,48.805884
2025-1019822,2025-09-04,000001,Vente,481050,4,,ALL LA BRUYERE,1557,78000,78646,Versailles,78,,,78646000AO0205,,,1372,79.62,1572,,,,,,,,2,2,Appartement,82,4,,,,,,2.146857,48.813978
2025-1019822,2025-09-04,000001,Vente,481050,1,,ALL LA BRUYERE,1557,78000,78646,Versailles,78,,,78646000AO0205,,,1687,,,,,,,,,,1,3,Dépendance,,0,,,,,,2.146857,48.813978
2025-1019822,2025-09-04,000001,Vente,481050,4,,ALL LA BRUYERE,1557,78000,78646,Versailles,78,,,78646000AO0205,,,1372,79.62,1572,,,,,,,,2,3,Dépendance,,0,,,,,,2.146857,48.813978
2025-1019894,2025-09-25,000001,Vente,27000,1,,RUE DE L ASSEMBLEE NATIONALE,0230,78000,78646,Versailles,78,,,78646000BR0054,,,134,,,,,,,,,,1,3,Dépendance,,0,,,,,,2.13419,48.800225
2025-1019898,2025-09-29,000001,Vente,30000,51,,AV DE SAINT CLOUD,2730,78000,78646,Versailles,78,,,78646000AI0139,,,46,,,,,,,,,,1,3,Dépendance,,0,,,,,,2.133856,48.805645
2025-1019918,2025-10-02,000001,Vente,298100,59,,AV DES ETATS UNIS,0990,78000,78646,Versailles,78,,,78646000AS0054,,,224,71.2,,,,,,,,,1,2,Appartement,70,4,,,,,,2.152632,48.814149
2025-1019918,2025-10-02,000001,Vente,298100,59,,AV DES ETATS UNIS,0990,78000,78646,Versailles,78,,,78646000AS0054,,,365,,,,,,,,,,1,3,Dépendance,,0,,,,,,2.152632,48.814149
2025-1019918,2025-10-02,000001,Vente,298100,59,,AV DES ETATS UNIS,0990,78000,78646,Versailles,78,,,78646000AS0054,,,224,71.2,,,,,,,,,1,3,Dépendance,,0,,,,,,2.152632,48.814149
2025-1019921,2025-09-22,000001,Vente,145000,2,,CHE DE FAUSSES REPOSES,1030,78000,78646,Versailles,78,,,78646000AV0074,,,9,27.76,,,,,,,,,1,2,Appartement,28,2,,,,,,2.152664,48.808952
2025-1019921,2025-09-22,000001,Vente,145000,2,,CHE DE FAUSSES REPOSES,1030,78000,78646,Versailles,78,,,78646000AV0074,,,9,27.76,,,,,,,,,1,3,Dépendance,,0,,,,,,2.152664,48.808952
2025-1019927,2025-09-17,000001,Vente,272300,59,,AV DES ETATS UNIS,0990,78000,78646,Versailles,78,,,78646000AS0054,,,322,,,,,,,,,,1,3,Dépendance,,0,,,,,,2.152632,48.814149
2025-1019927,2025-09-17,000001,Vente,272300,59,,AV DES ETATS UNIS,0990,78000,78646,Versailles,78,,,78646000AS0054,,,181,,,,,,,,,,1,3,Dépendance,,0,,,,,,2.152632,48.814149
2025-1019927,2025-09-17,000001,Vente,272300,59,,AV DES ETATS UNIS,0990,78000,78646,Versailles,78,,,78646000AS0054,,,181,,,,,,,,,,1,2,Appartement,67,4,,,,,,2.152632,48.814149
2025-1019928,2025-10-03,000001,Vente,25000,26,B,RUE SAINTE SOPHIE,2890,78000,78646,Versailles,78,,,78646000AD0513,,,109,,,,,,,,,,1,3,Dépendance,,0,,,,,,2.134748,48.813658
2025-1019932,2025-09-29,000001,Vente,464600,10,,BD DU ROI,2641,78000,78646,Versailles,78,,,78646000AD0012,,,36,,83,66.05,,,,,,,2,3,Dépendance,,0,,,,,,2.126641,48.810481
2025-1019932,2025-09-29,000001,Vente,464600,10,,BD DU ROI,2641,78000,78646,Versailles,78,,,78646000AD0012,,,36,,83,66.05,,,,,,,2,2,Appartement,85,3,,,,,,2.126641,48.810481
2025-1019933,2025-09-22,000001,Vente,747000,2,,RUE ALBERT JOLY,0050,78000,78646,Versailles,78,,,78646000AK0155,,,27,,,,,,,,,,1,3,Dépendance,,0,,,,,,2.134916,48.810644
2025-1019933,2025-09-22,000001,Vente,747000,2,,RUE ALBERT JOLY,0050,78000,78646,Versailles,78,,,78646000AK0155,,,16,,22,,,,,,,,2,3,Dépendance,,0,,,,,,2.134916,48.810644
2025-1019933,2025-09-22,000001,Vente,747000,2,,RUE ALBERT JOLY,0050,78000,78646,Versailles,78,,,78646000AK0155,,,16,,22,,,,,,,,2,2,Appartement,100,5,,,,,,2.134916,48.810644
2025-1019944,2025-09-29,000001,Vente,150000,25,,RUE DE NOAILLES,2050,78000,78646,Versailles,78,,,78646000BR0120,,,1,16.01,13,,,,,,,,2,4,Local industriel. commercial ou assimilé,26,0,,,,,,2.135211,48.798207
2025-1019956,2025-09-30,000001,Vente en l'état futur d'achèvement,615000,4,,PROM DE GALLY,1141,78000,78646,Versailles,78,,,78646000BY0121,,,26,,,,,,,,,,1,,,,,,,,,,2.079148,48.803081
2025-1019958,2025-09-04,000001,Vente,300000,19,,RUE DES PRES AUX BOIS,2430,78000,78646,Versailles,78,,,78646000BC0073,,,12,51.84,,,,,,,,,1,1,Maison,50,2,,,,,,2.159249,48.800346
2025-1019959,2025-09-30,000001,Vente en l'état futur d'achèvement,25000,8,,ALL DU CORDON BOISE,0714,78000,78646,Versailles,78,,,78646000BY0110,,,144,,,,,,,,,,1,,,,,,,,,,2.078228,48.802624
2025-1019960,2025-09-18,000001,Vente,60000,38,,BD DU ROI,2641,78000,78646,Versailles,78,,,78646000AD0407,,,196,,,,,,,,,,1,3,Dépendance,,0,,,,,,2.129146,48.814076
2025-1019960,2025-09-18,000001,Vente,60000,7,,RUE DES MISSIONNAIRES,1920,78000,78646,Versailles,78,,,78646000AD0439,,,53,,,,,,,,,,1,3,Dépendance,,0,,,,,,2.129106,48.813434
2025-1019962,2025-09-19,000001,Vente,209200,36,B,RUE MARIE HENRIETTE,1850,78000,78646,Versailles,78,,,78646000AV0103,,,13,44.11,4,,,,,,,,2,2,Appartement,50,2,,,,,,2.154105,48.811288
2025-1019962,2025-09-19,000001,Vente,209200,36,B,RUE MARIE HENRIETTE,1850,78000,78646,Versailles,78,,,78646000AV0103,,,13,44.11,4,,,,,,,,2,3,Dépendance,,0,,,,,,2.154105,48.811288
2025-1019978,2025-09-25,000001,Vente,205670,39,,RUE DE VERGENNES,3150,78000,78646,Versailles,78,,,78646000BN0178,,,1,27.01,27,,,,,,,,2,2,Appartement,18,1,,,,,,2.137889,48.797558
2025-1019984,2025-09-16,000001,Vente,200000,4,,RUE ALBERT SAMAIN,0070,78000,78646,Versailles,78,,,78646000BW0181,,,18,,32,36.48,,,,,,,2,2,Appartement,37,1,,,,,,2.122783,48.794217
2025-1019984,2025-09-16,000001,Vente,200000,4,,RUE ALBERT SAMAIN,0070,78000,78646,Versailles,78,,,78646000BW0181,,,18,,32,36.48,,,,,,,2,3,Dépendance,,0,,,,,,2.122783,48.794217
2025-1019984,2025-09-16,000001,Vente,200000,4,,RUE ALBERT SAMAIN,0070,78000,78646,Versailles,78,,,78646000BW0181,,,8,,,,,,,,,,1,3,Dépendance,,0,,,,,,2.122783,48.794217
2025-1019986,2025-09-29,000001,Vente,361100,62,,RUE DES CHANTIERS,0530,78000,78646,Versailles,78,,,78646000BL0327,,,264,,99,81.86,,,,,,,2,3,Dépendance,,0,,,,,,2.142467,48.792993
2025-1019986,2025-09-29,000001,Vente,361100,62,,RUE DES CHANTIERS,0530,78000,78646,Versailles,78,,,78646000BL0327,,,264,,99,81.86,,,,,,,2,2,Appartement,83,4,,,,,,2.142467,48.792993
2025-1019986,2025-09-29,000001,Vente,361100,62,,RUE DES CHANTIERS,0530,78000,78646,Versailles,78,,,78646000BL0327,,,365,,,,,,,,,,1,3,Dépendance,,0,,,,,,2.142467,48.792993
2025-1020005,2025-09-18,000001,Vente,497700,32,,RUE DE L ORANGERIE,2110,78000,78646,Versailles,78,,,78646000BV0023,,,4,113.74,,,,,,,,,1,3,Dépendance,,0,,,,,,2.12323,48.799639
2025-1020005,2025-09-18,000001,Vente,497700,32,,RUE DE L ORANGERIE,2110,78000,78646,Versailles,78,,,78646000BV0023,,,4,113.74,,,,,,,,,1,2,Appartement,104,3,,,,,,2.12323,48.799639
2025-1020005,2025-09-18,000001,Vente,497700,32,,RUE DE L ORANGERIE,2110,78000,78646,Versailles,78,,,78646000BV0023,,,4,113.74,,,,,,,,,1,3,Dépendance,,0,,,,,,2.12323,48.799639
2025-1020022,2025-09-26,000001,Vente,175000,25,,RUE SAINT HONORE,2780,78000,78646,Versailles,78,,,78646000BV0146,,,8,21.08,,,,,,,,,1,2,Appartement,21,1,,,,,,2.124645,48.797086
2025-1020036,2025-09-10,000001,Vente,535000,7,,AV DE L AMIRAL SERRE,0150,78000,78646,Versailles,78,,,78646000AL0138,,,501,,,,,,,,,,1,3,Dépendance,,0,,,,,,2.139473,48.817747
2025-1020036,2025-09-10,000001,Vente,535000,7,,AV DE L AMIRAL SERRE,0150,78000,78646,Versailles,78,,,78646000AL0138,,,118,80.78,,,,,,,,,1,2,Appartement,81,4,,,,,,2.139473,48.817747
2025-1020036,2025-09-10,000001,Vente,535000,7,,AV DE L AMIRAL SERRE,0150,78000,78646,Versailles,78,,,78646000AL0138,,,118,80.78,,,,,,,,,1,3,Dépendance,,0,,,,,,2.139473,48.817747
2025-1020036,2025-09-10,000001,Vente,535000,7,,AV DE L AMIRAL SERRE,0150,78000,78646,Versailles,78,,,78646000AL0138,,,500,,,,,,,,,,1,3,Dépendance,,0,,,,,,2.139473,48.817747
2025-1020064,2025-09-30,000001,Vente,117000,26,,RUE DES RESERVOIRS,2580,78000,78646,Versailles,78,,,78646000AE0169,,,14,17.46,,,,,,,,,1,2,Appartement,19,1,,,,,,2.124978,48.808082
2025-1020094,2025-09-22,000001,Vente,1009000,20,,RUE DE PROVENCE,2460,78000,78646,Versailles,78,,,78646000AX0442,,,193,157.64,,,,,,,,,1,2,Appartement,147,8,,,,,,2.140987,48.807165
2025-1020094,2025-09-22,000001,Vente,1009000,20,,RUE DE PROVENCE,2460,78000,78646,Versailles,78,,,78646000AX0442,,,158,,,,,,,,,,1,3,Dépendance,,0,,,,,,2.140987,48.807165
2025-1020094,2025-09-22,000001,Vente,1009000,20,,RUE DE PROVENCE,2460,78000,78646,Versailles,78,,,78646000AX0442,,,51,,,,,,,,,,1,3,Dépendance,,0,,,,,,2.140987,48.807165
2025-1020131,2025-09-24,000001,Vente,346420,16,,RUE DE PROVENCE,2460,78000,78646,Versailles,78,,,78646000AX0011,,,18,,9,39.98,,,,,,,2,2,Appartement,41,2,,,,,,2.139929,48.806707
2025-1020131,2025-09-24,000001,Vente,346420,16,,RUE DE PROVENCE,2460,78000,78646,Versailles,78,,,78646000AX0011,,,18,,9,39.98,,,,,,,2,3,Dépendance,,0,,,,,,2.139929,48.806707
2025-1020192,2025-10-07,000001,Vente,17800,5,,RUE DE L ECOLE DES POSTES,0850,78000,78646,Versailles,78,,,78646000AZ0110,,,2859,,,,,,,,,,1,3,Dépendance,,0,,,,,,2.158672,48.8041
2025-1020192,2025-10-07,000001,Vente,17800,5,,RUE DE L ECOLE DES POSTES,0850,78000,78646,Versailles,78,,,78646000AZ0110,,,2859,,,,,,,,,,1,4,Local industriel. commercial ou assimilé,375,0,,,,,,2.158672,48.8041
2025-1020211,2025-09-30,000001,Vente,27000,17,,RUE DES MISSIONNAIRES,1920,78000,78646,Versailles,78,,,78646000AD0396,,,118,,,,,,,,,,1,3,Dépendance,,0,,,,,,2.131727,48.81298
2025-1020222,2025-09-22,000001,Vente,388315.35,23,,RUE DU REFUGE,2510,78000,78646,Versailles,78,,,78646000AX0339,,,8,44.01,,,,,,,,,1,2,Appartement,44,2,,,,,,2.144251,48.804411
2025-1020222,2025-09-22,000001,Vente,388315.35,23,,RUE DU REFUGE,2510,78000,78646,Versailles,78,,,78646000AX0339,,,207,,,,,,,,,,1,3,Dépendance,,0,,,,,,2.144251,48.804411
2025-1020222,2025-09-22,000001,Vente,388315.35,23,,RUE DU REFUGE,2510,78000,78646,Versailles,78,,,78646000AX0339,,,115,,,,,,,,,,1,3,Dépendance,,0,,,,,,2.144251,48.804411
2025-1020276,2025-09-26,000001,Vente,133000,9,,RUE DU PONT COLBERT,2370,78000,78646,Versailles,78,,,78646000BL0422,,,364,,431,26.04,,,,,,,2,2,Appartement,26,1,,,,,,2.147593,48.79113
2025-1020276,2025-09-26,000001,Vente,133000,9,,RUE DU PONT COLBERT,2370,78000,78646,Versailles,78,,,78646000BL0422,,,364,,431,26.04,,,,,,,2,3,Dépendance,,0,,,,,,2.147593,48.79113
2025-1020297,2025-09-11,000001,Vente,400346,14,,RUE BENJAMIN FRANKLIN,0340,78000,78646,Versailles,78,,,78646000BR0112,,,3,62.89,,,,,,,,,1,3,Dépendance,,0,,,,,,2.136084,48.79827
2025-1020297,2025-09-11,000001,Vente,400346,14,,RUE BENJAMIN FRANKLIN,0340,78000,78646,Versailles,78,,,78646000BR0112,,,3,62.89,,,,,,,,,1,3,Dépendance,,0,,,,,,2.136084,48.79827
2025-1020297,2025-09-11,000001,Vente,400346,14,,RUE BENJAMIN FRANKLIN,0340,78000,78646,Versailles,78,,,78646000BR0112,,,3,62.89,,,,,,,,,1,2,Appartement,54,3,,,,,,2.136084,48.79827
2025-1020327,2025-10-06,000001,Vente,552000,45,,RUE DU MAL FOCH,1810,78000,78646,Versailles,78,,,78646000AD0099,,,38,72.84,,,,,,,,,1,2,Appartement,73,3,,,,,,2.133301,48.809259
2025-1020329,2025-10-06,000001,Vente,564800,4,B,RUE JEAN MERMOZ,1460,78000,78646,Versailles,78,,,78646000BN0167,,,113,,638,,,,,,,,2,2,Appartement,70,3,,,,,,2.142752,48.797871
2025-1020329,2025-10-06,000001,Vente,564800,4,B,RUE JEAN MERMOZ,1460,78000,78646,Versailles,78,,,78646000BN0167,,,112,,,,,,,,,,1,2,Appartement,19,1,,,,,,2.142752,48.797871
2025-1020329,2025-10-06,000001,Vente,564800,4,B,RUE JEAN MERMOZ,1460,78000,78646,Versailles,78,,,78646000BN0167,,,113,,638,,,,,,,,2,3,Dépendance,,0,,,,,,2.142752,48.797871
2025-1020329,2025-10-06,000001,Vente,564800,4,B,RUE JEAN MERMOZ,1460,78000,78646,Versailles,78,,,78646000BN0167,,,112,,,,,,,,,,1,3,Dépendance,,0,,,,,,2.142752,48.797871
2025-1020335,2025-09-30,000001,Vente,982900,39,,RUE JEAN DE LA FONTAINE,1439,78000,78646,Versailles,78,,,78646000BE0201,,,,,,,,,,,,,0,1,Maison,110,5,S,sols,,,633,2.159473,48.79586
2025-1020354,2025-10-08,000001,Vente,1443510,20,,RUE JACQUES LEMERCIER,1420,78000,78646,Versailles,78,,,78646000AO0016,,,,,,,,,,,,,0,1,Maison,193,7,S,sols,,,135,2.149257,48.813653
2025-1020354,2025-10-08,000001,Vente,1443510,20,,RUE JACQUES LEMERCIER,1420,78000,78646,Versailles,78,,,78646000AO0016,,,,,,,,,,,,,0,3,Dépendance,,0,S,sols,,,135,2.149257,48.813653
2025-1020354,2025-10-08,000001,Vente,1443510,20,,RUE JACQUES LEMERCIER,1420,78000,78646,Versailles,78,,,78646000AO0016,,,,,,,,,,,,,0,3,Dépendance,,0,AG,terrains d'agrément,,,1152,2.149257,48.813653
2025-1020354,2025-10-08,000001,Vente,1443510,20,,RUE JACQUES LEMERCIER,1420,78000,78646,Versailles,78,,,78646000AO0016,,,,,,,,,,,,,0,1,Maison,193,7,AG,terrains d'agrément,,,1152,2.149257,48.813653
2025-1020362,2025-10-08,000001,Vente,8000,29,,RUE DE LA BONNE AVENTURE,0390,78000,78646,Versailles,78,,,78646000AX0120,,,26,,,,,,,,,,1,3,Dépendance,,0,,,,,,2.147555,48.806451
2025-1020362,2025-10-08,000001,Vente,8000,29,,RUE DE LA BONNE AVENTURE,0390,78000,78646,Versailles,78,,,78646000AX0120,,,26,,,,,,,,,,1,2,Appartement,46,2,,,,,,2.147555,48.806451
2025-1020362,2025-10-08,000001,Vente,8000,29,,RUE DE LA BONNE AVENTURE,0390,78000,78646,Versailles,78,,,78646000AX0120,,,26,,,,,,,,,,1,3,Dépendance,,0,,,,,,2.147555,48.806451
2025-1020369,2025-09-30,000001,Vente,260000,37,,RUE DU MAL JOFFRE,1820,78000,78646,Versailles,78,,,78646000BW0218,,,118,39.1,,,,,,,,,1,2,Appartement,38,2,,,,,,2.12084,48.793636
2025-1020369,2025-09-30,000001,Vente,260000,37,,RUE DU MAL JOFFRE,1820,78000,78646,Versailles,78,,,78646000BW0218,,,118,39.1,,,,,,,,,1,3,Dépendance,,0,,,,,,2.12084,48.793636
2025-1020369,2025-09-30,000001,Vente,260000,37,,RUE DU MAL JOFFRE,1820,78000,78646,Versailles,78,,,78646000BW0218,,,118,39.1,,,,,,,,,1,3,Dépendance,,0,,,,,,2.12084,48.793636
2025-1020369,2025-09-30,000001,Vente,260000,37,,RUE DU MAL JOFFRE,1820,78000,78646,Versailles,78,,,78646000BW0218,,,118,39.1,,,,,,,,,1,3,Dépendance,,0,,,,,,2.12084,48.793636
2025-1020427,2025-09-30,000001,Vente,643900,12,,AV DE PORCHEFONTAINE,2380,78000,78646,Versailles,78,,,78646000BK0021,,,696,,710,106.82,,,,,,,2,3,Dépendance,,0,,,,,,2.152071,48.797176
2025-1020427,2025-09-30,000001,Vente,643900,12,,AV DE PORCHEFONTAINE,2380,78000,78646,Versailles,78,,,78646000BK0021,,,696,,710,106.82,,,,,,,2,2,Appartement,106,4,,,,,,2.152071,48.797176
2025-1020427,2025-09-30,000001,Vente,643900,12,,AV DE PORCHEFONTAINE,2380,78000,78646,Versailles,78,,,78646000BK0021,,,1800,,,,,,,,,,1,3,Dépendance,,0,,,,,,2.152071,48.797176
2025-1020429,2025-09-22,000001,Vente,200000,7,,RUE EDME FREMY,0880,78000,78646,Versailles,78,,,78646000BN0101,,,32,,5,32.38,,,,,,,2,2,Appartement,32,2,,,,,,2.138301,48.797372
2025-1020429,2025-09-22,000001,Vente,200000,7,,RUE EDME FREMY,0880,78000,78646,Versailles,78,,,78646000BN0101,,,32,,5,32.38,,,,,,,2,3,Dépendance,,0,,,,,,2.138301,48.797372
2025-1020446,2025-09-29,000001,Vente,721000,57,,RUE EXELMANS,1020,78000,78646,Versailles,78,,,78646000AC0262,,,18,110.14,93,,,,,,,,2,3,Dépendance,,0,,,,,,2.126785,48.814611
2025-1020446,2025-09-29,000001,Vente,721000,57,,RUE EXELMANS,1020,78000,78646,Versailles,78,,,78646000AC0262,,,18,110.14,93,,,,,,,,2,2,Appartement,110,5,,,,,,2.126785,48.814611
2025-1020446,2025-09-29,000001,Vente,721000,57,,RUE EXELMANS,1020,78000,78646,Versailles,78,,,78646000AC0262,,,180,,,,,,,,,,1,3,Dépendance,,0,,,,,,2.126785,48.814611
2025-1020446,2025-09-29,000001,Vente,721000,57,,RUE EXELMANS,1020,78000,78646,Versailles,78,,,78646000AC0262,,,18,110.14,93,,,,,,,,2,3,Dépendance,,0,,,,,,2.126785,48.814611
2025-1020472,2025-10-01,000001,Vente,440800,9,,AV DE SAINT CLOUD,2730,78000,78646,Versailles,78,,,78646000AE0311,,,115,47.54,,,,,,,,,1,2,Appartement,56,3,,,,,,2.128848,48.805199
2025-1020472,2025-10-01,000001,Vente,440800,9,,AV DE SAINT CLOUD,2730,78000,78646,Versailles,78,,,78646000AE0311,,,136,,,,,,,,,,1,3,Dépendance,,0,,,,,,2.128848,48.805199
2025-1020475,2025-10-08,000001,Vente,348000,58,,AV DE SAINT CLOUD,2730,78000,78646,Versailles,78,,,78646000BP0063,,,56,,62,,,,,,,,2,3,Dépendance,,0,,,,,,2.139456,48.805092
2025-1020475,2025-10-08,000001,Vente,348000,58,,AV DE SAINT CLOUD,2730,78000,78646,Versailles,78,,,78646000BP0063,,,56,,62,,,,,,,,2,2,Appartement,50,3,,,,,,2.139456,48.805092
2025-1020492,2025-10-06,000001,Vente,855000,22,,RUE DU MARECHAL GALLIENI,1812,78000,78646,Versailles,78,,,78646000AC0204,,,33,,5,126.44,,,,,,,2,3,Dépendance,,0,,,,,,2.124349,48.811817
2025-1020492,2025-10-06,000001,Vente,855000,22,,RUE DU MARECHAL GALLIENI,1812,78000,78646,Versailles,78,,,78646000AC0204,,,17,,,,,,,,,,1,3,Dépendance,,0,,,,,,2.124349,48.811817
2025-1020492,2025-10-06,000001,Vente,855000,22,,RUE DU MARECHAL GALLIENI,1812,78000,78646,Versailles,78,,,78646000AC0204,,,33,,5,126.44,,,,,,,2,2,Appartement,120,5,,,,,,2.124349,48.811817
2025-1020492,2025-10-06,000001,Vente,855000,22,,RUE DU MARECHAL GALLIENI,1812,78000,78646,Versailles,78,,,78646000AC0204,,,33,,5,126.44,,,,,,,2,3,Dépendance,,0,,,,,,2.124349,48.811817
2025-1020492,2025-10-06,000001,Vente,855000,22,,RUE DU MARECHAL GALLIENI,1812,78000,78646,Versailles,78,,,78646000AC0204,,,20,,,,,,,,,,1,3,Dépendance,,0,,,,,,2.124349,48.811817
2025-1020501,2025-10-07,000001,Vente,988500,72,,BD DE GLATIGNY,1275,78000,78646,Versailles,78,,,78646000AM0171,,,,,,,,,,,,,0,1,Maison,170,7,AG,terrains d'agrément,,,354,2.14319,48.82504
2025-1020501,2025-10-07,000001,Vente,988500,72,,BD DE GLATIGNY,1275,78000,78646,Versailles,78,,,78646000AM0171,,,,,,,,,,,,,0,2,Appartement,55,1,AG,terrains d'agrément,,,354,2.14319,48.82504
2025-1020501,2025-10-07,000001,Vente,988500,72,,BD DE GLATIGNY,1275,78000,78646,Versailles,78,,,78646000AM0171,,,,,,,,,,,,,0,1,Maison,170,7,S,sols,,,512,2.14319,48.82504
2025-1020501,2025-10-07,000001,Vente,988500,72,,BD DE GLATIGNY,1275,78000,78646,Versailles,78,,,78646000AM0171,,,,,,,,,,,,,0,3,Dépendance,,0,S,sols,,,512,2.14319,48.82504
2025-1020501,2025-10-07,000001,Vente,988500,72,,BD DE GLATIGNY,1275,78000,78646,Versailles,78,,,78646000AM0171,,,,,,,,,,,,,0,3,Dépendance,,0,AG,terrains d'agrément,,,354,2.14319,48.82504
2025-1020501,2025-10-07,000001,Vente,988500,72,,BD DE GLATIGNY,1275,78000,78646,Versailles,78,,,78646000AM0171,,,,,,,,,,,,,0,2,Appartement,55,1,S,sols,,,512,2.14319,48.82504
2025-1020506,2025-09-16,000001,Vente en l'état futur d'achèvement,559000,2,,PL DE GALLY,1133,78000,78646,Versailles,78,,,78646000BY0108,,,402,,,,,,,,,,1,,,,,,,,,,2.079319,48.802074
2025-1020506,2025-09-16,000001,Vente en l'état futur d'achèvement,559000,2,,PL DE GALLY,1133,78000,78646,Versailles,78,,,78646000BY0108,,,103,,,,,,,,,,1,,,,,,,,,,2.079319,48.802074
2025-1020508,2025-09-15,000001,Vente,33500,6,,RUE MONTBAURON,1970,78000,78646,Versailles,78,,,78646000BP0027,,,13,,,,,,,,,,1,3,Dépendance,,0,,,,,,2.135298,48.802989
2025-1020518,2025-09-18,000001,Vente,652000,18,,RUE DE L OCCIDENT,2100,78000,78646,Versailles,78,,,78646000BV0158,,,13,,14,,17,,24,,,,4,3,Dépendance,,0,,,,,,2.124881,48.796607
2025-1020518,2025-09-18,000001,Vente,652000,18,,RUE DE L OCCIDENT,2100,78000,78646,Versailles,78,,,78646000BV0158,,,1,,,,,,,,,,1,2,Appartement,92,4,,,,,,2.124881,48.796607
2025-1020518,2025-09-18,000001,Vente,652000,2,,RUE SAINTE FAMILLE,2740,78000,78646,Versailles,78,,,78646000BV0158,,,26,,,,,,,,,,1,2,Appartement,74,3,,,,,,2.124881,48.796607
2025-1020518,2025-09-18,000001,Vente,652000,2,,RUE SAINTE FAMILLE,2740,78000,78646,Versailles,78,,,78646000BV0158,,,29,,34,,36,,37,,,,4,3,Dépendance,,0,,,,,,2.124881,48.796607
2025-1020524,2025-09-30,000001,Vente,696390,38,,RUE DE LA PAROISSE,2190,78000,78646,Versailles,78,,,78646000AE0208,,,10,76.52,25,,,,,,,,2,2,Appartement,76,4,,,,,,2.128337,48.807455
2025-1020553,2025-09-30,000001,Vente,904050,18,,RUE GEORGES CLEMENCEAU,1200,78000,78646,Versailles,78,,,78646000AI0090,,,108,107.93,114,,124,,,,,,3,2,Appartement,145,3,,,,,,2.132894,48.804399
2025-1020553,2025-09-30,000001,Vente,904050,18,,RUE GEORGES CLEMENCEAU,1200,78000,78646,Versailles,78,,,78646000AI0090,,,108,107.93,114,,124,,,,,,3,3,Dépendance,,0,,,,,,2.132894,48.804399
2025-1020558,2025-10-08,000001,Vente,2294890,21,,RUE MANSART,1770,78000,78646,Versailles,78,,,78646000AL0082,,,,,,,,,,,,,0,1,Maison,353,9,S,sols,,,583,2.139628,48.814984
2025-1020558,2025-10-08,000001,Vente,2294890,21,,RUE MANSART,1770,78000,78646,Versailles,78,,,78646000AL0082,,,,,,,,,,,,,0,3,Dépendance,,0,S,sols,,,583,2.139628,48.814984
2025-1020565,2025-10-08,000001,Vente,275000,3,,RUE DES DEUX PORTES,0780,78000,78646,Versailles,78,,,78646000AE0258,,,22,,29,43,,,,,,,2,2,Appartement,35,2,,,,,,2.130349,48.805721
2025-1020565,2025-10-08,000001,Vente,275000,3,,RUE DES DEUX PORTES,0780,78000,78646,Versailles,78,,,78646000AE0258,,,22,,,,,,,,,,1,4,Local industriel. commercial ou assimilé,34,0,,,,,,2.130349,48.805721
2025-1020567,2025-09-15,000001,Vente,67300,19,,RUE DES BOURDONNAIS,0400,78000,78646,Versailles,78,,,78646000BT0207,,,31,10.03,51,,,,,,,,2,3,Dépendance,,0,,,,,,2.126637,48.795652
2025-1020567,2025-09-15,000001,Vente,67300,19,,RUE DES BOURDONNAIS,0400,78000,78646,Versailles,78,,,78646000BT0207,,,31,10.03,51,,,,,,,,2,3,Dépendance,,0,,,,,,2.126637,48.795652
2025-1020581,2025-09-26,000001,Vente,40000,9,,RUE NEUVE NOTRE DAME,2040,78000,78646,Versailles,78,,,78646000AE0010,,,23,,,,,,,,,,1,3,Dépendance,,0,,,,,,2.126961,48.809017
2025-1020614,2025-09-30,000001,Vente,170000,29,,RUE DU MAL FOCH,1810,78000,78646,Versailles,78,,,78646000AE0070,,,43,37.76,53,,,,,,,,2,2,Appartement,36,1,,,,,,2.132101,48.807725
2025-1020614,2025-09-30,000001,Vente,170000,29,,RUE DU MAL FOCH,1810,78000,78646,Versailles,78,,,78646000AE0070,,,43,37.76,53,,,,,,,,2,3,Dépendance,,0,,,,,,2.132101,48.807725
2025-1020649,2025-09-18,000001,Vente,260500,77,B,RUE DE LA PAROISSE,2190,78000,78646,Versailles,78,,,78646000AI0289,,,23,,29,42.94,31,,,,,,3,3,Dépendance,,0,,,,,,2.135001,48.806058
2025-1020649,2025-09-18,000001,Vente,260500,77,B,RUE DE LA PAROISSE,2190,78000,78646,Versailles,78,,,78646000AI0289,,,23,,29,42.94,31,,,,,,3,2,Appartement,40,2,,,,,,2.135001,48.806058
2025-1020666,2025-09-25,000001,Vente,40000,29,T,RUE DE L ERMITAGE,0940,78000,78646,Versailles,78,,,78646000AC0338,,,83,,,,,,,,,,1,3,Dépendance,,0,,,,,,2.122062,48.815041
2025-1020668,2025-10-13,000001,Vente,120000,34,,RUE REMONT,2560,78000,78646,Versailles,78,,,78646000BE0468,,,12,25.17,,,,,,,,,1,4,Local industriel. commercial ou assimilé,23,0,,,,,,2.160186,48.795832
2025-1020696,2025-09-30,000001,Vente,345000,5,,RUE DE NOAILLES,2050,78000,78646,Versailles,78,,,78646000BR0086,,,13,51.27,36,,69,,,,,,3,3,Dépendance,,0,,,,,,2.136115,48.799599
2025-1020696,2025-09-30,000001,Vente,345000,5,,RUE DE NOAILLES,2050,78000,78646,Versailles,78,,,78646000BR0086,,,13,51.27,36,,69,,,,,,3,2,Appartement,51,4,,,,,,2.136115,48.799599
2025-1020696,2025-09-30,000001,Vente,345000,5,,RUE DE NOAILLES,2050,78000,78646,Versailles,78,,,78646000BR0086,,,13,51.27,36,,69,,,,,,3,3,Dépendance,,0,,,,,,2.136115,48.799599
2025-1020713,2025-10-03,000001,Vente,910700,13,,RUE EXELMANS,1020,78000,78646,Versailles,78,,,78646000AC0305,,,17,102.58,,,,,,,,,1,2,Appartement,111,5,,,,,,2.124713,48.814104
2025-1020713,2025-10-03,000001,Vente,910700,13,,RUE EXELMANS,1020,78000,78646,Versailles,78,,,78646000AC0305,,,19,,,,,,,,,,1,3,Dépendance,,0,,,,,,2.124713,48.814104
2025-1020725,2025-10-09,000001,Vente,562000,5,,IMP NATTIER,2030,78000,78646,Versailles,78,,,78646000AD0343,,,1,85.79,7,,,,,,,,2,2,Appartement,84,4,,,,,,2.13485,48.812871
2025-1020725,2025-10-09,000001,Vente,562000,5,,IMP NATTIER,2030,78000,78646,Versailles,78,,,78646000AD0343,,,4,,,,,,,,,,1,3,Dépendance,,0,,,,,,2.13485,48.812871
2025-1020725,2025-10-09,000001,Vente,562000,5,,IMP NATTIER,2030,78000,78646,Versailles,78,,,78646000AD0343,,,1,85.79,7,,,,,,,,2,3,Dépendance,,0,,,,,,2.13485,48.812871
2025-1020726,2025-10-06,000001,Vente,333650,96,B,AV DE PARIS,2180,78000,78646,Versailles,78,,,78646000BN0126,,,20,54.08,,,,,,,,,1,2,Appartement,53,2,,,,,,2.148622,48.797466
2025-1020726,2025-10-06,000001,Vente,333650,96,B,AV DE PARIS,2180,78000,78646,Versailles,78,,,78646000BN0126,,,20,54.08,,,,,,,,,1,3,Dépendance,,0,,,,,,2.148622,48.797466
2025-1020743,2025-10-08,000001,Vente,462000,88,B,AV DE PARIS,2180,78000,78646,Versailles,78,,,78646000BN0048,,,46,,99,73.51,,,,,,,2,2,Appartement,73,3,,,,,,2.146306,48.797577
2025-1020743,2025-10-08,000001,Vente,462000,88,B,AV DE PARIS,2180,78000,78646,Versailles,78,,,78646000BN0048,,,25,,,,,,,,,,1,3,Dépendance,,0,,,,,,2.146306,48.797577
2025-1020743,2025-10-08,000001,Vente,462000,88,B,AV DE PARIS,2180,78000,78646,Versailles,78,,,78646000BN0048,,,24,,,,,,,,,,1,3,Dépendance,,0,,,,,,2.146306,48.797577
2025-1020743,2025-10-08,000001,Vente,462000,88,B,AV DE PARIS,2180,78000,78646,Versailles,78,,,78646000BN0048,,,46,,99,73.51,,,,,,,2,3,Dépendance,,0,,,,,,2.146306,48.797577
2025-1020780,2025-10-16,000001,Vente,168000,25,,RUE SAINT HONORE,2780,78000,78646,Versailles,78,,,78646000BV0146,,,7,20.04,,,,,,,,,1,2,Appartement,19,1,,,,,,2.124645,48.797086
2025-1020781,2025-10-06,000001,Vente,970000,16,,RUE DE PROVENCE,2460,78000,78646,Versailles,78,,,78646000AX0011,,,21,,,,,,,,,,1,3,Dépendance,,0,,,,,,2.139929,48.806707
2025-1020781,2025-10-06,000001,Vente,970000,16,,RUE DE PROVENCE,2460,78000,78646,Versailles,78,,,78646000AX0011,,,17,,,,,,,,,,1,3,Dépendance,,0,,,,,,2.139929,48.806707
2025-1020781,2025-10-06,000001,Vente,970000,16,,RUE DE PROVENCE,2460,78000,78646,Versailles,78,,,78646000AX0011,,,13,,,,,,,,,,1,3,Dépendance,,0,,,,,,2.139929,48.806707
2025-1020781,2025-10-06,000001,Vente,970000,16,,RUE DE PROVENCE,2460,78000,78646,Versailles,78,,,78646000AX0011,,,11,,,,,,,,,,1,2,Appartement,81,2,,,,,,2.139929,48.806707
2025-1020821,2025-10-07,000001,Vente,410000,12,,RUE CARNOT,0440,78000,78646,Versailles,78,,,78646000AE0355,,,32,,,,,,,,,,1,2,Appartement,48,2,,,,,,2.125918,48.80619
2025-1020821,2025-10-07,000001,Vente,410000,12,,RUE CARNOT,0440,78000,78646,Versailles,78,,,78646000AE0355,,,32,,,,,,,,,,1,2,Appartement,21,1,,,,,,2.125918,48.80619
2025-1020845,2025-09-26,000001,Vente,600000,6,,RUE DEROISIN,0770,78000,78646,Versailles,78,,,78646000BD0095,,,,,,,,,,,,,0,1,Maison,52,3,S,sols,,,437,2.155453,48.795995
2025-1020851,2025-10-07,000001,Vente,102500,48,,RUE CHAMP LAGARDE,0490,78000,78646,Versailles,78,,,78646000AY0196,,,58,13.01,,,,,,,,,1,3,Dépendance,,0,,,,,,2.148301,48.801267
2025-1020861,2025-09-26,000001,Vente,230000,33,,RUE DU MAL FOCH,1810,78000,78646,Versailles,78,,,78646000AE0432,,,61,30.67,,,,,,,,,1,2,Appartement,30,2,,,,,,2.132245,48.807957
2025-1020864,2025-09-26,000001,Vente,860000,40,,RUE CHAMP LAGARDE,0490,78000,78646,Versailles,78,,,78646000BO0055,,,36,123.03,42,,,,,,,,2,3,Dépendance,,0,,,,,,2.147024,48.80094
2025-1020864,2025-09-26,000001,Vente,860000,40,,RUE CHAMP LAGARDE,0490,78000,78646,Versailles,78,,,78646000BO0055,,,36,123.03,42,,,,,,,,2,2,Appartement,120,5,,,,,,2.147024,48.80094
2025-1020864,2025-09-26,000001,Vente,860000,40,,RUE CHAMP LAGARDE,0490,78000,78646,Versailles,78,,,78646000BO0055,,,124,,,,,,,,,,1,3,Dépendance,,0,,,,,,2.147024,48.80094
2025-1020864,2025-09-26,000001,Vente,860000,40,,RUE CHAMP LAGARDE,0490,78000,78646,Versailles,78,,,78646000BO0055,,,125,,,,,,,,,,1,3,Dépendance,,0,,,,,,2.147024,48.80094
2025-1020872,2025-09-25,000001,Vente en l'état futur d'achèvement,644000,8,,ALL DU CORDON BOISE,0714,78000,78646,Versailles,78,,,78646000BY0110,,,201,,,,,,,,,,1,,,,,,,,,,2.078228,48.802624
2025-1020872,2025-09-25,000001,Vente en l'état futur d'achèvement,644000,8,,ALL DU CORDON BOISE,0714,78000,78646,Versailles,78,,,78646000BY0110,,,403,,,,,,,,,,1,,,,,,,,,,2.078228,48.802624
2025-1020876,2025-09-29,000001,Vente,885000,21,B,RUE DU MARECHAL GALLIENI,1812,78000,78646,Versailles,78,,,78646000AC0005,,,1009,,1210,,,,,,,,2,2,Appartement,84,3,,,,,,2.123201,48.811375
2025-1020876,2025-09-29,000001,Vente,885000,21,B,RUE DU MARECHAL GALLIENI,1812,78000,78646,Versailles,78,,,78646000AC0005,,,800,,,,,,,,,,1,3,Dépendance,,0,,,,,,2.123201,48.811375
2025-1020876,2025-09-29,000001,Vente,885000,21,B,RUE DU MARECHAL GALLIENI,1812,78000,78646,Versailles,78,,,78646000AC0005,,,1325,,,,,,,,,,1,3,Dépendance,,0,,,,,,2.123201,48.811375
2025-1020876,2025-09-29,000001,Vente,885000,21,B,RUE DU MARECHAL GALLIENI,1812,78000,78646,Versailles,78,,,78646000AC0005,,,1009,,1210,,,,,,,,2,3,Dépendance,,0,,,,,,2.123201,48.811375
2025-1020886,2025-09-29,000001,Vente,190000,11,,RUE DE MONTREUIL,2000,78000,78646,Versailles,78,,,78646000AX0284,,,33,40.95,34,,,,,,,,2,2,Appartement,44,2,,,,,,2.142813,48.805553
2025-1020897,2025-10-13,000001,Vente,540000,5,,RUE DES MISSIONNAIRES,1920,78000,78646,Versailles,78,,,78646000AD0407,,,254,85.28,255,,,,,,,,2,3,Dépendance,,0,,,,,,2.129146,48.814076
2025-1020897,2025-10-13,000001,Vente,540000,5,,RUE DES MISSIONNAIRES,1920,78000,78646,Versailles,78,,,78646000AD0407,,,254,85.28,255,,,,,,,,2,2,Appartement,84,4,,,,,,2.129146,48.814076
2025-1020897,2025-10-13,000001,Vente,540000,5,,RUE DES MISSIONNAIRES,1920,78000,78646,Versailles,78,,,78646000AD0407,,,282,,,,,,,,,,1,3,Dépendance,,0,,,,,,2.129146,48.814076
2025-1020912,2025-10-09,000001,Vente,98000,37,,RUE YVES LE COZ,3210,78000,78646,Versailles,78,,,78646000BE0240,,,52,21.65,54,,,,,,,,2,1,Maison,18,2,,,,,,2.160351,48.797386
2025-1020939,2025-10-07,000001,Vente,446200,5,,RUE EXELMANS,1020,78000,78646,Versailles,78,,,78646000AC0321,,,100,58.88,,,,,,,,,1,2,Appartement,78,4,,,,,,2.124532,48.813139
2025-1020963,2025-10-14,000001,Vente,578400,4,,RUE DE LA CEINTURE,0460,78000,78646,Versailles,78,,,78646000AW0006,,,967,,968,,,,,,,,2,3,Dépendance,,0,,,,,,2.15013,48.808121
2025-1020963,2025-10-14,000001,Vente,578400,4,,RUE DE LA CEINTURE,0460,78000,78646,Versailles,78,,,78646000AW0006,,,117,,61,106.67,,,,,,,2,3,Dépendance,,0,,,,,,2.15013,48.808121
2025-1020963,2025-10-14,000001,Vente,578400,4,,RUE DE LA CEINTURE,0460,78000,78646,Versailles,78,,,78646000AW0006,,,117,,61,106.67,,,,,,,2,2,Appartement,106,4,,,,,,2.15013,48.808121
2025-1020983,2025-08-26,000001,Vente,720000,20,,AV DE PARIS,2180,78000,78646,Versailles,78,,,78646000BR0167,,,36,,55,,,,,,,,2,2,Appartement,107,4,,,,,,2.133278,48.800746
2025-1020993,2025-10-20,000001,Vente,70000,26,,RUE HENRI SIMON,1330,78000,78646,Versailles,78,,,78646000AW0006,,,829,14.26,,,,,,,,,1,3,Dépendance,,0,,,,,,2.15013,48.808121
2025-1020994,2025-10-20,000001,Vente,683000,7,,AV DE L AMIRAL SERRE,0150,78000,78646,Versailles,78,,,78646000AL0138,,,105,104.68,,,,,,,,,1,2,Appartement,102,5,,,,,,2.139473,48.817747
2025-1020994,2025-10-20,000001,Vente,683000,7,,AV DE L AMIRAL SERRE,0150,78000,78646,Versailles,78,,,78646000AL0138,,,105,104.68,,,,,,,,,1,3,Dépendance,,0,,,,,,2.139473,48.817747
2025-1020994,2025-10-20,000001,Vente,683000,7,,AV DE L AMIRAL SERRE,0150,78000,78646,Versailles,78,,,78646000AL0138,,,492,,,,,,,,,,1,3,Dépendance,,0,,,,,,2.139473,48.817747
2025-1020996,2025-10-20,000001,Vente,17800,98,,AV DE PARIS,2180,78000,78646,Versailles,78,,,78646000BK0001,,,457,,,,,,,,,,1,3,Dépendance,,0,,,,,,2.149414,48.797242
2025-1021005,2025-09-29,000001,Vente,150000,26,,RUE DE MONTREUIL,2000,78000,78646,Versailles,78,,,78646000AX0322,,,1,45.38,2,,20,,50,,6,,7,2,Appartement,63,3,,,,,,2.144321,48.804833
2025-1021005,2025-09-29,000001,Vente,150000,26,,RUE DE MONTREUIL,2000,78000,78646,Versailles,78,,,78646000AX0322,,,1,45.38,2,,20,,50,,6,,7,3,Dépendance,,0,,,,,,2.144321,48.804833
2025-1021011,2025-10-15,000001,Vente,150000,10,,RUE DU VIEUX VERSAILLES,3180,78000,78646,Versailles,78,,,78646000AH0032,,,21,,22,,,,,,,,2,4,Local industriel. commercial ou assimilé,140,0,,,,,,2.122134,48.800766
2025-1021011,2025-10-15,000001,Vente,150000,10,,RUE DU VIEUX VERSAILLES,3180,78000,78646,Versailles,78,,,78646000AH0032,,,69,,,,,,,,,,1,3,Dépendance,,0,,,,,,2.122134,48.800766
2025-1021011,2025-10-15,000001,Vente,150000,4,,RUE MAZIERE,1880,78000,78646,Versailles,78,,,78646000AH0037,,,,,,,,,,,,,0,1,Maison,34,1,S,sols,,,48,2.12238,48.800751
2025-1021017,2025-10-02,000001,Vente,200000,4,,RUE DU PARC DE CLAGNY,2171,78000,78646,Versailles,78,,,78646000AR0096,,,5,36.59,9,,,,,,,,2,3,Dépendance,,0,,,,,,2.140276,48.808998
2025-1021017,2025-10-02,000001,Vente,200000,4,,RUE DU PARC DE CLAGNY,2171,78000,78646,Versailles,78,,,78646000AR0096,,,5,36.59,9,,,,,,,,2,2,Appartement,29,1,,,,,,2.140276,48.808998
2025-1021027,2025-10-10,000001,Vente,695000,6,,RUE DE MONTREUIL,2000,78000,78646,Versailles,78,,,78646000AX0277,,,37,39.21,62,,,,,,,,2,4,Local industriel. commercial ou assimilé,42,0,,,,,,2.142149,48.805257
2025-1021027,2025-10-10,000001,Vente,695000,9,,RUE DE MONTREUIL,2000,78000,78646,Versailles,78,,,78646000AX0284,,,17,63.61,,,,,,,,,1,4,Local industriel. commercial ou assimilé,60,0,,,,,,2.142813,48.805553
2025-1021042,2025-09-23,000001,Vente,620000,26,,RUE ALBERT JOLY,0050,78000,78646,Versailles,78,,,78646000AK0256,,,41,,5,88.35,,,,,,,2,2,Appartement,89,4,,,,,,2.139037,48.81007
2025-1021042,2025-09-23,000001,Vente,620000,26,,RUE ALBERT JOLY,0050,78000,78646,Versailles,78,,,78646000AK0256,,,17,,18,,,,,,,,2,3,Dépendance,,0,,,,,,2.139037,48.81007
2025-1021042,2025-09-23,000001,Vente,620000,26,,RUE ALBERT JOLY,0050,78000,78646,Versailles,78,,,78646000AK0256,,,41,,5,88.35,,,,,,,2,3,Dépendance,,0,,,,,,2.139037,48.81007
2025-1021073,2025-10-06,000001,Vente,312821,4,,RUE DE LA CEINTURE,0460,78000,78646,Versailles,78,,,78646000AW0006,,,129,,56,53.08,,,,,,,2,3,Dépendance,,0,,,,,,2.15013,48.808121
2025-1021073,2025-10-06,000001,Vente,312821,4,,RUE DE LA CEINTURE,0460,78000,78646,Versailles,78,,,78646000AW0006,,,129,,56,53.08,,,,,,,2,2,Appartement,52,2,,,,,,2.15013,48.808121
2025-1021107,2025-09-30,000001,Vente,590000,57,,AV DE PARIS,2180,78000,78646,Versailles,78,,,78646000BO0044,,,1,91.16,2,,7,,,,,,3,2,Appartement,82,3,,,,,,2.142175,48.799641
2025-1021116,2025-09-26,000001,Vente,1075200,7,,RUE SAINTE GENEVIEVE,2770,78000,78646,Versailles,78,,,78646000AE0132,,,,,,,,,,,,,0,,,,,S,sols,,,61,2.128561,48.808126
2025-1021116,2025-09-26,000001,Vente,1075200,31,,RUE DE LA PAROISSE,2190,78000,78646,Versailles,78,,,78646000AE0141,,,25,128.45,26,,34,,,,,,3,2,Appartement,124,6,,,,,,2.128166,48.808064
2025-1021116,2025-09-26,000001,Vente,1075200,31,,RUE DE LA PAROISSE,2190,78000,78646,Versailles,78,,,78646000AE0141,,,25,128.45,26,,34,,,,,,3,3,Dépendance,,0,,,,,,2.128166,48.808064
2025-1021125,2025-10-03,000001,Vente,1180000,18,,RUE DE LA CHANCELLERIE,0500,78000,78646,Versailles,78,,,78646000AH0066,,,51,,56,,,,,,,,2,2,Appartement,130,5,,,,,,2.123865,48.801929
2025-1021125,2025-10-03,000001,Vente,1180000,18,,RUE DE LA CHANCELLERIE,0500,78000,78646,Versailles,78,,,78646000AH0066,,,51,,56,,,,,,,,2,3,Dépendance,,0,,,,,,2.123865,48.801929
2025-1021125,2025-10-03,000001,Vente,1180000,18,,RUE DE LA CHANCELLERIE,0500,78000,78646,Versailles,78,,,78646000AH0066,,,51,,56,,,,,,,,2,3,Dépendance,,0,,,,,,2.123865,48.801929
2025-1021125,2025-10-03,000001,Vente,1180000,18,,RUE DE LA CHANCELLERIE,0500,78000,78646,Versailles,78,,,78646000AH0066,,,16,,,,,,,,,,1,3,Dépendance,,0,,,,,,2.123865,48.801929
2025-1021141,2025-10-07,000001,Vente,353800,1,,ALL LA BRUYERE,1557,78000,78646,Versailles,78,,,78646000AO0205,,,1684,,,,,,,,,,1,3,Dépendance,,0,,,,,,2.146857,48.813978
2025-1021141,2025-10-07,000001,Vente,353800,4,,ALL LA BRUYERE,1557,78000,78646,Versailles,78,,,78646000AO0205,,,1369,77.9,1569,,,,,,,,2,3,Dépendance,,0,,,,,,2.146857,48.813978
2025-1021141,2025-10-07,000001,Vente,353800,4,,ALL LA BRUYERE,1557,78000,78646,Versailles,78,,,78646000AO0205,,,1369,77.9,1569,,,,,,,,2,2,Appartement,82,4,,,,,,2.146857,48.813978
2025-1021147,2025-10-21,000001,Vente,263000,17,,RUE PHILIPPE DE DANGEAU,2255,78000,78646,Versailles,78,,,78646000AI0065,,,27,,8,,,,,,,,2,2,Appartement,45,3,,,,,,2.134481,48.803549
2025-1021147,2025-10-21,000001,Vente,263000,17,,RUE PHILIPPE DE DANGEAU,2255,78000,78646,Versailles,78,,,78646000AI0065,,,27,,8,,,,,,,,2,3,Dépendance,,0,,,,,,2.134481,48.803549
2025-1021156,2025-09-23,000001,Vente,658000,3,,ALL DES GARDES ROYALES,1136,78000,78646,Versailles,78,,,78646000AY0212,,,191,106.04,210,,,,,,,,2,3,Dépendance,,0,,,,,,2.151214,48.802177
2025-1021156,2025-09-23,000001,Vente,658000,3,,ALL DES GARDES ROYALES,1136,78000,78646,Versailles,78,,,78646000AY0212,,,191,106.04,210,,,,,,,,2,2,Appartement,104,5,,,,,,2.151214,48.802177
2025-1021156,2025-09-23,000001,Vente,658000,2,,ALL DES GARDES ROYALES,1136,78000,78646,Versailles,78,,,78646000AY0212,,,1004,,,,,,,,,,1,3,Dépendance,,0,,,,,,2.151214,48.802177
2025-1021156,2025-09-23,000001,Vente,658000,3,,ALL DES GARDES ROYALES,1136,78000,78646,Versailles,78,,,78646000AY0212,,,191,106.04,210,,,,,,,,2,3,Dépendance,,0,,,,,,2.151214,48.802177
2025-1021165,2025-09-26,000001,Vente,355000,4,,RUE EDOUARD CHARTON,0890,78000,78646,Versailles,78,,,78646000BT0163,,,11,,22,,,,,,,,2,3,Dépendance,,0,,,,,,2.130736,48.796221
2025-1021165,2025-09-26,000001,Vente,355000,4,,RUE EDOUARD CHARTON,0890,78000,78646,Versailles,78,,,78646000BT0163,,,11,,22,,,,,,,,2,2,Appartement,51,2,,,,,,2.130736,48.796221
2025-1021200,2025-10-15,000001,Vente,1215000,21,,RUE ALEXIS FOURCAULT,0130,78000,78646,Versailles,78,,,78646000AW0061,,,,,,,,,,,,,0,3,Dépendance,,0,S,sols,,,441,2.154164,48.805402
2025-1021200,2025-10-15,000001,Vente,1215000,21,,RUE ALEXIS FOURCAULT,0130,78000,78646,Versailles,78,,,78646000AW0061,,,,,,,,,,,,,0,1,Maison,162,9,S,sols,,,441,2.154164,48.805402
2025-1021202,2025-10-16,000001,Vente,770600,10,,RUE DE NOAILLES,2050,78000,78646,Versailles,78,,,78646000BR0066,,,31,,8,108.95,,,,,,,2,2,Appartement,108,4,,,,,,2.135134,48.799375
2025-1021203,2025-10-20,000001,Vente en l'état futur d'achèvement,918000,8,,ALL DU CORDON BOISE,0714,78000,78646,Versailles,78,,,78646000BY0110,,,162,,,,,,,,,,1,,,,,,,,,,2.078228,48.802624
2025-1021203,2025-10-20,000001,Vente en l'état futur d'achèvement,918000,8,,ALL DU CORDON BOISE,0714,78000,78646,Versailles,78,,,78646000BY0110,,,161,,,,,,,,,,1,,,,,,,,,,2.078228,48.802624
2025-1021203,2025-10-20,000001,Vente en l'état futur d'achèvement,918000,,,LA SABLIERE,B029,78000,78646,Versailles,78,,,78646000BY0137,,,,,,,,,,,,,0,,,,,S,sols,,,317,2.079667,48.802738
2025-1021219,2025-10-16,000001,Vente,424000,158,,AV DE PARIS,2180,78000,78646,Versailles,78,,,78646000BD0020,,,15,75.32,16,,17,,19,,53,,5,2,Appartement,70,4,,,,,,2.15691,48.797869
2025-1021219,2025-10-16,000001,Vente,424000,158,,AV DE PARIS,2180,78000,78646,Versailles,78,,,78646000BD0020,,,15,75.32,16,,17,,19,,53,,5,3,Dépendance,,0,,,,,,2.15691,48.797869
2025-1021239,2025-10-22,000001,Vente,411500,2,,RUE SAINT LOUIS,2810,78000,78646,Versailles,78,,,78646000BW0081,,,14,,39,,,,,,,,2,2,Appartement,51,3,,,,,,2.122585,48.795743
2025-1021239,2025-10-22,000001,Vente,411500,2,,RUE SAINT LOUIS,2810,78000,78646,Versailles,78,,,78646000BW0081,,,14,,39,,,,,,,,2,3,Dépendance,,0,,,,,,2.122585,48.795743
2025-1021275,2025-10-09,000001,Vente,311500,19,,RUE DE LA POURVOIERIE,2420,78000,78646,Versailles,78,,,78646000AI0206,,,6,44.3,,,,,,,,,1,2,Appartement,43,2,,,,,,2.132994,48.807129
2025-1021310,2025-10-23,000001,Vente,228000,8,,AV DU GEN DE GAULLE,1143,78000,78646,Versailles,78,,,78646000AH0225,,,73,,,,,,,,,,1,3,Dépendance,,0,,,,,,2.128298,48.801276
2025-1021310,2025-10-23,000001,Vente,228000,8,,AV DU GEN DE GAULLE,1143,78000,78646,Versailles,78,,,78646000AH0225,,,73,,,,,,,,,,1,3,Dépendance,,0,,,,,,2.128298,48.801276
2025-1021310,2025-10-23,000001,Vente,228000,8,,AV DU GEN DE GAULLE,1143,78000,78646,Versailles,78,,,78646000AH0225,,,73,,,,,,,,,,1,2,Appartement,69,3,,,,,,2.128298,48.801276
2025-1021310,2025-10-23,000001,Vente,228000,8,,AV DU GEN DE GAULLE,1143,78000,78646,Versailles,78,,,78646000AH0225,,,193,,,,,,,,,,1,3,Dépendance,,0,,,,,,2.128298,48.801276
2025-1021324,2025-10-16,000001,Vente,177000,22,,RUE DU MAL FOCH,1810,78000,78646,Versailles,78,,,78646000AI0211,,,27,18.45,,,,,,,,,1,2,Appartement,18,1,,,,,,2.132777,48.807412
2025-1021352,2025-10-23,000001,Vente,430000,108,,BD DE LA REINE,2520,78000,78646,Versailles,78,,,78646000AX0037,,,284,,50,68.25,,,,,,,2,2,Appartement,70,3,,,,,,2.142871,48.807658
2025-1021352,2025-10-23,000001,Vente,430000,108,,BD DE LA REINE,2520,78000,78646,Versailles,78,,,78646000AX0037,,,284,,50,68.25,,,,,,,2,3,Dépendance,,0,,,,,,2.142871,48.807658
2025-1021352,2025-10-23,000001,Vente,430000,108,,BD DE LA REINE,2520,78000,78646,Versailles,78,,,78646000AX0037,,,147,,,,,,,,,,1,3,Dépendance,,0,,,,,,2.142871,48.807658
2025-1021408,2025-10-10,000001,Vente,1560000,25,,RUE SAINTE ADELAIDE,2670,78000,78646,Versailles,78,,,78646000AD0245,,,,,,,,,,,,,0,4,Local industriel. commercial ou assimilé,906,0,S,sols,,,855,2.130214,48.811928
2025-1021408,2025-10-10,000001,Vente,1560000,25,,RUE SAINTE ADELAIDE,2670,78000,78646,Versailles,78,,,78646000AD0245,,,,,,,,,,,,,0,4,Local industriel. commercial ou assimilé,55,0,S,sols,,,855,2.130214,48.811928
2025-1021415,2025-10-17,000001,Vente,464610,39,,BD DU ROI,2641,78000,78646,Versailles,78,,,78646000AC0108,,,105,,,,,,,,,,1,3,Dépendance,,0,,,,,,2.127742,48.814503
2025-1021415,2025-10-17,000001,Vente,464610,39,,BD DU ROI,2641,78000,78646,Versailles,78,,,78646000AC0108,,,33,74.4,,,,,,,,,1,2,Appartement,75,3,,,,,,2.127742,48.814503
2025-1021430,2025-09-29,000001,Vente,255000,6,Q,RUE EDOUARD LEFEBVRE,0910,78000,78646,Versailles,78,,,78646000BR0151,,,179,,42,58.63,,,,,,,2,2,Appartement,59,3,,,,,,2.132269,48.798842
2025-1021430,2025-09-29,000001,Vente,255000,6,Q,RUE EDOUARD LEFEBVRE,0910,78000,78646,Versailles,78,,,78646000BR0151,,,179,,42,58.63,,,,,,,2,3,Dépendance,,0,,,,,,2.132269,48.798842
2025-1021430,2025-09-29,000001,Vente,255000,6,,RUE EDOUARD LEFEBVRE,0910,78000,78646,Versailles,78,,,78646000BR0151,,,123,,,,,,,,,,1,3,Dépendance,,0,,,,,,2.132269,48.798842
2025-1021439,2025-10-03,000001,Vente,440000,18,,RUE SAINTE SOPHIE,2890,78000,78646,Versailles,78,,,78646000AD0311,,,131,,,,,,,,,,1,3,Dépendance,,0,,,,,,2.133996,48.811487
2025-1021439,2025-10-03,000001,Vente,440000,18,,RUE SAINTE SOPHIE,2890,78000,78646,Versailles,78,,,78646000AD0311,,,2,62.06,60,,,,,,,,2,3,Dépendance,,0,,,,,,2.133996,48.811487
2025-1021439,2025-10-03,000001,Vente,440000,18,,RUE SAINTE SOPHIE,2890,78000,78646,Versailles,78,,,78646000AD0311,,,2,62.06,60,,,,,,,,2,2,Appartement,62,3,,,,,,2.133996,48.811487
2025-1021443,2025-10-22,000001,Vente,298000,24,,RUE CARNOT,0440,78000,78646,Versailles,78,,,78646000AE0313,,,15,41.78,20,,,,,,,,2,2,Appartement,41,2,,,,,,2.128835,48.805636
2025-1021443,2025-10-22,000001,Vente,298000,24,,RUE CARNOT,0440,78000,78646,Versailles,78,,,78646000AE0313,,,15,41.78,20,,,,,,,,2,3,Dépendance,,0,,,,,,2.128835,48.805636
2025-1021476,2025-09-30,000001,Vente,30000,21,,RUE ALBERT JOLY,0050,78000,78646,Versailles,78,,,78646000AK0108,,,113,,,,,,,,,,1,3,Dépendance,,0,,,,,,2.13855,48.810583
2025-1021480,2025-10-07,000001,Vente,280000,9,,RUE DU PEINTRE LEBRUN,2220,78000,78646,Versailles,78,,,78646000AE0374,,,4,53.05,5,,7,,,,,,3,3,Dépendance,,0,,,,,,2.124287,48.805921
2025-1021480,2025-10-07,000001,Vente,280000,9,,RUE DU PEINTRE LEBRUN,2220,78000,78646,Versailles,78,,,78646000AE0374,,,4,53.05,5,,7,,,,,,3,2,Appartement,59,3,,,,,,2.124287,48.805921
2025-1021532,2025-10-17,000001,Vente,25000,4,,IMP DE TOULOUSE,3030,78000,78646,Versailles,78,,,78646000AE0521,,,104,,,,,,,,,,1,3,Dépendance,,0,,,,,,2.130023,48.806332
2025-1021557,2025-10-17,000001,Vente,1091600,14,B,RUE MONTBAURON,1970,78000,78646,Versailles,78,,,78646000BP0016,,,34,,,,,,,,,,1,3,Dépendance,,0,,,,,,2.135836,48.80397
2025-1021557,2025-10-17,000001,Vente,1091600,14,B,RUE MONTBAURON,1970,78000,78646,Versailles,78,,,78646000BP0016,,,61,,,,,,,,,,1,3,Dépendance,,0,,,,,,2.135836,48.80397
2025-1021557,2025-10-17,000001,Vente,1091600,14,B,RUE MONTBAURON,1970,78000,78646,Versailles,78,,,78646000BP0016,,,59,,82,146.77,,,,,,,2,2,Appartement,148,5,,,,,,2.135836,48.80397
2025-1021557,2025-10-17,000001,Vente,1091600,14,B,RUE MONTBAURON,1970,78000,78646,Versailles,78,,,78646000BP0016,,,59,,82,146.77,,,,,,,2,3,Dépendance,,0,,,,,,2.135836,48.80397
2025-1021569,2025-10-07,000001,Vente,556700,17,,RUE DU MAL FOCH,1810,78000,78646,Versailles,78,,,78646000AE0284,,,25,73.34,,,,,,,,,1,2,Appartement,81,3,,,,,,2.131461,48.806044
2025-1021569,2025-10-07,000001,Vente,556700,17,,RUE DU MAL FOCH,1810,78000,78646,Versailles,78,,,78646000AE0284,,,25,73.34,,,,,,,,,1,3,Dépendance,,0,,,,,,2.131461,48.806044
2025-1021575,2025-10-15,000001,Vente,269000,12,,AV DE PARIS,2180,78000,78646,Versailles,78,,,78646000BR0027,,,20,44.13,,,,,,,,,1,2,Appartement,44,2,,,,,,2.13241,48.800962
2025-1021575,2025-10-15,000001,Vente,269000,12,,AV DE PARIS,2180,78000,78646,Versailles,78,,,78646000BR0027,,,30,,,,,,,,,,1,3,Dépendance,,0,,,,,,2.13241,48.800962
2025-1021575,2025-10-15,000001,Vente,269000,12,,AV DE PARIS,2180,78000,78646,Versailles,78,,,78646000BR0027,,,30,,,,,,,,,,1,2,Appartement,13,1,,,,,,2.13241,48.800962
2025-1021604,2025-10-03,000001,Vente,85000,14,,RUE DE SATORY,2950,78000,78646,Versailles,78,,,78646000AH0082,,,63,15.7,,,,,,,,,1,2,Appartement,15,1,,,,,,2.124857,48.800812
2025-1021625,2025-10-16,000001,Vente,390000,27,B,RUE DE NOAILLES,2050,78000,78646,Versailles,78,,,78646000BS0022,,,5,72.77,,,,,,,,,1,4,Local industriel. commercial ou assimilé,22,0,,,,,,2.134525,48.797835
2025-1021625,2025-10-16,000001,Vente,390000,27,B,RUE DE NOAILLES,2050,78000,78646,Versailles,78,,,78646000BS0022,,,6,,,,,,,,,,1,4,Local industriel. commercial ou assimilé,55,0,,,,,,2.134525,48.797835
2025-1021625,2025-10-16,000001,Vente,390000,27,B,RUE DE NOAILLES,2050,78000,78646,Versailles,78,,,78646000BS0022,,,7,30.88,,,,,,,,,1,4,Local industriel. commercial ou assimilé,32,0,,,,,,2.134525,48.797835
2025-1021636,2025-10-15,000001,Vente,358600,15,,RUE DE NOAILLES,2050,78000,78646,Versailles,78,,,78646000BR0079,,,16,51.03,7,,,,,,,,2,3,Dépendance,,0,,,,,,2.135533,48.798843
2025-1021636,2025-10-15,000001,Vente,358600,15,,RUE DE NOAILLES,2050,78000,78646,Versailles,78,,,78646000BR0079,,,16,51.03,7,,,,,,,,2,2,Appartement,55,3,,,,,,2.135533,48.798843
2025-1021651,2025-10-28,000001,Vente en l'état futur d'achèvement,15000,8,,ALL DU CORDON BOISE,0714,78000,78646,Versailles,78,,,78646000BY0110,,,202,,,,,,,,,,1,,,,,,,,,,2.078228,48.802624
2025-1021718,2025-10-23,000001,Vente en l'état futur d'achèvement,543200,4,,PROM DE GALLY,1141,78000,78646,Versailles,78,,,78646000BY0121,,,13,,,,,,,,,,1,,,,,,,,,,2.079148,48.803081
2025-1021720,2025-10-23,000001,Vente en l'état futur d'achèvement,25000,8,,ALL DU CORDON BOISE,0714,78000,78646,Versailles,78,,,78646000BY0110,,,188,,,,,,,,,,1,,,,,,,,,,2.078228,48.802624
2025-1021745,2025-10-30,000001,Vente,145000,4,,RUE PLOIX,2350,78000,78646,Versailles,78,,,78646000BL0277,,,2,,8,28.68,,,,,,,2,2,Appartement,29,2,,,,,,2.143156,48.793704
2025-1021745,2025-10-30,000001,Vente,145000,4,,RUE PLOIX,2350,78000,78646,Versailles,78,,,78646000BL0277,,,2,,8,28.68,,,,,,,2,3,Dépendance,,0,,,,,,2.143156,48.793704
2025-1021746,2025-10-30,000001,Vente,93500,139,,BD DE LA REINE,2520,78000,78646,Versailles,78,,,78646000AR0089,,,117,,,,,,,,,,1,3,Dépendance,,0,,,,,,2.141375,48.808686
2025-1021746,2025-10-30,000001,Vente,93500,139,,BD DE LA REINE,2520,78000,78646,Versailles,78,,,78646000AR0089,,,64,16.23,,,,,,,,,1,2,Appartement,16,1,,,,,,2.141375,48.808686
2025-1021749,2025-10-10,000001,Vente,149000,21,,RUE DE LA CEINTURE,0460,78000,78646,Versailles,78,,,78646000AV0076,,,9,18.14,,,,,,,,,1,2,Appartement,20,1,,,,,,2.153275,48.808959
2025-1021753,2025-10-06,000001,Vente,765000,8,,IMP DES GENDARMES,1140,78000,78646,Versailles,78,,,78646000BR0006,,,38,,5,107.73,,,,,,,2,2,Appartement,116,4,,,,,,2.131117,48.80027
2025-1021753,2025-10-06,000001,Vente,765000,8,,IMP DES GENDARMES,1140,78000,78646,Versailles,78,,,78646000BR0006,,,30,,,,,,,,,,1,3,Dépendance,,0,,,,,,2.131117,48.80027
2025-1021757,2025-10-14,000001,Vente,505000,1,B,RUE ALEXANDRE BONTEMPS,0110,78000,78646,Versailles,78,,,78646000BW0108,,,143,,,,,,,,,,1,3,Dépendance,,0,,,,,,2.123897,48.794291
2025-1021757,2025-10-14,000001,Vente,505000,1,B,RUE ALEXANDRE BONTEMPS,0110,78000,78646,Versailles,78,,,78646000BW0108,,,107,78.01,157,,,,,,,,2,2,Appartement,80,4,,,,,,2.123897,48.794291
2025-1021757,2025-10-14,000001,Vente,505000,1,B,RUE ALEXANDRE BONTEMPS,0110,78000,78646,Versailles,78,,,78646000BW0108,,,107,78.01,157,,,,,,,,2,3,Dépendance,,0,,,,,,2.123897,48.794291
2025-1021765,2025-10-08,000001,Vente,372000,1,,IMP NUNGESSER ET COLI,2090,78000,78646,Versailles,78,,,78646000BN0085,,,10,,40,59.02,,,,,,,2,2,Appartement,57,3,,,,,,2.140783,48.796606
2025-1021765,2025-10-08,000001,Vente,372000,1,,IMP NUNGESSER ET COLI,2090,78000,78646,Versailles,78,,,78646000BN0085,,,10,,40,59.02,,,,,,,2,3,Dépendance,,0,,,,,,2.140783,48.796606
2025-1021765,2025-10-08,000001,Vente,372000,82,B,AV DE PARIS,2180,78000,78646,Versailles,78,,,78646000BN0166,,,1246,,,,,,,,,,1,3,Dépendance,,0,,,,,,2.145036,48.797427
2025-1021774,2025-10-17,000001,Vente,40000,5,,RUE DE L ECOLE DES POSTES,0850,78000,78646,Versailles,78,,,78646000AZ0110,,,193,,,,,,,,,,1,3,Dépendance,,0,,,,,,2.158672,48.8041
2025-1021782,2025-10-17,000001,Vente,1039910,48,,RUE ABEL LAUVRAY,0030,78000,78646,Versailles,78,,,78646000AZ0333,,,,,,,,,,,,,0,1,Maison,94,3,S,sols,,,361,2.157543,48.803699
2025-1021794,2025-10-23,000001,Vente,558000,20,,RUE DE PROVENCE,2460,78000,78646,Versailles,78,,,78646000AX0442,,,305,,344,90.75,,,,,,,2,2,Appartement,90,4,,,,,,2.140987,48.807165
2025-1021794,2025-10-23,000001,Vente,558000,20,,RUE DE PROVENCE,2460,78000,78646,Versailles,78,,,78646000AX0442,,,95,,,,,,,,,,1,3,Dépendance,,0,,,,,,2.140987,48.807165
2025-1021794,2025-10-23,000001,Vente,558000,20,,RUE DE PROVENCE,2460,78000,78646,Versailles,78,,,78646000AX0442,,,305,,344,90.75,,,,,,,2,3,Dépendance,,0,,,,,,2.140987,48.807165
2025-1021816,2025-10-06,000001,Vente,213000,1,,RUE RICHAUD,2610,78000,78646,Versailles,78,,,78646000AI0317,,,27,22.17,84,,,,,,,,2,2,Appartement,20,1,,,,,,2.133269,48.807902
2025-1021864,2025-10-24,000001,Vente,150000,12,B,RUE DU GENERAL PERSHING,1170,78000,78646,Versailles,78,,,78646000AS0054,,,382,38.29,,,,,,,,,1,4,Local industriel. commercial ou assimilé,50,0,,,,,,2.152632,48.814149
2025-1021873,2025-10-29,000001,Vente,419125,14,,RUE DE L ERMITAGE,0940,78000,78646,Versailles,78,,,78646000AC0040,,,16,,30,77.65,,,,,,,2,3,Dépendance,,0,,,,,,2.123494,48.815012
2025-1021873,2025-10-29,000001,Vente,419125,14,,RUE DE L ERMITAGE,0940,78000,78646,Versailles,78,,,78646000AC0040,,,16,,30,77.65,,,,,,,2,2,Appartement,58,2,,,,,,2.123494,48.815012
2025-1021887,2025-10-17,000001,Vente,550000,1,,RUE MOLIERE,1940,78000,78646,Versailles,78,,,78646000BL0333,,,17,,27,,6,102.34,,,,,3,3,Dépendance,,0,,,,,,2.147366,48.794998
2025-1021887,2025-10-17,000001,Vente,550000,1,,RUE MOLIERE,1940,78000,78646,Versailles,78,,,78646000BL0333,,,17,,27,,6,102.34,,,,,3,2,Appartement,101,4,,,,,,2.147366,48.794998
2025-1021891,2025-10-16,000001,Vente,326700,82,B,AV DE PARIS,2180,78000,78646,Versailles,78,,,78646000BN0166,,,21,48.81,89,,,,,,,,2,3,Dépendance,,0,,,,,,2.145036,48.797427
2025-1021891,2025-10-16,000001,Vente,326700,82,B,AV DE PARIS,2180,78000,78646,Versailles,78,,,78646000BN0166,,,1035,,,,,,,,,,1,3,Dépendance,,0,,,,,,2.145036,48.797427
2025-1021891,2025-10-16,000001,Vente,326700,82,B,AV DE PARIS,2180,78000,78646,Versailles,78,,,78646000BN0166,,,21,48.81,89,,,,,,,,2,2,Appartement,49,2,,,,,,2.145036,48.797427
2025-1021911,2025-10-09,000001,Vente,175000,32,,RUE DE VERGENNES,3150,78000,78646,Versailles,78,,,78646000BS0042,,,6,32.78,,,,,,,,,1,3,Dépendance,,0,,,,,,2.13708,48.797406
2025-1021911,2025-10-09,000001,Vente,175000,32,,RUE DE VERGENNES,3150,78000,78646,Versailles,78,,,78646000BS0042,,,6,32.78,,,,,,,,,1,2,Appartement,33,2,,,,,,2.13708,48.797406
2025-1021929,2025-10-24,000001,Vente,390050,9,,RUE ALBERT SAMAIN,0070,78000,78646,Versailles,78,,,78646000BW0095,,,22,,5,59.01,,,,,,,2,2,Appartement,60,3,,,,,,2.122875,48.794559
2025-1021929,2025-10-24,000001,Vente,390050,9,,RUE ALBERT SAMAIN,0070,78000,78646,Versailles,78,,,78646000BW0095,,,22,,5,59.01,,,,,,,2,3,Dépendance,,0,,,,,,2.122875,48.794559
2025-1021931,2025-10-27,000001,Vente,345000,2,,RUE SAINT LAZARE,2800,78000,78646,Versailles,78,,,78646000AE0031,,,12,,22,,6,,,,,,3,3,Dépendance,,0,,,,,,2.129485,48.80871
2025-1021931,2025-10-27,000001,Vente,345000,2,,RUE SAINT LAZARE,2800,78000,78646,Versailles,78,,,78646000AE0031,,,12,,22,,6,,,,,,3,3,Dépendance,,0,,,,,,2.129485,48.80871
2025-1021931,2025-10-27,000001,Vente,345000,2,,RUE SAINT LAZARE,2800,78000,78646,Versailles,78,,,78646000AE0031,,,12,,22,,6,,,,,,3,2,Appartement,43,2,,,,,,2.129485,48.80871
2025-1021972,2025-10-24,000001,Vente,444000,17,,RUE DU MAL FOCH,1810,78000,78646,Versailles,78,,,78646000AE0284,,,30,47.71,,,,,,,,,1,2,Appartement,43,2,,,,,,2.131461,48.806044
2025-1021973,2025-10-13,000001,Vente,435000,32,T,RUE SAINT CHARLES,2710,78000,78646,Versailles,78,,,78646000AY0032,,,18,,40,68.47,,,,,,,2,3,Dépendance,,0,,,,,,2.149284,48.802302
2025-1021973,2025-10-13,000001,Vente,435000,32,T,RUE SAINT CHARLES,2710,78000,78646,Versailles,78,,,78646000AY0032,,,18,,40,68.47,,,,,,,2,2,Appartement,65,2,,,,,,2.149284,48.802302
2025-1021973,2025-10-13,000001,Vente,435000,32,T,RUE SAINT CHARLES,2710,78000,78646,Versailles,78,,,78646000AY0032,,,54,,,,,,,,,,1,3,Dépendance,,0,,,,,,2.149284,48.802302
2025-1021976,2025-10-17,000001,Vente,230000,46,,RUE DE MONTREUIL,2000,78000,78646,Versailles,78,,,78646000AY0008,,,26,,4,36.74,9,,,,,,3,3,Dépendance,,0,,,,,,2.147363,48.804424
2025-1021976,2025-10-17,000001,Vente,230000,46,,RUE DE MONTREUIL,2000,78000,78646,Versailles,78,,,78646000AY0008,,,26,,4,36.74,9,,,,,,3,2,Appartement,30,2,,,,,,2.147363,48.804424
2025-1021994,2025-11-03,000001,Vente,305000,14,,RUE DE L ERMITAGE,0940,78000,78646,Versailles,78,,,78646000AC0040,,,3,54.35,,,,,,,,,1,2,Appartement,53,3,,,,,,2.123494,48.815012
2025-1021994,2025-11-03,000001,Vente,305000,14,,RUE DE L ERMITAGE,0940,78000,78646,Versailles,78,,,78646000AC0040,,,3,54.35,,,,,,,,,1,3,Dépendance,,0,,,,,,2.123494,48.815012
2025-1022032,2025-10-31,000001,Vente,20000,20,,RUE DES ETATS GENERAUX,0980,78000,78646,Versailles,78,,,78646000BR0191,,,17,,,,,,,,,,1,3,Dépendance,,0,,,,,,2.13339,48.798708
2025-1022039,2025-10-27,000001,Vente,10000,6,T,RUE JACQUES BOYCEAU,1410,78000,78646,Versailles,78,,,78646000BP0218,,,,,,,,,,,,,0,,,,,S,sols,,,200,2.142606,48.803402
2025-1022040,2025-10-27,000002,Vente,1090000,6,T,RUE JACQUES BOYCEAU,1410,78000,78646,Versailles,78,,,78646000BP0219,,,,,,,,,,,,,0,1,Maison,186,7,S,sols,,,395,2.142524,48.803313
2025-1022047,2025-10-17,000001,Vente,199000,29,,RUE DU MAL FOCH,1810,78000,78646,Versailles,78,,,78646000AE0070,,,36,,39,34.3,,,,,,,2,2,Appartement,28,1,,,,,,2.132101,48.807725
2025-1022085,2025-11-03,000001,Vente,93000,10,,RUE D ANJOU,0190,78000,78646,Versailles,78,,,78646000BV0046,,,41,10.95,,,,,,,,,1,3,Dépendance,,0,,,,,,2.124108,48.797296
2025-1022085,2025-11-03,000001,Vente,93000,10,,RUE D ANJOU,0190,78000,78646,Versailles,78,,,78646000BV0046,,,47,,54,,,,,,,,2,3,Dépendance,,0,,,,,,2.124108,48.797296
2025-1022111,2025-10-09,000001,Vente,300000,14,,BD DE LA REINE,2520,78000,78646,Versailles,78,,,78646000AC0226,,,1,,12,,13,,,,,,3,4,Local industriel. commercial ou assimilé,80,0,,,,,,2.124915,48.809307
2025-1022124,2025-11-05,000001,Vente,1369600,7,,RUE HENRI SIMON,1330,78000,78646,Versailles,78,,,78646000AX0222,,,,,,,,,,,,,0,1,Maison,170,6,S,sols,,,229,2.147673,48.805253
2025-1022124,2025-11-05,000001,Vente,1369600,7,,RUE HENRI SIMON,1330,78000,78646,Versailles,78,,,78646000AX0222,,,,,,,,,,,,,0,3,Dépendance,,0,S,sols,,,229,2.147673,48.805253
2025-1022145,2025-10-09,000001,Vente,445550,5,,RUE DE L ECOLE DES POSTES,0850,78000,78646,Versailles,78,,,78646000AZ0110,,,3886,,,,,,,,,,1,3,Dépendance,,0,,,,,,2.158672,48.8041
2025-1022145,2025-10-09,000001,Vente,445550,18,,PROM MONA LISA,1965,78000,78646,Versailles,78,,,78646000AZ0110,,,1888,,1906,101.36,,,,,,,2,2,Appartement,102,4,,,,,,2.158672,48.8041
2025-1022145,2025-10-09,000001,Vente,445550,18,,PROM MONA LISA,1965,78000,78646,Versailles,78,,,78646000AZ0110,,,1888,,1906,101.36,,,,,,,2,3,Dépendance,,0,,,,,,2.158672,48.8041
2025-1022161,2025-10-23,000001,Vente,875000,6,,RUE MAUREPAS,1870,78000,78646,Versailles,78,,,78646000AC0229,,,4,,,,,,,,,,1,3,Dépendance,,0,,,,,,2.124432,48.809273
2025-1022161,2025-10-23,000001,Vente,875000,6,,RUE MAUREPAS,1870,78000,78646,Versailles,78,,,78646000AC0229,,,4,,,,,,,,,,1,3,Dépendance,,0,,,,,,2.124432,48.809273
2025-1022161,2025-10-23,000001,Vente,875000,6,,RUE MAUREPAS,1870,78000,78646,Versailles,78,,,78646000AC0229,,,4,,,,,,,,,,1,3,Dépendance,,0,,,,,,2.124432,48.809273
2025-1022161,2025-10-23,000001,Vente,875000,6,,RUE MAUREPAS,1870,78000,78646,Versailles,78,,,78646000AC0229,,,4,,,,,,,,,,1,2,Appartement,130,6,,,,,,2.124432,48.809273
2025-1022185,2025-10-29,000001,Vente,399000,2,,RUE DE LA CEINTURE,0460,78000,78646,Versailles,78,,,78646000AW0219,,,381,,396,81.15,,,,,,,2,3,Dépendance,,0,,,,,,2.147909,48.808568
2025-1022185,2025-10-29,000001,Vente,399000,2,,RUE DE LA CEINTURE,0460,78000,78646,Versailles,78,,,78646000AW0219,,,750,,,,,,,,,,1,3,Dépendance,,0,,,,,,2.147909,48.808568
2025-1022185,2025-10-29,000001,Vente,399000,2,,RUE DE LA CEINTURE,0460,78000,78646,Versailles,78,,,78646000AW0219,,,381,,396,81.15,,,,,,,2,3,Dépendance,,0,,,,,,2.147909,48.808568
2025-1022185,2025-10-29,000001,Vente,399000,2,,RUE DE LA CEINTURE,0460,78000,78646,Versailles,78,,,78646000AW0219,,,381,,396,81.15,,,,,,,2,2,Appartement,164,6,,,,,,2.147909,48.808568
2025-1022220,2025-10-15,000001,Vente,220000,49,,RUE DE MONTREUIL,2000,78000,78646,Versailles,78,,,78646000AX0303,,,13,,,,,,,,,,1,3,Dépendance,,0,,,,,,2.14551,48.804893
2025-1022220,2025-10-15,000001,Vente,220000,38,,RUE DE MONTREUIL,2000,78000,78646,Versailles,78,,,78646000AX0308,,,10,,2,28.86,36,,,,,,3,4,Local industriel. commercial ou assimilé,30,0,,,,,,2.145739,48.804519
2025-1022227,2025-10-30,000001,Vente,210000,5,,RUE SAINT HONORE,2780,78000,78646,Versailles,78,,,78646000BV0125,,,9,,,,,,,,,,1,2,Appartement,31,2,,,,,,2.12542,48.798409
2025-1022253,2025-11-06,000001,Vente,225050,21,,RUE SAINT MEDERIC,2840,78000,78646,Versailles,78,,,78646000BW0050,,,10,29.56,16,,,,,,,,2,3,Dépendance,,0,,,,,,2.126744,48.794208
2025-1022253,2025-11-06,000001,Vente,225050,21,,RUE SAINT MEDERIC,2840,78000,78646,Versailles,78,,,78646000BW0050,,,10,29.56,16,,,,,,,,2,2,Appartement,32,3,,,,,,2.126744,48.794208
2025-1022289,2025-10-30,000001,Vente,195000,47,,RUE DES ETATS GENERAUX,0980,78000,78646,Versailles,78,,,78646000BR0190,,,106,,31,25.94,,,,,,,2,2,Appartement,25,1,,,,,,2.135581,48.798108
2025-1022289,2025-10-30,000001,Vente,195000,47,,RUE DES ETATS GENERAUX,0980,78000,78646,Versailles,78,,,78646000BR0190,,,106,,31,25.94,,,,,,,2,3,Dépendance,,0,,,,,,2.135581,48.798108
2025-1022292,2025-10-31,000001,Vente,813960,20,,RUE DE PROVENCE,2460,78000,78646,Versailles,78,,,78646000AX0442,,,215,,230,110.41,,,,,,,2,2,Appartement,111,5,,,,,,2.140987,48.807165
2025-1022292,2025-10-31,000001,Vente,813960,20,,RUE DE PROVENCE,2460,78000,78646,Versailles,78,,,78646000AX0442,,,215,,230,110.41,,,,,,,2,3,Dépendance,,0,,,,,,2.140987,48.807165
2025-1022292,2025-10-31,000001,Vente,813960,20,,RUE DE PROVENCE,2460,78000,78646,Versailles,78,,,78646000AX0442,,,66,,,,,,,,,,1,3,Dépendance,,0,,,,,,2.140987,48.807165
2025-1022294,2025-10-14,000001,Vente,85000,25,,RUE DU MAL JOFFRE,1820,78000,78646,Versailles,78,,,78646000BW0088,,,20,,,,,,,,,,1,2,Appartement,15,1,,,,,,2.121713,48.795048
2025-1022308,2025-11-01,000001,Vente,485000,64,,RUE DES CHANTIERS,0530,78000,78646,Versailles,78,,,78646000BL0326,,,477,,68,85.07,,,,,,,2,2,Appartement,83,3,,,,,,2.143523,48.792624
2025-1022308,2025-11-01,000001,Vente,485000,64,,RUE DES CHANTIERS,0530,78000,78646,Versailles,78,,,78646000BL0326,,,477,,68,85.07,,,,,,,2,3,Dépendance,,0,,,,,,2.143523,48.792624
2025-1022308,2025-11-01,000001,Vente,485000,64,,RUE DES CHANTIERS,0530,78000,78646,Versailles,78,,,78646000BL0326,,,315,,,,,,,,,,1,3,Dépendance,,0,,,,,,2.143523,48.792624
2025-1022318,2025-11-12,000001,Vente,180000,13,,RUE DU GENERAL PERSHING,1170,78000,78646,Versailles,78,,,78646000AO0068,,,351,,,,,,,,,,1,3,Dépendance,,0,,,,,,2.148928,48.817113
2025-1022318,2025-11-12,000001,Vente,180000,13,,RUE DU GENERAL PERSHING,1170,78000,78646,Versailles,78,,,78646000AO0068,,,97,36.53,,,,,,,,,1,2,Appartement,37,1,,,,,,2.148928,48.817113
2025-1022319,2025-11-07,000001,Vente,1020000,3,,RUE DE VERDUN,3140,78000,78646,Versailles,78,,,78646000AY0287,,,37,,,,,,,,,,1,3,Dépendance,,0,,,,,,2.150369,48.800861
2025-1022319,2025-11-07,000001,Vente,1020000,3,,RUE DE VERDUN,3140,78000,78646,Versailles,78,,,78646000AY0287,,,37,,,,,,,,,,1,3,Dépendance,,0,,,,,,2.150369,48.800861
2025-1022319,2025-11-07,000001,Vente,1020000,14,T,RUE SAINT CHARLES,2710,78000,78646,Versailles,78,,,78646000AY0287,,,11,,,,,,,,,,1,1,Maison,146,6,,,,,,2.150369,48.800861
2025-1022342,2025-09-26,000001,Vente,135000,9,,RUE DE SATORY,2950,78000,78646,Versailles,78,,,78646000AH0148,,,27,,28,,,,,,,,2,2,Appartement,16,1,,,,,,2.12543,48.800683
2025-1022359,2025-10-24,000001,Vente,290000,39,,BD DU ROI,2641,78000,78646,Versailles,78,,,78646000AC0108,,,49,53.08,,,,,,,,,1,2,Appartement,53,2,,,,,,2.127742,48.814503
2025-1022359,2025-10-24,000001,Vente,290000,39,,BD DU ROI,2641,78000,78646,Versailles,78,,,78646000AC0108,,,124,,,,,,,,,,1,3,Dépendance,,0,,,,,,2.127742,48.814503
2025-1022384,2025-11-06,000001,Vente,310000,152,,AV DE PARIS,2180,78000,78646,Versailles,78,,,78646000BD0145,,,2,64.8,,,,,,,,,1,2,Appartement,63,2,,,,,,2.156444,48.797843
2025-1022384,2025-11-06,000001,Vente,310000,152,,AV DE PARIS,2180,78000,78646,Versailles,78,,,78646000BD0145,,,2,64.8,,,,,,,,,1,3,Dépendance,,0,,,,,,2.156444,48.797843
2025-1022402,2025-10-16,000001,Vente,697500,32,,RUE DU MAL JOFFRE,1820,78000,78646,Versailles,78,,,78646000BW0207,,,167,,,,,,,,,,1,3,Dépendance,,0,,,,,,2.119719,48.794497
2025-1022402,2025-10-16,000001,Vente,697500,32,,RUE DU MAL JOFFRE,1820,78000,78646,Versailles,78,,,78646000BW0207,,,131,,,,,,,,,,1,3,Dépendance,,0,,,,,,2.119719,48.794497
2025-1022402,2025-10-16,000001,Vente,697500,32,,RUE DU MAL JOFFRE,1820,78000,78646,Versailles,78,,,78646000BW0207,,,62,,71,112.31,,,,,,,2,2,Appartement,108,5,,,,,,2.119719,48.794497
2025-1022402,2025-10-16,000001,Vente,697500,32,,RUE DU MAL JOFFRE,1820,78000,78646,Versailles,78,,,78646000BW0207,,,62,,71,112.31,,,,,,,2,3,Dépendance,,0,,,,,,2.119719,48.794497
2025-1022415,2025-11-07,000001,Vente,80000,27,B,RUE SAINT LOUIS,2810,78000,78646,Versailles,78,,,78646000BW0023,,,12,18.12,,,,,,,,,1,2,Appartement,18,1,,,,,,2.127649,48.794661
2025-1022416,2025-10-23,000001,Vente,450000,19,B,RUE AUGUSTA HOLMES,0240,78000,78646,Versailles,78,,,78646000BI0222,,,,,,,,,,,,,0,3,Dépendance,,0,S,sols,,,163,2.153897,48.791346
2025-1022416,2025-10-23,000001,Vente,450000,19,B,RUE AUGUSTA HOLMES,0240,78000,78646,Versailles,78,,,78646000BI0222,,,,,,,,,,,,,0,1,Maison,59,4,S,sols,,,163,2.153897,48.791346
2025-1022416,2025-10-23,000001,Vente,450000,19,B,RUE AUGUSTA HOLMES,0240,78000,78646,Versailles,78,,,78646000BI0222,,,,,,,,,,,,,0,3,Dépendance,,0,S,sols,,,163,2.153897,48.791346
2025-1022418,2025-11-12,000001,Vente,821000,18,,RUE PASTEUR,2210,78000,78646,Versailles,78,,,78646000AX0407,,,,,,,,,,,,,0,,,,,S,sols,,,295,2.147026,48.801758
2025-1022422,2025-10-30,000001,Vente,433000,12,,AV DE PORCHEFONTAINE,2380,78000,78646,Versailles,78,,,78646000BK0021,,,493,,,,,,,,,,1,3,Dépendance,,0,,,,,,2.152071,48.797176
2025-1022422,2025-10-30,000001,Vente,433000,12,,AV DE PORCHEFONTAINE,2380,78000,78646,Versailles,78,,,78646000BK0021,,,1835,,,,,,,,,,1,3,Dépendance,,0,,,,,,2.152071,48.797176
2025-1022422,2025-10-30,000001,Vente,433000,12,,AV DE PORCHEFONTAINE,2380,78000,78646,Versailles,78,,,78646000BK0021,,,482,97.74,,,,,,,,,1,2,Appartement,97,3,,,,,,2.152071,48.797176
2025-1022424,2025-10-29,000001,Vente,552000,12,,AV DE PORCHEFONTAINE,2380,78000,78646,Versailles,78,,,78646000BK0021,,,439,109.6,485,,,,,,,,2,3,Dépendance,,0,,,,,,2.152071,48.797176
2025-1022424,2025-10-29,000001,Vente,552000,12,,AV DE PORCHEFONTAINE,2380,78000,78646,Versailles,78,,,78646000BK0021,,,1550,,,,,,,,,,1,3,Dépendance,,0,,,,,,2.152071,48.797176
2025-1022424,2025-10-29,000001,Vente,552000,12,,AV DE PORCHEFONTAINE,2380,78000,78646,Versailles,78,,,78646000BK0021,,,439,109.6,485,,,,,,,,2,2,Appartement,110,4,,,,,,2.152071,48.797176
2025-1022433,2025-10-29,000001,Vente,432500,2,,RUE VAUBAN,3110,78000,78646,Versailles,78,,,78646000BC0030,,,157,,,,,,,,,,1,3,Dépendance,,0,,,,,,2.154441,48.799454
2025-1022433,2025-10-29,000001,Vente,432500,2,,RUE VAUBAN,3110,78000,78646,Versailles,78,,,78646000BC0030,,,116,,56,75.2,,,,,,,2,3,Dépendance,,0,,,,,,2.154441,48.799454
2025-1022433,2025-10-29,000001,Vente,432500,2,,RUE VAUBAN,3110,78000,78646,Versailles,78,,,78646000BC0030,,,116,,56,75.2,,,,,,,2,2,Appartement,74,4,,,,,,2.154441,48.799454
2025-1022451,2025-11-07,000001,Vente,153000,74,,RUE ROYALE,2648,78000,78646,Versailles,78,,,78646000BV0197,,,24,,,,,,,,,,1,2,Appartement,22,1,,,,,,2.124913,48.795411
2025-1022456,2025-11-12,000001,Vente,85000,108,,BD DE LA REINE,2520,78000,78646,Versailles,78,,,78646000AX0037,,,110,14.15,,,,,,,,,1,2,Appartement,14,1,,,,,,2.142871,48.807658
2025-1022461,2025-11-07,000001,Vente,343280,8,,RUE DES RESERVOIRS,2580,78000,78646,Versailles,78,,,78646000AE0371,,,19,,20,,21,,27,,,,4,2,Appartement,65,4,,,,,,2.124232,48.806296
2025-1022486,2025-10-24,000001,Vente,497000,18,,RUE DU PARC DE CLAGNY,2171,78000,78646,Versailles,78,,,78646000AP0097,,,267,,,,,,,,,,1,3,Dépendance,,0,,,,,,2.141563,48.813647
2025-1022486,2025-10-24,000001,Vente,497000,18,,RUE DU PARC DE CLAGNY,2171,78000,78646,Versailles,78,,,78646000AP0097,,,64,88.58,81,,,,,,,,2,2,Appartement,88,4,,,,,,2.141563,48.813647
2025-1022486,2025-10-24,000001,Vente,497000,18,,RUE DU PARC DE CLAGNY,2171,78000,78646,Versailles,78,,,78646000AP0097,,,64,88.58,81,,,,,,,,2,3,Dépendance,,0,,,,,,2.141563,48.813647
2025-1022486,2025-10-24,000001,Vente,497000,18,,RUE DU PARC DE CLAGNY,2171,78000,78646,Versailles,78,,,78646000AP0097,,,344,,,,,,,,,,1,3,Dépendance,,0,,,,,,2.141563,48.813647
2025-1022494,2025-10-16,000001,Vente,670105,7,,PL HOCHE,1340,78000,78646,Versailles,78,,,78646000AE0435,,,22,80.48,23,80.48,24,80.48,53,,,,4,3,Dépendance,,0,,,,,,2.128702,48.806391
2025-1022494,2025-10-16,000001,Vente,670105,7,,PL HOCHE,1340,78000,78646,Versailles,78,,,78646000AE0435,,,22,80.48,23,80.48,24,80.48,53,,,,4,2,Appartement,80,3,,,,,,2.128702,48.806391
2025-1022500,2025-10-30,000001,Vente,679300,21,,BD ST ANTOINE,2690,78000,78646,Versailles,78,,,78646000AC0054,,,107,95.26,451,,,,,,,,2,2,Appartement,94,4,,,,,,2.125692,48.815948
2025-1022500,2025-10-30,000001,Vente,679300,21,,BD ST ANTOINE,2690,78000,78646,Versailles,78,,,78646000AC0054,,,107,95.26,451,,,,,,,,2,3,Dépendance,,0,,,,,,2.125692,48.815948
2025-1022500,2025-10-30,000001,Vente,679300,21,,BD ST ANTOINE,2690,78000,78646,Versailles,78,,,78646000AC0054,,,510,,,,,,,,,,1,3,Dépendance,,0,,,,,,2.125692,48.815948
2025-1022579,2025-11-13,000001,Vente,407268,2,B,RUE DU PARC DE CLAGNY,2171,78000,78646,Versailles,78,,,78646000AR0094,,,16,58.09,36,,,,,,,,2,3,Dépendance,,0,,,,,,2.140261,48.808704
2025-1022579,2025-11-13,000001,Vente,407268,2,B,RUE DU PARC DE CLAGNY,2171,78000,78646,Versailles,78,,,78646000AR0094,,,16,58.09,36,,,,,,,,2,2,Appartement,62,3,,,,,,2.140261,48.808704
2025-1022583,2025-11-03,000001,Vente,433000,2,,RUE DES CONDAMINES,0690,78000,78646,Versailles,78,,,78646000BP0117,,,19,73.63,2,73.63,,,,,,,2,3,Dépendance,,0,,,,,,2.145334,48.801078
2025-1022583,2025-11-03,000001,Vente,433000,2,,RUE DES CONDAMINES,0690,78000,78646,Versailles,78,,,78646000BP0117,,,19,73.63,2,73.63,,,,,,,2,2,Appartement,70,4,,,,,,2.145334,48.801078
2025-1022584,2025-10-24,000001,Vente,675000,8,,RUE JEAN MERMOZ,1460,78000,78646,Versailles,78,,,78646000BN0035,,,30,86.26,40,,,,,,,,2,2,Appartement,86,3,,,,,,2.142529,48.797184
2025-1022584,2025-10-24,000001,Vente,675000,8,,RUE JEAN MERMOZ,1460,78000,78646,Versailles,78,,,78646000BN0035,,,75,,,,,,,,,,1,3,Dépendance,,0,,,,,,2.142529,48.797184
2025-1022584,2025-10-24,000001,Vente,675000,8,,RUE JEAN MERMOZ,1460,78000,78646,Versailles,78,,,78646000BN0035,,,76,,,,,,,,,,1,3,Dépendance,,0,,,,,,2.142529,48.797184
2025-1022585,2025-11-03,000001,Vente,470000,88,,RUE D ANJOU,0190,78000,78646,Versailles,78,,,78646000BT0078,,,106,72.73,117,,,,,,,,2,3,Dépendance,,0,,,,,,2.129714,48.79553
2025-1022585,2025-11-03,000001,Vente,470000,88,,RUE D ANJOU,0190,78000,78646,Versailles,78,,,78646000BT0078,,,106,72.73,117,,,,,,,,2,2,Appartement,82,3,,,,,,2.129714,48.79553
2025-1022589,2025-11-14,000001,Vente,340400,2,,RUE LE NOTRE,1600,78000,78646,Versailles,78,,,78646000AE0457,,,11,,15,,17,,6,50.08,,,4,2,Appartement,48,3,,,,,,2.131455,48.808493
2025-1022589,2025-11-14,000001,Vente,340400,2,,RUE LE NOTRE,1600,78000,78646,Versailles,78,,,78646000AE0457,,,11,,15,,17,,6,50.08,,,4,3,Dépendance,,0,,,,,,2.131455,48.808493
2025-1022589,2025-11-14,000001,Vente,340400,2,,RUE LE NOTRE,1600,78000,78646,Versailles,78,,,78646000AE0457,,,11,,15,,17,,6,50.08,,,4,3,Dépendance,,0,,,,,,2.131455,48.808493
2025-1022596,2025-10-24,000001,Vente,194250,7,,RUE MADEMOISELLE,1740,78000,78646,Versailles,78,,,78646000AD0046,,,2,,29,,3,,62,,71,,5,2,Appartement,25,1,,,,,,2.128794,48.810081
2025-1022598,2025-11-13,000001,Vente,85000,19,,RUE EDME FREMY,0880,78000,78646,Versailles,78,,,78646000BN0094,,,10,,,,,,,,,,1,2,Appartement,25,1,,,,,,2.139416,48.796969
2025-1022623,2025-11-14,000001,Vente,315000,12,,RUE CHAMP LAGARDE,0490,78000,78646,Versailles,78,,,78646000BO0007,,,12,41.01,,,,,,,,,1,3,Dépendance,,0,,,,,,2.142517,48.800386
2025-1022623,2025-11-14,000001,Vente,315000,12,,RUE CHAMP LAGARDE,0490,78000,78646,Versailles,78,,,78646000BO0007,,,12,41.01,,,,,,,,,1,2,Appartement,41,3,,,,,,2.142517,48.800386
2025-1022626,2025-11-12,000001,Vente,343500,23,,RUE DES RESERVOIRS,2580,78000,78646,Versailles,78,,,78646000AC0231,,,53,,71,,,,,,,,2,2,Appartement,50,2,,,,,,2.12459,48.809112
2025-1022626,2025-11-12,000001,Vente,343500,23,,RUE DES RESERVOIRS,2580,78000,78646,Versailles,78,,,78646000AC0231,,,29,,,,,,,,,,1,3,Dépendance,,0,,,,,,2.12459,48.809112
2025-1022631,2025-11-12,000001,Vente,306150,41,,AV DE PARIS,2180,78000,78646,Versailles,78,,,78646000BP0138,,,131,,19,,,,,,,,2,3,Dépendance,,0,,,,,,2.139184,48.800518
2025-1022631,2025-11-12,000001,Vente,306150,41,,AV DE PARIS,2180,78000,78646,Versailles,78,,,78646000BP0138,,,131,,19,,,,,,,,2,2,Appartement,50,1,,,,,,2.139184,48.800518
2025-1022631,2025-11-12,000001,Vente,306150,41,,AV DE PARIS,2180,78000,78646,Versailles,78,,,78646000BP0138,,,76,,,,,,,,,,1,3,Dépendance,,0,,,,,,2.139184,48.800518
2025-1022640,2025-10-21,000001,Vente,30000,128,,AV DE PARIS,2180,78000,78646,Versailles,78,,,78646000BD0005,,,35,,,,,,,,,,1,3,Dépendance,,0,,,,,,2.154322,48.797741
2025-1022666,2025-11-13,000001,Vente,22000,7,,RUE RICHAUD,2610,78000,78646,Versailles,78,,,78646000AI0313,,,191,,,,,,,,,,1,3,Dépendance,,0,,,,,,2.135209,48.807376
2025-1022670,2025-11-06,000001,Vente,110000,12,,RUE DES DEUX PORTES,0780,78000,78646,Versailles,78,,,78646000AE0274,,,18,9.43,,,,,,,,,1,2,Appartement,15,1,,,,,,2.130881,48.806122
2025-1022707,2025-11-13,000001,Vente en l'état futur d'achèvement,669000,8,,ALL DU CORDON BOISE,0714,78000,78646,Versailles,78,,,78646000BY0110,,,402,,,,,,,,,,1,,,,,,,,,,2.078228,48.802624
2025-1022707,2025-11-13,000001,Vente en l'état futur d'achèvement,669000,8,,ALL DU CORDON BOISE,0714,78000,78646,Versailles,78,,,78646000BY0110,,,204,,,,,,,,,,1,,,,,,,,,,2.078228,48.802624
2025-1022707,2025-11-13,000001,Vente en l'état futur d'achèvement,669000,8,,ALL DU CORDON BOISE,0714,78000,78646,Versailles,78,,,78646000BY0110,,,203,,,,,,,,,,1,,,,,,,,,,2.078228,48.802624
2025-1022715,2025-11-14,000001,Vente,200000,2,,RUE LA QUINTINIE,2470,78000,78646,Versailles,78,,,78646000BV0206,,,17,25.09,,,,,,,,,1,2,Appartement,23,2,,,,,,2.12011,48.800596
2025-1022729,2025-10-31,000001,Vente,599000,9,,RUE DES MOINES,1930,78000,78646,Versailles,78,,,78646000BI0042,,,,,,,,,,,,,0,1,Maison,60,3,S,sols,,,197,2.153932,48.79343
2025-1022754,2025-11-12,000001,Vente,225000,19,,RUE MONTBAURON,1970,78000,78646,Versailles,78,,,78646000AI0074,,,41,31.25,,,,,,,,,1,2,Appartement,29,2,,,,,,2.135301,48.804349
2025-1022754,2025-11-12,000001,Vente,225000,19,,RUE MONTBAURON,1970,78000,78646,Versailles,78,,,78646000AI0074,,,41,31.25,,,,,,,,,1,3,Dépendance,,0,,,,,,2.135301,48.804349
2025-1022754,2025-11-12,000001,Vente,225000,19,,RUE MONTBAURON,1970,78000,78646,Versailles,78,,,78646000AI0074,,,41,31.25,,,,,,,,,1,3,Dépendance,,0,,,,,,2.135301,48.804349
2025-1022789,2025-11-07,000001,Vente,385000,60,,RUE CHAMP LAGARDE,0490,78000,78646,Versailles,78,,,78646000AY0097,,,19,55.82,34,,,,,,,,2,2,Appartement,55,3,,,,,,2.149752,48.801617
2025-1022789,2025-11-07,000001,Vente,385000,60,,RUE CHAMP LAGARDE,0490,78000,78646,Versailles,78,,,78646000AY0097,,,19,55.82,34,,,,,,,,2,3,Dépendance,,0,,,,,,2.149752,48.801617
2025-1022796,2025-11-05,000001,Vente,150000,6,,RUE DE LA PAROISSE,2190,78000,78646,Versailles,78,,,78646000AE0167,,,40,19.07,41,19.07,,,,,,,2,2,Appartement,20,2,,,,,,2.125085,48.808278
2025-1022814,2025-10-29,000001,Vente,210000,73,,RUE DE LA PAROISSE,2190,78000,78646,Versailles,78,,,78646000AI0177,,,47,36.7,,,,,,,,,1,2,Appartement,36,2,,,,,,2.134758,48.806357
2025-1022838,2025-11-19,000001,Vente,212000,6,,RUE ANDRE CHENIER,0160,78000,78646,Versailles,78,,,78646000AI0118,,,6,28.36,,,,,,,,,1,2,Appartement,41,2,,,,,,2.13294,48.806067
2025-1022855,2025-10-30,000001,Vente,11500,59,,RUE DU MAL FOCH,1810,78000,78646,Versailles,78,,,78646000AD0490,,,312,,,,,,,,,,1,3,Dépendance,,0,,,,,,2.134228,48.811238
2025-1022867,2025-11-12,000001,Vente,276000,13,,RUE DU GENERAL PERSHING,1170,78000,78646,Versailles,78,,,78646000AO0068,,,279,,,,,,,,,,1,3,Dépendance,,0,,,,,,2.148928,48.817113
2025-1022867,2025-11-12,000001,Vente,276000,13,,RUE DU GENERAL PERSHING,1170,78000,78646,Versailles,78,,,78646000AO0068,,,163,,23,48.08,,,,,,,2,3,Dépendance,,0,,,,,,2.148928,48.817113
2025-1022867,2025-11-12,000001,Vente,276000,13,,RUE DU GENERAL PERSHING,1170,78000,78646,Versailles,78,,,78646000AO0068,,,163,,23,48.08,,,,,,,2,2,Appartement,49,2,,,,,,2.148928,48.817113
2025-1022867,2025-11-12,000001,Vente,276000,13,,RUE DU GENERAL PERSHING,1170,78000,78646,Versailles,78,,,78646000AO0068,,,278,,,,,,,,,,1,3,Dépendance,,0,,,,,,2.148928,48.817113
2025-1022894,2025-10-21,000001,Vente,210000,49,,RUE D ANJOU,0190,78000,78646,Versailles,78,,,78646000BT0053,,,11,,,,,,,,,,1,2,Appartement,30,1,,,,,,2.127792,48.796753
2025-1022895,2025-10-21,000001,Vente,332600,19,,RUE JEAN MERMOZ,1460,78000,78646,Versailles,78,,,78646000BN0061,,,13,,26,,,,,,,,2,3,Dépendance,,0,,,,,,2.141058,48.796289
2025-1022895,2025-10-21,000001,Vente,332600,19,,RUE JEAN MERMOZ,1460,78000,78646,Versailles,78,,,78646000BN0061,,,13,,26,,,,,,,,2,2,Appartement,42,3,,,,,,2.141058,48.796289
2025-1022899,2025-09-24,000001,Vente,1350000,4,,PL HOCHE,1340,78000,78646,Versailles,78,,,78646000AE0330,,,110,,125,,77,,78,,,,4,4,Local industriel. commercial ou assimilé,210,0,,,,,,2.127082,48.805656
2025-1022912,2025-11-07,000001,Vente,423000,22,,PROM MONA LISA,1965,78000,78646,Versailles,78,,,78646000AZ0110,,,1965,,1986,79.26,,,,,,,2,3,Dépendance,,0,,,,,,2.158672,48.8041
2025-1022912,2025-11-07,000001,Vente,423000,5,,RUE DE L ECOLE DES POSTES,0850,78000,78646,Versailles,78,,,78646000AZ0110,,,3839,,,,,,,,,,1,3,Dépendance,,0,,,,,,2.158672,48.8041
2025-1022912,2025-11-07,000001,Vente,423000,22,,PROM MONA LISA,1965,78000,78646,Versailles,78,,,78646000AZ0110,,,1965,,1986,79.26,,,,,,,2,2,Appartement,81,3,,,,,,2.158672,48.8041
2025-1022912,2025-11-07,000001,Vente,423000,22,,PROM MONA LISA,1965,78000,78646,Versailles,78,,,78646000AZ0110,,,1965,,1986,79.26,,,,,,,2,3,Dépendance,,0,,,,,,2.158672,48.8041
2025-1022982,2025-10-27,000001,Vente,370000,9,,RUE NEUVE NOTRE DAME,2040,78000,78646,Versailles,78,,,78646000AE0010,,,40,41.36,,,,,,,,,1,2,Appartement,42,2,,,,,,2.126961,48.809017
2025-1022993,2025-11-20,000001,Vente en l'état futur d'achèvement,891000,8,,ALL DU CORDON BOISE,0714,78000,78646,Versailles,78,,,78646000BY0110,,,168,,,,,,,,,,1,,,,,,,,,,2.078228,48.802624
2025-1022993,2025-11-20,000001,Vente en l'état futur d'achèvement,891000,8,,ALL DU CORDON BOISE,0714,78000,78646,Versailles,78,,,78646000BY0110,,,167,,,,,,,,,,1,,,,,,,,,,2.078228,48.802624
2025-1022993,2025-11-20,000001,Vente en l'état futur d'achèvement,891000,13,,ALL DE L'ETOILE ROYALE,1004,78000,78646,Versailles,78,,,78646000BY0136,,,,,,,,,,,,,0,,,,,AB,terrains a bâtir,,,206,2.079684,48.80285
2025-1023007,2025-11-21,000001,Vente,402000,21,,RUE JOUVENCEL,1520,78000,78646,Versailles,78,,,78646000AI0029,,,2,,21,51.38,,,,,,,2,3,Dépendance,,0,,,,,,2.134246,48.803041
2025-1023007,2025-11-21,000001,Vente,402000,21,,RUE JOUVENCEL,1520,78000,78646,Versailles,78,,,78646000AI0029,,,2,,21,51.38,,,,,,,2,2,Appartement,55,3,,,,,,2.134246,48.803041
2025-1023011,2025-11-20,000001,Vente,520000,83,,RUE DE LA PAROISSE,2190,78000,78646,Versailles,78,,,78646000AI0160,,,12,,4,68.31,,,,,,,2,2,Appartement,69,3,,,,,,2.135563,48.8059
2025-1023011,2025-11-20,000001,Vente,520000,83,,RUE DE LA PAROISSE,2190,78000,78646,Versailles,78,,,78646000AI0160,,,12,,4,68.31,,,,,,,2,3,Dépendance,,0,,,,,,2.135563,48.8059
2025-1023016,2025-11-14,000001,Vente,1800000,30,,RUE DU MAL DE LATTRE DE TASSIG,1790,78000,78646,Versailles,78,,,78646000AL0002,,,,,,,,,,,,,0,1,Maison,209,9,S,sols,,,708,2.137844,48.818754
2025-1023016,2025-11-14,000001,Vente,1800000,30,,RUE DU MAL DE LATTRE DE TASSIG,1790,78000,78646,Versailles,78,,,78646000AL0002,,,,,,,,,,,,,0,3,Dépendance,,0,S,sols,,,708,2.137844,48.818754
2025-1023017,2025-11-18,000001,Vente,425000,11,,RUE DU MARECHAL GALLIENI,1812,78000,78646,Versailles,78,,,78646000AC0213,,,29,,9,95.3,,,,,,,2,2,Appartement,90,3,,,,,,2.123627,48.810722
2025-1023017,2025-11-18,000001,Vente,425000,11,,RUE DU MARECHAL GALLIENI,1812,78000,78646,Versailles,78,,,78646000AC0213,,,29,,9,95.3,,,,,,,2,3,Dépendance,,0,,,,,,2.123627,48.810722
2025-1023017,2025-11-18,000001,Vente,425000,11,,RUE DU MARECHAL GALLIENI,1812,78000,78646,Versailles,78,,,78646000AC0213,,,9,95.3,,,,,,,,,1,3,Dépendance,,0,,,,,,2.123627,48.810722
2025-1023019,2025-11-19,000001,Vente,205000,9,,PL ALEXANDRE 1E LOUIS BARTHOU,0100,78000,78646,Versailles,78,,,78646000AX0489,,,16,,221,29.33,,,,,,,2,2,Appartement,29,1,,,,,,2.140761,48.806449
2025-1023019,2025-11-19,000001,Vente,205000,9,,PL ALEXANDRE 1E LOUIS BARTHOU,0100,78000,78646,Versailles,78,,,78646000AX0489,,,63,,,,,,,,,,1,3,Dépendance,,0,,,,,,2.140761,48.806449
2025-1023019,2025-11-19,000001,Vente,205000,9,,PL ALEXANDRE 1E LOUIS BARTHOU,0100,78000,78646,Versailles,78,,,78646000AX0489,,,16,,221,29.33,,,,,,,2,3,Dépendance,,0,,,,,,2.140761,48.806449
2025-1023025,2025-11-18,000001,Vente,698600,2,,RUE ALEXIS DE TOCQUEVILLE,0128,78000,78646,Versailles,78,,,78646000BS0226,,,4032,81.07,,,,,,,,,1,2,Appartement,80,4,,,,,,2.132076,48.794722
2025-1023025,2025-11-18,000001,Vente,698600,2,,RUE ALEXIS DE TOCQUEVILLE,0128,78000,78646,Versailles,78,,,78646000BS0226,,,4249,,,,,,,,,,1,3,Dépendance,,0,,,,,,2.132076,48.794722
2025-1023025,2025-11-18,000001,Vente,698600,2,,RUE ALEXIS DE TOCQUEVILLE,0128,78000,78646,Versailles,78,,,78646000BS0226,,,4355,,,,,,,,,,1,3,Dépendance,,0,,,,,,2.132076,48.794722
2025-1023026,2025-11-19,000001,Vente,942000,4,,RUE SAINTE VICTOIRE,2920,78000,78646,Versailles,78,,,78646000AD0082,,,12,,4,105.17,,,,,,,2,2,Appartement,110,4,,,,,,2.131716,48.809825
2025-1023026,2025-11-19,000001,Vente,942000,4,,RUE SAINTE VICTOIRE,2920,78000,78646,Versailles,78,,,78646000AD0082,,,12,,4,105.17,,,,,,,2,3,Dépendance,,0,,,,,,2.131716,48.809825
2025-1023049,2025-10-29,000001,Vente,180000,13,,RUE LOUIS HAUSSMANN,1679,78000,78646,Versailles,78,,,78646000AS0004,,,1,,12,,,,,,,,2,2,Appartement,32,3,,,,,,2.144016,48.810853
2025-1023049,2025-10-29,000001,Vente,180000,13,,RUE LOUIS HAUSSMANN,1679,78000,78646,Versailles,78,,,78646000AS0004,,,1,,12,,,,,,,,2,3,Dépendance,,0,,,,,,2.144016,48.810853
2025-1023051,2025-11-19,000001,Vente,841725,47,,RUE PIERRE CURIE,2300,78000,78646,Versailles,78,,,78646000BD0062,,,,,,,,,,,,,0,1,Maison,128,4,S,sols,,,294,2.157969,48.797115
2025-1023056,2025-11-21,000001,Vente,548050,53,,AV DE PARIS,2180,78000,78646,Versailles,78,,,78646000BP0132,,,4,,83,,,,,,,,2,3,Dépendance,,0,,,,,,2.1408,48.800274
2025-1023056,2025-11-21,000001,Vente,548050,53,,AV DE PARIS,2180,78000,78646,Versailles,78,,,78646000BP0132,,,151,,,,,,,,,,1,3,Dépendance,,0,,,,,,2.1408,48.800274
2025-1023056,2025-11-21,000001,Vente,548050,53,,AV DE PARIS,2180,78000,78646,Versailles,78,,,78646000BP0132,,,278,,,,,,,,,,1,3,Dépendance,,0,,,,,,2.1408,48.800274
2025-1023056,2025-11-21,000001,Vente,548050,53,,AV DE PARIS,2180,78000,78646,Versailles,78,,,78646000BP0132,,,4,,83,,,,,,,,2,2,Appartement,103,5,,,,,,2.1408,48.800274
2025-1023076,2025-11-13,000001,Vente,120000,93,,RUE YVES LE COZ,3210,78000,78646,Versailles,78,,,78646000BE0108,,,7,19.46,,,,,,,,,1,2,Appartement,20,1,,,,,,2.15647,48.795075
2025-1023086,2025-11-17,000001,Vente,800000,8,,RUE JACQUES BOYCEAU,1410,78000,78646,Versailles,78,,,78646000BP0217,,,,,,,,,,,,,0,,,,,AG,terrains d'agrément,,,500,2.142444,48.803398
2025-1023120,2025-10-28,000001,Vente,203000,36,,RUE DES RESERVOIRS,2580,78000,78646,Versailles,78,,,78646000AE0402,,,33,26.58,,,,,,,,,1,2,Appartement,25,2,,,,,,2.125799,48.809109
2025-1023144,2025-11-25,000001,Vente,215400,29,,AV DE PARIS,2180,78000,78646,Versailles,78,,,78646000BP0149,,,14,,29,,,,,,,,2,3,Dépendance,,0,,,,,,2.136424,48.801198
2025-1023144,2025-11-25,000001,Vente,215400,29,,AV DE PARIS,2180,78000,78646,Versailles,78,,,78646000BP0149,,,14,,29,,,,,,,,2,2,Appartement,31,1,,,,,,2.136424,48.801198
2025-1023145,2025-11-26,000001,Vente,44000,50,,RUE DU MAL FOCH,1810,78000,78646,Versailles,78,,,78646000AK0156,,,117,9.1,,,,,,,,,1,3,Dépendance,,0,,,,,,2.134814,48.810508
2025-1023195,2025-11-10,000001,Echange,15000,27,,RUE DE LA CEINTURE,0460,78000,78646,Versailles,78,,,78646000AV0078,,,43,,,,,,,,,,1,3,Dépendance,,0,,,,,,2.153491,48.808977
2025-1023196,2025-11-10,000002,Echange,13000,27,,RUE DE LA CEINTURE,0460,78000,78646,Versailles,78,,,78646000AV0078,,,44,,,,,,,,,,1,3,Dépendance,,0,,,,,,2.153491,48.808977
2025-1023202,2025-11-05,000001,Vente,269000,1,,RUE D ANGIVILLER,0170,78000,78646,Versailles,78,,,78646000AC0243,,,27,,,,,,,,,,1,3,Dépendance,,0,,,,,,2.12435,48.811031
2025-1023202,2025-11-05,000001,Vente,269000,1,,RUE D ANGIVILLER,0170,78000,78646,Versailles,78,,,78646000AC0243,,,10,29.94,,,,,,,,,1,2,Appartement,35,1,,,,,,2.12435,48.811031
2025-1023225,2025-11-18,000001,Vente,386550,17,,RUE DU MAL JOFFRE,1820,78000,78646,Versailles,78,,,78646000BV0205,,,40,67.86,52,,,,,,,,2,2,Appartement,72,3,,,,,,2.122603,48.796328
2025-1023225,2025-11-18,000001,Vente,386550,17,,RUE DU MAL JOFFRE,1820,78000,78646,Versailles,78,,,78646000BV0205,,,40,67.86,52,,,,,,,,2,3,Dépendance,,0,,,,,,2.122603,48.796328
2025-1023241,2025-11-18,000001,Vente,430000,4,,ALL DE MARIVEL,1853,78000,78646,Versailles,78,,,78646000BN0126,,,64,83.73,,,,,,,,,1,2,Appartement,84,4,,,,,,2.148622,48.797466
2025-1023241,2025-11-18,000001,Vente,430000,4,,ALL DE MARIVEL,1853,78000,78646,Versailles,78,,,78646000BN0126,,,64,83.73,,,,,,,,,1,3,Dépendance,,0,,,,,,2.148622,48.797466
2025-1023241,2025-11-18,000001,Vente,430000,9001,,ALL DE MARIVEL,1853,78000,78646,Versailles,78,,,78646000BN0126,,,180,,,,,,,,,,1,3,Dépendance,,0,,,,,,2.148622,48.797466
2025-1023353,2025-11-14,000001,Vente,340000,16,,RUE BENJAMIN FRANKLIN,0340,78000,78646,Versailles,78,,,78646000BR0190,,,210,61.35,217,,,,,,,,2,2,Appartement,61,3,,,,,,2.135581,48.798108
2025-1023353,2025-11-14,000001,Vente,340000,14,B,RUE BENJAMIN FRANKLIN,0340,78000,78646,Versailles,78,,,78646000BR0190,,,309,,,,,,,,,,1,3,Dépendance,,0,,,,,,2.135581,48.798108
2025-1023353,2025-11-14,000001,Vente,340000,16,,RUE BENJAMIN FRANKLIN,0340,78000,78646,Versailles,78,,,78646000BR0190,,,210,61.35,217,,,,,,,,2,3,Dépendance,,0,,,,,,2.135581,48.798108
2025-1023381,2025-11-26,000001,Vente,168740,6,,RUE SAINT JULIEN,2790,78000,78646,Versailles,78,,,78646000AH0005,,,5,19.49,,,,,,,,,1,2,Appartement,19,1,,,,,,2.122175,48.802395
2025-1023391,2025-11-14,000001,Vente,305500,79,,RUE ALBERT SARRAUT,0080,78000,78646,Versailles,78,,,78646000BL0294,,,409,,,,,,,,,,1,3,Dépendance,,0,,,,,,2.146987,48.791716
2025-1023391,2025-11-14,000001,Vente,305500,79,,RUE ALBERT SARRAUT,0080,78000,78646,Versailles,78,,,78646000BL0294,,,215,58.13,234,,,,,,,,2,2,Appartement,56,3,,,,,,2.146987,48.791716
2025-1023391,2025-11-14,000001,Vente,305500,79,,RUE ALBERT SARRAUT,0080,78000,78646,Versailles,78,,,78646000BL0294,,,215,58.13,234,,,,,,,,2,3,Dépendance,,0,,,,,,2.146987,48.791716
2025-1023399,2025-11-25,000001,Vente,139700,27,,RUE DE VERGENNES,3150,78000,78646,Versailles,78,,,78646000BN0024,,,39,,,,,,,,,,1,2,Appartement,28,1,,,,,,2.138069,48.798189
2025-1023404,2025-11-27,000001,Vente,61000,94,,AV DE PARIS,2180,78000,78646,Versailles,78,,,78646000BN0051,,,46,,,,,,,,,,1,3,Dépendance,,0,,,,,,2.148182,48.797645
2025-1023407,2025-11-27,000001,Vente,18000,6,,RUE DE LA CEINTURE,0460,78000,78646,Versailles,78,,,78646000AW0006,,,1380,,,,,,,,,,1,3,Dépendance,,0,,,,,,2.15013,48.808121
2025-1023408,2025-11-03,000001,Vente,330000,62,,RUE DES CHANTIERS,0530,78000,78646,Versailles,78,,,78646000BL0327,,,101,65.6,266,,,,,,,,2,2,Appartement,65,3,,,,,,2.142467,48.792993
2025-1023408,2025-11-03,000001,Vente,330000,62,,RUE DES CHANTIERS,0530,78000,78646,Versailles,78,,,78646000BL0327,,,101,65.6,266,,,,,,,,2,3,Dépendance,,0,,,,,,2.142467,48.792993
2025-1023408,2025-11-03,000001,Vente,330000,62,,RUE DES CHANTIERS,0530,78000,78646,Versailles,78,,,78646000BL0327,,,406,,,,,,,,,,1,3,Dépendance,,0,,,,,,2.142467,48.792993
2025-1023418,2025-11-03,000001,Vente,190000,32,,RUE HENRI SIMON,1330,78000,78646,Versailles,78,,,78646000AW0006,,,45,26.07,,,,,,,,,1,2,Appartement,29,1,,,,,,2.15013,48.808121
2025-1023423,2025-11-20,000001,Vente,229673.74,1,,RUE BORGNIS DESBORDES,0395,78000,78646,Versailles,78,,,78646000BW0225,,,2038,35.5,,,,,,,,,1,2,Appartement,35,1,,,,,,2.122858,48.795353
2025-1023425,2025-11-26,000001,Vente,50000,6,,RUE DU MARECHAL GALLIENI,1812,78000,78646,Versailles,78,,,78646000AC0194,,,23,,,,,,,,,,1,3,Dépendance,,0,,,,,,2.124471,48.810515
2025-1023431,2025-11-28,000001,Vente,9600,37,,RUE DE LA CEINTURE,0460,78000,78646,Versailles,78,,,78646000AV0409,,,68,,,,,,,,,,1,3,Dépendance,,0,,,,,,2.156285,48.808833
2025-1023433,2025-11-19,000001,Vente,210200,1,,RUE RICHAUD,2610,78000,78646,Versailles,78,,,78646000AI0317,,,15,22.1,60,,,,,,,,2,2,Appartement,22,1,,,,,,2.133269,48.807902
2025-1023438,2025-11-25,000001,Vente,110000,13,,RUE EDOUARD CHARTON,0890,78000,78646,Versailles,78,,,78646000BS0009,,,21,18.47,,,,,,,,,1,2,Appartement,25,1,,,,,,2.130467,48.795316
2025-1023450,2025-11-25,000001,Vente,720000,7,,ALL DES GARDES ROYALES,1136,78000,78646,Versailles,78,,,78646000AY0212,,,731,,749,,,,,,,,2,3,Dépendance,,0,,,,,,2.151214,48.802177
2025-1023450,2025-11-25,000001,Vente,720000,7,,ALL DES GARDES ROYALES,1136,78000,78646,Versailles,78,,,78646000AY0212,,,731,,749,,,,,,,,2,3,Dépendance,,0,,,,,,2.151214,48.802177
2025-1023450,2025-11-25,000001,Vente,720000,2,,ALL DES GARDES ROYALES,1136,78000,78646,Versailles,78,,,78646000AY0212,,,1105,,,,,,,,,,1,3,Dépendance,,0,,,,,,2.151214,48.802177
2025-1023450,2025-11-25,000001,Vente,720000,7,,ALL DES GARDES ROYALES,1136,78000,78646,Versailles,78,,,78646000AY0212,,,731,,749,,,,,,,,2,2,Appartement,104,5,,,,,,2.151214,48.802177
2025-1023479,2025-12-02,000001,Vente,643650,2,,RUE DE SAVOIE,2970,78000,78646,Versailles,78,,,78646000AC0175,,,13,,,,,,,,,,1,2,Appartement,40,2,,,,,,2.125484,48.811043
2025-1023479,2025-12-02,000001,Vente,643650,2,,RUE DE SAVOIE,2970,78000,78646,Versailles,78,,,78646000AC0175,,,4,79.8,9,,,,,,,,2,3,Dépendance,,0,,,,,,2.125484,48.811043
2025-1023479,2025-12-02,000001,Vente,643650,2,,RUE DE SAVOIE,2970,78000,78646,Versailles,78,,,78646000AC0175,,,4,79.8,9,,,,,,,,2,2,Appartement,79,4,,,,,,2.125484,48.811043
2025-1023515,2025-12-02,000001,Vente,174900,11,B,RUE COLBERT,0630,78000,78646,Versailles,78,,,78646000AE0338,,,39,18.29,,,,,,,,,1,3,Dépendance,,0,,,,,,2.126007,48.805232
2025-1023526,2025-11-28,000001,Vente,320000,41,,AV DE PARIS,2180,78000,78646,Versailles,78,,,78646000BP0138,,,128,51.48,24,,,,,,,,2,2,Appartement,45,1,,,,,,2.139184,48.800518
2025-1023526,2025-11-28,000001,Vente,320000,41,,AV DE PARIS,2180,78000,78646,Versailles,78,,,78646000BP0138,,,64,,,,,,,,,,1,3,Dépendance,,0,,,,,,2.139184,48.800518
2025-1023528,2025-11-27,000001,Vente,992000,3,,RUE DE VERDUN,3140,78000,78646,Versailles,78,,,78646000AY0287,,,29,,,,,,,,,,1,3,Dépendance,,0,,,,,,2.150369,48.800861
2025-1023528,2025-11-27,000001,Vente,992000,3,,RUE DE VERDUN,3140,78000,78646,Versailles,78,,,78646000AY0287,,,29,,,,,,,,,,1,3,Dépendance,,0,,,,,,2.150369,48.800861
2025-1023528,2025-11-27,000001,Vente,992000,14,T,RUE SAINT CHARLES,2710,78000,78646,Versailles,78,,,78646000AY0287,,,3,136.84,,,,,,,,,1,1,Maison,150,7,,,,,,2.150369,48.800861
2025-1023533,2025-11-24,000001,Vente,475000,6,,RUE DU GENERAL PERSHING,1170,78000,78646,Versailles,78,,,78646000AS0051,,,1224,,,,,,,,,,1,3,Dépendance,,0,,,,,,2.152002,48.812811
2025-1023533,2025-11-24,000001,Vente,475000,6,,RUE DU GENERAL PERSHING,1170,78000,78646,Versailles,78,,,78646000AS0051,,,1224,,,,,,,,,,1,3,Dépendance,,0,,,,,,2.152002,48.812811
2025-1023545,2025-11-13,000001,Vente,399220,108,,BD DE LA REINE,2520,78000,78646,Versailles,78,,,78646000AX0037,,,303,,337,69.91,,,,,,,2,3,Dépendance,,0,,,,,,2.142871,48.807658
2025-1023545,2025-11-13,000001,Vente,399220,108,,BD DE LA REINE,2520,78000,78646,Versailles,78,,,78646000AX0037,,,303,,337,69.91,,,,,,,2,2,Appartement,69,3,,,,,,2.142871,48.807658
2025-1023574,2025-11-26,000001,Vente,1398606.9,16,,AV DES ETATS UNIS,0990,78000,78646,Versailles,78,,,78646000AX0512,,,,,,,,,,,,,0,1,Maison,146,6,S,sols,,,267,2.143378,48.806095
2025-1023574,2025-11-26,000001,Vente,1398606.9,16,,AV DES ETATS UNIS,0990,78000,78646,Versailles,78,,,78646000AX0512,,,,,,,,,,,,,0,3,Dépendance,,0,S,sols,,,267,2.143378,48.806095
2025-1023586,2025-11-17,000001,Vente,180000,5,,RUE DUCIS,0820,78000,78646,Versailles,78,,,78646000AE0269,,,8,30.05,,,,,,,,,1,2,Appartement,31,2,,,,,,2.130833,48.806465
2025-1023589,2025-11-25,000001,Vente,156000,7,,RUE DU MARECHAL GALLIENI,1812,78000,78646,Versailles,78,,,78646000AC0215,,,15,20.05,36,28,,,,,,,2,2,Appartement,28,1,,,,,,2.123838,48.810431
2025-1023607,2025-12-03,000001,Vente,492000,30,,RUE ALEXANDRE LANGE,0120,78000,78646,Versailles,78,,,78646000AL0035,,,,,,,,,,,,,0,1,Maison,168,7,S,sols,,,599,2.140382,48.815542
2025-1023627,2025-11-06,000001,Vente,35000,15,B,RUE DU PARC DE CLAGNY,2171,78000,78646,Versailles,78,,,78646000AK0217,,,25,,,,,,,,,,1,3,Dépendance,,0,,,,,,2.140182,48.810961
2025-1023628,2025-11-21,000001,Vente,257000,12,,AV DE PORCHEFONTAINE,2380,78000,78646,Versailles,78,,,78646000BK0021,,,416,53.68,489,,,,,,,,2,3,Dépendance,,0,,,,,,2.152071,48.797176
2025-1023628,2025-11-21,000001,Vente,257000,12,,AV DE PORCHEFONTAINE,2380,78000,78646,Versailles,78,,,78646000BK0021,,,1557,,,,,,,,,,1,3,Dépendance,,0,,,,,,2.152071,48.797176
2025-1023628,2025-11-21,000001,Vente,257000,12,,AV DE PORCHEFONTAINE,2380,78000,78646,Versailles,78,,,78646000BK0021,,,416,53.68,489,,,,,,,,2,2,Appartement,54,2,,,,,,2.152071,48.797176
2025-1023684,2025-11-24,000001,Vente,1300000,48,,RUE DU PONT COLBERT,2370,78000,78646,Versailles,78,,,78646000BI0400,,,,,,,,,,,,,0,2,Appartement,60,2,S,sols,,,547,2.149805,48.787886
2025-1023684,2025-11-24,000001,Vente,1300000,48,,RUE DU PONT COLBERT,2370,78000,78646,Versailles,78,,,78646000BI0400,,,,,,,,,,,,,0,4,Local industriel. commercial ou assimilé,200,0,S,sols,,,547,2.149805,48.787886
2025-1023684,2025-11-24,000001,Vente,1300000,48,,RUE DU PONT COLBERT,2370,78000,78646,Versailles,78,,,78646000BI0400,,,,,,,,,,,,,0,4,Local industriel. commercial ou assimilé,109,0,S,sols,,,547,2.149805,48.787886
2025-1023707,2025-11-28,000001,Vente,740100,16,B,RUE CHAMP LAGARDE,0490,78000,78646,Versailles,78,,,78646000BO0066,,,22,99.51,,,,,,,,,1,2,Appartement,98,4,,,,,,2.1434,48.800438
2025-1023707,2025-11-28,000001,Vente,740100,16,B,RUE CHAMP LAGARDE,0490,78000,78646,Versailles,78,,,78646000BO0066,,,43,,,,,,,,,,1,3,Dépendance,,0,,,,,,2.1434,48.800438
2025-1023707,2025-11-28,000001,Vente,740100,16,B,RUE CHAMP LAGARDE,0490,78000,78646,Versailles,78,,,78646000BO0066,,,44,,,,,,,,,,1,3,Dépendance,,0,,,,,,2.1434,48.800438
2025-1023732,2025-12-05,000001,Vente,410000,15,,RUE SAINTE ADELAIDE,2670,78000,78646,Versailles,78,,,78646000AD0148,,,1,49.51,14,,,,,,,,2,3,Dépendance,,0,,,,,,2.129969,48.810932
2025-1023732,2025-12-05,000001,Vente,410000,15,,RUE SAINTE ADELAIDE,2670,78000,78646,Versailles,78,,,78646000AD0148,,,1,49.51,14,,,,,,,,2,2,Appartement,51,3,,,,,,2.129969,48.810932
2025-1023736,2025-11-28,000001,Vente,429420,24,,BD DE LA REINE,2520,78000,78646,Versailles,78,,,78646000AE0009,,,6,53.14,,,,,,,,,1,2,Appartement,54,3,,,,,,2.126662,48.809135
2025-1023758,2025-11-14,000001,Vente,180000,20,,RUE DU GENERAL LECLERC,1145,78000,78646,Versailles,78,,,78646000BV0075,,,38,26.28,,,,,,,,,1,2,Appartement,28,2,,,,,,2.126175,48.798897
2025-1023758,2025-11-14,000001,Vente,180000,20,,RUE DU GENERAL LECLERC,1145,78000,78646,Versailles,78,,,78646000BV0075,,,38,26.28,,,,,,,,,1,3,Dépendance,,0,,,,,,2.126175,48.798897
2025-1023767,2025-11-27,000001,Vente en l'état futur d'achèvement,748000,8,,ALL DU CORDON BOISE,0714,78000,78646,Versailles,78,,,78646000BY0110,,5,,,,,,,,,,,0,,,,,,,,,,2.078228,48.802624
2025-1023767,2025-11-27,000001,Vente en l'état futur d'achèvement,748000,8,,ALL DU CORDON BOISE,0714,78000,78646,Versailles,78,,,78646000BY0110,,,118,,,,,,,,,,1,,,,,,,,,,2.078228,48.802624
2025-1023767,2025-11-27,000001,Vente en l'état futur d'achèvement,748000,8,,ALL DU CORDON BOISE,0714,78000,78646,Versailles,78,,,78646000BY0110,,,119,,,,,,,,,,1,,,,,,,,,,2.078228,48.802624
2025-1023784,2025-12-03,000001,Vente,35000,6,,RUE DES TOURNELLES,3050,78000,78646,Versailles,78,,,78646000BV0120,,,55,12,,,,,,,,,1,3,Dépendance,,0,,,,,,2.125849,48.798196
2025-1023805,2025-12-08,000001,Vente,21000,39,,BD DU ROI,2641,78000,78646,Versailles,78,,,78646000AC0108,,,114,,,,,,,,,,1,3,Dépendance,,0,,,,,,2.127742,48.814503
2025-1023853,2025-11-21,000002,Vente,360000,36,,RUE HENRI DE REGNIER,1310,78000,78646,Versailles,78,,,78646000BW0299,,,,,,,,,,,,,0,3,Dépendance,,0,,,,,,,
2025-1023853,2025-11-21,000002,Vente,360000,36,,RUE HENRI DE REGNIER,1310,78000,78646,Versailles,78,,,78646000BW0299,,,,,,,,,,,,,0,3,Dépendance,,0,,,,,,,
2025-1023853,2025-11-21,000002,Vente,360000,36,,RUE HENRI DE REGNIER,1310,78000,78646,Versailles,78,,,78646000BW0299,,,,,,,,,,,,,0,3,Dépendance,,0,,,,,,,
2025-1023853,2025-11-21,000002,Vente,360000,36,,RUE HENRI DE REGNIER,1310,78000,78646,Versailles,78,,,78646000BW0299,,,,,,,,,,,,,0,1,Maison,83,4,,,,,,,
2025-1023853,2025-11-21,000002,Vente,360000,36,,RUE HENRI DE REGNIER,1310,78000,78646,Versailles,78,,,78646000BW0299,,,,,,,,,,,,,0,3,Dépendance,,0,,,,,,,
2025-1023853,2025-11-21,000002,Vente,360000,36,,RUE HENRI DE REGNIER,1310,78000,78646,Versailles,78,,,78646000BW0299,,,,,,,,,,,,,0,2,Appartement,42,3,,,,,,,
2025-1023853,2025-11-21,000002,Vente,360000,36,,RUE HENRI DE REGNIER,1310,78000,78646,Versailles,78,,,78646000BW0299,,,,,,,,,,,,,0,2,Appartement,42,3,,,,,,,
2025-1023853,2025-11-21,000002,Vente,360000,36,,RUE HENRI DE REGNIER,1310,78000,78646,Versailles,78,,,78646000BW0299,,,,,,,,,,,,,0,2,Appartement,20,1,,,,,,,
2025-1023856,2025-11-27,000001,Vente,380000,6,,RUE D ARTOIS,0210,78000,78646,Versailles,78,,,78646000AX0517,,,1,,,,,,,,,,1,2,Appartement,30,2,,,,,,2.145227,48.803999
2025-1023856,2025-11-27,000001,Vente,380000,6,,RUE D ARTOIS,0210,78000,78646,Versailles,78,,,78646000AX0528,,,,,,,,,,,,,0,,,,,S,sols,,,42,2.145227,48.803915
2025-1023880,2025-12-05,000001,Vente,122650,27,,RUE DU MAL JOFFRE,1820,78000,78646,Versailles,78,,,78646000BW0089,,,14,,7,,,,,,,,2,2,Appartement,25,1,,,,,,2.121623,48.794913
2025-1023885,2025-12-05,000001,Vente,1500,19,,RUE DES CHANTIERS,0530,78000,78646,Versailles,78,,,78646000BS0051,,,82,,83,,,,,,,,2,3,Dépendance,,0,,,,,,2.137211,48.796708
2025-1023885,2025-12-05,000001,Vente,1500,19,,RUE DES CHANTIERS,0530,78000,78646,Versailles,78,,,78646000BS0051,,,82,,83,,,,,,,,2,2,Appartement,44,2,,,,,,2.137211,48.796708
2025-1023887,2025-11-25,000001,Vente,312700,33,,RUE CARNOT,0440,78000,78646,Versailles,78,,,78646000AE0253,,,10,41.62,,,,,,,,,1,2,Appartement,42,1,,,,,,2.129779,48.80576
2025-1023907,2025-12-08,000001,Vente,489980,1,,RUE JOUVENCEL,1520,78000,78646,Versailles,78,,,78646000AI0052,,,47,,,,,,,,,,1,2,Appartement,42,2,,,,,,2.132321,48.803557
2025-1023928,2025-12-01,000001,Vente,104500,102,,RUE DE LA PAROISSE,2190,78000,78646,Versailles,78,,,78646000AI0150,,,12,,,,,,,,,,1,2,Appartement,11,1,,,,,,2.134575,48.805694
2025-1023998,2025-11-25,000001,Vente,450000,8,,RUE DES DEUX PORTES,0780,78000,78646,Versailles,78,,,78646000AE0276,,,1,68.31,,,,,,,,,1,4,Local industriel. commercial ou assimilé,67,0,,,,,,2.130679,48.805854
2025-1024021,2025-11-26,000001,Vente,210000,36,,RUE DES RESERVOIRS,2580,78000,78646,Versailles,78,,,78646000AE0402,,,23,26.15,,,,,,,,,1,2,Appartement,25,2,,,,,,2.125799,48.809109
2025-1024031,2025-11-12,000001,Vente,229000,39,,BD DU ROI,2641,78000,78646,Versailles,78,,,78646000AC0108,,,11,28.15,,,,,,,,,1,2,Appartement,29,1,,,,,,2.127742,48.814503
2025-1024041,2025-12-04,000001,Vente,567600,11,,RUE JEAN DE LA BRUYERE,1560,78000,78646,Versailles,78,,,78646000AO0205,,,1004,88.91,1104,,,,,,,,2,2,Appartement,88,5,,,,,,2.146857,48.813978
2025-1024041,2025-12-04,000001,Vente,567600,11,,RUE JEAN DE LA BRUYERE,1560,78000,78646,Versailles,78,,,78646000AO0205,,,1004,88.91,1104,,,,,,,,2,3,Dépendance,,0,,,,,,2.146857,48.813978
2025-1024041,2025-12-04,000001,Vente,567600,11,,RUE JEAN DE LA BRUYERE,1560,78000,78646,Versailles,78,,,78646000AO0205,,,1190,,,,,,,,,,1,3,Dépendance,,0,,,,,,2.146857,48.813978
2025-1024041,2025-12-04,000001,Vente,567600,11,,RUE JEAN DE LA BRUYERE,1560,78000,78646,Versailles,78,,,78646000AO0205,,,1004,88.91,1104,,,,,,,,2,3,Dépendance,,0,,,,,,2.146857,48.813978
2025-1024043,2025-12-09,000001,Vente,472350,5,,RUE DE L ECOLE DES POSTES,0850,78000,78646,Versailles,78,,,78646000AZ0110,,,3852,,,,,,,,,,1,3,Dépendance,,0,,,,,,2.158672,48.8041
2025-1024043,2025-12-09,000001,Vente,472350,32,,PROM MONA LISA,1965,78000,78646,Versailles,78,,,78646000AZ0110,,,2153,,2183,115.5,,,,,,,2,2,Appartement,117,5,,,,,,2.158672,48.8041
2025-1024043,2025-12-09,000001,Vente,472350,32,,PROM MONA LISA,1965,78000,78646,Versailles,78,,,78646000AZ0110,,,2153,,2183,115.5,,,,,,,2,3,Dépendance,,0,,,,,,2.158672,48.8041
2025-1024047,2025-12-09,000001,Vente,150000,58,,AV DE PARIS,2180,78000,78646,Versailles,78,,,78646000BN0004,,,10,,30,,,,,,,,2,2,Appartement,37,2,,,,,,2.138521,48.799382
2025-1024047,2025-12-09,000001,Vente,150000,58,,AV DE PARIS,2180,78000,78646,Versailles,78,,,78646000BN0004,,,10,,30,,,,,,,,2,3,Dépendance,,0,,,,,,2.138521,48.799382
2025-1024047,2025-12-09,000001,Vente,150000,58,,AV DE PARIS,2180,78000,78646,Versailles,78,,,78646000BN0004,,,31,,,,,,,,,,1,3,Dépendance,,0,,,,,,2.138521,48.799382
2025-1024047,2025-12-09,000001,Vente,150000,58,,AV DE PARIS,2180,78000,78646,Versailles,78,,,78646000BN0004,,,31,,,,,,,,,,1,2,Appartement,44,3,,,,,,2.138521,48.799382
2025-1024051,2025-12-01,000001,Vente,407750,1,,PL CHAROST,0550,78000,78646,Versailles,78,,,78646000AI0095,,,5,52.16,,,,,,,,,1,2,Appartement,52,2,,,,,,2.132385,48.804014
2025-1024051,2025-12-01,000001,Vente,407750,1,,PL CHAROST,0550,78000,78646,Versailles,78,,,78646000AI0095,,,16,,,,,,,,,,1,3,Dépendance,,0,,,,,,2.132385,48.804014
2025-1024068,2025-12-09,000001,Vente,15000,82,B,AV DE PARIS,2180,78000,78646,Versailles,78,,,78646000BN0166,,,1150,,,,,,,,,,1,3,Dépendance,,0,,,,,,2.145036,48.797427
2025-1024133,2025-12-09,000001,Vente,160000,93,,RUE YVES LE COZ,3210,78000,78646,Versailles,78,,,78646000BE0108,,,1,37.21,,,,,,,,,1,4,Local industriel. commercial ou assimilé,33,0,,,,,,2.15647,48.795075
2025-1024138,2025-12-09,000001,Vente,263000,17,,RUE DES MISSIONNAIRES,1920,78000,78646,Versailles,78,,,78646000AD0396,,,24,,61,37.19,,,,,,,2,2,Appartement,35,2,,,,,,2.131727,48.81298
2025-1024138,2025-12-09,000001,Vente,263000,17,,RUE DES MISSIONNAIRES,1920,78000,78646,Versailles,78,,,78646000AD0396,,,24,,61,37.19,,,,,,,2,3,Dépendance,,0,,,,,,2.131727,48.81298
2025-1024138,2025-12-09,000001,Vente,263000,17,,RUE DES MISSIONNAIRES,1920,78000,78646,Versailles,78,,,78646000AD0396,,,136,,,,,,,,,,1,3,Dépendance,,0,,,,,,2.131727,48.81298
2025-1024138,2025-12-09,000001,Vente,263000,17,,RUE DES MISSIONNAIRES,1920,78000,78646,Versailles,78,,,78646000AD0396,,,24,,61,37.19,,,,,,,2,3,Dépendance,,0,,,,,,2.131727,48.81298
2025-1024141,2025-11-28,000001,Vente,2152750,93,,RUE ROYALE,2648,78000,78646,Versailles,78,,,78646000BW0238,,,,,,,,,,,,,0,3,Dépendance,,0,S,sols,,,672,2.124748,48.79372
2025-1024141,2025-11-28,000001,Vente,2152750,93,,RUE ROYALE,2648,78000,78646,Versailles,78,,,78646000BW0238,,,,,,,,,,,,,0,1,Maison,180,7,S,sols,,,672,2.124748,48.79372
2025-1024141,2025-11-28,000001,Vente,2152750,93,,RUE ROYALE,2648,78000,78646,Versailles,78,,,78646000BW0238,,,,,,,,,,,,,0,3,Dépendance,,0,S,sols,,,672,2.124748,48.79372
2025-1024144,2025-12-11,000001,Vente,250000,33,,RUE DU MAL FOCH,1810,78000,78646,Versailles,78,,,78646000AE0432,,,21,36.4,,,,,,,,,1,2,Appartement,39,2,,,,,,2.132245,48.807957
2025-1024148,2025-12-09,000001,Vente,211500,2,,PL ROBERT DENIS,2625,78000,78646,Versailles,78,,,78646000AZ0110,,,1585,,1639,42.44,,,,,,,2,3,Dépendance,,0,,,,,,2.158672,48.8041
2025-1024148,2025-12-09,000001,Vente,211500,2,,PL ROBERT DENIS,2625,78000,78646,Versailles,78,,,78646000AZ0110,,,1585,,1639,42.44,,,,,,,2,2,Appartement,43,2,,,,,,2.158672,48.8041
2025-1024153,2025-11-28,000001,Vente,331300,10,B,ALL DES GARDES ROYALES,1136,78000,78646,Versailles,78,,,78646000AY0212,,,663,52.65,668,,,,,,,,2,3,Dépendance,,0,,,,,,2.151214,48.802177
2025-1024153,2025-11-28,000001,Vente,331300,2,,ALL DES GARDES ROYALES,1136,78000,78646,Versailles,78,,,78646000AY0212,,,1310,,,,,,,,,,1,3,Dépendance,,0,,,,,,2.151214,48.802177
2025-1024153,2025-11-28,000001,Vente,331300,10,B,ALL DES GARDES ROYALES,1136,78000,78646,Versailles,78,,,78646000AY0212,,,663,52.65,668,,,,,,,,2,2,Appartement,53,2,,,,,,2.151214,48.802177
2025-1024153,2025-11-28,000001,Vente,331300,10,B,ALL DES GARDES ROYALES,1136,78000,78646,Versailles,78,,,78646000AY0212,,,663,52.65,668,,,,,,,,2,3,Dépendance,,0,,,,,,2.151214,48.802177
2025-1024159,2025-12-10,000001,Vente,380000,25,,RUE DES ETATS GENERAUX,0980,78000,78646,Versailles,78,,,78646000BR0050,,,1,,2,,,,,,,,2,4,Local industriel. commercial ou assimilé,74,0,,,,,,2.133848,48.799362
2025-1024190,2025-12-04,000001,Vente,262000,97,,RUE YVES LE COZ,3210,78000,78646,Versailles,78,,,78646000BE0462,,,44,,,,,,,,,,1,3,Dépendance,,0,,,,,,2.155854,48.794729
2025-1024190,2025-12-04,000001,Vente,262000,97,,RUE YVES LE COZ,3210,78000,78646,Versailles,78,,,78646000BE0462,,,20,47.33,,,,,,,,,1,2,Appartement,47,2,,,,,,2.155854,48.794729
2025-1024198,2025-12-02,000001,Vente,325000,14,,RUE DE L OCCIDENT,2100,78000,78646,Versailles,78,,,78646000BV0145,,,6,54.45,,,,,,,,,1,3,Dépendance,,0,,,,,,2.125022,48.797001
2025-1024198,2025-12-02,000001,Vente,325000,14,,RUE DE L OCCIDENT,2100,78000,78646,Versailles,78,,,78646000BV0145,,,6,54.45,,,,,,,,,1,2,Appartement,55,2,,,,,,2.125022,48.797001
2025-1024256,2025-11-28,000001,Vente,240000,3,,AV DE PORCHEFONTAINE,2380,78000,78646,Versailles,78,,,78646000BD0157,,,19,115.36,,,,,,,,,1,3,Dépendance,,0,,,,,,2.15451,48.797411
2025-1024256,2025-11-28,000001,Vente,240000,3,B,AV DE PORCHEFONTAINE,2380,78000,78646,Versailles,78,,,78646000BD0157,,,106,,166,,,,,,,,2,3,Dépendance,,0,,,,,,2.15451,48.797411
2025-1024256,2025-11-28,000001,Vente,240000,3,B,AV DE PORCHEFONTAINE,2380,78000,78646,Versailles,78,,,78646000BD0157,,,106,,166,,,,,,,,2,2,Appartement,117,5,,,,,,2.15451,48.797411
2025-1024281,2025-12-12,000001,Vente,370000,27,,RUE DES ETATS GENERAUX,0980,78000,78646,Versailles,78,,,78646000BR0049,,,2,,65,,,,,,,,2,4,Local industriel. commercial ou assimilé,93,0,,,,,,2.134094,48.799225
2025-1024281,2025-12-12,000001,Vente,370000,27,,RUE DES ETATS GENERAUX,0980,78000,78646,Versailles,78,,,78646000BR0049,,,66,,,,,,,,,,1,3,Dépendance,,0,,,,,,2.134094,48.799225
2025-1024281,2025-12-12,000001,Vente,370000,27,,RUE DES ETATS GENERAUX,0980,78000,78646,Versailles,78,,,78646000BR0049,,,1,55.84,,,,,,,,,1,2,Appartement,90,4,,,,,,2.134094,48.799225
2025-1024323,2025-12-12,000001,Vente,22000,9,,RUE SAINT MEDERIC,2840,78000,78646,Versailles,78,,,78646000BT0139,,,32,,,,,,,,,,1,3,Dépendance,,0,,,,,,2.127615,48.79546
2025-1024331,2025-12-03,000001,Vente,630000,77,,RUE DU MAL FOCH,1810,78000,78646,Versailles,78,,,78646000AD0351,,,14,93.6,49,,,,,,,,2,3,Dépendance,,0,,,,,,2.135554,48.813172
2025-1024331,2025-12-03,000001,Vente,630000,77,,RUE DU MAL FOCH,1810,78000,78646,Versailles,78,,,78646000AD0351,,,14,93.6,49,,,,,,,,2,2,Appartement,100,5,,,,,,2.135554,48.813172
2025-1024331,2025-12-03,000001,Vente,630000,77,,RUE DU MAL FOCH,1810,78000,78646,Versailles,78,,,78646000AD0351,,,83,,,,,,,,,,1,3,Dépendance,,0,,,,,,2.135554,48.813172
2025-1024358,2025-12-11,000001,Vente,165000,8,,RUE DU GENERAL PERSHING,1170,78000,78646,Versailles,78,,,78646000AS0052,,,150,,,,,,,,,,1,3,Dépendance,,0,,,,,,2.151367,48.813337
2025-1024358,2025-12-11,000001,Vente,165000,8,,RUE DU GENERAL PERSHING,1170,78000,78646,Versailles,78,,,78646000AS0052,,,109,,49,21.32,,,,,,,2,3,Dépendance,,0,,,,,,2.151367,48.813337
2025-1024358,2025-12-11,000001,Vente,165000,8,,RUE DU GENERAL PERSHING,1170,78000,78646,Versailles,78,,,78646000AS0052,,,109,,49,21.32,,,,,,,2,2,Appartement,24,1,,,,,,2.151367,48.813337
2025-1024415,2025-12-11,000001,Vente,187000,9,,BD JEUX OLYMPIQUES,1495,78000,78646,Versailles,78,,,78646000AZ0110,,,978,,,,,,,,,,1,2,Appartement,39,1,,,,,,2.158672,48.8041
2025-1024415,2025-12-11,000001,Vente,187000,9,,BD JEUX OLYMPIQUES,1495,78000,78646,Versailles,78,,,78646000AZ0110,,,908,,,,,,,,,,1,3,Dépendance,,0,,,,,,2.158672,48.8041
2025-1024419,2025-12-11,000001,Vente,516000,20,,RUE DES TOURNELLES,3050,78000,78646,Versailles,78,,,78646000BT0025,,,11,,90,,93,,94,,,,4,3,Dépendance,,0,,,,,,2.12771,48.797665
2025-1024419,2025-12-11,000001,Vente,516000,20,,RUE DES TOURNELLES,3050,78000,78646,Versailles,78,,,78646000BT0025,,,11,,90,,93,,94,,,,4,2,Appartement,55,3,,,,,,2.12771,48.797665
2025-1024420,2025-12-15,000001,Vente,360577,72,,RUE DU MAL FOCH,1810,78000,78646,Versailles,78,,,78646000AK0009,,,114,,19,55.46,,,,,,,2,3,Dépendance,,0,,,,,,2.136535,48.812771
2025-1024420,2025-12-15,000001,Vente,360577,72,,RUE DU MAL FOCH,1810,78000,78646,Versailles,78,,,78646000AK0009,,,114,,19,55.46,,,,,,,2,2,Appartement,57,4,,,,,,2.136535,48.812771
2025-1024424,2025-12-15,000001,Vente,179558,19,,RUE GEORGES CLEMENCEAU,1200,78000,78646,Versailles,78,,,78646000AI0020,,,29,21.96,,,,,,,,,1,2,Appartement,21,1,,,,,,2.132073,48.804523
2025-1024440,2025-12-15,000001,Vente,530350,2,,RUE ALEXIS DE TOCQUEVILLE,0128,78000,78646,Versailles,78,,,78646000BS0226,,,4084,67.33,,,,,,,,,1,2,Appartement,66,3,,,,,,2.132076,48.794722
2025-1024440,2025-12-15,000001,Vente,530350,2,,RUE ALEXIS DE TOCQUEVILLE,0128,78000,78646,Versailles,78,,,78646000BS0226,,,4258,,,,,,,,,,1,3,Dépendance,,0,,,,,,2.132076,48.794722
2025-1024447,2025-12-04,000001,Vente,322000,2,,RUE AU PAIN,2150,78000,78646,Versailles,78,,,78646000AE0274,,,2,45.06,,,,,,,,,1,4,Local industriel. commercial ou assimilé,83,0,,,,,,2.130881,48.806122
2025-1024480,2025-12-16,000001,Vente,2700000,5,,AV FOURCAULT DE PAVANT,1090,78000,78646,Versailles,78,,,78646000AP0074,,,,,,,,,,,,,0,3,Dépendance,,0,S,sols,,,100,2.142745,48.815692
2025-1024480,2025-12-16,000001,Vente,2700000,5,,AV FOURCAULT DE PAVANT,1090,78000,78646,Versailles,78,,,78646000AP0074,,,,,,,,,,,,,0,1,Maison,395,14,J,jardins,POTAG,Jardin potager,1528,2.142745,48.815692
2025-1024480,2025-12-16,000001,Vente,2700000,5,,AV FOURCAULT DE PAVANT,1090,78000,78646,Versailles,78,,,78646000AP0074,,,,,,,,,,,,,0,1,Maison,395,14,S,sols,,,100,2.142745,48.815692
2025-1024480,2025-12-16,000001,Vente,2700000,5,,AV FOURCAULT DE PAVANT,1090,78000,78646,Versailles,78,,,78646000AP0074,,,,,,,,,,,,,0,3,Dépendance,,0,J,jardins,POTAG,Jardin potager,1528,2.142745,48.815692
2025-1024525,2025-11-28,000001,Vente,150000,27,B,RUE DE NOAILLES,2050,78000,78646,Versailles,78,,,78646000BS0022,,,1,,2,,3,,,,,,3,4,Local industriel. commercial ou assimilé,30,0,,,,,,2.134525,48.797835
2025-1024566,2025-12-11,000001,Vente,940000,12,,RUE LOUIS HAUSSMANN,1679,78000,78646,Versailles,78,,,78646000AS0057,,,2,115.63,,,,,,,,,1,2,Appartement,114,4,,,,,,2.14687,48.810099
2025-1024566,2025-12-11,000001,Vente,940000,12,,RUE LOUIS HAUSSMANN,1679,78000,78646,Versailles,78,,,78646000AS0057,,,1,24.06,,,,,,,,,1,3,Dépendance,,0,,,,,,2.14687,48.810099
2025-1024566,2025-12-11,000001,Vente,940000,12,,RUE LOUIS HAUSSMANN,1679,78000,78646,Versailles,78,,,78646000AS0057,,,2,115.63,,,,,,,,,1,3,Dépendance,,0,,,,,,2.14687,48.810099
2025-1024566,2025-12-11,000001,Vente,940000,12,,RUE LOUIS HAUSSMANN,1679,78000,78646,Versailles,78,,,78646000AS0057,,,39,,,,,,,,,,1,3,Dépendance,,0,,,,,,2.14687,48.810099
2025-1024566,2025-12-11,000001,Vente,940000,12,,RUE LOUIS HAUSSMANN,1679,78000,78646,Versailles,78,,,78646000AS0057,,,38,,,,,,,,,,1,3,Dépendance,,0,,,,,,2.14687,48.810099
2025-1024566,2025-12-11,000001,Vente,940000,12,,RUE LOUIS HAUSSMANN,1679,78000,78646,Versailles,78,,,78646000AS0057,,,1,24.06,,,,,,,,,1,2,Appartement,24,1,,,,,,2.14687,48.810099
2025-1024569,2025-12-12,000001,Vente,50000,58,,RUE SAINT CHARLES,2710,78000,78646,Versailles,78,,,78646000AY0276,,,23,9.07,,,,,,,,,1,3,Dépendance,,0,,,,,,2.146746,48.804346
2025-1024584,2025-12-17,000001,Vente,868000,20,,RUE DE PROVENCE,2460,78000,78646,Versailles,78,,,78646000AX0442,,,162,,186,110.44,,,,,,,2,2,Appartement,130,5,,,,,,2.140987,48.807165
2025-1024584,2025-12-17,000001,Vente,868000,20,,RUE DE PROVENCE,2460,78000,78646,Versailles,78,,,78646000AX0442,,,162,,186,110.44,,,,,,,2,3,Dépendance,,0,,,,,,2.140987,48.807165
2025-1024584,2025-12-17,000001,Vente,868000,20,,RUE DE PROVENCE,2460,78000,78646,Versailles,78,,,78646000AX0442,,,49,,,,,,,,,,1,3,Dépendance,,0,,,,,,2.140987,48.807165
2025-1024589,2025-12-18,000001,Vente,30000,16,,RUE DES RESERVOIRS,2580,78000,78646,Versailles,78,,,78646000AE0176,,,17,,,,,,,,,,1,3,Dépendance,,0,,,,,,2.124571,48.807307
2025-1024591,2025-12-17,000001,Vente,18000,2,,RUE DE LA CEINTURE,0460,78000,78646,Versailles,78,,,78646000AW0219,,,662,,,,,,,,,,1,3,Dépendance,,0,,,,,,2.147909,48.808568
2025-1024595,2025-12-17,000001,Vente,629370,16,,BD DE GLATIGNY,1275,78000,78646,Versailles,78,,,78646000AM0484,,,1,,,,,,,,,,1,2,Appartement,80,3,,,,,,2.142632,48.819409
2025-1024595,2025-12-17,000001,Vente,629370,16,,BD DE GLATIGNY,1275,78000,78646,Versailles,78,,,78646000AM0484,,,7,,,,,,,,,,1,3,Dépendance,,0,,,,,,2.142632,48.819409
2025-1024595,2025-12-17,000001,Vente,629370,16,,BD DE GLATIGNY,1275,78000,78646,Versailles,78,,,78646000AM0484,,,1,,,,,,,,,,1,3,Dépendance,,0,,,,,,2.142632,48.819409
2025-1024634,2025-12-16,000001,Vente,470000,63,,AV DU MAL DOUGLAS HAIG,1795,78000,78646,Versailles,78,,,78646000AM0191,,,17,,,,,,,,,,1,3,Dépendance,,0,,,,,,2.14415,48.823322
2025-1024634,2025-12-16,000001,Vente,470000,63,,AV DU MAL DOUGLAS HAIG,1795,78000,78646,Versailles,78,,,78646000AM0191,,,50,,71,,,,,,,,2,3,Dépendance,,0,,,,,,2.14415,48.823322
2025-1024634,2025-12-16,000001,Vente,470000,63,,AV DU MAL DOUGLAS HAIG,1795,78000,78646,Versailles,78,,,78646000AM0191,,,50,,71,,,,,,,,2,2,Appartement,135,5,,,,,,2.14415,48.823322
2025-1024660,2025-12-11,000001,Vente,393314,2,,RUE SAINT MEDERIC,2840,78000,78646,Versailles,78,,,78646000BT0190,,,11,51.36,,,,,,,,,1,2,Appartement,52,2,,,,,,2.128225,48.797475
2025-1024704,2025-12-05,000001,Vente,325000,13,,RUE BORGNIS DESBORDES,0395,78000,78646,Versailles,78,,,78646000BW0065,,,16,,3,60.21,6,,,,,,3,3,Dépendance,,0,,,,,,2.124351,48.794872
2025-1024704,2025-12-05,000001,Vente,325000,13,,RUE BORGNIS DESBORDES,0395,78000,78646,Versailles,78,,,78646000BW0065,,,16,,3,60.21,6,,,,,,3,3,Dépendance,,0,,,,,,2.124351,48.794872
2025-1024704,2025-12-05,000001,Vente,325000,13,,RUE BORGNIS DESBORDES,0395,78000,78646,Versailles,78,,,78646000BW0065,,,16,,3,60.21,6,,,,,,3,3,Dépendance,,0,,,,,,2.124351,48.794872
2025-1024704,2025-12-05,000001,Vente,325000,13,,RUE BORGNIS DESBORDES,0395,78000,78646,Versailles,78,,,78646000BW0065,,,16,,3,60.21,6,,,,,,3,2,Appartement,63,3,,,,,,2.124351,48.794872
2025-1024716,2025-12-04,000001,Vente,1400000,57,,RUE DE LA PAROISSE,2190,78000,78646,Versailles,78,,,78646000AI0193,,,,,,,,,,,,,0,2,Appartement,59,3,S,sols,,,97,2.133074,48.806451
2025-1024716,2025-12-04,000001,Vente,1400000,57,,RUE DE LA PAROISSE,2190,78000,78646,Versailles,78,,,78646000AI0193,,,,,,,,,,,,,0,4,Local industriel. commercial ou assimilé,167,0,S,sols,,,97,2.133074,48.806451
2025-1024716,2025-12-04,000001,Vente,1400000,57,,RUE DE LA PAROISSE,2190,78000,78646,Versailles,78,,,78646000AI0193,,,,,,,,,,,,,0,3,Dépendance,,0,S,sols,,,97,2.133074,48.806451
2025-1024716,2025-12-04,000001,Vente,1400000,57,,RUE DE LA PAROISSE,2190,78000,78646,Versailles,78,,,78646000AI0193,,,,,,,,,,,,,0,4,Local industriel. commercial ou assimilé,18,0,S,sols,,,97,2.133074,48.806451
2025-1024716,2025-12-04,000001,Vente,1400000,57,,RUE DE LA PAROISSE,2190,78000,78646,Versailles,78,,,78646000AI0193,,,,,,,,,,,,,0,2,Appartement,59,3,S,sols,,,97,2.133074,48.806451
2025-1024735,2025-12-18,000001,Vente,340000,59,,AV DES ETATS UNIS,0990,78000,78646,Versailles,78,,,78646000AS0054,,,180,66.77,,,,,,,,,1,2,Appartement,67,4,,,,,,2.152632,48.814149
2025-1024735,2025-12-18,000001,Vente,340000,59,,AV DES ETATS UNIS,0990,78000,78646,Versailles,78,,,78646000AS0054,,,321,,,,,,,,,,1,3,Dépendance,,0,,,,,,2.152632,48.814149
2025-1024735,2025-12-18,000001,Vente,340000,59,,AV DES ETATS UNIS,0990,78000,78646,Versailles,78,,,78646000AS0054,,,180,66.77,,,,,,,,,1,3,Dépendance,,0,,,,,,2.152632,48.814149
2025-1024749,2025-12-19,000001,Vente,323370,13,,RUE DE L ORANGERIE,2110,78000,78646,Versailles,78,,,78646000AH0029,,,14,57.1,3,,,,,,,,2,2,Appartement,44,3,,,,,,2.121792,48.800577
2025-1024755,2025-12-12,000001,Vente,875000,1,,PETITE RUE DU REFUGE,2512,78000,78646,Versailles,78,,,78646000AX0551,,,,,,,,,,,,,0,3,Dépendance,,0,S,sols,,,187,2.142569,48.804989
2025-1024755,2025-12-12,000001,Vente,875000,1,,PETITE RUE DU REFUGE,2512,78000,78646,Versailles,78,,,78646000AX0551,,,,,,,,,,,,,0,3,Dépendance,,0,S,sols,,,187,2.142569,48.804989
2025-1024755,2025-12-12,000001,Vente,875000,1,,PETITE RUE DU REFUGE,2512,78000,78646,Versailles,78,,,78646000AX0551,,,,,,,,,,,,,0,3,Dépendance,,0,S,sols,,,187,2.142569,48.804989
2025-1024755,2025-12-12,000001,Vente,875000,1,,PETITE RUE DU REFUGE,2512,78000,78646,Versailles,78,,,78646000AX0551,,,,,,,,,,,,,0,3,Dépendance,,0,S,sols,,,187,2.142569,48.804989
2025-1024755,2025-12-12,000001,Vente,875000,1,,PETITE RUE DU REFUGE,2512,78000,78646,Versailles,78,,,78646000AX0551,,,,,,,,,,,,,0,3,Dépendance,,0,S,sols,,,187,2.142569,48.804989
2025-1024755,2025-12-12,000001,Vente,875000,1,,PETITE RUE DU REFUGE,2512,78000,78646,Versailles,78,,,78646000AX0551,,,,,,,,,,,,,0,3,Dépendance,,0,S,sols,,,187,2.142569,48.804989
2025-1024755,2025-12-12,000001,Vente,875000,1,,PETITE RUE DU REFUGE,2512,78000,78646,Versailles,78,,,78646000AX0551,,,,,,,,,,,,,0,3,Dépendance,,0,S,sols,,,187,2.142569,48.804989
2025-1024755,2025-12-12,000001,Vente,875000,1,,PETITE RUE DU REFUGE,2512,78000,78646,Versailles,78,,,78646000AX0551,,,,,,,,,,,,,0,3,Dépendance,,0,S,sols,,,187,2.142569,48.804989
2025-1024757,2025-12-12,000001,Vente,190000,36,B,RUE DE MONTREUIL,2000,78000,78646,Versailles,78,,,78646000AX0309,,,101,,7,,,,,,,,2,2,Appartement,24,1,,,,,,2.145638,48.804501
2025-1024757,2025-12-12,000001,Vente,190000,36,B,RUE DE MONTREUIL,2000,78000,78646,Versailles,78,,,78646000AX0309,,,101,,7,,,,,,,,2,3,Dépendance,,0,,,,,,2.145638,48.804501
2025-1024782,2025-12-08,000001,Vente,150000,11,,RUE MONSEIGNEUR GIBIER,1950,78000,78646,Versailles,78,,,78646000BW0189,,,20,,3,19.2,,,,,,,2,2,Appartement,20,1,,,,,,2.122672,48.793832
2025-1024782,2025-12-08,000001,Vente,150000,11,,RUE MONSEIGNEUR GIBIER,1950,78000,78646,Versailles,78,,,78646000BW0189,,,20,,3,19.2,,,,,,,2,3,Dépendance,,0,,,,,,2.122672,48.793832
2025-1024811,2025-12-05,000001,Vente,455000,97,,RUE YVES LE COZ,3210,78000,78646,Versailles,78,,,78646000BE0462,,,48,,,,,,,,,,1,3,Dépendance,,0,,,,,,2.155854,48.794729
2025-1024811,2025-12-05,000001,Vente,455000,97,,RUE YVES LE COZ,3210,78000,78646,Versailles,78,,,78646000BE0462,,,17,,,,,,,,,,1,2,Appartement,87,4,,,,,,2.155854,48.794729
2025-1024823,2025-12-03,000001,Vente,250000,13,,RUE DE L ORANGERIE,2110,78000,78646,Versailles,78,,,78646000AH0029,,,7,,,,,,,,,,1,3,Dépendance,,0,,,,,,2.121792,48.800577
2025-1024823,2025-12-03,000001,Vente,250000,13,,RUE DE L ORANGERIE,2110,78000,78646,Versailles,78,,,78646000AH0029,,,1,,2,,6,73.08,,,,,3,4,Local industriel. commercial ou assimilé,58,0,,,,,,2.121792,48.800577
2025-1024841,2025-12-12,000001,Vente,100000,42,,RUE DE MONTREUIL,2000,78000,78646,Versailles,78,,,78646000AY0001,,,15,,16,,,,,,,,2,2,Appartement,27,1,,,,,,2.146754,48.804493
2025-1024841,2025-12-12,000001,Vente,100000,42,,RUE DE MONTREUIL,2000,78000,78646,Versailles,78,,,78646000AY0001,,,15,,16,,,,,,,,2,3,Dépendance,,0,,,,,,2.146754,48.804493
2025-1024849,2025-12-22,000001,Vente,335636,52,,AV DE VILLENEUVE L ETANG,3200,78000,78646,Versailles,78,,,78646000AO0195,,,1208,,1786,,,,,,,,2,2,Appartement,44,2,,,,,,2.148734,48.818785
2025-1024849,2025-12-22,000001,Vente,335636,52,,AV DE VILLENEUVE L ETANG,3200,78000,78646,Versailles,78,,,78646000AO0195,,,1678,,,,,,,,,,1,3,Dépendance,,0,,,,,,2.148734,48.818785
2025-1024850,2025-12-19,000001,Vente,30000,12,,RUE NEUVE NOTRE DAME,2040,78000,78646,Versailles,78,,,78646000AE0145,,,22,,,,,,,,,,1,3,Dépendance,,0,,,,,,2.127726,48.808377
2025-1024884,2025-11-27,000001,Vente,1000000,5,,RUE DE L ECOLE DES POSTES,0850,78000,78646,Versailles,78,,,78646000AZ0110,,,3987,,,,,,,,,,1,4,Local industriel. commercial ou assimilé,815,0,,,,,,2.158672,48.8041
2025-1024884,2025-11-27,000001,Vente,1000000,5,,RUE DE L ECOLE DES POSTES,0850,78000,78646,Versailles,78,,,78646000AZ0110,,,668,146.8,,,,,,,,,1,4,Local industriel. commercial ou assimilé,155,0,,,,,,2.158672,48.8041
2025-1024884,2025-11-27,000001,Vente,1000000,5,,RUE DE L ECOLE DES POSTES,0850,78000,78646,Versailles,78,,,78646000AZ0110,,,2836,,,,,,,,,,1,3,Dépendance,,0,,,,,,2.158672,48.8041
2025-1024884,2025-11-27,000001,Vente,1000000,5,,RUE DE L ECOLE DES POSTES,0850,78000,78646,Versailles,78,,,78646000AZ0110,,,2835,,,,,,,,,,1,3,Dépendance,,0,,,,,,2.158672,48.8041
2025-1024885,2025-12-17,000001,Vente,497000,1,,AV DE LA TRANQUILLITE,3055,78000,78646,Versailles,78,,,78646000AZ0110,,,482,,683,117.74,,,,,,,2,3,Dépendance,,0,,,,,,2.158672,48.8041
2025-1024885,2025-12-17,000001,Vente,497000,5,,RUE DE L ECOLE DES POSTES,0850,78000,78646,Versailles,78,,,78646000AZ0110,,,3340,,,,,,,,,,1,3,Dépendance,,0,,,,,,2.158672,48.8041
2025-1024885,2025-12-17,000001,Vente,497000,1,,AV DE LA TRANQUILLITE,3055,78000,78646,Versailles,78,,,78646000AZ0110,,,482,,683,117.74,,,,,,,2,2,Appartement,119,4,,,,,,2.158672,48.8041
2025-1024887,2025-12-19,000001,Vente,269000,44,,RUE ALBERT SARRAUT,0080,78000,78646,Versailles,78,,,78646000BK0232,,,107,,,,,,,,,,1,3,Dépendance,,0,,,,,,2.14982,48.795098
2025-1024887,2025-12-19,000001,Vente,269000,44,,RUE ALBERT SARRAUT,0080,78000,78646,Versailles,78,,,78646000BK0232,,,211,,24,43.46,,,,,,,2,3,Dépendance,,0,,,,,,2.14982,48.795098
2025-1024887,2025-12-19,000001,Vente,269000,44,,RUE ALBERT SARRAUT,0080,78000,78646,Versailles,78,,,78646000BK0232,,,211,,24,43.46,,,,,,,2,2,Appartement,41,1,,,,,,2.14982,48.795098
2025-1024891,2025-12-15,000001,Vente,260000,8,,AV DU GEN DE GAULLE,1143,78000,78646,Versailles,78,,,78646000AH0225,,,111,,35,85.03,,,,,,,2,2,Appartement,89,4,,,,,,2.128298,48.801276
2025-1024891,2025-12-15,000001,Vente,260000,12,,AV DU GEN DE GAULLE,1143,78000,78646,Versailles,78,,,78646000AH0225,,,160,,,,,,,,,,1,3,Dépendance,,0,,,,,,2.128298,48.801276
2025-1024891,2025-12-15,000001,Vente,260000,8,,AV DU GEN DE GAULLE,1143,78000,78646,Versailles,78,,,78646000AH0225,,,111,,35,85.03,,,,,,,2,3,Dépendance,,0,,,,,,2.128298,48.801276
2025-1024892,2025-12-16,000001,Vente,2585100,27,,RUE DE BEAUVAU,0320,78000,78646,Versailles,78,,,78646000AD0550,,,,,,,,,,,,,0,1,Maison,263,10,S,sols,,,410,2.133776,48.811814
2025-1024892,2025-12-16,000001,Vente,2585100,27,,RUE DE BEAUVAU,0320,78000,78646,Versailles,78,,,78646000AD0550,,,,,,,,,,,,,0,3,Dépendance,,0,S,sols,,,410,2.133776,48.811814
2025-1024892,2025-12-16,000001,Vente,2585100,27,,RUE DE BEAUVAU,0320,78000,78646,Versailles,78,,,78646000AD0550,,,,,,,,,,,,,0,3,Dépendance,,0,S,sols,,,410,2.133776,48.811814
2025-1024904,2025-11-26,000001,Vente,835000,44,,RTE DE RUEIL,2660,78000,78646,Versailles,78,,,78646000AM0125,,,,,,,,,,,,,0,1,Maison,71,3,S,sols,,,302,2.139731,48.823122
2025-1024990,2025-12-18,000001,Vente,633300,7,,RUE DU MARCHE NEUF,1780,78000,78646,Versailles,78,,,78646000BT0033,,,20,,6,,,,,,,,2,2,Appartement,70,3,,,,,,2.127013,48.797525
2025-1025069,2025-12-16,000001,Vente,277411,2,,ALL DES CHEVALIERS,0570,78000,78646,Versailles,78,,,78646000AZ0110,,,296,,330,50.21,,,,,,,2,3,Dépendance,,0,,,,,,2.158672,48.8041
2025-1025069,2025-12-16,000001,Vente,277411,2,,ALL DES CHEVALIERS,0570,78000,78646,Versailles,78,,,78646000AZ0110,,,296,,330,50.21,,,,,,,2,2,Appartement,51,2,,,,,,2.158672,48.8041
2025-1025069,2025-12-16,000001,Vente,277411,5,,RUE DE L ECOLE DES POSTES,0850,78000,78646,Versailles,78,,,78646000AZ0110,,,2689,,,,,,,,,,1,3,Dépendance,,0,,,,,,2.158672,48.8041
2025-1025073,2025-12-09,000001,Vente,222330,4,,RUE SAINTE FAMILLE,2740,78000,78646,Versailles,78,,,78646000BV0166,,,4,31.3,55,,,,,,,,2,2,Appartement,31,2,,,,,,2.125287,48.796348
2025-1025073,2025-12-09,000001,Vente,222330,4,,RUE SAINTE FAMILLE,2740,78000,78646,Versailles,78,,,78646000BV0166,,,4,31.3,55,,,,,,,,2,3,Dépendance,,0,,,,,,2.125287,48.796348
2025-1025078,2025-12-29,000001,Vente,20000000,1,,RUE SAINT MEDERIC,2840,78000,78646,Versailles,78,,,78646000BT0058,,,,,,,,,,,,,0,3,Dépendance,,0,S,sols,,,10427,2.129584,48.797086
2025-1025078,2025-12-29,000001,Vente,20000000,1,,RUE SAINT MEDERIC,2840,78000,78646,Versailles,78,,,78646000BT0058,,,,,,,,,,,,,0,3,Dépendance,,0,S,sols,,,10427,2.129584,48.797086
2025-1025078,2025-12-29,000001,Vente,20000000,1,,RUE SAINT MEDERIC,2840,78000,78646,Versailles,78,,,78646000BT0058,,,,,,,,,,,,,0,3,Dépendance,,0,S,sols,,,10427,2.129584,48.797086
2025-1025078,2025-12-29,000001,Vente,20000000,1,,RUE SAINT MEDERIC,2840,78000,78646,Versailles,78,,,78646000BT0058,,,,,,,,,,,,,0,3,Dépendance,,0,S,sols,,,10427,2.129584,48.797086
2025-1025078,2025-12-29,000001,Vente,20000000,1,,RUE SAINT MEDERIC,2840,78000,78646,Versailles,78,,,78646000BT0058,,,,,,,,,,,,,0,3,Dépendance,,0,S,sols,,,10427,2.129584,48.797086
2025-1025078,2025-12-29,000001,Vente,20000000,1,,RUE SAINT MEDERIC,2840,78000,78646,Versailles,78,,,78646000BT0058,,,,,,,,,,,,,0,3,Dépendance,,0,S,sols,,,10427,2.129584,48.797086
2025-1025078,2025-12-29,000001,Vente,20000000,1,,RUE SAINT MEDERIC,2840,78000,78646,Versailles,78,,,78646000BT0058,,,,,,,,,,,,,0,3,Dépendance,,0,S,sols,,,10427,2.129584,48.797086
2025-1025078,2025-12-29,000001,Vente,20000000,1,,RUE SAINT MEDERIC,2840,78000,78646,Versailles,78,,,78646000BT0058,,,,,,,,,,,,,0,3,Dépendance,,0,S,sols,,,10427,2.129584,48.797086
2025-1025078,2025-12-29,000001,Vente,20000000,1,,RUE SAINT MEDERIC,2840,78000,78646,Versailles,78,,,78646000BT0058,,,,,,,,,,,,,0,3,Dépendance,,0,S,sols,,,10427,2.129584,48.797086
2025-1025078,2025-12-29,000001,Vente,20000000,1,,RUE SAINT MEDERIC,2840,78000,78646,Versailles,78,,,78646000BT0058,,,,,,,,,,,,,0,3,Dépendance,,0,S,sols,,,10427,2.129584,48.797086
2025-1025078,2025-12-29,000001,Vente,20000000,1,,RUE SAINT MEDERIC,2840,78000,78646,Versailles,78,,,78646000BT0058,,,,,,,,,,,,,0,3,Dépendance,,0,S,sols,,,10427,2.129584,48.797086
2025-1025078,2025-12-29,000001,Vente,20000000,1,,RUE SAINT MEDERIC,2840,78000,78646,Versailles,78,,,78646000BT0058,,,,,,,,,,,,,0,3,Dépendance,,0,S,sols,,,10427,2.129584,48.797086
2025-1025078,2025-12-29,000001,Vente,20000000,1,,RUE SAINT MEDERIC,2840,78000,78646,Versailles,78,,,78646000BT0058,,,,,,,,,,,,,0,3,Dépendance,,0,S,sols,,,10427,2.129584,48.797086
2025-1025078,2025-12-29,000001,Vente,20000000,1,,RUE SAINT MEDERIC,2840,78000,78646,Versailles,78,,,78646000BT0058,,,,,,,,,,,,,0,3,Dépendance,,0,S,sols,,,10427,2.129584,48.797086
2025-1025078,2025-12-29,000001,Vente,20000000,1,,RUE SAINT MEDERIC,2840,78000,78646,Versailles,78,,,78646000BT0058,,,,,,,,,,,,,0,3,Dépendance,,0,S,sols,,,10427,2.129584,48.797086
2025-1025078,2025-12-29,000001,Vente,20000000,1,,RUE SAINT MEDERIC,2840,78000,78646,Versailles,78,,,78646000BT0058,,,,,,,,,,,,,0,3,Dépendance,,0,S,sols,,,10427,2.129584,48.797086
2025-1025078,2025-12-29,000001,Vente,20000000,1,,RUE SAINT MEDERIC,2840,78000,78646,Versailles,78,,,78646000BT0058,,,,,,,,,,,,,0,3,Dépendance,,0,S,sols,,,10427,2.129584,48.797086
2025-1025078,2025-12-29,000001,Vente,20000000,1,,RUE SAINT MEDERIC,2840,78000,78646,Versailles,78,,,78646000BT0058,,,,,,,,,,,,,0,3,Dépendance,,0,S,sols,,,10427,2.129584,48.797086
2025-1025078,2025-12-29,000001,Vente,20000000,1,,RUE SAINT MEDERIC,2840,78000,78646,Versailles,78,,,78646000BT0058,,,,,,,,,,,,,0,3,Dépendance,,0,S,sols,,,10427,2.129584,48.797086
2025-1025078,2025-12-29,000001,Vente,20000000,1,,RUE SAINT MEDERIC,2840,78000,78646,Versailles,78,,,78646000BT0058,,,,,,,,,,,,,0,2,Appartement,63,3,S,sols,,,10427,2.129584,48.797086
2025-1025078,2025-12-29,000001,Vente,20000000,1,,RUE SAINT MEDERIC,2840,78000,78646,Versailles,78,,,78646000BT0058,,,,,,,,,,,,,0,3,Dépendance,,0,S,sols,,,10427,2.129584,48.797086
2025-1025078,2025-12-29,000001,Vente,20000000,1,,RUE SAINT MEDERIC,2840,78000,78646,Versailles,78,,,78646000BT0058,,,,,,,,,,,,,0,2,Appartement,59,3,S,sols,,,10427,2.129584,48.797086
2025-1025078,2025-12-29,000001,Vente,20000000,1,,RUE SAINT MEDERIC,2840,78000,78646,Versailles,78,,,78646000BT0058,,,,,,,,,,,,,0,2,Appartement,63,3,S,sols,,,10427,2.129584,48.797086
2025-1025078,2025-12-29,000001,Vente,20000000,1,,RUE SAINT MEDERIC,2840,78000,78646,Versailles,78,,,78646000BT0058,,,,,,,,,,,,,0,2,Appartement,74,4,S,sols,,,10427,2.129584,48.797086
2025-1025078,2025-12-29,000001,Vente,20000000,1,,RUE SAINT MEDERIC,2840,78000,78646,Versailles,78,,,78646000BT0058,,,,,,,,,,,,,0,2,Appartement,63,3,S,sols,,,10427,2.129584,48.797086
2025-1025078,2025-12-29,000001,Vente,20000000,1,,RUE SAINT MEDERIC,2840,78000,78646,Versailles,78,,,78646000BT0058,,,,,,,,,,,,,0,2,Appartement,74,4,S,sols,,,10427,2.129584,48.797086
2025-1025078,2025-12-29,000001,Vente,20000000,1,,RUE SAINT MEDERIC,2840,78000,78646,Versailles,78,,,78646000BT0058,,,,,,,,,,,,,0,2,Appartement,63,3,S,sols,,,10427,2.129584,48.797086
2025-1025078,2025-12-29,000001,Vente,20000000,1,,RUE SAINT MEDERIC,2840,78000,78646,Versailles,78,,,78646000BT0058,,,,,,,,,,,,,0,2,Appartement,63,3,S,sols,,,10427,2.129584,48.797086
2025-1025078,2025-12-29,000001,Vente,20000000,1,,RUE SAINT MEDERIC,2840,78000,78646,Versailles,78,,,78646000BT0058,,,,,,,,,,,,,0,2,Appartement,63,3,S,sols,,,10427,2.129584,48.797086
2025-1025078,2025-12-29,000001,Vente,20000000,1,,RUE SAINT MEDERIC,2840,78000,78646,Versailles,78,,,78646000BT0058,,,,,,,,,,,,,0,2,Appartement,71,4,S,sols,,,10427,2.129584,48.797086
2025-1025078,2025-12-29,000001,Vente,20000000,1,,RUE SAINT MEDERIC,2840,78000,78646,Versailles,78,,,78646000BT0058,,,,,,,,,,,,,0,2,Appartement,59,3,S,sols,,,10427,2.129584,48.797086
2025-1025078,2025-12-29,000001,Vente,20000000,1,,RUE SAINT MEDERIC,2840,78000,78646,Versailles,78,,,78646000BT0058,,,,,,,,,,,,,0,2,Appartement,74,4,S,sols,,,10427,2.129584,48.797086
2025-1025078,2025-12-29,000001,Vente,20000000,1,,RUE SAINT MEDERIC,2840,78000,78646,Versailles,78,,,78646000BT0058,,,,,,,,,,,,,0,2,Appartement,63,3,S,sols,,,10427,2.129584,48.797086
2025-1025078,2025-12-29,000001,Vente,20000000,1,,RUE SAINT MEDERIC,2840,78000,78646,Versailles,78,,,78646000BT0058,,,,,,,,,,,,,0,2,Appartement,74,4,S,sols,,,10427,2.129584,48.797086
2025-1025078,2025-12-29,000001,Vente,20000000,1,,RUE SAINT MEDERIC,2840,78000,78646,Versailles,78,,,78646000BT0058,,,,,,,,,,,,,0,2,Appartement,63,3,S,sols,,,10427,2.129584,48.797086
2025-1025078,2025-12-29,000001,Vente,20000000,1,,RUE SAINT MEDERIC,2840,78000,78646,Versailles,78,,,78646000BT0058,,,,,,,,,,,,,0,3,Dépendance,,0,S,sols,,,10427,2.129584,48.797086
2025-1025078,2025-12-29,000001,Vente,20000000,1,,RUE SAINT MEDERIC,2840,78000,78646,Versailles,78,,,78646000BT0058,,,,,,,,,,,,,0,3,Dépendance,,0,S,sols,,,10427,2.129584,48.797086
2025-1025078,2025-12-29,000001,Vente,20000000,1,,RUE SAINT MEDERIC,2840,78000,78646,Versailles,78,,,78646000BT0058,,,,,,,,,,,,,0,3,Dépendance,,0,S,sols,,,10427,2.129584,48.797086
2025-1025078,2025-12-29,000001,Vente,20000000,1,,RUE SAINT MEDERIC,2840,78000,78646,Versailles,78,,,78646000BT0058,,,,,,,,,,,,,0,3,Dépendance,,0,S,sols,,,10427,2.129584,48.797086
2025-1025078,2025-12-29,000001,Vente,20000000,1,,RUE SAINT MEDERIC,2840,78000,78646,Versailles,78,,,78646000BT0058,,,,,,,,,,,,,0,3,Dépendance,,0,S,sols,,,10427,2.129584,48.797086
2025-1025078,2025-12-29,000001,Vente,20000000,1,,RUE SAINT MEDERIC,2840,78000,78646,Versailles,78,,,78646000BT0058,,,,,,,,,,,,,0,3,Dépendance,,0,S,sols,,,10427,2.129584,48.797086
2025-1025078,2025-12-29,000001,Vente,20000000,1,,RUE SAINT MEDERIC,2840,78000,78646,Versailles,78,,,78646000BT0058,,,,,,,,,,,,,0,3,Dépendance,,0,S,sols,,,10427,2.129584,48.797086
2025-1025078,2025-12-29,000001,Vente,20000000,1,,RUE SAINT MEDERIC,2840,78000,78646,Versailles,78,,,78646000BT0058,,,,,,,,,,,,,0,3,Dépendance,,0,S,sols,,,10427,2.129584,48.797086
2025-1025078,2025-12-29,000001,Vente,20000000,1,,RUE SAINT MEDERIC,2840,78000,78646,Versailles,78,,,78646000BT0058,,,,,,,,,,,,,0,3,Dépendance,,0,S,sols,,,10427,2.129584,48.797086
2025-1025078,2025-12-29,000001,Vente,20000000,1,,RUE SAINT MEDERIC,2840,78000,78646,Versailles,78,,,78646000BT0058,,,,,,,,,,,,,0,3,Dépendance,,0,S,sols,,,10427,2.129584,48.797086
2025-1025078,2025-12-29,000001,Vente,20000000,1,,RUE SAINT MEDERIC,2840,78000,78646,Versailles,78,,,78646000BT0058,,,,,,,,,,,,,0,3,Dépendance,,0,S,sols,,,10427,2.129584,48.797086
2025-1025078,2025-12-29,000001,Vente,20000000,1,,RUE SAINT MEDERIC,2840,78000,78646,Versailles,78,,,78646000BT0058,,,,,,,,,,,,,0,3,Dépendance,,0,S,sols,,,10427,2.129584,48.797086
2025-1025078,2025-12-29,000001,Vente,20000000,1,,RUE SAINT MEDERIC,2840,78000,78646,Versailles,78,,,78646000BT0058,,,,,,,,,,,,,0,3,Dépendance,,0,S,sols,,,10427,2.129584,48.797086
2025-1025078,2025-12-29,000001,Vente,20000000,1,,RUE SAINT MEDERIC,2840,78000,78646,Versailles,78,,,78646000BT0058,,,,,,,,,,,,,0,3,Dépendance,,0,S,sols,,,10427,2.129584,48.797086
2025-1025078,2025-12-29,000001,Vente,20000000,1,,RUE SAINT MEDERIC,2840,78000,78646,Versailles,78,,,78646000BT0058,,,,,,,,,,,,,0,3,Dépendance,,0,S,sols,,,10427,2.129584,48.797086
2025-1025078,2025-12-29,000001,Vente,20000000,1,,RUE SAINT MEDERIC,2840,78000,78646,Versailles,78,,,78646000BT0058,,,,,,,,,,,,,0,3,Dépendance,,0,S,sols,,,10427,2.129584,48.797086
2025-1025078,2025-12-29,000001,Vente,20000000,1,,RUE SAINT MEDERIC,2840,78000,78646,Versailles,78,,,78646000BT0058,,,,,,,,,,,,,0,3,Dépendance,,0,S,sols,,,10427,2.129584,48.797086
2025-1025078,2025-12-29,000001,Vente,20000000,1,,RUE SAINT MEDERIC,2840,78000,78646,Versailles,78,,,78646000BT0058,,,,,,,,,,,,,0,3,Dépendance,,0,S,sols,,,10427,2.129584,48.797086
2025-1025078,2025-12-29,000001,Vente,20000000,1,,RUE SAINT MEDERIC,2840,78000,78646,Versailles,78,,,78646000BT0058,,,,,,,,,,,,,0,3,Dépendance,,0,S,sols,,,10427,2.129584,48.797086
2025-1025078,2025-12-29,000001,Vente,20000000,1,,RUE SAINT MEDERIC,2840,78000,78646,Versailles,78,,,78646000BT0058,,,,,,,,,,,,,0,3,Dépendance,,0,S,sols,,,10427,2.129584,48.797086
2025-1025078,2025-12-29,000001,Vente,20000000,1,,RUE SAINT MEDERIC,2840,78000,78646,Versailles,78,,,78646000BT0058,,,,,,,,,,,,,0,3,Dépendance,,0,S,sols,,,10427,2.129584,48.797086
2025-1025078,2025-12-29,000001,Vente,20000000,1,,RUE SAINT MEDERIC,2840,78000,78646,Versailles,78,,,78646000BT0058,,,,,,,,,,,,,0,3,Dépendance,,0,S,sols,,,10427,2.129584,48.797086
2025-1025078,2025-12-29,000001,Vente,20000000,1,,RUE SAINT MEDERIC,2840,78000,78646,Versailles,78,,,78646000BT0058,,,,,,,,,,,,,0,3,Dépendance,,0,S,sols,,,10427,2.129584,48.797086
2025-1025078,2025-12-29,000001,Vente,20000000,1,,RUE SAINT MEDERIC,2840,78000,78646,Versailles,78,,,78646000BT0058,,,,,,,,,,,,,0,3,Dépendance,,0,S,sols,,,10427,2.129584,48.797086
2025-1025078,2025-12-29,000001,Vente,20000000,1,,RUE SAINT MEDERIC,2840,78000,78646,Versailles,78,,,78646000BT0058,,,,,,,,,,,,,0,3,Dépendance,,0,S,sols,,,10427,2.129584,48.797086
2025-1025078,2025-12-29,000001,Vente,20000000,1,,RUE SAINT MEDERIC,2840,78000,78646,Versailles,78,,,78646000BT0058,,,,,,,,,,,,,0,3,Dépendance,,0,S,sols,,,10427,2.129584,48.797086
2025-1025078,2025-12-29,000001,Vente,20000000,1,,RUE SAINT MEDERIC,2840,78000,78646,Versailles,78,,,78646000BT0058,,,,,,,,,,,,,0,3,Dépendance,,0,S,sols,,,10427,2.129584,48.797086
2025-1025078,2025-12-29,000001,Vente,20000000,1,,RUE SAINT MEDERIC,2840,78000,78646,Versailles,78,,,78646000BT0058,,,,,,,,,,,,,0,3,Dépendance,,0,S,sols,,,10427,2.129584,48.797086
2025-1025078,2025-12-29,000001,Vente,20000000,1,,RUE SAINT MEDERIC,2840,78000,78646,Versailles,78,,,78646000BT0058,,,,,,,,,,,,,0,3,Dépendance,,0,S,sols,,,10427,2.129584,48.797086
2025-1025078,2025-12-29,000001,Vente,20000000,1,,RUE SAINT MEDERIC,2840,78000,78646,Versailles,78,,,78646000BT0058,,,,,,,,,,,,,0,3,Dépendance,,0,S,sols,,,10427,2.129584,48.797086
2025-1025078,2025-12-29,000001,Vente,20000000,1,,RUE SAINT MEDERIC,2840,78000,78646,Versailles,78,,,78646000BT0058,,,,,,,,,,,,,0,3,Dépendance,,0,S,sols,,,10427,2.129584,48.797086
2025-1025078,2025-12-29,000001,Vente,20000000,1,,RUE SAINT MEDERIC,2840,78000,78646,Versailles,78,,,78646000BT0058,,,,,,,,,,,,,0,3,Dépendance,,0,S,sols,,,10427,2.129584,48.797086
2025-1025078,2025-12-29,000001,Vente,20000000,1,,RUE SAINT MEDERIC,2840,78000,78646,Versailles,78,,,78646000BT0058,,,,,,,,,,,,,0,3,Dépendance,,0,S,sols,,,10427,2.129584,48.797086
2025-1025078,2025-12-29,000001,Vente,20000000,1,,RUE SAINT MEDERIC,2840,78000,78646,Versailles,78,,,78646000BT0058,,,,,,,,,,,,,0,3,Dépendance,,0,S,sols,,,10427,2.129584,48.797086
2025-1025078,2025-12-29,000001,Vente,20000000,1,,RUE SAINT MEDERIC,2840,78000,78646,Versailles,78,,,78646000BT0058,,,,,,,,,,,,,0,3,Dépendance,,0,S,sols,,,10427,2.129584,48.797086
2025-1025078,2025-12-29,000001,Vente,20000000,1,,RUE SAINT MEDERIC,2840,78000,78646,Versailles,78,,,78646000BT0058,,,,,,,,,,,,,0,3,Dépendance,,0,S,sols,,,10427,2.129584,48.797086
2025-1025078,2025-12-29,000001,Vente,20000000,1,,RUE SAINT MEDERIC,2840,78000,78646,Versailles,78,,,78646000BT0058,,,,,,,,,,,,,0,3,Dépendance,,0,S,sols,,,10427,2.129584,48.797086
2025-1025078,2025-12-29,000001,Vente,20000000,1,,RUE SAINT MEDERIC,2840,78000,78646,Versailles,78,,,78646000BT0058,,,,,,,,,,,,,0,3,Dépendance,,0,S,sols,,,10427,2.129584,48.797086
2025-1025078,2025-12-29,000001,Vente,20000000,1,,RUE SAINT MEDERIC,2840,78000,78646,Versailles,78,,,78646000BT0058,,,,,,,,,,,,,0,3,Dépendance,,0,S,sols,,,10427,2.129584,48.797086
2025-1025078,2025-12-29,000001,Vente,20000000,1,,RUE SAINT MEDERIC,2840,78000,78646,Versailles,78,,,78646000BT0058,,,,,,,,,,,,,0,2,Appartement,63,3,S,sols,,,10427,2.129584,48.797086
2025-1025078,2025-12-29,000001,Vente,20000000,1,,RUE SAINT MEDERIC,2840,78000,78646,Versailles,78,,,78646000BT0058,,,,,,,,,,,,,0,2,Appartement,63,3,S,sols,,,10427,2.129584,48.797086
2025-1025078,2025-12-29,000001,Vente,20000000,1,,RUE SAINT MEDERIC,2840,78000,78646,Versailles,78,,,78646000BT0058,,,,,,,,,,,,,0,2,Appartement,87,4,S,sols,,,10427,2.129584,48.797086
2025-1025078,2025-12-29,000001,Vente,20000000,1,,RUE SAINT MEDERIC,2840,78000,78646,Versailles,78,,,78646000BT0058,,,,,,,,,,,,,0,2,Appartement,96,5,S,sols,,,10427,2.129584,48.797086
2025-1025078,2025-12-29,000001,Vente,20000000,1,,RUE SAINT MEDERIC,2840,78000,78646,Versailles,78,,,78646000BT0058,,,,,,,,,,,,,0,2,Appartement,91,4,S,sols,,,10427,2.129584,48.797086
2025-1025078,2025-12-29,000001,Vente,20000000,1,,RUE SAINT MEDERIC,2840,78000,78646,Versailles,78,,,78646000BT0058,,,,,,,,,,,,,0,2,Appartement,96,5,S,sols,,,10427,2.129584,48.797086
2025-1025078,2025-12-29,000001,Vente,20000000,1,,RUE SAINT MEDERIC,2840,78000,78646,Versailles,78,,,78646000BT0058,,,,,,,,,,,,,0,2,Appartement,91,4,S,sols,,,10427,2.129584,48.797086
2025-1025078,2025-12-29,000001,Vente,20000000,1,,RUE SAINT MEDERIC,2840,78000,78646,Versailles,78,,,78646000BT0058,,,,,,,,,,,,,0,2,Appartement,44,2,S,sols,,,10427,2.129584,48.797086
2025-1025078,2025-12-29,000001,Vente,20000000,1,,RUE SAINT MEDERIC,2840,78000,78646,Versailles,78,,,78646000BT0058,,,,,,,,,,,,,0,2,Appartement,91,4,S,sols,,,10427,2.129584,48.797086
2025-1025078,2025-12-29,000001,Vente,20000000,1,,RUE SAINT MEDERIC,2840,78000,78646,Versailles,78,,,78646000BT0058,,,,,,,,,,,,,0,2,Appartement,37,1,S,sols,,,10427,2.129584,48.797086
2025-1025078,2025-12-29,000001,Vente,20000000,1,,RUE SAINT MEDERIC,2840,78000,78646,Versailles,78,,,78646000BT0058,,,,,,,,,,,,,0,2,Appartement,71,4,S,sols,,,10427,2.129584,48.797086
2025-1025078,2025-12-29,000001,Vente,20000000,1,,RUE SAINT MEDERIC,2840,78000,78646,Versailles,78,,,78646000BT0058,,,,,,,,,,,,,0,2,Appartement,59,3,S,sols,,,10427,2.129584,48.797086
2025-1025078,2025-12-29,000001,Vente,20000000,1,,RUE SAINT MEDERIC,2840,78000,78646,Versailles,78,,,78646000BT0058,,,,,,,,,,,,,0,2,Appartement,74,4,S,sols,,,10427,2.129584,48.797086
2025-1025078,2025-12-29,000001,Vente,20000000,1,,RUE SAINT MEDERIC,2840,78000,78646,Versailles,78,,,78646000BT0058,,,,,,,,,,,,,0,2,Appartement,74,4,S,sols,,,10427,2.129584,48.797086
2025-1025078,2025-12-29,000001,Vente,20000000,1,,RUE SAINT MEDERIC,2840,78000,78646,Versailles,78,,,78646000BT0058,,,,,,,,,,,,,0,2,Appartement,63,3,S,sols,,,10427,2.129584,48.797086
2025-1025078,2025-12-29,000001,Vente,20000000,1,,RUE SAINT MEDERIC,2840,78000,78646,Versailles,78,,,78646000BT0058,,,,,,,,,,,,,0,2,Appartement,63,3,S,sols,,,10427,2.129584,48.797086
2025-1025078,2025-12-29,000001,Vente,20000000,1,,RUE SAINT MEDERIC,2840,78000,78646,Versailles,78,,,78646000BT0058,,,,,,,,,,,,,0,2,Appartement,59,3,S,sols,,,10427,2.129584,48.797086
2025-1025078,2025-12-29,000001,Vente,20000000,1,,RUE SAINT MEDERIC,2840,78000,78646,Versailles,78,,,78646000BT0058,,,,,,,,,,,,,0,2,Appartement,74,4,S,sols,,,10427,2.129584,48.797086
2025-1025078,2025-12-29,000001,Vente,20000000,1,,RUE SAINT MEDERIC,2840,78000,78646,Versailles,78,,,78646000BT0058,,,,,,,,,,,,,0,2,Appartement,63,3,S,sols,,,10427,2.129584,48.797086
2025-1025078,2025-12-29,000001,Vente,20000000,1,,RUE SAINT MEDERIC,2840,78000,78646,Versailles,78,,,78646000BT0058,,,,,,,,,,,,,0,2,Appartement,74,4,S,sols,,,10427,2.129584,48.797086
2025-1025078,2025-12-29,000001,Vente,20000000,1,,RUE SAINT MEDERIC,2840,78000,78646,Versailles,78,,,78646000BT0058,,,,,,,,,,,,,0,2,Appartement,63,3,S,sols,,,10427,2.129584,48.797086
2025-1025078,2025-12-29,000001,Vente,20000000,1,,RUE SAINT MEDERIC,2840,78000,78646,Versailles,78,,,78646000BT0058,,,,,,,,,,,,,0,2,Appartement,63,3,S,sols,,,10427,2.129584,48.797086
2025-1025078,2025-12-29,000001,Vente,20000000,1,,RUE SAINT MEDERIC,2840,78000,78646,Versailles,78,,,78646000BT0058,,,,,,,,,,,,,0,2,Appartement,63,3,S,sols,,,10427,2.129584,48.797086
2025-1025078,2025-12-29,000001,Vente,20000000,1,,RUE SAINT MEDERIC,2840,78000,78646,Versailles,78,,,78646000BT0058,,,,,,,,,,,,,0,3,Dépendance,,0,S,sols,,,10427,2.129584,48.797086
2025-1025078,2025-12-29,000001,Vente,20000000,1,,RUE SAINT MEDERIC,2840,78000,78646,Versailles,78,,,78646000BT0058,,,,,,,,,,,,,0,2,Appartement,59,3,S,sols,,,10427,2.129584,48.797086
2025-1025078,2025-12-29,000001,Vente,20000000,1,,RUE SAINT MEDERIC,2840,78000,78646,Versailles,78,,,78646000BT0058,,,,,,,,,,,,,0,2,Appartement,71,4,S,sols,,,10427,2.129584,48.797086
2025-1025078,2025-12-29,000001,Vente,20000000,1,,RUE SAINT MEDERIC,2840,78000,78646,Versailles,78,,,78646000BT0058,,,,,,,,,,,,,0,2,Appartement,63,3,S,sols,,,10427,2.129584,48.797086
2025-1025078,2025-12-29,000001,Vente,20000000,1,,RUE SAINT MEDERIC,2840,78000,78646,Versailles,78,,,78646000BT0058,,,,,,,,,,,,,0,2,Appartement,63,3,S,sols,,,10427,2.129584,48.797086
2025-1025078,2025-12-29,000001,Vente,20000000,1,,RUE SAINT MEDERIC,2840,78000,78646,Versailles,78,,,78646000BT0058,,,,,,,,,,,,,0,2,Appartement,63,3,S,sols,,,10427,2.129584,48.797086
2025-1025078,2025-12-29,000001,Vente,20000000,1,,RUE SAINT MEDERIC,2840,78000,78646,Versailles,78,,,78646000BT0058,,,,,,,,,,,,,0,2,Appartement,74,4,S,sols,,,10427,2.129584,48.797086
2025-1025078,2025-12-29,000001,Vente,20000000,1,,RUE SAINT MEDERIC,2840,78000,78646,Versailles,78,,,78646000BT0058,,,,,,,,,,,,,0,2,Appartement,63,3,S,sols,,,10427,2.129584,48.797086
2025-1025078,2025-12-29,000001,Vente,20000000,1,,RUE SAINT MEDERIC,2840,78000,78646,Versailles,78,,,78646000BT0058,,,,,,,,,,,,,0,2,Appartement,74,4,S,sols,,,10427,2.129584,48.797086
2025-1025078,2025-12-29,000001,Vente,20000000,1,,RUE SAINT MEDERIC,2840,78000,78646,Versailles,78,,,78646000BT0058,,,,,,,,,,,,,0,2,Appartement,59,3,S,sols,,,10427,2.129584,48.797086
2025-1025078,2025-12-29,000001,Vente,20000000,1,,RUE SAINT MEDERIC,2840,78000,78646,Versailles,78,,,78646000BT0058,,,,,,,,,,,,,0,2,Appartement,71,4,S,sols,,,10427,2.129584,48.797086
2025-1025078,2025-12-29,000001,Vente,20000000,1,,RUE SAINT MEDERIC,2840,78000,78646,Versailles,78,,,78646000BT0058,,,,,,,,,,,,,0,2,Appartement,63,3,S,sols,,,10427,2.129584,48.797086
2025-1025078,2025-12-29,000001,Vente,20000000,1,,RUE SAINT MEDERIC,2840,78000,78646,Versailles,78,,,78646000BT0058,,,,,,,,,,,,,0,2,Appartement,63,3,S,sols,,,10427,2.129584,48.797086
2025-1025078,2025-12-29,000001,Vente,20000000,1,,RUE SAINT MEDERIC,2840,78000,78646,Versailles,78,,,78646000BT0058,,,,,,,,,,,,,0,2,Appartement,63,3,S,sols,,,10427,2.129584,48.797086
2025-1025078,2025-12-29,000001,Vente,20000000,1,,RUE SAINT MEDERIC,2840,78000,78646,Versailles,78,,,78646000BT0058,,,,,,,,,,,,,0,2,Appartement,74,4,S,sols,,,10427,2.129584,48.797086
2025-1025078,2025-12-29,000001,Vente,20000000,1,,RUE SAINT MEDERIC,2840,78000,78646,Versailles,78,,,78646000BT0058,,,,,,,,,,,,,0,2,Appartement,63,3,S,sols,,,10427,2.129584,48.797086
2025-1025078,2025-12-29,000001,Vente,20000000,1,,RUE SAINT MEDERIC,2840,78000,78646,Versailles,78,,,78646000BT0058,,,,,,,,,,,,,0,2,Appartement,63,3,S,sols,,,10427,2.129584,48.797086
2025-1025078,2025-12-29,000001,Vente,20000000,1,,RUE SAINT MEDERIC,2840,78000,78646,Versailles,78,,,78646000BT0058,,,,,,,,,,,,,0,2,Appartement,74,4,S,sols,,,10427,2.129584,48.797086
2025-1025078,2025-12-29,000001,Vente,20000000,1,,RUE SAINT MEDERIC,2840,78000,78646,Versailles,78,,,78646000BT0058,,,,,,,,,,,,,0,2,Appartement,63,3,S,sols,,,10427,2.129584,48.797086
2025-1025078,2025-12-29,000001,Vente,20000000,1,,RUE SAINT MEDERIC,2840,78000,78646,Versailles,78,,,78646000BT0058,,,,,,,,,,,,,0,2,Appartement,74,4,S,sols,,,10427,2.129584,48.797086
2025-1025078,2025-12-29,000001,Vente,20000000,1,,RUE SAINT MEDERIC,2840,78000,78646,Versailles,78,,,78646000BT0058,,,,,,,,,,,,,0,2,Appartement,63,3,S,sols,,,10427,2.129584,48.797086
2025-1025078,2025-12-29,000001,Vente,20000000,1,,RUE SAINT MEDERIC,2840,78000,78646,Versailles,78,,,78646000BT0058,,,,,,,,,,,,,0,2,Appartement,74,4,S,sols,,,10427,2.129584,48.797086
2025-1025078,2025-12-29,000001,Vente,20000000,1,,RUE SAINT MEDERIC,2840,78000,78646,Versailles,78,,,78646000BT0058,,,,,,,,,,,,,0,2,Appartement,63,3,S,sols,,,10427,2.129584,48.797086
2025-1025078,2025-12-29,000001,Vente,20000000,1,,RUE SAINT MEDERIC,2840,78000,78646,Versailles,78,,,78646000BT0058,,,,,,,,,,,,,0,2,Appartement,63,4,S,sols,,,10427,2.129584,48.797086
2025-1025078,2025-12-29,000001,Vente,20000000,1,,RUE SAINT MEDERIC,2840,78000,78646,Versailles,78,,,78646000BT0058,,,,,,,,,,,,,0,2,Appartement,59,4,S,sols,,,10427,2.129584,48.797086
2025-1025078,2025-12-29,000001,Vente,20000000,1,,RUE SAINT MEDERIC,2840,78000,78646,Versailles,78,,,78646000BT0058,,,,,,,,,,,,,0,2,Appartement,63,3,S,sols,,,10427,2.129584,48.797086
2025-1025078,2025-12-29,000001,Vente,20000000,1,,RUE SAINT MEDERIC,2840,78000,78646,Versailles,78,,,78646000BT0058,,,,,,,,,,,,,0,2,Appartement,63,3,S,sols,,,10427,2.129584,48.797086
2025-1025078,2025-12-29,000001,Vente,20000000,1,,RUE SAINT MEDERIC,2840,78000,78646,Versailles,78,,,78646000BT0058,,,,,,,,,,,,,0,2,Appartement,74,4,S,sols,,,10427,2.129584,48.797086
2025-1025078,2025-12-29,000001,Vente,20000000,1,,RUE SAINT MEDERIC,2840,78000,78646,Versailles,78,,,78646000BT0058,,,,,,,,,,,,,0,2,Appartement,63,3,S,sols,,,10427,2.129584,48.797086
2025-1025078,2025-12-29,000001,Vente,20000000,1,,RUE SAINT MEDERIC,2840,78000,78646,Versailles,78,,,78646000BT0058,,,,,,,,,,,,,0,2,Appartement,74,4,S,sols,,,10427,2.129584,48.797086
2025-1025078,2025-12-29,000001,Vente,20000000,1,,RUE SAINT MEDERIC,2840,78000,78646,Versailles,78,,,78646000BT0058,,,,,,,,,,,,,0,2,Appartement,63,3,S,sols,,,10427,2.129584,48.797086
2025-1025078,2025-12-29,000001,Vente,20000000,1,,RUE SAINT MEDERIC,2840,78000,78646,Versailles,78,,,78646000BT0058,,,,,,,,,,,,,0,2,Appartement,74,4,S,sols,,,10427,2.129584,48.797086
2025-1025078,2025-12-29,000001,Vente,20000000,1,,RUE SAINT MEDERIC,2840,78000,78646,Versailles,78,,,78646000BT0058,,,,,,,,,,,,,0,2,Appartement,63,3,S,sols,,,10427,2.129584,48.797086
2025-1025078,2025-12-29,000001,Vente,20000000,1,,RUE SAINT MEDERIC,2840,78000,78646,Versailles,78,,,78646000BT0058,,,,,,,,,,,,,0,2,Appartement,59,3,S,sols,,,10427,2.129584,48.797086
2025-1025078,2025-12-29,000001,Vente,20000000,1,,RUE SAINT MEDERIC,2840,78000,78646,Versailles,78,,,78646000BT0058,,,,,,,,,,,,,0,2,Appartement,71,4,S,sols,,,10427,2.129584,48.797086
2025-1025078,2025-12-29,000001,Vente,20000000,1,,RUE SAINT MEDERIC,2840,78000,78646,Versailles,78,,,78646000BT0058,,,,,,,,,,,,,0,2,Appartement,63,3,S,sols,,,10427,2.129584,48.797086
2025-1025078,2025-12-29,000001,Vente,20000000,1,,RUE SAINT MEDERIC,2840,78000,78646,Versailles,78,,,78646000BT0058,,,,,,,,,,,,,0,2,Appartement,63,3,S,sols,,,10427,2.129584,48.797086
2025-1025078,2025-12-29,000001,Vente,20000000,1,,RUE SAINT MEDERIC,2840,78000,78646,Versailles,78,,,78646000BT0058,,,,,,,,,,,,,0,2,Appartement,74,4,S,sols,,,10427,2.129584,48.797086
2025-1025078,2025-12-29,000001,Vente,20000000,1,,RUE SAINT MEDERIC,2840,78000,78646,Versailles,78,,,78646000BT0058,,,,,,,,,,,,,0,2,Appartement,63,3,S,sols,,,10427,2.129584,48.797086
2025-1025078,2025-12-29,000001,Vente,20000000,1,,RUE SAINT MEDERIC,2840,78000,78646,Versailles,78,,,78646000BT0058,,,,,,,,,,,,,0,2,Appartement,74,4,S,sols,,,10427,2.129584,48.797086
2025-1025078,2025-12-29,000001,Vente,20000000,1,,RUE SAINT MEDERIC,2840,78000,78646,Versailles,78,,,78646000BT0058,,,,,,,,,,,,,0,2,Appartement,63,3,S,sols,,,10427,2.129584,48.797086
2025-1025078,2025-12-29,000001,Vente,20000000,1,,RUE SAINT MEDERIC,2840,78000,78646,Versailles,78,,,78646000BT0058,,,,,,,,,,,,,0,2,Appartement,59,3,S,sols,,,10427,2.129584,48.797086
2025-1025078,2025-12-29,000001,Vente,20000000,1,,RUE SAINT MEDERIC,2840,78000,78646,Versailles,78,,,78646000BT0058,,,,,,,,,,,,,0,2,Appartement,71,4,S,sols,,,10427,2.129584,48.797086
2025-1025078,2025-12-29,000001,Vente,20000000,1,,RUE SAINT MEDERIC,2840,78000,78646,Versailles,78,,,78646000BT0058,,,,,,,,,,,,,0,2,Appartement,63,3,S,sols,,,10427,2.129584,48.797086
2025-1025078,2025-12-29,000001,Vente,20000000,1,,RUE SAINT MEDERIC,2840,78000,78646,Versailles,78,,,78646000BT0058,,,,,,,,,,,,,0,2,Appartement,63,3,S,sols,,,10427,2.129584,48.797086
2025-1025078,2025-12-29,000001,Vente,20000000,1,,RUE SAINT MEDERIC,2840,78000,78646,Versailles,78,,,78646000BT0058,,,,,,,,,,,,,0,2,Appartement,74,4,S,sols,,,10427,2.129584,48.797086
2025-1025078,2025-12-29,000001,Vente,20000000,1,,RUE SAINT MEDERIC,2840,78000,78646,Versailles,78,,,78646000BT0058,,,,,,,,,,,,,0,2,Appartement,63,3,S,sols,,,10427,2.129584,48.797086
2025-1025078,2025-12-29,000001,Vente,20000000,1,,RUE SAINT MEDERIC,2840,78000,78646,Versailles,78,,,78646000BT0058,,,,,,,,,,,,,0,2,Appartement,74,4,S,sols,,,10427,2.129584,48.797086
2025-1025078,2025-12-29,000001,Vente,20000000,1,,RUE SAINT MEDERIC,2840,78000,78646,Versailles,78,,,78646000BT0058,,,,,,,,,,,,,0,2,Appartement,63,3,S,sols,,,10427,2.129584,48.797086
2025-1025078,2025-12-29,000001,Vente,20000000,1,,RUE SAINT MEDERIC,2840,78000,78646,Versailles,78,,,78646000BT0058,,,,,,,,,,,,,0,2,Appartement,59,3,S,sols,,,10427,2.129584,48.797086
2025-1025078,2025-12-29,000001,Vente,20000000,1,,RUE SAINT MEDERIC,2840,78000,78646,Versailles,78,,,78646000BT0058,,,,,,,,,,,,,0,2,Appartement,63,3,S,sols,,,10427,2.129584,48.797086
2025-1025078,2025-12-29,000001,Vente,20000000,1,,RUE SAINT MEDERIC,2840,78000,78646,Versailles,78,,,78646000BT0058,,,,,,,,,,,,,0,2,Appartement,86,4,S,sols,,,10427,2.129584,48.797086
2025-1025078,2025-12-29,000001,Vente,20000000,1,,RUE SAINT MEDERIC,2840,78000,78646,Versailles,78,,,78646000BT0058,,,,,,,,,,,,,0,2,Appartement,63,3,S,sols,,,10427,2.129584,48.797086
2025-1025078,2025-12-29,000001,Vente,20000000,1,,RUE SAINT MEDERIC,2840,78000,78646,Versailles,78,,,78646000BT0058,,,,,,,,,,,,,0,3,Dépendance,,0,S,sols,,,10427,2.129584,48.797086
2025-1025078,2025-12-29,000001,Vente,20000000,1,,RUE SAINT MEDERIC,2840,78000,78646,Versailles,78,,,78646000BT0058,,,,,,,,,,,,,0,3,Dépendance,,0,S,sols,,,10427,2.129584,48.797086
2025-1025078,2025-12-29,000001,Vente,20000000,1,,RUE SAINT MEDERIC,2840,78000,78646,Versailles,78,,,78646000BT0058,,,,,,,,,,,,,0,3,Dépendance,,0,S,sols,,,10427,2.129584,48.797086
2025-1025078,2025-12-29,000001,Vente,20000000,1,,RUE SAINT MEDERIC,2840,78000,78646,Versailles,78,,,78646000BT0058,,,,,,,,,,,,,0,3,Dépendance,,0,S,sols,,,10427,2.129584,48.797086
2025-1025078,2025-12-29,000001,Vente,20000000,1,,RUE SAINT MEDERIC,2840,78000,78646,Versailles,78,,,78646000BT0058,,,,,,,,,,,,,0,3,Dépendance,,0,S,sols,,,10427,2.129584,48.797086
2025-1025078,2025-12-29,000001,Vente,20000000,1,,RUE SAINT MEDERIC,2840,78000,78646,Versailles,78,,,78646000BT0058,,,,,,,,,,,,,0,3,Dépendance,,0,S,sols,,,10427,2.129584,48.797086
2025-1025078,2025-12-29,000001,Vente,20000000,1,,RUE SAINT MEDERIC,2840,78000,78646,Versailles,78,,,78646000BT0058,,,,,,,,,,,,,0,3,Dépendance,,0,S,sols,,,10427,2.129584,48.797086
2025-1025078,2025-12-29,000001,Vente,20000000,1,,RUE SAINT MEDERIC,2840,78000,78646,Versailles,78,,,78646000BT0058,,,,,,,,,,,,,0,3,Dépendance,,0,S,sols,,,10427,2.129584,48.797086
2025-1025078,2025-12-29,000001,Vente,20000000,1,,RUE SAINT MEDERIC,2840,78000,78646,Versailles,78,,,78646000BT0058,,,,,,,,,,,,,0,3,Dépendance,,0,S,sols,,,10427,2.129584,48.797086
2025-1025078,2025-12-29,000001,Vente,20000000,1,,RUE SAINT MEDERIC,2840,78000,78646,Versailles,78,,,78646000BT0058,,,,,,,,,,,,,0,3,Dépendance,,0,S,sols,,,10427,2.129584,48.797086
2025-1025078,2025-12-29,000001,Vente,20000000,1,,RUE SAINT MEDERIC,2840,78000,78646,Versailles,78,,,78646000BT0058,,,,,,,,,,,,,0,3,Dépendance,,0,S,sols,,,10427,2.129584,48.797086
2025-1025078,2025-12-29,000001,Vente,20000000,1,,RUE SAINT MEDERIC,2840,78000,78646,Versailles,78,,,78646000BT0058,,,,,,,,,,,,,0,3,Dépendance,,0,S,sols,,,10427,2.129584,48.797086
2025-1025078,2025-12-29,000001,Vente,20000000,1,,RUE SAINT MEDERIC,2840,78000,78646,Versailles,78,,,78646000BT0058,,,,,,,,,,,,,0,3,Dépendance,,0,S,sols,,,10427,2.129584,48.797086
2025-1025078,2025-12-29,000001,Vente,20000000,1,,RUE SAINT MEDERIC,2840,78000,78646,Versailles,78,,,78646000BT0058,,,,,,,,,,,,,0,3,Dépendance,,0,S,sols,,,10427,2.129584,48.797086
2025-1025078,2025-12-29,000001,Vente,20000000,1,,RUE SAINT MEDERIC,2840,78000,78646,Versailles,78,,,78646000BT0058,,,,,,,,,,,,,0,3,Dépendance,,0,S,sols,,,10427,2.129584,48.797086
2025-1025078,2025-12-29,000001,Vente,20000000,1,,RUE SAINT MEDERIC,2840,78000,78646,Versailles,78,,,78646000BT0058,,,,,,,,,,,,,0,3,Dépendance,,0,S,sols,,,10427,2.129584,48.797086
2025-1025078,2025-12-29,000001,Vente,20000000,1,,RUE SAINT MEDERIC,2840,78000,78646,Versailles,78,,,78646000BT0058,,,,,,,,,,,,,0,3,Dépendance,,0,S,sols,,,10427,2.129584,48.797086
2025-1025078,2025-12-29,000001,Vente,20000000,1,,RUE SAINT MEDERIC,2840,78000,78646,Versailles,78,,,78646000BT0058,,,,,,,,,,,,,0,3,Dépendance,,0,S,sols,,,10427,2.129584,48.797086
2025-1025078,2025-12-29,000001,Vente,20000000,1,,RUE SAINT MEDERIC,2840,78000,78646,Versailles,78,,,78646000BT0058,,,,,,,,,,,,,0,3,Dépendance,,0,S,sols,,,10427,2.129584,48.797086
2025-1025078,2025-12-29,000001,Vente,20000000,1,,RUE SAINT MEDERIC,2840,78000,78646,Versailles,78,,,78646000BT0058,,,,,,,,,,,,,0,3,Dépendance,,0,S,sols,,,10427,2.129584,48.797086
2025-1025078,2025-12-29,000001,Vente,20000000,1,,RUE SAINT MEDERIC,2840,78000,78646,Versailles,78,,,78646000BT0058,,,,,,,,,,,,,0,3,Dépendance,,0,S,sols,,,10427,2.129584,48.797086
2025-1025078,2025-12-29,000001,Vente,20000000,1,,RUE SAINT MEDERIC,2840,78000,78646,Versailles,78,,,78646000BT0058,,,,,,,,,,,,,0,3,Dépendance,,0,S,sols,,,10427,2.129584,48.797086
2025-1025078,2025-12-29,000001,Vente,20000000,1,,RUE SAINT MEDERIC,2840,78000,78646,Versailles,78,,,78646000BT0058,,,,,,,,,,,,,0,3,Dépendance,,0,S,sols,,,10427,2.129584,48.797086
2025-1025078,2025-12-29,000001,Vente,20000000,1,,RUE SAINT MEDERIC,2840,78000,78646,Versailles,78,,,78646000BT0058,,,,,,,,,,,,,0,3,Dépendance,,0,S,sols,,,10427,2.129584,48.797086
2025-1025078,2025-12-29,000001,Vente,20000000,1,,RUE SAINT MEDERIC,2840,78000,78646,Versailles,78,,,78646000BT0058,,,,,,,,,,,,,0,3,Dépendance,,0,S,sols,,,10427,2.129584,48.797086
2025-1025078,2025-12-29,000001,Vente,20000000,1,,RUE SAINT MEDERIC,2840,78000,78646,Versailles,78,,,78646000BT0058,,,,,,,,,,,,,0,3,Dépendance,,0,S,sols,,,10427,2.129584,48.797086
2025-1025078,2025-12-29,000001,Vente,20000000,1,,RUE SAINT MEDERIC,2840,78000,78646,Versailles,78,,,78646000BT0058,,,,,,,,,,,,,0,3,Dépendance,,0,S,sols,,,10427,2.129584,48.797086
2025-1025078,2025-12-29,000001,Vente,20000000,1,,RUE SAINT MEDERIC,2840,78000,78646,Versailles,78,,,78646000BT0058,,,,,,,,,,,,,0,3,Dépendance,,0,S,sols,,,10427,2.129584,48.797086
2025-1025078,2025-12-29,000001,Vente,20000000,1,,RUE SAINT MEDERIC,2840,78000,78646,Versailles,78,,,78646000BT0058,,,,,,,,,,,,,0,3,Dépendance,,0,S,sols,,,10427,2.129584,48.797086
2025-1025078,2025-12-29,000001,Vente,20000000,1,,RUE SAINT MEDERIC,2840,78000,78646,Versailles,78,,,78646000BT0058,,,,,,,,,,,,,0,3,Dépendance,,0,S,sols,,,10427,2.129584,48.797086
2025-1025078,2025-12-29,000001,Vente,20000000,1,,RUE SAINT MEDERIC,2840,78000,78646,Versailles,78,,,78646000BT0058,,,,,,,,,,,,,0,3,Dépendance,,0,S,sols,,,10427,2.129584,48.797086
2025-1025078,2025-12-29,000001,Vente,20000000,1,,RUE SAINT MEDERIC,2840,78000,78646,Versailles,78,,,78646000BT0058,,,,,,,,,,,,,0,3,Dépendance,,0,S,sols,,,10427,2.129584,48.797086
2025-1025078,2025-12-29,000001,Vente,20000000,1,,RUE SAINT MEDERIC,2840,78000,78646,Versailles,78,,,78646000BT0058,,,,,,,,,,,,,0,3,Dépendance,,0,S,sols,,,10427,2.129584,48.797086
2025-1025078,2025-12-29,000001,Vente,20000000,1,,RUE SAINT MEDERIC,2840,78000,78646,Versailles,78,,,78646000BT0058,,,,,,,,,,,,,0,3,Dépendance,,0,S,sols,,,10427,2.129584,48.797086
2025-1025078,2025-12-29,000001,Vente,20000000,1,,RUE SAINT MEDERIC,2840,78000,78646,Versailles,78,,,78646000BT0058,,,,,,,,,,,,,0,3,Dépendance,,0,S,sols,,,10427,2.129584,48.797086
2025-1025078,2025-12-29,000001,Vente,20000000,1,,RUE SAINT MEDERIC,2840,78000,78646,Versailles,78,,,78646000BT0058,,,,,,,,,,,,,0,2,Appartement,73,4,S,sols,,,10427,2.129584,48.797086
2025-1025078,2025-12-29,000001,Vente,20000000,1,,RUE SAINT MEDERIC,2840,78000,78646,Versailles,78,,,78646000BT0058,,,,,,,,,,,,,0,2,Appartement,63,3,S,sols,,,10427,2.129584,48.797086
2025-1025078,2025-12-29,000001,Vente,20000000,1,,RUE SAINT MEDERIC,2840,78000,78646,Versailles,78,,,78646000BT0058,,,,,,,,,,,,,0,2,Appartement,63,3,S,sols,,,10427,2.129584,48.797086
2025-1025094,2025-12-17,000001,Vente,336525,10,,PROM MONA LISA,1965,78000,78646,Versailles,78,,,78646000AZ0110,,,1791,,1821,95.32,,,,,,,2,2,Appartement,94,4,,,,,,2.158672,48.8041
2025-1025094,2025-12-17,000001,Vente,336525,10,,PROM MONA LISA,1965,78000,78646,Versailles,78,,,78646000AZ0110,,,1791,,1821,95.32,,,,,,,2,3,Dépendance,,0,,,,,,2.158672,48.8041
2025-1025094,2025-12-17,000001,Vente,336525,5,,RUE DE L ECOLE DES POSTES,0850,78000,78646,Versailles,78,,,78646000AZ0110,,,3871,,,,,,,,,,1,3,Dépendance,,0,,,,,,2.158672,48.8041
2025-1025095,2025-12-18,000001,Vente,517400,8,,RUE JEAN MERMOZ,1460,78000,78646,Versailles,78,,,78646000BN0035,,,20,68.79,,,,,,,,,1,2,Appartement,69,3,,,,,,2.142529,48.797184
2025-1025095,2025-12-18,000001,Vente,517400,8,,RUE JEAN MERMOZ,1460,78000,78646,Versailles,78,,,78646000BN0035,,,82,,,,,,,,,,1,3,Dépendance,,0,,,,,,2.142529,48.797184
2025-1025122,2025-12-03,000001,Vente,14000,21,,BD SAINT ANTOINE,2690,78000,78646,Versailles,78,,,78646000AC0054,,,524,,,,,,,,,,1,3,Dépendance,,0,,,,,,2.125692,48.815948
2025-1025207,2025-12-04,000001,Vente,389000,6,,RUE EXELMANS,1020,78000,78646,Versailles,78,,,78646000AC0318,,,80,,,,,,,,,,1,3,Dépendance,,0,,,,,,2.125702,48.812918
2025-1025207,2025-12-04,000001,Vente,389000,6,,RUE EXELMANS,1020,78000,78646,Versailles,78,,,78646000AC0318,,,23,53.22,46,,,,,,,,2,2,Appartement,55,2,,,,,,2.125702,48.812918
2025-1025214,2025-12-23,000001,Vente,280000,10,,RUE DES RECOLLETS,2500,78000,78646,Versailles,78,,,78646000AH0010,,,5,39.49,,,,,,,,,1,2,Appartement,40,1,,,,,,2.121894,48.802018
2025-1025217,2025-12-22,000001,Vente,395000,94,,AV DE PARIS,2180,78000,78646,Versailles,78,,,78646000BN0051,,,156,,34,79.23,,,,,,,2,2,Appartement,77,3,,,,,,2.148182,48.797645
2025-1025217,2025-12-22,000001,Vente,395000,94,,AV DE PARIS,2180,78000,78646,Versailles,78,,,78646000BN0051,,,156,,34,79.23,,,,,,,2,3,Dépendance,,0,,,,,,2.148182,48.797645
2025-1025271,2025-12-22,000001,Vente,285000,21,,RUE YVES LE COZ,3210,78000,78646,Versailles,78,,,78646000BE0249,,,,,,,,,,,,,0,1,Maison,50,2,S,sols,,,195,2.161105,48.797783
2025-1025271,2025-12-22,000001,Vente,285000,21,,RUE YVES LE COZ,3210,78000,78646,Versailles,78,,,78646000BE0249,,,,,,,,,,,,,0,4,Local industriel. commercial ou assimilé,10,0,S,sols,,,195,2.161105,48.797783
2025-1025290,2025-12-05,000001,Vente,253000,54,,AV DES ETATS UNIS,0990,78000,78646,Versailles,78,,,78646000AW0159,,,17,31.24,5,,,,,,,,2,2,Appartement,35,2,,,,,,2.146486,48.807979
2025-1025290,2025-12-05,000001,Vente,253000,54,,AV DES ETATS UNIS,0990,78000,78646,Versailles,78,,,78646000AW0159,,,17,31.24,5,,,,,,,,2,3,Dépendance,,0,,,,,,2.146486,48.807979
2025-1025301,2025-12-16,000001,Vente,360000,8,T,RUE EXELMANS,1020,78000,78646,Versailles,78,,,78646000AC0116,,,135,,49,68.27,,,,,,,2,3,Dépendance,,0,,,,,,2.126206,48.81323
2025-1025301,2025-12-16,000001,Vente,360000,8,T,RUE EXELMANS,1020,78000,78646,Versailles,78,,,78646000AC0116,,,135,,49,68.27,,,,,,,2,2,Appartement,68,4,,,,,,2.126206,48.81323
2025-1025301,2025-12-16,000001,Vente,360000,8,,RUE EXELMANS,1020,78000,78646,Versailles,78,,,78646000AC0116,,,51,,,,,,,,,,1,3,Dépendance,,0,,,,,,2.126206,48.81323
2025-1025333,2025-12-15,000001,Vente,192000,17,,RUE DE MONTREUIL,2000,78000,78646,Versailles,78,,,78646000AX0287,,,13,,37,,9,31.01,,,,,3,3,Dépendance,,0,,,,,,2.143566,48.805516
2025-1025333,2025-12-15,000001,Vente,192000,17,,RUE DE MONTREUIL,2000,78000,78646,Versailles,78,,,78646000AX0287,,,13,,37,,9,31.01,,,,,3,2,Appartement,28,1,,,,,,2.143566,48.805516
2025-1025392,2025-12-18,000001,Vente,220000,36,B,RUE DE MONTREUIL,2000,78000,78646,Versailles,78,,,78646000AX0309,,,103,28.83,302,,,,,,,,2,2,Appartement,21,1,,,,,,2.145638,48.804501
2025-1025392,2025-12-18,000001,Vente,220000,36,B,RUE DE MONTREUIL,2000,78000,78646,Versailles,78,,,78646000AX0309,,,103,28.83,302,,,,,,,,2,3,Dépendance,,0,,,,,,2.145638,48.804501
2025-1025399,2025-12-29,000001,Vente,70000,67,,RUE DES CHANTIERS,0530,78000,78646,Versailles,78,,,78646000BL0279,,,13,,,,,,,,,,1,2,Appartement,34,2,,,,,,2.143241,48.793584
2025-1025431,2025-12-30,000001,Vente,385000,24,,RUE JACQUES LEMERCIER,1420,78000,78646,Versailles,78,,,78646000AO0020,,,34,57.01,36,,66,,,,,,3,3,Dépendance,,0,,,,,,2.150001,48.814605
2025-1025431,2025-12-30,000001,Vente,385000,24,,RUE JACQUES LEMERCIER,1420,78000,78646,Versailles,78,,,78646000AO0020,,,34,57.01,36,,66,,,,,,3,2,Appartement,54,2,,,,,,2.150001,48.814605
2025-1025431,2025-12-30,000001,Vente,385000,24,,RUE JACQUES LEMERCIER,1420,78000,78646,Versailles,78,,,78646000AO0020,,,225,,,,,,,,,,1,3,Dépendance,,0,,,,,,2.150001,48.814605
2025-1025434,2025-12-17,000001,Vente,670000,20,,RUE DE PROVENCE,2460,78000,78646,Versailles,78,,,78646000AX0442,,,46,,,,,,,,,,1,3,Dépendance,,0,,,,,,2.140987,48.807165
2025-1025434,2025-12-17,000001,Vente,670000,20,,RUE DE PROVENCE,2460,78000,78646,Versailles,78,,,78646000AX0442,,,317,,322,111.01,,,,,,,2,2,Appartement,111,5,,,,,,2.140987,48.807165
2025-1025434,2025-12-17,000001,Vente,670000,20,,RUE DE PROVENCE,2460,78000,78646,Versailles,78,,,78646000AX0442,,,317,,322,111.01,,,,,,,2,3,Dépendance,,0,,,,,,2.140987,48.807165
2025-1025476,2025-12-22,000001,Vente,120000,7,,BD SAINT ANTOINE,2690,78000,78646,Versailles,78,,,78646000AC0098,,,12,31.6,14,,21,,,,,,3,2,Appartement,35,2,,,,,,2.127658,48.81536
2025-1025476,2025-12-22,000001,Vente,120000,7,,BD SAINT ANTOINE,2690,78000,78646,Versailles,78,,,78646000AC0098,,,12,31.6,14,,21,,,,,,3,3,Dépendance,,0,,,,,,2.127658,48.81536
2025-1025476,2025-12-22,000001,Vente,120000,7,,BD SAINT ANTOINE,2690,78000,78646,Versailles,78,,,78646000AC0098,,,12,31.6,14,,21,,,,,,3,3,Dépendance,,0,,,,,,2.127658,48.81536
2025-1025477,2025-12-22,000001,Vente,370000,5,,RUE DES CHANTIERS,0530,78000,78646,Versailles,78,,,78646000BS0033,,,7,,,,,,,,,,1,3,Dépendance,,0,,,,,,2.136261,48.797305
2025-1025477,2025-12-22,000001,Vente,370000,5,,RUE DES CHANTIERS,0530,78000,78646,Versailles,78,,,78646000BS0033,,,3,56.5,,,,,,,,,1,2,Appartement,57,3,,,,,,2.136261,48.797305
2025-1025486,2025-12-22,000001,Vente,526150,5,,RUE DE L ECOLE DES POSTES,0850,78000,78646,Versailles,78,,,78646000AZ0110,,,3833,,,,,,,,,,1,3,Dépendance,,0,,,,,,2.158672,48.8041
2025-1025486,2025-12-22,000001,Vente,526150,18,,PROM MONA LISA,1965,78000,78646,Versailles,78,,,78646000AZ0110,,,1855,,1896,100.93,,,,,,,2,2,Appartement,102,4,,,,,,2.158672,48.8041
2025-1025486,2025-12-22,000001,Vente,526150,18,,PROM MONA LISA,1965,78000,78646,Versailles,78,,,78646000AZ0110,,,1855,,1896,100.93,,,,,,,2,3,Dépendance,,0,,,,,,2.158672,48.8041
2025-1025486,2025-12-22,000001,Vente,526150,18,,PROM MONA LISA,1965,78000,78646,Versailles,78,,,78646000AZ0110,,,1855,,1896,100.93,,,,,,,2,3,Dépendance,,0,,,,,,2.158672,48.8041
2025-1025489,2025-12-22,000001,Vente,496640,16,,RUE DU PARC DE CLAGNY,2171,78000,78646,Versailles,78,,,78646000AP0099,,,119,,33,88.5,,,,,,,2,2,Appartement,87,3,,,,,,2.141446,48.81293
2025-1025489,2025-12-22,000001,Vente,496640,16,,RUE DU PARC DE CLAGNY,2171,78000,78646,Versailles,78,,,78646000AP0099,,,80,,,,,,,,,,1,3,Dépendance,,0,,,,,,2.141446,48.81293
2025-1025490,2025-12-19,000001,Vente,297780,9,,RUE DE MONTREUIL,2000,78000,78646,Versailles,78,,,78646000AX0284,,,19,44.18,,,,,,,,,1,4,Local industriel. commercial ou assimilé,41,0,,,,,,2.142813,48.805553
2025-1025519,2025-12-26,000001,Vente,174000,31,,RUE DE LA PAROISSE,2190,78000,78646,Versailles,78,,,78646000AE0141,,,21,,57,37.24,,,,,,,2,2,Appartement,41,1,,,,,,2.128166,48.808064
2025-1025519,2025-12-26,000001,Vente,174000,31,,RUE DE LA PAROISSE,2190,78000,78646,Versailles,78,,,78646000AE0141,,,15,,56,41.49,,,,,,,2,2,Appartement,43,1,,,,,,2.128166,48.808064
2025-1025521,2025-12-30,000001,Vente,55000,5,,IMP DU DEBARCADERE,0750,78000,78646,Versailles,78,,,78646000AK0163,,,56,,,,,,,,,,1,3,Dépendance,,0,,,,,,2.135281,48.810199
2025-1025522,2025-12-19,000001,Vente,148000,8,,RUE DU GENERAL PERSHING,1170,78000,78646,Versailles,78,,,78646000AS0052,,,43,,69,,,,,,,,2,2,Appartement,71,3,,,,,,2.151367,48.813337
2025-1025522,2025-12-19,000001,Vente,148000,8,,RUE DU GENERAL PERSHING,1170,78000,78646,Versailles,78,,,78646000AS0052,,,202,,,,,,,,,,1,3,Dépendance,,0,,,,,,2.151367,48.813337
2025-1025522,2025-12-19,000001,Vente,148000,8,,RUE DU GENERAL PERSHING,1170,78000,78646,Versailles,78,,,78646000AS0052,,,43,,69,,,,,,,,2,3,Dépendance,,0,,,,,,2.151367,48.813337
2025-1025522,2025-12-19,000001,Vente,148000,8,,RUE DU GENERAL PERSHING,1170,78000,78646,Versailles,78,,,78646000AS0052,,,216,,,,,,,,,,1,3,Dépendance,,0,,,,,,2.151367,48.813337
2025-1025523,2025-12-19,000002,Vente,88000,2,,RUE EMILE DESCHAMPS,0930,78000,78646,Versailles,78,,,78646000AX0558,,,87,,,,,,,,,,1,3,Dépendance,,0,,,,,,2.150198,48.804871
2025-1025523,2025-12-19,000002,Vente,88000,2,,RUE EMILE DESCHAMPS,0930,78000,78646,Versailles,78,,,78646000AX0558,,,21,,43,,,,,,,,2,3,Dépendance,,0,,,,,,2.150198,48.804871
2025-1025523,2025-12-19,000002,Vente,88000,2,,RUE EMILE DESCHAMPS,0930,78000,78646,Versailles,78,,,78646000AX0558,,,21,,43,,,,,,,,2,2,Appartement,36,1,,,,,,2.150198,48.804871
2025-1025524,2025-12-11,000001,Vente,172865,34,,RUE DE L ERMITAGE,0940,78000,78646,Versailles,78,,,78646000AB0034,,,14,29.33,,,,,,,,,1,2,Appartement,30,1,,,,,,2.121742,48.816777
2025-1025527,2025-12-30,000001,Vente,730680,2,,RUE ALEXIS DE TOCQUEVILLE,0128,78000,78646,Versailles,78,,,78646000BS0226,,,4267,,,,,,,,,,1,3,Dépendance,,0,,,,,,2.132076,48.794722
2025-1025527,2025-12-30,000001,Vente,730680,2,,RUE ALEXIS DE TOCQUEVILLE,0128,78000,78646,Versailles,78,,,78646000BS0226,,,4089,81.74,,,,,,,,,1,3,Dépendance,,0,,,,,,2.132076,48.794722
2025-1025527,2025-12-30,000001,Vente,730680,2,,RUE ALEXIS DE TOCQUEVILLE,0128,78000,78646,Versailles,78,,,78646000BS0226,,,4089,81.74,,,,,,,,,1,2,Appartement,81,4,,,,,,2.132076,48.794722
2025-1025554,2025-12-29,000001,Vente,591000,6,,RUE DE FONTENAY,1050,78000,78646,Versailles,78,,,78646000AH0092,,,18,,19,,29,,47,,48,,5,3,Dépendance,,0,,,,,,2.124293,48.801086
2025-1025554,2025-12-29,000001,Vente,591000,6,,RUE DE FONTENAY,1050,78000,78646,Versailles,78,,,78646000AH0092,,,18,,19,,29,,47,,48,,5,2,Appartement,51,3,,,,,,2.124293,48.801086
2025-1025554,2025-12-29,000001,Vente,591000,6,,RUE DE FONTENAY,1050,78000,78646,Versailles,78,,,78646000AH0092,,,18,,19,,29,,47,,48,,5,3,Dépendance,,0,,,,,,2.124293,48.801086
2025-1025566,2025-12-31,000001,Vente,198500,6,,RUE DE BEAUVAU,0320,78000,78646,Versailles,78,,,78646000AD0272,,,11,26.66,,,,,,,,,1,2,Appartement,28,2,,,,,,2.13132,48.811813
2025-1025566,2025-12-31,000001,Vente,198500,6,,RUE DE BEAUVAU,0320,78000,78646,Versailles,78,,,78646000AD0272,,,11,26.66,,,,,,,,,1,3,Dépendance,,0,,,,,,2.13132,48.811813
2025-1025575,2025-12-29,000001,Vente,830300,61,,AV FOURCAULT DE PAVANT,1090,78000,78646,Versailles,78,,,78646000AM0211,,,,,,,,,,,,,0,1,Maison,75,4,S,sols,,,358,2.144235,48.822083
2025-1025582,2025-12-11,000001,Vente,195000,28,,RUE HENRI DE REGNIER,1310,78000,78646,Versailles,78,,,78646000BW0157,,,2,27.15,9,,,,,,,,2,2,Appartement,26,2,,,,,,2.12639,48.79316
2025-1025591,2025-12-30,000001,Vente,222000,8,,RUE ANDRE CHENIER,0160,78000,78646,Versailles,78,,,78646000AI0117,,,53,,54,,,,,,,,2,2,Appartement,59,3,,,,,,2.133027,48.806118
2025-1025593,2025-12-29,000001,Vente,65000,7,,AV MIRABEAU,1910,78000,78646,Versailles,78,,,78646000AM0030,,,,,,,,,,,,,0,1,Maison,147,5,S,sols,,,400,2.138688,48.820238
2025-1025598,2025-12-23,000001,Vente,808250,21,B,RUE DU MARECHAL GALLIENI,1812,78000,78646,Versailles,78,,,78646000AC0005,,,1106,88.47,1222,,,,,,,,2,3,Dépendance,,0,,,,,,2.123201,48.811375
2025-1025598,2025-12-23,000001,Vente,808250,21,B,RUE DU MARECHAL GALLIENI,1812,78000,78646,Versailles,78,,,78646000AC0005,,,1106,88.47,1222,,,,,,,,2,2,Appartement,88,4,,,,,,2.123201,48.811375
2025-1025598,2025-12-23,000001,Vente,808250,21,B,RUE DU MARECHAL GALLIENI,1812,78000,78646,Versailles,78,,,78646000AC0005,,,1234,,,,,,,,,,1,3,Dépendance,,0,,,,,,2.123201,48.811375
2025-1025619,2025-12-15,000001,Vente,2000,5,,IMP DES GENDARMES,1140,78000,78646,Versailles,78,,,78646000BR0007,,,25,,,,,,,,,,1,3,Dépendance,,0,,,,,,2.131407,48.80069
2025-1025620,2025-12-29,000001,Vente,202000,5,,RUE DE L ECOLE DES POSTES,0850,78000,78646,Versailles,78,,,78646000AZ0110,,,3915,,,,,,,,,,1,3,Dépendance,,0,,,,,,2.158672,48.8041
2025-1025620,2025-12-29,000001,Vente,202000,20,,PROM MONA LISA,1965,78000,78646,Versailles,78,,,78646000AZ0110,,,1999,,2002,,,,,,,,2,2,Appartement,47,1,,,,,,2.158672,48.8041
2025-1025620,2025-12-29,000001,Vente,202000,20,,PROM MONA LISA,1965,78000,78646,Versailles,78,,,78646000AZ0110,,,1999,,2002,,,,,,,,2,3,Dépendance,,0,,,,,,2.158672,48.8041
2025-1025681,2025-12-23,000001,Vente,910000,15,,RUE DU MAL FOCH,1810,78000,78646,Versailles,78,,,78646000AE0286,,,1,,17,,28,,59,,,,4,4,Local industriel. commercial ou assimilé,135,0,,,,,,2.131178,48.805884
2025-1025730,2025-12-15,000001,Vente,850000,33,,RUE D ANJOU,0190,78000,78646,Versailles,78,,,78646000BT0045,,,2,,,,,,,,,,1,4,Local industriel. commercial ou assimilé,43,0,,,,,,2.126738,48.796972
2025-1025730,2025-12-15,000001,Vente,850000,33,,RUE D ANJOU,0190,78000,78646,Versailles,78,,,78646000BT0045,,,1,,,,,,,,,,1,1,Maison,101,3,,,,,,2.126738,48.796972
2025-1025741,2025-12-17,000001,Vente,250000,11,,RUE DU PONT COLBERT,2370,78000,78646,Versailles,78,,,78646000BL0422,,,395,,465,68.28,,,,,,,2,2,Appartement,71,3,,,,,,2.147593,48.79113
2025-1025741,2025-12-17,000001,Vente,250000,11,,RUE DU PONT COLBERT,2370,78000,78646,Versailles,78,,,78646000BL0422,,,395,,465,68.28,,,,,,,2,3,Dépendance,,0,,,,,,2.147593,48.79113
2025-1025741,2025-12-17,000001,Vente,250000,13,,RUE DU PONT COLBERT,2370,78000,78646,Versailles,78,,,78646000BL0422,,,338,,,,,,,,,,1,3,Dépendance,,0,,,,,,2.147593,48.79113
2025-1025754,2025-12-15,000001,Vente,4510705.1,2,,PL DU POTAGER,2416,78000,78646,Versailles,78,,,78646000BY0183,,,,,,,,,,,,,0,,,,,AB,terrains a bâtir,,,3936,2.078069,48.804712
2025-1025754,2025-12-15,000001,Vente,4510705.1,2,,PL DU POTAGER,2416,78000,78646,Versailles,78,,,78646000BY0184,,,,,,,,,,,,,0,,,,,AB,terrains a bâtir,,,87,2.077746,48.805031
2025-1025754,2025-12-15,000001,Vente,4510705.1,2,,PL DU POTAGER,2416,78000,78646,Versailles,78,,,78646000BY0185,,2,,,,,,,,,,,0,,,,,,,,,,2.078594,48.805194
2025-1025756,2025-12-18,000001,Vente,660000,66,,AV DE PARIS,2180,78000,78646,Versailles,78,,,78646000BN0007,,,239,,,,,,,,,,1,3,Dépendance,,0,,,,,,2.138959,48.799201
2025-1025756,2025-12-18,000001,Vente,660000,5,,RUE DE VERGENNES,3150,78000,78646,Versailles,78,,,78646000BN0010,,,2,101.82,5,,6,,,,,,3,1,Maison,100,4,,,,,,2.138872,48.798717
2025-1025758,2025-12-17,000001,Vente,130000,88,B,AV DE PARIS,2180,78000,78646,Versailles,78,,,78646000BN0048,,,130,20.79,,,,,,,,,1,2,Appartement,21,1,,,,,,2.146306,48.797577
2025-1025815,2025-12-19,000001,Vente,1950000,11,,RUE REMILLY,2530,78000,78646,Versailles,78,,,78646000AK0046,,,,,,,,,,,,,0,1,Maison,260,9,S,sols,,,354,2.136729,48.811931
2025-1025824,2025-12-16,000001,Vente,170270,86,,AV DE PARIS,2180,78000,78646,Versailles,78,,,78646000BN0166,,,154,43.3,203,,,,,,,,2,3,Dépendance,,0,,,,,,2.145036,48.797427
2025-1025824,2025-12-16,000001,Vente,170270,86,,AV DE PARIS,2180,78000,78646,Versailles,78,,,78646000BN0166,,,154,43.3,203,,,,,,,,2,2,Appartement,43,1,,,,,,2.145036,48.797427
2025-1025847,2025-12-18,000001,Vente,1150000,1,,RUE SAINT SYMPHORIEN,2913,78000,78646,Versailles,78,,,78646000AW0087,,,,,,,,,,,,,0,3,Dépendance,,0,S,sols,,,225,2.154369,48.804521
2025-1025847,2025-12-18,000001,Vente,1150000,1,,RUE SAINT SYMPHORIEN,2913,78000,78646,Versailles,78,,,78646000AW0087,,,,,,,,,,,,,0,4,Local industriel. commercial ou assimilé,16,0,S,sols,,,225,2.154369,48.804521
2025-1025847,2025-12-18,000001,Vente,1150000,1,,RUE SAINT SYMPHORIEN,2913,78000,78646,Versailles,78,,,78646000AW0087,,,,,,,,,,,,,0,3,Dépendance,,0,S,sols,,,225,2.154369,48.804521
2025-1025847,2025-12-18,000001,Vente,1150000,1,,RUE SAINT SYMPHORIEN,2913,78000,78646,Versailles,78,,,78646000AW0087,,,,,,,,,,,,,0,4,Local industriel. commercial ou assimilé,24,0,S,sols,,,225,2.154369,48.804521
2025-1025847,2025-12-18,000001,Vente,1150000,1,,RUE SAINT SYMPHORIEN,2913,78000,78646,Versailles,78,,,78646000AW0087,,,,,,,,,,,,,0,4,Local industriel. commercial ou assimilé,230,0,S,sols,,,225,2.154369,48.804521
2025-1025847,2025-12-18,000001,Vente,1150000,1,,RUE SAINT SYMPHORIEN,2913,78000,78646,Versailles,78,,,78646000AW0087,,,,,,,,,,,,,0,1,Maison,124,9,S,sols,,,225,2.154369,48.804521
2025-1025885,2025-12-19,000001,Vente,455970,43,,AV DES ETATS UNIS,0990,78000,78646,Versailles,78,,,78646000AS0098,,,103,,,,,,,,,,1,2,Appartement,105,4,,,,,,2.148446,48.810098
2025-1025903,2025-12-30,000001,Vente,15000,82,B,AV DE PARIS,2180,78000,78646,Versailles,78,,,78646000BN0166,,,1151,,,,,,,,,,1,3,Dépendance,,0,,,,,,2.145036,48.797427
2025-1025912,2025-12-31,000001,Vente,30000,2,B,AV DE PARIS,2180,78000,78646,Versailles,78,,,78646000AH0225,,,5330,,,,,,,,,,1,3,Dépendance,,0,,,,,,2.128298,48.801276
2025-1025916,2025-12-30,000001,Vente,210000,26,,RUE DU GENERAL LECLERC,1145,78000,78646,Versailles,78,,,78646000BV0080,,,11,18.39,40,10.54,52,16.65,8,30.31,,,4,4,Local industriel. commercial ou assimilé,49,0,,,,,,2.12633,48.798673
2025-1025917,2025-12-18,000001,Vente,35000,18,,RUE DES CONDAMINES,0690,78000,78646,Versailles,78,,,78646000AX0363,,,39,,,,,,,,,,1,3,Dépendance,,0,,,,,,2.146029,48.803262
2025-1025920,2025-12-16,000001,Vente,28000,6,,RUE MONTBAURON,1970,78000,78646,Versailles,78,,,78646000BP0027,,,62,,,,,,,,,,1,3,Dépendance,,0,,,,,,2.135298,48.802989
2025-1025980,2025-12-30,000001,Vente,160000,39,,BD DU ROI,2641,78000,78646,Versailles,78,,,78646000AC0108,,,50,22.67,,,,,,,,,1,2,Appartement,23,1,,,,,,2.127742,48.814503
2025-1025993,2025-12-19,000001,Vente,7105000,15,,RUE PORTE DE BUC,2390,78000,78646,Versailles,78,,,78646000BM0066,,,,,,,,,,,,,0,,,,,AB,terrains a bâtir,RUE,Rue,227,2.137788,48.79366
2025-1025993,2025-12-19,000001,Vente,7105000,15,,RUE PORTE DE BUC,2390,78000,78646,Versailles,78,,,78646000BM0067,,,,,,,,,,,,,0,,,,,AB,terrains a bâtir,RUE,Rue,59,2.138136,48.793554
2025-1025993,2025-12-19,000001,Vente,7105000,13,,RUE PORTE DE BUC,2390,78000,78646,Versailles,78,,,78646000BM0071,,,,,,,,,,,,,0,,,,,AB,terrains a bâtir,,,541,2.137773,48.793796
2025-1025993,2025-12-19,000001,Vente,7105000,13,B,RUE PORTE DE BUC,2390,78000,78646,Versailles,78,,,78646000BM0072,,,,,,,,,,,,,0,,,,,AB,terrains a bâtir,,,1007,2.138099,48.793693
2025-1025993,2025-12-19,000001,Vente,7105000,7,T,RUE PORTE DE BUC,2390,78000,78646,Versailles,78,,,78646000BM0111,,,,,,,,,,,,,0,,,,,S,sols,,,93,2.137592,48.793907
2025-1025993,2025-12-19,000001,Vente,7105000,7,T,RUE PORTE DE BUC,2390,78000,78646,Versailles,78,,,78646000BM0112,,,,,,,,,,,,,0,,,,,S,sols,,,22,2.138162,48.793778
2025-1026068,2025-12-19,000001,Vente,2990000,3,,AV DU GENERAL MANGIN,1165,78000,78646,Versailles,78,,,78646000AL0067,,,,,,,,,,,,,0,1,Maison,370,14,S,sols,,,913,2.136794,48.813783
2025-1026068,2025-12-19,000001,Vente,2990000,3,,AV DU GENERAL MANGIN,1165,78000,78646,Versailles,78,,,78646000AL0067,,,,,,,,,,,,,0,3,Dépendance,,0,S,sols,,,913,2.136794,48.813783
2025-1026068,2025-12-19,000001,Vente,2990000,3,,AV DU GENERAL MANGIN,1165,78000,78646,Versailles,78,,,78646000AL0067,,,,,,,,,,,,,0,1,Maison,35,1,S,sols,,,913,2.136794,48.813783
2025-1026068,2025-12-19,000001,Vente,2990000,2,,RUE DU MAL DE LATTRE DE TASSIG,1790,78000,78646,Versailles,78,,,78646000AL0190,,,,,,,,,,,,,0,,,,,BT,taillis simples,,,343,2.13689,48.814081
2025-1026068,2025-12-19,000001,Vente,2990000,2,,RUE DU MAL DE LATTRE DE TASSIG,1790,78000,78646,Versailles,78,,,78646000AL0191,,,,,,,,,,,,,0,,,,,BT,taillis simples,,,309,2.137209,48.814039
2025-1026078,2025-12-23,000001,Vente en l'état futur d'achèvement,940500,8,,ALL DU CORDON BOISE,0714,78000,78646,Versailles,78,,,78646000BY0110,,,252,,,,,,,,,,1,,,,,,,,,,2.078228,48.802624
2025-1026078,2025-12-23,000001,Vente en l'état futur d'achèvement,940500,8,,ALL DU CORDON BOISE,0714,78000,78646,Versailles,78,,,78646000BY0110,,,253,,,,,,,,,,1,,,,,,,,,,2.078228,48.802624
2025-1026078,2025-12-23,000001,Vente en l'état futur d'achèvement,940500,5,,VEN DE SAINT CYR,2733,78000,78646,Versailles,78,,,78646000BY0179,,,,,,,,,,,,,0,,,,,AB,terrains a bâtir,,,133,2.079202,48.803308
2025-1026078,2025-12-23,000001,Vente en l'état futur d'achèvement,940500,5,,VEN DE SAINT CYR,2733,78000,78646,Versailles,78,,,78646000BY0180,,,,,,,,,,,,,0,,,,,AB,terrains a bâtir,,,13,2.079254,48.803341
2025-1026098,2025-12-26,000001,Vente,370000,11,,RUE DES CHANTIERS,0530,78000,78646,Versailles,78,,,78646000BS0047,,,11,,17,,5,65.45,8,,,,4,2,Appartement,65,3,,,,,,2.136771,48.796848
2025-1026098,2025-12-26,000001,Vente,370000,11,,RUE DES CHANTIERS,0530,78000,78646,Versailles,78,,,78646000BS0047,,,11,,17,,5,65.45,8,,,,4,3,Dépendance,,0,,,,,,2.136771,48.796848
2025-1026121,2025-11-19,000001,Vente,405000,30,B,RUE DES CELESTINS,0470,78000,78646,Versailles,78,,,78646000BI0340,,,,,,,,,,,,,0,1,Maison,43,3,S,sols,,,133,2.155419,48.79307
2025-1026137,2025-12-24,000001,Vente,208400,23,,RUE HOCHE,1350,78000,78646,Versailles,78,,,78646000AE0202,,,10,29.91,,,,,,,,,1,2,Appartement,32,1,,,,,,2.128088,48.807322
2025-1026145,2025-12-23,000001,Vente,3950000,21,,RUE D ANGIVILLER,0170,78000,78646,Versailles,78,,,78646000AD0156,,,,,,,,,,,,,0,4,Local industriel. commercial ou assimilé,188,0,AG,terrains d'agrément,,,582,2.129534,48.810561
2025-1026145,2025-12-23,000001,Vente,3950000,21,,RUE D ANGIVILLER,0170,78000,78646,Versailles,78,,,78646000AD0156,,,,,,,,,,,,,0,4,Local industriel. commercial ou assimilé,1092,0,S,sols,,,309,2.129534,48.810561
2025-1026145,2025-12-23,000001,Vente,3950000,21,,RUE D ANGIVILLER,0170,78000,78646,Versailles,78,,,78646000AD0156,,,,,,,,,,,,,0,4,Local industriel. commercial ou assimilé,157,0,S,sols,,,309,2.129534,48.810561
2025-1026145,2025-12-23,000001,Vente,3950000,21,,RUE D ANGIVILLER,0170,78000,78646,Versailles,78,,,78646000AD0156,,,,,,,,,,,,,0,4,Local industriel. commercial ou assimilé,210,0,S,sols,,,309,2.129534,48.810561
2025-1026145,2025-12-23,000001,Vente,3950000,21,,RUE D ANGIVILLER,0170,78000,78646,Versailles,78,,,78646000AD0156,,,,,,,,,,,,,0,4,Local industriel. commercial ou assimilé,211,0,S,sols,,,309,2.129534,48.810561
2025-1026145,2025-12-23,000001,Vente,3950000,21,,RUE D ANGIVILLER,0170,78000,78646,Versailles,78,,,78646000AD0156,,,,,,,,,,,,,0,4,Local industriel. commercial ou assimilé,215,0,S,sols,,,309,2.129534,48.810561
2025-1026145,2025-12-23,000001,Vente,3950000,21,,RUE D ANGIVILLER,0170,78000,78646,Versailles,78,,,78646000AD0156,,,,,,,,,,,,,0,4,Local industriel. commercial ou assimilé,188,0,S,sols,,,309,2.129534,48.810561
2025-1026145,2025-12-23,000001,Vente,3950000,21,,RUE D ANGIVILLER,0170,78000,78646,Versailles,78,,,78646000AD0156,,,,,,,,,,,,,0,4,Local industriel. commercial ou assimilé,74,0,S,sols,,,309,2.129534,48.810561
2025-1026145,2025-12-23,000001,Vente,3950000,21,,RUE D ANGIVILLER,0170,78000,78646,Versailles,78,,,78646000AD0156,,,,,,,,,,,,,0,4,Local industriel. commercial ou assimilé,1092,0,AG,terrains d'agrément,,,582,2.129534,48.810561
2025-1026145,2025-12-23,000001,Vente,3950000,21,,RUE D ANGIVILLER,0170,78000,78646,Versailles,78,,,78646000AD0156,,,,,,,,,,,,,0,4,Local industriel. commercial ou assimilé,157,0,AG,terrains d'agrément,,,582,2.129534,48.810561
2025-1026145,2025-12-23,000001,Vente,3950000,21,,RUE D ANGIVILLER,0170,78000,78646,Versailles,78,,,78646000AD0156,,,,,,,,,,,,,0,4,Local industriel. commercial ou assimilé,210,0,AG,terrains d'agrément,,,582,2.129534,48.810561
2025-1026145,2025-12-23,000001,Vente,3950000,21,,RUE D ANGIVILLER,0170,78000,78646,Versailles,78,,,78646000AD0156,,,,,,,,,,,,,0,4,Local industriel. commercial ou assimilé,211,0,AG,terrains d'agrément,,,582,2.129534,48.810561
2025-1026145,2025-12-23,000001,Vente,3950000,21,,RUE D ANGIVILLER,0170,78000,78646,Versailles,78,,,78646000AD0156,,,,,,,,,,,,,0,4,Local industriel. commercial ou assimilé,215,0,AG,terrains d'agrément,,,582,2.129534,48.810561
2025-1026145,2025-12-23,000001,Vente,3950000,21,,RUE D ANGIVILLER,0170,78000,78646,Versailles,78,,,78646000AD0156,,,,,,,,,,,,,0,4,Local industriel. commercial ou assimilé,74,0,AG,terrains d'agrément,,,582,2.129534,48.810561
2025-1026213,2025-12-30,000001,Vente,80000,27,,RUE DE L ORANGERIE,2110,78000,78646,Versailles,78,,,78646000AH0118,,,27,19.62,,,,,,,,,1,2,Appartement,17,1,,,,,,2.123308,48.800242
2025-1026237,2025-05-07,000001,Adjudication,47000,21,,RUE DES CHANTIERS,0530,78000,78646,Versailles,78,,,78646000BS0052,,,16,,17,,,,,,,,2,2,Appartement,13,1,,,,,,2.137265,48.796594
2025-1026237,2025-05-07,000001,Adjudication,47000,21,,RUE DES CHANTIERS,0530,78000,78646,Versailles,78,,,78646000BS0052,,,16,,17,,,,,,,,2,3,Dépendance,,0,,,,,,2.137265,48.796594
