id_mutation,date_mutation,numero_disposition,nature_mutation,valeur_fonciere,adresse_numero,adresse_suffixe,adresse_nom_voie,adresse_code_voie,code_postal,code_commune,nom_commune,code_departement,ancien_code_commune,ancien_nom_commune,id_parcelle,ancien_id_parcelle,numero_volume,lot1_numero,lot1_surface_carrez,lot2_numero,lot2_surface_carrez,lot3_numero,lot3_surface_carrez,lot4_numero,lot4_surface_carrez,lot5_numero,lot5_surface_carrez,nombre_lots,code_type_local,type_local,surface_reelle_bati,nombre_pieces_principales,code_nature_culture,nature_culture,code_nature_culture_speciale,nature_culture_speciale,surface_terrain,longitude,latitude
2023-1044849,2023-01-03,000001,Vente,679000,24,,RUE JACQUES LEMERCIER,1420,78000,78646,Versailles,78,,,78646000AO0020,,,214,,,,,,,,,,1,3,Dépendance,,0,,,,,,2.150001,48.814605
2023-1044849,2023-01-03,000001,Vente,679000,24,,RUE JACQUES LEMERCIER,1420,78000,78646,Versailles,78,,,78646000AO0020,,,134,113.7,183,,,,,,,,2,2,Appartement,116,5,,,,,,2.150001,48.814605
2023-1044849,2023-01-03,000001,Vente,679000,24,,RUE JACQUES LEMERCIER,1420,78000,78646,Versailles,78,,,78646000AO0020,,,134,113.7,183,,,,,,,,2,3,Dépendance,,0,,,,,,2.150001,48.814605
2023-1044875,2023-01-06,000001,Vente,753000,11,,RUE DE MONTREUIL,2000,78000,78646,Versailles,78,,,78646000AX0284,,,71,,,,,,,,,,1,3,Dépendance,,0,,,,,,2.142813,48.805553
2023-1044875,2023-01-06,000001,Vente,753000,11,,RUE DE MONTREUIL,2000,78000,78646,Versailles,78,,,78646000AX0284,,,37,102.8,80,103.06,,,,,,,2,2,Appartement,105,4,,,,,,2.142813,48.805553
2023-1044877,2023-01-06,000001,Vente,312000,60,,RUE CHAMP LAGARDE,0490,78000,78646,Versailles,78,,,78646000AY0097,,,67,,,,,,,,,,1,3,Dépendance,,0,,,,,,2.149752,48.801617
2023-1044877,2023-01-06,000001,Vente,312000,60,,RUE CHAMP LAGARDE,0490,78000,78646,Versailles,78,,,78646000AY0097,,,11,55.32,36,,,,,,,,2,2,Appartement,55,3,,,,,,2.149752,48.801617
2023-1044877,2023-01-06,000001,Vente,312000,60,,RUE CHAMP LAGARDE,0490,78000,78646,Versailles,78,,,78646000AY0097,,,11,55.32,36,,,,,,,,2,3,Dépendance,,0,,,,,,2.149752,48.801617
2023-1044891,2023-01-02,000001,Vente,19000,98,,AV DE PARIS,2180,78000,78646,Versailles,78,,,78646000BK0001,,,428,,,,,,,,,,1,3,Dépendance,,0,,,,,,2.149414,48.797242
2023-1044920,2023-01-04,000001,Vente,398550,18,,RUE EDOUARD CHARTON,0890,78000,78646,Versailles,78,,,78646000BT0159,,,29,49.09,3,,,,,,,,2,3,Dépendance,,0,,,,,,2.129773,48.794796
2023-1044920,2023-01-04,000001,Vente,398550,18,,RUE EDOUARD CHARTON,0890,78000,78646,Versailles,78,,,78646000BT0159,,,29,49.09,3,,,,,,,,2,2,Appartement,50,2,,,,,,2.129773,48.794796
2023-1044922,2023-01-11,000001,Vente,648450,8,,RUE DE FONTENAY,1050,78000,78646,Versailles,78,,,78646000AH0091,,,507,73.57,957,,,,,,,,2,3,Dépendance,,0,,,,,,2.124624,48.800951
2023-1044922,2023-01-11,000001,Vente,648450,8,,RUE DE FONTENAY,1050,78000,78646,Versailles,78,,,78646000AH0091,,,507,73.57,957,,,,,,,,2,2,Appartement,74,2,,,,,,2.124624,48.800951
2023-1044922,2023-01-11,000001,Vente,648450,8,,RUE DE FONTENAY,1050,78000,78646,Versailles,78,,,78646000AH0091,,,918,,,,,,,,,,1,3,Dépendance,,0,,,,,,2.124624,48.800951
2023-1044925,2023-01-10,000001,Vente,24500,8,,RUE DE LA CEINTURE,0460,78000,78646,Versailles,78,,,78646000AW0006,,,1210,,,,,,,,,,1,3,Dépendance,,0,,,,,,2.15013,48.808121
2023-1044946,2023-01-04,000001,Vente,105000,6,,RUE EDOUARD CHARTON,0890,78000,78646,Versailles,78,,,78646000BT0067,,,28,9.01,,,,,,,,,1,3,Dépendance,,0,,,,,,2.130673,48.796048
2023-1044946,2023-01-04,000001,Vente,105000,6,,RUE EDOUARD CHARTON,0890,78000,78646,Versailles,78,,,78646000BT0067,,,28,9.01,,,,,,,,,1,2,Appartement,20,1,,,,,,2.130673,48.796048
2023-1044949,2023-01-06,000001,Vente,446400,2,,RUE DE VERDUN,3140,78000,78646,Versailles,78,,,78646000AY0162,,,3,68.28,8,,,,,,,,2,2,Appartement,83,3,,,,,,2.150241,48.800144
2023-1044955,2023-01-09,000001,Vente,135000,98,,RUE DE LA PAROISSE,2190,78000,78646,Versailles,78,,,78646000AI0146,,,17,,9,16.22,,,,,,,2,2,Appartement,18,1,,,,,,2.134348,48.80572
2023-1044981,2023-01-13,000001,Vente,1045000,5,,AV DE SAINT CLOUD,2730,78000,78646,Versailles,78,,,78646000AE0317,,,1,157.14,30,,4,,,,,,3,4,Local industriel. commercial ou assimilé,148,0,,,,,,2.128338,48.805267
2023-1044991,2023-01-10,000001,Vente,320000,66,B,RUE ROYALE,2648,78000,78646,Versailles,78,,,78646000BV0172,,,35,66.75,37,,,,,,,,2,4,Local industriel. commercial ou assimilé,69,0,,,,,,2.125173,48.795793
2023-1045019,2023-01-13,000001,Vente,32000,3,,RUE SAINT NICOLAS,2860,78000,78646,Versailles,78,,,78646000AW0041,,,25,,,,,,,,,,1,3,Dépendance,,0,,,,,,2.155485,48.807321
2023-1045045,2023-01-11,000001,Vente,984440,6,,RUE EXELMANS,1020,78000,78646,Versailles,78,,,78646000AC0318,,,64,,,,,,,,,,1,3,Dépendance,,0,,,,,,2.125702,48.812918
2023-1045045,2023-01-11,000001,Vente,984440,6,,RUE EXELMANS,1020,78000,78646,Versailles,78,,,78646000AC0318,,,34,,8,,,,,,,,2,3,Dépendance,,0,,,,,,2.125702,48.812918
2023-1045045,2023-01-11,000001,Vente,984440,6,,RUE EXELMANS,1020,78000,78646,Versailles,78,,,78646000AC0318,,,34,,8,,,,,,,,2,2,Appartement,123,4,,,,,,2.125702,48.812918
2023-1045050,2023-01-03,000001,Vente,197000,11,,RUE SAINTE SOPHIE,2890,78000,78646,Versailles,78,,,78646000AD0444,,,7,,,,,,,,,,1,2,Appartement,26,1,,,,,,2.132888,48.810876
2023-1045053,2023-01-11,000001,Vente,478830,6,,PL CHAROST,0550,78000,78646,Versailles,78,,,78646000AI0050,,,5,59.6,8,,9,,,,,,3,3,Dépendance,,0,,,,,,2.132609,48.803586
2023-1045053,2023-01-11,000001,Vente,478830,6,,PL CHAROST,0550,78000,78646,Versailles,78,,,78646000AI0050,,,5,59.6,8,,9,,,,,,3,3,Dépendance,,0,,,,,,2.132609,48.803586
2023-1045053,2023-01-11,000001,Vente,478830,6,,PL CHAROST,0550,78000,78646,Versailles,78,,,78646000AI0050,,,5,59.6,8,,9,,,,,,3,2,Appartement,56,3,,,,,,2.132609,48.803586
2023-1045074,2023-01-13,000001,Vente,552000,50,,RUE DE LA PAROISSE,2190,78000,78646,Versailles,78,,,78646000AE0215,,,15,,7,63.78,,,,,,,2,2,Appartement,50,3,,,,,,2.129508,48.806878
2023-1045083,2023-01-16,000001,Vente,545024,7,,RUE EDOUARD CHARTON,0890,78000,78646,Versailles,78,,,78646000BS0011,,,44,,63,,78,73.86,,,,,3,3,Dépendance,,0,,,,,,2.13109,48.795902
2023-1045083,2023-01-16,000001,Vente,545024,7,,RUE EDOUARD CHARTON,0890,78000,78646,Versailles,78,,,78646000BS0011,,,44,,63,,78,73.86,,,,,3,2,Appartement,75,2,,,,,,2.13109,48.795902
2023-1045083,2023-01-16,000001,Vente,545024,7,,RUE EDOUARD CHARTON,0890,78000,78646,Versailles,78,,,78646000BS0011,,,44,,63,,78,73.86,,,,,3,3,Dépendance,,0,,,,,,2.13109,48.795902
2023-1045087,2023-01-12,000001,Vente,497300,8,,IMP DES GENDARMES,1140,78000,78646,Versailles,78,,,78646000BR0006,,,22,74.62,,,,,,,,,1,2,Appartement,69,5,,,,,,2.131117,48.80027
2023-1045087,2023-01-12,000001,Vente,497300,8,,IMP DES GENDARMES,1140,78000,78646,Versailles,78,,,78646000BR0006,,,22,74.62,,,,,,,,,1,3,Dépendance,,0,,,,,,2.131117,48.80027
2023-1045091,2023-01-11,000001,Vente,505000,2,,RUE ALEXIS DE TOCQUEVILLE,0128,78000,78646,Versailles,78,,,78646000BS0226,,,4326,,,,,,,,,,1,3,Dépendance,,0,,,,,,2.132076,48.794722
2023-1045091,2023-01-11,000001,Vente,505000,2,,RUE ALEXIS DE TOCQUEVILLE,0128,78000,78646,Versailles,78,,,78646000BS0226,,,4019,59.58,,,,,,,,,1,2,Appartement,58,3,,,,,,2.132076,48.794722
2023-1045103,2023-01-06,000001,Vente,410000,64,,RUE DES CHANTIERS,0530,78000,78646,Versailles,78,,,78646000BL0326,,,465,,49,,,,,,,,2,3,Dépendance,,0,,,,,,2.143523,48.792624
2023-1045103,2023-01-06,000001,Vente,410000,64,,RUE DES CHANTIERS,0530,78000,78646,Versailles,78,,,78646000BL0326,,,465,,49,,,,,,,,2,2,Appartement,67,2,,,,,,2.143523,48.792624
2023-1045103,2023-01-06,000001,Vente,410000,64,,RUE DES CHANTIERS,0530,78000,78646,Versailles,78,,,78646000BL0326,,,273,,,,,,,,,,1,3,Dépendance,,0,,,,,,2.143523,48.792624
2023-1045120,2023-01-06,000001,Vente,62500,58,,RUE DU MAL FOCH,1810,78000,78646,Versailles,78,,,78646000AK0127,,,48,7.59,,,,,,,,,1,3,Dépendance,,0,,,,,,2.135211,48.81139
2023-1045131,2023-01-16,000001,Vente,630000,32,,RUE DU MAL JOFFRE,1820,78000,78646,Versailles,78,,,78646000BW0207,,,65,,76,82.24,,,,,,,2,2,Appartement,80,4,,,,,,2.119719,48.794497
2023-1045131,2023-01-16,000001,Vente,630000,32,,RUE DU MAL JOFFRE,1820,78000,78646,Versailles,78,,,78646000BW0207,,,165,,,,,,,,,,1,3,Dépendance,,0,,,,,,2.119719,48.794497
2023-1045131,2023-01-16,000001,Vente,630000,32,,RUE DU MAL JOFFRE,1820,78000,78646,Versailles,78,,,78646000BW0207,,,65,,76,82.24,,,,,,,2,3,Dépendance,,0,,,,,,2.119719,48.794497
2023-1045139,2023-01-16,000001,Vente,500050,82,B,AV DE PARIS,2180,78000,78646,Versailles,78,,,78646000BN0166,,,324,70.65,339,,,,,,,,2,2,Appartement,70,3,,,,,,2.145036,48.797427
2023-1045139,2023-01-16,000001,Vente,500050,82,B,AV DE PARIS,2180,78000,78646,Versailles,78,,,78646000BN0166,,,324,70.65,339,,,,,,,,2,3,Dépendance,,0,,,,,,2.145036,48.797427
2023-1045139,2023-01-16,000001,Vente,500050,82,B,AV DE PARIS,2180,78000,78646,Versailles,78,,,78646000BN0166,,,324,70.65,339,,,,,,,,2,3,Dépendance,,0,,,,,,2.145036,48.797427
2023-1045139,2023-01-16,000001,Vente,500050,82,B,AV DE PARIS,2180,78000,78646,Versailles,78,,,78646000BN0166,,,1074,,,,,,,,,,1,3,Dépendance,,0,,,,,,2.145036,48.797427
2023-1045151,2023-01-05,000001,Vente,170000,9,,RUE PHILIPPE DE DANGEAU,2255,78000,78646,Versailles,78,,,78646000AI0058,,,142,18.48,,,,,,,,,1,2,Appartement,21,1,,,,,,2.13392,48.803575
2023-1045157,2023-01-06,000001,Vente,258000,72,,RUE D ANJOU,0190,78000,78646,Versailles,78,,,78646000BT0094,,,8,,,,,,,,,,1,2,Appartement,34,1,,,,,,2.128197,48.79605
2023-1045157,2023-01-06,000001,Vente,258000,72,,RUE D ANJOU,0190,78000,78646,Versailles,78,,,78646000BT0094,,,8,,,,,,,,,,1,3,Dépendance,,0,,,,,,2.128197,48.79605
2023-1045160,2023-01-06,000001,Vente,37000,72,,RUE D ANJOU,0190,78000,78646,Versailles,78,,,78646000BT0094,,,34,,,,,,,,,,1,3,Dépendance,,0,,,,,,2.128197,48.79605
2023-1045166,2023-01-13,000001,Vente,308000,20,,RUE DES ETATS GENERAUX,0980,78000,78646,Versailles,78,,,78646000BR0191,,,26,43.04,8,,,,,,,,2,2,Appartement,46,2,,,,,,2.13339,48.798708
2023-1045188,2023-01-13,000001,Vente,933850,52,B,AV DE SAINT CLOUD,2730,78000,78646,Versailles,78,,,78646000BP0008,,,103,,105,,119,157.56,,,,,3,3,Dépendance,,0,,,,,,2.137166,48.804897
2023-1045188,2023-01-13,000001,Vente,933850,52,B,AV DE SAINT CLOUD,2730,78000,78646,Versailles,78,,,78646000BP0008,,,103,,105,,119,157.56,,,,,3,2,Appartement,170,6,,,,,,2.137166,48.804897
2023-1045188,2023-01-13,000001,Vente,933850,52,T,AV DE SAINT CLOUD,2730,78000,78646,Versailles,78,,,78646000BP0260,,,491,,,,,,,,,,1,3,Dépendance,,0,,,,,,2.137262,48.804537
2023-1045194,2023-01-17,000001,Vente,236250,53,,RUE D ANJOU,0190,78000,78646,Versailles,78,,,78646000BT0056,,,19,38.54,32,,,,,,,,2,2,Appartement,38,2,,,,,,2.127998,48.796684
2023-1045204,2023-01-16,000001,Vente,987750,18,,RUE DES MISSIONNAIRES,1920,78000,78646,Versailles,78,,,78646000AD0252,,,17,,7,146.59,,,,,,,2,3,Dépendance,,0,,,,,,2.131237,48.812499
2023-1045204,2023-01-16,000001,Vente,987750,18,,RUE DES MISSIONNAIRES,1920,78000,78646,Versailles,78,,,78646000AD0252,,,33,,,,,,,,,,1,3,Dépendance,,0,,,,,,2.131237,48.812499
2023-1045204,2023-01-16,000001,Vente,987750,18,,RUE DES MISSIONNAIRES,1920,78000,78646,Versailles,78,,,78646000AD0252,,,26,,,,,,,,,,1,3,Dépendance,,0,,,,,,2.131237,48.812499
2023-1045204,2023-01-16,000001,Vente,987750,18,,RUE DES MISSIONNAIRES,1920,78000,78646,Versailles,78,,,78646000AD0252,,,17,,7,146.59,,,,,,,2,2,Appartement,145,6,,,,,,2.131237,48.812499
2023-1045236,2023-01-20,000001,Vente,382000,115,,AV DE PARIS,2180,78000,78646,Versailles,78,,,78646000BC0062,,,62,,95,72.81,,,,,,,2,3,Dépendance,,0,,,,,,2.157995,48.800801
2023-1045236,2023-01-20,000001,Vente,382000,115,,AV DE PARIS,2180,78000,78646,Versailles,78,,,78646000BC0062,,,62,,95,72.81,,,,,,,2,2,Appartement,75,3,,,,,,2.157995,48.800801
2023-1045236,2023-01-20,000001,Vente,382000,115,,AV DE PARIS,2180,78000,78646,Versailles,78,,,78646000BC0062,,,294,,,,,,,,,,1,3,Dépendance,,0,,,,,,2.157995,48.800801
2023-1045243,2023-01-06,000001,Vente,634615,20,,RUE DE PROVENCE,2460,78000,78646,Versailles,78,,,78646000AX0442,,,220,,,,,,,,,,1,3,Dépendance,,0,,,,,,2.140987,48.807165
2023-1045243,2023-01-06,000001,Vente,634615,20,,RUE DE PROVENCE,2460,78000,78646,Versailles,78,,,78646000AX0442,,,75,,,,,,,,,,1,3,Dépendance,,0,,,,,,2.140987,48.807165
2023-1045243,2023-01-06,000001,Vente,634615,20,,RUE DE PROVENCE,2460,78000,78646,Versailles,78,,,78646000AX0442,,,76,,,,,,,,,,1,3,Dépendance,,0,,,,,,2.140987,48.807165
2023-1045243,2023-01-06,000001,Vente,634615,20,,RUE DE PROVENCE,2460,78000,78646,Versailles,78,,,78646000AX0442,,,236,94.58,,,,,,,,,1,2,Appartement,94,4,,,,,,2.140987,48.807165
2023-1045295,2023-01-20,000001,Vente,1529900,10,,RUE SAINT LOUIS,2810,78000,78646,Versailles,78,,,78646000BW0073,,,15,192.47,16,192.47,23,,,,,,3,3,Dépendance,,0,,,,,,2.123854,48.795296
2023-1045295,2023-01-20,000001,Vente,1529900,10,,RUE SAINT LOUIS,2810,78000,78646,Versailles,78,,,78646000BW0073,,,13,192.47,14,192.47,,,,,,,2,2,Appartement,96,4,,,,,,2.123854,48.795296
2023-1045295,2023-01-20,000001,Vente,1529900,10,,RUE SAINT LOUIS,2810,78000,78646,Versailles,78,,,78646000BW0073,,,15,192.47,16,192.47,23,,,,,,3,2,Appartement,98,4,,,,,,2.123854,48.795296
2023-1045302,2023-01-12,000001,Vente,218000,60,,RUE ROYALE,2648,78000,78646,Versailles,78,,,78646000BV0168,,,10,,11,,14,,18,,,,4,2,Appartement,36,1,,,,,,2.125586,48.796318
2023-1045333,2023-01-18,000001,Vente en l'état futur d'achèvement,25000,,,LA SABLIERE,B029,78000,78646,Versailles,78,,,78646000BY0110,,,136,,,,,,,,,,1,,,,,,,,,,2.078228,48.802624
2023-1045347,2023-01-20,000001,Vente en l'état futur d'achèvement,615480,,,LA SABLIERE,B029,78000,78646,Versailles,78,,,78646000BY0121,,,3,,,,,,,,,,1,,,,,,,,,,2.079148,48.803081
2023-1045352,2023-01-18,000001,Vente en l'état futur d'achèvement,635400,,,LA SABLIERE,B029,78000,78646,Versailles,78,,,78646000BY0121,,,22,,,,,,,,,,1,,,,,,,,,,2.079148,48.803081
2023-1045361,2023-01-20,000001,Vente en l'état futur d'achèvement,25000,,,LA SABLIERE,B029,78000,78646,Versailles,78,,,78646000BY0110,,,133,,,,,,,,,,1,,,,,,,,,,2.078228,48.802624
2023-1045399,2023-01-24,000001,Vente,1062,2,,RUE DE LA PAROISSE,2190,78000,78646,Versailles,78,,,78646000AC0236,,,38,,,,,,,,,,1,2,Appartement,100,5,,,,,,2.124,48.808508
2023-1045399,2023-01-24,000001,Vente,1062,2,,RUE DE LA PAROISSE,2190,78000,78646,Versailles,78,,,78646000AC0236,,,38,,,,,,,,,,1,3,Dépendance,,0,,,,,,2.124,48.808508
2023-1045399,2023-01-24,000001,Vente,1062,2,,RUE DE LA PAROISSE,2190,78000,78646,Versailles,78,,,78646000AC0236,,,38,,,,,,,,,,1,3,Dépendance,,0,,,,,,2.124,48.808508
2023-1045403,2023-01-13,000001,Vente,20000,13,,RUE DU PARC DE CLAGNY,2171,78000,78646,Versailles,78,,,78646000AK0081,,,13,,,,,,,,,,1,3,Dépendance,,0,,,,,,2.140076,48.81044
2023-1045433,2023-01-18,000001,Vente,293300,12,,RUE D ANJOU,0190,78000,78646,Versailles,78,,,78646000BV0139,,,37,38.58,52,,,,,,,,2,3,Dépendance,,0,,,,,,2.124719,48.797206
2023-1045433,2023-01-18,000001,Vente,293300,12,,RUE D ANJOU,0190,78000,78646,Versailles,78,,,78646000BV0139,,,37,38.58,52,,,,,,,,2,2,Appartement,40,2,,,,,,2.124719,48.797206
2023-1045448,2023-01-16,000001,Vente,436000,12,,AV DE SCEAUX,2980,78000,78646,Versailles,78,,,78646000AH0177,,,1,63.5,,,,,,,,,1,2,Appartement,65,2,,,,,,2.127482,48.799365
2023-1045450,2023-01-18,000001,Vente,230000,18,,RUE DU GENERAL LECLERC,1145,78000,78646,Versailles,78,,,78646000BV0074,,,16,,22,,6,41.89,,,,,3,2,Appartement,42,2,,,,,,2.126062,48.798894
2023-1045451,2023-01-19,000001,Vente,566000,8,,ALL DES GARDES ROYALES,1136,78000,78646,Versailles,78,,,78646000AY0212,,,612,,637,,,,,,,,2,3,Dépendance,,0,,,,,,2.151214,48.802177
2023-1045451,2023-01-19,000001,Vente,566000,8,,ALL DES GARDES ROYALES,1136,78000,78646,Versailles,78,,,78646000AY0212,,,612,,637,,,,,,,,2,3,Dépendance,,0,,,,,,2.151214,48.802177
2023-1045451,2023-01-19,000001,Vente,566000,8,,ALL DES GARDES ROYALES,1136,78000,78646,Versailles,78,,,78646000AY0212,,,612,,637,,,,,,,,2,2,Appartement,70,3,,,,,,2.151214,48.802177
2023-1045451,2023-01-19,000001,Vente,566000,2,,ALL DES GARDES ROYALES,1136,78000,78646,Versailles,78,,,78646000AY0212,,,1252,,,,,,,,,,1,3,Dépendance,,0,,,,,,2.151214,48.802177
2023-1045467,2023-01-11,000001,Vente en l'état futur d'achèvement,1288000,,,LA SABLIERE,B029,78000,78646,Versailles,78,,,78646000BY0110,,,162,,,,,,,,,,1,,,,,,,,,,2.078228,48.802624
2023-1045467,2023-01-11,000001,Vente en l'état futur d'achèvement,1288000,,,LA SABLIERE,B029,78000,78646,Versailles,78,,,78646000BY0110,,,161,,,,,,,,,,1,,,,,,,,,,2.078228,48.802624
2023-1045467,2023-01-11,000001,Vente en l'état futur d'achèvement,1288000,,,LA SABLIERE,B029,78000,78646,Versailles,78,,,78646000BY0137,,,,,,,,,,,,,0,,,,,S,sols,,,317,2.079667,48.802738
2023-1045468,2023-01-17,000001,Vente,742700,3,,ALL DES GARDES ROYALES,1136,78000,78646,Versailles,78,,,78646000AY0212,,,194,106.33,213,,,,,,,,2,3,Dépendance,,0,,,,,,2.151214,48.802177
2023-1045468,2023-01-17,000001,Vente,742700,3,,ALL DES GARDES ROYALES,1136,78000,78646,Versailles,78,,,78646000AY0212,,,194,106.33,213,,,,,,,,2,3,Dépendance,,0,,,,,,2.151214,48.802177
2023-1045468,2023-01-17,000001,Vente,742700,2,,ALL DES GARDES ROYALES,1136,78000,78646,Versailles,78,,,78646000AY0212,,,1005,,,,,,,,,,1,3,Dépendance,,0,,,,,,2.151214,48.802177
2023-1045468,2023-01-17,000001,Vente,742700,3,,ALL DES GARDES ROYALES,1136,78000,78646,Versailles,78,,,78646000AY0212,,,194,106.33,213,,,,,,,,2,2,Appartement,104,5,,,,,,2.151214,48.802177
2023-1045469,2023-01-19,000001,Vente,788100,21,B,RUE DU MARECHAL GALLIENI,1812,78000,78646,Versailles,78,,,78646000AC0005,,,780,,,,,,,,,,1,3,Dépendance,,0,,,,,,2.123201,48.811375
2023-1045469,2023-01-19,000001,Vente,788100,21,B,RUE DU MARECHAL GALLIENI,1812,78000,78646,Versailles,78,,,78646000AC0005,,,506,73.58,756,,,,,,,,2,2,Appartement,73,3,,,,,,2.123201,48.811375
2023-1045469,2023-01-19,000001,Vente,788100,21,B,RUE DU MARECHAL GALLIENI,1812,78000,78646,Versailles,78,,,78646000AC0005,,,506,73.58,756,,,,,,,,2,3,Dépendance,,0,,,,,,2.123201,48.811375
2023-1045483,2023-01-20,000001,Vente,140000,18,,RUE DES TOURNELLES,3050,78000,78646,Versailles,78,,,78646000BT0026,,,10,,,,,,,,,,1,2,Appartement,25,1,,,,,,2.127492,48.797744
2023-1045489,2023-01-10,000001,Vente,274064,19,,RUE MAGENTA,1760,78000,78646,Versailles,78,,,78646000AK0026,,,10,,27,,,,,,,,2,2,Appartement,35,1,,,,,,2.139,48.812354
2023-1045489,2023-01-10,000001,Vente,274064,19,,RUE MAGENTA,1760,78000,78646,Versailles,78,,,78646000AK0026,,,10,,27,,,,,,,,2,3,Dépendance,,0,,,,,,2.139,48.812354
2023-1045499,2023-01-20,000001,Vente,373000,82,B,AV DE PARIS,2180,78000,78646,Versailles,78,,,78646000BN0166,,,34,55.18,94,,,,,,,,2,3,Dépendance,,0,,,,,,2.145036,48.797427
2023-1045499,2023-01-20,000001,Vente,373000,82,B,AV DE PARIS,2180,78000,78646,Versailles,78,,,78646000BN0166,,,928,,,,,,,,,,1,3,Dépendance,,0,,,,,,2.145036,48.797427
2023-1045499,2023-01-20,000001,Vente,373000,82,B,AV DE PARIS,2180,78000,78646,Versailles,78,,,78646000BN0166,,,34,55.18,94,,,,,,,,2,2,Appartement,54,2,,,,,,2.145036,48.797427
2023-1045507,2023-01-19,000001,Vente,470000,5,,RUE PIERRE BERTIN,2290,78000,78646,Versailles,78,,,78646000AX0036,,,3,,,,,,,,,,1,3,Dépendance,,0,,,,,,2.14205,48.807319
2023-1045507,2023-01-19,000001,Vente,470000,5,,RUE PIERRE BERTIN,2290,78000,78646,Versailles,78,,,78646000AX0036,,,35,,69,,,,,,,,2,2,Appartement,72,3,,,,,,2.14205,48.807319
2023-1045507,2023-01-19,000001,Vente,470000,5,,RUE PIERRE BERTIN,2290,78000,78646,Versailles,78,,,78646000AX0036,,,35,,69,,,,,,,,2,3,Dépendance,,0,,,,,,2.14205,48.807319
2023-1045511,2023-01-13,000001,Vente,75000,32,,RUE DU MAL JOFFRE,1820,78000,78646,Versailles,78,,,78646000BW0207,,,97,,,,,,,,,,1,3,Dépendance,,0,,,,,,2.119719,48.794497
2023-1045517,2023-01-16,000001,Vente,202500,1,,RUE DE LA PAROISSE,2190,78000,78646,Versailles,78,,,78646000AC0234,,,34,,,,,,,,,,1,3,Dépendance,,0,,,,,,2.124461,48.80894
2023-1045518,2023-01-18,000001,Vente,1584020,7,,RUE JEAN DE LA BRUYERE,1560,78000,78646,Versailles,78,,,78646000AO0133,,,,,,,,,,,,,0,1,Maison,194,8,S,sols,,,524,2.145643,48.81449
2023-1045518,2023-01-18,000001,Vente,1584020,5,,RUE JEAN DE LA BRUYERE,1560,78000,78646,Versailles,78,,,78646000AO0185,,,,,,,,,,,,,0,,,,,S,sols,,,20,2.145633,48.814586
2023-1045525,2023-01-24,000001,Vente,300000,33,,RUE DE L ORANGERIE,2110,78000,78646,Versailles,78,,,78646000AH0123,,,5,44.06,,,,,,,,,1,2,Appartement,44,2,,,,,,2.123879,48.800089
2023-1045527,2023-01-26,000001,Vente,407400,27,,RUE JACQUES LEMERCIER,1420,78000,78646,Versailles,78,,,78646000AO0064,,,5,69.19,6,,,,,,,,2,2,Appartement,67,4,,,,,,2.148415,48.815728
2023-1045527,2023-01-26,000001,Vente,407400,27,,RUE JACQUES LEMERCIER,1420,78000,78646,Versailles,78,,,78646000AO0064,,,5,69.19,6,,,,,,,,2,3,Dépendance,,0,,,,,,2.148415,48.815728
2023-1045561,2023-01-17,000001,Vente,10000000,2,,RUE MONTBAURON,1970,78000,78646,Versailles,78,,,78646000BP0164,,,,,,,,,,,,,0,4,Local industriel. commercial ou assimilé,14513,0,S,sols,,,3405,2.134884,48.802173
2023-1045583,2023-01-06,000001,Vente,888889,25,,RUE MONTEBELLO,1980,78000,78646,Versailles,78,,,78646000AK0018,,,56,,57,,,,,,,,2,3,Dépendance,,0,,,,,,2.138525,48.812549
2023-1045583,2023-01-06,000001,Vente,888889,25,,RUE MONTEBELLO,1980,78000,78646,Versailles,78,,,78646000AK0018,,,154,,3,,,,,,,,2,3,Dépendance,,0,,,,,,2.138525,48.812549
2023-1045583,2023-01-06,000001,Vente,888889,25,,RUE MONTEBELLO,1980,78000,78646,Versailles,78,,,78646000AK0018,,,154,,3,,,,,,,,2,2,Appartement,123,4,,,,,,2.138525,48.812549
2023-1045597,2023-01-27,000001,Vente,173860,1,,RUE D ARTOIS,0210,78000,78646,Versailles,78,,,78646000AX0341,,,15,18.52,,,,,,,,,1,2,Appartement,25,1,,,,,,2.144451,48.804056
2023-1045598,2023-01-27,000001,Vente,373500,23,,RUE DU REFUGE,2510,78000,78646,Versailles,78,,,78646000AX0339,,,158,,,,,,,,,,1,3,Dépendance,,0,,,,,,2.144251,48.804411
2023-1045598,2023-01-27,000001,Vente,373500,23,,RUE DU REFUGE,2510,78000,78646,Versailles,78,,,78646000AX0339,,,31,41.55,,,,,,,,,1,2,Appartement,41,2,,,,,,2.144251,48.804411
2023-1045598,2023-01-27,000001,Vente,373500,23,,RUE DU REFUGE,2510,78000,78646,Versailles,78,,,78646000AX0339,,,211,,,,,,,,,,1,3,Dépendance,,0,,,,,,2.144251,48.804411
2023-1045600,2023-01-27,000001,Vente,185000,16,,RUE DES CELESTINS,0470,78000,78646,Versailles,78,,,78646000BK0126,,,28,,,,,,,,,,1,3,Dépendance,,0,,,,,,2.153494,48.794345
2023-1045600,2023-01-27,000001,Vente,185000,16,,RUE DES CELESTINS,0470,78000,78646,Versailles,78,,,78646000BK0126,,,4,25.97,,,,,,,,,1,2,Appartement,26,2,,,,,,2.153494,48.794345
2023-1045600,2023-01-27,000001,Vente,185000,16,,RUE DES CELESTINS,0470,78000,78646,Versailles,78,,,78646000BK0126,,,27,,,,,,,,,,1,3,Dépendance,,0,,,,,,2.153494,48.794345
2023-1045600,2023-01-27,000001,Vente,185000,16,,RUE DES CELESTINS,0470,78000,78646,Versailles,78,,,78646000BK0126,,,27,,,,,,,,,,1,3,Dépendance,,0,,,,,,2.153494,48.794345
2023-1045601,2023-01-27,000001,Vente,869565,43,,BD DE LA REINE,2520,78000,78646,Versailles,78,,,78646000AD0038,,,14,,5,116.41,,,,,,,2,3,Dépendance,,0,,,,,,2.128103,48.809721
2023-1045601,2023-01-27,000001,Vente,869565,43,,BD DE LA REINE,2520,78000,78646,Versailles,78,,,78646000AD0038,,,14,,5,116.41,,,,,,,2,3,Dépendance,,0,,,,,,2.128103,48.809721
2023-1045601,2023-01-27,000001,Vente,869565,43,,BD DE LA REINE,2520,78000,78646,Versailles,78,,,78646000AD0038,,,14,,5,116.41,,,,,,,2,2,Appartement,70,3,,,,,,2.128103,48.809721
2023-1045615,2023-01-24,000001,Vente,70000,16,,AV DE PARIS,2180,78000,78646,Versailles,78,,,78646000BR0032,,,15,17.76,46,,,,,,,,2,2,Appartement,17,1,,,,,,2.132753,48.800834
2023-1045615,2023-01-24,000001,Vente,70000,16,,AV DE PARIS,2180,78000,78646,Versailles,78,,,78646000BR0032,,,15,17.76,46,,,,,,,,2,3,Dépendance,,0,,,,,,2.132753,48.800834
2023-1045639,2023-01-20,000001,Vente,667200,18,,RUE SAINTE SOPHIE,2890,78000,78646,Versailles,78,,,78646000AD0311,,,32,102.62,33,,,,,,,,2,3,Dépendance,,0,,,,,,2.133996,48.811487
2023-1045639,2023-01-20,000001,Vente,667200,18,,RUE SAINTE SOPHIE,2890,78000,78646,Versailles,78,,,78646000AD0311,,,113,,,,,,,,,,1,3,Dépendance,,0,,,,,,2.133996,48.811487
2023-1045639,2023-01-20,000001,Vente,667200,18,,RUE SAINTE SOPHIE,2890,78000,78646,Versailles,78,,,78646000AD0311,,,32,102.62,33,,,,,,,,2,2,Appartement,100,5,,,,,,2.133996,48.811487
2023-1045642,2023-01-25,000001,Vente,23000,3,,RUE JEAN DE LA BRUYERE,1560,78000,78646,Versailles,78,,,78646000AO0005,,,47,,,,,,,,,,1,3,Dépendance,,0,,,,,,2.145809,48.814826
2023-1045647,2023-01-25,000001,Vente,582620,28,,RUE HENRI SIMON,1330,78000,78646,Versailles,78,,,78646000AW0006,,,931,,,,,,,,,,1,3,Dépendance,,0,,,,,,2.15013,48.808121
2023-1045647,2023-01-25,000001,Vente,582620,28,,RUE HENRI SIMON,1330,78000,78646,Versailles,78,,,78646000AW0006,,,963,,,,,,,,,,1,3,Dépendance,,0,,,,,,2.15013,48.808121
2023-1045647,2023-01-25,000001,Vente,582620,28,,RUE HENRI SIMON,1330,78000,78646,Versailles,78,,,78646000AW0006,,,431,80.05,441,,,,,,,,2,2,Appartement,83,3,,,,,,2.15013,48.808121
2023-1045647,2023-01-25,000001,Vente,582620,28,,RUE HENRI SIMON,1330,78000,78646,Versailles,78,,,78646000AW0006,,,431,80.05,441,,,,,,,,2,3,Dépendance,,0,,,,,,2.15013,48.808121
2023-1045648,2023-01-25,000001,Vente,241500,43,,BD DU ROI,2641,78000,78646,Versailles,78,,,78646000AC0104,,,48,32.28,,,,,,,,,1,2,Appartement,32,1,,,,,,2.128119,48.814877
2023-1045648,2023-01-25,000001,Vente,241500,43,,BD DU ROI,2641,78000,78646,Versailles,78,,,78646000AC0104,,,48,32.28,,,,,,,,,1,3,Dépendance,,0,,,,,,2.128119,48.814877
2023-1045653,2023-01-18,000001,Vente,220000,45,,RUE D ANJOU,0190,78000,78646,Versailles,78,,,78646000BT0049,,,16,31.3,,,,,,,,,1,2,Appartement,30,2,,,,,,2.127484,48.796849
2023-1045655,2023-01-25,000001,Vente,410400,80,B,RUE DE LA PAROISSE,2190,78000,78646,Versailles,78,,,78646000AI0132,,,15,49.3,16,,,,,,,,2,2,Appartement,56,3,,,,,,2.133396,48.805963
2023-1045675,2023-01-24,000001,Vente,363000,14,,RUE DU GENERAL PERSHING,1170,78000,78646,Versailles,78,,,78646000AS0056,,,169,,,,,,,,,,1,3,Dépendance,,0,,,,,,2.151346,48.814959
2023-1045675,2023-01-24,000001,Vente,363000,14,,RUE DU GENERAL PERSHING,1170,78000,78646,Versailles,78,,,78646000AS0056,,,114,70.13,94,,,,,,,,2,3,Dépendance,,0,,,,,,2.151346,48.814959
2023-1045675,2023-01-24,000001,Vente,363000,14,,RUE DU GENERAL PERSHING,1170,78000,78646,Versailles,78,,,78646000AS0056,,,114,70.13,94,,,,,,,,2,2,Appartement,68,2,,,,,,2.151346,48.814959
2023-1045686,2023-01-27,000001,Vente,298600,11,,RUE DE MONTREUIL,2000,78000,78646,Versailles,78,,,78646000AX0284,,,7,,,,,,,,,,1,2,Appartement,40,2,,,,,,2.142813,48.805553
2023-1045760,2023-01-24,000001,Vente,708737,6,,PL LYAUTEY,1720,78000,78646,Versailles,78,,,78646000AH0179,,,3,95.21,,,,,,,,,1,2,Appartement,94,5,,,,,,2.127714,48.800424
2023-1045780,2023-01-24,000001,Vente,18000,3,,RUE BENJAMIN FRANKLIN,0340,78000,78646,Versailles,78,,,78646000BR0099,,,135,,,,,,,,,,1,3,Dépendance,,0,,,,,,2.137457,48.799114
2023-1045786,2023-01-16,000001,Vente,40000,6,,RUE DU GENERAL PERSHING,1170,78000,78646,Versailles,78,,,78646000AS0051,,,1231,,,,,,,,,,1,3,Dépendance,,0,,,,,,2.152002,48.812811
2023-1045786,2023-01-16,000001,Vente,40000,6,,RUE DU GENERAL PERSHING,1170,78000,78646,Versailles,78,,,78646000AS0051,,,1230,,,,,,,,,,1,3,Dépendance,,0,,,,,,2.152002,48.812811
2023-1045817,2023-01-25,000001,Vente,323000,80,,RUE D ANJOU,0190,78000,78646,Versailles,78,,,78646000BT0087,,,36,42.17,55,,,,,,,,2,3,Dépendance,,0,,,,,,2.12899,48.795813
2023-1045817,2023-01-25,000001,Vente,323000,80,,RUE D ANJOU,0190,78000,78646,Versailles,78,,,78646000BT0087,,,36,42.17,55,,,,,,,,2,3,Dépendance,,0,,,,,,2.12899,48.795813
2023-1045817,2023-01-25,000001,Vente,323000,80,,RUE D ANJOU,0190,78000,78646,Versailles,78,,,78646000BT0087,,,36,42.17,55,,,,,,,,2,2,Appartement,50,2,,,,,,2.12899,48.795813
2023-1045820,2023-01-26,000001,Vente,236000,36,B,RUE DE MONTREUIL,2000,78000,78646,Versailles,78,,,78646000AX0309,,,107,,13,,2,,,,,,3,2,Appartement,35,2,,,,,,2.145638,48.804501
2023-1045820,2023-01-26,000001,Vente,236000,36,B,RUE DE MONTREUIL,2000,78000,78646,Versailles,78,,,78646000AX0309,,,107,,13,,2,,,,,,3,3,Dépendance,,0,,,,,,2.145638,48.804501
2023-1045830,2023-01-20,000001,Vente,2380000,10,B,RUE INDEPENDANCE AMERICAINE,1390,78000,78646,Versailles,78,,,78646000AH0014,,,,,,,,,,,,,0,1,Maison,219,9,S,sols,,,433,2.120237,48.801644
2023-1045830,2023-01-20,000001,Vente,2380000,10,B,RUE INDEPENDANCE AMERICAINE,1390,78000,78646,Versailles,78,,,78646000AH0014,,,,,,,,,,,,,0,3,Dépendance,,0,S,sols,,,433,2.120237,48.801644
2023-1045833,2023-02-01,000001,Vente,225000,17,,RUE ROYALE,2648,78000,78646,Versailles,78,,,78646000BT0010,,,3,,,,,,,,,,1,2,Appartement,30,1,,,,,,2.127578,48.798258
2023-1045834,2023-01-09,000001,Vente,271930,59,,AV DES ETATS UNIS,0990,78000,78646,Versailles,78,,,78646000AS0054,,,155,58.17,,,,,,,,,1,2,Appartement,58,3,,,,,,2.152632,48.814149
2023-1045834,2023-01-09,000001,Vente,271930,59,,AV DES ETATS UNIS,0990,78000,78646,Versailles,78,,,78646000AS0054,,,296,,,,,,,,,,1,3,Dépendance,,0,,,,,,2.152632,48.814149
2023-1045891,2023-01-31,000001,Vente,367590,52,,AV DE PARIS,2180,78000,78646,Versailles,78,,,78646000BR0095,,,17,46.79,44,,,,,,,,2,2,Appartement,52,2,,,,,,2.137555,48.799509
2023-1045891,2023-01-31,000001,Vente,367590,52,,AV DE PARIS,2180,78000,78646,Versailles,78,,,78646000BR0095,,,17,46.79,44,,,,,,,,2,3,Dépendance,,0,,,,,,2.137555,48.799509
2023-1045909,2023-01-12,000001,Vente,270000,29,,RUE SAINTE VICTOIRE,2920,78000,78646,Versailles,78,,,78646000AD0256,,,16,,,,,,,,,,1,3,Dépendance,,0,,,,,,2.131916,48.812444
2023-1045909,2023-01-12,000001,Vente,270000,29,,RUE SAINTE VICTOIRE,2920,78000,78646,Versailles,78,,,78646000AD0256,,,16,,,,,,,,,,1,2,Appartement,40,2,,,,,,2.131916,48.812444
2023-1045923,2023-01-16,000001,Vente,812100,60,,RUE DE MONTREUIL,2000,78000,78646,Versailles,78,,,78646000AY0270,,,188,,,,,,,,,,1,3,Dépendance,,0,,,,,,2.148581,48.804249
2023-1045923,2023-01-16,000001,Vente,812100,60,,RUE DE MONTREUIL,2000,78000,78646,Versailles,78,,,78646000AY0270,,,116,,141,,,,,,,,2,2,Appartement,138,5,,,,,,2.148581,48.804249
2023-1045923,2023-01-16,000001,Vente,812100,60,,RUE DE MONTREUIL,2000,78000,78646,Versailles,78,,,78646000AY0270,,,116,,141,,,,,,,,2,3,Dépendance,,0,,,,,,2.148581,48.804249
2023-1045923,2023-01-16,000001,Vente,812100,60,,RUE DE MONTREUIL,2000,78000,78646,Versailles,78,,,78646000AY0270,,,249,,,,,,,,,,1,3,Dépendance,,0,,,,,,2.148581,48.804249
2023-1045925,2023-01-31,000001,Vente,222500,17,,RUE BENJAMIN FRANKLIN,0340,78000,78646,Versailles,78,,,78646000BS0034,,,10,27.78,20,,,,,,,,2,2,Appartement,30,2,,,,,,2.136286,48.797756
2023-1045925,2023-01-31,000001,Vente,222500,17,,RUE BENJAMIN FRANKLIN,0340,78000,78646,Versailles,78,,,78646000BS0034,,,10,27.78,20,,,,,,,,2,3,Dépendance,,0,,,,,,2.136286,48.797756
2023-1045978,2023-01-31,000001,Vente,422000,38,,AV DE SAINT CLOUD,2730,78000,78646,Versailles,78,,,78646000AI0284,,,19,,24,,26,,29,50.45,33,,5,2,Appartement,51,3,,,,,,2.134021,48.804526
2023-1045978,2023-01-31,000001,Vente,422000,38,,AV DE SAINT CLOUD,2730,78000,78646,Versailles,78,,,78646000AI0284,,,19,,24,,26,,29,50.45,33,,5,3,Dépendance,,0,,,,,,2.134021,48.804526
2023-1045978,2023-01-31,000001,Vente,422000,38,,AV DE SAINT CLOUD,2730,78000,78646,Versailles,78,,,78646000AI0284,,,19,,24,,26,,29,50.45,33,,5,3,Dépendance,,0,,,,,,2.134021,48.804526
2023-1046042,2023-02-01,000001,Vente,701720,8,,RUE EXELMANS,1020,78000,78646,Versailles,78,,,78646000AC0116,,,72,,,,,,,,,,1,3,Dépendance,,0,,,,,,2.126206,48.81323
2023-1046042,2023-02-01,000001,Vente,701720,8,,RUE EXELMANS,1020,78000,78646,Versailles,78,,,78646000AC0116,,,110,,34,100.18,,,,,,,2,3,Dépendance,,0,,,,,,2.126206,48.81323
2023-1046042,2023-02-01,000001,Vente,701720,8,,RUE EXELMANS,1020,78000,78646,Versailles,78,,,78646000AC0116,,,110,,34,100.18,,,,,,,2,2,Appartement,98,6,,,,,,2.126206,48.81323
2023-1046057,2023-01-27,000001,Vente,77000,11,,RUE DES RECOLLETS,2500,78000,78646,Versailles,78,,,78646000AH0054,,,16,,,,,,,,,,1,2,Appartement,18,1,,,,,,2.122255,48.801765
2023-1046108,2023-01-09,000001,Vente,309000,105,B,BD DE LA REINE,2520,78000,78646,Versailles,78,,,78646000AK0199,,,30,40.07,40,,,,,,,,2,3,Dépendance,,0,,,,,,2.137251,48.808977
2023-1046108,2023-01-09,000001,Vente,309000,105,B,BD DE LA REINE,2520,78000,78646,Versailles,78,,,78646000AK0199,,,30,40.07,40,,,,,,,,2,2,Appartement,40,2,,,,,,2.137251,48.808977
2023-1046122,2023-01-13,000001,Vente,127570,5,,RUE DUCIS,0820,78000,78646,Versailles,78,,,78646000AE0269,,,9,14.03,,,,,,,,,1,2,Appartement,10,1,,,,,,2.130833,48.806465
2023-1046125,2023-01-26,000001,Vente,206000,28,,RUE DE VERGENNES,3150,78000,78646,Versailles,78,,,78646000BS0040,,,14,,2,,,,,,,,2,2,Appartement,33,2,,,,,,2.137313,48.797559
2023-1046125,2023-01-26,000001,Vente,206000,28,,RUE DE VERGENNES,3150,78000,78646,Versailles,78,,,78646000BS0040,,,14,,2,,,,,,,,2,3,Dépendance,,0,,,,,,2.137313,48.797559
2023-1046169,2023-01-25,000001,Vente,450000,1,,RUE VICTOR BART,3160,78000,78646,Versailles,78,,,78646000AS0002,,,13,61.88,29,,,,,,,,2,2,Appartement,65,3,,,,,,2.143697,48.810949
2023-1046169,2023-01-25,000001,Vente,450000,1,,RUE VICTOR BART,3160,78000,78646,Versailles,78,,,78646000AS0002,,,41,,,,,,,,,,1,3,Dépendance,,0,,,,,,2.143697,48.810949
2023-1046169,2023-01-25,000001,Vente,450000,1,,RUE VICTOR BART,3160,78000,78646,Versailles,78,,,78646000AS0002,,,13,61.88,29,,,,,,,,2,3,Dépendance,,0,,,,,,2.143697,48.810949
2023-1046181,2023-02-02,000001,Vente,220000,36,B,RUE DE MONTREUIL,2000,78000,78646,Versailles,78,,,78646000AX0309,,,1,,110,32.96,,,,,,,2,2,Appartement,70,3,,,,,,2.145638,48.804501
2023-1046181,2023-02-02,000001,Vente,220000,36,B,RUE DE MONTREUIL,2000,78000,78646,Versailles,78,,,78646000AX0309,,,1,,110,32.96,,,,,,,2,3,Dépendance,,0,,,,,,2.145638,48.804501
2023-1046181,2023-02-02,000001,Vente,220000,36,B,RUE DE MONTREUIL,2000,78000,78646,Versailles,78,,,78646000AX0309,,,1,,110,32.96,112,,,,,,3,3,Dépendance,,0,,,,,,2.145638,48.804501
2023-1046181,2023-02-02,000001,Vente,220000,36,B,RUE DE MONTREUIL,2000,78000,78646,Versailles,78,,,78646000AX0309,,,1,,110,32.96,,,,,,,2,3,Dépendance,,0,,,,,,2.145638,48.804501
2023-1046248,2023-01-10,000001,Vente,951923,2,,RUE SAINTE FAMILLE,2740,78000,78646,Versailles,78,,,78646000BV0158,,,41,143.11,44,,46,,47,,48,,5,3,Dépendance,,0,,,,,,2.124881,48.796607
2023-1046248,2023-01-10,000001,Vente,951923,2,,RUE SAINTE FAMILLE,2740,78000,78646,Versailles,78,,,78646000BV0158,,,41,143.11,44,,46,,47,,48,,5,2,Appartement,147,6,,,,,,2.124881,48.796607
2023-1046248,2023-01-10,000001,Vente,951923,2,,RUE SAINTE FAMILLE,2740,78000,78646,Versailles,78,,,78646000BV0158,,,41,143.11,44,,46,,47,,48,,5,3,Dépendance,,0,,,,,,2.124881,48.796607
2023-1046270,2023-01-10,000001,Echange,50000,11,,RUE DE VERGENNES,3150,78000,78646,Versailles,78,,,78646000BN0015,,,20,,21,,,,,,,,2,2,Appartement,15,1,,,,,,2.138072,48.799081
2023-1046275,2023-02-08,000001,Vente,229100,12,,RUE DE NOAILLES,2050,78000,78646,Versailles,78,,,78646000BR0067,,,25,,,,,,,,,,1,3,Dépendance,,0,,,,,,2.13503,48.799154
2023-1046275,2023-02-08,000001,Vente,229100,12,,RUE DE NOAILLES,2050,78000,78646,Versailles,78,,,78646000BR0067,,,25,,,,,,,,,,1,2,Appartement,34,1,,,,,,2.13503,48.799154
2023-1046277,2023-01-16,000001,Vente,1793965,33,,BD DE GLATIGNY,1275,78000,78646,Versailles,78,,,78646000AM0086,,,,,,,,,,,,,0,3,Dépendance,,0,S,sols,,,380,2.142045,48.82219
2023-1046277,2023-01-16,000001,Vente,1793965,33,,BD DE GLATIGNY,1275,78000,78646,Versailles,78,,,78646000AM0086,,,,,,,,,,,,,0,1,Maison,186,6,S,sols,,,380,2.142045,48.82219
2023-1046277,2023-01-16,000001,Vente,1793965,33,,BD DE GLATIGNY,1275,78000,78646,Versailles,78,,,78646000AM0086,,,,,,,,,,,,,0,3,Dépendance,,0,S,sols,,,380,2.142045,48.82219
2023-1046277,2023-01-16,000001,Vente,1793965,33,,BD DE GLATIGNY,1275,78000,78646,Versailles,78,,,78646000AM0086,,,,,,,,,,,,,0,3,Dépendance,,0,S,sols,,,380,2.142045,48.82219
2023-1046296,2023-01-17,000001,Vente,25000,10,,RUE DE L ERMITAGE,0940,78000,78646,Versailles,78,,,78646000AC0314,,,89,,,,,,,,,,1,3,Dépendance,,0,,,,,,2.123933,48.814609
2023-1046315,2023-02-08,000001,Vente,361000,5,,PROM VENEZIA,3135,78000,78646,Versailles,78,,,78646000AZ0110,,,2448,49.72,,,,,,,,,1,3,Dépendance,,0,,,,,,2.158672,48.8041
2023-1046315,2023-02-08,000001,Vente,361000,5,,PROM VENEZIA,3135,78000,78646,Versailles,78,,,78646000AZ0110,,,2448,49.72,,,,,,,,,1,2,Appartement,51,2,,,,,,2.158672,48.8041
2023-1046315,2023-02-08,000001,Vente,361000,5,,RUE DE L ECOLE DES POSTES,0850,78000,78646,Versailles,78,,,78646000AZ0110,,,3626,,,,,,,,,,1,3,Dépendance,,0,,,,,,2.158672,48.8041
2023-1046316,2023-02-09,000001,Vente,2000,7,,RUE DE LA POURVOIERIE,2420,78000,78646,Versailles,78,,,78646000AE0076,,,18,,,,,,,,,,1,3,Dépendance,,0,,,,,,2.131902,48.807412
2023-1046316,2023-02-09,000001,Vente,2000,7,,RUE DE LA POURVOIERIE,2420,78000,78646,Versailles,78,,,78646000AE0076,,,18,,,,,,,,,,1,2,Appartement,53,2,,,,,,2.131902,48.807412
2023-1046319,2023-02-07,000001,Vente,554800,32,,RUE DU MAL JOFFRE,1820,78000,78646,Versailles,78,,,78646000BW0207,,,105,,,,,,,,,,1,3,Dépendance,,0,,,,,,2.119719,48.794497
2023-1046319,2023-02-07,000001,Vente,554800,32,,RUE DU MAL JOFFRE,1820,78000,78646,Versailles,78,,,78646000BW0207,,,16,71.56,6,,,,,,,,2,2,Appartement,68,3,,,,,,2.119719,48.794497
2023-1046319,2023-02-07,000001,Vente,554800,32,,RUE DU MAL JOFFRE,1820,78000,78646,Versailles,78,,,78646000BW0207,,,16,71.56,6,,,,,,,,2,3,Dépendance,,0,,,,,,2.119719,48.794497
2023-1046363,2023-01-27,000001,Vente,15001,6,,RUE DES ETATS GENERAUX,0980,78000,78646,Versailles,78,,,78646000BR0011,,,27,,,,,,,,,,1,3,Dépendance,,0,,,,,,2.131601,48.800799
2023-1046363,2023-01-27,000001,Vente,15001,6,,RUE DES ETATS GENERAUX,0980,78000,78646,Versailles,78,,,78646000BR0011,,,20,,,,,,,,,,1,3,Dépendance,,0,,,,,,2.131601,48.800799
2023-1046385,2023-02-09,000001,Vente,970000,16,,RUE DE VERDUN,3140,78000,78646,Versailles,78,,,78646000AY0143,,,,,,,,,,,,,0,1,Maison,110,6,S,sols,,,274,2.151611,48.800191
2023-1046429,2023-02-08,000001,Vente en l'état futur d'achèvement,474700,,,LA SABLIERE,B029,78000,78646,Versailles,78,,,78646000BY0121,,,31,,,,,,,,,,1,,,,,,,,,,2.079148,48.803081
2023-1046430,2023-02-08,000001,Vente en l'état futur d'achèvement,25000,,,LA SABLIERE,B029,78000,78646,Versailles,78,,,78646000BY0110,,,183,,,,,,,,,,1,,,,,,,,,,2.078228,48.802624
2023-1046432,2023-01-27,000001,Vente,466000,11,,RUE DU GENERAL LECLERC,1145,78000,78646,Versailles,78,,,78646000AH0163,,,33,58.73,39,,55,,59,,,,4,2,Appartement,56,2,,,,,,2.125764,48.799608
2023-1046432,2023-01-27,000001,Vente,466000,11,,RUE DU GENERAL LECLERC,1145,78000,78646,Versailles,78,,,78646000AH0163,,,33,58.73,39,,55,,59,,,,4,3,Dépendance,,0,,,,,,2.125764,48.799608
2023-1046432,2023-01-27,000001,Vente,466000,11,,RUE DU GENERAL LECLERC,1145,78000,78646,Versailles,78,,,78646000AH0163,,,33,58.73,39,,55,,59,,,,4,3,Dépendance,,0,,,,,,2.125764,48.799608
2023-1046432,2023-01-27,000001,Vente,466000,11,,RUE DU GENERAL LECLERC,1145,78000,78646,Versailles,78,,,78646000AH0163,,,33,58.73,39,,55,,59,,,,4,3,Dépendance,,0,,,,,,2.125764,48.799608
2023-1046432,2023-01-27,000001,Vente,466000,11,,RUE DU GENERAL LECLERC,1145,78000,78646,Versailles,78,,,78646000AH0163,,,33,58.73,39,,55,,59,,,,4,3,Dépendance,,0,,,,,,2.125764,48.799608
2023-1046461,2023-02-03,000001,Vente,1470000,25,B,RUE ALEXIS FOURCAULT,0130,78000,78646,Versailles,78,,,78646000AW0058,,,,,,,,,,,,,0,1,Maison,156,6,S,sols,,,464,2.154561,48.805353
2023-1046469,2023-02-02,000001,Vente,270000,7,,RUE SAINT HONORE,2780,78000,78646,Versailles,78,,,78646000BV0207,,,131,38.21,,,,,,,,,1,2,Appartement,39,2,,,,,,2.125549,48.798264
2023-1046472,2023-02-03,000001,Vente,35000,13,,RUE DU GENERAL PERSHING,1170,78000,78646,Versailles,78,,,78646000AO0068,,,492,,,,,,,,,,1,3,Dépendance,,0,,,,,,2.148928,48.817113
2023-1046475,2023-02-10,000001,Vente,640200,7,,RUE HOCHE,1350,78000,78646,Versailles,78,,,78646000AE0329,,,4,,41,82.43,71,,,,,,3,3,Dépendance,,0,,,,,,2.127198,48.805499
2023-1046475,2023-02-10,000001,Vente,640200,7,,RUE HOCHE,1350,78000,78646,Versailles,78,,,78646000AE0329,,,4,,41,82.43,71,,,,,,3,3,Dépendance,,0,,,,,,2.127198,48.805499
2023-1046475,2023-02-10,000001,Vente,640200,7,,RUE HOCHE,1350,78000,78646,Versailles,78,,,78646000AE0329,,,4,,41,82.43,71,,,,,,3,2,Appartement,82,4,,,,,,2.127198,48.805499
2023-1046481,2023-02-10,000001,Vente,210500,21,,RUE MONTBAURON,1970,78000,78646,Versailles,78,,,78646000AI0075,,,3,30.05,,,,,,,,,1,2,Appartement,31,1,,,,,,2.135364,48.804519
2023-1046490,2023-01-25,000001,Vente,734589,11,,RUE MONTBAURON,1970,78000,78646,Versailles,78,,,78646000AI0070,,,7,,,,,,,,,,1,2,Appartement,50,2,,,,,,2.134926,48.803726
2023-1046490,2023-01-25,000001,Vente,734589,11,,RUE MONTBAURON,1970,78000,78646,Versailles,78,,,78646000AI0070,,,7,,,,,,,,,,1,3,Dépendance,,0,,,,,,2.134926,48.803726
2023-1046490,2023-01-25,000001,Vente,734589,11,,RUE MONTBAURON,1970,78000,78646,Versailles,78,,,78646000AI0070,,,32,,43,,,,,,,,2,2,Appartement,30,2,,,,,,2.134926,48.803726
2023-1046493,2023-02-10,000001,Vente,17000,35,,RUE HENRI SIMON,1330,78000,78646,Versailles,78,,,78646000AW0219,,,712,,,,,,,,,,1,3,Dépendance,,0,,,,,,2.147909,48.808568
2023-1046514,2023-01-26,000001,Vente,1212650,50,,RUE ALBERT SARRAUT,0080,78000,78646,Versailles,78,,,78646000BL0038,,,,,,,,,,,,,0,1,Maison,118,6,S,sols,,,369,2.149553,48.794069
2023-1046514,2023-01-26,000001,Vente,1212650,50,,RUE ALBERT SARRAUT,0080,78000,78646,Versailles,78,,,78646000BL0038,,,,,,,,,,,,,0,3,Dépendance,,0,S,sols,,,369,2.149553,48.794069
2023-1046545,2023-02-07,000001,Vente,13900,82,B,AV DE PARIS,2180,78000,78646,Versailles,78,,,78646000BN0166,,,1268,,,,,,,,,,1,3,Dépendance,,0,,,,,,2.145036,48.797427
2023-1046548,2023-02-09,000001,Vente,28750,23,,RUE DU REFUGE,2510,78000,78646,Versailles,78,,,78646000AX0339,,,170,,,,,,,,,,1,3,Dépendance,,0,,,,,,2.144251,48.804411
2023-1046554,2023-02-01,000001,Vente,124500,11,,RUE BAILLET REVIRON,0270,78000,78646,Versailles,78,,,78646000AE0041,,,9,28.72,,,,,,,,,1,2,Appartement,29,2,,,,,,2.131592,48.808549
2023-1046554,2023-02-01,000001,Vente,124500,11,,RUE BAILLET REVIRON,0270,78000,78646,Versailles,78,,,78646000AE0041,,,9,28.72,,,,,,,,,1,3,Dépendance,,0,,,,,,2.131592,48.808549
2023-1046555,2023-02-01,000001,Vente,110000,13,,RUE EDME FREMY,0880,78000,78646,Versailles,78,,,78646000BN0097,,,1,34.27,,,,,,,,,1,2,Appartement,33,2,,,,,,2.13884,48.79718
2023-1046555,2023-02-01,000001,Vente,110000,13,,RUE EDME FREMY,0880,78000,78646,Versailles,78,,,78646000BN0097,,,1,34.27,18,,,,,,,,2,3,Dépendance,,0,,,,,,2.13884,48.79718
2023-1046576,2023-02-09,000001,Vente,200900,16,,RUE DES CONDAMINES,0690,78000,78646,Versailles,78,,,78646000AX0364,,,12,33.59,27,,,,,,,,2,2,Appartement,17,1,,,,,,2.146012,48.803037
2023-1046576,2023-02-09,000001,Vente,200900,16,,RUE DES CONDAMINES,0690,78000,78646,Versailles,78,,,78646000AX0364,,,12,33.59,,,,,,,,,1,2,Appartement,17,1,,,,,,2.146012,48.803037
2023-1046584,2023-01-31,000001,Vente,530000,7,,RUE DE LA PAROISSE,2190,78000,78646,Versailles,78,,,78646000AE0163,,,4,59.36,,,,,,,,,1,2,Appartement,70,3,,,,,,2.125705,48.808511
2023-1046584,2023-01-31,000001,Vente,530000,7,,RUE DE LA PAROISSE,2190,78000,78646,Versailles,78,,,78646000AE0163,,,4,59.36,,,,,,,,,1,3,Dépendance,,0,,,,,,2.125705,48.808511
2023-1046590,2023-02-09,000001,Vente,17000,53,,RUE EXELMANS,1020,78000,78646,Versailles,78,,,78646000AC0306,,,17098,11,,,,,,,,,1,3,Dépendance,,0,,,,,,2.125764,48.813952
2023-1046591,2023-02-01,000001,Vente,815000,75,,RUE DU MAL FOCH,1810,78000,78646,Versailles,78,,,78646000AD0341,,,12,,26,,,,,,,,2,3,Dépendance,,0,,,,,,2.135408,48.812785
2023-1046591,2023-02-01,000001,Vente,815000,75,,RUE DU MAL FOCH,1810,78000,78646,Versailles,78,,,78646000AD0341,,,12,,26,,,,,,,,2,2,Appartement,94,4,,,,,,2.135408,48.812785
2023-1046591,2023-02-01,000001,Vente,815000,75,,RUE DU MAL FOCH,1810,78000,78646,Versailles,78,,,78646000AD0341,,,46,,,,,,,,,,1,3,Dépendance,,0,,,,,,2.135408,48.812785
2023-1046596,2023-01-31,000001,Vente,368899,2,,RUE NEUVE NOTRE DAME,2040,78000,78646,Versailles,78,,,78646000AE0164,,,160,,,,,,,,,,1,3,Dépendance,,0,,,,,,2.125493,48.808632
2023-1046596,2023-01-31,000001,Vente,368899,2,,RUE NEUVE NOTRE DAME,2040,78000,78646,Versailles,78,,,78646000AE0164,,,160,,,,,,,,,,1,2,Appartement,49,3,,,,,,2.125493,48.808632
2023-1046596,2023-01-31,000001,Vente,368899,2,,RUE NEUVE NOTRE DAME,2040,78000,78646,Versailles,78,,,78646000AE0164,,,153,,,,,,,,,,1,2,Appartement,52,3,,,,,,2.125493,48.808632
2023-1046596,2023-01-31,000001,Vente,368899,2,,RUE NEUVE NOTRE DAME,2040,78000,78646,Versailles,78,,,78646000AE0164,,,153,,,,,,,,,,1,3,Dépendance,,0,,,,,,2.125493,48.808632
2023-1046624,2023-02-08,000001,Vente,1120000,10,,RUE D ANGOULEME,0180,78000,78646,Versailles,78,,,78646000AD0034,,,2,124.95,,,,,,,,,1,2,Appartement,124,4,,,,,,2.128348,48.810238
2023-1046624,2023-02-08,000001,Vente,1120000,10,,RUE D ANGOULEME,0180,78000,78646,Versailles,78,,,78646000AD0034,,,2,124.95,,,,,,,,,1,3,Dépendance,,0,,,,,,2.128348,48.810238
2023-1046624,2023-02-08,000001,Vente,1120000,10,,RUE D ANGOULEME,0180,78000,78646,Versailles,78,,,78646000AD0034,,,2,124.95,,,,,,,,,1,3,Dépendance,,0,,,,,,2.128348,48.810238
2023-1046646,2023-02-02,000001,Vente,1038750,29,B,RUE DU REFUGE,2510,78000,78646,Versailles,78,,,78646000AX0541,,,65,,,,,,,,,,1,3,Dépendance,,0,,,,,,2.145482,48.803089
2023-1046646,2023-02-02,000001,Vente,1038750,29,B,RUE DU REFUGE,2510,78000,78646,Versailles,78,,,78646000AX0541,,,84,116.76,90,,,,,,,,2,3,Dépendance,,0,,,,,,2.145482,48.803089
2023-1046646,2023-02-02,000001,Vente,1038750,29,B,RUE DU REFUGE,2510,78000,78646,Versailles,78,,,78646000AX0541,,,84,116.76,90,,,,,,,,2,2,Appartement,115,5,,,,,,2.145482,48.803089
2023-1046678,2023-01-26,000001,Vente,692000,67,,RUE BERTHIER,0370,78000,78646,Versailles,78,,,78646000AD0315,,,41,,,,,,,,,,1,3,Dépendance,,0,,,,,,2.13401,48.811054
2023-1046678,2023-01-26,000001,Vente,692000,67,,RUE BERTHIER,0370,78000,78646,Versailles,78,,,78646000AD0315,,,14,80.13,,,,,,,,,1,2,Appartement,79,4,,,,,,2.13401,48.811054
2023-1046711,2023-01-20,000001,Vente,25000,39,,BD DU ROI,2641,78000,78646,Versailles,78,,,78646000AC0108,,,148,,,,,,,,,,1,3,Dépendance,,0,,,,,,2.127742,48.814503
2023-1046763,2023-02-01,000001,Vente,330000,12,B,RUE CHAMP LAGARDE,0490,78000,78646,Versailles,78,,,78646000BO0080,,,12,,,,,,,,,,1,4,Local industriel. commercial ou assimilé,16,0,,,,,,2.142868,48.800426
2023-1046763,2023-02-01,000001,Vente,330000,12,B,RUE CHAMP LAGARDE,0490,78000,78646,Versailles,78,,,78646000BO0080,,,4,,,,,,,,,,1,4,Local industriel. commercial ou assimilé,58,0,,,,,,2.142868,48.800426
2023-1046765,2023-02-17,000001,Vente,680000,12,,AV DE PORCHEFONTAINE,2380,78000,78646,Versailles,78,,,78646000BK0021,,,497,,514,115.35,,,,,,,2,2,Appartement,114,5,,,,,,2.152071,48.797176
2023-1046765,2023-02-17,000001,Vente,680000,12,,AV DE PORCHEFONTAINE,2380,78000,78646,Versailles,78,,,78646000BK0021,,,1602,,,,,,,,,,1,3,Dépendance,,0,,,,,,2.152071,48.797176
2023-1046765,2023-02-17,000001,Vente,680000,12,,AV DE PORCHEFONTAINE,2380,78000,78646,Versailles,78,,,78646000BK0021,,,497,,514,115.35,,,,,,,2,3,Dépendance,,0,,,,,,2.152071,48.797176
2023-1046768,2023-02-15,000001,Vente,717000,12,,AV DE PORCHEFONTAINE,2380,78000,78646,Versailles,78,,,78646000BK0021,,,276,,308,115.62,,,,,,,2,2,Appartement,115,5,,,,,,2.152071,48.797176
2023-1046768,2023-02-15,000001,Vente,717000,12,,AV DE PORCHEFONTAINE,2380,78000,78646,Versailles,78,,,78646000BK0021,,,1755,,,,,,,,,,1,3,Dépendance,,0,,,,,,2.152071,48.797176
2023-1046768,2023-02-15,000001,Vente,717000,12,,AV DE PORCHEFONTAINE,2380,78000,78646,Versailles,78,,,78646000BK0021,,,276,,308,115.62,,,,,,,2,3,Dépendance,,0,,,,,,2.152071,48.797176
2023-1046815,2023-02-15,000001,Vente,184600,15,,RUE DE LA CEINTURE,0460,78000,78646,Versailles,78,,,78646000AV0074,,,10,,,,,,,,,,1,2,Appartement,35,2,,,,,,2.152664,48.808952
2023-1046815,2023-02-15,000001,Vente,184600,15,,RUE DE LA CEINTURE,0460,78000,78646,Versailles,78,,,78646000AV0074,,,10,,,,,,,,,,1,3,Dépendance,,0,,,,,,2.152664,48.808952
2023-1046874,2023-02-14,000001,Vente,27500,5,,ALL PIERRE DE COUBERTIN,2310,78000,78646,Versailles,78,,,78646000BP0248,,,131,,,,,,,,,,1,3,Dépendance,,0,,,,,,2.136505,48.80286
2023-1046880,2023-02-10,000001,Vente,606680,38,,RUE DE LA PAROISSE,2190,78000,78646,Versailles,78,,,78646000AE0208,,,10,76.5,25,,,,,,,,2,2,Appartement,73,4,,,,,,2.128337,48.807455
2023-1046920,2023-02-17,000001,Vente,167000,4,,RUE SAINT CHARLES,2710,78000,78646,Versailles,78,,,78646000AY0170,,,10,22.06,,,,,,,,,1,2,Appartement,30,1,,,,,,2.150798,48.799457
2023-1046947,2023-02-10,000001,Vente,1368280,66,,RUE DU MAL FOCH,1810,78000,78646,Versailles,78,,,78646000AK0038,,,13,,2,140.57,,,,,,,2,2,Appartement,144,5,,,,,,2.135967,48.812211
2023-1046947,2023-02-10,000001,Vente,1368280,66,,RUE DU MAL FOCH,1810,78000,78646,Versailles,78,,,78646000AK0038,,,13,,2,140.57,,,,,,,2,3,Dépendance,,0,,,,,,2.135967,48.812211
2023-1046949,2023-02-17,000001,Vente,410750,62,,RUE DES CHANTIERS,0530,78000,78646,Versailles,78,,,78646000BL0327,,,113,60,278,,,,,,,,2,3,Dépendance,,0,,,,,,2.142467,48.792993
2023-1046949,2023-02-17,000001,Vente,410750,62,,RUE DES CHANTIERS,0530,78000,78646,Versailles,78,,,78646000BL0327,,,113,60,278,,,,,,,,2,2,Appartement,62,3,,,,,,2.142467,48.792993
2023-1046949,2023-02-17,000001,Vente,410750,62,,RUE DES CHANTIERS,0530,78000,78646,Versailles,78,,,78646000BL0327,,,361,,,,,,,,,,1,3,Dépendance,,0,,,,,,2.142467,48.792993
2023-1046961,2023-02-14,000001,Vente,1,4,,RUE ALBERT JOLY,0050,78000,78646,Versailles,78,,,78646000AK0154,,,4,,,,,,,,,,1,3,Dépendance,,0,,,,,,2.135096,48.810526
2023-1046962,2023-01-31,000001,Vente,320674,2,,RUE NEUVE NOTRE DAME,2040,78000,78646,Versailles,78,,,78646000AE0164,,,154,51.51,,,,,,,,,1,3,Dépendance,,0,,,,,,2.125493,48.808632
2023-1046962,2023-01-31,000001,Vente,320674,2,,RUE NEUVE NOTRE DAME,2040,78000,78646,Versailles,78,,,78646000AE0164,,,161,,,,,,,,,,1,2,Appartement,52,3,,,,,,2.125493,48.808632
2023-1046962,2023-01-31,000001,Vente,320674,2,,RUE NEUVE NOTRE DAME,2040,78000,78646,Versailles,78,,,78646000AE0164,,,161,,,,,,,,,,1,3,Dépendance,,0,,,,,,2.125493,48.808632
2023-1046962,2023-01-31,000001,Vente,320674,2,,RUE NEUVE NOTRE DAME,2040,78000,78646,Versailles,78,,,78646000AE0164,,,154,51.51,,,,,,,,,1,2,Appartement,49,3,,,,,,2.125493,48.808632
2023-1046967,2023-02-14,000001,Vente,405000,24,,RUE DE LA PAROISSE,2190,78000,78646,Versailles,78,,,78646000AE0187,,,20,43.6,,,,,,,,,1,2,Appartement,43,2,,,,,,2.127327,48.807596
2023-1046971,2023-02-15,000001,Vente,563150,24,,RUE JACQUES LEMERCIER,1420,78000,78646,Versailles,78,,,78646000AO0020,,,19,92.53,53,,,,,,,,2,3,Dépendance,,0,,,,,,2.150001,48.814605
2023-1046971,2023-02-15,000001,Vente,563150,24,,RUE JACQUES LEMERCIER,1420,78000,78646,Versailles,78,,,78646000AO0020,,,210,,,,,,,,,,1,3,Dépendance,,0,,,,,,2.150001,48.814605
2023-1046971,2023-02-15,000001,Vente,563150,24,,RUE JACQUES LEMERCIER,1420,78000,78646,Versailles,78,,,78646000AO0020,,,19,92.53,53,,,,,,,,2,2,Appartement,93,4,,,,,,2.150001,48.814605
2023-1046972,2023-02-17,000001,Vente,273000,1,,RUE DE PROVENCE,2460,78000,78646,Versailles,78,,,78646000AI0232,,,34,39.17,49,,,,,,,,2,2,Appartement,45,3,,,,,,2.139386,48.80602
2023-1046972,2023-02-17,000001,Vente,273000,1,,RUE DE PROVENCE,2460,78000,78646,Versailles,78,,,78646000AI0232,,,34,39.17,49,,,,,,,,2,3,Dépendance,,0,,,,,,2.139386,48.80602
2023-1046994,2023-02-16,000001,Vente,530000,8,,RUE ALBERT JOLY,0050,78000,78646,Versailles,78,,,78646000AK0229,,,46,,58,,,,,,,,2,2,Appartement,75,3,,,,,,2.135908,48.810277
2023-1046994,2023-02-16,000001,Vente,530000,8,,RUE ALBERT JOLY,0050,78000,78646,Versailles,78,,,78646000AK0229,,,46,,58,,,,,,,,2,3,Dépendance,,0,,,,,,2.135908,48.810277
2023-1047003,2023-02-08,000001,Vente,467050,35,,RUE DE L ORANGERIE,2110,78000,78646,Versailles,78,,,78646000AH0125,,,104,,131,55.82,,,,,,,2,2,Appartement,57,2,,,,,,2.124132,48.800032
2023-1047003,2023-02-08,000001,Vente,467050,35,,RUE DE L ORANGERIE,2110,78000,78646,Versailles,78,,,78646000AH0125,,,104,,131,55.82,,,,,,,2,3,Dépendance,,0,,,,,,2.124132,48.800032
2023-1047006,2023-02-02,000001,Vente,955000,19,,RUE VICTOR BART,3160,78000,78646,Versailles,78,,,78646000AS0011,,,36,,,,,,,,,,1,3,Dépendance,,0,,,,,,2.145549,48.809854
2023-1047006,2023-02-02,000001,Vente,955000,19,,RUE VICTOR BART,3160,78000,78646,Versailles,78,,,78646000AS0011,,,17,,18,,31,,,,,,3,2,Appartement,145,5,,,,,,2.145549,48.809854
2023-1047006,2023-02-02,000001,Vente,955000,19,,RUE VICTOR BART,3160,78000,78646,Versailles,78,,,78646000AS0011,,,17,,18,,31,,,,,,3,3,Dépendance,,0,,,,,,2.145549,48.809854
2023-1047009,2023-02-20,000001,Vente,676790,15,,RUE DE L ORANGERIE,2110,78000,78646,Versailles,78,,,78646000AH0033,,,29,71.53,30,,,,,,,,2,2,Appartement,69,2,,,,,,2.122059,48.800562
2023-1047009,2023-02-20,000001,Vente,676790,15,,RUE DE L ORANGERIE,2110,78000,78646,Versailles,78,,,78646000AH0033,,,29,71.53,30,,,,,,,,2,3,Dépendance,,0,,,,,,2.122059,48.800562
2023-1047009,2023-02-20,000001,Vente,676790,15,,RUE DE L ORANGERIE,2110,78000,78646,Versailles,78,,,78646000AH0033,,,29,71.53,30,,,,,,,,2,3,Dépendance,,0,,,,,,2.122059,48.800562
2023-1047055,2023-02-22,000001,Vente,532000,29,,RUE DU REFUGE,2510,78000,78646,Versailles,78,,,78646000AX0540,,,11,,5,59.12,,,,,,,2,2,Appartement,62,3,,,,,,2.145455,48.803306
2023-1047107,2023-02-13,000001,Vente en l'état futur d'achèvement,489000,,,LA SABLIERE,B029,78000,78646,Versailles,78,,,78646000BY0110,,,248,,,,,,,,,,1,,,,,,,,,,2.078228,48.802624
2023-1047107,2023-02-13,000001,Vente en l'état futur d'achèvement,489000,,,LA SABLIERE,B029,78000,78646,Versailles,78,,,78646000BY0114,,,210,,,,,,,,,,1,,,,,,,,,,2.078245,48.802897
2023-1047156,2023-02-17,000001,Vente,390000,2,,ALL LA BRUYERE,1557,78000,78646,Versailles,78,,,78646000AO0205,,,1339,65.95,1539,,,,,,,,2,3,Dépendance,,0,,,,,,2.146857,48.813978
2023-1047156,2023-02-17,000001,Vente,390000,1,,ALL LA BRUYERE,1557,78000,78646,Versailles,78,,,78646000AO0205,,,1698,,,,,,,,,,1,3,Dépendance,,0,,,,,,2.146857,48.813978
2023-1047156,2023-02-17,000001,Vente,390000,2,,ALL LA BRUYERE,1557,78000,78646,Versailles,78,,,78646000AO0205,,,1339,65.95,1539,,,,,,,,2,2,Appartement,64,3,,,,,,2.146857,48.813978
2023-1047156,2023-02-17,000001,Vente,390000,2,,ALL LA BRUYERE,1557,78000,78646,Versailles,78,,,78646000AO0205,,,1339,65.95,1539,,,,,,,,2,3,Dépendance,,0,,,,,,2.146857,48.813978
2023-1047173,2023-01-26,000001,Vente,280000,15,,RUE EDOUARD LEFEBVRE,0910,78000,78646,Versailles,78,,,78646000BR0139,,,10,,11,,,,,,,,2,2,Appartement,41,3,,,,,,2.1319,48.79726
2023-1047173,2023-01-26,000001,Vente,280000,15,,RUE EDOUARD LEFEBVRE,0910,78000,78646,Versailles,78,,,78646000BR0139,,,12,,,,,,,,,,1,3,Dépendance,,0,,,,,,2.1319,48.79726
2023-1047225,2023-02-23,000001,Vente,531150,2,,RUE ALEXIS DE TOCQUEVILLE,0128,78000,78646,Versailles,78,,,78646000BS0226,,,4128,,,,,,,,,,1,2,Appartement,66,3,,,,,,2.132076,48.794722
2023-1047225,2023-02-23,000001,Vente,531150,2,,RUE ALEXIS DE TOCQUEVILLE,0128,78000,78646,Versailles,78,,,78646000BS0226,,,4285,,,,,,,,,,1,3,Dépendance,,0,,,,,,2.132076,48.794722
2023-1047231,2023-02-24,000001,Vente,472500,12,,RUE HOCHE,1350,78000,78646,Versailles,78,,,78646000AE0419,,,6,,,,,,,,,,1,2,Appartement,70,2,,,,,,2.128504,48.80645
2023-1047231,2023-02-24,000001,Vente,472500,12,,RUE HOCHE,1350,78000,78646,Versailles,78,,,78646000AE0419,,,6,,,,,,,,,,1,3,Dépendance,,0,,,,,,2.128504,48.80645
2023-1047266,2023-02-17,000001,Vente,1031000,8,,RUE ALEXIS FOURCAULT,0130,78000,78646,Versailles,78,,,78646000AW0074,,,4,,,,,,,,,,1,3,Dépendance,,0,,,,,,2.152974,48.805307
2023-1047266,2023-02-17,000001,Vente,1031000,8,,RUE ALEXIS FOURCAULT,0130,78000,78646,Versailles,78,,,78646000AW0074,,,2,127.26,,,,,,,,,1,2,Appartement,114,7,,,,,,2.152974,48.805307
2023-1047266,2023-02-17,000001,Vente,1031000,8,,RUE ALEXIS FOURCAULT,0130,78000,78646,Versailles,78,,,78646000AW0074,,,2,127.26,,,,,,,,,1,3,Dépendance,,0,,,,,,2.152974,48.805307
2023-1047271,2023-02-03,000001,Vente,132760,38,,RUE BERTHIER,0370,78000,78646,Versailles,78,,,78646000AD0445,,,20,,33,,,,,,,,2,2,Appartement,22,1,,,,,,2.13058,48.811059
2023-1047271,2023-02-03,000001,Vente,132760,38,,RUE BERTHIER,0370,78000,78646,Versailles,78,,,78646000AD0445,,,20,,33,,,,,,,,2,3,Dépendance,,0,,,,,,2.13058,48.811059
2023-1047273,2023-02-06,000001,Vente,22100,24,,RUE DES RESERVOIRS,2580,78000,78646,Versailles,78,,,78646000AE0173,,,47,,,,,,,,,,1,3,Dépendance,,0,,,,,,2.125222,48.807871
2023-1047278,2023-02-23,000001,Vente,907000,66,,RUE ALBERT JOLY,0050,78000,78646,Versailles,78,,,78646000AR0129,,,4,129.11,47,,,,,,,,2,3,Dépendance,,0,,,,,,2.145022,48.809293
2023-1047278,2023-02-23,000001,Vente,907000,66,,RUE ALBERT JOLY,0050,78000,78646,Versailles,78,,,78646000AR0129,,,76,,,,,,,,,,1,3,Dépendance,,0,,,,,,2.145022,48.809293
2023-1047278,2023-02-23,000001,Vente,907000,66,,RUE ALBERT JOLY,0050,78000,78646,Versailles,78,,,78646000AR0129,,,35,,,,,,,,,,1,3,Dépendance,,0,,,,,,2.145022,48.809293
2023-1047278,2023-02-23,000001,Vente,907000,66,,RUE ALBERT JOLY,0050,78000,78646,Versailles,78,,,78646000AR0129,,,4,129.11,47,,,,,,,,2,2,Appartement,130,5,,,,,,2.145022,48.809293
2023-1047286,2023-01-31,000001,Vente,30000,2,B,AV DE PARIS,2180,78000,78646,Versailles,78,,,78646000AH0225,,,5332,,,,,,,,,,1,3,Dépendance,,0,,,,,,2.128298,48.801276
2023-1047287,2023-01-31,000001,Vente,26000,2,B,AV DE PARIS,2180,78000,78646,Versailles,78,,,78646000AH0225,,,5334,,,,,,,,,,1,3,Dépendance,,0,,,,,,2.128298,48.801276
2023-1047353,2023-02-22,000001,Vente,250000,37,,RUE DE LA CEINTURE,0460,78000,78646,Versailles,78,,,78646000AV0141,,,32,,9,63.13,,,,,,,2,2,Appartement,61,3,,,,,,,
2023-1047353,2023-02-22,000001,Vente,250000,37,,RUE DE LA CEINTURE,0460,78000,78646,Versailles,78,,,78646000AV0141,,,32,,9,63.13,,,,,,,2,3,Dépendance,,0,,,,,,,
2023-1047353,2023-02-22,000001,Vente,250000,37,,RUE DE LA CEINTURE,0460,78000,78646,Versailles,78,,,78646000AV0141,,,49,,,,,,,,,,1,3,Dépendance,,0,,,,,,,
2023-1047443,2023-02-17,000001,Vente,161500,96,,RUE DE LA PAROISSE,2190,78000,78646,Versailles,78,,,78646000AI0145,,,28,18.94,,,,,,,,,1,2,Appartement,30,2,,,,,,2.134239,48.805731
2023-1047452,2023-02-02,000001,Vente,680000,18,,AV DES ETATS UNIS,0990,78000,78646,Versailles,78,,,78646000AX0263,,,8,,,,,,,,,,1,2,Appartement,80,4,,,,,,2.14347,48.806371
2023-1047452,2023-02-02,000001,Vente,680000,18,,AV DES ETATS UNIS,0990,78000,78646,Versailles,78,,,78646000AX0263,,,8,,,,,,,,,,1,3,Dépendance,,0,,,,,,2.14347,48.806371
2023-1047455,2023-02-20,000001,Vente,199053,9,,RUE LAFAYETTE,1580,78000,78646,Versailles,78,,,78646000AC0320,,,106,,63,,,,,,,,2,2,Appartement,22,1,,,,,,2.125523,48.812649
2023-1047455,2023-02-20,000001,Vente,199053,9,,RUE LAFAYETTE,1580,78000,78646,Versailles,78,,,78646000AC0320,,,106,,63,,,,,,,,2,3,Dépendance,,0,,,,,,2.125523,48.812649
2023-1047464,2023-02-16,000001,Vente,1004500,12,,RUE NEUVE NOTRE DAME,2040,78000,78646,Versailles,78,,,78646000AE0145,,,27,,,,,,,,,,1,3,Dépendance,,0,,,,,,2.127726,48.808377
2023-1047464,2023-02-16,000001,Vente,1004500,12,,RUE NEUVE NOTRE DAME,2040,78000,78646,Versailles,78,,,78646000AE0145,,,67,111.91,,,,,,,,,1,2,Appartement,106,5,,,,,,2.127726,48.808377
2023-1047469,2023-02-21,000001,Vente,1108850,33,,RUE DE L ORANGERIE,2110,78000,78646,Versailles,78,,,78646000AH0123,,,22,,23,,31,,8,142.86,9,,5,3,Dépendance,,0,,,,,,2.123879,48.800089
2023-1047469,2023-02-21,000001,Vente,1108850,33,,RUE DE L ORANGERIE,2110,78000,78646,Versailles,78,,,78646000AH0123,,,22,,23,,31,,8,142.86,9,,5,2,Appartement,140,5,,,,,,2.123879,48.800089
2023-1047469,2023-02-21,000001,Vente,1108850,33,,RUE DE L ORANGERIE,2110,78000,78646,Versailles,78,,,78646000AH0123,,,22,,23,,31,,8,142.86,9,,5,3,Dépendance,,0,,,,,,2.123879,48.800089
2023-1047469,2023-02-21,000001,Vente,1108850,33,,RUE DE L ORANGERIE,2110,78000,78646,Versailles,78,,,78646000AH0123,,,22,,23,,31,,8,142.86,9,,5,3,Dépendance,,0,,,,,,2.123879,48.800089
2023-1047483,2023-01-23,000001,Vente,521000,24,,RUE DU MAL FOCH,1810,78000,78646,Versailles,78,,,78646000AI0212,,,20,65.09,,,,,,,,,1,2,Appartement,65,3,,,,,,2.132919,48.80739
2023-1047523,2023-02-24,000001,Vente en l'état futur d'achèvement,494300,,,LA SABLIERE,B029,78000,78646,Versailles,78,,,78646000BY0121,,,35,,,,,,,,,,1,,,,,,,,,,2.079148,48.803081
2023-1047532,2023-02-08,000001,Vente,843750,54,T,RUE REMONT,2560,78000,78646,Versailles,78,,,78646000BE0471,,,1,110.36,,,,,,,,,1,1,Maison,92,6,,,,,,2.158825,48.79485
2023-1047540,2023-02-21,000001,Vente en l'état futur d'achèvement,460200,,,LA SABLIERE,B029,78000,78646,Versailles,78,,,78646000BY0121,,,18,,,,,,,,,,1,,,,,,,,,,2.079148,48.803081
2023-1047542,2023-02-24,000001,Vente en l'état futur d'achèvement,25000,,,LA SABLIERE,B029,78000,78646,Versailles,78,,,78646000BY0110,,,137,,,,,,,,,,1,,,,,,,,,,2.078228,48.802624
2023-1047573,2023-02-17,000001,Vente,1283940,15,B,RUE DES MISSIONNAIRES,1920,78000,78646,Versailles,78,,,78646000AD0397,,,,,,,,,,,,,0,1,Maison,93,4,S,sols,,,157,2.131423,48.812834
2023-1047589,2023-03-03,000001,Vente,76000,108,,BD DE LA REINE,2520,78000,78646,Versailles,78,,,78646000AX0037,,,138,11.46,,,,,,,,,1,3,Dépendance,,0,,,,,,2.142871,48.807658
2023-1047630,2023-02-24,000001,Vente,260000,50,,AV DE VILLENEUVE L ETANG,3200,78000,78646,Versailles,78,,,78646000AO0162,,,601,48.78,621,,,,,,,,2,3,Dépendance,,0,,,,,,2.148061,48.818119
2023-1047630,2023-02-24,000001,Vente,260000,50,,AV DE VILLENEUVE L ETANG,3200,78000,78646,Versailles,78,,,78646000AO0162,,,601,48.78,621,,,,,,,,2,2,Appartement,55,1,,,,,,2.148061,48.818119
2023-1047630,2023-02-24,000001,Vente,260000,50,,AV DE VILLENEUVE L ETANG,3200,78000,78646,Versailles,78,,,78646000AO0162,,,601,48.78,621,,,,,,,,2,3,Dépendance,,0,,,,,,2.148061,48.818119
2023-1047633,2023-02-28,000001,Vente,1371600,36,,RUE ALBERT JOLY,0050,78000,78646,Versailles,78,,,78646000AR0066,,,,,,,,,,,,,0,1,Maison,88,5,S,sols,,,225,2.140548,48.809972
2023-1047657,2023-02-07,000001,Vente,280000,1,,RUE DU MARCHE NEUF,1780,78000,78646,Versailles,78,,,78646000BV0115,,,35,42.1,,,,,,,,,1,2,Appartement,42,2,,,,,,2.12583,48.797937
2023-1047658,2023-02-27,000001,Vente,1525000,43,,RUE BERTHIER,0370,78000,78646,Versailles,78,,,78646000AD0241,,,,,,,,,,,,,0,2,Appartement,110,4,S,sols,,,209,2.129987,48.811489
2023-1047658,2023-02-27,000001,Vente,1525000,43,,RUE BERTHIER,0370,78000,78646,Versailles,78,,,78646000AD0241,,,,,,,,,,,,,0,4,Local industriel. commercial ou assimilé,50,0,S,sols,,,209,2.129987,48.811489
2023-1047658,2023-02-27,000001,Vente,1525000,43,,RUE BERTHIER,0370,78000,78646,Versailles,78,,,78646000AD0241,,,,,,,,,,,,,0,3,Dépendance,,0,S,sols,,,209,2.129987,48.811489
2023-1047662,2023-02-28,000001,Vente,525800,44,,RUE ALBERT SARRAUT,0080,78000,78646,Versailles,78,,,78646000BK0232,,,125,,,,,,,,,,1,3,Dépendance,,0,,,,,,2.14982,48.795098
2023-1047662,2023-02-28,000001,Vente,525800,44,,RUE ALBERT SARRAUT,0080,78000,78646,Versailles,78,,,78646000BK0232,,,138,,62,85.92,,,,,,,2,2,Appartement,86,3,,,,,,2.14982,48.795098
2023-1047662,2023-02-28,000001,Vente,525800,44,,RUE ALBERT SARRAUT,0080,78000,78646,Versailles,78,,,78646000BK0232,,,138,,62,85.92,,,,,,,2,3,Dépendance,,0,,,,,,2.14982,48.795098
2023-1047663,2023-02-08,000001,Vente,200000,14,,RUE MONTBAURON,1970,78000,78646,Versailles,78,,,78646000BP0017,,,69,29.6,,,,,,,,,1,4,Local industriel. commercial ou assimilé,30,0,,,,,,2.135632,48.803902
2023-1047668,2023-02-27,000001,Vente,505000,8,,PL ROYALE,2650,78000,78646,Versailles,78,,,78646000AZ0110,,,1085,,1114,,,,,,,,2,3,Dépendance,,0,,,,,,2.158672,48.8041
2023-1047668,2023-02-27,000001,Vente,505000,5,,RUE DE L ECOLE DES POSTES,0850,78000,78646,Versailles,78,,,78646000AZ0110,,,2954,,,,,,,,,,1,3,Dépendance,,0,,,,,,2.158672,48.8041
2023-1047668,2023-02-27,000001,Vente,505000,8,,PL ROYALE,2650,78000,78646,Versailles,78,,,78646000AZ0110,,,1085,,1114,,,,,,,,2,2,Appartement,102,4,,,,,,2.158672,48.8041
2023-1047675,2023-02-20,000001,Vente,18000,13,,RUE DU GENERAL PERSHING,1170,78000,78646,Versailles,78,,,78646000AO0068,,,342,,,,,,,,,,1,3,Dépendance,,0,,,,,,2.148928,48.817113
2023-1047697,2023-02-17,000001,Vente,543600,22,,RUE DU GENERAL LECLERC,1145,78000,78646,Versailles,78,,,78646000BV0078,,,5,,,,,,,,,,1,2,Appartement,80,3,,,,,,2.126251,48.798816
2023-1047697,2023-02-17,000001,Vente,543600,22,,RUE DU GENERAL LECLERC,1145,78000,78646,Versailles,78,,,78646000BV0078,,,5,,,,,,,,,,1,3,Dépendance,,0,,,,,,2.126251,48.798816
2023-1047704,2023-03-01,000001,Vente en l'état futur d'achèvement,25000,,,LA SABLIERE,B029,78000,78646,Versailles,78,,,78646000BY0110,,,151,,,,,,,,,,1,,,,,,,,,,2.078228,48.802624
2023-1047711,2023-02-21,000001,Vente en l'état futur d'achèvement,25000,,,LA SABLIERE,B029,78000,78646,Versailles,78,,,78646000BY0110,,,153,,,,,,,,,,1,,,,,,,,,,2.078228,48.802624
2023-1047712,2023-03-01,000001,Vente,7500,28,,RUE CARNOT,0440,78000,78646,Versailles,78,,,78646000AE0309,,,43,,,,,,,,,,1,4,Local industriel. commercial ou assimilé,62,0,,,,,,2.128991,48.805488
2023-1047726,2023-02-24,000001,Vente,147000,36,,RUE DES RESERVOIRS,2580,78000,78646,Versailles,78,,,78646000AE0402,,,21,18.31,,,,,,,,,1,3,Dépendance,,0,,,,,,2.125799,48.809109
2023-1047732,2023-03-01,000001,Vente en l'état futur d'achèvement,468500,,,LA SABLIERE,B029,78000,78646,Versailles,78,,,78646000BY0121,,,19,,,,,,,,,,1,,,,,,,,,,2.079148,48.803081
2023-1047738,2023-02-16,000001,Vente,92750,39,,BD DU ROI,2641,78000,78646,Versailles,78,,,78646000AC0108,,,3,12.85,,,,,,,,,1,3,Dépendance,,0,,,,,,2.127742,48.814503
2023-1047744,2023-03-06,000001,Vente,480000,14,,RUE DU GENERAL PERSHING,1170,78000,78646,Versailles,78,,,78646000AS0056,,,191,,,,,,,,,,1,3,Dépendance,,0,,,,,,2.151346,48.814959
2023-1047744,2023-03-06,000001,Vente,480000,14,,RUE DU GENERAL PERSHING,1170,78000,78646,Versailles,78,,,78646000AS0056,,,146,,164,80.28,165,80.28,,,,,3,3,Dépendance,,0,,,,,,2.151346,48.814959
2023-1047744,2023-03-06,000001,Vente,480000,14,,RUE DU GENERAL PERSHING,1170,78000,78646,Versailles,78,,,78646000AS0056,,,146,,164,80.28,165,80.28,,,,,3,2,Appartement,79,3,,,,,,2.151346,48.814959
2023-1047751,2023-02-24,000001,Vente,521500,5,,RUE DE L ECOLE DES POSTES,0850,78000,78646,Versailles,78,,,78646000AZ0110,,,3525,,,,,,,,,,1,3,Dépendance,,0,,,,,,2.158672,48.8041
2023-1047751,2023-02-24,000001,Vente,521500,8,,PROM MONA LISA,1965,78000,78646,Versailles,78,,,78646000AZ0110,,,1696,,1718,111.11,,,,,,,2,2,Appartement,113,4,,,,,,2.158672,48.8041
2023-1047785,2023-02-21,000001,Vente,28800,9,,PL ALEXANDRE 1E LOUIS BARTHOU,0100,78000,78646,Versailles,78,,,78646000AX0489,,,67,,,,,,,,,,1,3,Dépendance,,0,,,,,,2.140761,48.806449
2023-1047806,2023-02-17,000001,Vente,26500,33,,RUE DES BOURDONNAIS,0400,78000,78646,Versailles,78,,,78646000BT0142,,,29,,,,,,,,,,1,3,Dépendance,,0,,,,,,2.127823,48.795384
2023-1047806,2023-02-17,000001,Vente,26500,33,,RUE DES BOURDONNAIS,0400,78000,78646,Versailles,78,,,78646000BT0142,,,29,,,,,,,,,,1,3,Dépendance,,0,,,,,,2.127823,48.795384
2023-1047807,2023-02-23,000001,Vente,18000,26,,RUE DU VIEUX VERSAILLES,3180,78000,78646,Versailles,78,,,78646000AH0120,,,209,,,,,,,,,,1,3,Dépendance,,0,,,,,,2.123455,48.800394
2023-1047811,2023-03-06,000001,Vente,1325000,4,,RUE ALBERT JOLY,0050,78000,78646,Versailles,78,,,78646000AK0154,,,1,138.05,,,,,,,,,1,2,Appartement,106,3,,,,,,2.135096,48.810526
2023-1047827,2023-03-06,000001,Vente,700000,53,,AV DE PARIS,2180,78000,78646,Versailles,78,,,78646000BP0132,,,101,,21,121.14,,,,,,,2,2,Appartement,121,6,,,,,,2.1408,48.800274
2023-1047827,2023-03-06,000001,Vente,700000,53,,AV DE PARIS,2180,78000,78646,Versailles,78,,,78646000BP0132,,,101,,21,121.14,,,,,,,2,3,Dépendance,,0,,,,,,2.1408,48.800274
2023-1047827,2023-03-06,000001,Vente,700000,53,,AV DE PARIS,2180,78000,78646,Versailles,78,,,78646000BP0132,,,216,,,,,,,,,,1,3,Dépendance,,0,,,,,,2.1408,48.800274
2023-1047837,2023-02-27,000001,Vente,500539,14,,RUE BENJAMIN FRANKLIN,0340,78000,78646,Versailles,78,,,78646000BR0112,,,5,69.57,,,,,,,,,1,2,Appartement,58,3,,,,,,2.136084,48.79827
2023-1047837,2023-02-27,000001,Vente,500539,14,,RUE BENJAMIN FRANKLIN,0340,78000,78646,Versailles,78,,,78646000BR0112,,,5,69.57,,,,,,,,,1,3,Dépendance,,0,,,,,,2.136084,48.79827
2023-1047837,2023-02-27,000001,Vente,500539,14,,RUE BENJAMIN FRANKLIN,0340,78000,78646,Versailles,78,,,78646000BR0112,,,5,69.57,,,,,,,,,1,3,Dépendance,,0,,,,,,2.136084,48.79827
2023-1047866,2023-02-21,000001,Vente,250000,19,,RUE DES TOURNELLES,3050,78000,78646,Versailles,78,,,78646000BT0017,,,19,,2,33.05,22,,,,,,3,2,Appartement,35,2,,,,,,2.128029,48.797983
2023-1047879,2023-03-07,000001,Vente,570000,45,,RUE DU MAL FOCH,1810,78000,78646,Versailles,78,,,78646000AD0099,,,41,74.6,,,,,,,,,1,4,Local industriel. commercial ou assimilé,74,0,,,,,,2.133301,48.809259
2023-1047916,2023-02-15,000001,Vente,90000,12,,AV DE PORCHEFONTAINE,2380,78000,78646,Versailles,78,,,78646000BK0021,,,1744,,,,,,,,,,1,3,Dépendance,,0,,,,,,2.152071,48.797176
2023-1047916,2023-02-15,000001,Vente,90000,12,,AV DE PORCHEFONTAINE,2380,78000,78646,Versailles,78,,,78646000BK0021,,,433,,,,,,,,,,1,3,Dépendance,,0,,,,,,2.152071,48.797176
2023-1047916,2023-02-15,000001,Vente,90000,12,,AV DE PORCHEFONTAINE,2380,78000,78646,Versailles,78,,,78646000BK0021,,,1391,,,,,,,,,,1,3,Dépendance,,0,,,,,,2.152071,48.797176
2023-1047916,2023-02-15,000001,Vente,90000,12,,AV DE PORCHEFONTAINE,2380,78000,78646,Versailles,78,,,78646000BK0021,,,1390,,,,,,,,,,1,3,Dépendance,,0,,,,,,2.152071,48.797176
2023-1047917,2023-02-16,000001,Vente,160923.58,2,,RUE ANDRE CHENIER,0160,78000,78646,Versailles,78,,,78646000AI0120,,,4,29,,,,,,,,,1,2,Appartement,28,1,,,,,,2.132705,48.805861
2023-1047917,2023-02-16,000001,Vente,160923.58,2,,RUE ANDRE CHENIER,0160,78000,78646,Versailles,78,,,78646000AI0120,,,5,56.4,,,,,,,,,1,2,Appartement,40,2,,,,,,2.132705,48.805861
2023-1047950,2023-02-13,000001,Vente,736650,108,,BD DE LA REINE,2520,78000,78646,Versailles,78,,,78646000AX0037,,,294,,60,,,,,,,,2,2,Appartement,94,4,,,,,,2.142871,48.807658
2023-1047950,2023-02-13,000001,Vente,736650,108,,BD DE LA REINE,2520,78000,78646,Versailles,78,,,78646000AX0037,,,185,,,,,,,,,,1,3,Dépendance,,0,,,,,,2.142871,48.807658
2023-1047950,2023-02-13,000001,Vente,736650,108,,BD DE LA REINE,2520,78000,78646,Versailles,78,,,78646000AX0037,,,294,,60,,,,,,,,2,3,Dépendance,,0,,,,,,2.142871,48.807658
2023-1047954,2023-03-07,000001,Vente,370000,108,B,RUE REMONT,2560,78000,78646,Versailles,78,,,78646000BI0266,,,2,53.21,,,,,,,,,1,1,Maison,47,3,,,,,,2.153456,48.790329
2023-1047954,2023-03-07,000001,Vente,370000,108,B,RUE REMONT,2560,78000,78646,Versailles,78,,,78646000BI0266,,,2,53.21,,,,,,,,,1,3,Dépendance,,0,,,,,,2.153456,48.790329
2023-1047954,2023-03-07,000001,Vente,370000,104,,RUE REMONT,2560,78000,78646,Versailles,78,,,78646000BI0269,,,,,,,,,,,,,0,,,,,S,sols,,,289,2.153618,48.790367
2023-1047985,2023-03-07,000001,Vente,1900000,29,,RUE DES CHANTIERS,0530,78000,78646,Versailles,78,,,78646000BS0144,,,,,,,,,,,,,0,3,Dépendance,,0,S,sols,,,671,2.138353,48.796244
2023-1047985,2023-03-07,000001,Vente,1900000,29,,RUE DES CHANTIERS,0530,78000,78646,Versailles,78,,,78646000BS0144,,,,,,,,,,,,,0,3,Dépendance,,0,S,sols,,,671,2.138353,48.796244
2023-1047985,2023-03-07,000001,Vente,1900000,29,,RUE DES CHANTIERS,0530,78000,78646,Versailles,78,,,78646000BS0144,,,,,,,,,,,,,0,3,Dépendance,,0,S,sols,,,671,2.138353,48.796244
2023-1047985,2023-03-07,000001,Vente,1900000,29,,RUE DES CHANTIERS,0530,78000,78646,Versailles,78,,,78646000BS0144,,,,,,,,,,,,,0,3,Dépendance,,0,S,sols,,,671,2.138353,48.796244
2023-1047985,2023-03-07,000001,Vente,1900000,29,,RUE DES CHANTIERS,0530,78000,78646,Versailles,78,,,78646000BS0144,,,,,,,,,,,,,0,3,Dépendance,,0,S,sols,,,671,2.138353,48.796244
2023-1047985,2023-03-07,000001,Vente,1900000,29,,RUE DES CHANTIERS,0530,78000,78646,Versailles,78,,,78646000BS0144,,,,,,,,,,,,,0,3,Dépendance,,0,S,sols,,,671,2.138353,48.796244
2023-1047985,2023-03-07,000001,Vente,1900000,29,,RUE DES CHANTIERS,0530,78000,78646,Versailles,78,,,78646000BS0144,,,,,,,,,,,,,0,2,Appartement,40,2,S,sols,,,671,2.138353,48.796244
2023-1047985,2023-03-07,000001,Vente,1900000,29,,RUE DES CHANTIERS,0530,78000,78646,Versailles,78,,,78646000BS0144,,,,,,,,,,,,,0,2,Appartement,37,2,S,sols,,,671,2.138353,48.796244
2023-1047985,2023-03-07,000001,Vente,1900000,29,,RUE DES CHANTIERS,0530,78000,78646,Versailles,78,,,78646000BS0144,,,,,,,,,,,,,0,3,Dépendance,,0,S,sols,,,671,2.138353,48.796244
2023-1047985,2023-03-07,000001,Vente,1900000,29,,RUE DES CHANTIERS,0530,78000,78646,Versailles,78,,,78646000BS0144,,,,,,,,,,,,,0,4,Local industriel. commercial ou assimilé,30,0,S,sols,,,671,2.138353,48.796244
2023-1047985,2023-03-07,000001,Vente,1900000,29,,RUE DES CHANTIERS,0530,78000,78646,Versailles,78,,,78646000BS0144,,,,,,,,,,,,,0,2,Appartement,34,1,S,sols,,,671,2.138353,48.796244
2023-1047985,2023-03-07,000001,Vente,1900000,29,,RUE DES CHANTIERS,0530,78000,78646,Versailles,78,,,78646000BS0144,,,,,,,,,,,,,0,2,Appartement,40,2,S,sols,,,671,2.138353,48.796244
2023-1047985,2023-03-07,000001,Vente,1900000,29,,RUE DES CHANTIERS,0530,78000,78646,Versailles,78,,,78646000BS0144,,,,,,,,,,,,,0,2,Appartement,34,2,S,sols,,,671,2.138353,48.796244
2023-1047985,2023-03-07,000001,Vente,1900000,29,,RUE DES CHANTIERS,0530,78000,78646,Versailles,78,,,78646000BS0144,,,,,,,,,,,,,0,4,Local industriel. commercial ou assimilé,61,0,S,sols,,,671,2.138353,48.796244
2023-1047985,2023-03-07,000001,Vente,1900000,29,,RUE DES CHANTIERS,0530,78000,78646,Versailles,78,,,78646000BS0144,,,,,,,,,,,,,0,2,Appartement,72,4,S,sols,,,671,2.138353,48.796244
2023-1047985,2023-03-07,000001,Vente,1900000,29,,RUE DES CHANTIERS,0530,78000,78646,Versailles,78,,,78646000BS0144,,,,,,,,,,,,,0,3,Dépendance,,0,S,sols,,,671,2.138353,48.796244
2023-1047988,2023-02-22,000001,Vente,262385,44,,RUE CARNOT,0440,78000,78646,Versailles,78,,,78646000AE0294,,,14,,,,,,,,,,1,2,Appartement,35,2,,,,,,2.130205,48.805295
2023-1048019,2023-02-17,000001,Vente,120000,4,,RUE DU PARC DE CLAGNY,2171,78000,78646,Versailles,78,,,78646000AR0096,,,6,15.86,8,,,,,,,,2,3,Dépendance,,0,,,,,,2.140276,48.808998
2023-1048019,2023-02-17,000001,Vente,120000,4,,RUE DU PARC DE CLAGNY,2171,78000,78646,Versailles,78,,,78646000AR0096,,,6,15.86,8,,,,,,,,2,2,Appartement,17,1,,,,,,2.140276,48.808998
2023-1048022,2023-03-01,000001,Vente,519231,98,,AV DE PARIS,2180,78000,78646,Versailles,78,,,78646000BK0001,,,536,,,,,,,,,,1,3,Dépendance,,0,,,,,,2.149414,48.797242
2023-1048022,2023-03-01,000001,Vente,519231,98,,AV DE PARIS,2180,78000,78646,Versailles,78,,,78646000BK0001,,,143,89.5,289,,,,,,,,2,2,Appartement,89,3,,,,,,2.149414,48.797242
2023-1048022,2023-03-01,000001,Vente,519231,98,,AV DE PARIS,2180,78000,78646,Versailles,78,,,78646000BK0001,,,483,,,,,,,,,,1,3,Dépendance,,0,,,,,,2.149414,48.797242
2023-1048022,2023-03-01,000001,Vente,519231,98,,AV DE PARIS,2180,78000,78646,Versailles,78,,,78646000BK0001,,,143,89.5,289,,,,,,,,2,3,Dépendance,,0,,,,,,2.149414,48.797242
2023-1048051,2023-02-23,000001,Vente,268700,17,,RUE DES PRES AUX BOIS,2430,78000,78646,Versailles,78,,,78646000BC0073,,,19,37.78,,,,,,,,,1,2,Appartement,45,2,,,,,,2.159249,48.800346
2023-1048053,2023-02-20,000001,Vente,493850,20,,RUE DU REFUGE,2510,78000,78646,Versailles,78,,,78646000BP0214,,,118,,,,,,,,,,1,3,Dépendance,,0,,,,,,2.144111,48.803556
2023-1048053,2023-02-20,000001,Vente,493850,20,,RUE DU REFUGE,2510,78000,78646,Versailles,78,,,78646000BP0214,,,27,65.24,65,,,,,,,,2,3,Dépendance,,0,,,,,,2.144111,48.803556
2023-1048053,2023-02-20,000001,Vente,493850,20,,RUE DU REFUGE,2510,78000,78646,Versailles,78,,,78646000BP0214,,,27,65.24,65,,,,,,,,2,2,Appartement,66,3,,,,,,2.144111,48.803556
2023-1048053,2023-02-20,000001,Vente,493850,20,,RUE DU REFUGE,2510,78000,78646,Versailles,78,,,78646000BP0214,,,167,,,,,,,,,,1,3,Dépendance,,0,,,,,,2.144111,48.803556
2023-1048064,2023-02-22,000001,Vente,390000,43,,RUE PIERRE CURIE,2300,78000,78646,Versailles,78,,,78646000BD0065,,,6,,,,,,,,,,1,2,Appartement,54,3,,,,,,2.157689,48.797027
2023-1048064,2023-02-22,000001,Vente,390000,43,,RUE PIERRE CURIE,2300,78000,78646,Versailles,78,,,78646000BD0065,,,6,,,,,,,,,,1,3,Dépendance,,0,,,,,,2.157689,48.797027
2023-1048068,2023-03-07,000001,Vente,574269.44,28,,RUE HENRI SIMON,1330,78000,78646,Versailles,78,,,78646000AW0006,,,910,,,,,,,,,,1,3,Dépendance,,0,,,,,,2.15013,48.808121
2023-1048068,2023-03-07,000001,Vente,574269.44,28,,RUE HENRI SIMON,1330,78000,78646,Versailles,78,,,78646000AW0006,,,909,,,,,,,,,,1,3,Dépendance,,0,,,,,,2.15013,48.808121
2023-1048068,2023-03-07,000001,Vente,574269.44,28,,RUE HENRI SIMON,1330,78000,78646,Versailles,78,,,78646000AW0006,,,413,78.33,457,,,,,,,,2,3,Dépendance,,0,,,,,,2.15013,48.808121
2023-1048068,2023-03-07,000001,Vente,574269.44,28,,RUE HENRI SIMON,1330,78000,78646,Versailles,78,,,78646000AW0006,,,413,78.33,457,,,,,,,,2,2,Appartement,84,3,,,,,,2.15013,48.808121
2023-1048076,2023-02-22,000001,Vente en l'état futur d'achèvement,20000,9,,RUE VAUBAN,3110,78000,78646,Versailles,78,,,78646000AY0310,,,1017,,,,,,,,,,1,3,Dépendance,,0,,,,,,2.15313,48.799852
2023-1048079,2023-02-16,000001,Vente,20000,4,,RUE ALBERT SAMAIN,0070,78000,78646,Versailles,78,,,78646000BW0181,,,6,,,,,,,,,,1,3,Dépendance,,0,,,,,,2.122783,48.794217
2023-1048105,2023-03-06,000001,Vente,520000,82,B,AV DE PARIS,2180,78000,78646,Versailles,78,,,78646000BN0166,,,503,,531,,,,,,,,2,3,Dépendance,,0,,,,,,2.145036,48.797427
2023-1048105,2023-03-06,000001,Vente,520000,82,B,AV DE PARIS,2180,78000,78646,Versailles,78,,,78646000BN0166,,,503,,531,,,,,,,,2,2,Appartement,78,4,,,,,,2.145036,48.797427
2023-1048105,2023-03-06,000001,Vente,520000,82,B,AV DE PARIS,2180,78000,78646,Versailles,78,,,78646000BN0166,,,464,,,,,,,,,,1,3,Dépendance,,0,,,,,,2.145036,48.797427
2023-1048105,2023-03-06,000001,Vente,520000,82,B,AV DE PARIS,2180,78000,78646,Versailles,78,,,78646000BN0166,,,503,,531,,,,,,,,2,3,Dépendance,,0,,,,,,2.145036,48.797427
2023-1048106,2023-03-07,000001,Vente,310000,1,,AV DE LA TRANQUILLITE,3055,78000,78646,Versailles,78,,,78646000AZ0110,,,502,,705,,,,,,,,2,2,Appartement,51,2,,,,,,2.158672,48.8041
2023-1048106,2023-03-07,000001,Vente,310000,1,,AV DE LA TRANQUILLITE,3055,78000,78646,Versailles,78,,,78646000AZ0110,,,502,,705,,,,,,,,2,3,Dépendance,,0,,,,,,2.158672,48.8041
2023-1048106,2023-03-07,000001,Vente,310000,5,,RUE DE L ECOLE DES POSTES,0850,78000,78646,Versailles,78,,,78646000AZ0110,,,3406,,,,,,,,,,1,3,Dépendance,,0,,,,,,2.158672,48.8041
2023-1048108,2023-03-06,000001,Vente,3800,6,,RUE EDOUARD CHARTON,0890,78000,78646,Versailles,78,,,78646000BT0067,,,13,,,,,,,,,,1,3,Dépendance,,0,,,,,,2.130673,48.796048
2023-1048108,2023-03-06,000001,Vente,3800,6,,RUE EDOUARD CHARTON,0890,78000,78646,Versailles,78,,,78646000BT0067,,,13,,,,,,,,,,1,2,Appartement,20,1,,,,,,2.130673,48.796048
2023-1048118,2023-03-09,000001,Vente,543000,32,,PROM MONA LISA,1965,78000,78646,Versailles,78,,,78646000AZ0110,,,2135,,2165,114.72,,,,,,,2,3,Dépendance,,0,,,,,,2.158672,48.8041
2023-1048118,2023-03-09,000001,Vente,543000,5,,RUE DE L ECOLE DES POSTES,0850,78000,78646,Versailles,78,,,78646000AZ0110,,,3862,,,,,,,,,,1,3,Dépendance,,0,,,,,,2.158672,48.8041
2023-1048118,2023-03-09,000001,Vente,543000,32,,PROM MONA LISA,1965,78000,78646,Versailles,78,,,78646000AZ0110,,,2135,,2165,114.72,,,,,,,2,2,Appartement,117,5,,,,,,2.158672,48.8041
2023-1048132,2023-03-10,000001,Vente,456000,9,,AV DE LA TRANQUILLITE,3055,78000,78646,Versailles,78,,,78646000AZ0110,,,3,,63,118.32,,,,,,,2,2,Appartement,119,5,,,,,,2.158672,48.8041
2023-1048132,2023-03-10,000001,Vente,456000,5,,RUE DE L ECOLE DES POSTES,0850,78000,78646,Versailles,78,,,78646000AZ0110,,,2772,,,,,,,,,,1,3,Dépendance,,0,,,,,,2.158672,48.8041
2023-1048132,2023-03-10,000001,Vente,456000,9,,AV DE LA TRANQUILLITE,3055,78000,78646,Versailles,78,,,78646000AZ0110,,,3,,63,118.32,,,,,,,2,3,Dépendance,,0,,,,,,2.158672,48.8041
2023-1048133,2023-03-10,000001,Vente,578000,2,,RUE JEAN HOUDON,1440,78000,78646,Versailles,78,,,78646000AI0022,,,11,,40,77,,,,,,,2,3,Dépendance,,0,,,,,,2.133653,48.802049
2023-1048133,2023-03-10,000001,Vente,578000,2,,RUE JEAN HOUDON,1440,78000,78646,Versailles,78,,,78646000AI0022,,,11,,40,77,,,,,,,2,2,Appartement,77,3,,,,,,2.133653,48.802049
2023-1048133,2023-03-10,000001,Vente,578000,2,,RUE JEAN HOUDON,1440,78000,78646,Versailles,78,,,78646000AI0022,,,100,,,,,,,,,,1,3,Dépendance,,0,,,,,,2.133653,48.802049
2023-1048145,2023-03-09,000001,Vente,945000,27,,RUE JEAN DE LA BRUYERE,1560,78000,78646,Versailles,78,,,78646000AO0001,,,283,,304,134.63,,,,,,,2,3,Dépendance,,0,,,,,,2.145961,48.812878
2023-1048145,2023-03-09,000001,Vente,945000,15,,RUE JEAN DE LA BRUYERE,1560,78000,78646,Versailles,78,,,78646000AO0001,,,449,,,,,,,,,,1,3,Dépendance,,0,,,,,,2.145961,48.812878
2023-1048145,2023-03-09,000001,Vente,945000,15,,RUE JEAN DE LA BRUYERE,1560,78000,78646,Versailles,78,,,78646000AO0001,,,487,,,,,,,,,,1,3,Dépendance,,0,,,,,,2.145961,48.812878
2023-1048145,2023-03-09,000001,Vente,945000,27,,RUE JEAN DE LA BRUYERE,1560,78000,78646,Versailles,78,,,78646000AO0001,,,283,,304,134.63,,,,,,,2,2,Appartement,134,7,,,,,,2.145961,48.812878
2023-1048151,2023-02-27,000001,Vente,295000,9,,RUE DE NANCY,2020,78000,78646,Versailles,78,,,78646000AY0151,,,12,45.91,18,,,,,,,,2,3,Dépendance,,0,,,,,,2.151045,48.79982
2023-1048151,2023-02-27,000001,Vente,295000,9,,RUE DE NANCY,2020,78000,78646,Versailles,78,,,78646000AY0151,,,12,45.91,18,,,,,,,,2,2,Appartement,45,3,,,,,,2.151045,48.79982
2023-1048158,2023-03-09,000001,Vente,869200,92,,RUE DE LA PAROISSE,2190,78000,78646,Versailles,78,,,78646000AI0141,,,11,,12,,22,,23,,24,,7,3,Dépendance,,0,,,,,,2.134009,48.805806
2023-1048158,2023-03-09,000001,Vente,869200,92,,RUE DE LA PAROISSE,2190,78000,78646,Versailles,78,,,78646000AI0141,,,11,,12,,22,,23,,24,,7,2,Appartement,105,5,,,,,,2.134009,48.805806
2023-1048158,2023-03-09,000001,Vente,869200,92,,RUE DE LA PAROISSE,2190,78000,78646,Versailles,78,,,78646000AI0141,,,11,,12,,22,,23,,24,,7,3,Dépendance,,0,,,,,,2.134009,48.805806
2023-1048169,2023-03-07,000001,Vente,326400,12,,RUE ANDRE CHENIER,0160,78000,78646,Versailles,78,,,78646000AI0195,,,10,,,,,,,,,,1,3,Dépendance,,0,,,,,,2.133153,48.806599
2023-1048169,2023-03-07,000001,Vente,326400,12,,RUE ANDRE CHENIER,0160,78000,78646,Versailles,78,,,78646000AI0195,,,10,,,,,,,,,,1,2,Appartement,55,3,,,,,,2.133153,48.806599
2023-1048185,2023-03-08,000001,Vente,420500,1,,RUE VICTOR BART,3160,78000,78646,Versailles,78,,,78646000AS0002,,,3,68.54,,,,,,,,,1,3,Dépendance,,0,,,,,,2.143697,48.810949
2023-1048185,2023-03-08,000001,Vente,420500,1,,RUE VICTOR BART,3160,78000,78646,Versailles,78,,,78646000AS0002,,,3,68.54,,,,,,,,,1,2,Appartement,69,3,,,,,,2.143697,48.810949
2023-1048195,2023-03-06,000001,Vente,670000,64,,RUE ALBERT JOLY,0050,78000,78646,Versailles,78,,,78646000AR0128,,,52,,57,,62,106.42,63,,,,4,3,Dépendance,,0,,,,,,2.144474,48.809334
2023-1048195,2023-03-06,000001,Vente,670000,62,,RUE ALBERT JOLY,0050,78000,78646,Versailles,78,,,78646000AR0128,,,89,,,,,,,,,,1,3,Dépendance,,0,,,,,,2.144474,48.809334
2023-1048195,2023-03-06,000001,Vente,670000,64,,RUE ALBERT JOLY,0050,78000,78646,Versailles,78,,,78646000AR0128,,,52,,57,,62,106.42,63,,,,4,2,Appartement,103,5,,,,,,2.144474,48.809334
2023-1048195,2023-03-06,000001,Vente,670000,64,,RUE ALBERT JOLY,0050,78000,78646,Versailles,78,,,78646000AR0128,,,52,,57,,62,106.42,63,,,,4,3,Dépendance,,0,,,,,,2.144474,48.809334
2023-1048200,2023-02-24,000001,Vente,590000,4,,AV DE LA TRANQUILLITE,3055,78000,78646,Versailles,78,,,78646000AZ0110,,,172,,250,,,,,,,,2,3,Dépendance,,0,,,,,,2.158672,48.8041
2023-1048200,2023-02-24,000001,Vente,590000,5,,RUE DE L ECOLE DES POSTES,0850,78000,78646,Versailles,78,,,78646000AZ0110,,,2745,,,,,,,,,,1,3,Dépendance,,0,,,,,,2.158672,48.8041
2023-1048200,2023-02-24,000001,Vente,590000,4,,AV DE LA TRANQUILLITE,3055,78000,78646,Versailles,78,,,78646000AZ0110,,,172,,250,,,,,,,,2,2,Appartement,131,6,,,,,,2.158672,48.8041
2023-1048227,2023-02-22,000001,Vente,694600,4,B,RUE DE BEAUVAU,0320,78000,78646,Versailles,78,,,78646000AD0271,,,4,86.25,8,,,,,,,,2,2,Appartement,83,4,,,,,,2.131159,48.811836
2023-1048227,2023-02-22,000001,Vente,694600,4,B,RUE DE BEAUVAU,0320,78000,78646,Versailles,78,,,78646000AD0271,,,4,86.25,8,,,,,,,,2,3,Dépendance,,0,,,,,,2.131159,48.811836
2023-1048233,2023-03-13,000001,Vente,348000,10,,RUE DE NOAILLES,2050,78000,78646,Versailles,78,,,78646000BR0066,,,37,,38,,39,,40,,41,,7,2,Appartement,34,3,,,,,,2.135134,48.799375
2023-1048258,2023-03-10,000001,Vente,209680,44,,RUE SAINT CHARLES,2710,78000,78646,Versailles,78,,,78646000AY0019,,,46,58.74,93,,,,,,,,2,2,Appartement,57,3,,,,,,2.147972,48.803805
2023-1048258,2023-03-10,000001,Vente,209680,44,,RUE SAINT CHARLES,2710,78000,78646,Versailles,78,,,78646000AY0019,,,46,58.74,93,,,,,,,,2,3,Dépendance,,0,,,,,,2.147972,48.803805
2023-1048258,2023-03-10,000001,Vente,209680,44,,RUE SAINT CHARLES,2710,78000,78646,Versailles,78,,,78646000AY0019,,,105,,,,,,,,,,1,3,Dépendance,,0,,,,,,2.147972,48.803805
2023-1048270,2023-02-23,000001,Vente,945000,45,,RUE YVES LE COZ,3210,78000,78646,Versailles,78,,,78646000BE0186,,,18,,,,,,,,,,1,3,Dépendance,,0,,,,,,2.159411,48.796756
2023-1048270,2023-02-23,000001,Vente,945000,45,,RUE YVES LE COZ,3210,78000,78646,Versailles,78,,,78646000BE0186,,,14,,,,,,,,,,1,3,Dépendance,,0,,,,,,2.159411,48.796756
2023-1048270,2023-02-23,000001,Vente,945000,45,,RUE YVES LE COZ,3210,78000,78646,Versailles,78,,,78646000BE0186,,,18,,,,,,,,,,1,2,Appartement,90,4,,,,,,2.159411,48.796756
2023-1048270,2023-02-23,000001,Vente,945000,45,,RUE YVES LE COZ,3210,78000,78646,Versailles,78,,,78646000BE0186,,,21,,,,,,,,,,1,3,Dépendance,,0,,,,,,2.159411,48.796756
2023-1048270,2023-02-23,000001,Vente,945000,45,,RUE YVES LE COZ,3210,78000,78646,Versailles,78,,,78646000BE0186,,,22,,,,,,,,,,1,3,Dépendance,,0,,,,,,2.159411,48.796756
2023-1048270,2023-02-23,000001,Vente,945000,45,,RUE YVES LE COZ,3210,78000,78646,Versailles,78,,,78646000BE0186,,,11,,,,,,,,,,1,3,Dépendance,,0,,,,,,2.159411,48.796756
2023-1048294,2023-02-28,000001,Vente,250000,6,,RUE MONTBAURON,1970,78000,78646,Versailles,78,,,78646000BP0027,,,93,,,,,,,,,,1,2,Appartement,42,2,,,,,,2.135298,48.802989
2023-1048325,2023-02-28,000001,Vente,306000,8,,RUE ROYALE,2648,78000,78646,Versailles,78,,,78646000BV0089,,,16,48.62,,,,,,,,,1,2,Appartement,49,3,,,,,,2.126847,48.798339
2023-1048337,2023-02-28,000001,Vente,97097,6,,RUE MAUREPAS,1870,78000,78646,Versailles,78,,,78646000AC0229,,,41,,,,,,,,,,1,3,Dépendance,,0,,,,,,2.124432,48.809273
2023-1048346,2023-03-15,000001,Vente,551500,13,,ALL DES GARDES ROYALES,1136,78000,78646,Versailles,78,,,78646000AY0212,,,310,72.02,335,,,,,,,,2,2,Appartement,70,3,,,,,,2.151214,48.802177
2023-1048346,2023-03-15,000001,Vente,551500,2,,ALL DES GARDES ROYALES,1136,78000,78646,Versailles,78,,,78646000AY0212,,,1175,,,,,,,,,,1,3,Dépendance,,0,,,,,,2.151214,48.802177
2023-1048346,2023-03-15,000001,Vente,551500,13,,ALL DES GARDES ROYALES,1136,78000,78646,Versailles,78,,,78646000AY0212,,,310,72.02,335,,,,,,,,2,3,Dépendance,,0,,,,,,2.151214,48.802177
2023-1048346,2023-03-15,000001,Vente,551500,13,,ALL DES GARDES ROYALES,1136,78000,78646,Versailles,78,,,78646000AY0212,,,310,72.02,335,,,,,,,,2,3,Dépendance,,0,,,,,,2.151214,48.802177
2023-1048356,2023-03-03,000001,Vente,867620,10,,IMP NUNGESSER ET COLI,2090,78000,78646,Versailles,78,,,78646000BN0071,,,,,,,,,,,,,0,1,Maison,164,6,S,sols,,,203,2.140128,48.797172
2023-1048366,2023-02-27,000001,Vente,851800,20,,RUE DE PROVENCE,2460,78000,78646,Versailles,78,,,78646000AX0442,,,170,,199,,,,,,,,2,2,Appartement,106,5,,,,,,2.140987,48.807165
2023-1048366,2023-02-27,000001,Vente,851800,20,,RUE DE PROVENCE,2460,78000,78646,Versailles,78,,,78646000AX0442,,,170,,199,,,,,,,,2,3,Dépendance,,0,,,,,,2.140987,48.807165
2023-1048366,2023-02-27,000001,Vente,851800,20,,RUE DE PROVENCE,2460,78000,78646,Versailles,78,,,78646000AX0442,,,4,,,,,,,,,,1,3,Dépendance,,0,,,,,,2.140987,48.807165
2023-1048367,2023-03-14,000001,Vente,65000,3,,RUE JEAN DE LA BRUYERE,1560,78000,78646,Versailles,78,,,78646000AO0005,,,63,12,,,,,,,,,1,3,Dépendance,,0,,,,,,2.145809,48.814826
2023-1048399,2023-02-20,000001,Vente,787000,5,,RUE DE L ECOLE DES POSTES,0850,78000,78646,Versailles,78,,,78646000AZ0110,,,943,,,,,,,,,,1,3,Dépendance,,0,,,,,,2.158672,48.8041
2023-1048399,2023-02-20,000001,Vente,787000,11,,BD JEUX OLYMPIQUES,1495,78000,78646,Versailles,78,,,78646000AZ0110,,,914,,975,135.53,,,,,,,2,3,Dépendance,,0,,,,,,2.158672,48.8041
2023-1048399,2023-02-20,000001,Vente,787000,11,,BD JEUX OLYMPIQUES,1495,78000,78646,Versailles,78,,,78646000AZ0110,,,914,,975,135.53,,,,,,,2,2,Appartement,81,3,,,,,,2.158672,48.8041
2023-1048399,2023-02-20,000001,Vente,787000,11,,BD JEUX OLYMPIQUES,1495,78000,78646,Versailles,78,,,78646000AZ0110,,,914,,975,135.53,,,,,,,2,3,Dépendance,,0,,,,,,2.158672,48.8041
2023-1048399,2023-02-20,000001,Vente,787000,5,,RUE DE L ECOLE DES POSTES,0850,78000,78646,Versailles,78,,,78646000AZ0110,,,3358,,,,,,,,,,1,3,Dépendance,,0,,,,,,2.158672,48.8041
2023-1048414,2023-02-22,000001,Vente,270000,15,,RUE ST SYMPHORIEN,2913,78000,78646,Versailles,78,,,78646000AZ0183,,,46,,,,,,,,,,1,3,Dépendance,,0,,,,,,2.157986,48.805991
2023-1048414,2023-02-22,000001,Vente,270000,15,,RUE ST SYMPHORIEN,2913,78000,78646,Versailles,78,,,78646000AZ0183,,,11,,31,,,,,,,,2,2,Appartement,45,2,,,,,,2.157986,48.805991
2023-1048414,2023-02-22,000001,Vente,270000,15,,RUE ST SYMPHORIEN,2913,78000,78646,Versailles,78,,,78646000AZ0183,,,11,,31,,,,,,,,2,3,Dépendance,,0,,,,,,2.157986,48.805991
2023-1048416,2023-03-08,000001,Vente,844800,15,B,BD ST ANTOINE,2690,78000,78646,Versailles,78,,,78646000AC0055,,,41,,,,,,,,,,1,3,Dépendance,,0,,,,,,2.126221,48.815848
2023-1048416,2023-03-08,000001,Vente,844800,15,B,BD ST ANTOINE,2690,78000,78646,Versailles,78,,,78646000AC0055,,,19,,,,,,,,,,1,2,Appartement,105,4,,,,,,2.126221,48.815848
2023-1048416,2023-03-08,000001,Vente,844800,15,B,BD ST ANTOINE,2690,78000,78646,Versailles,78,,,78646000AC0055,,,65,,,,,,,,,,1,3,Dépendance,,0,,,,,,2.126221,48.815848
2023-1048448,2023-03-17,000001,Vente,343770,2,,RUE ALEXIS DE TOCQUEVILLE,0128,78000,78646,Versailles,78,,,78646000BS0226,,,4142,45.84,,,,,,,,,1,2,Appartement,45,2,,,,,,2.132076,48.794722
2023-1048454,2023-03-16,000001,Vente,170000,44,,RUE MARIE HENRIETTE,1850,78000,78646,Versailles,78,,,78646000AV0354,,,11,24.11,,,,,,,,,1,2,Appartement,24,1,,,,,,2.153222,48.811451
2023-1048454,2023-03-16,000001,Vente,170000,44,,RUE MARIE HENRIETTE,1850,78000,78646,Versailles,78,,,78646000AV0354,,,23,,,,,,,,,,1,3,Dépendance,,0,,,,,,2.153222,48.811451
2023-1048455,2023-03-15,000001,Vente,481500,5,,RUE VAUBAN,3110,78000,78646,Versailles,78,,,78646000AY0180,,,19,80.74,21,,3,,,,,,3,3,Dépendance,,0,,,,,,2.153386,48.799016
2023-1048455,2023-03-15,000001,Vente,481500,5,,RUE VAUBAN,3110,78000,78646,Versailles,78,,,78646000AY0180,,,19,80.74,21,,3,,,,,,3,3,Dépendance,,0,,,,,,2.153386,48.799016
2023-1048455,2023-03-15,000001,Vente,481500,5,,RUE VAUBAN,3110,78000,78646,Versailles,78,,,78646000AY0180,,,19,80.74,21,,3,,,,,,3,2,Appartement,81,4,,,,,,2.153386,48.799016
2023-1048460,2023-03-15,000001,Vente,5000,114,,AV DE PARIS,2180,78000,78646,Versailles,78,,,78646000BK0021,,,103,,,,,,,,,,1,3,Dépendance,,0,,,,,,2.152071,48.797176
2023-1048460,2023-03-15,000001,Vente,5000,114,,AV DE PARIS,2180,78000,78646,Versailles,78,,,78646000BK0021,,,103,,,,,,,,,,1,2,Appartement,96,3,,,,,,2.152071,48.797176
2023-1048462,2023-03-02,000001,Vente,567500,5,,RUE DE L ECOLE DES POSTES,0850,78000,78646,Versailles,78,,,78646000AZ0110,,,1333,,,,,,,,,,1,3,Dépendance,,0,,,,,,2.158672,48.8041
2023-1048462,2023-03-02,000001,Vente,567500,15,,PL ROYALE,2650,78000,78646,Versailles,78,,,78646000AZ0110,,,1292,,1357,116.69,,,,,,,2,3,Dépendance,,0,,,,,,2.158672,48.8041
2023-1048462,2023-03-02,000001,Vente,567500,15,,PL ROYALE,2650,78000,78646,Versailles,78,,,78646000AZ0110,,,1292,,1357,116.69,,,,,,,2,3,Dépendance,,0,,,,,,2.158672,48.8041
2023-1048462,2023-03-02,000001,Vente,567500,15,,PL ROYALE,2650,78000,78646,Versailles,78,,,78646000AZ0110,,,1292,,1357,116.69,,,,,,,2,2,Appartement,118,5,,,,,,2.158672,48.8041
2023-1048469,2023-03-06,000001,Vente,419852,23,,RUE DU PONT COLBERT,2370,78000,78646,Versailles,78,,,78646000BI0301,,,107,81.33,126,,145,,,,,,3,2,Appartement,80,4,,,,,,2.151121,48.788068
2023-1048469,2023-03-06,000001,Vente,419852,23,,RUE DU PONT COLBERT,2370,78000,78646,Versailles,78,,,78646000BI0301,,,107,81.33,126,,145,,,,,,3,3,Dépendance,,0,,,,,,2.151121,48.788068
2023-1048469,2023-03-06,000001,Vente,419852,23,,RUE DU PONT COLBERT,2370,78000,78646,Versailles,78,,,78646000BI0301,,,107,81.33,126,,145,,,,,,3,3,Dépendance,,0,,,,,,2.151121,48.788068
2023-1048469,2023-03-06,000001,Vente,419852,23,,RUE DU PONT COLBERT,2370,78000,78646,Versailles,78,,,78646000BI0301,,,183,,,,,,,,,,1,3,Dépendance,,0,,,,,,2.151121,48.788068
2023-1048471,2023-03-17,000001,Vente,165000,17,T,RUE DU PONT COLBERT,2370,78000,78646,Versailles,78,,,78646000BI0022,,,398,36.62,,,,,,,,,1,3,Dépendance,,0,,,,,,2.149624,48.789909
2023-1048471,2023-03-17,000001,Vente,165000,17,T,RUE DU PONT COLBERT,2370,78000,78646,Versailles,78,,,78646000BI0022,,,398,36.62,,,,,,,,,1,2,Appartement,36,2,,,,,,2.149624,48.789909
2023-1048472,2023-03-07,000001,Vente,216800,19,,RUE DE LA POURVOIERIE,2420,78000,78646,Versailles,78,,,78646000AI0206,,,10,24.43,,,,,,,,,1,2,Appartement,24,1,,,,,,2.132994,48.807129
2023-1048473,2023-03-07,000001,Vente,831300,73,,BD DE LA REINE,2520,78000,78646,Versailles,78,,,78646000AD0085,,,13,,,,,,,,,,1,3,Dépendance,,0,,,,,,2.131922,48.809438
2023-1048473,2023-03-07,000001,Vente,831300,73,,BD DE LA REINE,2520,78000,78646,Versailles,78,,,78646000AD0085,,,12,102.89,15,,,,,,,,2,2,Appartement,82,3,,,,,,2.131922,48.809438
2023-1048473,2023-03-07,000001,Vente,831300,73,,BD DE LA REINE,2520,78000,78646,Versailles,78,,,78646000AD0085,,,14,,,,,,,,,,1,3,Dépendance,,0,,,,,,2.131922,48.809438
2023-1048473,2023-03-07,000001,Vente,831300,73,,BD DE LA REINE,2520,78000,78646,Versailles,78,,,78646000AD0085,,,12,102.89,15,,,,,,,,2,3,Dépendance,,0,,,,,,2.131922,48.809438
2023-1048477,2023-03-09,000001,Vente,919365,20,,RUE SAINT HONORE,2780,78000,78646,Versailles,78,,,78646000BW0084,,,10,,23,,3,116.78,,,,,3,2,Appartement,114,5,,,,,,2.122627,48.795052
2023-1048478,2023-03-10,000001,Vente,408000,82,B,AV DE PARIS,2180,78000,78646,Versailles,78,,,78646000BN0166,,,1181,,,,,,,,,,1,3,Dépendance,,0,,,,,,2.145036,48.797427
2023-1048478,2023-03-10,000001,Vente,408000,86,,AV DE PARIS,2180,78000,78646,Versailles,78,,,78646000BN0166,,,160,67.92,195,,,,,,,,2,3,Dépendance,,0,,,,,,2.145036,48.797427
2023-1048478,2023-03-10,000001,Vente,408000,86,,AV DE PARIS,2180,78000,78646,Versailles,78,,,78646000BN0166,,,160,67.92,195,,,,,,,,2,2,Appartement,65,3,,,,,,2.145036,48.797427
2023-1048479,2023-02-24,000001,Vente,592233,32,,RUE LAFAYETTE,1580,78000,78646,Versailles,78,,,78646000AD0203,,,1,91.19,9,,,,,,,,2,2,Appartement,88,3,,,,,,2.128837,48.811804
2023-1048479,2023-02-24,000001,Vente,592233,32,,RUE LAFAYETTE,1580,78000,78646,Versailles,78,,,78646000AD0203,,,1,91.19,9,,,,,,,,2,3,Dépendance,,0,,,,,,2.128837,48.811804
2023-1048483,2023-03-07,000001,Vente,1025000,21,T,RUE BERTHELOT,0360,78000,78646,Versailles,78,,,78646000BE0377,,,,,,,,,,,,,0,1,Maison,50,2,S,sols,,,381,2.159819,48.794412
2023-1048485,2023-03-08,000001,Vente,253136,36,B,RUE MARIE HENRIETTE,1850,78000,78646,Versailles,78,,,78646000AV0103,,,10,,15,45.22,,,,,,,2,2,Appartement,50,2,,,,,,2.154105,48.811288
2023-1048485,2023-03-08,000001,Vente,253136,36,B,RUE MARIE HENRIETTE,1850,78000,78646,Versailles,78,,,78646000AV0103,,,2,,,,,,,,,,1,3,Dépendance,,0,,,,,,2.154105,48.811288
2023-1048485,2023-03-08,000001,Vente,253136,36,B,RUE MARIE HENRIETTE,1850,78000,78646,Versailles,78,,,78646000AV0103,,,10,,15,45.22,,,,,,,2,3,Dépendance,,0,,,,,,2.154105,48.811288
2023-1048496,2023-02-22,000001,Vente,178500,18,,RUE PHILIPPE DE DANGEAU,2255,78000,78646,Versailles,78,,,78646000AI0031,,,35,,,,,,,,,,1,2,Appartement,21,1,,,,,,2.134102,48.803212
2023-1048511,2023-03-08,000001,Vente,390000,115,,AV DE PARIS,2180,78000,78646,Versailles,78,,,78646000BC0062,,,103,66.48,56,,,,,,,,2,2,Appartement,67,3,,,,,,2.157995,48.800801
2023-1048511,2023-03-08,000001,Vente,390000,115,,AV DE PARIS,2180,78000,78646,Versailles,78,,,78646000BC0062,,,103,66.48,56,,,,,,,,2,3,Dépendance,,0,,,,,,2.157995,48.800801
2023-1048511,2023-03-08,000001,Vente,390000,115,,AV DE PARIS,2180,78000,78646,Versailles,78,,,78646000BC0062,,,296,,,,,,,,,,1,3,Dépendance,,0,,,,,,2.157995,48.800801
2023-1048542,2023-03-16,000001,Vente,437520,18,,RUE ST SYMPHORIEN,2913,78000,78646,Versailles,78,,,78646000AZ0162,,,23,,9,62.04,,,,,,,2,3,Dépendance,,0,,,,,,2.159129,48.805972
2023-1048542,2023-03-16,000001,Vente,437520,18,,RUE ST SYMPHORIEN,2913,78000,78646,Versailles,78,,,78646000AZ0162,,,23,,9,62.04,,,,,,,2,2,Appartement,63,3,,,,,,2.159129,48.805972
2023-1048566,2023-03-16,000001,Vente en l'état futur d'achèvement,400000,,,LA SABLIERE,B029,78000,78646,Versailles,78,,,78646000BY0108,,,409,,,,,,,,,,1,,,,,,,,,,2.079319,48.802074
2023-1048566,2023-03-16,000001,Vente en l'état futur d'achèvement,400000,,,LA SABLIERE,B029,78000,78646,Versailles,78,,,78646000BY0108,,,111,,,,,,,,,,1,,,,,,,,,,2.079319,48.802074
2023-1048573,2023-03-13,000001,Vente en l'état futur d'achèvement,20000,9,,RUE VAUBAN,3110,78000,78646,Versailles,78,,,78646000AY0310,,,966,,,,,,,,,,1,3,Dépendance,,0,,,,,,2.15313,48.799852
2023-1048577,2023-03-01,000001,Vente en l'état futur d'achèvement,18000,9,,RUE VAUBAN,3110,78000,78646,Versailles,78,,,78646000AY0310,,,1000,,,,,,,,,,1,3,Dépendance,,0,,,,,,2.15313,48.799852
2023-1048579,2023-03-13,000001,Vente en l'état futur d'achèvement,18000,9,,RUE VAUBAN,3110,78000,78646,Versailles,78,,,78646000AY0310,,,975,,,,,,,,,,1,3,Dépendance,,0,,,,,,2.15313,48.799852
2023-1048616,2023-03-17,000001,Vente en l'état futur d'achèvement,657000,,,LA SABLIERE,B029,78000,78646,Versailles,78,,,78646000BY0110,,,233,,,,,,,,,,1,,,,,,,,,,2.078228,48.802624
2023-1048616,2023-03-17,000001,Vente en l'état futur d'achèvement,657000,,,LA SABLIERE,B029,78000,78646,Versailles,78,,,78646000BY0110,,,244,,,,,,,,,,1,,,,,,,,,,2.078228,48.802624
2023-1048616,2023-03-17,000001,Vente en l'état futur d'achèvement,657000,,,LA SABLIERE,B029,78000,78646,Versailles,78,,,78646000BY0114,,,209,,,,,,,,,,1,,,,,,,,,,2.078245,48.802897
2023-1048628,2023-02-28,000001,Vente,507800,21,,RUE DU MARECHAL GALLIENI,1812,78000,78646,Versailles,78,,,78646000AC0005,,,2008,,2079,,,,,,,,2,2,Appartement,51,2,,,,,,2.123201,48.811375
2023-1048628,2023-02-28,000001,Vente,507800,21,B,RUE DU MARECHAL GALLIENI,1812,78000,78646,Versailles,78,,,78646000AC0005,,,2101,,,,,,,,,,1,3,Dépendance,,0,,,,,,2.123201,48.811375
2023-1048628,2023-02-28,000001,Vente,507800,21,,RUE DU MARECHAL GALLIENI,1812,78000,78646,Versailles,78,,,78646000AC0005,,,2008,,2079,,,,,,,,2,3,Dépendance,,0,,,,,,2.123201,48.811375
2023-1048660,2023-03-20,000001,Vente,145000,9,B,RUE MONTBAURON,1970,78000,78646,Versailles,78,,,78646000AI0069,,,10,17.91,,,,,,,,,1,2,Appartement,18,1,,,,,,2.134836,48.8036
2023-1048661,2023-03-14,000001,Vente,500000,58,,RUE DES CHANTIERS,0530,78000,78646,Versailles,78,,,78646000BL0327,,,376,,,,,,,,,,1,3,Dépendance,,0,,,,,,2.142467,48.792993
2023-1048661,2023-03-14,000001,Vente,500000,58,,RUE DES CHANTIERS,0530,78000,78646,Versailles,78,,,78646000BL0327,,,148,,307,,,,,,,,2,2,Appartement,87,3,,,,,,2.142467,48.792993
2023-1048661,2023-03-14,000001,Vente,500000,58,,RUE DES CHANTIERS,0530,78000,78646,Versailles,78,,,78646000BL0327,,,148,,307,,,,,,,,2,3,Dépendance,,0,,,,,,2.142467,48.792993
2023-1048715,2023-03-14,000001,Vente,447600,5,,RUE MONTBAURON,1970,78000,78646,Versailles,78,,,78646000AI0026,,,10,56.4,23,,,,,,,,2,3,Dépendance,,0,,,,,,2.134475,48.803004
2023-1048715,2023-03-14,000001,Vente,447600,5,,RUE MONTBAURON,1970,78000,78646,Versailles,78,,,78646000AI0026,,,10,56.4,23,,,,,,,,2,3,Dépendance,,0,,,,,,2.134475,48.803004
2023-1048715,2023-03-14,000001,Vente,447600,5,,RUE MONTBAURON,1970,78000,78646,Versailles,78,,,78646000AI0026,,,10,56.4,23,,,,,,,,2,2,Appartement,55,3,,,,,,2.134475,48.803004
2023-1048738,2023-03-22,000001,Vente,285700,5,,RUE DE L ECOLE DES POSTES,0850,78000,78646,Versailles,78,,,78646000AZ0110,,,959,66.31,,,,,,,,,1,4,Local industriel. commercial ou assimilé,140,0,,,,,,2.158672,48.8041
2023-1048738,2023-03-22,000001,Vente,285700,5,,RUE DE L ECOLE DES POSTES,0850,78000,78646,Versailles,78,,,78646000AZ0110,,,3987,,,,,,,,,,1,4,Local industriel. commercial ou assimilé,815,0,,,,,,2.158672,48.8041
2023-1048778,2023-03-07,000001,Vente,750000,3,,RUE PORTE DE BUC,2390,78000,78646,Versailles,78,,,78646000BM0040,,,43,,,,,,,,,,1,4,Local industriel. commercial ou assimilé,10,0,,,,,,2.138816,48.795174
2023-1048778,2023-03-07,000001,Vente,750000,3,,RUE PORTE DE BUC,2390,78000,78646,Versailles,78,,,78646000BM0040,,,42,,,,,,,,,,1,4,Local industriel. commercial ou assimilé,10,0,,,,,,2.138816,48.795174
2023-1048778,2023-03-07,000001,Vente,750000,3,,RUE PORTE DE BUC,2390,78000,78646,Versailles,78,,,78646000BM0040,,,41,,,,,,,,,,1,4,Local industriel. commercial ou assimilé,10,0,,,,,,2.138816,48.795174
2023-1048778,2023-03-07,000001,Vente,750000,3,,RUE PORTE DE BUC,2390,78000,78646,Versailles,78,,,78646000BM0040,,,40,,,,,,,,,,1,4,Local industriel. commercial ou assimilé,10,0,,,,,,2.138816,48.795174
2023-1048778,2023-03-07,000001,Vente,750000,3,,RUE PORTE DE BUC,2390,78000,78646,Versailles,78,,,78646000BM0040,,,44,,,,,,,,,,1,4,Local industriel. commercial ou assimilé,10,0,,,,,,2.138816,48.795174
2023-1048778,2023-03-07,000001,Vente,750000,3,,RUE PORTE DE BUC,2390,78000,78646,Versailles,78,,,78646000BM0040,,,39,,,,,,,,,,1,4,Local industriel. commercial ou assimilé,10,0,,,,,,2.138816,48.795174
2023-1048778,2023-03-07,000001,Vente,750000,3,,RUE PORTE DE BUC,2390,78000,78646,Versailles,78,,,78646000BM0040,,,38,,,,,,,,,,1,4,Local industriel. commercial ou assimilé,10,0,,,,,,2.138816,48.795174
2023-1048778,2023-03-07,000001,Vente,750000,3,,RUE PORTE DE BUC,2390,78000,78646,Versailles,78,,,78646000BM0040,,,37,,,,,,,,,,1,4,Local industriel. commercial ou assimilé,10,0,,,,,,2.138816,48.795174
2023-1048778,2023-03-07,000001,Vente,750000,3,,RUE PORTE DE BUC,2390,78000,78646,Versailles,78,,,78646000BM0040,,,13,,,,,,,,,,1,4,Local industriel. commercial ou assimilé,23,0,,,,,,2.138816,48.795174
2023-1048778,2023-03-07,000001,Vente,750000,3,,RUE PORTE DE BUC,2390,78000,78646,Versailles,78,,,78646000BM0040,,,12,,,,,,,,,,1,4,Local industriel. commercial ou assimilé,23,0,,,,,,2.138816,48.795174
2023-1048778,2023-03-07,000001,Vente,750000,3,,RUE PORTE DE BUC,2390,78000,78646,Versailles,78,,,78646000BM0040,,,47,,,,,,,,,,1,4,Local industriel. commercial ou assimilé,114,0,,,,,,2.138816,48.795174
2023-1048778,2023-03-07,000001,Vente,750000,3,,RUE PORTE DE BUC,2390,78000,78646,Versailles,78,,,78646000BM0040,,,46,,,,,,,,,,1,4,Local industriel. commercial ou assimilé,10,0,,,,,,2.138816,48.795174
2023-1048778,2023-03-07,000001,Vente,750000,3,,RUE PORTE DE BUC,2390,78000,78646,Versailles,78,,,78646000BM0040,,,45,,,,,,,,,,1,4,Local industriel. commercial ou assimilé,10,0,,,,,,2.138816,48.795174
2023-1048798,2023-03-10,000001,Vente,191000,11,,RUE SAINT CHARLES,2710,78000,78646,Versailles,78,,,78646000AX0391,,,17,,2,,,,,,,,2,2,Appartement,32,2,,,,,,2.149015,48.801904
2023-1048798,2023-03-10,000001,Vente,191000,11,,RUE SAINT CHARLES,2710,78000,78646,Versailles,78,,,78646000AX0391,,,17,,2,,,,,,,,2,3,Dépendance,,0,,,,,,2.149015,48.801904
2023-1048798,2023-03-10,000001,Vente,191000,11,,RUE SAINT CHARLES,2710,78000,78646,Versailles,78,,,78646000AX0391,,,17,,2,,,,,,,,2,3,Dépendance,,0,,,,,,2.149015,48.801904
2023-1048817,2023-03-20,000001,Vente,690000,12,,AV DE PORCHEFONTAINE,2380,78000,78646,Versailles,78,,,78646000BK0021,,,659,,683,,,,,,,,2,2,Appartement,109,4,,,,,,2.152071,48.797176
2023-1048817,2023-03-20,000001,Vente,690000,12,,AV DE PORCHEFONTAINE,2380,78000,78646,Versailles,78,,,78646000BK0021,,,659,,683,,,,,,,,2,3,Dépendance,,0,,,,,,2.152071,48.797176
2023-1048824,2023-03-15,000001,Vente,280000,17,,RUE DES MISSIONNAIRES,1920,78000,78646,Versailles,78,,,78646000AD0396,,,140,,,,,,,,,,1,3,Dépendance,,0,,,,,,2.131727,48.81298
2023-1048824,2023-03-15,000001,Vente,280000,17,,RUE DES MISSIONNAIRES,1920,78000,78646,Versailles,78,,,78646000AD0396,,,59,,,,,,,,,,1,2,Appartement,31,1,,,,,,2.131727,48.81298
2023-1048824,2023-03-15,000001,Vente,280000,17,,RUE DES MISSIONNAIRES,1920,78000,78646,Versailles,78,,,78646000AD0396,,,21,,,,,,,,,,1,3,Dépendance,,0,,,,,,2.131727,48.81298
2023-1048824,2023-03-15,000001,Vente,280000,17,,RUE DES MISSIONNAIRES,1920,78000,78646,Versailles,78,,,78646000AD0396,,,59,,,,,,,,,,1,3,Dépendance,,0,,,,,,2.131727,48.81298
2023-1048839,2023-03-22,000001,Vente,1729000,7,,RUE DE L ESPERANCE,0950,78000,78646,Versailles,78,,,78646000AM0207,,,,,,,,,,,,,0,1,Maison,150,5,S,sols,,,382,2.143698,48.822622
2023-1048852,2023-02-27,000001,Vente en l'état futur d'achèvement,1080000,,,LA SABLIERE,B029,78000,78646,Versailles,78,,,78646000BY0110,,,172,,,,,,,,,,1,,,,,,,,,,2.078228,48.802624
2023-1048852,2023-02-27,000001,Vente en l'état futur d'achèvement,1080000,,,LA SABLIERE,B029,78000,78646,Versailles,78,,,78646000BY0110,,,171,,,,,,,,,,1,,,,,,,,,,2.078228,48.802624
2023-1048852,2023-02-27,000001,Vente en l'état futur d'achèvement,1080000,,,LA SABLIERE,B029,78000,78646,Versailles,78,,,78646000BY0133,,,,,,,,,,,,,0,,,,,S,sols,,,264,2.079664,48.80307
2023-1048889,2023-03-23,000001,Vente,300000,4,,ALL CLAUDE ERIGNAC,0613,78000,78646,Versailles,78,,,78646000AI0316,,,51,30.45,,,,,,,,,1,2,Appartement,29,2,,,,,,2.134167,48.807966
2023-1048894,2023-03-23,000001,Vente,235000,5,B,AV DES ETATS UNIS,0990,78000,78646,Versailles,78,,,78646000AX0029,,,3,29.21,,,,,,,,,1,1,Maison,27,2,,,,,,2.142157,48.806652
2023-1048897,2023-03-03,000001,Vente,210000,20,,RUE DES TOURNELLES,3050,78000,78646,Versailles,78,,,78646000BT0025,,,20,,4,,,,,,,,2,3,Dépendance,,0,,,,,,2.12771,48.797665
2023-1048897,2023-03-03,000001,Vente,210000,20,,RUE DES TOURNELLES,3050,78000,78646,Versailles,78,,,78646000BT0025,,,20,,4,,,,,,,,2,2,Appartement,25,2,,,,,,2.12771,48.797665
2023-1048898,2023-03-17,000001,Vente,213240,5,,BD JEUX OLYMPIQUES,1495,78000,78646,Versailles,78,,,78646000AZ0110,,,1009,43.36,876,,,,,,,,2,2,Appartement,47,1,,,,,,2.158672,48.8041
2023-1048898,2023-03-17,000001,Vente,213240,5,,BD JEUX OLYMPIQUES,1495,78000,78646,Versailles,78,,,78646000AZ0110,,,1009,43.36,876,,,,,,,,2,3,Dépendance,,0,,,,,,2.158672,48.8041
2023-1048908,2023-03-22,000001,Vente,213400,46,,RUE ABEL LAUVRAY,0030,78000,78646,Versailles,78,,,78646000AZ0332,,,7,31.99,,,,,,,,,1,2,Appartement,29,2,,,,,,2.157616,48.803762
2023-1048933,2023-03-24,000001,Vente,720000,58,,RUE ALBERT JOLY,0050,78000,78646,Versailles,78,,,78646000AR0053,,,109,,91,88.08,,,,,,,2,3,Dépendance,,0,,,,,,2.143711,48.809427
2023-1048933,2023-03-24,000001,Vente,720000,58,,RUE ALBERT JOLY,0050,78000,78646,Versailles,78,,,78646000AR0053,,,133,,,,,,,,,,1,3,Dépendance,,0,,,,,,2.143711,48.809427
2023-1048933,2023-03-24,000001,Vente,720000,58,,RUE ALBERT JOLY,0050,78000,78646,Versailles,78,,,78646000AR0053,,,109,,91,88.08,,,,,,,2,3,Dépendance,,0,,,,,,2.143711,48.809427
2023-1048933,2023-03-24,000001,Vente,720000,58,,RUE ALBERT JOLY,0050,78000,78646,Versailles,78,,,78646000AR0053,,,109,,91,88.08,,,,,,,2,2,Appartement,90,3,,,,,,2.143711,48.809427
2023-1048936,2023-03-08,000001,Vente,135500,33,,RUE DE L ORANGERIE,2110,78000,78646,Versailles,78,,,78646000AH0123,,,10,12.21,11,,,,,,,,2,2,Appartement,20,1,,,,,,2.123879,48.800089
2023-1048936,2023-03-08,000001,Vente,135500,33,,RUE DE L ORANGERIE,2110,78000,78646,Versailles,78,,,78646000AH0123,,,10,12.21,11,,,,,,,,2,3,Dépendance,,0,,,,,,2.123879,48.800089
2023-1048943,2023-03-24,000001,Vente en l'état futur d'achèvement,379000,,,LA SABLIERE,B029,78000,78646,Versailles,78,,,78646000BY0114,,,202,,,,,,,,,,1,,,,,,,,,,2.078245,48.802897
2023-1048956,2023-03-21,000001,Vente,207100,8,,RUE PHILIPPE DE DANGEAU,2255,78000,78646,Versailles,78,,,78646000AI0040,,,6,24.26,,,,,,,,,1,2,Appartement,25,2,,,,,,2.133222,48.803466
2023-1048964,2023-03-17,000001,Vente,339000,24,,RUE DES ETATS GENERAUX,0980,78000,78646,Versailles,78,,,78646000BR0127,,,120,55.03,122,,53,,,,,,3,2,Appartement,57,1,,,,,,2.133885,48.798419
2023-1048964,2023-03-17,000001,Vente,339000,24,,RUE DES ETATS GENERAUX,0980,78000,78646,Versailles,78,,,78646000BR0127,,,120,55.03,122,,53,,,,,,3,3,Dépendance,,0,,,,,,2.133885,48.798419
2023-1048975,2023-03-13,000001,Vente,15000,2,,BD DE LESSEPS,1638,78000,78646,Versailles,78,,,78646000AX0247,,,18,,,,,,,,,,1,3,Dépendance,,0,,,,,,2.146571,48.804777
2023-1049011,2023-03-10,000001,Vente,586538,2,,PL ROBERT DENIS,2625,78000,78646,Versailles,78,,,78646000AZ0110,,,1573,,1648,114.71,,,,,,,2,2,Appartement,118,5,,,,,,2.158672,48.8041
2023-1049011,2023-03-10,000001,Vente,586538,5,,RUE DE L ECOLE DES POSTES,0850,78000,78646,Versailles,78,,,78646000AZ0110,,,3217,,,,,,,,,,1,3,Dépendance,,0,,,,,,2.158672,48.8041
2023-1049011,2023-03-10,000001,Vente,586538,2,,PL ROBERT DENIS,2625,78000,78646,Versailles,78,,,78646000AZ0110,,,1573,,1648,114.71,,,,,,,2,3,Dépendance,,0,,,,,,2.158672,48.8041
2023-1049045,2023-03-20,000001,Vente,429782.62,28,,BD DU ROI,2641,78000,78646,Versailles,78,,,78646000AD0223,,,148,63.98,37,,,,,,,,2,2,Appartement,64,3,,,,,,2.128206,48.812739
2023-1049045,2023-03-20,000001,Vente,429782.62,28,,BD DU ROI,2641,78000,78646,Versailles,78,,,78646000AD0223,,,124,,,,,,,,,,1,3,Dépendance,,0,,,,,,2.128206,48.812739
2023-1049045,2023-03-20,000001,Vente,429782.62,28,,BD DU ROI,2641,78000,78646,Versailles,78,,,78646000AD0223,,,148,63.98,37,,,,,,,,2,3,Dépendance,,0,,,,,,2.128206,48.812739
2023-1049061,2023-03-24,000001,Vente en l'état futur d'achèvement,25000,,,LA SABLIERE,B029,78000,78646,Versailles,78,,,78646000BY0110,,,185,,,,,,,,,,1,,,,,,,,,,2.078228,48.802624
2023-1049062,2023-03-20,000001,Vente,403680,94,,AV DE PARIS,2180,78000,78646,Versailles,78,,,78646000BN0051,,,96,,,,,,,,,,1,3,Dépendance,,0,,,,,,2.148182,48.797645
2023-1049062,2023-03-20,000001,Vente,403680,94,,AV DE PARIS,2180,78000,78646,Versailles,78,,,78646000BN0051,,,11,59.06,,,,,,,,,1,2,Appartement,57,2,,,,,,2.148182,48.797645
2023-1049063,2023-03-24,000001,Vente en l'état futur d'achèvement,532000,,,LA SABLIERE,B029,78000,78646,Versailles,78,,,78646000BY0121,,,5,,,,,,,,,,1,,,,,,,,,,2.079148,48.803081
2023-1049068,2023-03-24,000001,Vente,705900,6,Q,RUE EDOUARD LEFEBVRE,0910,78000,78646,Versailles,78,,,78646000BR0151,,,176,,47,,,,,,,,2,3,Dépendance,,0,,,,,,2.132269,48.798842
2023-1049068,2023-03-24,000001,Vente,705900,6,Q,RUE EDOUARD LEFEBVRE,0910,78000,78646,Versailles,78,,,78646000BR0151,,,176,,47,,,,,,,,2,2,Appartement,81,3,,,,,,2.132269,48.798842
2023-1049068,2023-03-24,000001,Vente,705900,6,,RUE EDOUARD LEFEBVRE,0910,78000,78646,Versailles,78,,,78646000BR0151,,,86,,,,,,,,,,1,3,Dépendance,,0,,,,,,2.132269,48.798842
2023-1049074,2023-03-24,000001,Vente,740000,102,,RUE REMONT,2560,78000,78646,Versailles,78,,,78646000BI0270,,,,,,,,,,,,,0,,,,,AB,terrains a bâtir,,,429,2.153707,48.790407
2023-1049096,2023-03-14,000001,Vente,460000,39,,BD DU ROI,2641,78000,78646,Versailles,78,,,78646000AC0108,,,214,,37,,,,,,,,2,2,Appartement,71,3,,,,,,2.127742,48.814503
2023-1049096,2023-03-14,000001,Vente,460000,39,,BD DU ROI,2641,78000,78646,Versailles,78,,,78646000AC0108,,,149,,,,,,,,,,1,3,Dépendance,,0,,,,,,2.127742,48.814503
2023-1049104,2023-03-27,000001,Vente,363200,136,,AV DES ETATS UNIS,0990,78000,78646,Versailles,78,,,78646000AV0132,,,23,,3,58.7,,,,,,,2,3,Dépendance,,0,,,,,,2.15451,48.812449
2023-1049104,2023-03-27,000001,Vente,363200,136,,AV DES ETATS UNIS,0990,78000,78646,Versailles,78,,,78646000AV0132,,,23,,3,58.7,,,,,,,2,2,Appartement,59,3,,,,,,2.15451,48.812449
2023-1049104,2023-03-27,000001,Vente,363200,136,B,AV DES ETATS UNIS,0990,78000,78646,Versailles,78,,,78646000AV0132,,,56,,,,,,,,,,1,3,Dépendance,,0,,,,,,2.15451,48.812449
2023-1049111,2023-03-21,000001,Vente,941748,2,,RUE EMILE DESCHAMPS,0930,78000,78646,Versailles,78,,,78646000AX0187,,,25,,3,137.53,,,,,,,2,3,Dépendance,,0,,,,,,,
2023-1049111,2023-03-21,000001,Vente,941748,2,,RUE EMILE DESCHAMPS,0930,78000,78646,Versailles,78,,,78646000AX0187,,,94,,,,,,,,,,1,3,Dépendance,,0,,,,,,,
2023-1049111,2023-03-21,000001,Vente,941748,2,,RUE EMILE DESCHAMPS,0930,78000,78646,Versailles,78,,,78646000AX0187,,,25,,3,137.53,,,,,,,2,2,Appartement,138,5,,,,,,,
2023-1049117,2023-03-10,000001,Vente,800000,43,B,RUE DE VERGENNES,3150,78000,78646,Versailles,78,,,78646000BS0067,,,30,,,,,,,,,,1,3,Dépendance,,0,,,,,,2.137786,48.797185
2023-1049117,2023-03-10,000001,Vente,800000,43,B,RUE DE VERGENNES,3150,78000,78646,Versailles,78,,,78646000BS0067,,,31,,,,,,,,,,1,2,Appartement,50,4,,,,,,2.137786,48.797185
2023-1049117,2023-03-10,000001,Vente,800000,43,B,RUE DE VERGENNES,3150,78000,78646,Versailles,78,,,78646000BS0067,,,30,,,,,,,,,,1,2,Appartement,50,5,,,,,,2.137786,48.797185
2023-1049119,2023-03-20,000001,Vente,150000,64,,RUE DES CHANTIERS,0530,78000,78646,Versailles,78,,,78646000BL0326,,,204,40.95,235,,,,,,,,2,4,Local industriel. commercial ou assimilé,42,0,,,,,,2.143523,48.792624
2023-1049140,2023-03-10,000001,Vente,24000,36,,RUE DE VERGENNES,3150,78000,78646,Versailles,78,,,78646000BS0043,,,78,,,,,,,,,,1,3,Dépendance,,0,,,,,,2.137093,48.797286
2023-1049175,2023-03-10,000001,Vente,394050,21,,RUE DE SATORY,2950,78000,78646,Versailles,78,,,78646000AH0189,,,11,,3,49.89,,,,,,,2,2,Appartement,50,3,,,,,,2.124885,48.800115
2023-1049222,2023-03-20,000001,Vente,750000,29,,RUE BERTHIER,0370,78000,78646,Versailles,78,,,78646000AD0198,,,11,,12,,16,,17,,18,,8,3,Dépendance,,0,,,,,,2.12823,48.811724
2023-1049222,2023-03-20,000001,Vente,750000,29,,RUE BERTHIER,0370,78000,78646,Versailles,78,,,78646000AD0198,,,11,,12,,16,,17,,18,,8,2,Appartement,85,3,,,,,,2.12823,48.811724
2023-1049222,2023-03-20,000001,Vente,750000,29,,RUE BERTHIER,0370,78000,78646,Versailles,78,,,78646000AD0198,,,11,,12,,16,,17,,18,,8,3,Dépendance,,0,,,,,,2.12823,48.811724
2023-1049222,2023-03-20,000001,Vente,750000,29,,RUE BERTHIER,0370,78000,78646,Versailles,78,,,78646000AD0198,,,11,,12,,16,,17,,18,,8,3,Dépendance,,0,,,,,,2.12823,48.811724
2023-1049222,2023-03-20,000001,Vente,750000,29,,RUE BERTHIER,0370,78000,78646,Versailles,78,,,78646000AD0198,,,11,,12,,16,,17,,18,,8,3,Dépendance,,0,,,,,,2.12823,48.811724
2023-1049225,2023-03-21,000001,Vente,553000,12,,AV DE SCEAUX,2980,78000,78646,Versailles,78,,,78646000AH0177,,,2,68.85,9,,,,,,,,2,3,Dépendance,,0,,,,,,2.127482,48.799365
2023-1049225,2023-03-21,000001,Vente,553000,12,,AV DE SCEAUX,2980,78000,78646,Versailles,78,,,78646000AH0177,,,2,68.85,9,,,,,,,,2,2,Appartement,68,3,,,,,,2.127482,48.799365
2023-1049237,2023-03-24,000001,Vente,219048,5,,RUE GIRARDON,1240,78000,78646,Versailles,78,,,78646000BD0052,,,107,,131,,92,,,,,,3,3,Dépendance,,0,,,,,,,
2023-1049237,2023-03-24,000001,Vente,219048,5,,RUE GIRARDON,1240,78000,78646,Versailles,78,,,78646000BD0052,,,107,,131,,92,,,,,,3,2,Appartement,27,2,,,,,,,
2023-1049264,2023-03-07,000001,Vente,915000,13,,RUE COLBERT,0630,78000,78646,Versailles,78,,,78646000AE0337,,,118,,,,,,,,,,1,4,Local industriel. commercial ou assimilé,11,0,,,,,,2.126239,48.805263
2023-1049264,2023-03-07,000001,Vente,915000,13,,RUE COLBERT,0630,78000,78646,Versailles,78,,,78646000AE0337,,,23,,5,,,,,,,,2,4,Local industriel. commercial ou assimilé,260,0,,,,,,2.126239,48.805263
2023-1049264,2023-03-07,000001,Vente,915000,13,,RUE COLBERT,0630,78000,78646,Versailles,78,,,78646000AE0337,,,117,,,,,,,,,,1,4,Local industriel. commercial ou assimilé,11,0,,,,,,2.126239,48.805263
2023-1049268,2023-03-20,000001,Vente,390000,44,,RUE DE MONTREUIL,2000,78000,78646,Versailles,78,,,78646000AY0005,,,9,45.16,,,,,,,,,1,2,Appartement,67,3,,,,,,2.147196,48.804445
2023-1049268,2023-03-20,000001,Vente,390000,44,,RUE DE MONTREUIL,2000,78000,78646,Versailles,78,,,78646000AY0005,,,9,45.16,,,,,,,,,1,3,Dépendance,,0,,,,,,2.147196,48.804445
2023-1049268,2023-03-20,000001,Vente,390000,44,,RUE DE MONTREUIL,2000,78000,78646,Versailles,78,,,78646000AY0005,,,15,,34,,,,,,,,2,2,Appartement,45,2,,,,,,2.147196,48.804445
2023-1049268,2023-03-20,000001,Vente,390000,44,,RUE DE MONTREUIL,2000,78000,78646,Versailles,78,,,78646000AY0005,,,9,45.16,,,,,,,,,1,3,Dépendance,,0,,,,,,2.147196,48.804445
2023-1049299,2023-02-17,000001,Vente,230000,1,,AV DE PORCHEFONTAINE,2380,78000,78646,Versailles,78,,,78646000BD0147,,,76,,,,,,,,,,1,3,Dépendance,,0,,,,,,2.154028,48.797563
2023-1049299,2023-02-17,000001,Vente,230000,1,,AV DE PORCHEFONTAINE,2380,78000,78646,Versailles,78,,,78646000BD0147,,,48,,,,,,,,,,1,3,Dépendance,,0,,,,,,2.154028,48.797563
2023-1049299,2023-02-17,000001,Vente,230000,1,,AV DE PORCHEFONTAINE,2380,78000,78646,Versailles,78,,,78646000BD0147,,,17,47.1,,,,,,,,,1,2,Appartement,47,2,,,,,,2.154028,48.797563
2023-1049303,2023-03-24,000001,Vente,409925,8,,RUE DU MAL DE LATTRE DE TASSIG,1790,78000,78646,Versailles,78,,,78646000AL0094,,,58,,6,,,,,,,,2,3,Dépendance,,0,,,,,,2.136855,48.815557
2023-1049303,2023-03-24,000001,Vente,409925,8,,RUE DU MAL DE LATTRE DE TASSIG,1790,78000,78646,Versailles,78,,,78646000AL0094,,,58,,6,,,,,,,,2,2,Appartement,45,2,,,,,,2.136855,48.815557
2023-1049303,2023-03-24,000001,Vente,409925,8,,RUE DU MAL DE LATTRE DE TASSIG,1790,78000,78646,Versailles,78,,,78646000AL0094,,,64,,,,,,,,,,1,3,Dépendance,,0,,,,,,2.136855,48.815557
2023-1049303,2023-03-24,000001,Vente,409925,8,,RUE DU MAL DE LATTRE DE TASSIG,1790,78000,78646,Versailles,78,,,78646000AL0094,,,26,,,,,,,,,,1,3,Dépendance,,0,,,,,,2.136855,48.815557
2023-1049321,2023-03-31,000001,Vente,330233,86,,RUE D ANJOU,0190,78000,78646,Versailles,78,,,78646000BT0080,,,30,,8,52.4,,,,,,,2,2,Appartement,50,2,,,,,,2.12952,48.795748
2023-1049321,2023-03-31,000001,Vente,330233,86,,RUE D ANJOU,0190,78000,78646,Versailles,78,,,78646000BT0080,,,16,,,,,,,,,,1,3,Dépendance,,0,,,,,,2.12952,48.795748
2023-1049322,2023-03-20,000001,Vente,1094795,6,,RUE DU PARC DE CLAGNY,2171,78000,78646,Versailles,78,,,78646000AR0071,,,,,,,,,,,,,0,1,Maison,210,9,S,sols,,,548,2.140718,48.809395
2023-1049323,2023-03-15,000001,Vente,231000,68,,RUE DE MONTREUIL,2000,78000,78646,Versailles,78,,,78646000AY0026,,,302,,8,,,,,,,,2,3,Dépendance,,0,,,,,,2.150565,48.803962
2023-1049323,2023-03-15,000001,Vente,231000,68,,RUE DE MONTREUIL,2000,78000,78646,Versailles,78,,,78646000AY0026,,,479,,,,,,,,,,1,3,Dépendance,,0,,,,,,2.150565,48.803962
2023-1049323,2023-03-15,000001,Vente,231000,68,,RUE DE MONTREUIL,2000,78000,78646,Versailles,78,,,78646000AY0026,,,8,,,,,,,,,,1,2,Appartement,47,3,,,,,,2.150565,48.803962
2023-1049323,2023-03-15,000001,Vente,231000,68,,RUE DE MONTREUIL,2000,78000,78646,Versailles,78,,,78646000AY0026,,,34,,8,,,,,,,,2,3,Dépendance,,0,,,,,,2.150565,48.803962
2023-1049339,2023-03-10,000001,Vente,722500,2,,BD DE LESSEPS,1638,78000,78646,Versailles,78,,,78646000AX0247,,,15,,2,101.04,,,,,,,2,3,Dépendance,,0,,,,,,2.146571,48.804777
2023-1049339,2023-03-10,000001,Vente,722500,2,,BD DE LESSEPS,1638,78000,78646,Versailles,78,,,78646000AX0247,,,15,,2,101.04,,,,,,,2,2,Appartement,101,4,,,,,,2.146571,48.804777
2023-1049340,2023-03-30,000001,Vente en l'état futur d'achèvement,388000,,,LA SABLIERE,B029,78000,78646,Versailles,78,,,78646000BY0108,,,403,,,,,,,,,,1,,,,,,,,,,2.079319,48.802074
2023-1049340,2023-03-30,000001,Vente en l'état futur d'achèvement,388000,,,LA SABLIERE,B029,78000,78646,Versailles,78,,,78646000BY0108,,,104,,,,,,,,,,1,,,,,,,,,,2.079319,48.802074
2023-1049388,2023-03-29,000001,Vente,250000,7,,RUE DE SATORY,2950,78000,78646,Versailles,78,,,78646000AH0149,,,11,34.45,19,,,,,,,,2,3,Dépendance,,0,,,,,,2.125471,48.800806
2023-1049388,2023-03-29,000001,Vente,250000,7,,RUE DE SATORY,2950,78000,78646,Versailles,78,,,78646000AH0149,,,11,34.45,19,,,,,,,,2,2,Appartement,35,1,,,,,,2.125471,48.800806
2023-1049395,2023-03-29,000001,Vente,497840,5,,RUE DE L ECOLE DES POSTES,0850,78000,78646,Versailles,78,,,78646000AZ0110,,,3513,,,,,,,,,,1,3,Dépendance,,0,,,,,,2.158672,48.8041
2023-1049395,2023-03-29,000001,Vente,497840,9,,PL ROYALE,2650,78000,78646,Versailles,78,,,78646000AZ0110,,,1178,,1201,94.04,,,,,,,2,3,Dépendance,,0,,,,,,2.158672,48.8041
2023-1049395,2023-03-29,000001,Vente,497840,9,,PL ROYALE,2650,78000,78646,Versailles,78,,,78646000AZ0110,,,1178,,1201,94.04,,,,,,,2,2,Appartement,94,4,,,,,,2.158672,48.8041
2023-1049401,2023-03-10,000001,Vente,40000,5,,RUE DE L ECOLE DES POSTES,0850,78000,78646,Versailles,78,,,78646000AZ0110,,,944,,,,,,,,,,1,3,Dépendance,,0,,,,,,2.158672,48.8041
2023-1049413,2023-03-23,000001,Vente,320000,2,,PROM VENEZIA,3135,78000,78646,Versailles,78,,,78646000AZ0110,,,1525,,1532,79.88,,,,,,,2,2,Appartement,85,2,,,,,,2.158672,48.8041
2023-1049413,2023-03-23,000001,Vente,320000,2,,PROM VENEZIA,3135,78000,78646,Versailles,78,,,78646000AZ0110,,,1525,,1532,79.88,,,,,,,2,3,Dépendance,,0,,,,,,2.158672,48.8041
2023-1049413,2023-03-23,000001,Vente,320000,5,,RUE DE L ECOLE DES POSTES,0850,78000,78646,Versailles,78,,,78646000AZ0110,,,3174,,,,,,,,,,1,3,Dépendance,,0,,,,,,2.158672,48.8041
2023-1049415,2023-03-30,000001,Vente,424800,1,,RUE RICHAUD,2610,78000,78646,Versailles,78,,,78646000AI0317,,,1,45.79,69,,,,,,,,2,2,Appartement,46,2,,,,,,2.133269,48.807902
2023-1049415,2023-03-30,000001,Vente,424800,1,,RUE RICHAUD,2610,78000,78646,Versailles,78,,,78646000AI0317,,,139,,,,,,,,,,1,3,Dépendance,,0,,,,,,2.133269,48.807902
2023-1049423,2023-03-28,000001,Vente,700000,15,,RUE SAINT SIMON,2880,78000,78646,Versailles,78,,,78646000AI0080,,,4,,,,,,,,,,1,3,Dépendance,,0,,,,,,2.135099,48.804231
2023-1049423,2023-03-28,000001,Vente,700000,15,,RUE SAINT SIMON,2880,78000,78646,Versailles,78,,,78646000AI0080,,,4,,,,,,,,,,1,3,Dépendance,,0,,,,,,2.135099,48.804231
2023-1049423,2023-03-28,000001,Vente,700000,15,,RUE SAINT SIMON,2880,78000,78646,Versailles,78,,,78646000AI0080,,,4,,,,,,,,,,1,2,Appartement,85,4,,,,,,2.135099,48.804231
2023-1049429,2023-03-27,000001,Vente,30000,8,,RUE ALBERT JOLY,0050,78000,78646,Versailles,78,,,78646000AK0229,,,72,,,,,,,,,,1,3,Dépendance,,0,,,,,,2.135908,48.810277
2023-1049456,2023-03-31,000001,Vente,760000,6,,RUE ROYALE,2648,78000,78646,Versailles,78,,,78646000BV0088,,,12,,54,115.65,,,,,,,2,2,Appartement,150,6,,,,,,2.126821,48.798577
2023-1049456,2023-03-31,000001,Vente,760000,6,,RUE ROYALE,2648,78000,78646,Versailles,78,,,78646000BV0088,,,12,,54,115.65,,,,,,,2,3,Dépendance,,0,,,,,,2.126821,48.798577
2023-1049457,2023-03-31,000001,Vente en l'état futur d'achèvement,865000,104,,AV DE PARIS,2180,78000,78646,Versailles,78,,,78646000BK0019,,,59,,,,,,,,,,1,3,Dépendance,,0,,,,,,2.150393,48.797197
2023-1049457,2023-03-31,000001,Vente en l'état futur d'achèvement,865000,104,,AV DE PARIS,2180,78000,78646,Versailles,78,,,78646000BK0019,,,60,,,,,,,,,,1,3,Dépendance,,0,,,,,,2.150393,48.797197
2023-1049457,2023-03-31,000001,Vente en l'état futur d'achèvement,865000,104,,AV DE PARIS,2180,78000,78646,Versailles,78,,,78646000BK0019,,,37,,,,,,,,,,1,2,Appartement,92,5,,,,,,2.150393,48.797197
2023-1049458,2023-03-10,000001,Vente,790000,20,,RUE DE PROVENCE,2460,78000,78646,Versailles,78,,,78646000AX0442,,,330,111.72,,,,,,,,,1,2,Appartement,111,5,,,,,,2.140987,48.807165
2023-1049458,2023-03-10,000001,Vente,790000,20,,RUE DE PROVENCE,2460,78000,78646,Versailles,78,,,78646000AX0442,,,298,,,,,,,,,,1,3,Dépendance,,0,,,,,,2.140987,48.807165
2023-1049458,2023-03-10,000001,Vente,790000,20,,RUE DE PROVENCE,2460,78000,78646,Versailles,78,,,78646000AX0442,,,47,,,,,,,,,,1,3,Dépendance,,0,,,,,,2.140987,48.807165
2023-1049462,2023-03-24,000001,Vente en l'état futur d'achèvement,890000,104,,AV DE PARIS,2180,78000,78646,Versailles,78,,,78646000BK0019,,,32,,,,,,,,,,1,2,Appartement,93,3,,,,,,2.150393,48.797197
2023-1049462,2023-03-24,000001,Vente en l'état futur d'achèvement,890000,104,,AV DE PARIS,2180,78000,78646,Versailles,78,,,78646000BK0019,,,112,,,,,,,,,,1,3,Dépendance,,0,,,,,,2.150393,48.797197
2023-1049463,2023-03-30,000001,Vente,365000,22,,PROM MONA LISA,1965,78000,78646,Versailles,78,,,78646000AZ0110,,,1960,,1976,73.91,,,,,,,2,2,Appartement,75,3,,,,,,2.158672,48.8041
2023-1049463,2023-03-30,000001,Vente,365000,5,,RUE DE L ECOLE DES POSTES,0850,78000,78646,Versailles,78,,,78646000AZ0110,,,3849,,,,,,,,,,1,3,Dépendance,,0,,,,,,2.158672,48.8041
2023-1049463,2023-03-30,000001,Vente,365000,22,,PROM MONA LISA,1965,78000,78646,Versailles,78,,,78646000AZ0110,,,1960,,1976,73.91,,,,,,,2,3,Dépendance,,0,,,,,,2.158672,48.8041
2023-1049467,2023-03-31,000001,Vente,582000,24,,RUE JACQUES LEMERCIER,1420,78000,78646,Versailles,78,,,78646000AO0020,,,257,,,,,,,,,,1,3,Dépendance,,0,,,,,,2.150001,48.814605
2023-1049467,2023-03-31,000001,Vente,582000,24,,RUE JACQUES LEMERCIER,1420,78000,78646,Versailles,78,,,78646000AO0020,,,119,108.27,170,,,,,,,,2,2,Appartement,108,5,,,,,,2.150001,48.814605
2023-1049467,2023-03-31,000001,Vente,582000,24,,RUE JACQUES LEMERCIER,1420,78000,78646,Versailles,78,,,78646000AO0020,,,119,108.27,170,,,,,,,,2,3,Dépendance,,0,,,,,,2.150001,48.814605
2023-1049470,2023-03-28,000001,Vente,76631.55,31,B,AV DE VILLENEUVE L ETANG,3200,78000,78646,Versailles,78,,,78646000AP0023,,,,,,,,,,,,,0,1,Maison,166,8,S,sols,,,602,2.14511,48.815547
2023-1049473,2023-04-06,000001,Vente,37500,39,,RUE DE MONTREUIL,2000,78000,78646,Versailles,78,,,78646000AX0298,,,40,,,,,,,,,,1,3,Dépendance,,0,,,,,,2.144948,48.805035
2023-1049492,2023-03-27,000001,Vente,1262065,8,,RUE DES RESERVOIRS,2580,78000,78646,Versailles,78,,,78646000AE0371,,,1,142.26,10,142.26,11,142.26,201,142.26,9,142.26,5,2,Appartement,145,3,,,,,,2.124232,48.806296
2023-1049492,2023-03-27,000001,Vente,1262065,8,,RUE DES RESERVOIRS,2580,78000,78646,Versailles,78,,,78646000AE0371,,,440,,,,,,,,,,1,4,Local industriel. commercial ou assimilé,142,0,,,,,,2.124232,48.806296
2023-1049495,2023-03-30,000001,Vente,1350000,55,,RUE BERTHIER,0370,78000,78646,Versailles,78,,,78646000AD0286,,,39,,6,,,,,,,,2,2,Appartement,165,6,,,,,,2.132121,48.811256
2023-1049495,2023-03-30,000001,Vente,1350000,55,,RUE BERTHIER,0370,78000,78646,Versailles,78,,,78646000AD0286,,,39,,6,,,,,,,,2,3,Dépendance,,0,,,,,,2.132121,48.811256
2023-1049503,2023-03-16,000001,Vente,1000000,9007,,RUE DELAUNAY,0760,78000,78646,Versailles,78,,,78646000AB0080,,,,,,,,,,,,,0,1,Maison,97,4,S,sols,,,595,2.12259,48.815906
2023-1049503,2023-03-16,000001,Vente,1000000,9007,,RUE DELAUNAY,0760,78000,78646,Versailles,78,,,78646000AB0080,,,,,,,,,,,,,0,4,Local industriel. commercial ou assimilé,,0,S,sols,,,595,2.12259,48.815906
2023-1049503,2023-03-16,000001,Vente,1000000,,,RUE DE L ERMITAGE,0940,78000,78646,Versailles,78,,,78646000AB0121,,,,,,,,,,,,,0,,,,,S,sols,,,19,2.122723,48.815847
2023-1049531,2023-03-29,000001,Vente,20000,8,,IMP DES GENDARMES,1140,78000,78646,Versailles,78,,,78646000BR0006,,,31,,,,,,,,,,1,3,Dépendance,,0,,,,,,2.131117,48.80027
2023-1049579,2023-03-10,000001,Vente,279000,44,,RUE DE MONTREUIL,2000,78000,78646,Versailles,78,,,78646000AY0005,,,7,36.29,,,,,,,,,1,3,Dépendance,,0,,,,,,2.147196,48.804445
2023-1049579,2023-03-10,000001,Vente,279000,44,,RUE DE MONTREUIL,2000,78000,78646,Versailles,78,,,78646000AY0005,,,7,36.29,,,,,,,,,1,3,Dépendance,,0,,,,,,2.147196,48.804445
2023-1049579,2023-03-10,000001,Vente,279000,44,,RUE DE MONTREUIL,2000,78000,78646,Versailles,78,,,78646000AY0005,,,7,36.29,,,,,,,,,1,2,Appartement,67,3,,,,,,2.147196,48.804445
2023-1049598,2023-03-22,000001,Vente,333000,8,,AV DU GEN DE GAULLE,1143,78000,78646,Versailles,78,,,78646000AH0225,,,139,,38,,,,,,,,2,2,Appartement,85,3,,,,,,2.128298,48.801276
2023-1049598,2023-03-22,000001,Vente,333000,8,,AV DU GEN DE GAULLE,1143,78000,78646,Versailles,78,,,78646000AH0225,,,139,,38,,,,,,,,2,3,Dépendance,,0,,,,,,2.128298,48.801276
2023-1049598,2023-03-22,000001,Vente,333000,12,,AV DU GEN DE GAULLE,1143,78000,78646,Versailles,78,,,78646000AH0225,,,151,,,,,,,,,,1,3,Dépendance,,0,,,,,,2.128298,48.801276
2023-1049612,2023-03-15,000001,Vente,335000,15,,RUE SAINT HONORE,2780,78000,78646,Versailles,78,,,78646000BV0130,,,2,50.66,,,,,,,,,1,3,Dépendance,,0,,,,,,2.125228,48.79807
2023-1049612,2023-03-15,000001,Vente,335000,15,,RUE SAINT HONORE,2780,78000,78646,Versailles,78,,,78646000BV0130,,,2,50.66,,,,,,,,,1,2,Appartement,51,2,,,,,,2.125228,48.79807
2023-1049625,2023-03-31,000001,Vente en l'état futur d'achèvement,5943,45,,RUE DES CHANTIERS,0530,78000,78646,Versailles,78,,,78646000BL0460,,,79,,,,,,,,,,1,,,,,,,,,,2.141485,48.794943
2023-1049625,2023-03-31,000001,Vente en l'état futur d'achèvement,5943,45,,RUE DES CHANTIERS,0530,78000,78646,Versailles,78,,,78646000BL0460,,,78,,,,,,,,,,1,,,,,,,,,,2.141485,48.794943
2023-1049735,2023-04-05,000001,Vente,443390,41,,BD DE LA REINE,2520,78000,78646,Versailles,78,,,78646000AD0024,,,1,,17,,2,,24,,,,4,2,Appartement,59,2,,,,,,2.127743,48.809672
2023-1049735,2023-04-05,000001,Vente,443390,41,,BD DE LA REINE,2520,78000,78646,Versailles,78,,,78646000AD0024,,,1,,17,,2,,24,,,,4,3,Dépendance,,0,,,,,,2.127743,48.809672
2023-1049735,2023-04-05,000001,Vente,443390,41,,BD DE LA REINE,2520,78000,78646,Versailles,78,,,78646000AD0024,,,1,,17,,2,,24,,,,4,3,Dépendance,,0,,,,,,2.127743,48.809672
2023-1049771,2023-04-06,000001,Vente,272100,5,,RUE DU MAL JOFFRE,1820,78000,78646,Versailles,78,,,78646000BV0052,,,40,,41,35.28,70,,78,,,,4,2,Appartement,34,2,,,,,,2.124321,48.799107
2023-1049771,2023-04-06,000001,Vente,272100,5,,RUE DU MAL JOFFRE,1820,78000,78646,Versailles,78,,,78646000BV0052,,,40,,41,35.28,70,,78,,,,4,3,Dépendance,,0,,,,,,2.124321,48.799107
2023-1049778,2023-03-31,000001,Vente,268572,3,,RUE JEAN DE LA BRUYERE,1560,78000,78646,Versailles,78,,,78646000AO0005,,,16,,77,50.35,,,,,,,2,3,Dépendance,,0,,,,,,2.145809,48.814826
2023-1049778,2023-03-31,000001,Vente,268572,3,,RUE JEAN DE LA BRUYERE,1560,78000,78646,Versailles,78,,,78646000AO0005,,,41,,,,,,,,,,1,3,Dépendance,,0,,,,,,2.145809,48.814826
2023-1049778,2023-03-31,000001,Vente,268572,3,,RUE JEAN DE LA BRUYERE,1560,78000,78646,Versailles,78,,,78646000AO0005,,,16,,77,50.35,,,,,,,2,2,Appartement,52,2,,,,,,2.145809,48.814826
2023-1049801,2023-04-07,000001,Vente,24000,13,,RUE DU GENERAL PERSHING,1170,78000,78646,Versailles,78,,,78646000AO0068,,,453,,,,,,,,,,1,3,Dépendance,,0,,,,,,2.148928,48.817113
2023-1049803,2023-04-03,000001,Vente,1450900,6,,IMP MAGENTA,1750,78000,78646,Versailles,78,,,78646000AK0271,,,,,,,,,,,,,0,1,Maison,95,5,S,sols,,,231,2.138558,48.811164
2023-1049804,2023-03-31,000001,Vente,765000,28,,RUE DU MARECHAL GALLIENI,1812,78000,78646,Versailles,78,,,78646000AC0135,,,6,,,,,,,,,,1,2,Appartement,70,3,,,,,,2.124332,48.812731
2023-1049804,2023-03-31,000001,Vente,765000,28,,RUE DU MARECHAL GALLIENI,1812,78000,78646,Versailles,78,,,78646000AC0135,,,7,,,,,,,,,,1,2,Appartement,45,3,,,,,,2.124332,48.812731
2023-1049805,2023-04-13,000001,Vente,650000,40,,RUE CHAMP LAGARDE,0490,78000,78646,Versailles,78,,,78646000BO0055,,,118,,,,,,,,,,1,3,Dépendance,,0,,,,,,2.147024,48.80094
2023-1049805,2023-04-13,000001,Vente,650000,38,,RUE CHAMP LAGARDE,0490,78000,78646,Versailles,78,,,78646000BO0055,,,14,,6,,,,,,,,2,3,Dépendance,,0,,,,,,2.147024,48.80094
2023-1049805,2023-04-13,000001,Vente,650000,40,,RUE CHAMP LAGARDE,0490,78000,78646,Versailles,78,,,78646000BO0055,,,117,,,,,,,,,,1,3,Dépendance,,0,,,,,,2.147024,48.80094
2023-1049805,2023-04-13,000001,Vente,650000,38,,RUE CHAMP LAGARDE,0490,78000,78646,Versailles,78,,,78646000BO0055,,,14,,6,,,,,,,,2,2,Appartement,83,4,,,,,,2.147024,48.80094
2023-1049808,2023-03-31,000001,Vente,790675,1,,IMP DU DOC WAPLER,0810,78000,78646,Versailles,78,,,78646000BP0023,,,3,86.1,,,,,,,,,1,2,Appartement,89,3,,,,,,2.135846,48.803472
2023-1049812,2023-03-31,000001,Vente,167500,20,,RUE CARNOT,0440,78000,78646,Versailles,78,,,78646000AE0315,,,68,,70,,,,,,,,2,2,Appartement,20,1,,,,,,2.128653,48.805627
2023-1049812,2023-03-31,000001,Vente,167500,20,,RUE CARNOT,0440,78000,78646,Versailles,78,,,78646000AE0315,,,68,,70,,,,,,,,2,3,Dépendance,,0,,,,,,2.128653,48.805627
2023-1049813,2023-03-22,000001,Vente,25000,7,,RUE RICHAUD,2610,78000,78646,Versailles,78,,,78646000AI0313,,,252,,,,,,,,,,1,3,Dépendance,,0,,,,,,2.135209,48.807376
2023-1049813,2023-03-22,000001,Vente,25000,78,,BD DE LA REINE,2520,78000,78646,Versailles,78,,,78646000AI0315,,2,,,,,,,,,,,0,,,,,,,,,,2.134761,48.807928
2023-1049818,2023-03-29,000001,Vente,465000,1,,AV DES ETATS UNIS,0990,78000,78646,Versailles,78,,,78646000AX0025,,,16,67.45,58,,,,,,,,2,2,Appartement,72,3,,,,,,2.141563,48.806353
2023-1049818,2023-03-29,000001,Vente,465000,1,,AV DES ETATS UNIS,0990,78000,78646,Versailles,78,,,78646000AX0025,,,30,14,,,,,,,,,1,3,Dépendance,,0,,,,,,2.141563,48.806353
2023-1049818,2023-03-29,000001,Vente,465000,1,,AV DES ETATS UNIS,0990,78000,78646,Versailles,78,,,78646000AX0025,,,16,67.45,58,,,,,,,,2,3,Dépendance,,0,,,,,,2.141563,48.806353
2023-1049825,2023-03-16,000001,Vente,1460000,15,,RUE PORTE DE BUC,2390,78000,78646,Versailles,78,,,78646000BM0068,,,,,,,,,,,,,0,1,Maison,40,2,S,sols,,,1288,2.137571,48.793567
2023-1049825,2023-03-16,000001,Vente,1460000,15,,RUE PORTE DE BUC,2390,78000,78646,Versailles,78,,,78646000BM0068,,,,,,,,,,,,,0,4,Local industriel. commercial ou assimilé,449,0,S,sols,,,1288,2.137571,48.793567
2023-1049837,2023-03-21,000001,Vente,415000,3,,RUE DE L ABBE ROUSSEAUX,0020,78000,78646,Versailles,78,,,78646000BS0056,,,29,,45,,,,,,,,2,2,Appartement,74,4,,,,,,2.136312,48.796463
2023-1049837,2023-03-21,000001,Vente,415000,3,,RUE DE L ABBE ROUSSEAUX,0020,78000,78646,Versailles,78,,,78646000BS0056,,,29,,45,,,,,,,,2,3,Dépendance,,0,,,,,,2.136312,48.796463
2023-1049882,2023-04-05,000001,Vente,820000,64,,RUE DE LA PAROISSE,2190,78000,78646,Versailles,78,,,78646000AE0238,,,5,,,,,,,,,,1,3,Dépendance,,0,,,,,,2.130462,48.806756
2023-1049882,2023-04-05,000001,Vente,820000,64,,RUE DE LA PAROISSE,2190,78000,78646,Versailles,78,,,78646000AE0238,,,2,111.4,,,,,,,,,1,4,Local industriel. commercial ou assimilé,126,0,,,,,,2.130462,48.806756
2023-1049909,2023-03-31,000001,Vente,265000,28,,RUE DU MARECHAL GALLIENI,1812,78000,78646,Versailles,78,,,78646000AC0135,,,1,,,,,,,,,,1,2,Appartement,45,3,,,,,,2.124332,48.812731
2023-1049941,2023-04-04,000001,Vente,20000,10,,RUE DE L ERMITAGE,0940,78000,78646,Versailles,78,,,78646000AC0314,,,99,,,,,,,,,,1,3,Dépendance,,0,,,,,,2.123933,48.814609
2023-1049953,2023-04-14,000001,Vente,205940,47,,RUE SAINT HONORE,2780,78000,78646,Versailles,78,,,78646000BW0184,,,17,29.61,,,,,,,,,1,2,Appartement,29,2,,,,,,2.122554,48.794173
2023-1049955,2023-04-05,000001,Vente,465000,12,,RUE D ANJOU,0190,78000,78646,Versailles,78,,,78646000BV0139,,,18,64.11,60,,,,,,,,2,3,Dépendance,,0,,,,,,2.124719,48.797206
2023-1049955,2023-04-05,000001,Vente,465000,12,,RUE D ANJOU,0190,78000,78646,Versailles,78,,,78646000BV0139,,,18,64.11,60,,,,,,,,2,2,Appartement,40,2,,,,,,2.124719,48.797206
2023-1049959,2023-04-05,000001,Vente en l'état futur d'achèvement,3122,45,,RUE DES CHANTIERS,0530,78000,78646,Versailles,78,,,78646000BL0460,,,83,,,,,,,,,,1,,,,,,,,,,2.141485,48.794943
2023-1049960,2023-03-31,000001,Vente,219500,8,,AV DU GEN DE GAULLE,1143,78000,78646,Versailles,78,,,78646000AH0225,,,196,,,,,,,,,,1,3,Dépendance,,0,,,,,,2.128298,48.801276
2023-1049960,2023-03-31,000001,Vente,219500,8,,AV DU GEN DE GAULLE,1143,78000,78646,Versailles,78,,,78646000AH0225,,,41,52.96,94,,,,,,,,2,3,Dépendance,,0,,,,,,2.128298,48.801276
2023-1049960,2023-03-31,000001,Vente,219500,8,,AV DU GEN DE GAULLE,1143,78000,78646,Versailles,78,,,78646000AH0225,,,41,52.96,94,,,,,,,,2,2,Appartement,54,2,,,,,,2.128298,48.801276
2023-1049962,2023-04-14,000001,Vente,387100,76,,AV DE PARIS,2180,78000,78646,Versailles,78,,,78646000BN0167,,,428,,762,,,,,,,,2,2,Appartement,63,2,,,,,,2.142752,48.797871
2023-1049962,2023-04-14,000001,Vente,387100,76,,AV DE PARIS,2180,78000,78646,Versailles,78,,,78646000BN0167,,,428,,762,,,,,,,,2,3,Dépendance,,0,,,,,,2.142752,48.797871
2023-1049962,2023-04-14,000001,Vente,387100,2,,RUE JEAN MERMOZ,1460,78000,78646,Versailles,78,,,78646000BN0167,,,661,,,,,,,,,,1,3,Dépendance,,0,,,,,,2.142752,48.797871
2023-1049969,2023-03-20,000001,Vente,23800,47,,RUE DES CHANTIERS,0530,78000,78646,Versailles,78,,,78646000BL0467,,,44,,,,,,,,,,1,3,Dépendance,,0,,,,,,2.141787,48.794665
2023-1049983,2023-04-12,000001,Vente,843770,10,,RUE D ANJOU,0190,78000,78646,Versailles,78,,,78646000BV0046,,,14,97.24,,,,,,,,,1,3,Dépendance,,0,,,,,,2.124108,48.797296
2023-1049983,2023-04-12,000001,Vente,843770,10,,RUE D ANJOU,0190,78000,78646,Versailles,78,,,78646000BV0046,,,14,97.24,,,,,,,,,1,3,Dépendance,,0,,,,,,2.124108,48.797296
2023-1049983,2023-04-12,000001,Vente,843770,10,,RUE D ANJOU,0190,78000,78646,Versailles,78,,,78646000BV0046,,,14,97.24,,,,,,,,,1,2,Appartement,98,4,,,,,,2.124108,48.797296
2023-1049988,2023-04-13,000001,Vente,631000,8,,RUE RAMEAU,2490,78000,78646,Versailles,78,,,78646000AE0090,,,20,,,,,,,,,,1,3,Dépendance,,0,,,,,,2.131128,48.807732
2023-1049988,2023-04-13,000001,Vente,631000,8,,RUE RAMEAU,2490,78000,78646,Versailles,78,,,78646000AE0090,,,12,86.44,,,,,,,,,1,2,Appartement,86,3,,,,,,2.131128,48.807732
2023-1049993,2023-04-12,000001,Vente en l'état futur d'achèvement,463100,,,LA SABLIERE,B029,78000,78646,Versailles,78,,,78646000BY0121,,,24,,,,,,,,,,1,,,,,,,,,,2.079148,48.803081
2023-1049994,2023-03-31,000001,Vente,1430750,17,,AV DE LA MAYE,1875,78000,78646,Versailles,78,,,78646000AL0139,,,29,149.02,69,,89,,,,,,3,3,Dépendance,,0,,,,,,2.138843,48.817098
2023-1049994,2023-03-31,000001,Vente,1430750,17,,AV DE LA MAYE,1875,78000,78646,Versailles,78,,,78646000AL0139,,,29,149.02,69,,89,,,,,,3,3,Dépendance,,0,,,,,,2.138843,48.817098
2023-1049994,2023-03-31,000001,Vente,1430750,17,,AV DE LA MAYE,1875,78000,78646,Versailles,78,,,78646000AL0139,,,139,,,,,,,,,,1,3,Dépendance,,0,,,,,,2.138843,48.817098
2023-1049994,2023-03-31,000001,Vente,1430750,17,,AV DE LA MAYE,1875,78000,78646,Versailles,78,,,78646000AL0139,,,29,149.02,69,,89,,,,,,3,2,Appartement,149,7,,,,,,2.138843,48.817098
2023-1049994,2023-03-31,000001,Vente,1430750,17,,AV DE LA MAYE,1875,78000,78646,Versailles,78,,,78646000AL0139,,,138,,,,,,,,,,1,3,Dépendance,,0,,,,,,2.138843,48.817098
2023-1050013,2023-04-12,000001,Vente en l'état futur d'achèvement,25000,,,LA SABLIERE,B029,78000,78646,Versailles,78,,,78646000BY0110,,,154,,,,,,,,,,1,,,,,,,,,,2.078228,48.802624
2023-1050017,2023-03-21,000001,Vente,296500,1,B,RUE ALEXANDRE BONTEMPS,0110,78000,78646,Versailles,78,,,78646000BW0108,,,118,37.06,164,,,,,,,,2,3,Dépendance,,0,,,,,,2.123897,48.794291
2023-1050017,2023-03-21,000001,Vente,296500,1,B,RUE ALEXANDRE BONTEMPS,0110,78000,78646,Versailles,78,,,78646000BW0108,,,118,37.06,164,,,,,,,,2,2,Appartement,38,1,,,,,,2.123897,48.794291
2023-1050022,2023-03-24,000001,Vente,628550,36,,RUE MOLIERE,1940,78000,78646,Versailles,78,,,78646000BL0084,,,,,,,,,,,,,0,1,Maison,45,3,S,sols,,,117,2.148919,48.793801
2023-1050022,2023-03-24,000001,Vente,628550,36,,RUE MOLIERE,1940,78000,78646,Versailles,78,,,78646000BL0084,,,,,,,,,,,,,0,3,Dépendance,,0,S,sols,,,117,2.148919,48.793801
2023-1050041,2023-03-30,000001,Vente,4500000,11,B,RUE MANSART,1770,78000,78646,Versailles,78,,,78646000AL0087,,,,,,,,,,,,,0,2,Appartement,47,2,S,sols,,,3619,2.138628,48.815281
2023-1050041,2023-03-30,000001,Vente,4500000,11,B,RUE MANSART,1770,78000,78646,Versailles,78,,,78646000AL0087,,,,,,,,,,,,,0,2,Appartement,21,1,S,sols,,,3619,2.138628,48.815281
2023-1050041,2023-03-30,000001,Vente,4500000,11,B,RUE MANSART,1770,78000,78646,Versailles,78,,,78646000AL0087,,,,,,,,,,,,,0,2,Appartement,25,1,S,sols,,,3619,2.138628,48.815281
2023-1050041,2023-03-30,000001,Vente,4500000,11,B,RUE MANSART,1770,78000,78646,Versailles,78,,,78646000AL0087,,,,,,,,,,,,,0,2,Appartement,27,2,S,sols,,,3619,2.138628,48.815281
2023-1050041,2023-03-30,000001,Vente,4500000,11,B,RUE MANSART,1770,78000,78646,Versailles,78,,,78646000AL0087,,,,,,,,,,,,,0,2,Appartement,29,2,S,sols,,,3619,2.138628,48.815281
2023-1050041,2023-03-30,000001,Vente,4500000,11,B,RUE MANSART,1770,78000,78646,Versailles,78,,,78646000AL0087,,,,,,,,,,,,,0,2,Appartement,27,2,S,sols,,,3619,2.138628,48.815281
2023-1050041,2023-03-30,000001,Vente,4500000,11,B,RUE MANSART,1770,78000,78646,Versailles,78,,,78646000AL0087,,,,,,,,,,,,,0,2,Appartement,27,2,S,sols,,,3619,2.138628,48.815281
2023-1050041,2023-03-30,000001,Vente,4500000,11,B,RUE MANSART,1770,78000,78646,Versailles,78,,,78646000AL0087,,,,,,,,,,,,,0,2,Appartement,27,2,S,sols,,,3619,2.138628,48.815281
2023-1050041,2023-03-30,000001,Vente,4500000,11,B,RUE MANSART,1770,78000,78646,Versailles,78,,,78646000AL0087,,,,,,,,,,,,,0,2,Appartement,27,2,S,sols,,,3619,2.138628,48.815281
2023-1050041,2023-03-30,000001,Vente,4500000,11,B,RUE MANSART,1770,78000,78646,Versailles,78,,,78646000AL0087,,,,,,,,,,,,,0,2,Appartement,35,2,S,sols,,,3619,2.138628,48.815281
2023-1050041,2023-03-30,000001,Vente,4500000,11,B,RUE MANSART,1770,78000,78646,Versailles,78,,,78646000AL0087,,,,,,,,,,,,,0,2,Appartement,27,2,S,sols,,,3619,2.138628,48.815281
2023-1050041,2023-03-30,000001,Vente,4500000,11,B,RUE MANSART,1770,78000,78646,Versailles,78,,,78646000AL0087,,,,,,,,,,,,,0,2,Appartement,27,2,S,sols,,,3619,2.138628,48.815281
2023-1050041,2023-03-30,000001,Vente,4500000,11,B,RUE MANSART,1770,78000,78646,Versailles,78,,,78646000AL0087,,,,,,,,,,,,,0,2,Appartement,27,2,S,sols,,,3619,2.138628,48.815281
2023-1050041,2023-03-30,000001,Vente,4500000,11,B,RUE MANSART,1770,78000,78646,Versailles,78,,,78646000AL0087,,,,,,,,,,,,,0,2,Appartement,30,2,S,sols,,,3619,2.138628,48.815281
2023-1050041,2023-03-30,000001,Vente,4500000,11,B,RUE MANSART,1770,78000,78646,Versailles,78,,,78646000AL0087,,,,,,,,,,,,,0,2,Appartement,27,2,S,sols,,,3619,2.138628,48.815281
2023-1050041,2023-03-30,000001,Vente,4500000,11,B,RUE MANSART,1770,78000,78646,Versailles,78,,,78646000AL0087,,,,,,,,,,,,,0,2,Appartement,27,2,S,sols,,,3619,2.138628,48.815281
2023-1050041,2023-03-30,000001,Vente,4500000,11,B,RUE MANSART,1770,78000,78646,Versailles,78,,,78646000AL0087,,,,,,,,,,,,,0,2,Appartement,34,2,S,sols,,,3619,2.138628,48.815281
2023-1050041,2023-03-30,000001,Vente,4500000,11,B,RUE MANSART,1770,78000,78646,Versailles,78,,,78646000AL0087,,,,,,,,,,,,,0,2,Appartement,27,2,S,sols,,,3619,2.138628,48.815281
2023-1050041,2023-03-30,000001,Vente,4500000,11,B,RUE MANSART,1770,78000,78646,Versailles,78,,,78646000AL0087,,,,,,,,,,,,,0,2,Appartement,27,2,S,sols,,,3619,2.138628,48.815281
2023-1050041,2023-03-30,000001,Vente,4500000,11,B,RUE MANSART,1770,78000,78646,Versailles,78,,,78646000AL0087,,,,,,,,,,,,,0,2,Appartement,25,1,S,sols,,,3619,2.138628,48.815281
2023-1050041,2023-03-30,000001,Vente,4500000,11,B,RUE MANSART,1770,78000,78646,Versailles,78,,,78646000AL0087,,,,,,,,,,,,,0,2,Appartement,32,2,S,sols,,,3619,2.138628,48.815281
2023-1050041,2023-03-30,000001,Vente,4500000,11,B,RUE MANSART,1770,78000,78646,Versailles,78,,,78646000AL0087,,,,,,,,,,,,,0,2,Appartement,43,2,S,sols,,,3619,2.138628,48.815281
2023-1050041,2023-03-30,000001,Vente,4500000,11,B,RUE MANSART,1770,78000,78646,Versailles,78,,,78646000AL0087,,,,,,,,,,,,,0,2,Appartement,47,2,S,sols,,,3619,2.138628,48.815281
2023-1050041,2023-03-30,000001,Vente,4500000,11,B,RUE MANSART,1770,78000,78646,Versailles,78,,,78646000AL0087,,,,,,,,,,,,,0,2,Appartement,22,1,S,sols,,,3619,2.138628,48.815281
2023-1050041,2023-03-30,000001,Vente,4500000,11,B,RUE MANSART,1770,78000,78646,Versailles,78,,,78646000AL0087,,,,,,,,,,,,,0,2,Appartement,35,2,S,sols,,,3619,2.138628,48.815281
2023-1050041,2023-03-30,000001,Vente,4500000,11,B,RUE MANSART,1770,78000,78646,Versailles,78,,,78646000AL0087,,,,,,,,,,,,,0,2,Appartement,43,2,S,sols,,,3619,2.138628,48.815281
2023-1050041,2023-03-30,000001,Vente,4500000,11,B,RUE MANSART,1770,78000,78646,Versailles,78,,,78646000AL0087,,,,,,,,,,,,,0,2,Appartement,47,2,S,sols,,,3619,2.138628,48.815281
2023-1050041,2023-03-30,000001,Vente,4500000,11,B,RUE MANSART,1770,78000,78646,Versailles,78,,,78646000AL0087,,,,,,,,,,,,,0,2,Appartement,22,1,S,sols,,,3619,2.138628,48.815281
2023-1050041,2023-03-30,000001,Vente,4500000,11,B,RUE MANSART,1770,78000,78646,Versailles,78,,,78646000AL0087,,,,,,,,,,,,,0,2,Appartement,35,2,S,sols,,,3619,2.138628,48.815281
2023-1050041,2023-03-30,000001,Vente,4500000,11,B,RUE MANSART,1770,78000,78646,Versailles,78,,,78646000AL0087,,,,,,,,,,,,,0,2,Appartement,30,1,S,sols,,,3619,2.138628,48.815281
2023-1050041,2023-03-30,000001,Vente,4500000,11,B,RUE MANSART,1770,78000,78646,Versailles,78,,,78646000AL0087,,,,,,,,,,,,,0,2,Appartement,28,1,S,sols,,,3619,2.138628,48.815281
2023-1050041,2023-03-30,000001,Vente,4500000,11,B,RUE MANSART,1770,78000,78646,Versailles,78,,,78646000AL0087,,,,,,,,,,,,,0,2,Appartement,29,1,S,sols,,,3619,2.138628,48.815281
2023-1050041,2023-03-30,000001,Vente,4500000,11,B,RUE MANSART,1770,78000,78646,Versailles,78,,,78646000AL0087,,,,,,,,,,,,,0,2,Appartement,49,2,S,sols,,,3619,2.138628,48.815281
2023-1050041,2023-03-30,000001,Vente,4500000,11,B,RUE MANSART,1770,78000,78646,Versailles,78,,,78646000AL0087,,,,,,,,,,,,,0,2,Appartement,66,2,S,sols,,,3619,2.138628,48.815281
2023-1050041,2023-03-30,000001,Vente,4500000,11,B,RUE MANSART,1770,78000,78646,Versailles,78,,,78646000AL0087,,,,,,,,,,,,,0,3,Dépendance,,0,S,sols,,,3619,2.138628,48.815281
2023-1050041,2023-03-30,000001,Vente,4500000,11,B,RUE MANSART,1770,78000,78646,Versailles,78,,,78646000AL0087,,,,,,,,,,,,,0,3,Dépendance,,0,S,sols,,,3619,2.138628,48.815281
2023-1050041,2023-03-30,000001,Vente,4500000,11,B,RUE MANSART,1770,78000,78646,Versailles,78,,,78646000AL0087,,,,,,,,,,,,,0,3,Dépendance,,0,S,sols,,,3619,2.138628,48.815281
2023-1050041,2023-03-30,000001,Vente,4500000,11,B,RUE MANSART,1770,78000,78646,Versailles,78,,,78646000AL0087,,,,,,,,,,,,,0,3,Dépendance,,0,S,sols,,,3619,2.138628,48.815281
2023-1050041,2023-03-30,000001,Vente,4500000,11,B,RUE MANSART,1770,78000,78646,Versailles,78,,,78646000AL0087,,,,,,,,,,,,,0,3,Dépendance,,0,S,sols,,,3619,2.138628,48.815281
2023-1050041,2023-03-30,000001,Vente,4500000,11,B,RUE MANSART,1770,78000,78646,Versailles,78,,,78646000AL0087,,,,,,,,,,,,,0,3,Dépendance,,0,S,sols,,,3619,2.138628,48.815281
2023-1050041,2023-03-30,000001,Vente,4500000,11,B,RUE MANSART,1770,78000,78646,Versailles,78,,,78646000AL0087,,,,,,,,,,,,,0,3,Dépendance,,0,S,sols,,,3619,2.138628,48.815281
2023-1050041,2023-03-30,000001,Vente,4500000,11,B,RUE MANSART,1770,78000,78646,Versailles,78,,,78646000AL0087,,,,,,,,,,,,,0,2,Appartement,27,2,S,sols,,,3619,2.138628,48.815281
2023-1050041,2023-03-30,000001,Vente,4500000,11,B,RUE MANSART,1770,78000,78646,Versailles,78,,,78646000AL0087,,,,,,,,,,,,,0,2,Appartement,27,2,S,sols,,,3619,2.138628,48.815281
2023-1050041,2023-03-30,000001,Vente,4500000,11,B,RUE MANSART,1770,78000,78646,Versailles,78,,,78646000AL0087,,,,,,,,,,,,,0,2,Appartement,29,1,S,sols,,,3619,2.138628,48.815281
2023-1050041,2023-03-30,000001,Vente,4500000,11,B,RUE MANSART,1770,78000,78646,Versailles,78,,,78646000AL0087,,,,,,,,,,,,,0,2,Appartement,27,2,S,sols,,,3619,2.138628,48.815281
2023-1050041,2023-03-30,000001,Vente,4500000,11,B,RUE MANSART,1770,78000,78646,Versailles,78,,,78646000AL0087,,,,,,,,,,,,,0,2,Appartement,27,2,S,sols,,,3619,2.138628,48.815281
2023-1050041,2023-03-30,000001,Vente,4500000,11,B,RUE MANSART,1770,78000,78646,Versailles,78,,,78646000AL0087,,,,,,,,,,,,,0,2,Appartement,27,2,S,sols,,,3619,2.138628,48.815281
2023-1050041,2023-03-30,000001,Vente,4500000,11,B,RUE MANSART,1770,78000,78646,Versailles,78,,,78646000AL0087,,,,,,,,,,,,,0,2,Appartement,27,2,S,sols,,,3619,2.138628,48.815281
2023-1050041,2023-03-30,000001,Vente,4500000,11,B,RUE MANSART,1770,78000,78646,Versailles,78,,,78646000AL0087,,,,,,,,,,,,,0,2,Appartement,27,1,S,sols,,,3619,2.138628,48.815281
2023-1050041,2023-03-30,000001,Vente,4500000,11,B,RUE MANSART,1770,78000,78646,Versailles,78,,,78646000AL0087,,,,,,,,,,,,,0,2,Appartement,28,1,S,sols,,,3619,2.138628,48.815281
2023-1050041,2023-03-30,000001,Vente,4500000,11,B,RUE MANSART,1770,78000,78646,Versailles,78,,,78646000AL0087,,,,,,,,,,,,,0,3,Dépendance,,0,S,sols,,,3619,2.138628,48.815281
2023-1050041,2023-03-30,000001,Vente,4500000,11,B,RUE MANSART,1770,78000,78646,Versailles,78,,,78646000AL0087,,,,,,,,,,,,,0,2,Appartement,21,1,S,sols,,,3619,2.138628,48.815281
2023-1050041,2023-03-30,000001,Vente,4500000,11,B,RUE MANSART,1770,78000,78646,Versailles,78,,,78646000AL0087,,,,,,,,,,,,,0,2,Appartement,25,1,S,sols,,,3619,2.138628,48.815281
2023-1050041,2023-03-30,000001,Vente,4500000,11,B,RUE MANSART,1770,78000,78646,Versailles,78,,,78646000AL0087,,,,,,,,,,,,,0,2,Appartement,27,2,S,sols,,,3619,2.138628,48.815281
2023-1050041,2023-03-30,000001,Vente,4500000,11,B,RUE MANSART,1770,78000,78646,Versailles,78,,,78646000AL0087,,,,,,,,,,,,,0,2,Appartement,29,2,S,sols,,,3619,2.138628,48.815281
2023-1050041,2023-03-30,000001,Vente,4500000,11,B,RUE MANSART,1770,78000,78646,Versailles,78,,,78646000AL0087,,,,,,,,,,,,,0,2,Appartement,27,2,S,sols,,,3619,2.138628,48.815281
2023-1050041,2023-03-30,000001,Vente,4500000,11,B,RUE MANSART,1770,78000,78646,Versailles,78,,,78646000AL0087,,,,,,,,,,,,,0,2,Appartement,27,2,S,sols,,,3619,2.138628,48.815281
2023-1050041,2023-03-30,000001,Vente,4500000,11,B,RUE MANSART,1770,78000,78646,Versailles,78,,,78646000AL0087,,,,,,,,,,,,,0,2,Appartement,27,2,S,sols,,,3619,2.138628,48.815281
2023-1050041,2023-03-30,000001,Vente,4500000,11,B,RUE MANSART,1770,78000,78646,Versailles,78,,,78646000AL0087,,,,,,,,,,,,,0,3,Dépendance,,0,S,sols,,,3619,2.138628,48.815281
2023-1050041,2023-03-30,000001,Vente,4500000,11,B,RUE MANSART,1770,78000,78646,Versailles,78,,,78646000AL0087,,,,,,,,,,,,,0,3,Dépendance,,0,S,sols,,,3619,2.138628,48.815281
2023-1050041,2023-03-30,000001,Vente,4500000,11,B,RUE MANSART,1770,78000,78646,Versailles,78,,,78646000AL0087,,,,,,,,,,,,,0,3,Dépendance,,0,S,sols,,,3619,2.138628,48.815281
2023-1050041,2023-03-30,000001,Vente,4500000,11,B,RUE MANSART,1770,78000,78646,Versailles,78,,,78646000AL0087,,,,,,,,,,,,,0,3,Dépendance,,0,S,sols,,,3619,2.138628,48.815281
2023-1050041,2023-03-30,000001,Vente,4500000,11,B,RUE MANSART,1770,78000,78646,Versailles,78,,,78646000AL0087,,,,,,,,,,,,,0,3,Dépendance,,0,S,sols,,,3619,2.138628,48.815281
2023-1050041,2023-03-30,000001,Vente,4500000,11,B,RUE MANSART,1770,78000,78646,Versailles,78,,,78646000AL0087,,,,,,,,,,,,,0,2,Appartement,23,1,S,sols,,,3619,2.138628,48.815281
2023-1050041,2023-03-30,000001,Vente,4500000,11,B,RUE MANSART,1770,78000,78646,Versailles,78,,,78646000AL0087,,,,,,,,,,,,,0,2,Appartement,43,2,S,sols,,,3619,2.138628,48.815281
2023-1050041,2023-03-30,000001,Vente,4500000,11,B,RUE MANSART,1770,78000,78646,Versailles,78,,,78646000AL0087,,,,,,,,,,,,,0,2,Appartement,23,1,S,sols,,,3619,2.138628,48.815281
2023-1050041,2023-03-30,000001,Vente,4500000,11,B,RUE MANSART,1770,78000,78646,Versailles,78,,,78646000AL0087,,,,,,,,,,,,,0,2,Appartement,41,2,S,sols,,,3619,2.138628,48.815281
2023-1050041,2023-03-30,000001,Vente,4500000,11,B,RUE MANSART,1770,78000,78646,Versailles,78,,,78646000AL0087,,,,,,,,,,,,,0,2,Appartement,30,2,S,sols,,,3619,2.138628,48.815281
2023-1050041,2023-03-30,000001,Vente,4500000,11,B,RUE MANSART,1770,78000,78646,Versailles,78,,,78646000AL0087,,,,,,,,,,,,,0,2,Appartement,31,2,S,sols,,,3619,2.138628,48.815281
2023-1050041,2023-03-30,000001,Vente,4500000,11,B,RUE MANSART,1770,78000,78646,Versailles,78,,,78646000AL0087,,,,,,,,,,,,,0,2,Appartement,21,1,S,sols,,,3619,2.138628,48.815281
2023-1050041,2023-03-30,000001,Vente,4500000,11,B,RUE MANSART,1770,78000,78646,Versailles,78,,,78646000AL0087,,,,,,,,,,,,,0,2,Appartement,31,2,S,sols,,,3619,2.138628,48.815281
2023-1050041,2023-03-30,000001,Vente,4500000,11,B,RUE MANSART,1770,78000,78646,Versailles,78,,,78646000AL0087,,,,,,,,,,,,,0,2,Appartement,29,1,S,sols,,,3619,2.138628,48.815281
2023-1050041,2023-03-30,000001,Vente,4500000,11,B,RUE MANSART,1770,78000,78646,Versailles,78,,,78646000AL0087,,,,,,,,,,,,,0,2,Appartement,30,1,S,sols,,,3619,2.138628,48.815281
2023-1050041,2023-03-30,000001,Vente,4500000,11,B,RUE MANSART,1770,78000,78646,Versailles,78,,,78646000AL0087,,,,,,,,,,,,,0,2,Appartement,21,1,S,sols,,,3619,2.138628,48.815281
2023-1050041,2023-03-30,000001,Vente,4500000,11,B,RUE MANSART,1770,78000,78646,Versailles,78,,,78646000AL0087,,,,,,,,,,,,,0,2,Appartement,32,2,S,sols,,,3619,2.138628,48.815281
2023-1050041,2023-03-30,000001,Vente,4500000,11,B,RUE MANSART,1770,78000,78646,Versailles,78,,,78646000AL0087,,,,,,,,,,,,,0,2,Appartement,21,1,S,sols,,,3619,2.138628,48.815281
2023-1050041,2023-03-30,000001,Vente,4500000,11,B,RUE MANSART,1770,78000,78646,Versailles,78,,,78646000AL0087,,,,,,,,,,,,,0,2,Appartement,23,1,S,sols,,,3619,2.138628,48.815281
2023-1050041,2023-03-30,000001,Vente,4500000,11,B,RUE MANSART,1770,78000,78646,Versailles,78,,,78646000AL0087,,,,,,,,,,,,,0,2,Appartement,46,2,S,sols,,,3619,2.138628,48.815281
2023-1050041,2023-03-30,000001,Vente,4500000,11,B,RUE MANSART,1770,78000,78646,Versailles,78,,,78646000AL0087,,,,,,,,,,,,,0,3,Dépendance,,0,S,sols,,,3619,2.138628,48.815281
2023-1050041,2023-03-30,000001,Vente,4500000,11,B,RUE MANSART,1770,78000,78646,Versailles,78,,,78646000AL0087,,,,,,,,,,,,,0,3,Dépendance,,0,S,sols,,,3619,2.138628,48.815281
2023-1050041,2023-03-30,000001,Vente,4500000,11,B,RUE MANSART,1770,78000,78646,Versailles,78,,,78646000AL0087,,,,,,,,,,,,,0,3,Dépendance,,0,S,sols,,,3619,2.138628,48.815281
2023-1050041,2023-03-30,000001,Vente,4500000,11,B,RUE MANSART,1770,78000,78646,Versailles,78,,,78646000AL0087,,,,,,,,,,,,,0,3,Dépendance,,0,S,sols,,,3619,2.138628,48.815281
2023-1050041,2023-03-30,000001,Vente,4500000,11,B,RUE MANSART,1770,78000,78646,Versailles,78,,,78646000AL0087,,,,,,,,,,,,,0,3,Dépendance,,0,S,sols,,,3619,2.138628,48.815281
2023-1050041,2023-03-30,000001,Vente,4500000,11,B,RUE MANSART,1770,78000,78646,Versailles,78,,,78646000AL0087,,,,,,,,,,,,,0,3,Dépendance,,0,S,sols,,,3619,2.138628,48.815281
2023-1050041,2023-03-30,000001,Vente,4500000,11,B,RUE MANSART,1770,78000,78646,Versailles,78,,,78646000AL0087,,,,,,,,,,,,,0,3,Dépendance,,0,S,sols,,,3619,2.138628,48.815281
2023-1050041,2023-03-30,000001,Vente,4500000,11,B,RUE MANSART,1770,78000,78646,Versailles,78,,,78646000AL0087,,,,,,,,,,,,,0,3,Dépendance,,0,S,sols,,,3619,2.138628,48.815281
2023-1050041,2023-03-30,000001,Vente,4500000,11,B,RUE MANSART,1770,78000,78646,Versailles,78,,,78646000AL0087,,,,,,,,,,,,,0,3,Dépendance,,0,S,sols,,,3619,2.138628,48.815281
2023-1050041,2023-03-30,000001,Vente,4500000,11,B,RUE MANSART,1770,78000,78646,Versailles,78,,,78646000AL0087,,,,,,,,,,,,,0,3,Dépendance,,0,S,sols,,,3619,2.138628,48.815281
2023-1050041,2023-03-30,000001,Vente,4500000,11,B,RUE MANSART,1770,78000,78646,Versailles,78,,,78646000AL0087,,,,,,,,,,,,,0,3,Dépendance,,0,S,sols,,,3619,2.138628,48.815281
2023-1050041,2023-03-30,000001,Vente,4500000,11,B,RUE MANSART,1770,78000,78646,Versailles,78,,,78646000AL0087,,,,,,,,,,,,,0,3,Dépendance,,0,S,sols,,,3619,2.138628,48.815281
2023-1050041,2023-03-30,000001,Vente,4500000,11,B,RUE MANSART,1770,78000,78646,Versailles,78,,,78646000AL0087,,,,,,,,,,,,,0,3,Dépendance,,0,S,sols,,,3619,2.138628,48.815281
2023-1050041,2023-03-30,000001,Vente,4500000,11,B,RUE MANSART,1770,78000,78646,Versailles,78,,,78646000AL0087,,,,,,,,,,,,,0,3,Dépendance,,0,S,sols,,,3619,2.138628,48.815281
2023-1050049,2023-04-12,000001,Vente,870012,20,,RUE DE PROVENCE,2460,78000,78646,Versailles,78,,,78646000AX0442,,,363,,386,111.22,,,,,,,2,2,Appartement,111,5,,,,,,2.140987,48.807165
2023-1050049,2023-04-12,000001,Vente,870012,20,,RUE DE PROVENCE,2460,78000,78646,Versailles,78,,,78646000AX0442,,,363,,386,111.22,,,,,,,2,3,Dépendance,,0,,,,,,2.140987,48.807165
2023-1050049,2023-04-12,000001,Vente,870012,20,,RUE DE PROVENCE,2460,78000,78646,Versailles,78,,,78646000AX0442,,,89,,,,,,,,,,1,3,Dépendance,,0,,,,,,2.140987,48.807165
2023-1050053,2023-03-24,000001,Vente,355000,17,T,RUE DU PONT COLBERT,2370,78000,78646,Versailles,78,,,78646000BI0022,,,478,76.05,,,,,,,,,1,3,Dépendance,,0,,,,,,2.149624,48.789909
2023-1050053,2023-03-24,000001,Vente,355000,17,T,RUE DU PONT COLBERT,2370,78000,78646,Versailles,78,,,78646000BI0022,,,478,76.05,,,,,,,,,1,2,Appartement,77,4,,,,,,2.149624,48.789909
2023-1050081,2023-04-07,000001,Vente,14950,12,,AV DE PORCHEFONTAINE,2380,78000,78646,Versailles,78,,,78646000BK0021,,,1715,,,,,,,,,,1,3,Dépendance,,0,,,,,,2.152071,48.797176
2023-1050098,2023-04-17,000001,Vente en l'état futur d'achèvement,48000,104,,AV DE PARIS,2180,78000,78646,Versailles,78,,,78646000BK0019,,,56,,,,,,,,,,1,3,Dépendance,,0,,,,,,2.150393,48.797197
2023-1050123,2023-04-17,000001,Vente,1810000,32,,RUE ROYALE,2648,78000,78646,Versailles,78,,,78646000BV0101,,,,,,,,,,,,,0,4,Local industriel. commercial ou assimilé,280,0,S,sols,,,106,2.126197,48.797173
2023-1050128,2023-04-14,000001,Vente,726300,5,,RUE DU MAL JOFFRE,1820,78000,78646,Versailles,78,,,78646000BV0052,,,28,78.04,29,78.04,80,,,,,,3,3,Dépendance,,0,,,,,,2.124321,48.799107
2023-1050128,2023-04-14,000001,Vente,726300,5,,RUE DU MAL JOFFRE,1820,78000,78646,Versailles,78,,,78646000BV0052,,,28,78.04,29,78.04,80,,,,,,3,2,Appartement,83,4,,,,,,2.124321,48.799107
2023-1050130,2023-04-17,000001,Vente,570000,2,,RUE EUDORE SOULIE,1010,78000,78646,Versailles,78,,,78646000AE0377,,,31,84.74,38,,,,,,,,2,3,Dépendance,,0,,,,,,2.123888,48.80535
2023-1050130,2023-04-17,000001,Vente,570000,2,,RUE EUDORE SOULIE,1010,78000,78646,Versailles,78,,,78646000AE0377,,,31,84.74,38,,,,,,,,2,2,Appartement,81,4,,,,,,2.123888,48.80535
2023-1050211,2023-04-19,000001,Vente,18000,14,,BD DE LA REPUBLIQUE,2570,78000,78646,Versailles,78,,,78646000AX0484,,,44,,,,,,,,,,1,3,Dépendance,,0,,,,,,2.147475,48.806773
2023-1050217,2023-04-11,000001,Vente,578000,49,,RUE PORTE DE BUC,2390,78000,78646,Versailles,78,,,78646000BM0015,,,6,,,,,,,,,,1,3,Dépendance,,0,,,,,,2.135624,48.79021
2023-1050217,2023-04-11,000001,Vente,578000,49,,RUE PORTE DE BUC,2390,78000,78646,Versailles,78,,,78646000BM0015,,,2,,,,,,,,,,1,2,Appartement,106,1,,,,,,2.135624,48.79021
2023-1050221,2023-04-14,000001,Vente,345000,20,,RUE DE PROVENCE,2460,78000,78646,Versailles,78,,,78646000AX0442,,,402,,411,37.31,,,,,,,2,3,Dépendance,,0,,,,,,2.140987,48.807165
2023-1050221,2023-04-14,000001,Vente,345000,20,,RUE DE PROVENCE,2460,78000,78646,Versailles,78,,,78646000AX0442,,,156,,,,,,,,,,1,3,Dépendance,,0,,,,,,2.140987,48.807165
2023-1050221,2023-04-14,000001,Vente,345000,20,,RUE DE PROVENCE,2460,78000,78646,Versailles,78,,,78646000AX0442,,,402,,411,37.31,,,,,,,2,2,Appartement,38,1,,,,,,2.140987,48.807165
2023-1050225,2023-03-20,000001,Vente,1285000,34,,RUE DES MISSIONNAIRES,1920,78000,78646,Versailles,78,,,78646000AD0327,,,1,132.76,4,,,,,,,,2,2,Appartement,128,6,,,,,,2.134334,48.812132
2023-1050225,2023-03-20,000001,Vente,1285000,34,,RUE DES MISSIONNAIRES,1920,78000,78646,Versailles,78,,,78646000AD0327,,,14,,,,,,,,,,1,3,Dépendance,,0,,,,,,2.134334,48.812132
2023-1050225,2023-03-20,000001,Vente,1285000,34,,RUE DES MISSIONNAIRES,1920,78000,78646,Versailles,78,,,78646000AD0327,,,1,132.76,4,,,,,,,,2,3,Dépendance,,0,,,,,,2.134334,48.812132
2023-1050236,2023-03-23,000001,Vente,2800000,10,,ALL PIERRE DE COUBERTIN,2310,78000,78646,Versailles,78,,,78646000BP0220,,,,,,,,,,,,,0,4,Local industriel. commercial ou assimilé,360,0,S,sols,,,650,2.136889,48.801825
2023-1050242,2023-04-14,000001,Vente,395000,6,,RUE LOUIS HAUSSMANN,1679,78000,78646,Versailles,78,,,78646000AS0036,,,1,,236,60.03,,,,,,,2,2,Appartement,62,3,,,,,,2.147113,48.809569
2023-1050242,2023-04-14,000001,Vente,395000,6,,RUE LOUIS HAUSSMANN,1679,78000,78646,Versailles,78,,,78646000AS0036,,,1,,236,60.03,,,,,,,2,3,Dépendance,,0,,,,,,2.147113,48.809569
2023-1050242,2023-04-14,000001,Vente,395000,6,,RUE LOUIS HAUSSMANN,1679,78000,78646,Versailles,78,,,78646000AS0036,,,43,,,,,,,,,,1,3,Dépendance,,0,,,,,,2.147113,48.809569
2023-1050254,2023-04-14,000001,Vente en l'état futur d'achèvement,2972,45,,RUE DES CHANTIERS,0530,78000,78646,Versailles,78,,,78646000BL0460,,,80,,,,,,,,,,1,,,,,,,,,,2.141485,48.794943
2023-1050297,2023-03-28,000001,Vente,900000,6,,RUE JACQUES LEMERCIER,1420,78000,78646,Versailles,78,,,78646000AO0161,,,209,135.37,,,,,,,,,1,2,Appartement,132,6,,,,,,2.146422,48.814501
2023-1050297,2023-03-28,000001,Vente,900000,6,,RUE JACQUES LEMERCIER,1420,78000,78646,Versailles,78,,,78646000AO0161,,,12,,,,,,,,,,1,3,Dépendance,,0,,,,,,2.146422,48.814501
2023-1050297,2023-03-28,000001,Vente,900000,6,,RUE JACQUES LEMERCIER,1420,78000,78646,Versailles,78,,,78646000AO0161,,,13,,,,,,,,,,1,3,Dépendance,,0,,,,,,2.146422,48.814501
2023-1050297,2023-03-28,000001,Vente,900000,4,B,RUE JACQUES LEMERCIER,1420,78000,78646,Versailles,78,,,78646000AO0161,,,102,,209,135.37,,,,,,,2,3,Dépendance,,0,,,,,,2.146422,48.814501
2023-1050304,2023-04-19,000001,Vente,18000,14,,BD DE LA REPUBLIQUE,2570,78000,78646,Versailles,78,,,78646000AX0484,,,49,,,,,,,,,,1,3,Dépendance,,0,,,,,,2.147475,48.806773
2023-1050317,2023-04-13,000001,Vente,80000,6,,RUE DES ETATS GENERAUX,0980,78000,78646,Versailles,78,,,78646000BR0011,,,10,14.98,,,,,,,,,1,2,Appartement,24,1,,,,,,2.131601,48.800799
2023-1050327,2023-04-21,000001,Vente,200000,8,,RUE RICHAUD,2610,78000,78646,Versailles,78,,,78646000AI0203,,,19,26.33,28,,,,,,,,2,3,Dépendance,,0,,,,,,2.133252,48.807358
2023-1050327,2023-04-21,000001,Vente,200000,8,,RUE RICHAUD,2610,78000,78646,Versailles,78,,,78646000AI0203,,,19,26.33,28,,,,,,,,2,2,Appartement,28,2,,,,,,2.133252,48.807358
2023-1050328,2023-04-07,000001,Vente,325000,42,,RUE DE VERGENNES,3150,78000,78646,Versailles,78,,,78646000BS0050,,,14,53.84,25,,,,,,,,2,2,Appartement,50,2,,,,,,2.137321,48.796949
2023-1050328,2023-04-07,000001,Vente,325000,42,,RUE DE VERGENNES,3150,78000,78646,Versailles,78,,,78646000BS0050,,,26,,,,,,,,,,1,3,Dépendance,,0,,,,,,2.137321,48.796949
2023-1050328,2023-04-07,000001,Vente,325000,42,,RUE DE VERGENNES,3150,78000,78646,Versailles,78,,,78646000BS0050,,,14,53.84,25,,,,,,,,2,3,Dépendance,,0,,,,,,2.137321,48.796949
2023-1050328,2023-04-07,000001,Vente,325000,42,,RUE DE VERGENNES,3150,78000,78646,Versailles,78,,,78646000BS0050,,,14,53.84,25,,,,,,,,2,3,Dépendance,,0,,,,,,2.137321,48.796949
2023-1050331,2023-04-14,000001,Vente,594500,7,,AV DE L AMIRAL SERRE,0150,78000,78646,Versailles,78,,,78646000AL0138,,,103,88.56,426,,,,,,,,2,2,Appartement,89,4,,,,,,2.139473,48.817747
2023-1050331,2023-04-14,000001,Vente,594500,7,,AV DE L AMIRAL SERRE,0150,78000,78646,Versailles,78,,,78646000AL0138,,,103,88.56,426,,,,,,,,2,3,Dépendance,,0,,,,,,2.139473,48.817747
2023-1050331,2023-04-14,000001,Vente,594500,7,,AV DE L AMIRAL SERRE,0150,78000,78646,Versailles,78,,,78646000AL0138,,,486,,,,,,,,,,1,3,Dépendance,,0,,,,,,2.139473,48.817747
2023-1050334,2023-04-14,000001,Vente,1061359,5,,ALL PIERRE DE COUBERTIN,2310,78000,78646,Versailles,78,,,78646000BP0248,,,102,96.5,,,,,,,,,1,2,Appartement,96,4,,,,,,2.136505,48.80286
2023-1050334,2023-04-14,000001,Vente,1061359,5,,ALL PIERRE DE COUBERTIN,2310,78000,78646,Versailles,78,,,78646000BP0248,,,138,,,,,,,,,,1,3,Dépendance,,0,,,,,,2.136505,48.80286
2023-1050334,2023-04-14,000001,Vente,1061359,5,,ALL PIERRE DE COUBERTIN,2310,78000,78646,Versailles,78,,,78646000BP0248,,,102,96.5,,,,,,,,,1,3,Dépendance,,0,,,,,,2.136505,48.80286
2023-1050344,2023-04-12,000001,Vente,474000,2,,RUE JEAN MERMOZ,1460,78000,78646,Versailles,78,,,78646000BN0167,,,664,,,,,,,,,,1,3,Dépendance,,0,,,,,,2.142752,48.797871
2023-1050344,2023-04-12,000001,Vente,474000,76,,AV DE PARIS,2180,78000,78646,Versailles,78,,,78646000BN0167,,,423,69.6,749,,,,,,,,2,3,Dépendance,,0,,,,,,2.142752,48.797871
2023-1050344,2023-04-12,000001,Vente,474000,76,,AV DE PARIS,2180,78000,78646,Versailles,78,,,78646000BN0167,,,423,69.6,749,,,,,,,,2,2,Appartement,67,2,,,,,,2.142752,48.797871
2023-1050346,2023-04-05,000001,Vente,2445720,21,,RUE DES BOURDONNAIS,0400,78000,78646,Versailles,78,,,78646000BT0206,,,,,,,,,,,,,0,1,Maison,220,5,S,sols,,,548,2.126727,48.795749
2023-1050348,2023-03-30,000001,Vente,3040000,9,,RUE HOCHE,1350,78000,78646,Versailles,78,,,78646000AE0196,,,,,,,,,,,,,0,3,Dépendance,,0,S,sols,,,238,2.127812,48.806645
2023-1050348,2023-03-30,000001,Vente,3040000,9,,RUE HOCHE,1350,78000,78646,Versailles,78,,,78646000AE0196,,,,,,,,,,,,,0,2,Appartement,35,2,S,sols,,,238,2.127812,48.806645
2023-1050348,2023-03-30,000001,Vente,3040000,9,,RUE HOCHE,1350,78000,78646,Versailles,78,,,78646000AE0196,,,,,,,,,,,,,0,2,Appartement,46,2,S,sols,,,238,2.127812,48.806645
2023-1050348,2023-03-30,000001,Vente,3040000,9,,RUE HOCHE,1350,78000,78646,Versailles,78,,,78646000AE0196,,,,,,,,,,,,,0,2,Appartement,33,1,S,sols,,,238,2.127812,48.806645
2023-1050348,2023-03-30,000001,Vente,3040000,9,,RUE HOCHE,1350,78000,78646,Versailles,78,,,78646000AE0196,,,,,,,,,,,,,0,2,Appartement,56,2,S,sols,,,238,2.127812,48.806645
2023-1050348,2023-03-30,000001,Vente,3040000,9,,RUE HOCHE,1350,78000,78646,Versailles,78,,,78646000AE0196,,,,,,,,,,,,,0,2,Appartement,33,1,S,sols,,,238,2.127812,48.806645
2023-1050348,2023-03-30,000001,Vente,3040000,9,,RUE HOCHE,1350,78000,78646,Versailles,78,,,78646000AE0196,,,,,,,,,,,,,0,4,Local industriel. commercial ou assimilé,64,0,S,sols,,,238,2.127812,48.806645
2023-1050348,2023-03-30,000001,Vente,3040000,9,,RUE HOCHE,1350,78000,78646,Versailles,78,,,78646000AE0196,,,,,,,,,,,,,0,4,Local industriel. commercial ou assimilé,98,0,S,sols,,,238,2.127812,48.806645
2023-1050348,2023-03-30,000001,Vente,3040000,9,,RUE HOCHE,1350,78000,78646,Versailles,78,,,78646000AE0196,,,,,,,,,,,,,0,3,Dépendance,,0,S,sols,,,238,2.127812,48.806645
2023-1050348,2023-03-30,000001,Vente,3040000,9,,RUE HOCHE,1350,78000,78646,Versailles,78,,,78646000AE0196,,,,,,,,,,,,,0,2,Appartement,32,1,S,sols,,,238,2.127812,48.806645
2023-1050348,2023-03-30,000001,Vente,3040000,9,,RUE HOCHE,1350,78000,78646,Versailles,78,,,78646000AE0196,,,,,,,,,,,,,0,2,Appartement,32,1,S,sols,,,238,2.127812,48.806645
2023-1050348,2023-03-30,000001,Vente,3040000,9,,RUE HOCHE,1350,78000,78646,Versailles,78,,,78646000AE0196,,,,,,,,,,,,,0,2,Appartement,24,1,S,sols,,,238,2.127812,48.806645
2023-1050348,2023-03-30,000001,Vente,3040000,9,,RUE HOCHE,1350,78000,78646,Versailles,78,,,78646000AE0196,,,,,,,,,,,,,0,3,Dépendance,,0,S,sols,,,238,2.127812,48.806645
2023-1050354,2023-04-03,000001,Vente,1774234,16,,RUE JACQUES LEMERCIER,1420,78000,78646,Versailles,78,,,78646000AO0119,,,,,,,,,,,,,0,1,Maison,150,6,S,sols,,,890,2.148519,48.813709
2023-1050365,2023-04-21,000001,Vente,334575,62,,RUE CHAMP LAGARDE,0490,78000,78646,Versailles,78,,,78646000AY0096,,,35,,8,52.26,,,,,,,2,3,Dépendance,,0,,,,,,2.149716,48.801763
2023-1050365,2023-04-21,000001,Vente,334575,62,,RUE CHAMP LAGARDE,0490,78000,78646,Versailles,78,,,78646000AY0096,,,35,,8,52.26,,,,,,,2,2,Appartement,54,3,,,,,,2.149716,48.801763
2023-1050372,2023-04-14,000001,Vente,275750,35,,RUE ALBERT JOLY,0050,78000,78646,Versailles,78,,,78646000AR0015,,,16,,59,,6,37.25,,,,,3,3,Dépendance,,0,,,,,,2.141459,48.810248
2023-1050372,2023-04-14,000001,Vente,275750,35,,RUE ALBERT JOLY,0050,78000,78646,Versailles,78,,,78646000AR0015,,,16,,59,,6,37.25,,,,,3,2,Appartement,39,2,,,,,,2.141459,48.810248
2023-1050386,2023-03-31,000001,Vente,340000,10,,RUE DU GENERAL LECLERC,1145,78000,78646,Versailles,78,,,78646000BV0062,,,28,51.06,,,,,,,,,1,4,Local industriel. commercial ou assimilé,51,0,,,,,,2.125267,48.799157
2023-1050389,2023-04-06,000001,Vente,507000,4,,RUE JEAN MERMOZ,1460,78000,78646,Versailles,78,,,78646000BN0167,,,119,79,636,,,,,,,,2,3,Dépendance,,0,,,,,,2.142752,48.797871
2023-1050389,2023-04-06,000001,Vente,507000,2,,RUE JEAN MERMOZ,1460,78000,78646,Versailles,78,,,78646000BN0167,,,582,,,,,,,,,,1,3,Dépendance,,0,,,,,,2.142752,48.797871
2023-1050389,2023-04-06,000001,Vente,507000,4,,RUE JEAN MERMOZ,1460,78000,78646,Versailles,78,,,78646000BN0167,,,119,79,636,,,,,,,,2,2,Appartement,81,4,,,,,,2.142752,48.797871
2023-1050402,2023-04-17,000001,Vente,270000,17,T,RUE DU PONT COLBERT,2370,78000,78646,Versailles,78,,,78646000BI0022,,,431,62.61,,,,,,,,,1,2,Appartement,64,4,,,,,,2.149624,48.789909
2023-1050402,2023-04-17,000001,Vente,270000,17,T,RUE DU PONT COLBERT,2370,78000,78646,Versailles,78,,,78646000BI0022,,,431,62.61,,,,,,,,,1,3,Dépendance,,0,,,,,,2.149624,48.789909
2023-1050415,2023-03-31,000001,Vente,20000,27,,RUE LAFAYETTE,1580,78000,78646,Versailles,78,,,78646000AD0220,,,7,,,,,,,,,,1,3,Dépendance,,0,,,,,,2.128157,48.81239
2023-1050418,2023-03-30,000001,Vente,341027.56,1,,RUE BORGNIS DESBORDES,0395,78000,78646,Versailles,78,,,78646000BW0225,,,2034,41.84,,,,,,,,,1,2,Appartement,42,2,,,,,,2.122858,48.795353
2023-1050418,2023-03-30,000001,Vente,341027.56,1,,RUE BORGNIS DESBORDES,0395,78000,78646,Versailles,78,,,78646000BW0225,,,6012,,,,,,,,,,1,3,Dépendance,,0,,,,,,2.122858,48.795353
2023-1050422,2023-04-04,000001,Vente,305050,17,T,RUE DU PONT COLBERT,2370,78000,78646,Versailles,78,,,78646000BI0022,,,338,63.21,,,,,,,,,1,3,Dépendance,,0,,,,,,2.149624,48.789909
2023-1050422,2023-04-04,000001,Vente,305050,17,T,RUE DU PONT COLBERT,2370,78000,78646,Versailles,78,,,78646000BI0022,,,338,63.21,,,,,,,,,1,2,Appartement,67,4,,,,,,2.149624,48.789909
2023-1050423,2023-04-20,000001,Vente,350000,57,,RUE D ANJOU,0190,78000,78646,Versailles,78,,,78646000BT0176,,,102,39.53,,,,,,,,,1,2,Appartement,40,2,,,,,,2.129669,48.796409
2023-1050423,2023-04-20,000001,Vente,350000,57,,RUE D ANJOU,0190,78000,78646,Versailles,78,,,78646000BT0176,,,137,,,,,,,,,,1,3,Dépendance,,0,,,,,,2.129669,48.796409
2023-1050429,2023-04-13,000001,Vente,207000,4,,RUE DE MONTREUIL,2000,78000,78646,Versailles,78,,,78646000AX0421,,,6,30.49,9,,,,,,,,2,3,Dépendance,,0,,,,,,2.142028,48.805304
2023-1050429,2023-04-13,000001,Vente,207000,4,,RUE DE MONTREUIL,2000,78000,78646,Versailles,78,,,78646000AX0421,,,6,30.49,9,,,,,,,,2,2,Appartement,32,2,,,,,,2.142028,48.805304
2023-1050478,2023-04-07,000001,Vente,745000,28,,RUE JEAN DE LA FONTAINE,1439,78000,78646,Versailles,78,,,78646000BE0277,,,,,,,,,,,,,0,1,Maison,98,5,S,sols,,,403,2.160711,48.797133
2023-1050555,2023-04-21,000001,Vente,1700000,7,,RUE ALEXANDRE LANGE,0120,78000,78646,Versailles,78,,,78646000AL0121,,,,,,,,,,,,,0,1,Maison,177,8,S,sols,,,309,2.138228,48.816012
2023-1050608,2023-04-04,000001,Echange,12500,30,,RUE DE VERGENNES,3150,78000,78646,Versailles,78,,,78646000BS0041,,,26,,,,,,,,,,1,3,Dépendance,,0,,,,,,2.137069,48.797479
2023-1050608,2023-04-04,000001,Echange,12500,30,,RUE DE VERGENNES,3150,78000,78646,Versailles,78,,,78646000BS0041,,,26,,,,,,,,,,1,2,Appartement,28,2,,,,,,2.137069,48.797479
2023-1050608,2023-04-04,000001,Echange,12500,30,,RUE DE VERGENNES,3150,78000,78646,Versailles,78,,,78646000BS0041,,,26,,,,,,,,,,1,3,Dépendance,,0,,,,,,2.137069,48.797479
2023-1050635,2023-04-21,000001,Vente,620000,6,,RUE FRAGONARD,1043,78000,78646,Versailles,78,,,78646000AZ0152,,,,,,,,,,,,,0,1,Maison,68,3,S,sols,,,194,2.159759,48.806
2023-1050674,2023-04-21,000001,Vente en l'état futur d'achèvement,353000,,,LA SABLIERE,B029,78000,78646,Versailles,78,,,78646000BY0108,,,316,,,,,,,,,,1,,,,,,,,,,2.079319,48.802074
2023-1050706,2023-04-12,000001,Vente,458000,15,T,RUE BORGNIS DESBORDES,0395,78000,78646,Versailles,78,,,78646000BW0055,,,29,72.33,80,,,,,,,,2,3,Dépendance,,0,,,,,,2.126233,48.79456
2023-1050706,2023-04-12,000001,Vente,458000,15,T,RUE BORGNIS DESBORDES,0395,78000,78646,Versailles,78,,,78646000BW0055,,,29,72.33,80,,,,,,,,2,2,Appartement,59,4,,,,,,2.126233,48.79456
2023-1050710,2023-04-17,000001,Vente,578000,22,,RUE JACQUES LEMERCIER,1420,78000,78646,Versailles,78,,,78646000AO0017,,,77,,,,,,,,,,1,3,Dépendance,,0,,,,,,2.149694,48.813972
2023-1050710,2023-04-17,000001,Vente,578000,22,,RUE JACQUES LEMERCIER,1420,78000,78646,Versailles,78,,,78646000AO0017,,,97,,,,,,,,,,1,3,Dépendance,,0,,,,,,2.149694,48.813972
2023-1050710,2023-04-17,000001,Vente,578000,22,,RUE JACQUES LEMERCIER,1420,78000,78646,Versailles,78,,,78646000AO0017,,,11,115.1,46,,,,,,,,2,3,Dépendance,,0,,,,,,2.149694,48.813972
2023-1050710,2023-04-17,000001,Vente,578000,22,,RUE JACQUES LEMERCIER,1420,78000,78646,Versailles,78,,,78646000AO0017,,,11,115.1,46,,,,,,,,2,2,Appartement,116,4,,,,,,2.149694,48.813972
2023-1050752,2023-04-25,000001,Vente,373500,36,,RUE DE L ERMITAGE,0940,78000,78646,Versailles,78,,,78646000AB0031,,,321,,,,,,,,,,1,3,Dépendance,,0,,,,,,2.121628,48.817201
2023-1050752,2023-04-25,000001,Vente,373500,37,,BD ST ANTOINE,2690,78000,78646,Versailles,78,,,78646000AB0031,,,252,,282,55.54,,,,,,,2,2,Appartement,57,3,,,,,,2.121628,48.817201
2023-1050752,2023-04-25,000001,Vente,373500,37,,BD ST ANTOINE,2690,78000,78646,Versailles,78,,,78646000AB0031,,,252,,282,55.54,,,,,,,2,3,Dépendance,,0,,,,,,2.121628,48.817201
2023-1050770,2023-04-03,000001,Vente,158000,2,T,RUE DU JEU DE PAUME,1490,78000,78646,Versailles,78,,,78646000AH0103,,,32,16.83,,,,,,,,,1,2,Appartement,18,1,,,,,,2.123552,48.801086
2023-1050771,2023-04-20,000001,Vente,440000,22,,BD DE LA REINE,2520,78000,78646,Versailles,78,,,78646000AE0006,,,1,50.04,,,,,,,,,1,3,Dépendance,,0,,,,,,2.126433,48.809176
2023-1050771,2023-04-20,000001,Vente,440000,22,,BD DE LA REINE,2520,78000,78646,Versailles,78,,,78646000AE0006,,,1,50.04,,,,,,,,,1,1,Maison,65,2,,,,,,2.126433,48.809176
2023-1050782,2023-03-30,000001,Vente,612000,5,,IMP DE TOULOUSE,3030,78000,78646,Versailles,78,,,78646000AE0539,,,48,,,,,,,,,,1,3,Dépendance,,0,,,,,,2.129497,48.806647
2023-1050782,2023-03-30,000001,Vente,612000,5,,IMP DE TOULOUSE,3030,78000,78646,Versailles,78,,,78646000AE0539,,,12,,34,,,,,,,,2,2,Appartement,67,2,,,,,,2.129497,48.806647
2023-1050782,2023-03-30,000001,Vente,612000,5,,IMP DE TOULOUSE,3030,78000,78646,Versailles,78,,,78646000AE0539,,,12,,34,,,,,,,,2,3,Dépendance,,0,,,,,,2.129497,48.806647
2023-1050792,2023-04-25,000001,Vente,489420,58,,RUE DE LA PAROISSE,2190,78000,78646,Versailles,78,,,78646000AE0235,,,12,61.54,4,,5,,,,,,3,3,Dépendance,,0,,,,,,2.130005,48.80684
2023-1050792,2023-04-25,000001,Vente,489420,58,,RUE DE LA PAROISSE,2190,78000,78646,Versailles,78,,,78646000AE0235,,,12,61.54,4,,5,,,,,,3,2,Appartement,55,3,,,,,,2.130005,48.80684
2023-1050826,2023-04-19,000001,Vente,57000,62,,RUE ROYALE,2648,78000,78646,Versailles,78,,,78646000BV0169,,,54,6.81,,,,,,,,,1,3,Dépendance,,0,,,,,,2.125432,48.796195
2023-1050827,2023-04-28,000001,Vente,76000,6,,RUE DE LA CEINTURE,0460,78000,78646,Versailles,78,,,78646000AW0006,,,240,13.49,,,,,,,,,1,3,Dépendance,,0,,,,,,2.15013,48.808121
2023-1050838,2023-04-25,000001,Vente,32000,8,,RUE EXELMANS,1020,78000,78646,Versailles,78,,,78646000AC0116,,,82,,,,,,,,,,1,3,Dépendance,,0,,,,,,2.126206,48.81323
2023-1050847,2023-04-18,000001,Vente,24000,7,,RUE RICHAUD,2610,78000,78646,Versailles,78,,,78646000AI0313,,,253,,,,,,,,,,1,3,Dépendance,,0,,,,,,2.135209,48.807376
2023-1050859,2023-04-21,000001,Vente en l'état futur d'achèvement,916000,104,,AV DE PARIS,2180,78000,78646,Versailles,78,,,78646000BK0019,,,97,,,,,,,,,,1,3,Dépendance,,0,,,,,,2.150393,48.797197
2023-1050859,2023-04-21,000001,Vente en l'état futur d'achèvement,916000,104,,AV DE PARIS,2180,78000,78646,Versailles,78,,,78646000BK0019,,,96,,,,,,,,,,1,3,Dépendance,,0,,,,,,2.150393,48.797197
2023-1050859,2023-04-21,000001,Vente en l'état futur d'achèvement,916000,104,,AV DE PARIS,2180,78000,78646,Versailles,78,,,78646000BK0019,,,35,,,,,,,,,,1,2,Appartement,94,5,,,,,,2.150393,48.797197
2023-1050879,2023-04-25,000001,Vente,360000,152,,AV DE PARIS,2180,78000,78646,Versailles,78,,,78646000BD0145,,,13,,4,,,,,,,,2,4,Local industriel. commercial ou assimilé,66,0,,,,,,2.156444,48.797843
2023-1050882,2023-04-26,000001,Vente,923201,7,,RUE DES CELESTINS,0470,78000,78646,Versailles,78,,,78646000BK0075,,,,,,,,,,,,,0,1,Maison,105,5,S,sols,,,351,2.153192,48.795184
2023-1050883,2023-04-28,000001,Vente,522550,37,,RUE CARNOT,0440,78000,78646,Versailles,78,,,78646000AE0254,,,11,57.02,30,,,,,,,,2,2,Appartement,75,4,,,,,,2.129987,48.805755
2023-1050883,2023-04-28,000001,Vente,522550,37,,RUE CARNOT,0440,78000,78646,Versailles,78,,,78646000AE0254,,,11,57.02,30,,,,,,,,2,3,Dépendance,,0,,,,,,2.129987,48.805755
2023-1050883,2023-04-28,000001,Vente,522550,37,,RUE CARNOT,0440,78000,78646,Versailles,78,,,78646000AE0254,,,11,57.02,30,,,,,,,,2,3,Dépendance,,0,,,,,,2.129987,48.805755
2023-1050886,2023-04-24,000001,Vente,297000,94,,AV DE PARIS,2180,78000,78646,Versailles,78,,,78646000BN0051,,,25,43.43,70,,,,,,,,2,2,Appartement,43,2,,,,,,2.148182,48.797645
2023-1050886,2023-04-24,000001,Vente,297000,94,,AV DE PARIS,2180,78000,78646,Versailles,78,,,78646000BN0051,,,93,,,,,,,,,,1,3,Dépendance,,0,,,,,,2.148182,48.797645
2023-1050886,2023-04-24,000001,Vente,297000,94,,AV DE PARIS,2180,78000,78646,Versailles,78,,,78646000BN0051,,,25,43.43,70,,,,,,,,2,3,Dépendance,,0,,,,,,2.148182,48.797645
2023-1050895,2023-04-28,000001,Vente,8000000,5,,RUE RAMEAU,2490,78000,78646,Versailles,78,,,78646000AE0107,,,,,,,,,,,,,0,4,Local industriel. commercial ou assimilé,500,0,S,sols,,,488,2.130574,48.807704
2023-1050895,2023-04-28,000001,Vente,8000000,62,,RUE DES CHANTIERS,0530,78000,78646,Versailles,78,,,78646000BL0327,,,512,,,,,,,,,,1,4,Local industriel. commercial ou assimilé,600,0,,,,,,2.142467,48.792993
2023-1050895,2023-04-28,000001,Vente,8000000,56,,RUE DES CHANTIERS,0530,78000,78646,Versailles,78,,,78646000BL0327,,,17,,18,,19,,20,,21,,36,4,Local industriel. commercial ou assimilé,750,0,,,,,,2.142467,48.792993
2023-1050917,2023-04-07,000001,Vente,180000,1,,RUE HONORE DE BALZAC,1360,78000,78646,Versailles,78,,,78646000AX0296,,,38,,,,,,,,,,1,4,Local industriel. commercial ou assimilé,40,0,,,,,,2.144563,48.80518
2023-1050929,2023-04-06,000001,Vente,19500,12,,AV DE PORCHEFONTAINE,2380,78000,78646,Versailles,78,,,78646000BK0021,,,1397,,,,,,,,,,1,3,Dépendance,,0,,,,,,2.152071,48.797176
2023-1050964,2023-04-17,000001,Vente,832660,20,,RUE DE PROVENCE,2460,78000,78646,Versailles,78,,,78646000AX0442,,,34,,,,,,,,,,1,3,Dépendance,,0,,,,,,2.140987,48.807165
2023-1050964,2023-04-17,000001,Vente,832660,20,,RUE DE PROVENCE,2460,78000,78646,Versailles,78,,,78646000AX0442,,,33,,,,,,,,,,1,3,Dépendance,,0,,,,,,2.140987,48.807165
2023-1050964,2023-04-17,000001,Vente,832660,20,,RUE DE PROVENCE,2460,78000,78646,Versailles,78,,,78646000AX0442,,,318,,336,93.87,,,,,,,2,2,Appartement,94,4,,,,,,2.140987,48.807165
2023-1051037,2023-04-25,000001,Vente,117333.33,72,,RUE DU MAL FOCH,1810,78000,78646,Versailles,78,,,78646000AK0009,,,131,,36,,,,,,,,2,3,Dépendance,,0,,,,,,2.136535,48.812771
2023-1051037,2023-04-25,000001,Vente,117333.33,72,,RUE DU MAL FOCH,1810,78000,78646,Versailles,78,,,78646000AK0009,,,131,,36,,,,,,,,2,2,Appartement,69,5,,,,,,2.136535,48.812771
2023-1051052,2023-05-02,000001,Vente en l'état futur d'achèvement,460000,,,LA SABLIERE,B029,78000,78646,Versailles,78,,,78646000BY0108,,,218,,,,,,,,,,1,,,,,,,,,,2.079319,48.802074
2023-1051052,2023-05-02,000001,Vente en l'état futur d'achèvement,460000,,,LA SABLIERE,B029,78000,78646,Versailles,78,,,78646000BY0108,,,441,,,,,,,,,,1,,,,,,,,,,2.079319,48.802074
2023-1051053,2023-04-25,000001,Vente,124000,8,,AV DU GEN DE GAULLE,1143,78000,78646,Versailles,78,,,78646000AH0225,,,100,,2,53.99,,,,,,,2,2,Appartement,60,2,,,,,,2.128298,48.801276
2023-1051053,2023-04-25,000001,Vente,124000,8,,AV DU GEN DE GAULLE,1143,78000,78646,Versailles,78,,,78646000AH0225,,,100,,2,53.99,,,,,,,2,3,Dépendance,,0,,,,,,2.128298,48.801276
2023-1051056,2023-05-05,000001,Vente,530100,58,,RUE DES CHANTIERS,0530,78000,78646,Versailles,78,,,78646000BL0327,,,233,,68,94.37,,,,,,,2,3,Dépendance,,0,,,,,,2.142467,48.792993
2023-1051056,2023-05-05,000001,Vente,530100,58,,RUE DES CHANTIERS,0530,78000,78646,Versailles,78,,,78646000BL0327,,,233,,68,94.37,,,,,,,2,2,Appartement,92,4,,,,,,2.142467,48.792993
2023-1051056,2023-05-05,000001,Vente,530100,58,,RUE DES CHANTIERS,0530,78000,78646,Versailles,78,,,78646000BL0327,,,383,,,,,,,,,,1,3,Dépendance,,0,,,,,,2.142467,48.792993
2023-1051082,2023-04-13,000002,Vente,1,23,,RUE HOCHE,1350,78000,78646,Versailles,78,,,78646000AE0202,,,49,,,,,,,,,,1,2,Appartement,30,1,,,,,,2.128088,48.807322
2023-1051117,2023-04-22,000001,Vente,217200,24,,RUE DU PEINTRE LEBRUN,2220,78000,78646,Versailles,78,,,78646000AE0357,,,22,,8,27.96,,,,,,,2,2,Appartement,25,1,,,,,,2.125004,48.806328
2023-1051117,2023-04-22,000001,Vente,217200,24,,RUE DU PEINTRE LEBRUN,2220,78000,78646,Versailles,78,,,78646000AE0357,,,22,,8,27.96,,,,,,,2,3,Dépendance,,0,,,,,,2.125004,48.806328
2023-1051138,2023-05-04,000001,Vente,980769,31,,RUE EDME FREMY,0880,78000,78646,Versailles,78,,,78646000BN0088,,,,,,,,,,,,,0,4,Local industriel. commercial ou assimilé,212,0,S,sols,,,360,2.140058,48.796573
2023-1051139,2023-04-26,000001,Vente,335000,2,T,RUE DU PARC DE CLAGNY,2171,78000,78646,Versailles,78,,,78646000AR0095,,,30,,8,,,,,,,,2,2,Appartement,61,4,,,,,,2.140571,48.808921
2023-1051139,2023-04-26,000001,Vente,335000,2,T,RUE DU PARC DE CLAGNY,2171,78000,78646,Versailles,78,,,78646000AR0095,,,30,,8,,,,,,,,2,3,Dépendance,,0,,,,,,2.140571,48.808921
2023-1051139,2023-04-26,000001,Vente,335000,2,T,RUE DU PARC DE CLAGNY,2171,78000,78646,Versailles,78,,,78646000AR0095,,,39,,,,,,,,,,1,3,Dépendance,,0,,,,,,2.140571,48.808921
2023-1051169,2023-04-20,000001,Vente,1377980,105,,RUE YVES LE COZ,3210,78000,78646,Versailles,78,,,78646000BE0010,,,,,,,,,,,,,0,1,Maison,138,5,S,sols,,,418,2.155369,48.794367
2023-1051179,2023-04-11,000001,Vente,317648.94,1,,RUE DE L ASSEMBLEE NATIONALE,0230,78000,78646,Versailles,78,,,78646000BR0054,,,115,,26,51.74,,,,,,,2,3,Dépendance,,0,,,,,,2.13419,48.800225
2023-1051179,2023-04-11,000001,Vente,317648.94,1,,RUE DE L ASSEMBLEE NATIONALE,0230,78000,78646,Versailles,78,,,78646000BR0054,,,115,,26,51.74,,,,,,,2,2,Appartement,52,2,,,,,,2.13419,48.800225
2023-1051190,2023-05-04,000001,Vente,565000,7,,RUE RICHAUD,2610,78000,78646,Versailles,78,,,78646000AI0313,,,152,,39,55.27,,,,,,,2,2,Appartement,55,3,,,,,,2.135209,48.807376
2023-1051190,2023-05-04,000001,Vente,565000,7,,RUE RICHAUD,2610,78000,78646,Versailles,78,,,78646000AI0313,,,371,,,,,,,,,,1,3,Dépendance,,0,,,,,,2.135209,48.807376
2023-1051195,2023-04-12,000001,Vente,315000,23,,RUE REMILLY,2530,78000,78646,Versailles,78,,,78646000AK0051,,,21,40.6,7,,,,,,,,2,2,Appartement,42,2,,,,,,2.138492,48.811788
2023-1051195,2023-04-12,000001,Vente,315000,23,,RUE REMILLY,2530,78000,78646,Versailles,78,,,78646000AK0051,,,29,,,,,,,,,,1,3,Dépendance,,0,,,,,,2.138492,48.811788
2023-1051195,2023-04-12,000001,Vente,315000,23,,RUE REMILLY,2530,78000,78646,Versailles,78,,,78646000AK0051,,,21,40.6,7,,,,,,,,2,3,Dépendance,,0,,,,,,2.138492,48.811788
2023-1051221,2023-05-09,000001,Vente en l'état futur d'achèvement,806000,104,,AV DE PARIS,2180,78000,78646,Versailles,78,,,78646000BK0019,,,39,,,,,,,,,,1,2,Appartement,85,4,,,,,,2.150393,48.797197
2023-1051221,2023-05-09,000001,Vente en l'état futur d'achèvement,806000,104,,AV DE PARIS,2180,78000,78646,Versailles,78,,,78646000BK0019,,,90,,,,,,,,,,1,3,Dépendance,,0,,,,,,2.150393,48.797197
2023-1051254,2023-04-27,000001,Vente,592870,35,,RUE ALBERT JOLY,0050,78000,78646,Versailles,78,,,78646000AR0015,,,10,71.02,63,,,,,,,,2,3,Dépendance,,0,,,,,,2.141459,48.810248
2023-1051254,2023-04-27,000001,Vente,592870,35,,RUE ALBERT JOLY,0050,78000,78646,Versailles,78,,,78646000AR0015,,,11,,64,,65,,,,,,3,3,Dépendance,,0,,,,,,2.141459,48.810248
2023-1051254,2023-04-27,000001,Vente,592870,35,,RUE ALBERT JOLY,0050,78000,78646,Versailles,78,,,78646000AR0015,,,11,,64,,65,,,,,,3,2,Appartement,42,3,,,,,,2.141459,48.810248
2023-1051254,2023-04-27,000001,Vente,592870,35,,RUE ALBERT JOLY,0050,78000,78646,Versailles,78,,,78646000AR0015,,,10,71.02,63,,,,,,,,2,2,Appartement,36,2,,,,,,2.141459,48.810248
2023-1051260,2023-04-25,000001,Vente,925000,2,,RUE DU JEU DE PAUME,1490,78000,78646,Versailles,78,,,78646000AH0103,,,5,,9,,,,,,,,2,3,Dépendance,,0,,,,,,2.123552,48.801086
2023-1051260,2023-04-25,000001,Vente,925000,2,,RUE DU JEU DE PAUME,1490,78000,78646,Versailles,78,,,78646000AH0103,,,5,,9,,,,,,,,2,2,Appartement,130,5,,,,,,2.123552,48.801086
2023-1051261,2023-05-03,000001,Vente en l'état futur d'achèvement,473000,,,LA SABLIERE,B029,78000,78646,Versailles,78,,,78646000BY0110,,,251,,,,,,,,,,1,,,,,,,,,,2.078228,48.802624
2023-1051261,2023-05-03,000001,Vente en l'état futur d'achèvement,473000,,,LA SABLIERE,B029,78000,78646,Versailles,78,,,78646000BY0114,,,206,,,,,,,,,,1,,,,,,,,,,2.078245,48.802897
2023-1051275,2023-05-10,000001,Vente,380000,18,,RUE SAINT HONORE,2780,78000,78646,Versailles,78,,,78646000BW0079,,,20,,8,42.53,,,,,,,2,2,Appartement,42,2,,,,,,2.122985,48.795564
2023-1051279,2023-04-21,000001,Vente,690375,98,,BD DE LA REINE,2520,78000,78646,Versailles,78,,,78646000AI0290,,,152,90.14,153,,71,,,,,,3,3,Dépendance,,0,,,,,,2.139429,48.808058
2023-1051279,2023-04-21,000001,Vente,690375,98,,BD DE LA REINE,2520,78000,78646,Versailles,78,,,78646000AI0290,,,23,,,,,,,,,,1,3,Dépendance,,0,,,,,,2.139429,48.808058
2023-1051279,2023-04-21,000001,Vente,690375,98,,BD DE LA REINE,2520,78000,78646,Versailles,78,,,78646000AI0290,,,152,90.14,153,,71,,,,,,3,2,Appartement,92,3,,,,,,2.139429,48.808058
2023-1051329,2023-05-10,000001,Vente,19000,35,,RUE HENRI SIMON,1330,78000,78646,Versailles,78,,,78646000AW0219,,,790,,,,,,,,,,1,3,Dépendance,,0,,,,,,2.147909,48.808568
2023-1051339,2023-04-28,000001,Vente,670000,9,,RUE DU VIEUX VERSAILLES,3180,78000,78646,Versailles,78,,,78646000AH0045,,,33,,,,,,,,,,1,2,Appartement,81,5,,,,,,2.122335,48.801337
2023-1051339,2023-04-28,000001,Vente,670000,9,,RUE DU VIEUX VERSAILLES,3180,78000,78646,Versailles,78,,,78646000AH0045,,,4,75.62,,,,,,,,,1,3,Dépendance,,0,,,,,,2.122335,48.801337
2023-1051339,2023-04-28,000001,Vente,670000,9,,RUE DU VIEUX VERSAILLES,3180,78000,78646,Versailles,78,,,78646000AH0045,,,33,,,,,,,,,,1,3,Dépendance,,0,,,,,,2.122335,48.801337
2023-1051339,2023-04-28,000001,Vente,670000,9,,RUE DU VIEUX VERSAILLES,3180,78000,78646,Versailles,78,,,78646000AH0045,,,4,75.62,,,,,,,,,1,2,Appartement,80,3,,,,,,2.122335,48.801337
2023-1051339,2023-04-28,000001,Vente,670000,9,,RUE DU VIEUX VERSAILLES,3180,78000,78646,Versailles,78,,,78646000AH0045,,,33,,,,,,,,,,1,3,Dépendance,,0,,,,,,2.122335,48.801337
2023-1051368,2023-05-05,000001,Vente en l'état futur d'achèvement,376000,,,LA SABLIERE,B029,78000,78646,Versailles,78,,,78646000BY0108,,,435,,,,,,,,,,1,,,,,,,,,,2.079319,48.802074
2023-1051368,2023-05-05,000001,Vente en l'état futur d'achèvement,376000,,,LA SABLIERE,B029,78000,78646,Versailles,78,,,78646000BY0108,,,208,,,,,,,,,,1,,,,,,,,,,2.079319,48.802074
2023-1051374,2023-04-18,000001,Vente,143200,18,,RUE DES TOURNELLES,3050,78000,78646,Versailles,78,,,78646000BT0026,,,15,16.6,,,,,,,,,1,2,Appartement,16,1,,,,,,2.127492,48.797744
2023-1051457,2023-05-09,000001,Vente,20000,6,,RUE ALEXANDRE BONTEMPS,0110,78000,78646,Versailles,78,,,78646000BW0179,,,59,,,,,,,,,,1,3,Dépendance,,0,,,,,,2.122905,48.793895
2023-1051459,2023-05-09,000001,Vente,460000,7,,RUE SAINT HONORE,2780,78000,78646,Versailles,78,,,78646000BV0207,,,1,111.45,22,,23,,,,,,3,4,Local industriel. commercial ou assimilé,47,0,,,,,,2.125549,48.798264
2023-1051459,2023-05-09,000001,Vente,460000,7,,RUE SAINT HONORE,2780,78000,78646,Versailles,78,,,78646000BV0207,,,51,111.45,,,,,,,,,1,2,Appartement,26,1,,,,,,2.125549,48.798264
2023-1051459,2023-05-09,000001,Vente,460000,7,,RUE SAINT HONORE,2780,78000,78646,Versailles,78,,,78646000BV0207,,,3,,,,,,,,,,1,2,Appartement,46,2,,,,,,2.125549,48.798264
2023-1051477,2023-05-11,000001,Vente,1800000,9,,RUE EDOUARD CHARTON,0890,78000,78646,Versailles,78,,,78646000BS0010,,,25,231.97,,,,,,,,,1,1,Maison,257,10,,,,,,2.130866,48.795669
2023-1051477,2023-05-11,000001,Vente,1800000,9,,RUE EDOUARD CHARTON,0890,78000,78646,Versailles,78,,,78646000BS0010,,,27,,,,,,,,,,1,3,Dépendance,,0,,,,,,2.130866,48.795669
2023-1051494,2023-05-03,000001,Vente,625000,1,B,AV DES ETATS UNIS,0990,78000,78646,Versailles,78,,,78646000AX0026,,,3,,34,,,,,,,,2,3,Dépendance,,0,,,,,,2.14177,48.806504
2023-1051494,2023-05-03,000001,Vente,625000,1,B,AV DES ETATS UNIS,0990,78000,78646,Versailles,78,,,78646000AX0026,,,3,,34,,,,,,,,2,2,Appartement,110,4,,,,,,2.14177,48.806504
2023-1051548,2023-05-12,000001,Vente,142000,53,,RUE D ANGIVILLER,0170,78000,78646,Versailles,78,,,78646000AD0105,,,39,19.12,40,,41,,,,,,3,2,Appartement,21,1,,,,,,2.133401,48.81016
2023-1051548,2023-05-12,000001,Vente,142000,53,,RUE D ANGIVILLER,0170,78000,78646,Versailles,78,,,78646000AD0105,,,39,19.12,40,,41,,,,,,3,3,Dépendance,,0,,,,,,2.133401,48.81016
2023-1051551,2023-04-25,000001,Vente,464350,2,,RUE VAUBAN,3110,78000,78646,Versailles,78,,,78646000BC0030,,,40,74.1,,,,,,,,,1,2,Appartement,73,4,,,,,,2.154441,48.799454
2023-1051551,2023-04-25,000001,Vente,464350,2,,RUE VAUBAN,3110,78000,78646,Versailles,78,,,78646000BC0030,,,107,,,,,,,,,,1,3,Dépendance,,0,,,,,,2.154441,48.799454
2023-1051551,2023-04-25,000001,Vente,464350,2,,RUE VAUBAN,3110,78000,78646,Versailles,78,,,78646000BC0030,,,125,,,,,,,,,,1,3,Dépendance,,0,,,,,,2.154441,48.799454
2023-1051552,2023-04-20,000001,Vente,537500,2,,PROM VENEZIA,3135,78000,78646,Versailles,78,,,78646000AZ0110,,,1506,,1565,116.41,,,,,,,2,3,Dépendance,,0,,,,,,2.158672,48.8041
2023-1051552,2023-04-20,000001,Vente,537500,5,,RUE DE L ECOLE DES POSTES,0850,78000,78646,Versailles,78,,,78646000AZ0110,,,3256,,,,,,,,,,1,3,Dépendance,,0,,,,,,2.158672,48.8041
2023-1051552,2023-04-20,000001,Vente,537500,2,,PROM VENEZIA,3135,78000,78646,Versailles,78,,,78646000AZ0110,,,1506,,1565,116.41,,,,,,,2,2,Appartement,118,5,,,,,,2.158672,48.8041
2023-1051571,2023-04-26,000002,Echange,500,2,,ALL DE LA PROVIDENCE,2465,78000,78646,Versailles,78,,,78646000BL0484,,,,,,,,,,,,,0,,,,,AB,terrains a bâtir,,,1,2.14219,48.795363
2023-1051571,2023-04-26,000002,Echange,500,2,,ALL DE LA PROVIDENCE,2465,78000,78646,Versailles,78,,,78646000BL0485,,,,,,,,,,,,,0,,,,,AB,terrains a bâtir,,,6,2.142474,48.79537
2023-1051571,2023-04-26,000003,Echange,500,,,ALL DE LA PROVIDENCE,2465,78000,78646,Versailles,78,,,78646000BL0487,,,,,,,,,,,,,0,,,,,AB,terrains a bâtir,,,8,2.142338,48.79539
2023-1051575,2023-05-12,000001,Vente,28000,2,,RUE VAUBAN,3110,78000,78646,Versailles,78,,,78646000BC0030,,,141,,,,,,,,,,1,3,Dépendance,,0,,,,,,2.154441,48.799454
2023-1051600,2023-05-15,000001,Vente,521500,28,,BD DU ROI,2641,78000,78646,Versailles,78,,,78646000AD0223,,,157,69.21,52,,,,,,,,2,2,Appartement,69,2,,,,,,2.128206,48.812739
2023-1051600,2023-05-15,000001,Vente,521500,28,,BD DU ROI,2641,78000,78646,Versailles,78,,,78646000AD0223,,,99,,,,,,,,,,1,3,Dépendance,,0,,,,,,2.128206,48.812739
2023-1051600,2023-05-15,000001,Vente,521500,28,,BD DU ROI,2641,78000,78646,Versailles,78,,,78646000AD0223,,,157,69.21,52,,,,,,,,2,3,Dépendance,,0,,,,,,2.128206,48.812739
2023-1051601,2023-05-16,000001,Vente,200000,5,,RUE EDOUARD CHARTON,0890,78000,78646,Versailles,78,,,78646000BS0099,,,24,,3,32.57,4,,,,,,3,3,Dépendance,,0,,,,,,2.131168,48.796056
2023-1051601,2023-05-16,000001,Vente,200000,5,,RUE EDOUARD CHARTON,0890,78000,78646,Versailles,78,,,78646000BS0099,,,24,,3,32.57,4,,,,,,3,2,Appartement,34,2,,,,,,2.131168,48.796056
2023-1051614,2023-05-05,000001,Vente,300000,12,,RUE DU GENERAL LECLERC,1145,78000,78646,Versailles,78,,,78646000BV0063,,,1,42.21,,,,,,,,,1,4,Local industriel. commercial ou assimilé,45,0,,,,,,2.125438,48.799214
2023-1051655,2023-04-27,000001,Vente,467200,8,,RUE DES TOURNELLES,3050,78000,78646,Versailles,78,,,78646000BV0119,,,1,69.32,71,,,,,,,,2,2,Appartement,69,3,,,,,,2.126141,48.798137
2023-1051664,2023-05-05,000001,Vente,451350,2,,BD DE LESSEPS,1638,78000,78646,Versailles,78,,,78646000AX0247,,,14,,4,131.08,,,,,,,2,2,Appartement,124,5,,,,,,2.146571,48.804777
2023-1051664,2023-05-05,000001,Vente,451350,2,,BD DE LESSEPS,1638,78000,78646,Versailles,78,,,78646000AX0247,,,14,,4,131.08,,,,,,,2,3,Dépendance,,0,,,,,,2.146571,48.804777
2023-1051664,2023-05-05,000001,Vente,451350,2,,BD DE LESSEPS,1638,78000,78646,Versailles,78,,,78646000AX0247,,,16,,,,,,,,,,1,3,Dépendance,,0,,,,,,2.146571,48.804777
2023-1051672,2023-04-28,000001,Vente,285000,62,,AV DES ETATS UNIS,0990,78000,78646,Versailles,78,,,78646000AW0219,,,33,,62,,,,,,,,2,2,Appartement,45,2,,,,,,2.147909,48.808568
2023-1051672,2023-04-28,000001,Vente,285000,2,,RUE DE LA CEINTURE,0460,78000,78646,Versailles,78,,,78646000AW0219,,,613,,,,,,,,,,1,3,Dépendance,,0,,,,,,2.147909,48.808568
2023-1051672,2023-04-28,000001,Vente,285000,62,,AV DES ETATS UNIS,0990,78000,78646,Versailles,78,,,78646000AW0219,,,33,,62,,,,,,,,2,3,Dépendance,,0,,,,,,2.147909,48.808568
2023-1051678,2023-05-09,000001,Vente,674150,37,,RUE CARNOT,0440,78000,78646,Versailles,78,,,78646000AE0254,,,5,79.75,,,,,,,,,1,3,Dépendance,,0,,,,,,2.129987,48.805755
2023-1051678,2023-05-09,000001,Vente,674150,37,,RUE CARNOT,0440,78000,78646,Versailles,78,,,78646000AE0254,,,5,79.75,,,,,,,,,1,3,Dépendance,,0,,,,,,2.129987,48.805755
2023-1051678,2023-05-09,000001,Vente,674150,37,,RUE CARNOT,0440,78000,78646,Versailles,78,,,78646000AE0254,,,5,79.75,,,,,,,,,1,2,Appartement,75,4,,,,,,2.129987,48.805755
2023-1051700,2023-04-28,000001,Vente,587130,48,,RUE DE LA PAROISSE,2190,78000,78646,Versailles,78,,,78646000AE0214,,,10,,6,77.67,7,,,,,,3,3,Dépendance,,0,,,,,,2.12944,48.80702
2023-1051700,2023-04-28,000001,Vente,587130,48,,RUE DE LA PAROISSE,2190,78000,78646,Versailles,78,,,78646000AE0214,,,10,,6,77.67,7,,,,,,3,2,Appartement,76,3,,,,,,2.12944,48.80702
2023-1051702,2023-05-12,000001,Vente en l'état futur d'achèvement,534000,,,LA SABLIERE,B029,78000,78646,Versailles,78,,,78646000BY0108,,,217,,,,,,,,,,1,,,,,,,,,,2.079319,48.802074
2023-1051702,2023-05-12,000001,Vente en l'état futur d'achèvement,534000,,,LA SABLIERE,B029,78000,78646,Versailles,78,,,78646000BY0108,,,440,,,,,,,,,,1,,,,,,,,,,2.079319,48.802074
2023-1051721,2023-04-20,000001,Vente,107500,37,,RUE YVES LE COZ,3210,78000,78646,Versailles,78,,,78646000BE0240,,,1,,19,,53,,55,,,,4,3,Dépendance,,0,,,,,,2.160351,48.797386
2023-1051721,2023-04-20,000001,Vente,107500,37,,RUE YVES LE COZ,3210,78000,78646,Versailles,78,,,78646000BE0240,,,1,,19,,53,,55,,,,4,2,Appartement,44,2,,,,,,2.160351,48.797386
2023-1051740,2023-04-27,000001,Vente,12000,38,,RUE DE L ORANGERIE,2110,78000,78646,Versailles,78,,,78646000BV0028,,,24,,,,,,,,,,1,3,Dépendance,,0,,,,,,2.124076,48.799559
2023-1051766,2023-05-17,000001,Vente,19500,48,,RUE ALBERT JOLY,0050,78000,78646,Versailles,78,,,78646000AR0060,,,82,,,,,,,,,,1,3,Dépendance,,0,,,,,,2.142363,48.809623
2023-1051771,2023-05-15,000001,Vente,1305000,26,,RUE ALEXIS FOURCAULT,0130,78000,78646,Versailles,78,,,78646000AW0083,,,,,,,,,,,,,0,1,Maison,160,6,S,sols,,,408,2.15441,48.80481
2023-1051785,2023-04-27,000001,Vente,106250,12,,RUE ALBERT JOLY,0050,78000,78646,Versailles,78,,,78646000AK0148,,,23,,,,,,,,,,1,3,Dépendance,,0,,,,,,2.136491,48.810383
2023-1051794,2023-05-12,000001,Vente,432000,25,,RUE DES ETATS GENERAUX,0980,78000,78646,Versailles,78,,,78646000BR0050,,,9,69.73,,,,,,,,,1,2,Appartement,65,3,,,,,,2.133848,48.799362
2023-1051794,2023-05-12,000001,Vente,432000,25,,RUE DES ETATS GENERAUX,0980,78000,78646,Versailles,78,,,78646000BR0050,,,9,69.73,,,,,,,,,1,3,Dépendance,,0,,,,,,2.133848,48.799362
2023-1051803,2023-04-28,000001,Vente,657295,1,,ALL LA BRUYERE,1557,78000,78646,Versailles,78,,,78646000AO0205,,,1806,,,,,,,,,,1,3,Dépendance,,0,,,,,,2.146857,48.813978
2023-1051803,2023-04-28,000001,Vente,657295,9,,RUE JEAN DE LA BRUYERE,1560,78000,78646,Versailles,78,,,78646000AO0205,,,1062,105.94,1162,,,,,,,,2,2,Appartement,106,5,,,,,,2.146857,48.813978
2023-1051803,2023-04-28,000001,Vente,657295,1,,ALL LA BRUYERE,1557,78000,78646,Versailles,78,,,78646000AO0205,,,1634,,,,,,,,,,1,3,Dépendance,,0,,,,,,2.146857,48.813978
2023-1051803,2023-04-28,000001,Vente,657295,9,,RUE JEAN DE LA BRUYERE,1560,78000,78646,Versailles,78,,,78646000AO0205,,,1062,105.94,1162,,,,,,,,2,3,Dépendance,,0,,,,,,2.146857,48.813978
2023-1051803,2023-04-28,000001,Vente,657295,9,,RUE JEAN DE LA BRUYERE,1560,78000,78646,Versailles,78,,,78646000AO0205,,,1062,105.94,1162,,,,,,,,2,3,Dépendance,,0,,,,,,2.146857,48.813978
2023-1051838,2023-05-22,000001,Vente,519231,6,,RUE DE LA CEINTURE,0460,78000,78646,Versailles,78,,,78646000AW0006,,,1148,,,,,,,,,,1,3,Dépendance,,0,,,,,,2.15013,48.808121
2023-1051838,2023-05-22,000001,Vente,519231,6,,RUE DE LA CEINTURE,0460,78000,78646,Versailles,78,,,78646000AW0006,,,218,99.09,,,,,,,,,1,2,Appartement,104,4,,,,,,2.15013,48.808121
2023-1051838,2023-05-22,000001,Vente,519231,6,,RUE DE LA CEINTURE,0460,78000,78646,Versailles,78,,,78646000AW0006,,,252,,,,,,,,,,1,2,Appartement,104,4,,,,,,2.15013,48.808121
2023-1051838,2023-05-22,000001,Vente,519231,6,,RUE DE LA CEINTURE,0460,78000,78646,Versailles,78,,,78646000AW0006,,,252,,,,,,,,,,1,3,Dépendance,,0,,,,,,2.15013,48.808121
2023-1051838,2023-05-22,000001,Vente,519231,6,,RUE DE LA CEINTURE,0460,78000,78646,Versailles,78,,,78646000AW0006,,,218,99.09,,,,,,,,,1,3,Dépendance,,0,,,,,,2.15013,48.808121
2023-1051869,2023-05-11,000001,Vente,185610,12,,RUE DE NOAILLES,2050,78000,78646,Versailles,78,,,78646000BR0067,,,44,,,,,,,,,,1,2,Appartement,18,1,,,,,,2.13503,48.799154
2023-1051893,2023-05-15,000001,Vente,645000,13,,RUE JEAN DE LA BRUYERE,1560,78000,78646,Versailles,78,,,78646000AO0128,,,161,,,,,,,,,,1,3,Dépendance,,0,,,,,,2.145819,48.813432
2023-1051893,2023-05-15,000001,Vente,645000,13,,RUE JEAN DE LA BRUYERE,1560,78000,78646,Versailles,78,,,78646000AO0128,,,72,,82,,,,,,,,2,3,Dépendance,,0,,,,,,2.145819,48.813432
2023-1051893,2023-05-15,000001,Vente,645000,13,,RUE JEAN DE LA BRUYERE,1560,78000,78646,Versailles,78,,,78646000AO0128,,,72,,82,,,,,,,,2,2,Appartement,102,5,,,,,,2.145819,48.813432
2023-1051898,2023-05-10,000001,Vente,378795,9,,RUE DU PONT COLBERT,2370,78000,78646,Versailles,78,,,78646000BL0422,,,393,,437,83.38,,,,,,,2,2,Appartement,86,4,,,,,,2.147593,48.79113
2023-1051898,2023-05-10,000001,Vente,378795,9,,RUE DU PONT COLBERT,2370,78000,78646,Versailles,78,,,78646000BL0422,,,393,,437,83.38,,,,,,,2,3,Dépendance,,0,,,,,,2.147593,48.79113
2023-1051898,2023-05-10,000001,Vente,378795,13,,RUE DU PONT COLBERT,2370,78000,78646,Versailles,78,,,78646000BL0422,,,320,,,,,,,,,,1,3,Dépendance,,0,,,,,,2.147593,48.79113
2023-1051908,2023-05-12,000001,Vente,610000,16,B,RUE CHAMP LAGARDE,0490,78000,78646,Versailles,78,,,78646000BO0066,,,52,,,,,,,,,,1,3,Dépendance,,0,,,,,,2.1434,48.800438
2023-1051908,2023-05-12,000001,Vente,610000,16,B,RUE CHAMP LAGARDE,0490,78000,78646,Versailles,78,,,78646000BO0066,,,51,,,,,,,,,,1,3,Dépendance,,0,,,,,,2.1434,48.800438
2023-1051908,2023-05-12,000001,Vente,610000,16,B,RUE CHAMP LAGARDE,0490,78000,78646,Versailles,78,,,78646000BO0066,,,13,74.17,,,,,,,,,1,2,Appartement,75,3,,,,,,2.1434,48.800438
2023-1051914,2023-05-10,000001,Vente,570000,31,,RUE DE LA PAROISSE,2190,78000,78646,Versailles,78,,,78646000AE0141,,,28,,39,,,,,,,,2,2,Appartement,68,3,,,,,,2.128166,48.808064
2023-1051914,2023-05-10,000001,Vente,570000,31,,RUE DE LA PAROISSE,2190,78000,78646,Versailles,78,,,78646000AE0141,,,28,,39,,,,,,,,2,3,Dépendance,,0,,,,,,2.128166,48.808064
2023-1051915,2023-05-12,000001,Vente,242500,17,T,RUE DU PONT COLBERT,2370,78000,78646,Versailles,78,,,78646000BI0022,,,436,53.66,,,,,,,,,1,3,Dépendance,,0,,,,,,2.149624,48.789909
2023-1051915,2023-05-12,000001,Vente,242500,17,T,RUE DU PONT COLBERT,2370,78000,78646,Versailles,78,,,78646000BI0022,,,436,53.66,,,,,,,,,1,2,Appartement,52,3,,,,,,2.149624,48.789909
2023-1051924,2023-05-12,000001,Vente,472300,26,,PROM MONA LISA,1965,78000,78646,Versailles,78,,,78646000AZ0110,,,2037,,2108,100.61,,,,,,,2,2,Appartement,102,4,,,,,,2.158672,48.8041
2023-1051924,2023-05-12,000001,Vente,472300,26,,PROM MONA LISA,1965,78000,78646,Versailles,78,,,78646000AZ0110,,,2037,,2108,100.61,,,,,,,2,3,Dépendance,,0,,,,,,2.158672,48.8041
2023-1051924,2023-05-12,000001,Vente,472300,5,,RUE DE L ECOLE DES POSTES,0850,78000,78646,Versailles,78,,,78646000AZ0110,,,3786,,,,,,,,,,1,3,Dépendance,,0,,,,,,2.158672,48.8041
2023-1051998,2023-05-23,000001,Vente,553150,16,,RUE DE MONTREUIL,2000,78000,78646,Versailles,78,,,78646000AX0328,,,11,,,,,,,,,,1,3,Dépendance,,0,,,,,,2.143726,48.804858
2023-1051998,2023-05-23,000001,Vente,553150,16,,RUE DE MONTREUIL,2000,78000,78646,Versailles,78,,,78646000AX0328,,,3,73.58,6,,,,,,,,2,2,Appartement,90,3,,,,,,2.143726,48.804858
2023-1051998,2023-05-23,000001,Vente,553150,16,,RUE DE MONTREUIL,2000,78000,78646,Versailles,78,,,78646000AX0328,,,3,73.58,6,,,,,,,,2,3,Dépendance,,0,,,,,,2.143726,48.804858
2023-1052029,2023-05-23,000001,Vente,233000,8,,RUE DES MISSIONNAIRES,1920,78000,78646,Versailles,78,,,78646000AD0227,,,19,,26,,8,38.02,,,,,3,2,Appartement,38,2,,,,,,2.129075,48.812832
2023-1052032,2023-05-22,000001,Vente,683100,38,,BD DU ROI,2641,78000,78646,Versailles,78,,,78646000AD0407,,,51,86.05,52,,,,,,,,2,3,Dépendance,,0,,,,,,2.129146,48.814076
2023-1052032,2023-05-22,000001,Vente,683100,38,,BD DU ROI,2641,78000,78646,Versailles,78,,,78646000AD0407,,,51,86.05,52,,,,,,,,2,2,Appartement,87,5,,,,,,2.129146,48.814076
2023-1052032,2023-05-22,000001,Vente,683100,38,,BD DU ROI,2641,78000,78646,Versailles,78,,,78646000AD0407,,,118,,,,,,,,,,1,3,Dépendance,,0,,,,,,2.129146,48.814076
2023-1052037,2023-05-09,000001,Vente,700000,39,,BD DU ROI,2641,78000,78646,Versailles,78,,,78646000AC0108,,,18,109.6,220,,,,,,,,2,2,Appartement,108,5,,,,,,2.127742,48.814503
2023-1052037,2023-05-09,000001,Vente,700000,39,,BD DU ROI,2641,78000,78646,Versailles,78,,,78646000AC0108,,,168,,,,,,,,,,1,3,Dépendance,,0,,,,,,2.127742,48.814503
2023-1052072,2023-05-10,000001,Vente,370000,11,,BD ST ANTOINE,2690,78000,78646,Versailles,78,,,78646000AC0089,,,7,,,,,,,,,,1,3,Dépendance,,0,,,,,,2.127095,48.815492
2023-1052072,2023-05-10,000001,Vente,370000,11,,BD ST ANTOINE,2690,78000,78646,Versailles,78,,,78646000AC0089,,,12,,19,52.08,,,,,,,2,3,Dépendance,,0,,,,,,2.127095,48.815492
2023-1052072,2023-05-10,000001,Vente,370000,11,,BD ST ANTOINE,2690,78000,78646,Versailles,78,,,78646000AC0089,,,12,,19,52.08,,,,,,,2,2,Appartement,53,2,,,,,,2.127095,48.815492
2023-1052144,2023-05-24,000001,Vente,340000,17,T,RUE DU PONT COLBERT,2370,78000,78646,Versailles,78,,,78646000BI0022,,,472,76.58,,,,,,,,,1,2,Appartement,77,5,,,,,,2.149624,48.789909
2023-1052144,2023-05-24,000001,Vente,340000,17,T,RUE DU PONT COLBERT,2370,78000,78646,Versailles,78,,,78646000BI0022,,,472,76.58,,,,,,,,,1,3,Dépendance,,0,,,,,,2.149624,48.789909
2023-1052168,2023-05-26,000001,Vente,267300,25,,RUE DU PONT COLBERT,2370,78000,78646,Versailles,78,,,78646000BI0301,,,152,,94,,,,,,,,2,2,Appartement,42,2,,,,,,2.151121,48.788068
2023-1052170,2023-05-16,000001,Vente en l'état futur d'achèvement,454000,,,LA SABLIERE,B029,78000,78646,Versailles,78,,,78646000BY0108,,,463,,,,,,,,,,1,,,,,,,,,,2.079319,48.802074
2023-1052170,2023-05-16,000001,Vente en l'état futur d'achèvement,454000,,,LA SABLIERE,B029,78000,78646,Versailles,78,,,78646000BY0108,,,311,,,,,,,,,,1,,,,,,,,,,2.079319,48.802074
2023-1052196,2023-05-24,000001,Vente,1128000,28,,RUE DES RESERVOIRS,2580,78000,78646,Versailles,78,,,78646000AE0168,,,5,164.76,7,,,,,,,,2,2,Appartement,160,6,,,,,,2.125021,48.808152
2023-1052196,2023-05-24,000001,Vente,1128000,28,,RUE DES RESERVOIRS,2580,78000,78646,Versailles,78,,,78646000AE0168,,,5,164.76,7,,,,,,,,2,3,Dépendance,,0,,,,,,2.125021,48.808152
2023-1052196,2023-05-24,000001,Vente,1128000,28,,RUE DES RESERVOIRS,2580,78000,78646,Versailles,78,,,78646000AE0168,,,5,164.76,7,,,,,,,,2,3,Dépendance,,0,,,,,,2.125021,48.808152
2023-1052219,2023-05-24,000001,Vente,249000,69,,RUE DE MONTREUIL,2000,78000,78646,Versailles,78,,,78646000AX0230,,,82,,99,37.85,,,,,,,2,3,Dépendance,,0,,,,,,2.147038,48.80478
2023-1052219,2023-05-24,000001,Vente,249000,69,,RUE DE MONTREUIL,2000,78000,78646,Versailles,78,,,78646000AX0230,,,82,,99,37.85,,,,,,,2,2,Appartement,37,1,,,,,,2.147038,48.80478
2023-1052240,2023-05-23,000001,Vente,340000,20,,RUE HOCHE,1350,78000,78646,Versailles,78,,,78646000AE0216,,,134,,143,,225,,74,36.02,,,4,4,Local industriel. commercial ou assimilé,46,0,,,,,,2.128924,48.806998
2023-1052244,2023-05-05,000001,Vente,559700,11,,ALL DES GARDES ROYALES,1136,78000,78646,Versailles,78,,,78646000AY0212,,,463,91.7,488,,,,,,,,2,2,Appartement,90,4,,,,,,2.151214,48.802177
2023-1052244,2023-05-05,000001,Vente,559700,11,,ALL DES GARDES ROYALES,1136,78000,78646,Versailles,78,,,78646000AY0212,,,463,91.7,488,,,,,,,,2,3,Dépendance,,0,,,,,,2.151214,48.802177
2023-1052244,2023-05-05,000001,Vente,559700,11,,ALL DES GARDES ROYALES,1136,78000,78646,Versailles,78,,,78646000AY0212,,,463,91.7,488,,,,,,,,2,3,Dépendance,,0,,,,,,2.151214,48.802177
2023-1052244,2023-05-05,000001,Vente,559700,2,,ALL DES GARDES ROYALES,1136,78000,78646,Versailles,78,,,78646000AY0212,,,1219,,,,,,,,,,1,3,Dépendance,,0,,,,,,2.151214,48.802177
2023-1052256,2023-05-16,000001,Vente,418600,98,,AV DE PARIS,2180,78000,78646,Versailles,78,,,78646000BK0001,,,67,70.15,,,,,,,,,1,2,Appartement,70,3,,,,,,2.149414,48.797242
2023-1052256,2023-05-16,000001,Vente,418600,98,,AV DE PARIS,2180,78000,78646,Versailles,78,,,78646000BK0001,,,210,,,,,,,,,,1,3,Dépendance,,0,,,,,,2.149414,48.797242
2023-1052256,2023-05-16,000001,Vente,418600,98,,AV DE PARIS,2180,78000,78646,Versailles,78,,,78646000BK0001,,,457,,,,,,,,,,1,3,Dépendance,,0,,,,,,2.149414,48.797242
2023-1052265,2023-05-10,000001,Vente,1070000,60,,BD DE LA REINE,2520,78000,78646,Versailles,78,,,78646000AE0038,,,114,,,,,,,,,,1,3,Dépendance,,0,,,,,,2.131491,48.808781
2023-1052265,2023-05-10,000001,Vente,1070000,60,,BD DE LA REINE,2520,78000,78646,Versailles,78,,,78646000AE0038,,,110,,112,,129,,,,,,3,3,Dépendance,,0,,,,,,2.131491,48.808781
2023-1052265,2023-05-10,000001,Vente,1070000,60,,BD DE LA REINE,2520,78000,78646,Versailles,78,,,78646000AE0038,,,110,,112,,129,,,,,,3,2,Appartement,109,3,,,,,,2.131491,48.808781
2023-1052294,2023-05-11,000001,Vente,309600,5,,PL SAINT LOUIS,2820,78000,78646,Versailles,78,,,78646000BV0067,,,20,40.43,,,,,,,,,1,3,Dépendance,,0,,,,,,2.12522,48.798929
2023-1052294,2023-05-11,000001,Vente,309600,5,,PL SAINT LOUIS,2820,78000,78646,Versailles,78,,,78646000BV0067,,,20,40.43,,,,,,,,,1,2,Appartement,42,2,,,,,,2.12522,48.798929
2023-1052296,2023-05-11,000001,Vente,249000,36,,RUE DES RESERVOIRS,2580,78000,78646,Versailles,78,,,78646000AE0402,,,17,31.87,59,,,,,,,,2,3,Dépendance,,0,,,,,,2.125799,48.809109
2023-1052296,2023-05-11,000001,Vente,249000,36,,RUE DES RESERVOIRS,2580,78000,78646,Versailles,78,,,78646000AE0402,,,17,31.87,59,,,,,,,,2,2,Appartement,32,2,,,,,,2.125799,48.809109
2023-1052305,2023-05-11,000001,Vente,1470000,95,,BD DE LA REPUBLIQUE,2570,78000,78646,Versailles,78,,,78646000AW0089,,,,,,,,,,,,,0,1,Maison,171,8,S,sols,,,459,2.154247,48.804562
2023-1052357,2023-05-23,000001,Vente,484000,70,,RUE DE LA PAROISSE,2190,78000,78646,Versailles,78,,,78646000AE0272,,,7,56.07,,,,,,,,,1,2,Appartement,56,3,,,,,,2.131008,48.80675
2023-1052397,2023-05-26,000001,Vente,508500,1,,IMP DES GENDARMES,1140,78000,78646,Versailles,78,,,78646000BR0009,,,11,73.8,,,,,,,,,1,3,Dépendance,,0,,,,,,2.131533,48.801025
2023-1052397,2023-05-26,000001,Vente,508500,1,,IMP DES GENDARMES,1140,78000,78646,Versailles,78,,,78646000BR0009,,,11,73.8,,,,,,,,,1,3,Dépendance,,0,,,,,,2.131533,48.801025
2023-1052397,2023-05-26,000001,Vente,508500,1,,IMP DES GENDARMES,1140,78000,78646,Versailles,78,,,78646000BR0009,,,11,73.8,,,,,,,,,1,2,Appartement,66,3,,,,,,2.131533,48.801025
2023-1052427,2023-05-17,000001,Vente,750000,9,,RUE DE LIMOGES,1660,78000,78646,Versailles,78,,,78646000BR0187,,,1,,,,,,,,,,1,4,Local industriel. commercial ou assimilé,75,0,,,,,,2.132041,48.798995
2023-1052427,2023-05-17,000001,Vente,750000,9,,RUE DE LIMOGES,1660,78000,78646,Versailles,78,,,78646000BR0187,,,2,,,,,,,,,,1,4,Local industriel. commercial ou assimilé,60,0,,,,,,2.132041,48.798995
2023-1052457,2023-05-02,000001,Vente,129270,82,,AV DES ETATS UNIS,0990,78000,78646,Versailles,78,,,78646000AV0251,,,43,61.25,44,,,,,,,,2,2,Appartement,60,3,,,,,,2.149207,48.809669
2023-1052457,2023-05-02,000001,Vente,129270,82,,AV DES ETATS UNIS,0990,78000,78646,Versailles,78,,,78646000AV0251,,,43,61.25,44,,,,,,,,2,3,Dépendance,,0,,,,,,2.149207,48.809669
2023-1052464,2023-05-31,000001,Vente,541277,29,,RUE D ANGIVILLER,0170,78000,78646,Versailles,78,,,78646000AD0144,,,23,78.21,,,,,,,,,1,2,Appartement,70,3,,,,,,2.130499,48.810403
2023-1052464,2023-05-31,000001,Vente,541277,29,,RUE D ANGIVILLER,0170,78000,78646,Versailles,78,,,78646000AD0144,,,23,78.21,,,,,,,,,1,3,Dépendance,,0,,,,,,2.130499,48.810403
2023-1052465,2023-05-31,000001,Vente,1238400,13,,RUE DES ETATS GENERAUX,0980,78000,78646,Versailles,78,,,78646000BR0038,,,10,,121,,122,,14,,15,,8,2,Appartement,163,4,,,,,,2.132793,48.800428
2023-1052465,2023-05-31,000001,Vente,1238400,13,,RUE DES ETATS GENERAUX,0980,78000,78646,Versailles,78,,,78646000BR0038,,,10,,121,,122,,14,,15,,8,3,Dépendance,,0,,,,,,2.132793,48.800428
2023-1052465,2023-05-31,000001,Vente,1238400,13,,RUE DES ETATS GENERAUX,0980,78000,78646,Versailles,78,,,78646000BR0038,,,10,,121,,122,,14,,15,,8,3,Dépendance,,0,,,,,,2.132793,48.800428
2023-1052467,2023-05-30,000001,Vente,266000,24,,RUE DE L ORANGERIE,2110,78000,78646,Versailles,78,,,78646000BV0217,,,132,35.16,,,,,,,,,1,2,Appartement,36,1,,,,,,2.122322,48.800089
2023-1052470,2023-05-26,000001,Vente en l'état futur d'achèvement,379000,,,LA SABLIERE,B029,78000,78646,Versailles,78,,,78646000BY0108,,,207,,,,,,,,,,1,,,,,,,,,,2.079319,48.802074
2023-1052470,2023-05-26,000001,Vente en l'état futur d'achèvement,379000,,,LA SABLIERE,B029,78000,78646,Versailles,78,,,78646000BY0108,,,434,,,,,,,,,,1,,,,,,,,,,2.079319,48.802074
2023-1052490,2023-05-26,000001,Vente,839060,6,,BD DU ROI,2641,78000,78646,Versailles,78,,,78646000AD0010,,,23,102.55,,,,,,,,,1,2,Appartement,105,4,,,,,,2.126542,48.810209
2023-1052490,2023-05-26,000001,Vente,839060,6,,BD DU ROI,2641,78000,78646,Versailles,78,,,78646000AD0010,,,23,102.55,,,,,,,,,1,3,Dépendance,,0,,,,,,2.126542,48.810209
2023-1052490,2023-05-26,000001,Vente,839060,6,,BD DU ROI,2641,78000,78646,Versailles,78,,,78646000AD0010,,,67,,,,,,,,,,1,3,Dépendance,,0,,,,,,2.126542,48.810209
2023-1052506,2023-05-31,000001,Vente,52885,6,,RUE DE LA CEINTURE,0460,78000,78646,Versailles,78,,,78646000AW0006,,,953,,,,,,,,,,1,3,Dépendance,,0,,,,,,2.15013,48.808121
2023-1052506,2023-05-31,000001,Vente,52885,6,,RUE DE LA CEINTURE,0460,78000,78646,Versailles,78,,,78646000AW0006,,,954,,,,,,,,,,1,3,Dépendance,,0,,,,,,2.15013,48.808121
2023-1052506,2023-05-31,000001,Vente,52885,28,,RUE HENRI SIMON,1330,78000,78646,Versailles,78,,,78646000AW0006,,,472,16.3,,,,,,,,,1,3,Dépendance,,0,,,,,,2.15013,48.808121
2023-1052546,2023-05-31,000001,Vente,222749,57,,RUE EXELMANS,1020,78000,78646,Versailles,78,,,78646000AC0262,,,348,,,,,,,,,,1,2,Appartement,60,2,,,,,,2.126785,48.814611
2023-1052568,2023-05-12,000001,Vente,275000,56,,RUE MOLIERE,1940,78000,78646,Versailles,78,,,78646000BL0403,,,30,40.63,,,,,,,,,1,2,Appartement,42,2,,,,,,2.150369,48.792526
2023-1052568,2023-05-12,000001,Vente,275000,56,,RUE MOLIERE,1940,78000,78646,Versailles,78,,,78646000BL0403,,,30,40.63,,,,,,,,,1,3,Dépendance,,0,,,,,,2.150369,48.792526
2023-1052568,2023-05-12,000001,Vente,275000,126,,RUE YVES LE COZ,3210,78000,78646,Versailles,78,,,78646000BL0403,,,108,,,,,,,,,,1,3,Dépendance,,0,,,,,,2.150369,48.792526
2023-1052582,2023-05-31,000001,Vente,570000,13,,RUE JEAN DE LA BRUYERE,1560,78000,78646,Versailles,78,,,78646000AO0128,,,58,,97,102.29,,,,,,,2,3,Dépendance,,0,,,,,,2.145819,48.813432
2023-1052582,2023-05-31,000001,Vente,570000,13,,RUE JEAN DE LA BRUYERE,1560,78000,78646,Versailles,78,,,78646000AO0128,,,58,,97,102.29,,,,,,,2,2,Appartement,102,5,,,,,,2.145819,48.813432
2023-1052582,2023-05-31,000001,Vente,570000,13,,RUE JEAN DE LA BRUYERE,1560,78000,78646,Versailles,78,,,78646000AO0128,,,172,,,,,,,,,,1,3,Dépendance,,0,,,,,,2.145819,48.813432
2023-1052583,2023-05-09,000001,Vente,130000,39,,BD DU ROI,2641,78000,78646,Versailles,78,,,78646000AC0108,,,4,15.42,,,,,,,,,1,2,Appartement,16,1,,,,,,2.127742,48.814503
2023-1052591,2023-05-10,000001,Vente,625000,8,,RUE DE LA CEINTURE,0460,78000,78646,Versailles,78,,,78646000AW0006,,,617,,652,,,,,,,,2,3,Dépendance,,0,,,,,,2.15013,48.808121
2023-1052591,2023-05-10,000001,Vente,625000,8,,RUE DE LA CEINTURE,0460,78000,78646,Versailles,78,,,78646000AW0006,,,1101,,,,,,,,,,1,3,Dépendance,,0,,,,,,2.15013,48.808121
2023-1052591,2023-05-10,000001,Vente,625000,8,,RUE DE LA CEINTURE,0460,78000,78646,Versailles,78,,,78646000AW0006,,,617,,652,,,,,,,,2,2,Appartement,104,4,,,,,,2.15013,48.808121
2023-1052603,2023-05-16,000001,Vente,370000,56,,RUE MOLIERE,1940,78000,78646,Versailles,78,,,78646000BL0403,,,28,64.91,,,,,,,,,1,2,Appartement,67,3,,,,,,2.150369,48.792526
2023-1052603,2023-05-16,000001,Vente,370000,126,,RUE YVES LE COZ,3210,78000,78646,Versailles,78,,,78646000BL0403,,,99,,,,,,,,,,1,3,Dépendance,,0,,,,,,2.150369,48.792526
2023-1052603,2023-05-16,000001,Vente,370000,56,,RUE MOLIERE,1940,78000,78646,Versailles,78,,,78646000BL0403,,,28,64.91,,,,,,,,,1,3,Dépendance,,0,,,,,,2.150369,48.792526
2023-1052628,2023-05-31,000001,Vente,14000,27,,RUE SAINT MEDERIC,2840,78000,78646,Versailles,78,,,78646000BW0130,,,81,,,,,,,,,,1,3,Dépendance,,0,,,,,,2.12632,48.793557
2023-1052652,2023-05-24,000001,Vente,700000,2,,ALL DES GARDES ROYALES,1136,78000,78646,Versailles,78,,,78646000AY0212,,,1049,,,,,,,,,,1,3,Dépendance,,0,,,,,,2.151214,48.802177
2023-1052652,2023-05-24,000001,Vente,700000,1,,ALL DES GARDES ROYALES,1136,78000,78646,Versailles,78,,,78646000AY0212,,,231,105.41,249,,,,,,,,2,3,Dépendance,,0,,,,,,2.151214,48.802177
2023-1052652,2023-05-24,000001,Vente,700000,1,,ALL DES GARDES ROYALES,1136,78000,78646,Versailles,78,,,78646000AY0212,,,231,105.41,249,,,,,,,,2,3,Dépendance,,0,,,,,,2.151214,48.802177
2023-1052652,2023-05-24,000001,Vente,700000,1,,ALL DES GARDES ROYALES,1136,78000,78646,Versailles,78,,,78646000AY0212,,,231,105.41,249,,,,,,,,2,2,Appartement,104,5,,,,,,2.151214,48.802177
2023-1052660,2023-05-15,000001,Vente,630000,83,,RUE DE MONTREUIL,2000,78000,78646,Versailles,78,,,78646000AX0196,,,4,,8,70.43,,,,,,,2,2,Appartement,53,4,,,,,,2.149738,48.804734
2023-1052660,2023-05-15,000001,Vente,630000,83,,RUE DE MONTREUIL,2000,78000,78646,Versailles,78,,,78646000AX0196,,,4,,8,70.43,,,,,,,2,3,Dépendance,,0,,,,,,2.149738,48.804734
2023-1052664,2023-05-22,000001,Vente,8500,128,,AV DE PARIS,2180,78000,78646,Versailles,78,,,78646000BD0005,,,26,,,,,,,,,,1,3,Dépendance,,0,,,,,,2.154322,48.797741
2023-1052680,2023-05-22,000001,Vente,265400,33,,BD ST ANTOINE,2690,78000,78646,Versailles,78,,,78646000AB0035,,,14,,3,,,,,,,,2,3,Dépendance,,0,,,,,,2.122519,48.817126
2023-1052680,2023-05-22,000001,Vente,265400,33,,BD ST ANTOINE,2690,78000,78646,Versailles,78,,,78646000AB0035,,,31,,,,,,,,,,1,3,Dépendance,,0,,,,,,2.122519,48.817126
2023-1052680,2023-05-22,000001,Vente,265400,33,,BD ST ANTOINE,2690,78000,78646,Versailles,78,,,78646000AB0035,,,14,,3,,,,,,,,2,2,Appartement,38,2,,,,,,2.122519,48.817126
2023-1052683,2023-05-09,000001,Vente,138000,27,,RUE DU GENERAL LECLERC,1145,78000,78646,Versailles,78,,,78646000AH0170,,,10,,,,,,,,,,1,2,Appartement,17,1,,,,,,2.126942,48.799136
2023-1052689,2023-05-15,000001,Vente,548000,1,T,RUE SAINT MEDERIC,2840,78000,78646,Versailles,78,,,78646000BT0098,,,13,,8,,,,,,,,2,3,Dépendance,,0,,,,,,2.128123,48.796223
2023-1052689,2023-05-15,000001,Vente,548000,1,T,RUE SAINT MEDERIC,2840,78000,78646,Versailles,78,,,78646000BT0098,,,28,,,,,,,,,,1,3,Dépendance,,0,,,,,,2.128123,48.796223
2023-1052689,2023-05-15,000001,Vente,548000,1,T,RUE SAINT MEDERIC,2840,78000,78646,Versailles,78,,,78646000BT0098,,,13,,8,,,,,,,,2,2,Appartement,73,3,,,,,,2.128123,48.796223
2023-1052692,2023-06-02,000001,Vente,146522,64,,RUE DES CHANTIERS,0530,78000,78646,Versailles,78,,,78646000BL0326,,,146,13.72,,,,,,,,,1,2,Appartement,18,1,,,,,,2.143523,48.792624
2023-1052701,2023-06-01,000001,Vente,18000,10,,RUE DE L ERMITAGE,0940,78000,78646,Versailles,78,,,78646000AC0314,,,97,,,,,,,,,,1,3,Dépendance,,0,,,,,,2.123933,48.814609
2023-1052705,2023-06-02,000001,Vente,1213592,6,,RUE MAUREPAS,1870,78000,78646,Versailles,78,,,78646000AC0229,,,5,137,,,,,,,,,1,4,Local industriel. commercial ou assimilé,139,0,,,,,,2.124432,48.809273
2023-1052710,2023-06-02,000001,Vente,425000,2,,RUE JEAN MERMOZ,1460,78000,78646,Versailles,78,,,78646000BN0167,,,310,64.2,731,,,,,,,,2,3,Dépendance,,0,,,,,,2.142752,48.797871
2023-1052710,2023-06-02,000001,Vente,425000,2,,RUE JEAN MERMOZ,1460,78000,78646,Versailles,78,,,78646000BN0167,,,310,64.2,731,,,,,,,,2,2,Appartement,64,3,,,,,,2.142752,48.797871
2023-1052710,2023-06-02,000001,Vente,425000,2,,RUE JEAN MERMOZ,1460,78000,78646,Versailles,78,,,78646000BN0167,,,670,,,,,,,,,,1,3,Dépendance,,0,,,,,,2.142752,48.797871
2023-1052712,2023-05-25,000001,Vente en l'état futur d'achèvement,553800,,,LA SABLIERE,B029,78000,78646,Versailles,78,,,78646000BY0121,,,9,,,,,,,,,,1,,,,,,,,,,2.079148,48.803081
2023-1052718,2023-06-03,000001,Vente,376500,18,,RUE PHILIPPE DE DANGEAU,2255,78000,78646,Versailles,78,,,78646000AI0031,,,13,,22,,,,,,,,2,2,Appartement,45,3,,,,,,2.134102,48.803212
2023-1052718,2023-06-03,000001,Vente,376500,18,,RUE PHILIPPE DE DANGEAU,2255,78000,78646,Versailles,78,,,78646000AI0031,,,13,,22,,,,,,,,2,3,Dépendance,,0,,,,,,2.134102,48.803212
2023-1052721,2023-06-02,000001,Vente,36396,72,,RUE DU MAL FOCH,1810,78000,78646,Versailles,78,,,78646000AK0009,,,79,,,,,,,,,,1,3,Dépendance,,0,,,,,,2.136535,48.812771
2023-1052747,2023-05-11,000001,Vente,21500,1,,AV DU GENERAL MANGIN,1165,78000,78646,Versailles,78,,,78646000AL0068,,,84,,,,,,,,,,1,3,Dépendance,,0,,,,,,2.136485,48.813954
2023-1052765,2023-05-31,000001,Vente en l'état futur d'achèvement,710000,,,LA SABLIERE,B029,78000,78646,Versailles,78,,,78646000BY0108,,,474,,,,,,,,,,1,,,,,,,,,,2.079319,48.802074
2023-1052765,2023-05-31,000001,Vente en l'état futur d'achèvement,710000,,,LA SABLIERE,B029,78000,78646,Versailles,78,,,78646000BY0108,,,309,,,,,,,,,,1,,,,,,,,,,2.079319,48.802074
2023-1052765,2023-05-31,000001,Vente en l'état futur d'achèvement,710000,,,LA SABLIERE,B029,78000,78646,Versailles,78,,,78646000BY0108,,,475,,,,,,,,,,1,,,,,,,,,,2.079319,48.802074
2023-1052773,2023-05-31,000001,Vente,388600,6,,RUE DELAUNAY,0760,78000,78646,Versailles,78,,,78646000AC0044,,,5,53.01,,,,,,,,,1,3,Dépendance,,0,,,,,,2.123491,48.815558
2023-1052773,2023-05-31,000001,Vente,388600,6,,RUE DELAUNAY,0760,78000,78646,Versailles,78,,,78646000AC0044,,,5,53.01,,,,,,,,,1,2,Appartement,52,3,,,,,,2.123491,48.815558
2023-1052801,2023-06-02,000001,Vente,220500,17,T,RUE DU PONT COLBERT,2370,78000,78646,Versailles,78,,,78646000BI0022,,,575,53.02,,,,,,,,,1,3,Dépendance,,0,,,,,,2.149624,48.789909
2023-1052801,2023-06-02,000001,Vente,220500,17,T,RUE DU PONT COLBERT,2370,78000,78646,Versailles,78,,,78646000BI0022,,,575,53.02,,,,,,,,,1,2,Appartement,53,3,,,,,,2.149624,48.789909
2023-1052803,2023-06-02,000001,Vente,17500,35,,RUE HENRI SIMON,1330,78000,78646,Versailles,78,,,78646000AW0219,,,810,,,,,,,,,,1,3,Dépendance,,0,,,,,,2.147909,48.808568
2023-1052821,2023-05-17,000001,Vente,620000,14,,RUE JACQUES BOYCEAU,1410,78000,78646,Versailles,78,,,78646000BP0083,,,15,,,,,,,,,,1,3,Dépendance,,0,,,,,,2.140936,48.803799
2023-1052821,2023-05-17,000001,Vente,620000,14,,RUE JACQUES BOYCEAU,1410,78000,78646,Versailles,78,,,78646000BP0083,,,4,,7,88.35,,,,,,,2,2,Appartement,98,4,,,,,,2.140936,48.803799
2023-1052821,2023-05-17,000001,Vente,620000,14,,RUE JACQUES BOYCEAU,1410,78000,78646,Versailles,78,,,78646000BP0083,,,4,,7,88.35,,,,,,,2,3,Dépendance,,0,,,,,,2.140936,48.803799
2023-1052840,2023-05-15,000001,Vente,635000,98,,BD DE LA REINE,2520,78000,78646,Versailles,78,,,78646000AI0290,,,155,,68,,,,,,,,2,2,Appartement,78,2,,,,,,2.139429,48.808058
2023-1052840,2023-05-15,000001,Vente,635000,98,,BD DE LA REINE,2520,78000,78646,Versailles,78,,,78646000AI0290,,,4,,,,,,,,,,1,3,Dépendance,,0,,,,,,2.139429,48.808058
2023-1052840,2023-05-15,000001,Vente,635000,98,,BD DE LA REINE,2520,78000,78646,Versailles,78,,,78646000AI0290,,,155,,68,,,,,,,,2,3,Dépendance,,0,,,,,,2.139429,48.808058
2023-1052844,2023-06-05,000001,Vente,367100,7,,RUE HOCHE,1350,78000,78646,Versailles,78,,,78646000AE0329,,,25,,49,,50,,51,,58,,6,3,Dépendance,,0,,,,,,2.127198,48.805499
2023-1052844,2023-06-05,000001,Vente,367100,7,,RUE HOCHE,1350,78000,78646,Versailles,78,,,78646000AE0329,,,25,,49,,50,,51,,58,,6,2,Appartement,48,2,,,,,,2.127198,48.805499
2023-1052844,2023-06-05,000001,Vente,367100,7,,RUE HOCHE,1350,78000,78646,Versailles,78,,,78646000AE0329,,,25,,49,,50,,51,,58,,6,3,Dépendance,,0,,,,,,2.127198,48.805499
2023-1052847,2023-05-23,000001,Vente,160000,25,,RUE REMILLY,2530,78000,78646,Versailles,78,,,78646000AK0052,,,24,,9,,,,,,,,2,2,Appartement,20,1,,,,,,2.138754,48.811735
2023-1052847,2023-05-23,000001,Vente,160000,25,,RUE REMILLY,2530,78000,78646,Versailles,78,,,78646000AK0052,,,24,,9,,,,,,,,2,3,Dépendance,,0,,,,,,2.138754,48.811735
2023-1052853,2023-05-22,000001,Vente,365000,58,,RUE DES CHANTIERS,0530,78000,78646,Versailles,78,,,78646000BL0327,,,375,,,,,,,,,,1,3,Dépendance,,0,,,,,,2.142467,48.792993
2023-1052853,2023-05-22,000001,Vente,365000,58,,RUE DES CHANTIERS,0530,78000,78646,Versailles,78,,,78646000BL0327,,,190,72.5,342,,,,,,,,2,3,Dépendance,,0,,,,,,2.142467,48.792993
2023-1052853,2023-05-22,000001,Vente,365000,58,,RUE DES CHANTIERS,0530,78000,78646,Versailles,78,,,78646000BL0327,,,190,72.5,342,,,,,,,,2,2,Appartement,70,3,,,,,,2.142467,48.792993
2023-1052939,2023-06-08,000001,Vente,500000,6,,RUE DE LA CEINTURE,0460,78000,78646,Versailles,78,,,78646000AW0006,,,250,,,,,,,,,,1,3,Dépendance,,0,,,,,,2.15013,48.808121
2023-1052939,2023-06-08,000001,Vente,500000,6,,RUE DE LA CEINTURE,0460,78000,78646,Versailles,78,,,78646000AW0006,,,1382,,,,,,,,,,1,3,Dépendance,,0,,,,,,2.15013,48.808121
2023-1052939,2023-06-08,000001,Vente,500000,6,,RUE DE LA CEINTURE,0460,78000,78646,Versailles,78,,,78646000AW0006,,,250,,,,,,,,,,1,2,Appartement,104,4,,,,,,2.15013,48.808121
2023-1052939,2023-06-08,000001,Vente,500000,6,,RUE DE LA CEINTURE,0460,78000,78646,Versailles,78,,,78646000AW0006,,,215,,,,,,,,,,1,2,Appartement,104,4,,,,,,2.15013,48.808121
2023-1052939,2023-06-08,000001,Vente,500000,6,,RUE DE LA CEINTURE,0460,78000,78646,Versailles,78,,,78646000AW0006,,,215,,,,,,,,,,1,3,Dépendance,,0,,,,,,2.15013,48.808121
2023-1052942,2023-06-08,000001,Vente,120500,97,,RUE DES CHANTIERS,0530,78000,78646,Versailles,78,,,78646000BL0287,,,11,,,,,,,,,,1,4,Local industriel. commercial ou assimilé,44,0,,,,,,2.145781,48.792108
2023-1052942,2023-06-08,000001,Vente,120500,102,,RUE ALBERT SARRAUT,0080,78000,78646,Versailles,78,,,78646000BL0288,,,55,,,,,,,,,,1,3,Dépendance,,0,,,,,,2.145915,48.791968
2023-1052951,2023-05-24,000001,Vente,403619,59,,AV DES ETATS UNIS,0990,78000,78646,Versailles,78,,,78646000AS0054,,,187,80.58,,,,,,,,,1,2,Appartement,65,5,,,,,,2.152632,48.814149
2023-1052951,2023-05-24,000001,Vente,403619,59,,AV DES ETATS UNIS,0990,78000,78646,Versailles,78,,,78646000AS0054,,,328,,,,,,,,,,1,3,Dépendance,,0,,,,,,2.152632,48.814149
2023-1052984,2023-05-22,000001,Vente,790000,16,,RUE DU VIEUX VERSAILLES,3180,78000,78646,Versailles,78,,,78646000AH0108,,,15,,19,,27,109.59,,,,,3,3,Dépendance,,0,,,,,,2.122629,48.800706
2023-1052984,2023-05-22,000001,Vente,790000,16,,RUE DU VIEUX VERSAILLES,3180,78000,78646,Versailles,78,,,78646000AH0108,,,15,,19,,27,109.59,,,,,3,3,Dépendance,,0,,,,,,2.122629,48.800706
2023-1052984,2023-05-22,000001,Vente,790000,16,,RUE DU VIEUX VERSAILLES,3180,78000,78646,Versailles,78,,,78646000AH0108,,,15,,19,,27,109.59,,,,,3,2,Appartement,105,4,,,,,,2.122629,48.800706
2023-1052992,2023-06-01,000001,Vente,158000,21,,BD ST ANTOINE,2690,78000,78646,Versailles,78,,,78646000AC0054,,,3,25.72,420,,,,,,,,2,3,Dépendance,,0,,,,,,2.125692,48.815948
2023-1052992,2023-06-01,000001,Vente,158000,21,,BD ST ANTOINE,2690,78000,78646,Versailles,78,,,78646000AC0054,,,3,25.72,420,,,,,,,,2,2,Appartement,25,1,,,,,,2.125692,48.815948
2023-1052995,2023-06-02,000001,Vente,28000,17,T,RUE DU PONT COLBERT,2370,78000,78646,Versailles,78,,,78646000BI0022,,,629,,,,,,,,,,1,3,Dépendance,,0,,,,,,2.149624,48.789909
2023-1053043,2023-05-30,000001,Vente,776700,73,B,RUE DU MAL FOCH,1810,78000,78646,Versailles,78,,,78646000AD0475,,,105,,117,,,,,,,,2,3,Dépendance,,0,,,,,,2.135532,48.812595
2023-1053043,2023-05-30,000001,Vente,776700,73,B,RUE DU MAL FOCH,1810,78000,78646,Versailles,78,,,78646000AD0475,,,105,,117,,,,,,,,2,3,Dépendance,,0,,,,,,2.135532,48.812595
2023-1053043,2023-05-30,000001,Vente,776700,73,B,RUE DU MAL FOCH,1810,78000,78646,Versailles,78,,,78646000AD0475,,,105,,117,,,,,,,,2,2,Appartement,118,5,,,,,,2.135532,48.812595
2023-1053043,2023-05-30,000001,Vente,776700,73,B,RUE DU MAL FOCH,1810,78000,78646,Versailles,78,,,78646000AD0477,,,153,,,,,,,,,,1,3,Dépendance,,0,,,,,,2.134954,48.812695
2023-1053050,2023-06-02,000001,Vente,24500,18,,RUE ALBERT JOLY,0050,78000,78646,Versailles,78,,,78646000AK0174,,,44,,,,,,,,,,1,3,Dépendance,,0,,,,,,2.137825,48.810091
2023-1053052,2023-06-08,000001,Vente,285550,31,,BD DE LA REPUBLIQUE,2570,78000,78646,Versailles,78,,,78646000AW0234,,,20,,3,,,,,,,,2,2,Appartement,42,2,,,,,,2.148761,48.806788
2023-1053052,2023-06-08,000001,Vente,285550,31,,BD DE LA REPUBLIQUE,2570,78000,78646,Versailles,78,,,78646000AW0234,,,20,,3,,,,,,,,2,3,Dépendance,,0,,,,,,2.148761,48.806788
2023-1053053,2023-06-08,000001,Vente,25000,21,,RUE ALBERT JOLY,0050,78000,78646,Versailles,78,,,78646000AK0108,,,108,,,,,,,,,,1,3,Dépendance,,0,,,,,,2.13855,48.810583
2023-1053059,2023-06-09,000001,Vente,405000,21,,AV DE SAINT CLOUD,2730,78000,78646,Versailles,78,,,78646000AE0299,,,4,,,,,,,,,,1,2,Appartement,44,2,,,,,,2.129705,48.805268
2023-1053060,2023-06-09,000002,Vente,400000,21,,AV DE SAINT CLOUD,2730,78000,78646,Versailles,78,,,78646000AE0299,,,1,110,6,,,,,,,,2,4,Local industriel. commercial ou assimilé,140,0,,,,,,2.129705,48.805268
2023-1053065,2023-06-08,000001,Vente,35000,12,,RUE ALBERT JOLY,0050,78000,78646,Versailles,78,,,78646000AK0148,,,43,9.86,,,,,,,,,1,3,Dépendance,,0,,,,,,2.136491,48.810383
2023-1053069,2023-06-09,000001,Vente,910600,27,,RUE BERTHIER,0370,78000,78646,Versailles,78,,,78646000AD0197,,,3,,32,113.38,33,,4,,,,4,2,Appartement,110,4,,,,,,2.12808,48.811819
2023-1053069,2023-06-09,000001,Vente,910600,27,,RUE BERTHIER,0370,78000,78646,Versailles,78,,,78646000AD0197,,,20,,,,,,,,,,1,3,Dépendance,,0,,,,,,2.12808,48.811819
2023-1053069,2023-06-09,000001,Vente,910600,27,,RUE BERTHIER,0370,78000,78646,Versailles,78,,,78646000AD0197,,,3,,32,113.38,33,,4,,,,4,3,Dépendance,,0,,,,,,2.12808,48.811819
2023-1053073,2023-06-09,000001,Vente,605620,38,,RUE DE MONTREUIL,2000,78000,78646,Versailles,78,,,78646000AX0308,,,3,74.78,33,,,,,,,,2,2,Appartement,72,4,,,,,,2.145739,48.804519
2023-1053106,2023-06-07,000001,Vente en l'état futur d'achèvement,352000,,,LA SABLIERE,B029,78000,78646,Versailles,78,,,78646000BY0110,,,120,,,,,,,,,,1,,,,,,,,,,2.078228,48.802624
2023-1053106,2023-06-07,000001,Vente en l'état futur d'achèvement,352000,,,LA SABLIERE,B029,78000,78646,Versailles,78,,,78646000BY0114,,,204,,,,,,,,,,1,,,,,,,,,,2.078245,48.802897
2023-1053109,2023-06-09,000001,Vente,685300,2,,PROM VENEZIA,3135,78000,78646,Versailles,78,,,78646000AZ0110,,,1517,,1542,133.74,,,,,,,2,2,Appartement,134,5,,,,,,2.158672,48.8041
2023-1053109,2023-06-09,000001,Vente,685300,5,,RUE DE L ECOLE DES POSTES,0850,78000,78646,Versailles,78,,,78646000AZ0110,,,3248,,,,,,,,,,1,3,Dépendance,,0,,,,,,2.158672,48.8041
2023-1053109,2023-06-09,000001,Vente,685300,2,,PROM VENEZIA,3135,78000,78646,Versailles,78,,,78646000AZ0110,,,1517,,1542,133.74,,,,,,,2,3,Dépendance,,0,,,,,,2.158672,48.8041
2023-1053144,2023-05-17,000001,Vente,170000,32,,RUE DE L ORANGERIE,2110,78000,78646,Versailles,78,,,78646000BV0023,,,14,,,,,,,,,,1,2,Appartement,27,2,,,,,,2.12323,48.799639
2023-1053149,2023-06-05,000001,Vente,885800,22,,RUE JEAN DE LA FONTAINE,1439,78000,78646,Versailles,78,,,78646000BE0274,,,,,,,,,,,,,0,1,Maison,118,4,S,sols,,,254,2.161069,48.797354
2023-1053155,2023-06-06,000001,Vente,559224,1,,RUE GEORGES GUYNEMER,1210,78000,78646,Versailles,78,,,78646000AX0214,,,15,,2,67.07,,,,,,,2,2,Appartement,75,3,,,,,,2.148223,48.804816
2023-1053155,2023-06-06,000001,Vente,559224,1,,RUE GEORGES GUYNEMER,1210,78000,78646,Versailles,78,,,78646000AX0214,,,15,,2,67.07,,,,,,,2,3,Dépendance,,0,,,,,,2.148223,48.804816
2023-1053211,2023-05-31,000001,Vente,900000,15,B,AV DU MAL DOUGLAS HAIG,1795,78000,78646,Versailles,78,,,78646000AM0523,,,,,,,,,,,,,0,1,Maison,80,3,S,sols,,,322,2.145099,48.818214
2023-1053220,2023-05-24,000001,Vente,378000,38,,RUE BERTHIER,0370,78000,78646,Versailles,78,,,78646000AD0445,,,16,68.15,29,,,,,,,,2,2,Appartement,67,4,,,,,,2.13058,48.811059
2023-1053220,2023-05-24,000001,Vente,378000,38,,RUE BERTHIER,0370,78000,78646,Versailles,78,,,78646000AD0445,,,16,68.15,29,,,,,,,,2,3,Dépendance,,0,,,,,,2.13058,48.811059
2023-1053226,2023-06-08,000001,Vente,588000,2,,ALL DES GARDES ROYALES,1136,78000,78646,Versailles,78,,,78646000AY0212,,,261,,280,,,,,,,,2,3,Dépendance,,0,,,,,,2.151214,48.802177
2023-1053226,2023-06-08,000001,Vente,588000,2,,ALL DES GARDES ROYALES,1136,78000,78646,Versailles,78,,,78646000AY0212,,,1076,,,,,,,,,,1,3,Dépendance,,0,,,,,,2.151214,48.802177
2023-1053226,2023-06-08,000001,Vente,588000,2,,ALL DES GARDES ROYALES,1136,78000,78646,Versailles,78,,,78646000AY0212,,,261,,280,,,,,,,,2,3,Dépendance,,0,,,,,,2.151214,48.802177
2023-1053226,2023-06-08,000001,Vente,588000,2,,ALL DES GARDES ROYALES,1136,78000,78646,Versailles,78,,,78646000AY0212,,,261,,280,,,,,,,,2,2,Appartement,90,4,,,,,,2.151214,48.802177
2023-1053229,2023-06-07,000001,Vente,25000,14,B,RUE BENJAMIN FRANKLIN,0340,78000,78646,Versailles,78,,,78646000BR0190,,,303,,,,,,,,,,1,3,Dépendance,,0,,,,,,2.135581,48.798108
2023-1053321,2023-05-30,000001,Vente,257000,10,,RUE D ARTOIS,0210,78000,78646,Versailles,78,,,78646000AX0351,,,16,,,,,,,,,,1,2,Appartement,37,2,,,,,,2.145546,48.804133
2023-1053321,2023-05-30,000001,Vente,257000,10,,RUE D ARTOIS,0210,78000,78646,Versailles,78,,,78646000AX0351,,,16,,,,,,,,,,1,3,Dépendance,,0,,,,,,2.145546,48.804133
2023-1053328,2023-06-13,000001,Vente,218500,21,,AV DE SAINT CLOUD,2730,78000,78646,Versailles,78,,,78646000AE0299,,,3,31.44,,,,,,,,,1,2,Appartement,34,1,,,,,,2.129705,48.805268
2023-1053335,2023-06-12,000001,Vente,543400,2,,ALL DES CHEVALIERS,0570,78000,78646,Versailles,78,,,78646000AZ0110,,,273,,347,117.53,,,,,,,2,2,Appartement,119,5,,,,,,2.158672,48.8041
2023-1053335,2023-06-12,000001,Vente,543400,5,,RUE DE L ECOLE DES POSTES,0850,78000,78646,Versailles,78,,,78646000AZ0110,,,2682,,,,,,,,,,1,3,Dépendance,,0,,,,,,2.158672,48.8041
2023-1053335,2023-06-12,000001,Vente,543400,2,,ALL DES CHEVALIERS,0570,78000,78646,Versailles,78,,,78646000AZ0110,,,273,,347,117.53,,,,,,,2,3,Dépendance,,0,,,,,,2.158672,48.8041
2023-1053335,2023-06-12,000001,Vente,543400,2,,ALL DES CHEVALIERS,0570,78000,78646,Versailles,78,,,78646000AZ0110,,,273,,347,117.53,,,,,,,2,3,Dépendance,,0,,,,,,2.158672,48.8041
2023-1053344,2023-06-09,000001,Vente,278000,42,B,RUE DE MONTREUIL,2000,78000,78646,Versailles,78,,,78646000AY0004,,,1,44.52,,,,,,,,,1,3,Dépendance,,0,,,,,,2.146967,48.804478
2023-1053344,2023-06-09,000001,Vente,278000,42,B,RUE DE MONTREUIL,2000,78000,78646,Versailles,78,,,78646000AY0004,,,1,44.52,,,,,,,,,1,3,Dépendance,,0,,,,,,2.146967,48.804478
2023-1053344,2023-06-09,000001,Vente,278000,42,B,RUE DE MONTREUIL,2000,78000,78646,Versailles,78,,,78646000AY0004,,,1,44.52,,,,,,,,,1,2,Appartement,44,2,,,,,,2.146967,48.804478
2023-1053350,2023-06-07,000001,Vente,110000,8,,RUE DU GENERAL LECLERC,1145,78000,78646,Versailles,78,,,78646000BV0057,,,14,,28,18.03,,,,,,,2,2,Appartement,18,1,,,,,,2.125232,48.79927
2023-1053350,2023-06-07,000001,Vente,110000,8,,RUE DU GENERAL LECLERC,1145,78000,78646,Versailles,78,,,78646000BV0057,,,14,,28,18.03,,,,,,,2,3,Dépendance,,0,,,,,,2.125232,48.79927
2023-1053355,2023-06-14,000001,Vente,19000,10,,RUE DE L ERMITAGE,0940,78000,78646,Versailles,78,,,78646000AC0314,,,41,,,,,,,,,,1,3,Dépendance,,0,,,,,,2.123933,48.814609
2023-1053368,2023-06-09,000001,Vente,345000,1,T,RUE SAINT LOUIS,2810,78000,78646,Versailles,78,,,78646000BV0209,,,8,42.23,,,,,,,,,1,3,Dépendance,,0,,,,,,2.122851,48.796013
2023-1053368,2023-06-09,000001,Vente,345000,1,T,RUE SAINT LOUIS,2810,78000,78646,Versailles,78,,,78646000BV0209,,,8,42.23,,,,,,,,,1,2,Appartement,42,2,,,,,,2.122851,48.796013
2023-1053382,2023-05-26,000001,Vente,50000,9,,RUE MONTBAURON,1970,78000,78646,Versailles,78,,,78646000AI0068,,,2,15.62,,,,,,,,,1,4,Local industriel. commercial ou assimilé,24,0,,,,,,2.134852,48.803438
2023-1053384,2023-06-01,000001,Vente,343000,1,,IMP DES ECURIES,0870,78000,78646,Versailles,78,,,78646000AE0186,,,4,51.61,,,,,,,,,1,3,Dépendance,,0,,,,,,2.127238,48.807575
2023-1053384,2023-06-01,000001,Vente,343000,1,,IMP DES ECURIES,0870,78000,78646,Versailles,78,,,78646000AE0186,,,4,51.61,,,,,,,,,1,3,Dépendance,,0,,,,,,2.127238,48.807575
2023-1053384,2023-06-01,000001,Vente,343000,1,,IMP DES ECURIES,0870,78000,78646,Versailles,78,,,78646000AE0186,,,4,51.61,,,,,,,,,1,2,Appartement,44,3,,,,,,2.127238,48.807575
2023-1053414,2023-05-31,000001,Vente en l'état futur d'achèvement,331000,,,LA SABLIERE,B029,78000,78646,Versailles,78,,,78646000BY0108,,,202,,,,,,,,,,1,,,,,,,,,,2.079319,48.802074
2023-1053414,2023-05-31,000001,Vente en l'état futur d'achèvement,331000,,,LA SABLIERE,B029,78000,78646,Versailles,78,,,78646000BY0108,,,449,,,,,,,,,,1,,,,,,,,,,2.079319,48.802074
2023-1053435,2023-06-12,000001,Vente,350000,29,,RUE DU MAL FOCH,1810,78000,78646,Versailles,78,,,78646000AE0070,,,66,58.16,,,,,,,,,1,4,Local industriel. commercial ou assimilé,47,0,,,,,,2.132101,48.807725
2023-1053451,2023-06-08,000001,Vente,15000,17,,AV DE LA MAYE,1875,78000,78646,Versailles,78,,,78646000AL0139,,,104,,,,,,,,,,1,3,Dépendance,,0,,,,,,2.138843,48.817098
2023-1053477,2023-05-31,000001,Vente,202000,4,,RUE DE MONTREUIL,2000,78000,78646,Versailles,78,,,78646000AX0421,,,3,,,,,,,,,,1,3,Dépendance,,0,,,,,,2.142028,48.805304
2023-1053477,2023-05-31,000001,Vente,202000,4,,RUE DE MONTREUIL,2000,78000,78646,Versailles,78,,,78646000AX0421,,,3,,,,,,,,,,1,3,Dépendance,,0,,,,,,2.142028,48.805304
2023-1053477,2023-05-31,000001,Vente,202000,4,,RUE DE MONTREUIL,2000,78000,78646,Versailles,78,,,78646000AX0421,,,3,,,,,,,,,,1,2,Appartement,31,3,,,,,,2.142028,48.805304
2023-1053481,2023-06-14,000001,Vente,320000,6,,RUE DE BEAUVAU,0320,78000,78646,Versailles,78,,,78646000AD0272,,,5,,,,,,,,,,1,2,Appartement,44,3,,,,,,2.13132,48.811813
2023-1053481,2023-06-14,000001,Vente,320000,6,,RUE DE BEAUVAU,0320,78000,78646,Versailles,78,,,78646000AD0272,,,5,,,,,,,,,,1,3,Dépendance,,0,,,,,,2.13132,48.811813
2023-1053483,2023-06-15,000001,Vente,2000,45,,RUE PORTE DE BUC,2390,78000,78646,Versailles,78,,,78646000BM0019,,,20,,,,,,,,,,1,2,Appartement,40,3,,,,,,2.135705,48.790746
2023-1053483,2023-06-15,000001,Vente,2000,45,,RUE PORTE DE BUC,2390,78000,78646,Versailles,78,,,78646000BM0019,,,20,,,,,,,,,,1,3,Dépendance,,0,,,,,,2.135705,48.790746
2023-1053494,2023-06-16,000001,Vente,373000,23,,RUE DE SATORY,2950,78000,78646,Versailles,78,,,78646000AH0143,,,22,,38,,52,,60,,64,,5,2,Appartement,50,3,,,,,,2.125151,48.800021
2023-1053495,2023-06-01,000001,Vente,282000,33,T,RUE REMONT,2560,78000,78646,Versailles,78,,,78646000BE0424,,,11,,25,42.5,,,,,,,2,2,Appartement,42,3,,,,,,2.160658,48.795208
2023-1053495,2023-06-01,000001,Vente,282000,33,T,RUE REMONT,2560,78000,78646,Versailles,78,,,78646000BE0424,,,11,,25,42.5,,,,,,,2,3,Dépendance,,0,,,,,,2.160658,48.795208
2023-1053510,2023-06-15,000001,Vente,150000,14,,RUE DE L OCCIDENT,2100,78000,78646,Versailles,78,,,78646000BV0145,,,12,,,,,,,,,,1,2,Appartement,43,2,,,,,,2.125022,48.797001
2023-1053510,2023-06-15,000001,Vente,150000,14,,RUE DE L OCCIDENT,2100,78000,78646,Versailles,78,,,78646000BV0145,,,12,,,,,,,,,,1,3,Dépendance,,0,,,,,,2.125022,48.797001
2023-1053515,2023-06-12,000001,Vente,408000,7,T,RUE SAINT CHARLES,2710,78000,78646,Versailles,78,,,78646000AY0191,,,23,,4,,,,,,,,2,3,Dépendance,,0,,,,,,2.148986,48.80127
2023-1053515,2023-06-12,000001,Vente,408000,7,T,RUE SAINT CHARLES,2710,78000,78646,Versailles,78,,,78646000AY0191,,,13,,,,,,,,,,1,3,Dépendance,,0,,,,,,2.148986,48.80127
2023-1053515,2023-06-12,000001,Vente,408000,7,T,RUE SAINT CHARLES,2710,78000,78646,Versailles,78,,,78646000AY0191,,,23,,4,,,,,,,,2,2,Appartement,55,2,,,,,,2.148986,48.80127
2023-1053533,2023-06-15,000001,Vente,912610,7,,RUE HOCHE,1350,78000,78646,Versailles,78,,,78646000AE0329,,,2,,37,154.2,72,,,,,,3,3,Dépendance,,0,,,,,,2.127198,48.805499
2023-1053533,2023-06-15,000001,Vente,912610,7,,RUE HOCHE,1350,78000,78646,Versailles,78,,,78646000AE0329,,,2,,37,154.2,72,,,,,,3,2,Appartement,140,5,,,,,,2.127198,48.805499
2023-1053533,2023-06-15,000001,Vente,912610,7,,RUE HOCHE,1350,78000,78646,Versailles,78,,,78646000AE0329,,,2,,37,154.2,72,,,,,,3,3,Dépendance,,0,,,,,,2.127198,48.805499
2023-1053553,2023-06-16,000001,Vente,1369000,4,,BD DE GLATIGNY,1275,78000,78646,Versailles,78,,,78646000AM0354,,,33,,,,,,,,,,1,3,Dépendance,,0,,,,,,2.14217,48.818202
2023-1053553,2023-06-16,000001,Vente,1369000,4,,BD DE GLATIGNY,1275,78000,78646,Versailles,78,,,78646000AM0354,,,20,,,,,,,,,,1,3,Dépendance,,0,,,,,,2.14217,48.818202
2023-1053553,2023-06-16,000001,Vente,1369000,4,,BD DE GLATIGNY,1275,78000,78646,Versailles,78,,,78646000AM0354,,,2,,24,,,,,,,,2,2,Appartement,160,6,,,,,,2.14217,48.818202
2023-1053553,2023-06-16,000001,Vente,1369000,4,,BD DE GLATIGNY,1275,78000,78646,Versailles,78,,,78646000AM0354,,,2,,24,,,,,,,,2,3,Dépendance,,0,,,,,,2.14217,48.818202
2023-1053553,2023-06-16,000001,Vente,1369000,4,,BD DE GLATIGNY,1275,78000,78646,Versailles,78,,,78646000AM0354,,,2,,24,,,,,,,,2,3,Dépendance,,0,,,,,,2.14217,48.818202
2023-1053560,2023-06-06,000001,Vente,944100,4,,SQ DES CHEVAU LEGERS,0601,78000,78646,Versailles,78,,,78646000AH0226,,,151,,441,,,,,,,,2,2,Appartement,120,5,,,,,,2.126268,48.79975
2023-1053560,2023-06-06,000001,Vente,944100,4,,SQ DES CHEVAU LEGERS,0601,78000,78646,Versailles,78,,,78646000AH0226,,,151,,441,,,,,,,,2,3,Dépendance,,0,,,,,,2.126268,48.79975
2023-1053560,2023-06-06,000001,Vente,944100,9001,,AV DE SCEAUX,2980,78000,78646,Versailles,78,,,78646000AH0226,,,326,,,,,,,,,,1,3,Dépendance,,0,,,,,,2.126268,48.79975
2023-1053564,2023-06-20,000001,Vente,130000,108,,BD DE LA REINE,2520,78000,78646,Versailles,78,,,78646000AX0037,,,108,,,,,,,,,,1,3,Dépendance,,0,,,,,,2.142871,48.807658
2023-1053571,2023-06-09,000001,Vente,395800,12,,RUE DES ETATS GENERAUX,0980,78000,78646,Versailles,78,,,78646000BR0044,,,43,,48,53.85,59,,,,,,3,2,Appartement,33,3,,,,,,2.132804,48.799526
2023-1053571,2023-06-09,000001,Vente,395800,12,,RUE DES ETATS GENERAUX,0980,78000,78646,Versailles,78,,,78646000BR0044,,,43,,48,53.85,59,,,,,,3,3,Dépendance,,0,,,,,,2.132804,48.799526
2023-1053571,2023-06-09,000001,Vente,395800,12,,RUE DES ETATS GENERAUX,0980,78000,78646,Versailles,78,,,78646000BR0044,,,43,,48,53.85,59,,,,,,3,3,Dépendance,,0,,,,,,2.132804,48.799526
2023-1053587,2023-06-19,000001,Vente,451250,1,,PROM VENEZIA,3135,78000,78646,Versailles,78,,,78646000AZ0110,,,2254,,,,,,,,,,1,2,Appartement,69,3,,,,,,2.158672,48.8041
2023-1053587,2023-06-19,000001,Vente,451250,5,,RUE DE L ECOLE DES POSTES,0850,78000,78646,Versailles,78,,,78646000AZ0110,,,3725,,,,,,,,,,1,3,Dépendance,,0,,,,,,2.158672,48.8041
2023-1053587,2023-06-19,000001,Vente,451250,1,,PROM VENEZIA,3135,78000,78646,Versailles,78,,,78646000AZ0110,,,2254,,,,,,,,,,1,3,Dépendance,,0,,,,,,2.158672,48.8041
2023-1053597,2023-05-25,000001,Vente,94750000,3,,RUE DES ETANGS GOBERT,0977,78000,78646,Versailles,78,,,78646000BS0222,,1,,,,,,,,,,,0,,,,,,,,,,2.134494,48.79639
2023-1053610,2023-06-06,000001,Vente,650000,1,,RUE DE SATORY,2950,78000,78646,Versailles,78,,,78646000AH0153,,,5,77.85,,,,,,,,,1,3,Dépendance,,0,,,,,,2.125536,48.801032
2023-1053610,2023-06-06,000001,Vente,650000,1,,RUE DE SATORY,2950,78000,78646,Versailles,78,,,78646000AH0153,,,5,77.85,,,,,,,,,1,2,Appartement,63,3,,,,,,2.125536,48.801032
2023-1053623,2023-05-30,000001,Vente,169000,23,,RUE DE SATORY,2950,78000,78646,Versailles,78,,,78646000AH0143,,,36,22.7,55,,68,,,,,,3,2,Appartement,30,1,,,,,,2.125151,48.800021
2023-1053645,2023-06-09,000001,Vente,701000,2,,ALL DES GARDES ROYALES,1136,78000,78646,Versailles,78,,,78646000AY0212,,,1264,,,,,,,,,,1,3,Dépendance,,0,,,,,,2.151214,48.802177
2023-1053645,2023-06-09,000001,Vente,701000,10,,ALL DES GARDES ROYALES,1136,78000,78646,Versailles,78,,,78646000AY0212,,,497,,521,,,,,,,,2,3,Dépendance,,0,,,,,,2.151214,48.802177
2023-1053645,2023-06-09,000001,Vente,701000,10,,ALL DES GARDES ROYALES,1136,78000,78646,Versailles,78,,,78646000AY0212,,,497,,521,,,,,,,,2,3,Dépendance,,0,,,,,,2.151214,48.802177
2023-1053645,2023-06-09,000001,Vente,701000,10,,ALL DES GARDES ROYALES,1136,78000,78646,Versailles,78,,,78646000AY0212,,,497,,521,,,,,,,,2,2,Appartement,104,5,,,,,,2.151214,48.802177
2023-1053650,2023-05-09,000001,Vente,1732560.2,11,,ALL DES MARRONNIERS,1862,78000,78646,Versailles,78,,,78646000CB0062,,,,,,,,,,,,,0,4,Local industriel. commercial ou assimilé,2291,0,S,sols,,,4340,2.096797,48.783253
2023-1053650,2023-05-09,000001,Vente,1732560.2,11,,ALL DES MARRONNIERS,1862,78000,78646,Versailles,78,,,78646000CB0062,,,,,,,,,,,,,0,4,Local industriel. commercial ou assimilé,,,S,sols,,,4340,2.096797,48.783253
2023-1053665,2023-06-13,000001,Vente,200000,33,T,RUE REMONT,2560,78000,78646,Versailles,78,,,78646000BE0424,,,24,33.02,7,,,,,,,,2,3,Dépendance,,0,,,,,,2.160658,48.795208
2023-1053665,2023-06-13,000001,Vente,200000,33,T,RUE REMONT,2560,78000,78646,Versailles,78,,,78646000BE0424,,,24,33.02,7,,,,,,,,2,2,Appartement,32,2,,,,,,2.160658,48.795208
2023-1053705,2023-06-19,000001,Vente,371000,4,,PROM MONA LISA,1965,78000,78646,Versailles,78,,,78646000AZ0110,,,1678,,1745,71.15,,,,,,,2,3,Dépendance,,0,,,,,,2.158672,48.8041
2023-1053705,2023-06-19,000001,Vente,371000,5,,RUE DE L ECOLE DES POSTES,0850,78000,78646,Versailles,78,,,78646000AZ0110,,,3608,,,,,,,,,,1,3,Dépendance,,0,,,,,,2.158672,48.8041
2023-1053705,2023-06-19,000001,Vente,371000,4,,PROM MONA LISA,1965,78000,78646,Versailles,78,,,78646000AZ0110,,,1678,,1745,71.15,,,,,,,2,2,Appartement,72,2,,,,,,2.158672,48.8041
2023-1053742,2023-06-09,000001,Vente,250375,4,,RUE MENARD,1890,78000,78646,Versailles,78,,,78646000BR0014,,,4,35.41,,,,,,,,,1,3,Dépendance,,0,,,,,,2.131574,48.800512
2023-1053742,2023-06-09,000001,Vente,250375,4,,RUE MENARD,1890,78000,78646,Versailles,78,,,78646000BR0014,,,4,35.41,,,,,,,,,1,2,Appartement,41,1,,,,,,2.131574,48.800512
2023-1053749,2023-05-26,000001,Vente,329785,1,,RUE DE L ASSEMBLEE NATIONALE,0230,78000,78646,Versailles,78,,,78646000BR0054,,,109,,78,,,,,,,,2,3,Dépendance,,0,,,,,,2.13419,48.800225
2023-1053749,2023-05-26,000001,Vente,329785,1,,RUE DE L ASSEMBLEE NATIONALE,0230,78000,78646,Versailles,78,,,78646000BR0054,,,109,,78,,,,,,,,2,2,Appartement,58,3,,,,,,2.13419,48.800225
2023-1053754,2023-06-20,000001,Vente,379000,17,,RUE JOUVENCEL,1520,78000,78646,Versailles,78,,,78646000AI0033,,,106,45.23,,,,,,,,,1,2,Appartement,48,2,,,,,,2.133954,48.803134
2023-1053754,2023-06-20,000001,Vente,379000,17,,RUE JOUVENCEL,1520,78000,78646,Versailles,78,,,78646000AI0033,,,106,45.23,,,,,,,,,1,3,Dépendance,,0,,,,,,2.133954,48.803134
2023-1053756,2023-06-16,000001,Vente,571000,13,,ALL DES GARDES ROYALES,1136,78000,78646,Versailles,78,,,78646000AY0212,,,299,91.12,324,,,,,,,,2,3,Dépendance,,0,,,,,,2.151214,48.802177
2023-1053756,2023-06-16,000001,Vente,571000,2,,ALL DES GARDES ROYALES,1136,78000,78646,Versailles,78,,,78646000AY0212,,,1179,,,,,,,,,,1,3,Dépendance,,0,,,,,,2.151214,48.802177
2023-1053756,2023-06-16,000001,Vente,571000,13,,ALL DES GARDES ROYALES,1136,78000,78646,Versailles,78,,,78646000AY0212,,,299,91.12,324,,,,,,,,2,2,Appartement,90,4,,,,,,2.151214,48.802177
2023-1053756,2023-06-16,000001,Vente,571000,13,,ALL DES GARDES ROYALES,1136,78000,78646,Versailles,78,,,78646000AY0212,,,299,91.12,324,,,,,,,,2,3,Dépendance,,0,,,,,,2.151214,48.802177
2023-1053774,2023-06-05,000001,Vente,538000,27,,RUE REMILLY,2530,78000,78646,Versailles,78,,,78646000AK0054,,,16,,7,,,,,,,,2,2,Appartement,67,4,,,,,,2.138966,48.811672
2023-1053774,2023-06-05,000001,Vente,538000,27,,RUE REMILLY,2530,78000,78646,Versailles,78,,,78646000AK0054,,,16,,7,,,,,,,,2,3,Dépendance,,0,,,,,,2.138966,48.811672
2023-1053775,2023-05-26,000001,Vente,528000,28,,RUE DE L ORANGERIE,2110,78000,78646,Versailles,78,,,78646000BV0195,,,103,,108,,,,,,,,2,4,Local industriel. commercial ou assimilé,55,0,,,,,,2.122851,48.799889
2023-1053812,2023-06-12,000001,Vente,130000,29,,RUE DU MAL FOCH,1810,78000,78646,Versailles,78,,,78646000AE0070,,,12,12.06,,,,,,,,,1,2,Appartement,12,1,,,,,,2.132101,48.807725
2023-1053818,2023-05-25,000001,Vente,835000,2,B,RUE DE SAVOIE,2970,78000,78646,Versailles,78,,,78646000AC0172,,,2,110.32,,,,,,,,,1,2,Appartement,105,5,,,,,,2.125412,48.811171
2023-1053818,2023-05-25,000001,Vente,835000,2,B,RUE DE SAVOIE,2970,78000,78646,Versailles,78,,,78646000AC0172,,,20,,,,,,,,,,1,3,Dépendance,,0,,,,,,2.125412,48.811171
2023-1053822,2023-06-22,000001,Vente,242500,1,,IMP DES ECURIES,0870,78000,78646,Versailles,78,,,78646000AE0186,,,9,28.2,,,,,,,,,1,3,Dépendance,,0,,,,,,2.127238,48.807575
2023-1053822,2023-06-22,000001,Vente,242500,1,,IMP DES ECURIES,0870,78000,78646,Versailles,78,,,78646000AE0186,,,9,28.2,,,,,,,,,1,3,Dépendance,,0,,,,,,2.127238,48.807575
2023-1053822,2023-06-22,000001,Vente,242500,1,,IMP DES ECURIES,0870,78000,78646,Versailles,78,,,78646000AE0186,,,9,28.2,,,,,,,,,1,2,Appartement,28,2,,,,,,2.127238,48.807575
2023-1053830,2023-06-20,000001,Vente,1205000,26,,RUE D ANGIVILLER,0170,78000,78646,Versailles,78,,,78646000AD0078,,,1,,2,,5,145.75,6,145.75,,,4,3,Dépendance,,0,,,,,,2.131583,48.810024
2023-1053830,2023-06-20,000001,Vente,1205000,26,,RUE D ANGIVILLER,0170,78000,78646,Versailles,78,,,78646000AD0078,,,1,,2,,5,145.75,6,145.75,,,4,3,Dépendance,,0,,,,,,2.131583,48.810024
2023-1053830,2023-06-20,000001,Vente,1205000,26,,RUE D ANGIVILLER,0170,78000,78646,Versailles,78,,,78646000AD0078,,,1,,,,,,,,,,1,3,Dépendance,,0,,,,,,2.131583,48.810024
2023-1053830,2023-06-20,000001,Vente,1205000,26,,RUE D ANGIVILLER,0170,78000,78646,Versailles,78,,,78646000AD0078,,,1,,2,,5,145.75,6,145.75,,,4,2,Appartement,155,7,,,,,,2.131583,48.810024
2023-1053850,2023-06-13,000001,Vente,295000,7,,RUE HOCHE,1350,78000,78646,Versailles,78,,,78646000AE0329,,,65,,67,,,,,,,,2,4,Local industriel. commercial ou assimilé,10,0,,,,,,2.127198,48.805499
2023-1053850,2023-06-13,000001,Vente,295000,7,,RUE HOCHE,1350,78000,78646,Versailles,78,,,78646000AE0329,,,20,,75,,,,,,,,2,4,Local industriel. commercial ou assimilé,56,0,,,,,,2.127198,48.805499
2023-1053892,2023-06-06,000001,Vente,405000,5,,ALL LA BRUYERE,1557,78000,78646,Versailles,78,,,78646000AO0205,,,1383,,1583,,,,,,,,2,3,Dépendance,,0,,,,,,2.146857,48.813978
2023-1053892,2023-06-06,000001,Vente,405000,5,,ALL LA BRUYERE,1557,78000,78646,Versailles,78,,,78646000AO0205,,,1383,,1583,,,,,,,,2,2,Appartement,64,3,,,,,,2.146857,48.813978
2023-1053892,2023-06-06,000001,Vente,405000,1,,ALL LA BRUYERE,1557,78000,78646,Versailles,78,,,78646000AO0205,,,1713,,,,,,,,,,1,3,Dépendance,,0,,,,,,2.146857,48.813978
2023-1053892,2023-06-06,000001,Vente,405000,5,,ALL LA BRUYERE,1557,78000,78646,Versailles,78,,,78646000AO0205,,,1383,,1583,,,,,,,,2,3,Dépendance,,0,,,,,,2.146857,48.813978
2023-1053910,2023-06-15,000001,Vente,651250,7,,RUE DU MARCHE NEUF,1780,78000,78646,Versailles,78,,,78646000BT0033,,,18,,8,77.25,,,,,,,2,2,Appartement,75,4,,,,,,2.127013,48.797525
2023-1053950,2023-06-01,000001,Vente,28000,2,,RUE VAUBAN,3110,78000,78646,Versailles,78,,,78646000BC0030,,,147,,,,,,,,,,1,3,Dépendance,,0,,,,,,2.154441,48.799454
2023-1053974,2023-06-20,000001,Vente,302000,139,,BD DE LA REINE,2520,78000,78646,Versailles,78,,,78646000AR0089,,,72,55.6,88,,,,,,,,2,2,Appartement,57,2,,,,,,2.141375,48.808686
2023-1053974,2023-06-20,000001,Vente,302000,139,,BD DE LA REINE,2520,78000,78646,Versailles,78,,,78646000AR0089,,,72,55.6,88,,,,,,,,2,3,Dépendance,,0,,,,,,2.141375,48.808686
2023-1053992,2023-06-01,000001,Vente,935418,6,,RUE DE LA CEINTURE,0460,78000,78646,Versailles,78,,,78646000AW0006,,,1376,,,,,,,,,,1,3,Dépendance,,0,,,,,,2.15013,48.808121
2023-1053992,2023-06-01,000001,Vente,935418,6,,RUE DE LA CEINTURE,0460,78000,78646,Versailles,78,,,78646000AW0006,,,960,,,,,,,,,,1,3,Dépendance,,0,,,,,,2.15013,48.808121
2023-1053992,2023-06-01,000001,Vente,935418,6,,RUE DE LA CEINTURE,0460,78000,78646,Versailles,78,,,78646000AW0006,,,959,,,,,,,,,,1,3,Dépendance,,0,,,,,,2.15013,48.808121
2023-1053992,2023-06-01,000001,Vente,935418,6,,RUE DE LA CEINTURE,0460,78000,78646,Versailles,78,,,78646000AW0006,,,235,,236,,262,,,,,,3,3,Dépendance,,0,,,,,,2.15013,48.808121
2023-1053992,2023-06-01,000001,Vente,935418,6,,RUE DE LA CEINTURE,0460,78000,78646,Versailles,78,,,78646000AW0006,,,235,,236,,262,,,,,,3,3,Dépendance,,0,,,,,,2.15013,48.808121
2023-1053992,2023-06-01,000001,Vente,935418,6,,RUE DE LA CEINTURE,0460,78000,78646,Versailles,78,,,78646000AW0006,,,235,,236,,262,,,,,,3,2,Appartement,149,6,,,,,,2.15013,48.808121
2023-1053995,2023-06-26,000001,Vente,375000,27,,RUE CARNOT,0440,78000,78646,Versailles,78,,,78646000AE0514,,,115,,,,,,,,,,1,3,Dépendance,,0,,,,,,2.129658,48.805905
2023-1053995,2023-06-26,000001,Vente,375000,27,,RUE CARNOT,0440,78000,78646,Versailles,78,,,78646000AE0514,,,63,59.51,72,,,,,,,,2,3,Dépendance,,0,,,,,,2.129658,48.805905
2023-1053995,2023-06-26,000001,Vente,375000,27,,RUE CARNOT,0440,78000,78646,Versailles,78,,,78646000AE0514,,,63,59.51,72,,,,,,,,2,2,Appartement,58,2,,,,,,2.129658,48.805905
2023-1054013,2023-06-20,000001,Vente,30000,26,,RUE DU VIEUX VERSAILLES,3180,78000,78646,Versailles,78,,,78646000AH0120,,,217,,,,,,,,,,1,3,Dépendance,,0,,,,,,2.123455,48.800394
2023-1054017,2023-05-26,000001,Vente,234700,4,,PL HOCHE,1340,78000,78646,Versailles,78,,,78646000AE0330,,,87,29.29,,,,,,,,,1,2,Appartement,24,1,,,,,,2.127082,48.805656
2023-1054017,2023-05-26,000001,Vente,234700,4,,PL HOCHE,1340,78000,78646,Versailles,78,,,78646000AE0330,,,87,29.29,,,,,,,,,1,3,Dépendance,,0,,,,,,2.127082,48.805656
2023-1054024,2023-06-23,000001,Vente,606150,37,,BD DE LA REINE,2520,78000,78646,Versailles,78,,,78646000AD0022,,,15,,,,,,,,,,1,3,Dépendance,,0,,,,,,2.127286,48.809684
2023-1054024,2023-06-23,000001,Vente,606150,37,,BD DE LA REINE,2520,78000,78646,Versailles,78,,,78646000AD0022,,,1,44.7,,,,,,,,,1,2,Appartement,45,2,,,,,,2.127286,48.809684
2023-1054024,2023-06-23,000001,Vente,606150,37,,BD DE LA REINE,2520,78000,78646,Versailles,78,,,78646000AD0022,,,3,47.5,,,,,,,,,1,2,Appartement,48,2,,,,,,2.127286,48.809684
2023-1054024,2023-06-23,000001,Vente,606150,37,,BD DE LA REINE,2520,78000,78646,Versailles,78,,,78646000AD0022,,,8,,,,,,,,,,1,3,Dépendance,,0,,,,,,2.127286,48.809684
2023-1054024,2023-06-23,000001,Vente,606150,37,,BD DE LA REINE,2520,78000,78646,Versailles,78,,,78646000AD0022,,,16,,,,,,,,,,1,3,Dépendance,,0,,,,,,2.127286,48.809684
2023-1054038,2023-05-31,000001,Vente,310000,21,,RUE DES RESERVOIRS,2580,78000,78646,Versailles,78,,,78646000AC0232,,,10,,27,,29,,9,,,,4,4,Local industriel. commercial ou assimilé,71,0,,,,,,2.124653,48.808947
2023-1054040,2023-05-31,000001,Vente,725000,1,B,RUE DEROISIN,0770,78000,78646,Versailles,78,,,78646000BD0156,,,1,98.65,,,,,,,,,1,1,Maison,110,5,,,,,,2.155953,48.796157
2023-1054042,2023-05-26,000001,Vente,150000,12,B,RUE DU GENERAL PERSHING,1170,78000,78646,Versailles,78,,,78646000AS0054,,,382,37.73,,,,,,,,,1,4,Local industriel. commercial ou assimilé,50,0,,,,,,2.152632,48.814149
2023-1054045,2023-06-23,000001,Vente,650000,15,,RUE ROYALE,2648,78000,78646,Versailles,78,,,78646000BT0009,,,,,,,,,,,,,0,2,Appartement,44,2,S,sols,,,33,2.127446,48.798364
2023-1054045,2023-06-23,000001,Vente,650000,15,,RUE ROYALE,2648,78000,78646,Versailles,78,,,78646000BT0009,,,,,,,,,,,,,0,2,Appartement,32,1,S,sols,,,33,2.127446,48.798364
2023-1054045,2023-06-23,000001,Vente,650000,15,,RUE ROYALE,2648,78000,78646,Versailles,78,,,78646000BT0009,,,,,,,,,,,,,0,4,Local industriel. commercial ou assimilé,30,0,S,sols,,,33,2.127446,48.798364
2023-1054088,2023-06-21,000001,Vente,125000,49,,BD DE LA REINE,2520,78000,78646,Versailles,78,,,78646000AD0041,,,40,11.33,,,,,,,,,1,2,Appartement,8,1,,,,,,2.128717,48.809603
2023-1054116,2023-06-15,000001,Vente,446000,28,,BD DU ROI,2641,78000,78646,Versailles,78,,,78646000AD0223,,,12,,176,67.39,,,,,,,2,2,Appartement,67,2,,,,,,2.128206,48.812739
2023-1054116,2023-06-15,000001,Vente,446000,28,,BD DU ROI,2641,78000,78646,Versailles,78,,,78646000AD0223,,,100,,,,,,,,,,1,3,Dépendance,,0,,,,,,2.128206,48.812739
2023-1054116,2023-06-15,000001,Vente,446000,28,,BD DU ROI,2641,78000,78646,Versailles,78,,,78646000AD0223,,,12,,176,67.39,,,,,,,2,3,Dépendance,,0,,,,,,2.128206,48.812739
2023-1054125,2023-06-21,000001,Vente,450000,92,,RUE YVES LE COZ,3210,78000,78646,Versailles,78,,,78646000BK0122,,,,,,,,,,,,,0,1,Maison,61,3,S,sols,,,156,2.154416,48.79432
2023-1054165,2023-06-26,000001,Vente,363000,52,B,AV DE SAINT CLOUD,2730,78000,78646,Versailles,78,,,78646000BP0008,,,132,45.93,158,,,,,,,,2,2,Appartement,44,2,,,,,,2.137166,48.804897
2023-1054212,2023-06-23,000001,Vente,202000,36,,RUE DES RESERVOIRS,2580,78000,78646,Versailles,78,,,78646000AE0402,,,15,26.1,,,,,,,,,1,2,Appartement,27,1,,,,,,2.125799,48.809109
2023-1054260,2023-06-02,000001,Vente,380000,58,,AV DE SAINT CLOUD,2730,78000,78646,Versailles,78,,,78646000BP0063,,,51,45.13,64,,73,,,,,,3,3,Dépendance,,0,,,,,,2.139456,48.805092
2023-1054260,2023-06-02,000001,Vente,380000,58,,AV DE SAINT CLOUD,2730,78000,78646,Versailles,78,,,78646000BP0063,,,51,45.13,64,,73,,,,,,3,2,Appartement,46,3,,,,,,2.139456,48.805092
2023-1054260,2023-06-02,000001,Vente,380000,58,,AV DE SAINT CLOUD,2730,78000,78646,Versailles,78,,,78646000BP0063,,,51,45.13,64,,73,,,,,,3,3,Dépendance,,0,,,,,,2.139456,48.805092
2023-1054277,2023-06-21,000001,Vente,20000,10,,RUE DE FONTENAY,1050,78000,78646,Versailles,78,,,78646000AH0078,,,37,11.07,,,,,,,,,1,3,Dépendance,,0,,,,,,2.125082,48.801107
2023-1054293,2023-06-22,000001,Vente,38000,6,,RUE MONTBAURON,1970,78000,78646,Versailles,78,,,78646000BP0027,,,10,,,,,,,,,,1,3,Dépendance,,0,,,,,,2.135298,48.802989
2023-1054293,2023-06-22,000001,Vente,38000,6,,RUE MONTBAURON,1970,78000,78646,Versailles,78,,,78646000BP0027,,,9,,,,,,,,,,1,3,Dépendance,,0,,,,,,2.135298,48.802989
2023-1054358,2023-06-28,000001,Vente,19000,4,,IMP DE TOULOUSE,3030,78000,78646,Versailles,78,,,78646000AE0521,,,3,,,,,,,,,,1,3,Dépendance,,0,,,,,,2.130023,48.806332
2023-1054392,2023-06-19,000001,Vente,317520,17,T,RUE DU PONT COLBERT,2370,78000,78646,Versailles,78,,,78646000BI0022,,,490,,,,,,,,,,1,2,Appartement,64,4,,,,,,2.149624,48.789909
2023-1054392,2023-06-19,000001,Vente,317520,17,T,RUE DU PONT COLBERT,2370,78000,78646,Versailles,78,,,78646000BI0022,,,490,,,,,,,,,,1,3,Dépendance,,0,,,,,,2.149624,48.789909
2023-1054393,2023-06-15,000001,Vente,1509950,9,,RUE NEUVE NOTRE DAME,2040,78000,78646,Versailles,78,,,78646000AE0010,,,42,,43,,5,,58,,,,4,3,Dépendance,,0,,,,,,2.126961,48.809017
2023-1054393,2023-06-15,000001,Vente,1509950,9,,RUE NEUVE NOTRE DAME,2040,78000,78646,Versailles,78,,,78646000AE0010,,,42,,43,,5,,58,,,,4,3,Dépendance,,0,,,,,,2.126961,48.809017
2023-1054393,2023-06-15,000001,Vente,1509950,9,,RUE NEUVE NOTRE DAME,2040,78000,78646,Versailles,78,,,78646000AE0010,,,42,,43,,5,,58,,,,4,2,Appartement,174,6,,,,,,2.126961,48.809017
2023-1054394,2023-06-14,000001,Vente,40000,18,,RUE DE L ORANGERIE,2110,78000,78646,Versailles,78,,,78646000BV0016,,,217,,,,,,,,,,1,3,Dépendance,,0,,,,,,2.121671,48.800025
2023-1054425,2023-06-07,000001,Vente,350000,9,,RUE DE L ETANG,0970,78000,78646,Versailles,78,,,78646000BI0167,,,,,,,,,,,,,0,1,Maison,53,3,S,sols,,,210,2.155934,48.792538
2023-1054425,2023-06-07,000001,Vente,350000,9,,RUE DE L ETANG,0970,78000,78646,Versailles,78,,,78646000BI0167,,,,,,,,,,,,,0,3,Dépendance,,0,S,sols,,,210,2.155934,48.792538
2023-1054429,2023-06-14,000001,Vente,641050,12,,RUE SAINT CHARLES,2710,78000,78646,Versailles,78,,,78646000AY0124,,,9,,,,,,,,,,1,3,Dépendance,,0,,,,,,2.150137,48.80042
2023-1054429,2023-06-14,000001,Vente,641050,12,,RUE SAINT CHARLES,2710,78000,78646,Versailles,78,,,78646000AY0124,,,10,,11,,12,,,,,,3,2,Appartement,90,4,,,,,,2.150137,48.80042
2023-1054429,2023-06-14,000001,Vente,641050,12,,RUE SAINT CHARLES,2710,78000,78646,Versailles,78,,,78646000AY0124,,,10,,11,,12,,,,,,3,3,Dépendance,,0,,,,,,2.150137,48.80042
2023-1054519,2023-06-28,000001,Vente,1450925,4,,RUE DE BEAUVAU,0320,78000,78646,Versailles,78,,,78646000AD0270,,,4,,6,,,,,,,,2,2,Appartement,150,6,,,,,,2.130991,48.811804
2023-1054519,2023-06-28,000001,Vente,1450925,4,,RUE DE BEAUVAU,0320,78000,78646,Versailles,78,,,78646000AD0270,,,4,,6,,,,,,,,2,3,Dépendance,,0,,,,,,2.130991,48.811804
2023-1054541,2023-06-15,000001,Vente,670000,59,,RUE ROYALE,2648,78000,78646,Versailles,78,,,78646000BT0117,,,,,,,,,,,,,0,4,Local industriel. commercial ou assimilé,85,0,S,sols,,,55,2.126321,48.796662
2023-1054568,2023-06-30,000001,Vente,915750,35,,AV DE PARIS,2180,78000,78646,Versailles,78,,,78646000BP0145,,,15,8.96,25,,8,135.92,9,135.92,,,4,3,Dépendance,,0,,,,,,2.138507,48.80073
2023-1054568,2023-06-30,000001,Vente,915750,35,,AV DE PARIS,2180,78000,78646,Versailles,78,,,78646000BP0145,,,15,8.96,25,,8,135.92,9,135.92,,,4,3,Dépendance,,0,,,,,,2.138507,48.80073
2023-1054568,2023-06-30,000001,Vente,915750,35,,AV DE PARIS,2180,78000,78646,Versailles,78,,,78646000BP0145,,,15,8.96,25,,8,135.92,9,135.92,,,4,2,Appartement,130,5,,,,,,2.138507,48.80073
2023-1054570,2023-06-29,000001,Vente,160000,14,,RUE DU GENERAL PERSHING,1170,78000,78646,Versailles,78,,,78646000AS0056,,,194,33.39,,,,,,,,,1,2,Appartement,40,2,,,,,,2.151346,48.814959
2023-1054573,2023-06-29,000001,Vente,311940,102,,AV DES ETATS UNIS,0990,78000,78646,Versailles,78,,,78646000AV0364,,,82,,,,,,,,,,1,3,Dépendance,,0,,,,,,2.152749,48.81152
2023-1054573,2023-06-29,000001,Vente,311940,102,,AV DES ETATS UNIS,0990,78000,78646,Versailles,78,,,78646000AV0364,,,18,42.9,33,,,,,,,,2,2,Appartement,47,2,,,,,,2.152749,48.81152
2023-1054573,2023-06-29,000001,Vente,311940,102,,AV DES ETATS UNIS,0990,78000,78646,Versailles,78,,,78646000AV0364,,,18,42.9,33,,,,,,,,2,3,Dépendance,,0,,,,,,2.152749,48.81152
2023-1054593,2023-06-16,000001,Vente,30000,67,,RUE DES CHANTIERS,0530,78000,78646,Versailles,78,,,78646000BL0279,,,22,,,,,,,,,,1,3,Dépendance,,0,,,,,,2.143241,48.793584
2023-1054621,2023-06-27,000001,Vente,30000,9,,RUE MONTEBELLO,1980,78000,78646,Versailles,78,,,78646000AK0014,,,34,,,,,,,,,,1,3,Dépendance,,0,,,,,,2.1372,48.812632
2023-1054636,2023-06-27,000001,Vente,220800,33,T,RUE REMONT,2560,78000,78646,Versailles,78,,,78646000BE0424,,,27,,,,,,,,,,1,2,Appartement,35,2,,,,,,2.160658,48.795208
2023-1054636,2023-06-27,000001,Vente,220800,33,T,RUE REMONT,2560,78000,78646,Versailles,78,,,78646000BE0424,,,6,,,,,,,,,,1,3,Dépendance,,0,,,,,,2.160658,48.795208
2023-1054637,2023-06-29,000001,Vente,320370,12,,RUE DU GENERAL PERSHING,1170,78000,78646,Versailles,78,,,78646000AS0059,,,156,,,,,,,,,,1,3,Dépendance,,0,,,,,,2.151433,48.814069
2023-1054637,2023-06-29,000001,Vente,320370,12,,RUE DU GENERAL PERSHING,1170,78000,78646,Versailles,78,,,78646000AS0059,,,110,,,,,,,,,,1,2,Appartement,67,2,,,,,,2.151433,48.814069
2023-1054639,2023-06-23,000001,Vente,494100,9,,ALL DES GARDES ROYALES,1136,78000,78646,Versailles,78,,,78646000AY0212,,,556,71.72,581,,,,,,,,2,3,Dépendance,,0,,,,,,2.151214,48.802177
2023-1054639,2023-06-23,000001,Vente,494100,9,,ALL DES GARDES ROYALES,1136,78000,78646,Versailles,78,,,78646000AY0212,,,556,71.72,581,,,,,,,,2,3,Dépendance,,0,,,,,,2.151214,48.802177
2023-1054639,2023-06-23,000001,Vente,494100,9,,ALL DES GARDES ROYALES,1136,78000,78646,Versailles,78,,,78646000AY0212,,,556,71.72,581,,,,,,,,2,2,Appartement,70,3,,,,,,2.151214,48.802177
2023-1054639,2023-06-23,000001,Vente,494100,2,,ALL DES GARDES ROYALES,1136,78000,78646,Versailles,78,,,78646000AY0212,,,1299,,,,,,,,,,1,3,Dépendance,,0,,,,,,2.151214,48.802177
2023-1054641,2023-06-22,000001,Vente,254200,73,,RUE DU MAL FOCH,1810,78000,78646,Versailles,78,,,78646000AD0471,,,4,,6,,,,,,,,2,3,Dépendance,,0,,,,,,2.135278,48.812454
2023-1054641,2023-06-22,000001,Vente,254200,73,,RUE DU MAL FOCH,1810,78000,78646,Versailles,78,,,78646000AD0471,,,4,,6,,,,,,,,2,2,Appartement,85,4,,,,,,2.135278,48.812454
2023-1054653,2023-06-28,000001,Vente,2609559,2,,RLE DE LA CEINTURE,0461,78000,78646,Versailles,78,,,78646000AV0149,,,,,,,,,,,,,0,4,Local industriel. commercial ou assimilé,1668,0,AG,terrains d'agrément,,,1832,2.15806,48.809189
2023-1054653,2023-06-28,000001,Vente,2609559,2,,RLE DE LA CEINTURE,0461,78000,78646,Versailles,78,,,78646000AV0149,,,,,,,,,,,,,0,4,Local industriel. commercial ou assimilé,1668,0,S,sols,,,840,2.15806,48.809189
2023-1054653,2023-06-28,000001,Vente,2609559,2,,RLE DE LA CEINTURE,0461,78000,78646,Versailles,78,,,78646000AV0149,,,,,,,,,,,,,0,4,Local industriel. commercial ou assimilé,1668,0,AB,terrains a bâtir,,,830,2.15806,48.809189
2023-1054809,2023-06-27,000001,Vente,1011400,5,,RUE DES CHANTIERS,0530,78000,78646,Versailles,78,,,78646000BS0033,,,23,,,,,,,,,,1,3,Dépendance,,0,,,,,,2.136261,48.797305
2023-1054809,2023-06-27,000001,Vente,1011400,5,,RUE DES CHANTIERS,0530,78000,78646,Versailles,78,,,78646000BS0033,,,18,111.37,,,,,,,,,1,2,Appartement,109,4,,,,,,2.136261,48.797305
2023-1054810,2023-06-21,000001,Vente,121480,58,,RUE DU MAL FOCH,1810,78000,78646,Versailles,78,,,78646000AK0127,,,11,,,,,,,,,,1,2,Appartement,16,1,,,,,,2.135211,48.81139
2023-1054853,2023-07-03,000001,Vente en l'état futur d'achèvement,283000,,,LA SABLIERE,B029,78000,78646,Versailles,78,,,78646000BY0108,,,205,,,,,,,,,,1,,,,,,,,,,2.079319,48.802074
2023-1054854,2023-07-03,000001,Vente,187000,39,,RUE D ANJOU,0190,78000,78646,Versailles,78,,,78646000BT0047,,,6,28.47,,,,,,,,,1,2,Appartement,35,2,,,,,,2.127029,48.79691
2023-1054855,2023-06-30,000001,Vente,15000,31,,RUE DES BOURDONNAIS,0400,78000,78646,Versailles,78,,,78646000BT0138,,,9,,,,,,,,,,1,2,Appartement,60,2,,,,,,2.127698,48.795324
2023-1054855,2023-06-30,000001,Vente,15000,31,,RUE DES BOURDONNAIS,0400,78000,78646,Versailles,78,,,78646000BT0138,,,9,,,,,,,,,,1,3,Dépendance,,0,,,,,,2.127698,48.795324
2023-1054855,2023-06-30,000001,Vente,15000,31,,RUE DES BOURDONNAIS,0400,78000,78646,Versailles,78,,,78646000BT0138,,,9,,,,,,,,,,1,3,Dépendance,,0,,,,,,2.127698,48.795324
2023-1054858,2023-07-03,000001,Vente en l'état futur d'achèvement,15000,,,LA SABLIERE,B029,78000,78646,Versailles,78,,,78646000BY0108,,,446,,,,,,,,,,1,,,,,,,,,,2.079319,48.802074
2023-1054865,2023-06-28,000001,Vente,285000,4,,RUE SAINT HONORE,2780,78000,78646,Versailles,78,,,78646000BV0067,,,6,,,,,,,,,,1,2,Appartement,54,3,,,,,,2.12522,48.798929
2023-1054865,2023-06-28,000001,Vente,285000,4,,RUE SAINT HONORE,2780,78000,78646,Versailles,78,,,78646000BV0067,,,6,,,,,,,,,,1,3,Dépendance,,0,,,,,,2.12522,48.798929
2023-1054881,2023-06-22,000001,Vente,705000,18,,RUE ALBERT JOLY,0050,78000,78646,Versailles,78,,,78646000AK0174,,,19,,94,101.39,,,,,,,2,3,Dépendance,,0,,,,,,2.137825,48.810091
2023-1054881,2023-06-22,000001,Vente,705000,18,,RUE ALBERT JOLY,0050,78000,78646,Versailles,78,,,78646000AK0174,,,19,,94,101.39,,,,,,,2,3,Dépendance,,0,,,,,,2.137825,48.810091
2023-1054881,2023-06-22,000001,Vente,705000,18,,RUE ALBERT JOLY,0050,78000,78646,Versailles,78,,,78646000AK0174,,,116,,,,,,,,,,1,3,Dépendance,,0,,,,,,2.137825,48.810091
2023-1054881,2023-06-22,000001,Vente,705000,18,,RUE ALBERT JOLY,0050,78000,78646,Versailles,78,,,78646000AK0174,,,19,,94,101.39,,,,,,,2,2,Appartement,109,3,,,,,,2.137825,48.810091
2023-1054892,2023-06-16,000001,Vente,39000,23,,RUE DE SATORY,2950,78000,78646,Versailles,78,,,78646000AH0143,,,18,,,,,,,,,,1,3,Dépendance,,0,,,,,,2.125151,48.800021
2023-1054896,2023-06-30,000001,Vente,228000,7,,RUE DE L ORANGERIE,2110,78000,78646,Versailles,78,,,78646000AH0026,,,46,22.84,,,,,,,,,1,2,Appartement,25,2,,,,,,2.121384,48.800694
2023-1054896,2023-06-30,000001,Vente,228000,7,,RUE DE L ORANGERIE,2110,78000,78646,Versailles,78,,,78646000AH0026,,,46,22.84,,,,,,,,,1,3,Dépendance,,0,,,,,,2.121384,48.800694
2023-1054912,2023-06-15,000001,Vente,503000,27,,RUE JACQUES LEMERCIER,1420,78000,78646,Versailles,78,,,78646000AO0064,,,41,,42,,,,,,,,2,2,Appartement,82,4,,,,,,2.148415,48.815728
2023-1054912,2023-06-15,000001,Vente,503000,27,,RUE JACQUES LEMERCIER,1420,78000,78646,Versailles,78,,,78646000AO0064,,,41,,42,,,,,,,,2,3,Dépendance,,0,,,,,,2.148415,48.815728
2023-1054915,2023-06-16,000001,Vente,3280484,2,,RUE PORTE DE BUC,2390,78000,78646,Versailles,78,,,78646000BS0195,,,,,,,,,,,,,0,2,Appartement,72,4,S,sols,,,274,2.137896,48.794811
2023-1054915,2023-06-16,000001,Vente,3280484,2,,RUE PORTE DE BUC,2390,78000,78646,Versailles,78,,,78646000BS0195,,,,,,,,,,,,,0,3,Dépendance,,0,S,sols,,,274,2.137896,48.794811
2023-1054915,2023-06-16,000001,Vente,3280484,2,,RUE PORTE DE BUC,2390,78000,78646,Versailles,78,,,78646000BS0195,,,,,,,,,,,,,0,3,Dépendance,,0,S,sols,,,274,2.137896,48.794811
2023-1054915,2023-06-16,000001,Vente,3280484,2,,RUE PORTE DE BUC,2390,78000,78646,Versailles,78,,,78646000BS0195,,,,,,,,,,,,,0,2,Appartement,72,4,S,sols,,,274,2.137896,48.794811
2023-1054915,2023-06-16,000001,Vente,3280484,2,,RUE PORTE DE BUC,2390,78000,78646,Versailles,78,,,78646000BS0195,,,,,,,,,,,,,0,2,Appartement,72,4,S,sols,,,274,2.137896,48.794811
2023-1054915,2023-06-16,000001,Vente,3280484,2,,RUE PORTE DE BUC,2390,78000,78646,Versailles,78,,,78646000BS0195,,,,,,,,,,,,,0,3,Dépendance,,0,S,sols,,,274,2.137896,48.794811
2023-1054915,2023-06-16,000001,Vente,3280484,2,,RUE PORTE DE BUC,2390,78000,78646,Versailles,78,,,78646000BS0195,,,,,,,,,,,,,0,2,Appartement,72,4,S,sols,,,274,2.137896,48.794811
2023-1054915,2023-06-16,000001,Vente,3280484,2,,RUE PORTE DE BUC,2390,78000,78646,Versailles,78,,,78646000BS0195,,,,,,,,,,,,,0,2,Appartement,72,4,S,sols,,,274,2.137896,48.794811
2023-1054915,2023-06-16,000001,Vente,3280484,2,,RUE PORTE DE BUC,2390,78000,78646,Versailles,78,,,78646000BS0195,,,,,,,,,,,,,0,3,Dépendance,,0,S,sols,,,274,2.137896,48.794811
2023-1054915,2023-06-16,000001,Vente,3280484,2,,RUE PORTE DE BUC,2390,78000,78646,Versailles,78,,,78646000BS0195,,,,,,,,,,,,,0,3,Dépendance,,0,S,sols,,,274,2.137896,48.794811
2023-1054915,2023-06-16,000001,Vente,3280484,2,,RUE PORTE DE BUC,2390,78000,78646,Versailles,78,,,78646000BS0195,,,,,,,,,,,,,0,3,Dépendance,,0,S,sols,,,274,2.137896,48.794811
2023-1054915,2023-06-16,000001,Vente,3280484,2,,RUE PORTE DE BUC,2390,78000,78646,Versailles,78,,,78646000BS0195,,,,,,,,,,,,,0,3,Dépendance,,0,S,sols,,,274,2.137896,48.794811
2023-1054915,2023-06-16,000001,Vente,3280484,2,,RUE PORTE DE BUC,2390,78000,78646,Versailles,78,,,78646000BS0195,,,,,,,,,,,,,0,2,Appartement,72,4,S,sols,,,274,2.137896,48.794811
2023-1054915,2023-06-16,000001,Vente,3280484,2,,RUE PORTE DE BUC,2390,78000,78646,Versailles,78,,,78646000BS0195,,,,,,,,,,,,,0,3,Dépendance,,0,S,sols,,,274,2.137896,48.794811
2023-1054915,2023-06-16,000001,Vente,3280484,2,,RUE PORTE DE BUC,2390,78000,78646,Versailles,78,,,78646000BS0195,,,,,,,,,,,,,0,2,Appartement,72,4,S,sols,,,274,2.137896,48.794811
2023-1054915,2023-06-16,000001,Vente,3280484,2,,RUE PORTE DE BUC,2390,78000,78646,Versailles,78,,,78646000BS0195,,,,,,,,,,,,,0,2,Appartement,72,4,S,sols,,,274,2.137896,48.794811
2023-1054915,2023-06-16,000001,Vente,3280484,2,,RUE PORTE DE BUC,2390,78000,78646,Versailles,78,,,78646000BS0195,,,,,,,,,,,,,0,2,Appartement,72,4,S,sols,,,274,2.137896,48.794811
2023-1054915,2023-06-16,000001,Vente,3280484,2,,RUE PORTE DE BUC,2390,78000,78646,Versailles,78,,,78646000BS0195,,,,,,,,,,,,,0,2,Appartement,72,4,S,sols,,,274,2.137896,48.794811
2023-1054915,2023-06-16,000001,Vente,3280484,2,,RUE PORTE DE BUC,2390,78000,78646,Versailles,78,,,78646000BS0195,,,,,,,,,,,,,0,3,Dépendance,,0,S,sols,,,274,2.137896,48.794811
2023-1054915,2023-06-16,000001,Vente,3280484,2,,RUE PORTE DE BUC,2390,78000,78646,Versailles,78,,,78646000BS0195,,,,,,,,,,,,,0,3,Dépendance,,0,S,sols,,,274,2.137896,48.794811
2023-1054915,2023-06-16,000001,Vente,3280484,2,,RUE PORTE DE BUC,2390,78000,78646,Versailles,78,,,78646000BS0195,,,,,,,,,,,,,0,3,Dépendance,,0,S,sols,,,274,2.137896,48.794811
2023-1054915,2023-06-16,000001,Vente,3280484,2,,RUE DE L ABBE ROUSSEAUX,0020,78000,78646,Versailles,78,,,78646000BS0198,,,,,,,,,,,,,0,,,,,CH,chemin de fer,,,170,2.137842,48.794879
2023-1054916,2023-07-04,000001,Vente,760000,25,,RUE DE L ORANGERIE,2110,78000,78646,Versailles,78,,,78646000AH0117,,,120,83.38,23,,,,,,,,2,2,Appartement,80,3,,,,,,2.123025,48.800375
2023-1054918,2023-06-28,000001,Vente,215400,17,T,RUE DU PONT COLBERT,2370,78000,78646,Versailles,78,,,78646000BI0022,,,379,41.67,,,,,,,,,1,3,Dépendance,,0,,,,,,2.149624,48.789909
2023-1054918,2023-06-28,000001,Vente,215400,17,T,RUE DU PONT COLBERT,2370,78000,78646,Versailles,78,,,78646000BI0022,,,379,41.67,,,,,,,,,1,2,Appartement,41,2,,,,,,2.149624,48.789909
2023-1054920,2023-06-30,000001,Vente,702600,21,,RUE JEAN DE LA BRUYERE,1560,78000,78646,Versailles,78,,,78646000AO0001,,,171,,209,96.43,,,,,,,2,3,Dépendance,,0,,,,,,2.145961,48.812878
2023-1054920,2023-06-30,000001,Vente,702600,21,,RUE JEAN DE LA BRUYERE,1560,78000,78646,Versailles,78,,,78646000AO0001,,,171,,209,96.43,,,,,,,2,2,Appartement,90,4,,,,,,2.145961,48.812878
2023-1054920,2023-06-30,000001,Vente,702600,15,,RUE JEAN DE LA BRUYERE,1560,78000,78646,Versailles,78,,,78646000AO0001,,,381,,,,,,,,,,1,3,Dépendance,,0,,,,,,2.145961,48.812878
2023-1054931,2023-07-03,000001,Vente,181010,26,,RUE D ANGIVILLER,0170,78000,78646,Versailles,78,,,78646000AD0078,,,4,17.72,,,,,,,,,1,3,Dépendance,,0,,,,,,2.131583,48.810024
2023-1054935,2023-07-07,000001,Vente,542700,7,,RUE NEUVE NOTRE DAME,2040,78000,78646,Versailles,78,,,78646000AE0008,,,23,,24,,4,59.19,43,,44,,5,4,Local industriel. commercial ou assimilé,63,0,,,,,,2.126625,48.808941
2023-1054936,2023-07-07,000001,Vente,15000,47,,RUE DU PARC DE CLAGNY,2171,78000,78646,Versailles,78,,,78646000AL0167,,,14,,,,,,,,,,1,3,Dépendance,,0,,,,,,2.141034,48.81628
2023-1054937,2023-07-04,000001,Vente,250000,33,,RUE DU VIEUX VERSAILLES,3180,78000,78646,Versailles,78,,,78646000AH0088,,,2,40.98,,,,,,,,,1,2,Appartement,39,2,,,,,,2.124579,48.800478
2023-1054959,2023-06-29,000001,Vente,30000,12,,AV DE PORCHEFONTAINE,2380,78000,78646,Versailles,78,,,78646000BK0021,,,5,,,,,,,,,,1,3,Dépendance,,0,,,,,,2.152071,48.797176
2023-1054997,2023-06-15,000001,Vente,865000,85,,RUE DE LA PAROISSE,2190,78000,78646,Versailles,78,,,78646000AI0161,,,21,,,,,,,,,,1,4,Local industriel. commercial ou assimilé,80,0,,,,,,2.135687,48.805841
2023-1054997,2023-06-15,000001,Vente,865000,85,,RUE DE LA PAROISSE,2190,78000,78646,Versailles,78,,,78646000AI0161,,,21,,,,,,,,,,1,4,Local industriel. commercial ou assimilé,68,0,,,,,,2.135687,48.805841
2023-1055070,2023-07-07,000001,Vente,408354,32,T,RUE SAINT CHARLES,2710,78000,78646,Versailles,78,,,78646000AY0032,,,43,68.64,5,,,,,,,,2,3,Dépendance,,0,,,,,,2.149284,48.802302
2023-1055070,2023-07-07,000001,Vente,408354,32,T,RUE SAINT CHARLES,2710,78000,78646,Versailles,78,,,78646000AY0032,,,43,68.64,5,,,,,,,,2,2,Appartement,69,3,,,,,,2.149284,48.802302
2023-1055070,2023-07-07,000001,Vente,408354,32,T,RUE SAINT CHARLES,2710,78000,78646,Versailles,78,,,78646000AY0032,,,50,,,,,,,,,,1,3,Dépendance,,0,,,,,,2.149284,48.802302
2023-1055076,2023-06-22,000001,Vente,190000,15,,RUE DUCIS,0820,78000,78646,Versailles,78,,,78646000AE0084,,,15,23.08,46,,,,,,,,2,2,Appartement,24,2,,,,,,2.131252,48.807256
2023-1055076,2023-06-22,000001,Vente,190000,15,,RUE DUCIS,0820,78000,78646,Versailles,78,,,78646000AE0084,,,15,23.08,46,,,,,,,,2,3,Dépendance,,0,,,,,,2.131252,48.807256
2023-1055128,2023-07-04,000001,Vente,268140,4,,AV DE SCEAUX,2980,78000,78646,Versailles,78,,,78646000AH0156,,,9,32.35,,,,,,,,,1,2,Appartement,37,2,,,,,,2.125731,48.80058
2023-1055139,2023-06-27,000001,Vente,20000,12,,AV DE PORCHEFONTAINE,2380,78000,78646,Versailles,78,,,78646000BK0021,,,1752,,,,,,,,,,1,3,Dépendance,,0,,,,,,2.152071,48.797176
2023-1055167,2023-06-27,000001,Vente,303150,51,,AV DE SAINT CLOUD,2730,78000,78646,Versailles,78,,,78646000AI0139,,,3,,,,,,,,,,1,2,Appartement,42,2,,,,,,2.133856,48.805645
2023-1055170,2023-07-05,000001,Vente,349000,8,,RUE DU GENERAL PERSHING,1170,78000,78646,Versailles,78,,,78646000AS0052,,,106,,244,63.21,,,,,,,2,2,Appartement,53,2,,,,,,2.151367,48.813337
2023-1055170,2023-07-05,000001,Vente,349000,8,,RUE DU GENERAL PERSHING,1170,78000,78646,Versailles,78,,,78646000AS0052,,,106,,244,63.21,,,,,,,2,3,Dépendance,,0,,,,,,2.151367,48.813337
2023-1055170,2023-07-05,000001,Vente,349000,8,,RUE DU GENERAL PERSHING,1170,78000,78646,Versailles,78,,,78646000AS0052,,,206,,,,,,,,,,1,3,Dépendance,,0,,,,,,2.151367,48.813337
2023-1055203,2023-06-28,000001,Vente,122925,65,,AV DE SAINT CLOUD,2730,78000,78646,Versailles,78,,,78646000AI0153,,,20,,4,23.95,,,,,,,2,2,Appartement,22,1,,,,,,2.13477,48.805622
2023-1055203,2023-06-28,000001,Vente,122925,65,,AV DE SAINT CLOUD,2730,78000,78646,Versailles,78,,,78646000AI0153,,,20,,4,23.95,,,,,,,2,3,Dépendance,,0,,,,,,2.13477,48.805622
2023-1055210,2023-07-07,000001,Vente,272760,62,B,RUE ALBERT SARRAUT,0080,78000,78646,Versailles,78,,,78646000BL0442,,,4,45.68,7,,,,,,,,2,3,Dépendance,,0,,,,,,2.148846,48.793493
2023-1055210,2023-07-07,000001,Vente,272760,62,B,RUE ALBERT SARRAUT,0080,78000,78646,Versailles,78,,,78646000BL0442,,,4,45.68,7,,,,,,,,2,2,Appartement,44,3,,,,,,2.148846,48.793493
2023-1055218,2023-07-04,000001,Vente,266200,9,,RUE LAFAYETTE,1580,78000,78646,Versailles,78,,,78646000AC0320,,,107,,42,,,,,,,,2,3,Dépendance,,0,,,,,,2.125523,48.812649
2023-1055218,2023-07-04,000001,Vente,266200,9,,RUE LAFAYETTE,1580,78000,78646,Versailles,78,,,78646000AC0320,,,107,,42,,,,,,,,2,2,Appartement,33,2,,,,,,2.125523,48.812649
2023-1055221,2023-07-05,000001,Vente,273000,59,,AV DES ETATS UNIS,0990,78000,78646,Versailles,78,,,78646000AS0054,,,178,,,,,,,,,,1,2,Appartement,64,4,,,,,,2.152632,48.814149
2023-1055221,2023-07-05,000001,Vente,273000,59,,AV DES ETATS UNIS,0990,78000,78646,Versailles,78,,,78646000AS0054,,,178,,,,,,,,,,1,3,Dépendance,,0,,,,,,2.152632,48.814149
2023-1055221,2023-07-05,000001,Vente,273000,59,,AV DES ETATS UNIS,0990,78000,78646,Versailles,78,,,78646000AS0054,,,319,,,,,,,,,,1,3,Dépendance,,0,,,,,,2.152632,48.814149
2023-1055253,2023-06-26,000001,Vente,210630,10,,RUE DE NOAILLES,2050,78000,78646,Versailles,78,,,78646000BR0066,,,25,,3,,,,,,,,2,2,Appartement,28,2,,,,,,2.135134,48.799375
2023-1055294,2023-07-03,000001,Vente,647352,3,,AV DE PORCHEFONTAINE,2380,78000,78646,Versailles,78,,,78646000BD0157,,,130,114.77,63,,,,,,,,2,3,Dépendance,,0,,,,,,2.15451,48.797411
2023-1055294,2023-07-03,000001,Vente,647352,3,,AV DE PORCHEFONTAINE,2380,78000,78646,Versailles,78,,,78646000BD0157,,,130,114.77,63,,,,,,,,2,3,Dépendance,,0,,,,,,2.15451,48.797411
2023-1055294,2023-07-03,000001,Vente,647352,3,,AV DE PORCHEFONTAINE,2380,78000,78646,Versailles,78,,,78646000BD0157,,,130,114.77,63,,,,,,,,2,2,Appartement,105,4,,,,,,2.15451,48.797411
2023-1055294,2023-07-03,000001,Vente,647352,3,,AV DE PORCHEFONTAINE,2380,78000,78646,Versailles,78,,,78646000BD0157,,,15,,,,,,,,,,1,3,Dépendance,,0,,,,,,2.15451,48.797411
2023-1055317,2023-07-11,000001,Vente,1590000,38,,RUE ALBERT SARRAUT,0080,78000,78646,Versailles,78,,,78646000BK0281,,,,,,,,,,,,,0,4,Local industriel. commercial ou assimilé,40,0,S,sols,,,274,2.150584,48.795005
2023-1055317,2023-07-11,000001,Vente,1590000,38,,RUE ALBERT SARRAUT,0080,78000,78646,Versailles,78,,,78646000BK0281,,,,,,,,,,,,,0,4,Local industriel. commercial ou assimilé,120,0,S,sols,,,274,2.150584,48.795005
2023-1055317,2023-07-11,000001,Vente,1590000,38,,RUE ALBERT SARRAUT,0080,78000,78646,Versailles,78,,,78646000BK0281,,,,,,,,,,,,,0,4,Local industriel. commercial ou assimilé,155,0,S,sols,,,274,2.150584,48.795005
2023-1055317,2023-07-11,000001,Vente,1590000,38,,RUE ALBERT SARRAUT,0080,78000,78646,Versailles,78,,,78646000BK0332,,,,,,,,,,,,,0,,,,,S,sols,,,251,2.150723,48.794926
2023-1055368,2023-07-05,000001,Vente,1005000,17,,AV DE LA MAYE,1875,78000,78646,Versailles,78,,,78646000AL0139,,,62,,9,124.83,,,,,,,2,3,Dépendance,,0,,,,,,2.138843,48.817098
2023-1055368,2023-07-05,000001,Vente,1005000,17,,AV DE LA MAYE,1875,78000,78646,Versailles,78,,,78646000AL0139,,,62,,9,124.83,,,,,,,2,2,Appartement,124,5,,,,,,2.138843,48.817098
2023-1055368,2023-07-05,000001,Vente,1005000,17,,AV DE LA MAYE,1875,78000,78646,Versailles,78,,,78646000AL0139,,,103,,,,,,,,,,1,3,Dépendance,,0,,,,,,2.138843,48.817098
2023-1055401,2023-07-07,000001,Vente,316000,12,,BD DE LA REPUBLIQUE,2570,78000,78646,Versailles,78,,,78646000AX0107,,,26,53.36,35,,,,,,,,2,2,Appartement,51,2,,,,,,2.146879,48.807155
2023-1055407,2023-06-16,000001,Vente,145000,29,,RUE DE L ORANGERIE,2110,78000,78646,Versailles,78,,,78646000AH0119,,,3,20.23,,,,,,,,,1,2,Appartement,17,1,,,,,,2.123445,48.800178
2023-1055424,2023-07-04,000001,Vente,480000,15,T,RUE BORGNIS DESBORDES,0395,78000,78646,Versailles,78,,,78646000BW0055,,,15,63.09,64,,,,,,,,2,2,Appartement,62,3,,,,,,2.126233,48.79456
2023-1055424,2023-07-04,000001,Vente,480000,15,T,RUE BORGNIS DESBORDES,0395,78000,78646,Versailles,78,,,78646000BW0055,,,15,63.09,64,,,,,,,,2,3,Dépendance,,0,,,,,,2.126233,48.79456
2023-1055430,2023-06-27,000001,Vente,390000,2,,RUE AU PAIN,2150,78000,78646,Versailles,78,,,78646000AE0274,,,4,,,,,,,,,,1,2,Appartement,55,2,,,,,,2.130881,48.806122
2023-1055431,2023-07-11,000001,Vente,411600,60,,RUE CHAMP LAGARDE,0490,78000,78646,Versailles,78,,,78646000AY0097,,,20,69.12,37,,,,,,,,2,3,Dépendance,,0,,,,,,2.149752,48.801617
2023-1055431,2023-07-11,000001,Vente,411600,60,,RUE CHAMP LAGARDE,0490,78000,78646,Versailles,78,,,78646000AY0097,,,20,69.12,37,,,,,,,,2,2,Appartement,62,3,,,,,,2.149752,48.801617
2023-1055460,2023-06-15,000001,Vente,14000,53,,AV DE PARIS,2180,78000,78646,Versailles,78,,,78646000BP0132,,,342,,,,,,,,,,1,3,Dépendance,,0,,,,,,2.1408,48.800274
2023-1055471,2023-07-06,000001,Vente,374500,14,,RUE DU GENERAL PERSHING,1170,78000,78646,Versailles,78,,,78646000AS0056,,,108,,99,,,,,,,,2,2,Appartement,68,3,,,,,,2.151346,48.814959
2023-1055471,2023-07-06,000001,Vente,374500,14,,RUE DU GENERAL PERSHING,1170,78000,78646,Versailles,78,,,78646000AS0056,,,108,,99,,,,,,,,2,3,Dépendance,,0,,,,,,2.151346,48.814959
2023-1055538,2023-07-11,000001,Vente,286000,69,,RUE DES CHANTIERS,0530,78000,78646,Versailles,78,,,78646000BL0280,,,161,,26,57.39,,,,,,,2,3,Dépendance,,0,,,,,,2.143596,48.793559
2023-1055538,2023-07-11,000001,Vente,286000,69,,RUE DES CHANTIERS,0530,78000,78646,Versailles,78,,,78646000BL0280,,,161,,26,57.39,,,,,,,2,2,Appartement,49,2,,,,,,2.143596,48.793559
2023-1055546,2023-06-23,000001,Vente,341450,59,,AV DES ETATS UNIS,0990,78000,78646,Versailles,78,,,78646000AS0054,,,150,67.21,,,,,,,,,1,2,Appartement,62,4,,,,,,2.152632,48.814149
2023-1055546,2023-06-23,000001,Vente,341450,59,,AV DES ETATS UNIS,0990,78000,78646,Versailles,78,,,78646000AS0054,,,291,,,,,,,,,,1,3,Dépendance,,0,,,,,,2.152632,48.814149
2023-1055548,2023-07-10,000001,Vente,457400,29,,RUE DU HAZARD,1300,78000,78646,Versailles,78,,,78646000BT0077,,,17,,27,,3,60,,,,,3,3,Dépendance,,0,,,,,,2.129871,48.795335
2023-1055548,2023-07-10,000001,Vente,457400,29,,RUE DU HAZARD,1300,78000,78646,Versailles,78,,,78646000BT0077,,,17,,27,,3,60,,,,,3,2,Appartement,59,4,,,,,,2.129871,48.795335
2023-1055548,2023-07-10,000001,Vente,457400,29,,RUE DU HAZARD,1300,78000,78646,Versailles,78,,,78646000BT0077,,,17,,27,,3,60,,,,,3,3,Dépendance,,0,,,,,,2.129871,48.795335
2023-1055597,2023-07-12,000001,Vente,1360000,5,,AV DE VILLENEUVE L ETANG,3200,78000,78646,Versailles,78,,,78646000AL0055,,,3,132.63,5,,6,,,,,,3,2,Appartement,120,6,,,,,,2.140449,48.813947
2023-1055597,2023-07-12,000001,Vente,1360000,5,,AV DE VILLENEUVE L ETANG,3200,78000,78646,Versailles,78,,,78646000AL0055,,,3,132.63,5,,6,,,,,,3,3,Dépendance,,0,,,,,,2.140449,48.813947
2023-1055606,2023-07-13,000001,Vente,221507,13,,RUE DE L ORIENT,2130,78000,78646,Versailles,78,,,78646000BT0105,,,107,25.9,,,,,,,,,1,2,Appartement,26,2,,,,,,2.127036,48.796284
2023-1055606,2023-07-13,000001,Vente,221507,13,,RUE DE L ORIENT,2130,78000,78646,Versailles,78,,,78646000BT0105,,,119,,,,,,,,,,1,3,Dépendance,,0,,,,,,2.127036,48.796284
2023-1055624,2023-07-10,000001,Vente,1243200,4,,RUE CARNOT,0440,78000,78646,Versailles,78,,,78646000AE0363,,,28,,29,,,,,,,,2,3,Dépendance,,0,,,,,,2.12461,48.80666
2023-1055624,2023-07-10,000001,Vente,1243200,4,,RUE CARNOT,0440,78000,78646,Versailles,78,,,78646000AE0363,,,28,,29,,,,,,,,2,2,Appartement,160,7,,,,,,2.12461,48.80666
2023-1055624,2023-07-10,000001,Vente,1243200,4,,RUE CARNOT,0440,78000,78646,Versailles,78,,,78646000AE0363,,,39,,,,,,,,,,1,3,Dépendance,,0,,,,,,2.12461,48.80666
2023-1055635,2023-07-11,000001,Vente,909600,7,,RUE SAINT HONORE,2780,78000,78646,Versailles,78,,,78646000BV0207,,,27,,6,,83,106.61,,,,,3,3,Dépendance,,0,,,,,,2.125549,48.798264
2023-1055635,2023-07-11,000001,Vente,909600,7,,RUE SAINT HONORE,2780,78000,78646,Versailles,78,,,78646000BV0207,,,27,,6,,83,106.61,,,,,3,3,Dépendance,,0,,,,,,2.125549,48.798264
2023-1055635,2023-07-11,000001,Vente,909600,7,,RUE SAINT HONORE,2780,78000,78646,Versailles,78,,,78646000BV0207,,,27,,6,,83,106.61,,,,,3,2,Appartement,105,4,,,,,,2.125549,48.798264
2023-1055646,2023-07-04,000001,Vente,1685050,40,,RUE DE LA BONNE AVENTURE,0390,78000,78646,Versailles,78,,,78646000AX0139,,,,,,,,,,,,,0,1,Maison,147,8,S,sols,,,311,2.147955,48.80613
2023-1055666,2023-06-29,000001,Vente,750000,8,,RUE DE MONTREUIL,2000,78000,78646,Versailles,78,,,78646000AX0278,,,10,,11,,12,,13,,9,,5,4,Local industriel. commercial ou assimilé,103,0,,,,,,2.142406,48.805152
2023-1055687,2023-07-11,000001,Vente,792800,1,,RUE GEORGES CLEMENCEAU,1200,78000,78646,Versailles,78,,,78646000AI0005,,,14,101.44,48,,,,,,,,2,2,Appartement,78,3,,,,,,2.131605,48.803602
2023-1055704,2023-07-06,000001,Vente,130189,36,,RUE DU VIEUX VERSAILLES,3180,78000,78646,Versailles,78,,,78646000AH0127,,,14,12.26,,,,,,,,,1,2,Appartement,12,1,,,,,,2.124469,48.800269
2023-1055707,2023-07-11,000001,Vente,276180,20,,RUE DU GENERAL LECLERC,1145,78000,78646,Versailles,78,,,78646000BV0075,,,24,40.25,,,,,,,,,1,2,Appartement,45,2,,,,,,2.126175,48.798897
2023-1055741,2023-07-05,000001,Vente,389275,9,,RUE DE NANCY,2020,78000,78646,Versailles,78,,,78646000AY0151,,,5,,,,,,,,,,1,2,Appartement,65,3,,,,,,2.151045,48.79982
2023-1055741,2023-07-05,000001,Vente,389275,9,,RUE DE NANCY,2020,78000,78646,Versailles,78,,,78646000AY0151,,,5,,,,,,,,,,1,3,Dépendance,,0,,,,,,2.151045,48.79982
2023-1055765,2023-07-12,000001,Vente,1125147,21,,AV DU MAL DOUGLAS HAIG,1795,78000,78646,Versailles,78,,,78646000AM0313,,,1,,,,,,,,,,1,2,Appartement,124,3,,,,,,2.145181,48.819099
2023-1055765,2023-07-12,000001,Vente,1125147,21,,AV DU MAL DOUGLAS HAIG,1795,78000,78646,Versailles,78,,,78646000AM0313,,,1,,,,,,,,,,1,3,Dépendance,,0,,,,,,2.145181,48.819099
2023-1055765,2023-07-12,000001,Vente,1125147,21,,AV DU MAL DOUGLAS HAIG,1795,78000,78646,Versailles,78,,,78646000AM0313,,,12,,,,,,,,,,1,3,Dépendance,,0,,,,,,2.145181,48.819099
2023-1055794,2023-07-05,000001,Vente,502000,5,,RUE DE L ECOLE DES POSTES,0850,78000,78646,Versailles,78,,,78646000AZ0110,,,3841,,,,,,,,,,1,3,Dépendance,,0,,,,,,2.158672,48.8041
2023-1055794,2023-07-05,000001,Vente,502000,22,,PROM MONA LISA,1965,78000,78646,Versailles,78,,,78646000AZ0110,,,1958,,1978,,,,,,,,2,3,Dépendance,,0,,,,,,2.158672,48.8041
2023-1055794,2023-07-05,000001,Vente,502000,22,,PROM MONA LISA,1965,78000,78646,Versailles,78,,,78646000AZ0110,,,1958,,1978,,,,,,,,2,2,Appartement,102,4,,,,,,2.158672,48.8041
2023-1055846,2023-07-17,000001,Vente,1364090,21,,RUE MAGENTA,1760,78000,78646,Versailles,78,,,78646000AK0276,,,18,,5,,,,,,,,2,2,Appartement,183,6,,,,,,2.138973,48.812805
2023-1055846,2023-07-17,000001,Vente,1364090,21,,RUE MAGENTA,1760,78000,78646,Versailles,78,,,78646000AK0276,,,11,,,,,,,,,,1,3,Dépendance,,0,,,,,,2.138973,48.812805
2023-1055846,2023-07-17,000001,Vente,1364090,21,,RUE MAGENTA,1760,78000,78646,Versailles,78,,,78646000AK0276,,,18,,5,,,,,,,,2,3,Dépendance,,0,,,,,,2.138973,48.812805
2023-1055846,2023-07-17,000001,Vente,1364090,21,,RUE MAGENTA,1760,78000,78646,Versailles,78,,,78646000AK0276,,,8,,,,,,,,,,1,3,Dépendance,,0,,,,,,2.138973,48.812805
2023-1055854,2023-07-05,000001,Vente,1639470,98,,BD DE LA REINE,2520,78000,78646,Versailles,78,,,78646000AI0290,,,9,,,,,,,,,,1,3,Dépendance,,0,,,,,,2.139429,48.808058
2023-1055854,2023-07-05,000001,Vente,1639470,113,,BD DE LA REINE,2520,78000,78646,Versailles,78,,,78646000AK0195,,,5,10.85,,,,,,,,,1,3,Dépendance,,0,,,,,,2.13819,48.808902
2023-1055854,2023-07-05,000001,Vente,1639470,113,,BD DE LA REINE,2520,78000,78646,Versailles,78,,,78646000AK0195,,,10,,11,,3,,4,,8,,5,2,Appartement,175,7,,,,,,2.13819,48.808902
2023-1055871,2023-06-23,000001,Vente,359000,13,,RUE DUCIS,0820,78000,78646,Versailles,78,,,78646000AE0083,,,33,,8,48.5,,,,,,,2,2,Appartement,49,2,,,,,,2.131212,48.807138
2023-1055871,2023-06-23,000001,Vente,359000,13,,RUE DUCIS,0820,78000,78646,Versailles,78,,,78646000AE0083,,,33,,8,48.5,,,,,,,2,3,Dépendance,,0,,,,,,2.131212,48.807138
2023-1055872,2023-07-12,000001,Vente en l'état futur d'achèvement,718000,,,LA SABLIERE,B029,78000,78646,Versailles,78,,,78646000BY0108,,,107,,,,,,,,,,1,,,,,,,,,,2.079319,48.802074
2023-1055872,2023-07-12,000001,Vente en l'état futur d'achèvement,718000,,,LA SABLIERE,B029,78000,78646,Versailles,78,,,78646000BY0108,,,407,,,,,,,,,,1,,,,,,,,,,2.079319,48.802074
2023-1055872,2023-07-12,000001,Vente en l'état futur d'achèvement,718000,,,LA SABLIERE,B029,78000,78646,Versailles,78,,,78646000BY0108,,,406,,,,,,,,,,1,,,,,,,,,,2.079319,48.802074
2023-1055875,2023-07-06,000001,Vente en l'état futur d'achèvement,15000,,,LA SABLIERE,B029,78000,78646,Versailles,78,,,78646000BY0110,,,195,,,,,,,,,,1,,,,,,,,,,2.078228,48.802624
2023-1055895,2023-07-11,000001,Vente,282700,17,T,RUE DU PONT COLBERT,2370,78000,78646,Versailles,78,,,78646000BI0022,,,385,63.65,,,,,,,,,1,2,Appartement,67,4,,,,,,2.149624,48.789909
2023-1055895,2023-07-11,000001,Vente,282700,17,T,RUE DU PONT COLBERT,2370,78000,78646,Versailles,78,,,78646000BI0022,,,385,63.65,,,,,,,,,1,3,Dépendance,,0,,,,,,2.149624,48.789909
2023-1055899,2023-07-10,000001,Vente,1078795,22,,RUE DES RESERVOIRS,2580,78000,78646,Versailles,78,,,78646000AE0175,,,11,118.07,,,,,,,,,1,3,Dépendance,,0,,,,,,2.124804,48.807568
2023-1055899,2023-07-10,000001,Vente,1078795,22,B,RUE DES RESERVOIRS,2580,78000,78646,Versailles,78,,,78646000AE0175,,,18,,,,,,,,,,1,3,Dépendance,,0,,,,,,2.124804,48.807568
2023-1055899,2023-07-10,000001,Vente,1078795,22,,RUE DES RESERVOIRS,2580,78000,78646,Versailles,78,,,78646000AE0175,,,11,118.07,,,,,,,,,1,2,Appartement,116,4,,,,,,2.124804,48.807568
2023-1055909,2023-07-10,000001,Vente,568561,18,,RUE DU MARECHAL GALLIENI,1812,78000,78646,Versailles,78,,,78646000AC0206,,,24,,8,77.61,9,,,,,,3,3,Dépendance,,0,,,,,,2.124312,48.811572
2023-1055909,2023-07-10,000001,Vente,568561,18,,RUE DU MARECHAL GALLIENI,1812,78000,78646,Versailles,78,,,78646000AC0206,,,24,,8,77.61,9,,,,,,3,2,Appartement,70,4,,,,,,2.124312,48.811572
2023-1055913,2023-07-19,000001,Vente,1032700,12,,RUE DE LA PAROISSE,2190,78000,78646,Versailles,78,,,78646000AE0181,,,13,108.52,25,,,,,,,,2,2,Appartement,90,3,,,,,,2.125942,48.807986
2023-1055913,2023-07-19,000001,Vente,1032700,12,,RUE DE LA PAROISSE,2190,78000,78646,Versailles,78,,,78646000AE0181,,,13,108.52,25,,,,,,,,2,4,Local industriel. commercial ou assimilé,10,0,,,,,,2.125942,48.807986
2023-1055923,2023-07-17,000001,Vente,972130,13,,RUE JOUVENCEL,1520,78000,78646,Versailles,78,,,78646000AI0037,,,2,,22,,23,,3,,38,,5,2,Appartement,101,4,,,,,,2.133476,48.803244
2023-1055923,2023-07-17,000001,Vente,972130,13,,RUE JOUVENCEL,1520,78000,78646,Versailles,78,,,78646000AI0037,,,2,,22,,23,,3,,38,,5,3,Dépendance,,0,,,,,,2.133476,48.803244
2023-1055953,2023-07-05,000001,Vente,900450,21,B,RUE DU MARECHAL GALLIENI,1812,78000,78646,Versailles,78,,,78646000AC0005,,,1232,,,,,,,,,,1,3,Dépendance,,0,,,,,,2.123201,48.811375
2023-1055953,2023-07-05,000001,Vente,900450,21,B,RUE DU MARECHAL GALLIENI,1812,78000,78646,Versailles,78,,,78646000AC0005,,,1105,99.55,1221,,,,,,,,2,2,Appartement,100,4,,,,,,2.123201,48.811375
2023-1055953,2023-07-05,000001,Vente,900450,21,B,RUE DU MARECHAL GALLIENI,1812,78000,78646,Versailles,78,,,78646000AC0005,,,1105,99.55,1221,,,,,,,,2,3,Dépendance,,0,,,,,,2.123201,48.811375
2023-1055953,2023-07-05,000001,Vente,900450,21,B,RUE DU MARECHAL GALLIENI,1812,78000,78646,Versailles,78,,,78646000AC0005,,,1231,,,,,,,,,,1,3,Dépendance,,0,,,,,,2.123201,48.811375
2023-1055954,2023-07-20,000001,Vente,510000,4,,VLA ST CHARLES,2712,78000,78646,Versailles,78,,,78646000AY0029,,,91,,92,,93,,,,,,3,3,Dépendance,,0,,,,,,2.149595,48.802969
2023-1055954,2023-07-20,000001,Vente,510000,4,,VLA ST CHARLES,2712,78000,78646,Versailles,78,,,78646000AY0029,,,91,,92,,93,,,,,,3,2,Appartement,66,4,,,,,,2.149595,48.802969
2023-1055954,2023-07-20,000001,Vente,510000,4,,VLA ST CHARLES,2712,78000,78646,Versailles,78,,,78646000AY0029,,,91,,92,,93,,,,,,3,3,Dépendance,,0,,,,,,2.149595,48.802969
2023-1056016,2023-07-17,000001,Vente,70000,58,,RUE DES CHANTIERS,0530,78000,78646,Versailles,78,,,78646000BL0327,,,204,14.04,,,,,,,,,1,2,Appartement,14,1,,,,,,2.142467,48.792993
2023-1056027,2023-07-18,000001,Vente,495000,23,,RUE DU REFUGE,2510,78000,78646,Versailles,78,,,78646000AX0339,,,181,,,,,,,,,,1,3,Dépendance,,0,,,,,,2.144251,48.804411
2023-1056027,2023-07-18,000001,Vente,495000,23,,RUE DU REFUGE,2510,78000,78646,Versailles,78,,,78646000AX0339,,,228,,,,,,,,,,1,3,Dépendance,,0,,,,,,2.144251,48.804411
2023-1056027,2023-07-18,000001,Vente,495000,23,,RUE DU REFUGE,2510,78000,78646,Versailles,78,,,78646000AX0339,,,14,51.44,,,,,,,,,1,2,Appartement,51,2,,,,,,2.144251,48.804411
2023-1056032,2023-07-18,000001,Vente,404520,98,,AV DE PARIS,2180,78000,78646,Versailles,78,,,78646000BK0001,,,238,,85,59.44,,,,,,,2,3,Dépendance,,0,,,,,,2.149414,48.797242
2023-1056032,2023-07-18,000001,Vente,404520,98,,AV DE PARIS,2180,78000,78646,Versailles,78,,,78646000BK0001,,,238,,85,59.44,,,,,,,2,2,Appartement,59,2,,,,,,2.149414,48.797242
2023-1056037,2023-07-19,000001,Vente,25000,2,,RUE EMILE DESCHAMPS,0930,78000,78646,Versailles,78,,,78646000AX0187,,,95,,,,,,,,,,1,3,Dépendance,,0,,,,,,,
2023-1056039,2023-07-04,000001,Vente,176000,22,,RUE DU MAL FOCH,1810,78000,78646,Versailles,78,,,78646000AI0211,,,8,25.33,,,,,,,,,1,2,Appartement,35,1,,,,,,2.132777,48.807412
2023-1056045,2023-06-26,000001,Vente,25000,14,B,RUE MONTBAURON,1970,78000,78646,Versailles,78,,,78646000BP0016,,,16,,,,,,,,,,1,3,Dépendance,,0,,,,,,2.135836,48.80397
2023-1056056,2023-07-07,000001,Vente,140000,48,,RUE CHAMP LAGARDE,0490,78000,78646,Versailles,78,,,78646000AY0196,,,65,13.8,,,,,,,,,1,3,Dépendance,,0,,,,,,2.148301,48.801267
2023-1056056,2023-07-07,000001,Vente,140000,48,,RUE CHAMP LAGARDE,0490,78000,78646,Versailles,78,,,78646000AY0196,,,59,12.25,,,,,,,,,1,3,Dépendance,,0,,,,,,2.148301,48.801267
2023-1056115,2023-07-18,000001,Vente,1070800,65,,BD DE LA REINE,2520,78000,78646,Versailles,78,,,78646000AD0070,,,50,94,94,,,,,,,,2,2,Appartement,93,4,,,,,,2.130472,48.809642
2023-1056115,2023-07-18,000001,Vente,1070800,65,,BD DE LA REINE,2520,78000,78646,Versailles,78,,,78646000AD0070,,,50,94,94,,,,,,,,2,3,Dépendance,,0,,,,,,2.130472,48.809642
2023-1056117,2023-06-27,000001,Vente,834200,20,,AV DE PARIS,2180,78000,78646,Versailles,78,,,78646000BR0167,,,36,106,55,106,,,,,,,2,2,Appartement,107,4,,,,,,2.133278,48.800746
2023-1056117,2023-06-27,000001,Vente,834200,20,,AV DE PARIS,2180,78000,78646,Versailles,78,,,78646000BR0167,,,39,,,,,,,,,,1,3,Dépendance,,0,,,,,,2.133278,48.800746
2023-1056117,2023-06-27,000001,Vente,834200,20,,AV DE PARIS,2180,78000,78646,Versailles,78,,,78646000BR0167,,,40,,,,,,,,,,1,3,Dépendance,,0,,,,,,2.133278,48.800746
2023-1056121,2023-07-19,000001,Vente,55000,11,B,RUE COLBERT,0630,78000,78646,Versailles,78,,,78646000AE0338,,,15,,,,,,,,,,1,2,Appartement,30,2,,,,,,2.126007,48.805232
2023-1056121,2023-07-19,000001,Vente,55000,11,B,RUE COLBERT,0630,78000,78646,Versailles,78,,,78646000AE0338,,,48,10.72,,,,,,,,,1,3,Dépendance,,0,,,,,,2.126007,48.805232
2023-1056121,2023-07-19,000001,Vente,55000,11,B,RUE COLBERT,0630,78000,78646,Versailles,78,,,78646000AE0338,,,15,,,,,,,,,,1,3,Dépendance,,0,,,,,,2.126007,48.805232
2023-1056122,2023-07-18,000001,Vente,393000,72,,AV DE PARIS,2180,78000,78646,Versailles,78,,,78646000BN0029,,,29,64.76,53,,,,,,,,2,2,Appartement,66,3,,,,,,2.142516,48.798154
2023-1056122,2023-07-18,000001,Vente,393000,72,,AV DE PARIS,2180,78000,78646,Versailles,78,,,78646000BN0029,,,29,64.76,53,,,,,,,,2,3,Dépendance,,0,,,,,,2.142516,48.798154
2023-1056165,2023-07-19,000001,Vente,543000,108,,BD DE LA REINE,2520,78000,78646,Versailles,78,,,78646000AX0037,,,310,,76,82.79,,,,,,,2,2,Appartement,82,4,,,,,,2.142871,48.807658
2023-1056165,2023-07-19,000001,Vente,543000,108,,BD DE LA REINE,2520,78000,78646,Versailles,78,,,78646000AX0037,,,310,,76,82.79,,,,,,,2,3,Dépendance,,0,,,,,,2.142871,48.807658
2023-1056177,2023-07-20,000001,Vente,325200,38,,RUE DU VIEUX VERSAILLES,3180,78000,78646,Versailles,78,,,78646000AH0128,,,10,42.24,17,,18,,8,,9,42.24,5,2,Appartement,43,2,,,,,,2.124568,48.800246
2023-1056195,2023-07-07,000001,Vente,428820,7,,BD DU ROI,2641,78000,78646,Versailles,78,,,78646000AC0182,,,1,,,,,,,,,,1,2,Appartement,35,2,,,,,,2.125363,48.810421
2023-1056195,2023-07-07,000001,Vente,428820,7,,BD DU ROI,2641,78000,78646,Versailles,78,,,78646000AC0182,,,1,,70,,,,,,,,2,4,Local industriel. commercial ou assimilé,30,0,,,,,,2.125363,48.810421
2023-1056200,2023-07-07,000001,Vente,696300,2,,RUE ALEXIS DE TOCQUEVILLE,0128,78000,78646,Versailles,78,,,78646000BS0226,,,4230,,,,,,,,,,1,3,Dépendance,,0,,,,,,2.132076,48.794722
2023-1056200,2023-07-07,000001,Vente,696300,2,,RUE ALEXIS DE TOCQUEVILLE,0128,78000,78646,Versailles,78,,,78646000BS0226,,,4035,79.73,4390,,,,,,,,2,3,Dépendance,,0,,,,,,2.132076,48.794722
2023-1056200,2023-07-07,000001,Vente,696300,2,,RUE ALEXIS DE TOCQUEVILLE,0128,78000,78646,Versailles,78,,,78646000BS0226,,,4035,79.73,4390,,,,,,,,2,2,Appartement,80,4,,,,,,2.132076,48.794722
2023-1056231,2023-07-13,000001,Vente,432107,6,,RUE DE MONTREUIL,2000,78000,78646,Versailles,78,,,78646000AX0277,,,10,55.04,,,,,,,,,1,3,Dépendance,,0,,,,,,2.142149,48.805257
2023-1056231,2023-07-13,000001,Vente,432107,6,,RUE DE MONTREUIL,2000,78000,78646,Versailles,78,,,78646000AX0277,,,10,55.04,,,,,,,,,1,3,Dépendance,,0,,,,,,2.142149,48.805257
2023-1056231,2023-07-13,000001,Vente,432107,6,,RUE DE MONTREUIL,2000,78000,78646,Versailles,78,,,78646000AX0277,,,10,55.04,,,,,,,,,1,2,Appartement,74,4,,,,,,2.142149,48.805257
2023-1056233,2023-07-18,000001,Vente,20000,53,,RUE EXELMANS,1020,78000,78646,Versailles,78,,,78646000AC0306,,,17142,,,,,,,,,,1,4,Local industriel. commercial ou assimilé,10,0,,,,,,2.125764,48.813952
2023-1056236,2023-06-30,000001,Vente,453972.8,31,,RUE DES BOURDONNAIS,0400,78000,78646,Versailles,78,,,78646000BT0138,,,1,56.6,13,,14,56.6,15,56.6,,,4,3,Dépendance,,0,,,,,,2.127698,48.795324
2023-1056236,2023-06-30,000001,Vente,453972.8,31,,RUE DES BOURDONNAIS,0400,78000,78646,Versailles,78,,,78646000BT0138,,,1,56.6,13,,14,56.6,15,56.6,,,4,2,Appartement,60,2,,,,,,2.127698,48.795324
2023-1056236,2023-06-30,000001,Vente,453972.8,31,,RUE DES BOURDONNAIS,0400,78000,78646,Versailles,78,,,78646000BT0138,,,1,56.6,13,,14,56.6,15,56.6,,,4,3,Dépendance,,0,,,,,,2.127698,48.795324
2023-1056246,2023-07-20,000001,Vente,30000,14,B,RUE BENJAMIN FRANKLIN,0340,78000,78646,Versailles,78,,,78646000BR0190,,,325,,,,,,,,,,1,3,Dépendance,,0,,,,,,2.135581,48.798108
2023-1056264,2023-07-12,000001,Vente,561905,48,,RUE ALBERT JOLY,0050,78000,78646,Versailles,78,,,78646000AR0060,,,17,102.11,,,,,,,,,1,3,Dépendance,,0,,,,,,2.142363,48.809623
2023-1056264,2023-07-12,000001,Vente,561905,48,,RUE ALBERT JOLY,0050,78000,78646,Versailles,78,,,78646000AR0060,,,17,102.11,,,,,,,,,1,2,Appartement,103,5,,,,,,2.142363,48.809623
2023-1056264,2023-07-12,000001,Vente,561905,48,,RUE ALBERT JOLY,0050,78000,78646,Versailles,78,,,78646000AR0060,,,61,,,,,,,,,,1,3,Dépendance,,0,,,,,,2.142363,48.809623
2023-1056273,2023-06-30,000001,Vente,998000,2,,RUE EMILE DESCHAMPS,0930,78000,78646,Versailles,78,,,78646000AX0187,,,97,,,,,,,,,,1,3,Dépendance,,0,,,,,,,
2023-1056273,2023-06-30,000001,Vente,998000,2,,RUE EMILE DESCHAMPS,0930,78000,78646,Versailles,78,,,78646000AX0187,,,38,,77,,,,,,,,2,3,Dépendance,,0,,,,,,,
2023-1056273,2023-06-30,000001,Vente,998000,2,,RUE EMILE DESCHAMPS,0930,78000,78646,Versailles,78,,,78646000AX0187,,,38,,77,,,,,,,,2,3,Dépendance,,0,,,,,,,
2023-1056273,2023-06-30,000001,Vente,998000,2,,RUE EMILE DESCHAMPS,0930,78000,78646,Versailles,78,,,78646000AX0187,,,38,,77,,,,,,,,2,2,Appartement,150,4,,,,,,,
2023-1056292,2023-07-05,000001,Vente,310000,19,,RUE CARNOT,0440,78000,78646,Versailles,78,,,78646000AE0225,,,14,48.51,15,48.51,,,,,,,2,2,Appartement,44,2,,,,,,2.129003,48.805961
2023-1056321,2023-07-04,000001,Vente,800000,13,,RUE JEAN DE LA FONTAINE,1439,78000,78646,Versailles,78,,,78646000BE0291,,,,,,,,,,,,,0,1,Maison,65,4,S,sols,,,446,2.16157,48.797087
2023-1056357,2023-07-03,000001,Vente,2048140,11,,AV MIRABEAU,1910,78000,78646,Versailles,78,,,78646000AM0538,,,,,,,,,,,,,0,3,Dépendance,,0,S,sols,,,700,2.138958,48.820343
2023-1056357,2023-07-03,000001,Vente,2048140,11,,AV MIRABEAU,1910,78000,78646,Versailles,78,,,78646000AM0538,,,,,,,,,,,,,0,1,Maison,221,9,S,sols,,,700,2.138958,48.820343
2023-1056359,2023-06-28,000001,Vente,845590,23,,RUE DU VIEUX VERSAILLES,3180,78000,78646,Versailles,78,,,78646000AH0100,,,7,,,,,,,,,,1,2,Appartement,35,1,,,,,,2.123363,48.800806
2023-1056359,2023-06-28,000001,Vente,845590,23,,RUE DU VIEUX VERSAILLES,3180,78000,78646,Versailles,78,,,78646000AH0100,,,7,,,,,,,,,,1,2,Appartement,50,3,,,,,,2.123363,48.800806
2023-1056363,2023-07-13,000001,Vente,663000,10,T,RUE ST SYMPHORIEN,2913,78000,78646,Versailles,78,,,78646000AZ0170,,,,,,,,,,,,,0,1,Maison,67,3,S,sols,,,121,2.15842,48.805786
2023-1056392,2023-07-03,000001,Vente,415000,3,,AV DE PORCHEFONTAINE,2380,78000,78646,Versailles,78,,,78646000BD0157,,,35,,,,,,,,,,1,3,Dépendance,,0,,,,,,2.15451,48.797411
2023-1056392,2023-07-03,000001,Vente,415000,3,,AV DE PORCHEFONTAINE,2380,78000,78646,Versailles,78,,,78646000BD0157,,,144,30,76,,,,,,,,2,3,Dépendance,,0,,,,,,2.15451,48.797411
2023-1056392,2023-07-03,000001,Vente,415000,3,,AV DE PORCHEFONTAINE,2380,78000,78646,Versailles,78,,,78646000BD0157,,,144,30,76,,,,,,,,2,2,Appartement,30,1,,,,,,2.15451,48.797411
2023-1056401,2023-07-18,000001,Vente,1375000,15,,RUE DE L ERMITAGE,0940,78000,78646,Versailles,78,,,78646000AC0273,,,502,,,,,,,,,,1,3,Dépendance,,0,,,,,,2.122251,48.813276
2023-1056401,2023-07-18,000001,Vente,1375000,19,,RUE DE L ERMITAGE,0940,78000,78646,Versailles,78,,,78646000AC0273,,,310,,401,136.97,,,,,,,2,1,Maison,128,5,,,,,,2.122251,48.813276
2023-1056408,2023-07-03,000001,Vente,780000,115,,AV DE PARIS,2180,78000,78646,Versailles,78,,,78646000BC0062,,,146,,181,,,,,,,,2,2,Appartement,118,4,,,,,,2.157995,48.800801
2023-1056408,2023-07-03,000001,Vente,780000,115,,AV DE PARIS,2180,78000,78646,Versailles,78,,,78646000BC0062,,,25,,,,,,,,,,1,3,Dépendance,,0,,,,,,2.157995,48.800801
2023-1056408,2023-07-03,000001,Vente,780000,115,,AV DE PARIS,2180,78000,78646,Versailles,78,,,78646000BC0062,,,182,,,,,,,,,,1,3,Dépendance,,0,,,,,,2.157995,48.800801
2023-1056408,2023-07-03,000001,Vente,780000,115,,AV DE PARIS,2180,78000,78646,Versailles,78,,,78646000BC0062,,,146,,181,,,,,,,,2,3,Dépendance,,0,,,,,,2.157995,48.800801
2023-1056447,2023-07-21,000001,Vente,328000,17,T,RUE DU PONT COLBERT,2370,78000,78646,Versailles,78,,,78646000BI0022,,,473,65.7,,,,,,,,,1,3,Dépendance,,0,,,,,,2.149624,48.789909
2023-1056447,2023-07-21,000001,Vente,328000,17,T,RUE DU PONT COLBERT,2370,78000,78646,Versailles,78,,,78646000BI0022,,,473,65.7,,,,,,,,,1,2,Appartement,64,4,,,,,,2.149624,48.789909
2023-1056483,2023-07-18,000001,Vente,230000,29,,RUE ALBERT JOLY,0050,78000,78646,Versailles,78,,,78646000AK0085,,,10,,13,,,,,,,,2,3,Dépendance,,0,,,,,,2.139769,48.810417
2023-1056483,2023-07-18,000001,Vente,230000,29,,RUE ALBERT JOLY,0050,78000,78646,Versailles,78,,,78646000AK0085,,,10,,13,,,,,,,,2,2,Appartement,38,1,,,,,,2.139769,48.810417
2023-1056522,2023-06-29,000001,Vente,195000,1,,RUE DE L ASSEMBLEE NATIONALE,0230,78000,78646,Versailles,78,,,78646000BR0054,,,47,,,,,,,,,,1,2,Appartement,32,1,,,,,,2.13419,48.800225
2023-1056541,2023-07-25,000001,Vente,855769,12,,RUE DES MISSIONNAIRES,1920,78000,78646,Versailles,78,,,78646000AD0529,,,111,,,,,,,,,,1,3,Dépendance,,0,,,,,,2.129968,48.812671
2023-1056541,2023-07-25,000001,Vente,855769,12,,RUE DES MISSIONNAIRES,1920,78000,78646,Versailles,78,,,78646000AD0529,,,102,,110,,,,,,,,2,3,Dépendance,,0,,,,,,2.129968,48.812671
2023-1056541,2023-07-25,000001,Vente,855769,12,,RUE DES MISSIONNAIRES,1920,78000,78646,Versailles,78,,,78646000AD0529,,,102,,110,,,,,,,,2,2,Appartement,91,3,,,,,,2.129968,48.812671
2023-1056553,2023-07-10,000001,Vente,42500,14,B,RUE BENJAMIN FRANKLIN,0340,78000,78646,Versailles,78,,,78646000BR0190,,,271,,,,,,,,,,1,3,Dépendance,,0,,,,,,2.135581,48.798108
2023-1056556,2023-07-11,000001,Vente,114000,12,,AV DU GEN DE GAULLE,1143,78000,78646,Versailles,78,,,78646000AH0225,,,181,,,,,,,,,,1,3,Dépendance,,0,,,,,,2.128298,48.801276
2023-1056556,2023-07-11,000001,Vente,114000,8,,AV DU GEN DE GAULLE,1143,78000,78646,Versailles,78,,,78646000AH0225,,,133,,32,49.71,,,,,,,2,2,Appartement,53,1,,,,,,2.128298,48.801276
2023-1056556,2023-07-11,000001,Vente,114000,8,,AV DU GEN DE GAULLE,1143,78000,78646,Versailles,78,,,78646000AH0225,,,133,,32,49.71,,,,,,,2,3,Dépendance,,0,,,,,,2.128298,48.801276
2023-1056586,2023-07-26,000001,Vente,113000,52,,AV DE SAINT CLOUD,2730,78000,78646,Versailles,78,,,78646000BP0007,,,3,17.84,,,,,,,,,1,2,Appartement,18,1,,,,,,2.13678,48.804946
2023-1056638,2023-07-24,000001,Vente,761700,7,,RUE RICHAUD,2610,78000,78646,Versailles,78,,,78646000AI0313,,,365,,,,,,,,,,1,3,Dépendance,,0,,,,,,2.135209,48.807376
2023-1056638,2023-07-24,000001,Vente,761700,7,,RUE RICHAUD,2610,78000,78646,Versailles,78,,,78646000AI0313,,,366,,,,,,,,,,1,3,Dépendance,,0,,,,,,2.135209,48.807376
2023-1056638,2023-07-24,000001,Vente,761700,5,B,RUE RICHAUD,2610,78000,78646,Versailles,78,,,78646000AI0316,,,2,,89,,,,,,,,2,2,Appartement,115,4,,,,,,2.134167,48.807966
2023-1056638,2023-07-24,000001,Vente,761700,5,B,RUE RICHAUD,2610,78000,78646,Versailles,78,,,78646000AI0316,,,2,,89,,,,,,,,2,3,Dépendance,,0,,,,,,2.134167,48.807966
2023-1056652,2023-07-27,000001,Vente,243000,20,,RUE DU GENERAL LECLERC,1145,78000,78646,Versailles,78,,,78646000BV0075,,,31,,40,,42,,,,,,3,2,Appartement,36,2,,,,,,2.126175,48.798897
2023-1056672,2023-07-12,000001,Vente,6815000,17,,RUE HOCHE,1350,78000,78646,Versailles,78,,,78646000AE0200,,,,,,,,,,,,,0,4,Local industriel. commercial ou assimilé,737,0,S,sols,,,927,2.127927,48.807058
2023-1056672,2023-07-12,000001,Vente,6815000,17,,RUE HOCHE,1350,78000,78646,Versailles,78,,,78646000AE0200,,,,,,,,,,,,,0,2,Appartement,113,5,S,sols,,,927,2.127927,48.807058
2023-1056672,2023-07-12,000001,Vente,6815000,17,,RUE HOCHE,1350,78000,78646,Versailles,78,,,78646000AE0200,,,,,,,,,,,,,0,3,Dépendance,,0,S,sols,,,927,2.127927,48.807058
2023-1056672,2023-07-12,000001,Vente,6815000,17,,RUE HOCHE,1350,78000,78646,Versailles,78,,,78646000AE0200,,,,,,,,,,,,,0,4,Local industriel. commercial ou assimilé,78,0,S,sols,,,927,2.127927,48.807058
2023-1056672,2023-07-12,000001,Vente,6815000,17,,RUE HOCHE,1350,78000,78646,Versailles,78,,,78646000AE0200,,,,,,,,,,,,,0,4,Local industriel. commercial ou assimilé,30,0,S,sols,,,927,2.127927,48.807058
2023-1056672,2023-07-12,000001,Vente,6815000,17,,RUE HOCHE,1350,78000,78646,Versailles,78,,,78646000AE0200,,,,,,,,,,,,,0,4,Local industriel. commercial ou assimilé,12,0,S,sols,,,927,2.127927,48.807058
2023-1056672,2023-07-12,000001,Vente,6815000,17,,RUE HOCHE,1350,78000,78646,Versailles,78,,,78646000AE0200,,,,,,,,,,,,,0,4,Local industriel. commercial ou assimilé,12,0,S,sols,,,927,2.127927,48.807058
2023-1056672,2023-07-12,000001,Vente,6815000,17,,RUE HOCHE,1350,78000,78646,Versailles,78,,,78646000AE0200,,,,,,,,,,,,,0,4,Local industriel. commercial ou assimilé,76,0,S,sols,,,927,2.127927,48.807058
2023-1056672,2023-07-12,000001,Vente,6815000,17,,RUE HOCHE,1350,78000,78646,Versailles,78,,,78646000AE0200,,,,,,,,,,,,,0,3,Dépendance,,0,S,sols,,,927,2.127927,48.807058
2023-1056672,2023-07-12,000001,Vente,6815000,17,,RUE HOCHE,1350,78000,78646,Versailles,78,,,78646000AE0200,,,,,,,,,,,,,0,4,Local industriel. commercial ou assimilé,12,0,S,sols,,,927,2.127927,48.807058
2023-1056672,2023-07-12,000001,Vente,6815000,17,,RUE HOCHE,1350,78000,78646,Versailles,78,,,78646000AE0200,,,,,,,,,,,,,0,3,Dépendance,,0,S,sols,,,927,2.127927,48.807058
2023-1056672,2023-07-12,000001,Vente,6815000,17,,RUE HOCHE,1350,78000,78646,Versailles,78,,,78646000AE0200,,,,,,,,,,,,,0,4,Local industriel. commercial ou assimilé,12,0,S,sols,,,927,2.127927,48.807058
2023-1056698,2023-07-07,000001,Vente,700000,94,,AV DE PARIS,2180,78000,78646,Versailles,78,,,78646000BN0051,,,97,,,,,,,,,,1,3,Dépendance,,0,,,,,,2.148182,48.797645
2023-1056698,2023-07-07,000001,Vente,700000,94,,AV DE PARIS,2180,78000,78646,Versailles,78,,,78646000BN0051,,,20,,72,,,,,,,,2,2,Appartement,92,4,,,,,,2.148182,48.797645
2023-1056698,2023-07-07,000001,Vente,700000,94,,AV DE PARIS,2180,78000,78646,Versailles,78,,,78646000BN0051,,,20,,72,,,,,,,,2,3,Dépendance,,0,,,,,,2.148182,48.797645
2023-1056721,2023-07-25,000001,Vente,250000,24,,RUE DE L ORANGERIE,2110,78000,78646,Versailles,78,,,78646000BV0217,,,135,31.52,,,,,,,,,1,2,Appartement,32,1,,,,,,2.122322,48.800089
2023-1056721,2023-07-25,000001,Vente,250000,24,,RUE DE L ORANGERIE,2110,78000,78646,Versailles,78,,,78646000BV0217,,,135,31.52,,,,,,,,,1,3,Dépendance,,0,,,,,,2.122322,48.800089
2023-1056759,2023-07-18,000001,Echange,25000,94,,AV DE PARIS,2180,78000,78646,Versailles,78,,,78646000BN0051,,,154,,,,,,,,,,1,3,Dépendance,,0,,,,,,2.148182,48.797645
2023-1056760,2023-07-18,000002,Echange,21000,94,,AV DE PARIS,2180,78000,78646,Versailles,78,,,78646000BN0051,,,120,,,,,,,,,,1,3,Dépendance,,0,,,,,,2.148182,48.797645
2023-1056825,2023-07-26,000001,Vente,631500,10,,RUE CARNOT,0440,78000,78646,Versailles,78,,,78646000AE0356,,,39,,40,,41,,,,,,3,3,Dépendance,,0,,,,,,2.125428,48.806349
2023-1056825,2023-07-26,000001,Vente,631500,10,,RUE CARNOT,0440,78000,78646,Versailles,78,,,78646000AE0356,,,39,,40,,41,,,,,,3,3,Dépendance,,0,,,,,,2.125428,48.806349
2023-1056825,2023-07-26,000001,Vente,631500,10,,RUE CARNOT,0440,78000,78646,Versailles,78,,,78646000AE0356,,,39,,40,,41,,,,,,3,2,Appartement,75,3,,,,,,2.125428,48.806349
2023-1056831,2023-07-28,000001,Vente,574855,49,,RUE DES ETATS GENERAUX,0980,78000,78646,Versailles,78,,,78646000BR0171,,,1,,26,,,,,,,,2,3,Dépendance,,0,,,,,,2.135622,48.797665
2023-1056831,2023-07-28,000001,Vente,574855,49,,RUE DES ETATS GENERAUX,0980,78000,78646,Versailles,78,,,78646000BR0171,,,1,,26,,,,,,,,2,2,Appartement,68,3,,,,,,2.135622,48.797665
2023-1056831,2023-07-28,000001,Vente,574855,49,,RUE DES ETATS GENERAUX,0980,78000,78646,Versailles,78,,,78646000BR0171,,,49,,,,,,,,,,1,3,Dépendance,,0,,,,,,2.135622,48.797665
2023-1056839,2023-07-11,000001,Vente,288500,26,B,RUE SAINT LOUIS,2810,78000,78646,Versailles,78,,,78646000BW0055,,,42,53.44,91,,,,,,,,2,2,Appartement,54,2,,,,,,2.126233,48.79456
2023-1056839,2023-07-11,000001,Vente,288500,26,B,RUE SAINT LOUIS,2810,78000,78646,Versailles,78,,,78646000BW0055,,,42,53.44,91,,,,,,,,2,3,Dépendance,,0,,,,,,2.126233,48.79456
2023-1056895,2023-07-13,000001,Vente,793450,7,,RUE BAILLET REVIRON,0270,78000,78646,Versailles,78,,,78646000AE0036,,,20,,8,,,,,,,,2,2,Appartement,80,3,,,,,,2.130812,48.80868
2023-1056895,2023-07-13,000001,Vente,793450,7,,RUE BAILLET REVIRON,0270,78000,78646,Versailles,78,,,78646000AE0036,,,20,,8,,,,,,,,2,3,Dépendance,,0,,,,,,2.130812,48.80868
2023-1056895,2023-07-13,000001,Vente,793450,7,,RUE BAILLET REVIRON,0270,78000,78646,Versailles,78,,,78646000AE0036,,,20,,8,,,,,,,,2,3,Dépendance,,0,,,,,,2.130812,48.80868
2023-1056934,2023-07-06,000002,Vente,485000,60,,RUE JEAN DE LA FONTAINE,1439,78000,78646,Versailles,78,,,78646000BE0512,,,,,,,,,,,,,0,,,,,S,sols,,,225,2.157722,48.795406
2023-1056953,2023-07-27,000001,Vente,271000,6,,IMP ADELE MULOT,0040,78000,78646,Versailles,78,,,78646000AY0109,,,1,46.11,,,,,,,,,1,2,Appartement,46,3,,,,,,2.150483,48.801432
2023-1056953,2023-07-27,000001,Vente,271000,6,,IMP ADELE MULOT,0040,78000,78646,Versailles,78,,,78646000AY0109,,,1,46.11,,,,,,,,,1,3,Dépendance,,0,,,,,,2.150483,48.801432
2023-1056961,2023-07-27,000001,Vente,1050000,3,,RUE DE VERDUN,3140,78000,78646,Versailles,78,,,78646000AY0287,,,35,,,,,,,,,,1,3,Dépendance,,0,,,,,,2.150369,48.800861
2023-1056961,2023-07-27,000001,Vente,1050000,3,,RUE DE VERDUN,3140,78000,78646,Versailles,78,,,78646000AY0287,,,35,,,,,,,,,,1,3,Dépendance,,0,,,,,,2.150369,48.800861
2023-1056961,2023-07-27,000001,Vente,1050000,14,T,RUE SAINT CHARLES,2710,78000,78646,Versailles,78,,,78646000AY0287,,,10,123.78,,,,,,,,,1,1,Maison,113,5,,,,,,2.150369,48.800861
2023-1056990,2023-07-19,000001,Vente,505000,7,,BD DU ROI,2641,78000,78646,Versailles,78,,,78646000AC0182,,,33,,5,81.76,66,,,,,,3,3,Dépendance,,0,,,,,,2.125363,48.810421
2023-1056990,2023-07-19,000001,Vente,505000,7,,BD DU ROI,2641,78000,78646,Versailles,78,,,78646000AC0182,,,33,,5,81.76,66,,,,,,3,2,Appartement,79,2,,,,,,2.125363,48.810421
2023-1056990,2023-07-19,000001,Vente,505000,7,,BD DU ROI,2641,78000,78646,Versailles,78,,,78646000AC0182,,,33,,5,81.76,66,,,,,,3,3,Dépendance,,0,,,,,,2.125363,48.810421
2023-1056991,2023-07-17,000001,Vente,180000,9,B,RUE MONTBAURON,1970,78000,78646,Versailles,78,,,78646000AI0069,,,22,26.02,,,,,,,,,1,2,Appartement,29,1,,,,,,2.134836,48.8036
2023-1056991,2023-07-17,000001,Vente,180000,9,B,RUE MONTBAURON,1970,78000,78646,Versailles,78,,,78646000AI0069,,,22,26.02,,,,,,,,,1,3,Dépendance,,0,,,,,,2.134836,48.8036
2023-1057054,2023-07-27,000001,Vente,89500,32,,RUE DU MAL FOCH,1810,78000,78646,Versailles,78,,,78646000AI0214,,,17,10.7,,,,,,,,,1,3,Dépendance,,0,,,,,,2.133526,48.808636
2023-1057062,2023-07-20,000001,Vente,252500,6,,RUE ROYALE,2648,78000,78646,Versailles,78,,,78646000BV0088,,,75,33.54,84,,,,,,,,2,3,Dépendance,,0,,,,,,2.126821,48.798577
2023-1057062,2023-07-20,000001,Vente,252500,6,,RUE ROYALE,2648,78000,78646,Versailles,78,,,78646000BV0088,,,75,33.54,84,,,,,,,,2,3,Dépendance,,0,,,,,,2.126821,48.798577
2023-1057062,2023-07-20,000001,Vente,252500,6,,RUE ROYALE,2648,78000,78646,Versailles,78,,,78646000BV0088,,,75,33.54,84,,,,,,,,2,2,Appartement,32,1,,,,,,2.126821,48.798577
2023-1057085,2023-07-28,000001,Vente,469000,18,,RUE SAINTE SOPHIE,2890,78000,78646,Versailles,78,,,78646000AD0311,,,100,,,,,,,,,,1,3,Dépendance,,0,,,,,,2.133996,48.811487
2023-1057085,2023-07-28,000001,Vente,469000,18,,RUE SAINTE SOPHIE,2890,78000,78646,Versailles,78,,,78646000AD0311,,,63,,9,,,,,,,,2,3,Dépendance,,0,,,,,,2.133996,48.811487
2023-1057085,2023-07-28,000001,Vente,469000,18,,RUE SAINTE SOPHIE,2890,78000,78646,Versailles,78,,,78646000AD0311,,,63,,9,,,,,,,,2,2,Appartement,61,3,,,,,,2.133996,48.811487
2023-1057095,2023-07-13,000001,Vente,616710,86,,AV DE PARIS,2180,78000,78646,Versailles,78,,,78646000BN0166,,,768,,787,,,,,,,,2,3,Dépendance,,0,,,,,,2.145036,48.797427
2023-1057095,2023-07-13,000001,Vente,616710,86,,AV DE PARIS,2180,78000,78646,Versailles,78,,,78646000BN0166,,,768,,787,,,,,,,,2,3,Dépendance,,0,,,,,,2.145036,48.797427
2023-1057095,2023-07-13,000001,Vente,616710,82,B,AV DE PARIS,2180,78000,78646,Versailles,78,,,78646000BN0166,,,357,,,,,,,,,,1,3,Dépendance,,0,,,,,,2.145036,48.797427
2023-1057095,2023-07-13,000001,Vente,616710,86,,AV DE PARIS,2180,78000,78646,Versailles,78,,,78646000BN0166,,,768,,787,,,,,,,,2,2,Appartement,93,5,,,,,,2.145036,48.797427
2023-1057115,2023-08-01,000001,Vente,164000,20,,RUE DE SATORY,2950,78000,78646,Versailles,78,,,78646000AH0194,,,6,22.75,,,,,,,,,1,2,Appartement,23,1,,,,,,2.124856,48.800584
2023-1057142,2023-07-28,000001,Vente,526880,,,PAS DE LA GEOLE,1180,78000,78646,Versailles,78,,,78646000AE0091,,104,,,,,,,,,,,0,,,,,,,,,,2.131364,48.807615
2023-1057144,2023-07-28,000001,Vente,270000,,,RUE DU BAILLAGE,0260,78000,78646,Versailles,78,,,78646000AE0415,,204,,,,,,,,,,,0,,,,,,,,,,2.131236,48.807468
2023-1057155,2023-07-31,000001,Vente,351560,2,,RUE LA QUINTINIE,2470,78000,78646,Versailles,78,,,78646000BV0206,,,2,,24,,3,,,,,,3,2,Appartement,38,3,,,,,,2.12011,48.800596
2023-1057162,2023-07-25,000001,Vente,1396500,16,,RUE DU PARC DE CLAGNY,2171,78000,78646,Versailles,78,,,78646000AP0099,,,103,,148,,56,,9,,,,4,3,Dépendance,,0,,,,,,2.141446,48.81293
2023-1057162,2023-07-25,000001,Vente,1396500,16,,RUE DU PARC DE CLAGNY,2171,78000,78646,Versailles,78,,,78646000AP0099,,,103,,148,,56,,9,,,,4,2,Appartement,159,7,,,,,,2.141446,48.81293
2023-1057162,2023-07-25,000001,Vente,1396500,16,,RUE DU PARC DE CLAGNY,2171,78000,78646,Versailles,78,,,78646000AP0099,,,95,,,,,,,,,,1,3,Dépendance,,0,,,,,,2.141446,48.81293
2023-1057162,2023-07-25,000001,Vente,1396500,16,,RUE DU PARC DE CLAGNY,2171,78000,78646,Versailles,78,,,78646000AP0099,,,103,,148,,56,,9,,,,4,3,Dépendance,,0,,,,,,2.141446,48.81293
2023-1057166,2023-07-04,000001,Vente,1150000,73,B,RUE DU MAL FOCH,1810,78000,78646,Versailles,78,,,78646000AD0472,,,255,,,,,,,,,,1,4,Local industriel. commercial ou assimilé,103,0,,,,,,2.135035,48.812491
2023-1057166,2023-07-04,000001,Vente,1150000,73,B,RUE DU MAL FOCH,1810,78000,78646,Versailles,78,,,78646000AD0472,,,251,,,,,,,,,,1,4,Local industriel. commercial ou assimilé,83,0,,,,,,2.135035,48.812491
2023-1057166,2023-07-04,000001,Vente,1150000,73,B,RUE DU MAL FOCH,1810,78000,78646,Versailles,78,,,78646000AD0475,,,135,,,,,,,,,,1,4,Local industriel. commercial ou assimilé,16,0,,,,,,2.135532,48.812595
2023-1057166,2023-07-04,000001,Vente,1150000,73,B,RUE DU MAL FOCH,1810,78000,78646,Versailles,78,,,78646000AD0477,,,166,,,,,,,,,,1,4,Local industriel. commercial ou assimilé,12,0,,,,,,2.134954,48.812695
2023-1057166,2023-07-04,000001,Vente,1150000,73,B,RUE DU MAL FOCH,1810,78000,78646,Versailles,78,,,78646000AD0477,,,163,,,,,,,,,,1,4,Local industriel. commercial ou assimilé,12,0,,,,,,2.134954,48.812695
2023-1057166,2023-07-04,000001,Vente,1150000,73,B,RUE DU MAL FOCH,1810,78000,78646,Versailles,78,,,78646000AD0477,,,172,,,,,,,,,,1,4,Local industriel. commercial ou assimilé,12,0,,,,,,2.134954,48.812695
2023-1057166,2023-07-04,000001,Vente,1150000,40,,RUE REMILLY,2530,78000,78646,Versailles,78,,,78646000AK0078,,,26,,,,,,,,,,1,3,Dépendance,,0,,,,,,2.14028,48.811308
2023-1057169,2023-07-31,000001,Vente,463500,45,,AV DE SAINT CLOUD,2730,78000,78646,Versailles,78,,,78646000AI0134,,,6,67.76,9,,,,,,,,2,2,Appartement,67,3,,,,,,2.133489,48.805732
2023-1057169,2023-07-31,000001,Vente,463500,45,,AV DE SAINT CLOUD,2730,78000,78646,Versailles,78,,,78646000AI0134,,,6,67.76,9,,,,,,,,2,3,Dépendance,,0,,,,,,2.133489,48.805732
2023-1057219,2023-07-25,000001,Vente,309000,72,,RUE DU MAL FOCH,1810,78000,78646,Versailles,78,,,78646000AK0009,,,140,,45,57.76,,,,,,,2,2,Appartement,55,4,,,,,,2.136535,48.812771
2023-1057219,2023-07-25,000001,Vente,309000,72,,RUE DU MAL FOCH,1810,78000,78646,Versailles,78,,,78646000AK0009,,,140,,45,57.76,,,,,,,2,3,Dépendance,,0,,,,,,2.136535,48.812771
2023-1057225,2023-07-04,000001,Vente,1,,,LA SABLIERE,B029,78000,78646,Versailles,78,,,78646000BY0098,,,,,,,,,,,,,0,,,,,S,sols,,,518,2.076855,48.807069
2023-1057225,2023-07-04,000001,Vente,1,,,LA SABLIERE,B029,78000,78646,Versailles,78,,,78646000BY0099,,,,,,,,,,,,,0,,,,,S,sols,,,3254,2.076551,48.806406
2023-1057238,2023-07-24,000001,Vente,847250,100,,AV DE PARIS,2180,78000,78646,Versailles,78,,,78646000BK0002,,,21,114.06,,,,,,,,,1,2,Appartement,114,5,,,,,,2.149973,48.797457
2023-1057238,2023-07-24,000001,Vente,847250,100,,AV DE PARIS,2180,78000,78646,Versailles,78,,,78646000BK0002,,,28,,,,,,,,,,1,3,Dépendance,,0,,,,,,2.149973,48.797457
2023-1057238,2023-07-24,000001,Vente,847250,100,,AV DE PARIS,2180,78000,78646,Versailles,78,,,78646000BK0002,,,29,,,,,,,,,,1,3,Dépendance,,0,,,,,,2.149973,48.797457
2023-1057238,2023-07-24,000001,Vente,847250,100,,AV DE PARIS,2180,78000,78646,Versailles,78,,,78646000BK0002,,,61,,,,,,,,,,1,3,Dépendance,,0,,,,,,2.149973,48.797457
2023-1057266,2023-07-26,000001,Vente,435375,108,,BD DE LA REINE,2520,78000,78646,Versailles,78,,,78646000AX0037,,,16,67.21,250,,,,,,,,2,3,Dépendance,,0,,,,,,2.142871,48.807658
2023-1057266,2023-07-26,000001,Vente,435375,108,,BD DE LA REINE,2520,78000,78646,Versailles,78,,,78646000AX0037,,,16,67.21,250,,,,,,,,2,2,Appartement,63,3,,,,,,2.142871,48.807658
2023-1057287,2023-07-26,000001,Vente,406450,18,,RUE ST SYMPHORIEN,2913,78000,78646,Versailles,78,,,78646000AZ0162,,,13,,4,59.7,,,,,,,2,3,Dépendance,,0,,,,,,2.159129,48.805972
2023-1057287,2023-07-26,000001,Vente,406450,18,,RUE ST SYMPHORIEN,2913,78000,78646,Versailles,78,,,78646000AZ0162,,,13,,4,59.7,,,,,,,2,2,Appartement,62,3,,,,,,2.159129,48.805972
2023-1057363,2023-08-03,000001,Vente,369300,1,,ALL LA BRUYERE,1557,78000,78646,Versailles,78,,,78646000AO0205,,,1706,,,,,,,,,,1,3,Dépendance,,0,,,,,,2.146857,48.813978
2023-1057363,2023-08-03,000001,Vente,369300,3,,ALL LA BRUYERE,1557,78000,78646,Versailles,78,,,78646000AO0205,,,1348,67.99,1548,,,,,,,,2,2,Appartement,64,3,,,,,,2.146857,48.813978
2023-1057363,2023-08-03,000001,Vente,369300,3,,ALL LA BRUYERE,1557,78000,78646,Versailles,78,,,78646000AO0205,,,1348,67.99,1548,,,,,,,,2,3,Dépendance,,0,,,,,,2.146857,48.813978
2023-1057363,2023-08-03,000001,Vente,369300,3,,ALL LA BRUYERE,1557,78000,78646,Versailles,78,,,78646000AO0205,,,1348,67.99,1548,,,,,,,,2,3,Dépendance,,0,,,,,,2.146857,48.813978
2023-1057363,2023-08-03,000001,Vente,369300,3,,ALL LA BRUYERE,1557,78000,78646,Versailles,78,,,78646000AO0205,,,1348,67.99,1548,,,,,,,,2,3,Dépendance,,0,,,,,,2.146857,48.813978
2023-1057387,2023-07-28,000001,Vente,420000,3,,RUE DE L ABBE ROUSSEAUX,0020,78000,78646,Versailles,78,,,78646000BS0056,,,79,,,,,,,,,,1,3,Dépendance,,0,,,,,,2.136312,48.796463
2023-1057387,2023-07-28,000001,Vente,420000,3,,RUE DE L ABBE ROUSSEAUX,0020,78000,78646,Versailles,78,,,78646000BS0056,,,26,,41,72.57,,,,,,,2,3,Dépendance,,0,,,,,,2.136312,48.796463
2023-1057387,2023-07-28,000001,Vente,420000,3,,RUE DE L ABBE ROUSSEAUX,0020,78000,78646,Versailles,78,,,78646000BS0056,,,26,,41,72.57,,,,,,,2,2,Appartement,74,4,,,,,,2.136312,48.796463
2023-1057435,2023-07-24,000001,Vente,333000,59,,AV DES ETATS UNIS,0990,78000,78646,Versailles,78,,,78646000AS0054,,,212,,,,,,,,,,1,3,Dépendance,,0,,,,,,2.152632,48.814149
2023-1057435,2023-07-24,000001,Vente,333000,59,,AV DES ETATS UNIS,0990,78000,78646,Versailles,78,,,78646000AS0054,,,212,,,,,,,,,,1,2,Appartement,67,4,,,,,,2.152632,48.814149
2023-1057435,2023-07-24,000001,Vente,333000,59,,AV DES ETATS UNIS,0990,78000,78646,Versailles,78,,,78646000AS0054,,,353,,,,,,,,,,1,3,Dépendance,,0,,,,,,2.152632,48.814149
2023-1057441,2023-07-28,000001,Vente,28000,69,,RUE DES CHANTIERS,0530,78000,78646,Versailles,78,,,78646000BL0280,,,183,,,,,,,,,,1,3,Dépendance,,0,,,,,,2.143596,48.793559
2023-1057447,2023-07-19,000001,Vente,136000,17,,RUE DES RESERVOIRS,2580,78000,78646,Versailles,78,,,78646000AC0238,,,13,17.79,,,,,,,,,1,3,Dépendance,,0,,,,,,2.124388,48.80841
2023-1057449,2023-07-27,000001,Vente,95000,1,,AV DES ETATS UNIS,0990,78000,78646,Versailles,78,,,78646000AX0025,,,25,,,,,,,,,,1,3,Dépendance,,0,,,,,,2.141563,48.806353
2023-1057486,2023-08-02,000001,Vente,420000,23,,RUE DU PEINTRE LEBRUN,2220,78000,78646,Versailles,78,,,78646000AE0174,,,8,47.86,,,,,,,,,1,2,Appartement,47,2,,,,,,2.125261,48.807622
2023-1057491,2023-07-20,000001,Vente,205000,13,,RUE DES DEUX PORTES,0780,78000,78646,Versailles,78,,,78646000AE0261,,,24,,5,35.28,,,,,,,2,2,Appartement,30,1,,,,,,2.130431,48.806176
2023-1057538,2023-07-24,000001,Vente,464100,20,,RUE DU REFUGE,2510,78000,78646,Versailles,78,,,78646000BP0214,,,41,70.66,83,,,,,,,,2,3,Dépendance,,0,,,,,,2.144111,48.803556
2023-1057538,2023-07-24,000001,Vente,464100,20,,RUE DU REFUGE,2510,78000,78646,Versailles,78,,,78646000BP0214,,,41,70.66,83,,,,,,,,2,2,Appartement,71,3,,,,,,2.144111,48.803556
2023-1057538,2023-07-24,000001,Vente,464100,20,,RUE DU REFUGE,2510,78000,78646,Versailles,78,,,78646000BP0214,,,141,,,,,,,,,,1,3,Dépendance,,0,,,,,,2.144111,48.803556
2023-1057538,2023-07-24,000001,Vente,464100,20,,RUE DU REFUGE,2510,78000,78646,Versailles,78,,,78646000BP0214,,,111,,,,,,,,,,1,3,Dépendance,,0,,,,,,2.144111,48.803556
2023-1057559,2023-07-25,000001,Vente,500000,2,,RUE DES DEUX PORTES,0780,78000,78646,Versailles,78,,,78646000AE0278,,,3,,7,,8,,,,,,3,4,Local industriel. commercial ou assimilé,42,0,,,,,,2.130524,48.805559
2023-1057585,2023-08-04,000001,Vente,693050,32,,RUE LAFAYETTE,1580,78000,78646,Versailles,78,,,78646000AD0203,,,14,,3,90.61,,,,,,,2,3,Dépendance,,0,,,,,,2.128837,48.811804
2023-1057585,2023-08-04,000001,Vente,693050,32,,RUE LAFAYETTE,1580,78000,78646,Versailles,78,,,78646000AD0203,,,14,,3,90.61,,,,,,,2,2,Appartement,80,3,,,,,,2.128837,48.811804
2023-1057585,2023-08-04,000001,Vente,693050,32,,RUE LAFAYETTE,1580,78000,78646,Versailles,78,,,78646000AD0203,,,18,,,,,,,,,,1,3,Dépendance,,0,,,,,,2.128837,48.811804
2023-1057602,2023-08-08,000001,Vente,481000,64,,RUE DES CHANTIERS,0530,78000,78646,Versailles,78,,,78646000BL0326,,,354,,,,,,,,,,1,3,Dépendance,,0,,,,,,2.143523,48.792624
2023-1057602,2023-08-08,000001,Vente,481000,64,,RUE DES CHANTIERS,0530,78000,78646,Versailles,78,,,78646000BL0326,,,129,85.54,539,,,,,,,,2,2,Appartement,87,3,,,,,,2.143523,48.792624
2023-1057602,2023-08-08,000001,Vente,481000,64,,RUE DES CHANTIERS,0530,78000,78646,Versailles,78,,,78646000BL0326,,,129,85.54,539,,,,,,,,2,3,Dépendance,,0,,,,,,2.143523,48.792624
2023-1057617,2023-07-18,000001,Vente,394230,28,,RUE SAINTE VICTOIRE,2920,78000,78646,Versailles,78,,,78646000AD0280,,,9,,,,,,,,,,1,3,Dépendance,,0,,,,,,2.132177,48.811725
2023-1057617,2023-07-18,000001,Vente,394230,28,,RUE SAINTE VICTOIRE,2920,78000,78646,Versailles,78,,,78646000AD0280,,,10,,9,,,,,,,,2,2,Appartement,55,3,,,,,,2.132177,48.811725
2023-1057633,2023-07-28,000001,Vente,259561.77,1,,RUE BORGNIS DESBORDES,0395,78000,78646,Versailles,78,,,78646000BW0225,,,2017,32.34,,,,,,,,,1,2,Appartement,32,1,,,,,,2.122858,48.795353
2023-1057633,2023-07-28,000001,Vente,259561.77,1,,RUE BORGNIS DESBORDES,0395,78000,78646,Versailles,78,,,78646000BW0225,,,6010,,,,,,,,,,1,3,Dépendance,,0,,,,,,2.122858,48.795353
2023-1057656,2023-07-20,000001,Vente,330000,13,,RUE DE LA POURVOIERIE,2420,78000,78646,Versailles,78,,,78646000AE0433,,,22,35.51,23,,,,,,,,2,4,Local industriel. commercial ou assimilé,34,0,,,,,,2.13194,48.807515
2023-1057659,2023-07-21,000001,Vente,418800,7,,RUE DES PRES AUX BOIS,2430,78000,78646,Versailles,78,,,78646000BC0125,,,32,,50,,,,,,,,2,3,Dépendance,,0,,,,,,2.159314,48.799944
2023-1057659,2023-07-21,000001,Vente,418800,7,,RUE DES PRES AUX BOIS,2430,78000,78646,Versailles,78,,,78646000BC0125,,,62,,,,,,,,,,1,3,Dépendance,,0,,,,,,2.159314,48.799944
2023-1057659,2023-07-21,000001,Vente,418800,7,,RUE DES PRES AUX BOIS,2430,78000,78646,Versailles,78,,,78646000BC0125,,,32,,50,,,,,,,,2,2,Appartement,87,4,,,,,,2.159314,48.799944
2023-1057662,2023-07-27,000001,Vente,1530000,41,,RUE SAINT HONORE,2780,78000,78646,Versailles,78,,,78646000BW0077,,,59,70.31,64,70.31,,,,,,,2,2,Appartement,80,3,,,,,,2.123484,48.795339
2023-1057662,2023-07-27,000001,Vente,1530000,41,,RUE SAINT HONORE,2780,78000,78646,Versailles,78,,,78646000BW0077,,,36,,,,,,,,,,1,3,Dépendance,,0,,,,,,2.123484,48.795339
2023-1057662,2023-07-27,000001,Vente,1530000,41,,RUE SAINT HONORE,2780,78000,78646,Versailles,78,,,78646000BW0077,,,57,98.77,60,98.77,61,70.31,63,98.77,,,4,2,Appartement,93,4,,,,,,2.123484,48.795339
2023-1057666,2023-07-28,000001,Vente,615200,50,,AV DE VILLENEUVE L ETANG,3200,78000,78646,Versailles,78,,,78646000AO0162,,,326,,,,,,,,,,1,3,Dépendance,,0,,,,,,2.148061,48.818119
2023-1057666,2023-07-28,000001,Vente,615200,50,,AV DE VILLENEUVE L ETANG,3200,78000,78646,Versailles,78,,,78646000AO0162,,,326,,,,,,,,,,1,3,Dépendance,,0,,,,,,2.148061,48.818119
2023-1057666,2023-07-28,000001,Vente,615200,50,,AV DE VILLENEUVE L ETANG,3200,78000,78646,Versailles,78,,,78646000AO0162,,,512,,536,106.07,,,,,,,2,3,Dépendance,,0,,,,,,2.148061,48.818119
2023-1057666,2023-07-28,000001,Vente,615200,50,,AV DE VILLENEUVE L ETANG,3200,78000,78646,Versailles,78,,,78646000AO0162,,,512,,536,106.07,,,,,,,2,2,Appartement,111,5,,,,,,2.148061,48.818119
2023-1057666,2023-07-28,000001,Vente,615200,50,,AV DE VILLENEUVE L ETANG,3200,78000,78646,Versailles,78,,,78646000AO0162,,,326,,,,,,,,,,1,2,Appartement,16,1,,,,,,2.148061,48.818119
2023-1057666,2023-07-28,000001,Vente,615200,50,,AV DE VILLENEUVE L ETANG,3200,78000,78646,Versailles,78,,,78646000AO0162,,,165,,,,,,,,,,1,3,Dépendance,,0,,,,,,2.148061,48.818119
2023-1057666,2023-07-28,000001,Vente,615200,50,,AV DE VILLENEUVE L ETANG,3200,78000,78646,Versailles,78,,,78646000AO0162,,,512,,536,106.07,,,,,,,2,3,Dépendance,,0,,,,,,2.148061,48.818119
2023-1057672,2023-07-28,000001,Vente,713520,,,PAS DE LA GEOLE,1180,78000,78646,Versailles,78,,,78646000AE0091,,109,,,,,,,,,,,0,,,,,,,,,,2.131364,48.807615
2023-1057672,2023-07-28,000001,Vente,713520,,,PAS DE LA GEOLE,1180,78000,78646,Versailles,78,,,78646000AE0091,,110,,,,,,,,,,,0,,,,,,,,,,2.131364,48.807615
2023-1057675,2023-07-26,000001,Vente,413340,4,,RUE SAINT HONORE,2780,78000,78646,Versailles,78,,,78646000BV0067,,,14,,16,,3,60.58,,,,,3,2,Appartement,52,3,,,,,,2.12522,48.798929
2023-1057679,2023-07-25,000001,Vente,990000,18,,RUE DE NANCY,2020,78000,78646,Versailles,78,,,78646000AY0177,,,,,,,,,,,,,0,1,Maison,65,4,S,sols,,,232,2.151602,48.7996
2023-1057696,2023-07-17,000001,Vente,260874,,,RUE DU BAILLAGE,0260,78000,78646,Versailles,78,,,78646000AE0415,,205,,,,,,,,,,,0,,,,,,,,,,2.131236,48.807468
2023-1057747,2023-08-04,000001,Vente en l'état futur d'achèvement,306000,,,LA SABLIERE,B029,78000,78646,Versailles,78,,,78646000BY0108,,,206,,,,,,,,,,1,,,,,,,,,,2.079319,48.802074
2023-1057749,2023-07-24,000001,Vente,251709,12,,RUE DES DEUX PORTES,0780,78000,78646,Versailles,78,,,78646000AE0274,,,13,26.17,,,,,,,,,1,2,Appartement,31,1,,,,,,2.130881,48.806122
2023-1057755,2023-08-02,000001,Vente,4543656,15,,RUE MADEMOISELLE,1740,78000,78646,Versailles,78,,,78646000AD0161,,,,,,,,,,,,,0,3,Dépendance,,0,S,sols,,,215,2.128951,48.810943
2023-1057755,2023-08-02,000001,Vente,4543656,15,,RUE MADEMOISELLE,1740,78000,78646,Versailles,78,,,78646000AD0161,,,,,,,,,,,,,0,1,Maison,600,15,AG,terrains d'agrément,,,662,2.128951,48.810943
2023-1057755,2023-08-02,000001,Vente,4543656,15,,RUE MADEMOISELLE,1740,78000,78646,Versailles,78,,,78646000AD0161,,,,,,,,,,,,,0,3,Dépendance,,0,AG,terrains d'agrément,,,662,2.128951,48.810943
2023-1057755,2023-08-02,000001,Vente,4543656,15,,RUE MADEMOISELLE,1740,78000,78646,Versailles,78,,,78646000AD0161,,,,,,,,,,,,,0,1,Maison,600,15,S,sols,,,215,2.128951,48.810943
2023-1057756,2023-07-20,000001,Vente,603000,6,,RUE DES ETATS GENERAUX,0980,78000,78646,Versailles,78,,,78646000BR0011,,,25,,3,,,,,,,,2,2,Appartement,103,5,,,,,,2.131601,48.800799
2023-1057756,2023-07-20,000001,Vente,603000,6,,RUE DES ETATS GENERAUX,0980,78000,78646,Versailles,78,,,78646000BR0011,,,28,,,,,,,,,,1,3,Dépendance,,0,,,,,,2.131601,48.800799
2023-1057756,2023-07-20,000001,Vente,603000,6,,RUE DES ETATS GENERAUX,0980,78000,78646,Versailles,78,,,78646000BR0011,,,25,,3,,,,,,,,2,3,Dépendance,,0,,,,,,2.131601,48.800799
2023-1057782,2023-07-13,000001,Vente,590000,33,,RUE CARNOT,0440,78000,78646,Versailles,78,,,78646000AE0253,,,1,,,,,,,,,,1,4,Local industriel. commercial ou assimilé,45,0,,,,,,2.129779,48.80576
2023-1057790,2023-07-25,000001,Vente,639000,7,,RUE DU MARCHE NEUF,1780,78000,78646,Versailles,78,,,78646000BT0033,,,11,,9,72.64,,,,,,,2,2,Appartement,77,3,,,,,,2.127013,48.797525
2023-1057790,2023-07-25,000001,Vente,639000,7,,RUE DU MARCHE NEUF,1780,78000,78646,Versailles,78,,,78646000BT0033,,,12,,13,,19,,,,,,3,4,Local industriel. commercial ou assimilé,35,0,,,,,,2.127013,48.797525
2023-1057791,2023-07-24,000001,Vente,280400,2,T,RUE DU FOYER VERSAILLAIS,1100,78000,78646,Versailles,78,,,78646000BL0294,,,319,57.19,332,,,,,,,,2,2,Appartement,56,3,,,,,,2.146987,48.791716
2023-1057791,2023-07-24,000001,Vente,280400,2,T,RUE DU FOYER VERSAILLAIS,1100,78000,78646,Versailles,78,,,78646000BL0294,,,319,57.19,332,,,,,,,,2,3,Dépendance,,0,,,,,,2.146987,48.791716
2023-1057802,2023-07-28,000001,Vente,325000,1,,ALL LA BRUYERE,1557,78000,78646,Versailles,78,,,78646000AO0205,,,1695,,,,,,,,,,1,3,Dépendance,,0,,,,,,2.146857,48.813978
2023-1057802,2023-07-28,000001,Vente,325000,5,,ALL LA BRUYERE,1557,78000,78646,Versailles,78,,,78646000AO0205,,,1399,53.68,1599,,,,,,,,2,3,Dépendance,,0,,,,,,2.146857,48.813978
2023-1057802,2023-07-28,000001,Vente,325000,5,,ALL LA BRUYERE,1557,78000,78646,Versailles,78,,,78646000AO0205,,,1399,53.68,1599,,,,,,,,2,2,Appartement,52,2,,,,,,2.146857,48.813978
2023-1057802,2023-07-28,000001,Vente,325000,5,,ALL LA BRUYERE,1557,78000,78646,Versailles,78,,,78646000AO0205,,,1399,53.68,1599,,,,,,,,2,3,Dépendance,,0,,,,,,2.146857,48.813978
2023-1057807,2023-07-28,000001,Vente,749000,12,,RUE COSTE,0730,78000,78646,Versailles,78,,,78646000BK0093,,,14,132.17,15,,,,,,,,2,2,Appartement,122,5,,,,,,2.154815,48.795691
2023-1057814,2023-08-02,000001,Vente,567000,62,,RUE ALBERT JOLY,0050,78000,78646,Versailles,78,,,78646000AR0128,,,22,,39,88.21,,,,,,,2,2,Appartement,87,4,,,,,,2.144474,48.809334
2023-1057814,2023-08-02,000001,Vente,567000,62,,RUE ALBERT JOLY,0050,78000,78646,Versailles,78,,,78646000AR0128,,,22,,39,88.21,,,,,,,2,3,Dépendance,,0,,,,,,2.144474,48.809334
2023-1057814,2023-08-02,000001,Vente,567000,62,,RUE ALBERT JOLY,0050,78000,78646,Versailles,78,,,78646000AR0128,,,110,,,,,,,,,,1,3,Dépendance,,0,,,,,,2.144474,48.809334
2023-1057821,2023-08-07,000001,Vente,20000,39,,BD DU ROI,2641,78000,78646,Versailles,78,,,78646000AC0108,,,194,,,,,,,,,,1,3,Dépendance,,0,,,,,,2.127742,48.814503
2023-1057835,2023-08-04,000001,Vente,280000,6,,RUE DES ETATS GENERAUX,0980,78000,78646,Versailles,78,,,78646000BR0011,,,17,58.2,,,,,,,,,1,3,Dépendance,,0,,,,,,2.131601,48.800799
2023-1057835,2023-08-04,000001,Vente,280000,6,,RUE DES ETATS GENERAUX,0980,78000,78646,Versailles,78,,,78646000BR0011,,,37,,,,,,,,,,1,4,Local industriel. commercial ou assimilé,93,0,,,,,,2.131601,48.800799
2023-1057835,2023-08-04,000001,Vente,280000,6,,RUE DES ETATS GENERAUX,0980,78000,78646,Versailles,78,,,78646000BR0011,,,21,,,,,,,,,,1,3,Dépendance,,0,,,,,,2.131601,48.800799
2023-1057856,2023-07-28,000001,Vente,10000,53,,AV DE PARIS,2180,78000,78646,Versailles,78,,,78646000BP0132,,,92,,,,,,,,,,1,3,Dépendance,,0,,,,,,2.1408,48.800274
2023-1057856,2023-07-28,000001,Vente,10000,53,,AV DE PARIS,2180,78000,78646,Versailles,78,,,78646000BP0132,,,92,,,,,,,,,,1,3,Dépendance,,0,,,,,,2.1408,48.800274
2023-1057859,2023-07-21,000001,Vente,410000,41,,BD DU ROI,2641,78000,78646,Versailles,78,,,78646000AC0107,,,44,,6,65.78,,,,,,,2,3,Dépendance,,0,,,,,,2.12804,48.814598
2023-1057859,2023-07-21,000001,Vente,410000,41,,BD DU ROI,2641,78000,78646,Versailles,78,,,78646000AC0107,,,44,,6,65.78,,,,,,,2,3,Dépendance,,0,,,,,,2.12804,48.814598
2023-1057859,2023-07-21,000001,Vente,410000,41,,BD DU ROI,2641,78000,78646,Versailles,78,,,78646000AC0107,,,44,,6,65.78,,,,,,,2,2,Appartement,72,3,,,,,,2.12804,48.814598
2023-1057860,2023-08-02,000001,Vente en l'état futur d'achèvement,630300,,,LA SABLIERE,B029,78000,78646,Versailles,78,,,78646000BY0121,,,10,,,,,,,,,,1,,,,,,,,,,2.079148,48.803081
2023-1057861,2023-08-02,000001,Vente en l'état futur d'achèvement,25000,,,LA SABLIERE,B029,78000,78646,Versailles,78,,,78646000BY0110,,,187,,,,,,,,,,1,,,,,,,,,,2.078228,48.802624
2023-1057867,2023-08-03,000001,Vente,347600,13,,RUE DE L ABBE ROUSSEAUX,0020,78000,78646,Versailles,78,,,78646000BS0059,,,8,,,,,,,,,,1,3,Dépendance,,0,,,,,,2.136772,48.796254
2023-1057867,2023-08-03,000001,Vente,347600,13,,RUE DE L ABBE ROUSSEAUX,0020,78000,78646,Versailles,78,,,78646000BS0059,,,6,65.61,,,,,,,,,1,2,Appartement,65,3,,,,,,2.136772,48.796254
2023-1057867,2023-08-03,000001,Vente,347600,13,,RUE DE L ABBE ROUSSEAUX,0020,78000,78646,Versailles,78,,,78646000BS0059,,,6,65.61,,,,,,,,,1,3,Dépendance,,0,,,,,,2.136772,48.796254
2023-1057868,2023-08-03,000001,Vente,298100,82,B,AV DE PARIS,2180,78000,78646,Versailles,78,,,78646000BN0166,,,14,48.33,75,,,,,,,,2,2,Appartement,48,2,,,,,,2.145036,48.797427
2023-1057868,2023-08-03,000001,Vente,298100,82,B,AV DE PARIS,2180,78000,78646,Versailles,78,,,78646000BN0166,,,14,48.33,75,,,,,,,,2,3,Dépendance,,0,,,,,,2.145036,48.797427
2023-1057868,2023-08-03,000001,Vente,298100,82,B,AV DE PARIS,2180,78000,78646,Versailles,78,,,78646000BN0166,,,939,,,,,,,,,,1,3,Dépendance,,0,,,,,,2.145036,48.797427
2023-1057882,2023-07-21,000001,Vente,375000,9,,RUE DE L ORIENT,2130,78000,78646,Versailles,78,,,78646000BT0106,,,19,,7,60.75,8,,,,,,3,3,Dépendance,,0,,,,,,2.127124,48.796502
2023-1057882,2023-07-21,000001,Vente,375000,9,,RUE DE L ORIENT,2130,78000,78646,Versailles,78,,,78646000BT0106,,,19,,7,60.75,8,,,,,,3,2,Appartement,60,3,,,,,,2.127124,48.796502
2023-1057888,2023-07-31,000001,Vente,680000,8,,RUE REMILLY,2530,78000,78646,Versailles,78,,,78646000AK0125,,,14,80.02,19,80.02,3,80.02,9,,,,4,2,Appartement,80,3,,,,,,2.135995,48.811568
2023-1057888,2023-07-31,000001,Vente,680000,8,,RUE REMILLY,2530,78000,78646,Versailles,78,,,78646000AK0125,,,14,80.02,19,80.02,3,80.02,9,,,,4,3,Dépendance,,0,,,,,,2.135995,48.811568
2023-1057889,2023-08-04,000001,Vente,1260000,13,,RUE REMILLY,2530,78000,78646,Versailles,78,,,78646000AK0047,,,1,,201,,6,124.01,,,,,3,2,Appartement,106,4,,,,,,2.137115,48.811862
2023-1057889,2023-08-04,000001,Vente,1260000,13,,RUE REMILLY,2530,78000,78646,Versailles,78,,,78646000AK0047,,,300,,,,,,,,,,1,3,Dépendance,,0,,,,,,2.137115,48.811862
2023-1057889,2023-08-04,000001,Vente,1260000,13,,RUE REMILLY,2530,78000,78646,Versailles,78,,,78646000AK0047,,,301,,,,,,,,,,1,3,Dépendance,,0,,,,,,2.137115,48.811862
2023-1057889,2023-08-04,000001,Vente,1260000,13,,RUE REMILLY,2530,78000,78646,Versailles,78,,,78646000AK0047,,,4,,7,,,,,,,,2,2,Appartement,21,1,,,,,,2.137115,48.811862
2023-1057889,2023-08-04,000001,Vente,1260000,13,,RUE REMILLY,2530,78000,78646,Versailles,78,,,78646000AK0047,,,1,,201,,6,124.01,,,,,3,3,Dépendance,,0,,,,,,2.137115,48.811862
2023-1057894,2023-07-31,000001,Vente,110100,97,,RUE DES CHANTIERS,0530,78000,78646,Versailles,78,,,78646000BL0287,,,3,,,,,,,,,,1,4,Local industriel. commercial ou assimilé,55,0,,,,,,2.145781,48.792108
2023-1057910,2023-08-03,000001,Vente,175168,10,,RUE EDOUARD LEFEBVRE,0910,78000,78646,Versailles,78,,,78646000BR0147,,,67,,,,,,,,,,1,3,Dépendance,,0,,,,,,2.132117,48.798291
2023-1057910,2023-08-03,000001,Vente,175168,10,,RUE EDOUARD LEFEBVRE,0910,78000,78646,Versailles,78,,,78646000BR0147,,,15,50,38,,,,,,,,2,3,Dépendance,,0,,,,,,2.132117,48.798291
2023-1057910,2023-08-03,000001,Vente,175168,10,,RUE EDOUARD LEFEBVRE,0910,78000,78646,Versailles,78,,,78646000BR0147,,,15,50,38,,,,,,,,2,2,Appartement,48,2,,,,,,2.132117,48.798291
2023-1057919,2023-07-18,000001,Vente,220000,106,,RUE DE LA PAROISSE,2190,78000,78646,Versailles,78,,,78646000AI0154,,,15,,16,,23,,28,41.68,,,4,3,Dépendance,,0,,,,,,2.134844,48.805699
2023-1057919,2023-07-18,000001,Vente,220000,106,,RUE DE LA PAROISSE,2190,78000,78646,Versailles,78,,,78646000AI0154,,,15,,16,,23,,28,41.68,,,4,2,Appartement,43,2,,,,,,2.134844,48.805699
2023-1057959,2023-08-16,000001,Vente,352000,44,,RUE SAINT CHARLES,2710,78000,78646,Versailles,78,,,78646000AY0019,,,125,,,,,,,,,,1,3,Dépendance,,0,,,,,,2.147972,48.803805
2023-1057959,2023-08-16,000001,Vente,352000,58,,RUE SAINT CHARLES,2710,78000,78646,Versailles,78,,,78646000AY0276,,,19,58.61,43,,,,,,,,2,2,Appartement,63,3,,,,,,2.146746,48.804346
2023-1057959,2023-08-16,000001,Vente,352000,58,,RUE SAINT CHARLES,2710,78000,78646,Versailles,78,,,78646000AY0276,,,19,58.61,43,,,,,,,,2,3,Dépendance,,0,,,,,,2.146746,48.804346
2023-1058017,2023-08-16,000001,Vente,757250,46,,AV DE PARIS,2180,78000,78646,Versailles,78,,,78646000BR0092,,,13,,21,96.52,,,,,,,2,2,Appartement,98,4,,,,,,2.137175,48.799755
2023-1058017,2023-08-16,000001,Vente,757250,46,,AV DE PARIS,2180,78000,78646,Versailles,78,,,78646000BR0092,,,13,,21,96.52,,,,,,,2,3,Dépendance,,0,,,,,,2.137175,48.799755
2023-1058017,2023-08-16,000001,Vente,757250,46,,AV DE PARIS,2180,78000,78646,Versailles,78,,,78646000BR0092,,,13,,21,96.52,,,,,,,2,3,Dépendance,,0,,,,,,2.137175,48.799755
2023-1058055,2023-08-10,000001,Vente en l'état futur d'achèvement,532000,,,LA SABLIERE,B029,78000,78646,Versailles,78,,,78646000BY0108,,,405,,,,,,,,,,1,,,,,,,,,,2.079319,48.802074
2023-1058055,2023-08-10,000001,Vente en l'état futur d'achèvement,532000,,,LA SABLIERE,B029,78000,78646,Versailles,78,,,78646000BY0108,,,108,,,,,,,,,,1,,,,,,,,,,2.079319,48.802074
2023-1058055,2023-08-10,000001,Vente en l'état futur d'achèvement,532000,,,LA SABLIERE,B029,78000,78646,Versailles,78,,,78646000BY0108,,,404,,,,,,,,,,1,,,,,,,,,,2.079319,48.802074
2023-1058063,2023-08-11,000001,Vente,1209550,100,,AV DE PARIS,2180,78000,78646,Versailles,78,,,78646000BK0002,,,31,,,,,,,,,,1,3,Dépendance,,0,,,,,,2.149973,48.797457
2023-1058063,2023-08-11,000001,Vente,1209550,102,,AV DE PARIS,2180,78000,78646,Versailles,78,,,78646000BK0003,,,,,,,,,,,,,0,1,Maison,120,4,S,sols,,,299,2.150096,48.797689
2023-1058083,2023-08-01,000001,Vente,320000,93,,RUE YVES LE COZ,3210,78000,78646,Versailles,78,,,78646000BE0108,,,31,,,,,,,,,,1,2,Appartement,20,1,,,,,,2.15647,48.795075
2023-1058083,2023-08-01,000001,Vente,320000,93,,RUE YVES LE COZ,3210,78000,78646,Versailles,78,,,78646000BE0108,,,36,,,,,,,,,,1,2,Appartement,11,1,,,,,,2.15647,48.795075
2023-1058083,2023-08-01,000001,Vente,320000,93,,RUE YVES LE COZ,3210,78000,78646,Versailles,78,,,78646000BE0108,,,15,,,,,,,,,,1,2,Appartement,20,1,,,,,,2.15647,48.795075
2023-1058084,2023-08-04,000001,Vente,132200,13,,RUE DUCIS,0820,78000,78646,Versailles,78,,,78646000AE0083,,,14,,,,,,,,,,1,3,Dépendance,,0,,,,,,2.131212,48.807138
2023-1058163,2023-07-28,000001,Vente,895000,18,,RUE D ANGOULEME,0180,78000,78646,Versailles,78,,,78646000AD0166,,,13,,5,,6,,7,,,,4,2,Appartement,117,5,,,,,,2.128472,48.811129
2023-1058163,2023-07-28,000001,Vente,895000,18,,RUE D ANGOULEME,0180,78000,78646,Versailles,78,,,78646000AD0166,,,13,,5,,6,,7,,,,4,3,Dépendance,,0,,,,,,2.128472,48.811129
2023-1058166,2023-07-27,000001,Vente,310000,4,,IMP DE TOULOUSE,3030,78000,78646,Versailles,78,,,78646000AE0521,,,120,,,,,,,,,,1,3,Dépendance,,0,,,,,,2.130023,48.806332
2023-1058166,2023-07-27,000001,Vente,310000,4,,IMP DE TOULOUSE,3030,78000,78646,Versailles,78,,,78646000AE0521,,,16,,,,,,,,,,1,3,Dépendance,,0,,,,,,2.130023,48.806332
2023-1058166,2023-07-27,000001,Vente,310000,4,,IMP DE TOULOUSE,3030,78000,78646,Versailles,78,,,78646000AE0521,,,16,,,,,,,,,,1,2,Appartement,45,2,,,,,,2.130023,48.806332
2023-1058170,2023-07-25,000001,Vente,245000,37,,RUE DE LA CEINTURE,0460,78000,78646,Versailles,78,,,78646000AV0141,,,21,,44,,,,,,,,2,2,Appartement,61,3,,,,,,,
2023-1058170,2023-07-25,000001,Vente,245000,37,,RUE DE LA CEINTURE,0460,78000,78646,Versailles,78,,,78646000AV0141,,,65,,,,,,,,,,1,3,Dépendance,,0,,,,,,,
2023-1058170,2023-07-25,000001,Vente,245000,37,,RUE DE LA CEINTURE,0460,78000,78646,Versailles,78,,,78646000AV0141,,,21,,44,,,,,,,,2,3,Dépendance,,0,,,,,,,
2023-1058186,2023-08-03,000001,Vente,1620000,5,B,BD DE LESSEPS,1638,78000,78646,Versailles,78,,,78646000AX0099,,,,,,,,,,,,,0,1,Maison,176,8,S,sols,,,258,2.1467,48.80654
2023-1058186,2023-08-03,000001,Vente,1620000,5,B,BD DE LESSEPS,1638,78000,78646,Versailles,78,,,78646000AX0099,,,,,,,,,,,,,0,3,Dépendance,,0,S,sols,,,258,2.1467,48.80654
2023-1058205,2023-08-07,000001,Vente,305000,14,,RUE MENARD,1890,78000,78646,Versailles,78,,,78646000BR0018,,,8,,,,,,,,,,1,2,Appartement,38,2,,,,,,2.131411,48.800099
2023-1058238,2023-08-10,000001,Vente,750000,14,,RUE DES CONDAMINES,0690,78000,78646,Versailles,78,,,78646000AX0365,,,26,,5,103.02,,,,,,,2,3,Dépendance,,0,,,,,,2.145921,48.802841
2023-1058238,2023-08-10,000001,Vente,750000,14,,RUE DES CONDAMINES,0690,78000,78646,Versailles,78,,,78646000AX0365,,,26,,5,103.02,,,,,,,2,2,Appartement,101,4,,,,,,2.145921,48.802841
2023-1058238,2023-08-10,000001,Vente,750000,14,,RUE DES CONDAMINES,0690,78000,78646,Versailles,78,,,78646000AX0365,,,26,,5,103.02,,,,,,,2,3,Dépendance,,0,,,,,,2.145921,48.802841
2023-1058264,2023-08-04,000001,Vente,534000,12,,AV DE PORCHEFONTAINE,2380,78000,78646,Versailles,78,,,78646000BK0021,,,1570,,,,,,,,,,1,3,Dépendance,,0,,,,,,2.152071,48.797176
2023-1058264,2023-08-04,000001,Vente,534000,12,,AV DE PORCHEFONTAINE,2380,78000,78646,Versailles,78,,,78646000BK0021,,,462,86,488,,,,,,,,2,2,Appartement,86,3,,,,,,2.152071,48.797176
2023-1058264,2023-08-04,000001,Vente,534000,12,,AV DE PORCHEFONTAINE,2380,78000,78646,Versailles,78,,,78646000BK0021,,,462,86,488,,,,,,,,2,3,Dépendance,,0,,,,,,2.152071,48.797176
2023-1058280,2023-08-21,000001,Vente,1175100,29,,AV FOURCAULT DE PAVANT,1090,78000,78646,Versailles,78,,,78646000AM0455,,,,,,,,,,,,,0,1,Maison,134,6,S,sols,,,509,2.143509,48.818342
2023-1058294,2023-07-25,000001,Vente,1850000,19,,RUE DES RESERVOIRS,2580,78000,78646,Versailles,78,,,78646000AC0233,,,1,,2,,45,,8,,,,4,4,Local industriel. commercial ou assimilé,451,0,,,,,,2.124648,48.808796
2023-1058294,2023-07-25,000001,Vente,1850000,19,,RUE DES RESERVOIRS,2580,78000,78646,Versailles,78,,,78646000AC0233,,,2,,31,,46,,9,,,,4,4,Local industriel. commercial ou assimilé,316,0,,,,,,2.124648,48.808796
2023-1058297,2023-07-31,000001,Vente,220000,5,,RUE DE MONTREUIL,2000,78000,78646,Versailles,78,,,78646000AX0273,,,16,,8,,,,,,,,2,2,Appartement,40,2,,,,,,2.142364,48.80556
2023-1058297,2023-07-31,000001,Vente,220000,5,,RUE DE MONTREUIL,2000,78000,78646,Versailles,78,,,78646000AX0273,,,16,,8,,,,,,,,2,3,Dépendance,,0,,,,,,2.142364,48.80556
2023-1058325,2023-08-18,000001,Vente,503610,26,B,RUE SAINT LOUIS,2810,78000,78646,Versailles,78,,,78646000BW0055,,,48,,97,,,,,,,,2,2,Appartement,62,3,,,,,,2.126233,48.79456
2023-1058325,2023-08-18,000001,Vente,503610,26,B,RUE SAINT LOUIS,2810,78000,78646,Versailles,78,,,78646000BW0055,,,48,,97,,,,,,,,2,3,Dépendance,,0,,,,,,2.126233,48.79456
2023-1058325,2023-08-18,000001,Vente,503610,26,B,RUE SAINT LOUIS,2810,78000,78646,Versailles,78,,,78646000BW0055,,,48,,97,,,,,,,,2,3,Dépendance,,0,,,,,,2.126233,48.79456
2023-1058335,2023-08-24,000001,Vente,365000,2,,RUE DU PARC DE CLAGNY,2171,78000,78646,Versailles,78,,,78646000AR0094,,,14,54.61,26,,30,,,,,,3,3,Dépendance,,0,,,,,,2.140261,48.808704
2023-1058335,2023-08-24,000001,Vente,365000,2,,RUE DU PARC DE CLAGNY,2171,78000,78646,Versailles,78,,,78646000AR0094,,,14,54.61,26,,30,,,,,,3,2,Appartement,56,3,,,,,,2.140261,48.808704
2023-1058340,2023-08-04,000001,Vente,603000,12,,AV DE PORCHEFONTAINE,2380,78000,78646,Versailles,78,,,78646000BK0021,,,739,,750,,,,,,,,2,2,Appartement,126,5,,,,,,2.152071,48.797176
2023-1058340,2023-08-04,000001,Vente,603000,12,,AV DE PORCHEFONTAINE,2380,78000,78646,Versailles,78,,,78646000BK0021,,,739,,750,,,,,,,,2,3,Dépendance,,0,,,,,,2.152071,48.797176
2023-1058340,2023-08-04,000001,Vente,603000,12,,AV DE PORCHEFONTAINE,2380,78000,78646,Versailles,78,,,78646000BK0021,,,1788,,,,,,,,,,1,3,Dépendance,,0,,,,,,2.152071,48.797176
2023-1058344,2023-07-27,000001,Vente,608200,2,,PAS DE LA CHARITE,0154,78000,78646,Versailles,78,,,78646000AI0317,,,8,,92,,,,,,,,2,2,Appartement,69,3,,,,,,2.133269,48.807902
2023-1058344,2023-07-27,000001,Vente,608200,1,,RUE RICHAUD,2610,78000,78646,Versailles,78,,,78646000AI0317,,,132,,,,,,,,,,1,3,Dépendance,,0,,,,,,2.133269,48.807902
2023-1058345,2023-06-26,000001,Vente,927350,11,,RUE MONSEIGNEUR GIBIER,1950,78000,78646,Versailles,78,,,78646000BW0189,,,29,,32,,,,,,,,2,3,Dépendance,,0,,,,,,2.122672,48.793832
2023-1058345,2023-06-26,000001,Vente,927350,11,,RUE MONSEIGNEUR GIBIER,1950,78000,78646,Versailles,78,,,78646000BW0189,,,29,,32,,,,,,,,2,2,Appartement,95,6,,,,,,2.122672,48.793832
2023-1058345,2023-06-26,000001,Vente,927350,11,,RUE MONSEIGNEUR GIBIER,1950,78000,78646,Versailles,78,,,78646000BW0189,,,30,,,,,,,,,,1,2,Appartement,39,3,,,,,,2.122672,48.793832
2023-1058345,2023-06-26,000001,Vente,927350,11,,RUE MONSEIGNEUR GIBIER,1950,78000,78646,Versailles,78,,,78646000BW0189,,,30,,,,,,,,,,1,3,Dépendance,,0,,,,,,2.122672,48.793832
2023-1058346,2023-08-22,000001,Vente,1165400,9,,RUE MONTBAURON,1970,78000,78646,Versailles,78,,,78646000AI0068,,,18,,6,,7,,,,,,3,3,Dépendance,,0,,,,,,2.134852,48.803438
2023-1058346,2023-08-22,000001,Vente,1165400,9,,RUE MONTBAURON,1970,78000,78646,Versailles,78,,,78646000AI0068,,,18,,6,,7,,,,,,3,2,Appartement,142,5,,,,,,2.134852,48.803438
2023-1058381,2023-08-02,000001,Vente,331000,9,,RUE DU GENERAL LECLERC,1145,78000,78646,Versailles,78,,,78646000AH0139,,,9,52.02,,,,,,,,,1,2,Appartement,42,3,,,,,,2.125589,48.799633
2023-1058381,2023-08-02,000001,Vente,331000,9,,RUE DU GENERAL LECLERC,1145,78000,78646,Versailles,78,,,78646000AH0139,,,9,52.02,,,,,,,,,1,3,Dépendance,,0,,,,,,2.125589,48.799633
2023-1058387,2023-08-03,000001,Vente,382590,4,,RUE DU VAUTRAIT,3120,78000,78646,Versailles,78,,,78646000BR0021,,,8,46.01,,,,,,,,,1,2,Appartement,44,1,,,,,,2.131796,48.799796
2023-1058389,2023-08-28,000001,Vente,470000,6,B,RUE COSTE,0730,78000,78646,Versailles,78,,,78646000BK0089,,,,,,,,,,,,,0,3,Dépendance,,0,S,sols,,,65,2.154603,48.795873
2023-1058389,2023-08-28,000001,Vente,470000,6,B,RUE COSTE,0730,78000,78646,Versailles,78,,,78646000BK0089,,,,,,,,,,,,,0,4,Local industriel. commercial ou assimilé,35,0,S,sols,,,65,2.154603,48.795873
2023-1058389,2023-08-28,000001,Vente,470000,6,B,RUE COSTE,0730,78000,78646,Versailles,78,,,78646000BK0089,,,,,,,,,,,,,0,2,Appartement,46,3,S,sols,,,65,2.154603,48.795873
2023-1058389,2023-08-28,000001,Vente,470000,6,B,RUE COSTE,0730,78000,78646,Versailles,78,,,78646000BK0089,,,,,,,,,,,,,0,3,Dépendance,,0,S,sols,,,65,2.154603,48.795873
2023-1058394,2023-08-23,000001,Vente,1706500,8,,IMP MAGENTA,1750,78000,78646,Versailles,78,,,78646000AK0100,,,,,,,,,,,,,0,3,Dépendance,,0,S,sols,,,254,2.138422,48.811186
2023-1058394,2023-08-23,000001,Vente,1706500,8,,IMP MAGENTA,1750,78000,78646,Versailles,78,,,78646000AK0100,,,,,,,,,,,,,0,1,Maison,130,6,S,sols,,,254,2.138422,48.811186
2023-1058461,2023-08-25,000001,Vente,425000,6,,RUE BAILLY,0280,78000,78646,Versailles,78,,,78646000AH0044,,,10,,9,,,,,,,,2,2,Appartement,68,3,,,,,,2.122652,48.80117
2023-1058461,2023-08-25,000001,Vente,425000,6,,RUE BAILLY,0280,78000,78646,Versailles,78,,,78646000AH0044,,,10,,9,,,,,,,,2,3,Dépendance,,0,,,,,,2.122652,48.80117
2023-1058461,2023-08-25,000001,Vente,425000,6,,RUE BAILLY,0280,78000,78646,Versailles,78,,,78646000AH0044,,,10,,9,,,,,,,,2,3,Dépendance,,0,,,,,,2.122652,48.80117
2023-1058463,2023-08-09,000001,Vente,85000,82,B,AV DE PARIS,2180,78000,78646,Versailles,78,,,78646000BN0166,,,1146,,,,,,,,,,1,3,Dépendance,,0,,,,,,2.145036,48.797427
2023-1058463,2023-08-09,000001,Vente,85000,82,B,AV DE PARIS,2180,78000,78646,Versailles,78,,,78646000BN0166,,,1031,,,,,,,,,,1,3,Dépendance,,0,,,,,,2.145036,48.797427
2023-1058463,2023-08-09,000001,Vente,85000,82,B,AV DE PARIS,2180,78000,78646,Versailles,78,,,78646000BN0166,,,1151,,,,,,,,,,1,3,Dépendance,,0,,,,,,2.145036,48.797427
2023-1058463,2023-08-09,000001,Vente,85000,82,B,AV DE PARIS,2180,78000,78646,Versailles,78,,,78646000BN0166,,,1139,,,,,,,,,,1,3,Dépendance,,0,,,,,,2.145036,48.797427
2023-1058463,2023-08-09,000001,Vente,85000,82,B,AV DE PARIS,2180,78000,78646,Versailles,78,,,78646000BN0166,,,1150,,,,,,,,,,1,3,Dépendance,,0,,,,,,2.145036,48.797427
2023-1058463,2023-08-09,000001,Vente,85000,82,B,AV DE PARIS,2180,78000,78646,Versailles,78,,,78646000BN0166,,,1143,,,,,,,,,,1,3,Dépendance,,0,,,,,,2.145036,48.797427
2023-1058463,2023-08-09,000001,Vente,85000,82,B,AV DE PARIS,2180,78000,78646,Versailles,78,,,78646000BN0166,,,1144,,,,,,,,,,1,3,Dépendance,,0,,,,,,2.145036,48.797427
2023-1058463,2023-08-09,000001,Vente,85000,82,B,AV DE PARIS,2180,78000,78646,Versailles,78,,,78646000BN0166,,,1145,,,,,,,,,,1,3,Dépendance,,0,,,,,,2.145036,48.797427
2023-1058463,2023-08-09,000001,Vente,85000,82,B,AV DE PARIS,2180,78000,78646,Versailles,78,,,78646000BN0166,,,1147,,,,,,,,,,1,3,Dépendance,,0,,,,,,2.145036,48.797427
2023-1058463,2023-08-09,000001,Vente,85000,82,B,AV DE PARIS,2180,78000,78646,Versailles,78,,,78646000BN0166,,,1152,,,,,,,,,,1,3,Dépendance,,0,,,,,,2.145036,48.797427
2023-1058484,2023-08-24,000001,Vente,500300,6,,ALL DES GARDES ROYALES,1136,78000,78646,Versailles,78,,,78646000AY0212,,,72,72.23,91,,,,,,,,2,3,Dépendance,,0,,,,,,2.151214,48.802177
2023-1058484,2023-08-24,000001,Vente,500300,2,,ALL DES GARDES ROYALES,1136,78000,78646,Versailles,78,,,78646000AY0212,,,1093,,,,,,,,,,1,3,Dépendance,,0,,,,,,2.151214,48.802177
2023-1058484,2023-08-24,000001,Vente,500300,6,,ALL DES GARDES ROYALES,1136,78000,78646,Versailles,78,,,78646000AY0212,,,72,72.23,91,,,,,,,,2,2,Appartement,70,3,,,,,,2.151214,48.802177
2023-1058484,2023-08-24,000001,Vente,500300,6,,ALL DES GARDES ROYALES,1136,78000,78646,Versailles,78,,,78646000AY0212,,,72,72.23,91,,,,,,,,2,3,Dépendance,,0,,,,,,2.151214,48.802177
2023-1058492,2023-08-22,000001,Vente,770000,24,,RUE LAFAYETTE,1580,78000,78646,Versailles,78,,,78646000AD0196,,,3,112.6,4,,,,,,,,2,3,Dépendance,,0,,,,,,2.128045,48.811927
2023-1058492,2023-08-22,000001,Vente,770000,24,,RUE LAFAYETTE,1580,78000,78646,Versailles,78,,,78646000AD0196,,,3,112.6,4,,,,,,,,2,3,Dépendance,,0,,,,,,2.128045,48.811927
2023-1058492,2023-08-22,000001,Vente,770000,24,,RUE LAFAYETTE,1580,78000,78646,Versailles,78,,,78646000AD0196,,,3,112.6,4,,,,,,,,2,2,Appartement,80,3,,,,,,2.128045,48.811927
2023-1058492,2023-08-22,000001,Vente,770000,27,,RUE BERTHIER,0370,78000,78646,Versailles,78,,,78646000AD0197,,,38,,,,,,,,,,1,3,Dépendance,,0,,,,,,2.12808,48.811819
2023-1058498,2023-08-29,000001,Vente,299420,24,,RUE JACQUES LEMERCIER,1420,78000,78646,Versailles,78,,,78646000AO0020,,,248,,,,,,,,,,1,3,Dépendance,,0,,,,,,2.150001,48.814605
2023-1058498,2023-08-29,000001,Vente,299420,24,,RUE JACQUES LEMERCIER,1420,78000,78646,Versailles,78,,,78646000AO0020,,,130,45.03,181,,,,,,,,2,3,Dépendance,,0,,,,,,2.150001,48.814605
2023-1058498,2023-08-29,000001,Vente,299420,24,,RUE JACQUES LEMERCIER,1420,78000,78646,Versailles,78,,,78646000AO0020,,,130,45.03,181,,,,,,,,2,2,Appartement,46,2,,,,,,2.150001,48.814605
2023-1058502,2023-08-23,000001,Vente,519400,28,,BD DE LESSEPS,1638,78000,78646,Versailles,78,,,78646000AX0484,,,14,,33,,,,,,,,2,3,Dépendance,,0,,,,,,2.147475,48.806773
2023-1058502,2023-08-23,000001,Vente,519400,14,,BD DE LA REPUBLIQUE,2570,78000,78646,Versailles,78,,,78646000AX0484,,,47,,,,,,,,,,1,3,Dépendance,,0,,,,,,2.147475,48.806773
2023-1058502,2023-08-23,000001,Vente,519400,28,,BD DE LESSEPS,1638,78000,78646,Versailles,78,,,78646000AX0484,,,14,,33,,,,,,,,2,2,Appartement,59,2,,,,,,2.147475,48.806773
2023-1058502,2023-08-23,000001,Vente,519400,28,,BD DE LESSEPS,1638,78000,78646,Versailles,78,,,78646000AX0484,,,14,,33,,,,,,,,2,3,Dépendance,,0,,,,,,2.147475,48.806773
2023-1058514,2023-08-29,000001,Vente,107650,16,,AV DE PARIS,2180,78000,78646,Versailles,78,,,78646000BR0032,,,26,,,,,,,,,,1,2,Appartement,16,1,,,,,,2.132753,48.800834
2023-1058524,2023-08-04,000001,Vente,495000,28,,RUE HENRI SIMON,1330,78000,78646,Versailles,78,,,78646000AW0006,,,1163,,1164,,,,,,,,2,3,Dépendance,,0,,,,,,2.15013,48.808121
2023-1058524,2023-08-04,000001,Vente,495000,28,,RUE HENRI SIMON,1330,78000,78646,Versailles,78,,,78646000AW0006,,,417,,451,,,,,,,,2,3,Dépendance,,0,,,,,,2.15013,48.808121
2023-1058524,2023-08-04,000001,Vente,495000,28,,RUE HENRI SIMON,1330,78000,78646,Versailles,78,,,78646000AW0006,,,417,,451,,,,,,,,2,2,Appartement,82,3,,,,,,2.15013,48.808121
2023-1058543,2023-08-29,000001,Vente,205000,3,,RUE DES DEUX PORTES,0780,78000,78646,Versailles,78,,,78646000AE0258,,,10,21.06,17,,,,,,,,2,3,Dépendance,,0,,,,,,2.130349,48.805721
2023-1058543,2023-08-29,000001,Vente,205000,3,,RUE DES DEUX PORTES,0780,78000,78646,Versailles,78,,,78646000AE0258,,,10,21.06,17,,,,,,,,2,2,Appartement,12,2,,,,,,2.130349,48.805721
2023-1058608,2023-08-04,000001,Vente,400000,1,,RUE D ARTOIS,0210,78000,78646,Versailles,78,,,78646000AX0341,,,12,81.01,,,,,,,,,1,3,Dépendance,,0,,,,,,2.144451,48.804056
2023-1058608,2023-08-04,000001,Vente,400000,1,,RUE D ARTOIS,0210,78000,78646,Versailles,78,,,78646000AX0341,,,12,81.01,,,,,,,,,1,2,Appartement,90,3,,,,,,2.144451,48.804056
2023-1058636,2023-08-02,000001,Vente,4457316.5,17,,AV DU GENERAL MANGIN,1165,78000,78646,Versailles,78,,,78646000AL0060,,,,,,,,,,,,,0,4,Local industriel. commercial ou assimilé,3620,0,S,sols,,,6243,2.139337,48.813875
2023-1058636,2023-08-02,000001,Vente,4457316.5,17,,AV DU GENERAL MANGIN,1165,78000,78646,Versailles,78,,,78646000AL0060,,,,,,,,,,,,,0,4,Local industriel. commercial ou assimilé,1521,0,S,sols,,,6243,2.139337,48.813875
2023-1058638,2023-08-09,000001,Vente,565000,12,,ALL DES GARDES ROYALES,1136,78000,78646,Versailles,78,,,78646000AY0212,,,395,106.28,420,,,,,,,,2,2,Appartement,104,5,,,,,,2.151214,48.802177
2023-1058638,2023-08-09,000001,Vente,565000,12,,ALL DES GARDES ROYALES,1136,78000,78646,Versailles,78,,,78646000AY0212,,,395,106.28,420,,,,,,,,2,3,Dépendance,,0,,,,,,2.151214,48.802177
2023-1058638,2023-08-09,000001,Vente,565000,2,,ALL DES GARDES ROYALES,1136,78000,78646,Versailles,78,,,78646000AY0212,,,1188,,,,,,,,,,1,3,Dépendance,,0,,,,,,2.151214,48.802177
2023-1058638,2023-08-09,000001,Vente,565000,12,,ALL DES GARDES ROYALES,1136,78000,78646,Versailles,78,,,78646000AY0212,,,395,106.28,420,,,,,,,,2,3,Dépendance,,0,,,,,,2.151214,48.802177
2023-1058643,2023-08-31,000001,Vente,700000,3,,RUE DUCIS,0820,78000,78646,Versailles,78,,,78646000AE0269,,,1,,4,,,,,,,,2,4,Local industriel. commercial ou assimilé,77,0,,,,,,2.130833,48.806465
2023-1058643,2023-08-31,000001,Vente,700000,5,,RUE DUCIS,0820,78000,78646,Versailles,78,,,78646000AE0269,,,24,,,,,,,,,,1,4,Local industriel. commercial ou assimilé,40,0,,,,,,2.130833,48.806465
2023-1058643,2023-08-31,000001,Vente,700000,3,,RUE DUCIS,0820,78000,78646,Versailles,78,,,78646000AE0269,,,1,,3,,4,,,,,,3,4,Local industriel. commercial ou assimilé,141,0,,,,,,2.130833,48.806465
2023-1058658,2023-08-17,000001,Vente,1363800,9,,PL HOCHE,1340,78000,78646,Versailles,78,,,78646000AE0222,,,105,,21,,5,150.69,7,,,,4,3,Dépendance,,0,,,,,,2.128824,48.806241
2023-1058658,2023-08-17,000001,Vente,1363800,9,,PL HOCHE,1340,78000,78646,Versailles,78,,,78646000AE0222,,,105,,21,,5,150.69,7,,,,4,2,Appartement,147,7,,,,,,2.128824,48.806241
2023-1058699,2023-09-01,000001,Vente,293000,15,,RUE DU MAL FOCH,1810,78000,78646,Versailles,78,,,78646000AE0286,,,33,41.79,56,,,,,,,,2,3,Dépendance,,0,,,,,,2.131178,48.805884
2023-1058699,2023-09-01,000001,Vente,293000,15,,RUE DU MAL FOCH,1810,78000,78646,Versailles,78,,,78646000AE0286,,,33,41.79,56,,,,,,,,2,2,Appartement,47,2,,,,,,2.131178,48.805884
2023-1058708,2023-08-31,000001,Vente,809100,17,,AV DE LA MAYE,1875,78000,78646,Versailles,78,,,78646000AL0139,,,112,,,,,,,,,,1,3,Dépendance,,0,,,,,,2.138843,48.817098
2023-1058708,2023-08-31,000001,Vente,809100,17,,AV DE LA MAYE,1875,78000,78646,Versailles,78,,,78646000AL0139,,,2,125.11,58,,,,,,,,2,3,Dépendance,,0,,,,,,2.138843,48.817098
2023-1058708,2023-08-31,000001,Vente,809100,17,,AV DE LA MAYE,1875,78000,78646,Versailles,78,,,78646000AL0139,,,2,125.11,58,,,,,,,,2,2,Appartement,124,5,,,,,,2.138843,48.817098
2023-1058718,2023-08-30,000001,Vente,439000,1,,RUE DUCIS,0820,78000,78646,Versailles,78,,,78646000AE0268,,,10,68.72,9,68.72,,,,,,,2,3,Dépendance,,0,,,,,,2.130719,48.806373
2023-1058718,2023-08-30,000001,Vente,439000,1,,RUE DUCIS,0820,78000,78646,Versailles,78,,,78646000AE0268,,,10,68.72,9,68.72,,,,,,,2,2,Appartement,77,3,,,,,,2.130719,48.806373
2023-1058720,2023-08-29,000001,Vente,690000,10,,RUE DE FONTENAY,1050,78000,78646,Versailles,78,,,78646000AH0078,,,11,82.89,,,,,,,,,1,3,Dépendance,,0,,,,,,2.125082,48.801107
2023-1058720,2023-08-29,000001,Vente,690000,10,,RUE DE FONTENAY,1050,78000,78646,Versailles,78,,,78646000AH0078,,,11,82.89,,,,,,,,,1,2,Appartement,79,3,,,,,,2.125082,48.801107
2023-1058720,2023-08-29,000001,Vente,690000,10,,RUE DE FONTENAY,1050,78000,78646,Versailles,78,,,78646000AH0078,,,11,82.89,,,,,,,,,1,3,Dépendance,,0,,,,,,2.125082,48.801107
2023-1058730,2023-08-28,000001,Vente,251900,31,,RUE VICTOR BART,3160,78000,78646,Versailles,78,,,78646000AS0102,,,11,,,,,,,,,,1,3,Dépendance,,0,,,,,,2.146205,48.809265
2023-1058730,2023-08-28,000001,Vente,251900,31,,RUE VICTOR BART,3160,78000,78646,Versailles,78,,,78646000AS0102,,,2,,,,,,,,,,1,2,Appartement,24,2,,,,,,2.146205,48.809265
2023-1058734,2023-08-31,000001,Vente,455000,29,B,RUE ALBERT JOLY,0050,78000,78646,Versailles,78,,,78646000AK0084,,,,,,,,,,,,,0,1,Maison,67,3,S,sols,,,59,2.139859,48.810308
2023-1058753,2023-08-28,000001,Vente,471750,5,,RUE DE L ECOLE DES POSTES,0850,78000,78646,Versailles,78,,,78646000AZ0110,,,3573,,,,,,,,,,1,3,Dépendance,,0,,,,,,2.158672,48.8041
2023-1058753,2023-08-28,000001,Vente,471750,30,,PROM MONA LISA,1965,78000,78646,Versailles,78,,,78646000AZ0110,,,2071,100.12,,,,,,,,,1,3,Dépendance,,0,,,,,,2.158672,48.8041
2023-1058753,2023-08-28,000001,Vente,471750,30,,PROM MONA LISA,1965,78000,78646,Versailles,78,,,78646000AZ0110,,,2071,100.12,,,,,,,,,1,2,Appartement,102,4,,,,,,2.158672,48.8041
2023-1058759,2023-08-30,000001,Vente,240000,9,,PL ALEXANDRE 1E LOUIS BARTHOU,0100,78000,78646,Versailles,78,,,78646000AX0489,,,23,,297,,,,,,,,2,3,Dépendance,,0,,,,,,2.140761,48.806449
2023-1058759,2023-08-30,000001,Vente,240000,9,,PL ALEXANDRE 1E LOUIS BARTHOU,0100,78000,78646,Versailles,78,,,78646000AX0489,,,23,,297,,,,,,,,2,2,Appartement,29,1,,,,,,2.140761,48.806449
2023-1058770,2023-08-25,000001,Vente,80000,6,,RUE ROYALE,2648,78000,78646,Versailles,78,,,78646000BV0088,,,55,,,,,,,,,,1,2,Appartement,150,6,,,,,,2.126821,48.798577
2023-1058770,2023-08-25,000001,Vente,80000,6,,RUE ROYALE,2648,78000,78646,Versailles,78,,,78646000BV0088,,,55,,,,,,,,,,1,3,Dépendance,,0,,,,,,2.126821,48.798577
2023-1058802,2023-08-21,000001,Vente,426000,57,,RUE EXELMANS,1020,78000,78646,Versailles,78,,,78646000AC0262,,,310,75.86,370,,,,,,,,2,2,Appartement,76,3,,,,,,2.126785,48.814611
2023-1058802,2023-08-21,000001,Vente,426000,57,,RUE EXELMANS,1020,78000,78646,Versailles,78,,,78646000AC0262,,,310,75.86,370,,,,,,,,2,3,Dépendance,,0,,,,,,2.126785,48.814611
2023-1058802,2023-08-21,000001,Vente,426000,57,,RUE EXELMANS,1020,78000,78646,Versailles,78,,,78646000AC0262,,,403,,,,,,,,,,1,3,Dépendance,,0,,,,,,2.126785,48.814611
2023-1058819,2023-08-29,000001,Vente,930300,65,,BD DE LA REINE,2520,78000,78646,Versailles,78,,,78646000AD0070,,,53,94.19,86,,,,,,,,2,2,Appartement,94,4,,,,,,2.130472,48.809642
2023-1058819,2023-08-29,000001,Vente,930300,65,,BD DE LA REINE,2520,78000,78646,Versailles,78,,,78646000AD0070,,,53,94.19,86,,,,,,,,2,3,Dépendance,,0,,,,,,2.130472,48.809642
2023-1058821,2023-08-23,000001,Vente,470000,64,,RUE DES CHANTIERS,0530,78000,78646,Versailles,78,,,78646000BL0326,,,289,,,,,,,,,,1,3,Dépendance,,0,,,,,,2.143523,48.792624
2023-1058821,2023-08-23,000001,Vente,470000,64,,RUE DES CHANTIERS,0530,78000,78646,Versailles,78,,,78646000BL0326,,,127,85.5,540,,,,,,,,2,2,Appartement,84,3,,,,,,2.143523,48.792624
2023-1058821,2023-08-23,000001,Vente,470000,64,,RUE DES CHANTIERS,0530,78000,78646,Versailles,78,,,78646000BL0326,,,127,85.5,540,,,,,,,,2,3,Dépendance,,0,,,,,,2.143523,48.792624
2023-1058833,2023-08-28,000001,Vente,320000,10,,RUE EDOUARD LEFEBVRE,0910,78000,78646,Versailles,78,,,78646000BR0147,,,66,,,,,,,,,,1,3,Dépendance,,0,,,,,,2.132117,48.798291
2023-1058833,2023-08-28,000001,Vente,320000,10,,RUE EDOUARD LEFEBVRE,0910,78000,78646,Versailles,78,,,78646000BR0147,,,19,,42,,,,,,,,2,2,Appartement,48,2,,,,,,2.132117,48.798291
2023-1058833,2023-08-28,000001,Vente,320000,10,,RUE EDOUARD LEFEBVRE,0910,78000,78646,Versailles,78,,,78646000BR0147,,,19,,42,,,,,,,,2,3,Dépendance,,0,,,,,,2.132117,48.798291
2023-1058870,2023-09-05,000001,Vente,1708900,35,B,RUE DU MARECHAL GALLIENI,1812,78000,78646,Versailles,78,,,78646000AC0315,,,105,174.32,,,,,,,,,1,1,Maison,177,5,,,,,,2.123552,48.81207
2023-1058870,2023-09-05,000001,Vente,1708900,35,B,RUE DU MARECHAL GALLIENI,1812,78000,78646,Versailles,78,,,78646000AC0315,,,278,,,,,,,,,,1,3,Dépendance,,0,,,,,,2.123552,48.81207
2023-1058870,2023-09-05,000001,Vente,1708900,35,B,RUE DU MARECHAL GALLIENI,1812,78000,78646,Versailles,78,,,78646000AC0315,,,287,,,,,,,,,,1,3,Dépendance,,0,,,,,,2.123552,48.81207
2023-1058907,2023-08-10,000001,Vente,178000,32,,RUE HENRI SIMON,1330,78000,78646,Versailles,78,,,78646000AW0006,,,34,29.03,,,,,,,,,1,2,Appartement,29,1,,,,,,2.15013,48.808121
2023-1058907,2023-08-10,000001,Vente,178000,32,,RUE HENRI SIMON,1330,78000,78646,Versailles,78,,,78646000AW0006,,,1320,,,,,,,,,,1,3,Dépendance,,0,,,,,,2.15013,48.808121
2023-1058927,2023-08-30,000001,Vente en l'état futur d'achèvement,329000,,,LA SABLIERE,B029,78000,78646,Versailles,78,,,78646000BY0108,,,466,,,,,,,,,,1,,,,,,,,,,2.079319,48.802074
2023-1058927,2023-08-30,000001,Vente en l'état futur d'achèvement,329000,,,LA SABLIERE,B029,78000,78646,Versailles,78,,,78646000BY0108,,,308,,,,,,,,,,1,,,,,,,,,,2.079319,48.802074
2023-1058938,2023-09-06,000001,Vente,389750,25,,RUE MONTEBELLO,1980,78000,78646,Versailles,78,,,78646000AK0018,,,144,51.6,30,,,,,,,,2,3,Dépendance,,0,,,,,,2.138525,48.812549
2023-1058938,2023-09-06,000001,Vente,389750,25,,RUE MONTEBELLO,1980,78000,78646,Versailles,78,,,78646000AK0018,,,92,,,,,,,,,,1,3,Dépendance,,0,,,,,,2.138525,48.812549
2023-1058938,2023-09-06,000001,Vente,389750,25,,RUE MONTEBELLO,1980,78000,78646,Versailles,78,,,78646000AK0018,,,144,51.6,30,,,,,,,,2,2,Appartement,54,2,,,,,,2.138525,48.812549
2023-1058939,2023-08-23,000001,Vente,110000,11,,RUE DES RECOLLETS,2500,78000,78646,Versailles,78,,,78646000AH0054,,,19,15.39,,,,,,,,,1,2,Appartement,30,1,,,,,,2.122255,48.801765
2023-1058950,2023-09-05,000001,Vente,230000,8,,RUE SAINTE FAMILLE,2740,78000,78646,Versailles,78,,,78646000BT0123,,,1,,16,33.2,2,,,,,,3,3,Dépendance,,0,,,,,,2.126317,48.796139
2023-1058950,2023-09-05,000001,Vente,230000,8,,RUE SAINTE FAMILLE,2740,78000,78646,Versailles,78,,,78646000BT0123,,,1,,16,33.2,2,,,,,,3,2,Appartement,34,2,,,,,,2.126317,48.796139
2023-1058951,2023-09-04,000001,Vente,622500,48,,AV DE SCEAUX,2980,78000,78646,Versailles,78,,,78646000BT0064,,,15,,4,86.19,,,,,,,2,3,Dépendance,,0,,,,,,2.130533,48.796717
2023-1058951,2023-09-04,000001,Vente,622500,48,,AV DE SCEAUX,2980,78000,78646,Versailles,78,,,78646000BT0064,,,15,,4,86.19,,,,,,,2,3,Dépendance,,0,,,,,,2.130533,48.796717
2023-1058951,2023-09-04,000001,Vente,622500,48,,AV DE SCEAUX,2980,78000,78646,Versailles,78,,,78646000BT0064,,,15,,4,86.19,,,,,,,2,2,Appartement,87,3,,,,,,2.130533,48.796717
2023-1058951,2023-09-04,000001,Vente,622500,48,,AV DE SCEAUX,2980,78000,78646,Versailles,78,,,78646000BT0064,,,9,,,,,,,,,,1,3,Dépendance,,0,,,,,,2.130533,48.796717
2023-1058953,2023-09-07,000001,Vente,522500,82,B,AV DE PARIS,2180,78000,78646,Versailles,78,,,78646000BN0166,,,322,81.62,342,,,,,,,,2,3,Dépendance,,0,,,,,,2.145036,48.797427
2023-1058953,2023-09-07,000001,Vente,522500,82,B,AV DE PARIS,2180,78000,78646,Versailles,78,,,78646000BN0166,,,468,,,,,,,,,,1,3,Dépendance,,0,,,,,,2.145036,48.797427
2023-1058953,2023-09-07,000001,Vente,522500,82,B,AV DE PARIS,2180,78000,78646,Versailles,78,,,78646000BN0166,,,322,81.62,342,,,,,,,,2,3,Dépendance,,0,,,,,,2.145036,48.797427
2023-1058953,2023-09-07,000001,Vente,522500,82,B,AV DE PARIS,2180,78000,78646,Versailles,78,,,78646000BN0166,,,322,81.62,342,,,,,,,,2,2,Appartement,81,4,,,,,,2.145036,48.797427
2023-1058991,2023-09-05,000001,Vente,223200,5,,RUE DE NOAILLES,2050,78000,78646,Versailles,78,,,78646000BR0086,,,30,,79,,,,,,,,2,2,Appartement,36,2,,,,,,2.136115,48.799599
2023-1058992,2023-09-06,000001,Vente,1097697.4,9,,RUE PLOIX,2350,78000,78646,Versailles,78,,,78646000BL0012,,,,,,,,,,,,,0,1,Maison,86,5,S,sols,,,252,2.143351,48.794174
2023-1059020,2023-09-07,000001,Vente,34500,17,,RUE MONTBAURON,1970,78000,78646,Versailles,78,,,78646000AI0073,,,66,13.7,,,,,,,,,1,4,Local industriel. commercial ou assimilé,15,0,,,,,,2.13529,48.804268
2023-1059046,2023-08-30,000001,Vente,1930200,20,,RUE BORGNIS DESBORDES,0395,78000,78646,Versailles,78,,,78646000BW0139,,,,,,,,,,,,,0,1,Maison,170,7,S,sols,,,323,2.127523,48.793554
2023-1059062,2023-09-06,000001,Vente,463000,52,,AV DE VILLENEUVE L ETANG,3200,78000,78646,Versailles,78,,,78646000AO0195,,,1404,63.3,1801,,,,,,,,2,2,Appartement,63,3,,,,,,2.148734,48.818785
2023-1059062,2023-09-06,000001,Vente,463000,52,,AV DE VILLENEUVE L ETANG,3200,78000,78646,Versailles,78,,,78646000AO0195,,,1618,,,,,,,,,,1,3,Dépendance,,0,,,,,,2.148734,48.818785
2023-1059077,2023-09-08,000001,Vente en l'état futur d'achèvement,999000,104,,AV DE PARIS,2180,78000,78646,Versailles,78,,,78646000BK0019,,,38,,,,,,,,,,1,2,Appartement,105,5,,,,,,2.150393,48.797197
2023-1059077,2023-09-08,000001,Vente en l'état futur d'achèvement,999000,104,,AV DE PARIS,2180,78000,78646,Versailles,78,,,78646000BK0019,,,92,,,,,,,,,,1,3,Dépendance,,0,,,,,,2.150393,48.797197
2023-1059077,2023-09-08,000001,Vente en l'état futur d'achèvement,999000,104,,AV DE PARIS,2180,78000,78646,Versailles,78,,,78646000BK0019,,,93,,,,,,,,,,1,3,Dépendance,,0,,,,,,2.150393,48.797197
2023-1059080,2023-09-01,000001,Vente,2307500,33,,AV DU MAL DOUGLAS HAIG,1795,78000,78646,Versailles,78,,,78646000AM0252,,,,,,,,,,,,,0,3,Dépendance,,0,S,sols,,,724,2.145453,48.820847
2023-1059080,2023-09-01,000001,Vente,2307500,33,,AV DU MAL DOUGLAS HAIG,1795,78000,78646,Versailles,78,,,78646000AM0252,,,,,,,,,,,,,0,1,Maison,202,9,AG,terrains d'agrément,,,724,2.145453,48.820847
2023-1059080,2023-09-01,000001,Vente,2307500,33,,AV DU MAL DOUGLAS HAIG,1795,78000,78646,Versailles,78,,,78646000AM0252,,,,,,,,,,,,,0,3,Dépendance,,0,AG,terrains d'agrément,,,724,2.145453,48.820847
2023-1059080,2023-09-01,000001,Vente,2307500,33,,AV DU MAL DOUGLAS HAIG,1795,78000,78646,Versailles,78,,,78646000AM0252,,,,,,,,,,,,,0,1,Maison,202,9,S,sols,,,724,2.145453,48.820847
2023-1059097,2023-09-07,000001,Vente,128830,65,,AV DE SAINT CLOUD,2730,78000,78646,Versailles,78,,,78646000AI0153,,,2,,5,,,,,,,,2,3,Dépendance,,0,,,,,,2.13477,48.805622
2023-1059097,2023-09-07,000001,Vente,128830,65,,AV DE SAINT CLOUD,2730,78000,78646,Versailles,78,,,78646000AI0153,,,2,,5,,,,,,,,2,3,Dépendance,,0,,,,,,2.13477,48.805622
2023-1059136,2023-09-01,000001,Vente,599000,82,B,AV DE PARIS,2180,78000,78646,Versailles,78,,,78646000BN0166,,,407,,441,,,,,,,,2,2,Appartement,93,5,,,,,,2.145036,48.797427
2023-1059136,2023-09-01,000001,Vente,599000,82,B,AV DE PARIS,2180,78000,78646,Versailles,78,,,78646000BN0166,,,407,,441,,,,,,,,2,3,Dépendance,,0,,,,,,2.145036,48.797427
2023-1059136,2023-09-01,000001,Vente,599000,82,B,AV DE PARIS,2180,78000,78646,Versailles,78,,,78646000BN0166,,,407,,441,,,,,,,,2,3,Dépendance,,0,,,,,,2.145036,48.797427
2023-1059136,2023-09-01,000001,Vente,599000,82,B,AV DE PARIS,2180,78000,78646,Versailles,78,,,78646000BN0166,,,455,,,,,,,,,,1,3,Dépendance,,0,,,,,,2.145036,48.797427
2023-1059141,2023-09-08,000001,Vente,453000,3,,RUE SAINTE SOPHIE,2890,78000,78646,Versailles,78,,,78646000AD0088,,,13,,41,69.45,,,,,,,2,3,Dépendance,,0,,,,,,2.132176,48.809655
2023-1059141,2023-09-08,000001,Vente,453000,3,,RUE SAINTE SOPHIE,2890,78000,78646,Versailles,78,,,78646000AD0088,,,13,,41,69.45,,,,,,,2,2,Appartement,196,6,,,,,,2.132176,48.809655
2023-1059147,2023-09-12,000001,Vente,351000,6,,ALL LA BRUYERE,1557,78000,78646,Versailles,78,,,78646000AO0205,,,1418,50.03,1618,,,,,,,,2,2,Appartement,50,2,,,,,,2.146857,48.813978
2023-1059147,2023-09-12,000001,Vente,351000,6,,ALL LA BRUYERE,1557,78000,78646,Versailles,78,,,78646000AO0205,,,1418,50.03,1618,,,,,,,,2,3,Dépendance,,0,,,,,,2.146857,48.813978
2023-1059147,2023-09-12,000001,Vente,351000,1,,ALL LA BRUYERE,1557,78000,78646,Versailles,78,,,78646000AO0205,,,1718,,,,,,,,,,1,3,Dépendance,,0,,,,,,2.146857,48.813978
2023-1059147,2023-09-12,000001,Vente,351000,6,,ALL LA BRUYERE,1557,78000,78646,Versailles,78,,,78646000AO0205,,,1418,50.03,1618,,,,,,,,2,3,Dépendance,,0,,,,,,2.146857,48.813978
2023-1059150,2023-09-11,000001,Vente,210000,1,,PL ST SYMPHORIEN,2912,78000,78646,Versailles,78,,,78646000AX0357,,,3,26.62,,,,,,,,,1,2,Appartement,27,1,,,,,,2.145708,48.804238
2023-1059165,2023-09-08,000001,Vente,417500,12,,AV DE PORCHEFONTAINE,2380,78000,78646,Versailles,78,,,78646000BK0021,,,908,,919,74.7,,,,,,,2,2,Appartement,76,3,,,,,,2.152071,48.797176
2023-1059165,2023-09-08,000001,Vente,417500,12,,AV DE PORCHEFONTAINE,2380,78000,78646,Versailles,78,,,78646000BK0021,,,908,,919,74.7,,,,,,,2,3,Dépendance,,0,,,,,,2.152071,48.797176
2023-1059165,2023-09-08,000001,Vente,417500,12,,AV DE PORCHEFONTAINE,2380,78000,78646,Versailles,78,,,78646000BK0021,,,1847,,,,,,,,,,1,3,Dépendance,,0,,,,,,2.152071,48.797176
2023-1059165,2023-09-08,000001,Vente,417500,12,,AV DE PORCHEFONTAINE,2380,78000,78646,Versailles,78,,,78646000BK0021,,,1431,,,,,,,,,,1,3,Dépendance,,0,,,,,,2.152071,48.797176
2023-1059170,2023-09-01,000001,Vente,150000,29,,RUE LAFAYETTE,1580,78000,78646,Versailles,78,,,78646000AD0220,,,109,21.03,84,,,,,,,,2,3,Dépendance,,0,,,,,,2.128157,48.81239
2023-1059170,2023-09-01,000001,Vente,150000,29,,RUE LAFAYETTE,1580,78000,78646,Versailles,78,,,78646000AD0220,,,109,21.03,84,,,,,,,,2,2,Appartement,25,1,,,,,,2.128157,48.81239
2023-1059198,2023-09-08,000001,Vente,182546,29,T,RUE DE L ERMITAGE,0940,78000,78646,Versailles,78,,,78646000AC0339,,,97,,,,,,,,,,1,3,Dépendance,,0,,,,,,2.122367,48.815366
2023-1059198,2023-09-08,000001,Vente,182546,29,T,RUE DE L ERMITAGE,0940,78000,78646,Versailles,78,,,78646000AC0339,,,36,24.12,74,,,,,,,,2,2,Appartement,23,1,,,,,,2.122367,48.815366
2023-1059201,2023-09-07,000001,Vente en l'état futur d'achèvement,850000,,,LA SABLIERE,B029,78000,78646,Versailles,78,,,78646000BY0110,,,209,,,,,,,,,,1,,,,,,,,,,2.078228,48.802624
2023-1059201,2023-09-07,000001,Vente en l'état futur d'achèvement,850000,,,LA SABLIERE,B029,78000,78646,Versailles,78,,,78646000BY0110,,,210,,,,,,,,,,1,,,,,,,,,,2.078228,48.802624
2023-1059209,2023-08-30,000001,Vente,241000,13,,RUE DU GENERAL PERSHING,1170,78000,78646,Versailles,78,,,78646000AO0068,,,20,46.76,,,,,,,,,1,3,Dépendance,,0,,,,,,2.148928,48.817113
2023-1059209,2023-08-30,000001,Vente,241000,13,,RUE DU GENERAL PERSHING,1170,78000,78646,Versailles,78,,,78646000AO0068,,,20,46.76,,,,,,,,,1,2,Appartement,47,2,,,,,,2.148928,48.817113
2023-1059209,2023-08-30,000001,Vente,241000,13,,RUE DU GENERAL PERSHING,1170,78000,78646,Versailles,78,,,78646000AO0068,,,284,,,,,,,,,,1,3,Dépendance,,0,,,,,,2.148928,48.817113
2023-1059227,2023-09-04,000001,Vente,1250000,5,,RUE DE SATORY,2950,78000,78646,Versailles,78,,,78646000AH0150,,,,,,,,,,,,,0,4,Local industriel. commercial ou assimilé,25,0,S,sols,,,43,2.125431,48.800867
2023-1059227,2023-09-04,000001,Vente,1250000,5,,RUE DE SATORY,2950,78000,78646,Versailles,78,,,78646000AH0150,,,,,,,,,,,,,0,1,Maison,160,5,S,sols,,,43,2.125431,48.800867
2023-1059265,2023-09-11,000001,Vente,205000,7,,RUE DE SAVOIE,2970,78000,78646,Versailles,78,,,78646000AC0201,,,1,26.22,11,,,,,,,,2,2,Appartement,24,1,,,,,,2.125058,48.811492
2023-1059265,2023-09-11,000001,Vente,205000,7,,RUE DE SAVOIE,2970,78000,78646,Versailles,78,,,78646000AC0201,,,1,26.22,11,,,,,,,,2,3,Dépendance,,0,,,,,,2.125058,48.811492
2023-1059284,2023-09-12,000001,Vente,1060000,7,B,RUE DE LA PAROISSE,2190,78000,78646,Versailles,78,,,78646000AE0158,,,4,123.59,,,,,,,,,1,3,Dépendance,,0,,,,,,2.126222,48.808437
2023-1059284,2023-09-12,000001,Vente,1060000,7,B,RUE DE LA PAROISSE,2190,78000,78646,Versailles,78,,,78646000AE0158,,,4,123.59,,,,,,,,,1,2,Appartement,128,4,,,,,,2.126222,48.808437
2023-1059313,2023-09-08,000001,Vente,205000,28,,RUE DES CHANTIERS,0530,78000,78646,Versailles,78,,,78646000BS0089,,,10,,3,35.48,9,,,,,,3,3,Dépendance,,0,,,,,,2.138182,48.795812
2023-1059313,2023-09-08,000001,Vente,205000,28,,RUE DES CHANTIERS,0530,78000,78646,Versailles,78,,,78646000BS0089,,,10,,3,35.48,9,,,,,,3,2,Appartement,36,3,,,,,,2.138182,48.795812
2023-1059337,2023-09-11,000001,Vente en l'état futur d'achèvement,1064000,104,,AV DE PARIS,2180,78000,78646,Versailles,78,,,78646000BK0019,,,41,,,,,,,,,,1,2,Appartement,108,4,,,,,,2.150393,48.797197
2023-1059337,2023-09-11,000001,Vente en l'état futur d'achèvement,1064000,104,,AV DE PARIS,2180,78000,78646,Versailles,78,,,78646000BK0019,,,78,,,,,,,,,,1,3,Dépendance,,0,,,,,,2.150393,48.797197
2023-1059337,2023-09-11,000001,Vente en l'état futur d'achèvement,1064000,104,,AV DE PARIS,2180,78000,78646,Versailles,78,,,78646000BK0019,,,63,,,,,,,,,,1,3,Dépendance,,0,,,,,,2.150393,48.797197
2023-1059437,2023-08-31,000001,Vente,415000,50,,RUE D ANJOU,0190,78000,78646,Versailles,78,,,78646000BT0113,,,1,56.81,,,,,,,,,1,2,Appartement,32,2,,,,,,2.126504,48.796767
2023-1059437,2023-08-31,000001,Vente,415000,50,,RUE D ANJOU,0190,78000,78646,Versailles,78,,,78646000BT0113,,,1,56.81,,,,,,,,,1,4,Local industriel. commercial ou assimilé,20,0,,,,,,2.126504,48.796767
2023-1059446,2023-09-13,000001,Vente,238000,105,B,BD DE LA REINE,2520,78000,78646,Versailles,78,,,78646000AK0199,,,28,30.56,34,,,,,,,,2,3,Dépendance,,0,,,,,,2.137251,48.808977
2023-1059446,2023-09-13,000001,Vente,238000,105,B,BD DE LA REINE,2520,78000,78646,Versailles,78,,,78646000AK0199,,,28,30.56,34,,,,,,,,2,2,Appartement,32,2,,,,,,2.137251,48.808977
2023-1059452,2023-09-13,000001,Vente,436840,2,B,RUE JEAN HOUDON,1440,78000,78646,Versailles,78,,,78646000AI0023,,,26,,32,,9,57.57,,,,,3,3,Dépendance,,0,,,,,,2.134025,48.802223
2023-1059452,2023-09-13,000001,Vente,436840,2,B,RUE JEAN HOUDON,1440,78000,78646,Versailles,78,,,78646000AI0023,,,26,,32,,9,57.57,,,,,3,3,Dépendance,,0,,,,,,2.134025,48.802223
2023-1059452,2023-09-13,000001,Vente,436840,2,B,RUE JEAN HOUDON,1440,78000,78646,Versailles,78,,,78646000AI0023,,,26,,32,,9,57.57,,,,,3,2,Appartement,56,3,,,,,,2.134025,48.802223
2023-1059495,2023-08-21,000001,Vente,142000,46,,RUE DE LA PAROISSE,2190,78000,78646,Versailles,78,,,78646000AE0213,,,29,,,,,,,,,,1,2,Appartement,18,1,,,,,,2.129271,48.807065
2023-1059498,2023-09-04,000001,Vente,312500,7,,BD JEUX OLYMPIQUES,1495,78000,78646,Versailles,78,,,78646000AZ0110,,,890,,998,62.29,,,,,,,2,3,Dépendance,,0,,,,,,2.158672,48.8041
2023-1059498,2023-09-04,000001,Vente,312500,5,,RUE DE L ECOLE DES POSTES,0850,78000,78646,Versailles,78,,,78646000AZ0110,,,3466,,,,,,,,,,1,3,Dépendance,,0,,,,,,2.158672,48.8041
2023-1059498,2023-09-04,000001,Vente,312500,7,,BD JEUX OLYMPIQUES,1495,78000,78646,Versailles,78,,,78646000AZ0110,,,890,,998,62.29,,,,,,,2,2,Appartement,63,2,,,,,,2.158672,48.8041
2023-1059506,2023-08-21,000001,Vente,1708500,26,,BD DE LA PORTE VERTE,2410,78000,78646,Versailles,78,,,78646000AO0083,,,,,,,,,,,,,0,1,Maison,183,7,S,sols,,,536,2.146671,48.819298
2023-1059522,2023-09-14,000001,Vente,150000,16,,RUE CHAMP LAGARDE,0490,78000,78646,Versailles,78,,,78646000BO0080,,,5,28.1,,,,,,,,,1,4,Local industriel. commercial ou assimilé,28,0,,,,,,2.142868,48.800426
2023-1059532,2023-09-14,000001,Vente,88000,3,,RUE DE LIMOGES,1660,78000,78646,Versailles,78,,,78646000BR0043,,,23,10.14,,,,,,,,,1,2,Appartement,15,1,,,,,,2.132405,48.799591
2023-1059534,2023-09-13,000001,Vente,455000,13,,RUE ST SYMPHORIEN,2913,78000,78646,Versailles,78,,,78646000AZ0180,,,49,74.07,,,,,,,,,1,2,Appartement,75,3,,,,,,2.15743,48.806201
2023-1059534,2023-09-13,000001,Vente,455000,13,,RUE ST SYMPHORIEN,2913,78000,78646,Versailles,78,,,78646000AZ0180,,,4,,,,,,,,,,1,3,Dépendance,,0,,,,,,2.15743,48.806201
2023-1059550,2023-09-12,000001,Vente,480550,15,,BD DE LA REINE,2520,78000,78646,Versailles,78,,,78646000AC0190,,,107,,112,,90,,,,,,3,2,Appartement,52,2,,,,,,2.124346,48.809915
2023-1059550,2023-09-12,000001,Vente,480550,15,,BD DE LA REINE,2520,78000,78646,Versailles,78,,,78646000AC0190,,,107,,112,,90,,,,,,3,3,Dépendance,,0,,,,,,2.124346,48.809915
2023-1059560,2023-09-15,000001,Vente,844000,17,,AV DE LA MAYE,1875,78000,78646,Versailles,78,,,78646000AL0139,,,39,,43,,81,,94,,,,4,3,Dépendance,,0,,,,,,2.138843,48.817098
2023-1059560,2023-09-15,000001,Vente,844000,17,,AV DE LA MAYE,1875,78000,78646,Versailles,78,,,78646000AL0139,,,39,,43,,81,,94,,,,4,2,Appartement,150,5,,,,,,2.138843,48.817098
2023-1059560,2023-09-15,000001,Vente,844000,17,,AV DE LA MAYE,1875,78000,78646,Versailles,78,,,78646000AL0139,,,140,,,,,,,,,,1,3,Dépendance,,0,,,,,,2.138843,48.817098
2023-1059560,2023-09-15,000001,Vente,844000,17,,AV DE LA MAYE,1875,78000,78646,Versailles,78,,,78646000AL0139,,,141,,,,,,,,,,1,3,Dépendance,,0,,,,,,2.138843,48.817098
2023-1059560,2023-09-15,000001,Vente,844000,17,,AV DE LA MAYE,1875,78000,78646,Versailles,78,,,78646000AL0139,,,39,,43,,81,,94,,,,4,3,Dépendance,,0,,,,,,2.138843,48.817098
2023-1059644,2023-09-06,000001,Vente,372000,11,,RUE SAINT MICHEL,2850,78000,78646,Versailles,78,,,78646000BK0179,,,,,,,,,,,,,0,3,Dépendance,,0,S,sols,,,118,2.15232,48.794518
2023-1059644,2023-09-06,000001,Vente,372000,11,,RUE SAINT MICHEL,2850,78000,78646,Versailles,78,,,78646000BK0179,,,,,,,,,,,,,0,1,Maison,48,3,S,sols,,,118,2.15232,48.794518
2023-1059645,2023-09-19,000001,Vente,1247050,71,,RUE DE LA PAROISSE,2190,78000,78646,Versailles,78,,,78646000AI0178,,,7,120.47,,,,,,,,,1,4,Local industriel. commercial ou assimilé,25,0,,,,,,2.134575,48.806443
2023-1059645,2023-09-19,000001,Vente,1247050,71,,RUE DE LA PAROISSE,2190,78000,78646,Versailles,78,,,78646000AI0178,,,7,120.47,,,,,,,,,1,2,Appartement,100,4,,,,,,2.134575,48.806443
2023-1059654,2023-09-11,000001,Vente,425000,62,,RUE DES CHANTIERS,0530,78000,78646,Versailles,78,,,78646000BL0327,,,110,,275,,,,,,,,2,2,Appartement,70,3,,,,,,2.142467,48.792993
2023-1059654,2023-09-11,000001,Vente,425000,62,,RUE DES CHANTIERS,0530,78000,78646,Versailles,78,,,78646000BL0327,,,110,,275,,,,,,,,2,3,Dépendance,,0,,,,,,2.142467,48.792993
2023-1059654,2023-09-11,000001,Vente,425000,58,,RUE DES CHANTIERS,0530,78000,78646,Versailles,78,,,78646000BL0327,,,407,,,,,,,,,,1,3,Dépendance,,0,,,,,,2.142467,48.792993
2023-1059675,2023-09-18,000001,Vente,462000,1,,AV DE PORCHEFONTAINE,2380,78000,78646,Versailles,78,,,78646000BD0147,,,64,,,,,,,,,,1,3,Dépendance,,0,,,,,,2.154028,48.797563
2023-1059675,2023-09-18,000001,Vente,462000,1,,AV DE PORCHEFONTAINE,2380,78000,78646,Versailles,78,,,78646000BD0147,,,29,,9,,,,,,,,2,2,Appartement,80,4,,,,,,2.154028,48.797563
2023-1059675,2023-09-18,000001,Vente,462000,1,,AV DE PORCHEFONTAINE,2380,78000,78646,Versailles,78,,,78646000BD0147,,,29,,9,,,,,,,,2,3,Dépendance,,0,,,,,,2.154028,48.797563
2023-1059681,2023-09-07,000001,Vente,430000,23,,RUE HARDY,1290,78000,78646,Versailles,78,,,78646000BV0024,,,26,,37,,,,,,,,2,3,Dépendance,,0,,,,,,2.123089,48.799423
2023-1059681,2023-09-07,000001,Vente,430000,23,,RUE HARDY,1290,78000,78646,Versailles,78,,,78646000BV0024,,,26,,37,,,,,,,,2,2,Appartement,70,4,,,,,,2.123089,48.799423
2023-1059698,2023-09-07,000001,Vente,404500,5,,RUE JEAN MERMOZ,1460,78000,78646,Versailles,78,,,78646000BN0109,,,64,,84,62.26,,,,,,,2,2,Appartement,62,3,,,,,,2.146069,48.796572
2023-1059698,2023-09-07,000001,Vente,404500,5,,RUE JEAN MERMOZ,1460,78000,78646,Versailles,78,,,78646000BN0109,,,64,,84,62.26,,,,,,,2,3,Dépendance,,0,,,,,,2.146069,48.796572
2023-1059698,2023-09-07,000001,Vente,404500,82,B,AV DE PARIS,2180,78000,78646,Versailles,78,,,78646000BN0166,,,1191,,,,,,,,,,1,3,Dépendance,,0,,,,,,2.145036,48.797427
2023-1059712,2023-08-31,000001,Vente,215350,25,,RUE DES RECOLLETS,2500,78000,78646,Versailles,78,,,78646000AH0049,,,16,,5,31.9,,,,,,,2,2,Appartement,29,2,,,,,,2.121812,48.801344
2023-1059712,2023-08-31,000001,Vente,215350,25,,RUE DES RECOLLETS,2500,78000,78646,Versailles,78,,,78646000AH0049,,,16,,5,31.9,,,,,,,2,3,Dépendance,,0,,,,,,2.121812,48.801344
2023-1059714,2023-09-07,000001,Vente,204000,8,,RUE DES PETITS BOIS,2250,78000,78646,Versailles,78,,,78646000AZ0182,,,5,43.8,,,,,,,,,1,3,Dépendance,,0,,,,,,2.157795,48.806419
2023-1059714,2023-09-07,000001,Vente,204000,8,,RUE DES PETITS BOIS,2250,78000,78646,Versailles,78,,,78646000AZ0182,,,49,,,,,,,,,,1,3,Dépendance,,0,,,,,,2.157795,48.806419
2023-1059714,2023-09-07,000001,Vente,204000,8,,RUE DES PETITS BOIS,2250,78000,78646,Versailles,78,,,78646000AZ0182,,,5,43.8,,,,,,,,,1,2,Appartement,43,2,,,,,,2.157795,48.806419
2023-1059779,2023-09-05,000001,Vente,433500,28,,RUE DES ETATS GENERAUX,0980,78000,78646,Versailles,78,,,78646000BR0125,,,59,,65,77.02,,,,,,,2,2,Appartement,77,2,,,,,,2.134083,48.798177
2023-1059786,2023-09-20,000001,Vente,400000,63,,RUE DE LA PAROISSE,2190,78000,78646,Versailles,78,,,78646000AI0286,,,40,,44,108.77,45,,46,,47,,6,4,Local industriel. commercial ou assimilé,120,0,,,,,,2.133707,48.8066
2023-1059815,2023-09-08,000001,Vente,160000,45,,RUE PORTE DE BUC,2390,78000,78646,Versailles,78,,,78646000BM0019,,,27,,,,,,,,,,1,3,Dépendance,,0,,,,,,2.135705,48.790746
2023-1059815,2023-09-08,000001,Vente,160000,45,,RUE PORTE DE BUC,2390,78000,78646,Versailles,78,,,78646000BM0019,,,6,33.24,,,,,,,,,1,3,Dépendance,,0,,,,,,2.135705,48.790746
2023-1059815,2023-09-08,000001,Vente,160000,45,,RUE PORTE DE BUC,2390,78000,78646,Versailles,78,,,78646000BM0019,,,15,,,,,,,,,,1,3,Dépendance,,0,,,,,,2.135705,48.790746
2023-1059815,2023-09-08,000001,Vente,160000,45,,RUE PORTE DE BUC,2390,78000,78646,Versailles,78,,,78646000BM0019,,,6,33.24,,,,,,,,,1,2,Appartement,40,3,,,,,,2.135705,48.790746
2023-1059821,2023-09-19,000001,Vente en l'état futur d'achèvement,30000,10,B,RUE PASTEUR,2210,78000,78646,Versailles,78,,,78646000AY0198,,,23,,,,,,,,,,1,3,Dépendance,,0,,,,,,2.147958,48.801006
2023-1059827,2023-09-19,000001,Vente en l'état futur d'achèvement,24000,10,B,RUE PASTEUR,2210,78000,78646,Versailles,78,,,78646000AY0198,,,32,,,,,,,,,,1,3,Dépendance,,0,,,,,,2.147958,48.801006
2023-1059844,2023-09-19,000001,Vente,2420000,8,,RUE DES RESERVOIRS,2580,78000,78646,Versailles,78,,,78646000AE0371,,,14,,15,,16,,17,,18,,5,2,Appartement,228,6,,,,,,2.124232,48.806296
2023-1059849,2023-09-22,000001,Vente,1734505,20,B,RUE DU PARC DE CLAGNY,2171,78000,78646,Versailles,78,,,78646000AP0069,,,,,,,,,,,,,0,3,Dépendance,,0,S,sols,,,340,2.141318,48.814654
2023-1059849,2023-09-22,000001,Vente,1734505,20,B,RUE DU PARC DE CLAGNY,2171,78000,78646,Versailles,78,,,78646000AP0069,,,,,,,,,,,,,0,1,Maison,189,9,S,sols,,,340,2.141318,48.814654
2023-1059883,2023-09-21,000001,Vente,222500,26,,RUE BORGNIS DESBORDES,0395,78000,78646,Versailles,78,,,78646000BW0229,,,2,28.62,,,,,,,,,1,2,Appartement,28,1,,,,,,2.127876,48.793355
2023-1059891,2023-09-21,000001,Vente,463500,14,,RUE DU HAZARD,1300,78000,78646,Versailles,78,,,78646000BT0151,,,18,53.96,28,,,,,,,,2,2,Appartement,76,3,,,,,,2.128971,48.795236
2023-1059906,2023-09-25,000001,Vente,340000,19,,RUE DU MAL JOFFRE,1820,78000,78646,Versailles,78,,,78646000BW0082,,,11,,37,,38,,39,,44,,8,2,Appartement,84,3,,,,,,2.122268,48.795831
2023-1059906,2023-09-25,000001,Vente,340000,19,,RUE DU MAL JOFFRE,1820,78000,78646,Versailles,78,,,78646000BW0082,,,11,,37,,38,,39,,44,,8,3,Dépendance,,0,,,,,,2.122268,48.795831
2023-1059915,2023-09-15,000001,Vente,74000,47,,RUE DES CHANTIERS,0530,78000,78646,Versailles,78,,,78646000BL0467,,,66,,,,,,,,,,1,3,Dépendance,,0,,,,,,2.141787,48.794665
2023-1059915,2023-09-15,000001,Vente,74000,47,,RUE DES CHANTIERS,0530,78000,78646,Versailles,78,,,78646000BL0467,,,65,,,,,,,,,,1,3,Dépendance,,0,,,,,,2.141787,48.794665
2023-1059934,2023-09-11,000001,Vente,116803,39,,BD DU ROI,2641,78000,78646,Versailles,78,,,78646000AC0108,,,2,13.04,,,,,,,,,1,2,Appartement,14,1,,,,,,2.127742,48.814503
2023-1059983,2023-09-26,000001,Vente,228500,8,,PL ALEXANDRE 1E LOUIS BARTHOU,0100,78000,78646,Versailles,78,,,78646000AX0494,,,20,,6,29,,,,,,,2,2,Appartement,28,2,,,,,,2.142044,48.80561
2023-1059983,2023-09-26,000001,Vente,228500,8,,PL ALEXANDRE 1E LOUIS BARTHOU,0100,78000,78646,Versailles,78,,,78646000AX0494,,,20,,6,29,,,,,,,2,3,Dépendance,,0,,,,,,2.142044,48.80561
2023-1059997,2023-08-29,000001,Vente,256000,19,,RUE SAINT HONORE,2780,78000,78646,Versailles,78,,,78646000BV0135,,,29,,7,37.01,,,,,,,2,3,Dépendance,,0,,,,,,2.125161,48.797877
2023-1059997,2023-08-29,000001,Vente,256000,19,,RUE SAINT HONORE,2780,78000,78646,Versailles,78,,,78646000BV0135,,,29,,7,37.01,,,,,,,2,2,Appartement,36,1,,,,,,2.125161,48.797877
2023-1059997,2023-08-29,000001,Vente,256000,19,,RUE SAINT HONORE,2780,78000,78646,Versailles,78,,,78646000BV0135,,,29,,7,37.01,,,,,,,2,3,Dépendance,,0,,,,,,2.125161,48.797877
2023-1060000,2023-09-14,000001,Vente,457000,28,,BD DU ROI,2641,78000,78646,Versailles,78,,,78646000AD0223,,,18,,182,66.86,,,,,,,2,3,Dépendance,,0,,,,,,2.128206,48.812739
2023-1060000,2023-09-14,000001,Vente,457000,28,,BD DU ROI,2641,78000,78646,Versailles,78,,,78646000AD0223,,,18,,182,66.86,,,,,,,2,2,Appartement,67,2,,,,,,2.128206,48.812739
2023-1060000,2023-09-14,000001,Vente,457000,28,,BD DU ROI,2641,78000,78646,Versailles,78,,,78646000AD0223,,,96,,,,,,,,,,1,3,Dépendance,,0,,,,,,2.128206,48.812739
2023-1060004,2023-09-15,000001,Vente,1000,14,,RUE HOCHE,1350,78000,78646,Versailles,78,,,78646000AE0438,,,65,,,,,,,,,,1,2,Appartement,66,3,,,,,,2.129024,48.806411
2023-1060004,2023-09-15,000001,Vente,1000,14,,RUE HOCHE,1350,78000,78646,Versailles,78,,,78646000AE0438,,,65,,,,,,,,,,1,3,Dépendance,,0,,,,,,2.129024,48.806411
2023-1060010,2023-09-22,000001,Vente,462000,1,,AV DES ETATS UNIS,0990,78000,78646,Versailles,78,,,78646000AX0025,,,53,,7,80.48,,,,,,,2,3,Dépendance,,0,,,,,,2.141563,48.806353
2023-1060010,2023-09-22,000001,Vente,462000,1,,AV DES ETATS UNIS,0990,78000,78646,Versailles,78,,,78646000AX0025,,,53,,7,80.48,,,,,,,2,2,Appartement,81,4,,,,,,2.141563,48.806353
2023-1060013,2023-09-08,000001,Vente,273400,32,,RUE DE L ORANGERIE,2110,78000,78646,Versailles,78,,,78646000BV0023,,,17,28.82,,,,,,,,,1,2,Appartement,28,1,,,,,,2.12323,48.799639
2023-1060091,2023-09-08,000001,Vente,970000,17,,RUE BAILLET REVIRON,0270,78000,78646,Versailles,78,,,78646000AE0046,,,19,,20,,24,,25,,,,4,2,Appartement,73,4,,,,,,2.132318,48.808503
2023-1060091,2023-09-08,000001,Vente,970000,17,,RUE BAILLET REVIRON,0270,78000,78646,Versailles,78,,,78646000AE0046,,,19,,20,,24,,25,,,,4,3,Dépendance,,0,,,,,,2.132318,48.808503
2023-1060091,2023-09-08,000001,Vente,970000,17,,RUE BAILLET REVIRON,0270,78000,78646,Versailles,78,,,78646000AE0046,,,19,,20,,24,,25,,,,4,3,Dépendance,,0,,,,,,2.132318,48.808503
2023-1060091,2023-09-08,000001,Vente,970000,17,,RUE BAILLET REVIRON,0270,78000,78646,Versailles,78,,,78646000AE0046,,,17,,,,,,,,,,1,3,Dépendance,,0,,,,,,2.132318,48.808503
2023-1060094,2023-09-12,000001,Vente,20000,9,,RUE DES CONDAMINES,0690,78000,78646,Versailles,78,,,78646000BP0123,,,14,,,,,,,,,,1,3,Dépendance,,0,,,,,,2.144867,48.801595
2023-1060111,2023-09-18,000001,Vente,38000,6,,RUE MONTBAURON,1970,78000,78646,Versailles,78,,,78646000BP0027,,,16,,,,,,,,,,1,3,Dépendance,,0,,,,,,2.135298,48.802989
2023-1060113,2023-09-21,000001,Vente,580800,9,,AV DE LA TRANQUILLITE,3055,78000,78646,Versailles,78,,,78646000AZ0110,,,111,116.81,14,,,,,,,,2,3,Dépendance,,0,,,,,,2.158672,48.8041
2023-1060113,2023-09-21,000001,Vente,580800,9,,AV DE LA TRANQUILLITE,3055,78000,78646,Versailles,78,,,78646000AZ0110,,,111,116.81,14,,,,,,,,2,2,Appartement,118,5,,,,,,2.158672,48.8041
2023-1060114,2023-09-15,000001,Vente,860000,5,T,CHE DU JANICULE,1430,78000,78646,Versailles,78,,,78646000BP0050,,,,,,,,,,,,,0,1,Maison,58,3,S,sols,,,164,2.138835,48.804329
2023-1060128,2023-09-15,000001,Vente,329000,9,,RUE JEAN DE LA BRUYERE,1560,78000,78646,Versailles,78,,,78646000AO0205,,,1077,52.46,1177,,,,,,,,2,2,Appartement,51,2,,,,,,2.146857,48.813978
2023-1060128,2023-09-15,000001,Vente,329000,9,,RUE JEAN DE LA BRUYERE,1560,78000,78646,Versailles,78,,,78646000AO0205,,,1077,52.46,1177,,,,,,,,2,3,Dépendance,,0,,,,,,2.146857,48.813978
2023-1060128,2023-09-15,000001,Vente,329000,9,,RUE JEAN DE LA BRUYERE,1560,78000,78646,Versailles,78,,,78646000AO0205,,,1077,52.46,1177,,,,,,,,2,3,Dépendance,,0,,,,,,2.146857,48.813978
2023-1060128,2023-09-15,000001,Vente,329000,1,,ALL LA BRUYERE,1557,78000,78646,Versailles,78,,,78646000AO0205,,,1645,,,,,,,,,,1,3,Dépendance,,0,,,,,,2.146857,48.813978
2023-1060142,2023-09-21,000001,Vente,485000,8,,RUE DU MAL DE LATTRE DE TASSIG,1790,78000,78646,Versailles,78,,,78646000AL0094,,,19,,44,65.33,,,,,,,2,2,Appartement,65,3,,,,,,2.136855,48.815557
2023-1060142,2023-09-21,000001,Vente,485000,8,,RUE DU MAL DE LATTRE DE TASSIG,1790,78000,78646,Versailles,78,,,78646000AL0094,,,19,,44,65.33,,,,,,,2,3,Dépendance,,0,,,,,,2.136855,48.815557
2023-1060142,2023-09-21,000001,Vente,485000,8,,RUE DU MAL DE LATTRE DE TASSIG,1790,78000,78646,Versailles,78,,,78646000AL0094,,,63,,,,,,,,,,1,3,Dépendance,,0,,,,,,2.136855,48.815557
2023-1060149,2023-09-21,000001,Vente,1500000,25,,RUE MADEMOISELLE,1740,78000,78646,Versailles,78,,,78646000AD0208,,,,,,,,,,,,,0,1,Maison,200,8,S,sols,,,219,2.129281,48.812067
2023-1060178,2023-09-15,000001,Vente,120873,2,,RUE RAMEAU,2490,78000,78646,Versailles,78,,,78646000AE0088,,,31,19.35,,,,,,,,,1,3,Dépendance,,0,,,,,,2.130732,48.807205
2023-1060179,2023-09-21,000001,Vente,62000,23,,RUE HARDY,1290,78000,78646,Versailles,78,,,78646000BV0024,,,23,,34,9.31,,,,,,,2,3,Dépendance,,0,,,,,,2.123089,48.799423
2023-1060179,2023-09-21,000001,Vente,62000,23,,RUE HARDY,1290,78000,78646,Versailles,78,,,78646000BV0024,,,23,,34,9.31,,,,,,,2,2,Appartement,9,1,,,,,,2.123089,48.799423
2023-1060212,2023-09-15,000001,Vente,1677020,43,,RUE DU MAL JOFFRE,1820,78000,78646,Versailles,78,,,78646000BW0218,,,309,,,,,,,,,,1,3,Dépendance,,0,,,,,,2.12084,48.793636
2023-1060212,2023-09-15,000001,Vente,1677020,43,,RUE DU MAL JOFFRE,1820,78000,78646,Versailles,78,,,78646000BW0218,,,311,,,,,,,,,,1,3,Dépendance,,0,,,,,,2.12084,48.793636
2023-1060212,2023-09-15,000001,Vente,1677020,43,,RUE DU MAL JOFFRE,1820,78000,78646,Versailles,78,,,78646000BW0218,,,209,,,,,,,,,,1,2,Appartement,31,2,,,,,,2.12084,48.793636
2023-1060212,2023-09-15,000001,Vente,1677020,39,,RUE DU MAL JOFFRE,1820,78000,78646,Versailles,78,,,78646000BW0218,,,211,,319,,,,,,,,2,2,Appartement,167,5,,,,,,2.12084,48.793636
2023-1060212,2023-09-15,000001,Vente,1677020,39,,RUE DU MAL JOFFRE,1820,78000,78646,Versailles,78,,,78646000BW0218,,,211,,319,,,,,,,,2,3,Dépendance,,0,,,,,,2.12084,48.793636
2023-1060212,2023-09-15,000001,Vente,1677020,39,,RUE DU MAL JOFFRE,1820,78000,78646,Versailles,78,,,78646000BW0218,,,211,,319,,,,,,,,2,3,Dépendance,,0,,,,,,2.12084,48.793636
2023-1060225,2023-09-27,000001,Vente,119600,98,,AV DE PARIS,2180,78000,78646,Versailles,78,,,78646000BK0001,,,22,,,,,,,,,,1,3,Dépendance,,0,,,,,,2.149414,48.797242
2023-1060225,2023-09-27,000001,Vente,119600,98,,AV DE PARIS,2180,78000,78646,Versailles,78,,,78646000BK0001,,,172,,,,,,,,,,1,3,Dépendance,,0,,,,,,2.149414,48.797242
2023-1060265,2023-09-25,000001,Vente,336570,8,,RUE ALBERT SARRAUT,0080,78000,78646,Versailles,78,,,78646000BK0052,,,,,,,,,,,,,0,3,Dépendance,,0,S,sols,,,284,2.152924,48.79598
2023-1060265,2023-09-25,000001,Vente,336570,8,,RUE ALBERT SARRAUT,0080,78000,78646,Versailles,78,,,78646000BK0052,,,,,,,,,,,,,0,3,Dépendance,,0,S,sols,,,284,2.152924,48.79598
2023-1060265,2023-09-25,000001,Vente,336570,8,,RUE ALBERT SARRAUT,0080,78000,78646,Versailles,78,,,78646000BK0052,,,,,,,,,,,,,0,1,Maison,40,2,S,sols,,,284,2.152924,48.79598
2023-1060269,2023-09-29,000001,Vente,235000,17,,RUE DES ETATS GENERAUX,0980,78000,78646,Versailles,78,,,78646000BR0036,,,22,30.06,,,,,,,,,1,2,Appartement,17,1,,,,,,2.133011,48.800241
2023-1060273,2023-09-29,000001,Vente,195000,17,,RUE DES ETATS GENERAUX,0980,78000,78646,Versailles,78,,,78646000BR0036,,,23,23.08,,,,,,,,,1,2,Appartement,19,1,,,,,,2.133011,48.800241
2023-1060285,2023-09-14,000001,Vente,220000,13,,RUE DE LA POURVOIERIE,2420,78000,78646,Versailles,78,,,78646000AE0433,,,36,,80,25.84,,,,,,,2,2,Appartement,23,1,,,,,,2.13194,48.807515
2023-1060287,2023-09-22,000001,Vente,186000,39,,RUE D ANJOU,0190,78000,78646,Versailles,78,,,78646000BT0047,,,3,24.02,,,,,,,,,1,2,Appartement,25,1,,,,,,2.127029,48.79691
2023-1060289,2023-09-15,000001,Vente,1077950,12,,RUE DU MARECHAL GALLIENI,1812,78000,78646,Versailles,78,,,78646000AC0328,,,20,,,,,,,,,,1,3,Dépendance,,0,,,,,,2.124428,48.811239
2023-1060289,2023-09-15,000001,Vente,1077950,12,,RUE DU MARECHAL GALLIENI,1812,78000,78646,Versailles,78,,,78646000AC0328,,,27,,7,98,,,,,,,2,2,Appartement,120,4,,,,,,2.124428,48.811239
2023-1060289,2023-09-15,000001,Vente,1077950,12,,RUE DU MARECHAL GALLIENI,1812,78000,78646,Versailles,78,,,78646000AC0328,,,27,,7,98,,,,,,,2,3,Dépendance,,0,,,,,,2.124428,48.811239
2023-1060295,2023-09-25,000001,Vente,1116475,7,,RUE MANSART,1770,78000,78646,Versailles,78,,,78646000AL0090,,,2,124.04,3,,5,,,,,,3,2,Appartement,123,5,,,,,,2.13732,48.815357
2023-1060295,2023-09-25,000001,Vente,1116475,7,,RUE MANSART,1770,78000,78646,Versailles,78,,,78646000AL0090,,,2,124.04,3,,5,,,,,,3,3,Dépendance,,0,,,,,,2.13732,48.815357
2023-1060295,2023-09-25,000001,Vente,1116475,7,,RUE MANSART,1770,78000,78646,Versailles,78,,,78646000AL0090,,,8,,,,,,,,,,1,3,Dépendance,,0,,,,,,2.13732,48.815357
2023-1060295,2023-09-25,000001,Vente,1116475,7,,RUE MANSART,1770,78000,78646,Versailles,78,,,78646000AL0090,,,11,,,,,,,,,,1,3,Dépendance,,0,,,,,,2.13732,48.815357
2023-1060297,2023-09-27,000001,Vente,555700,3,,RUE MAZIERE,1880,78000,78646,Versailles,78,,,78646000AH0109,,,17,,34,,49,65.05,,,,,3,2,Appartement,88,4,,,,,,2.122534,48.800559
2023-1060297,2023-09-27,000001,Vente,555700,3,,RUE MAZIERE,1880,78000,78646,Versailles,78,,,78646000AH0109,,,17,,34,,49,65.05,,,,,3,3,Dépendance,,0,,,,,,2.122534,48.800559
2023-1060327,2023-09-22,000001,Vente,157000,17,,RUE JOUVENCEL,1520,78000,78646,Versailles,78,,,78646000AI0033,,,118,30.6,,,,,,,,,1,2,Appartement,30,1,,,,,,2.133954,48.803134
2023-1060332,2023-09-22,000001,Vente,565000,26,,RUE DU PARC DE CLAGNY,2171,78000,78646,Versailles,78,,,78646000AP0071,,,19,117.08,,,,,,,,,1,2,Appartement,114,4,,,,,,2.141869,48.81526
2023-1060332,2023-09-22,000001,Vente,565000,26,,RUE DU PARC DE CLAGNY,2171,78000,78646,Versailles,78,,,78646000AP0071,,,19,117.08,,,,,,,,,1,3,Dépendance,,0,,,,,,2.141869,48.81526
2023-1060332,2023-09-22,000001,Vente,565000,28,,RUE DU PARC DE CLAGNY,2171,78000,78646,Versailles,78,,,78646000AP0071,,,130,,,,,,,,,,1,3,Dépendance,,0,,,,,,2.141869,48.81526
2023-1060332,2023-09-22,000001,Vente,565000,28,,RUE DU PARC DE CLAGNY,2171,78000,78646,Versailles,78,,,78646000AP0071,,,117,,,,,,,,,,1,3,Dépendance,,0,,,,,,2.141869,48.81526
2023-1060357,2023-09-13,000001,Vente,160000,41,,BD DU ROI,2641,78000,78646,Versailles,78,,,78646000AC0107,,,29,19.25,,,,,,,,,1,2,Appartement,20,1,,,,,,2.12804,48.814598
2023-1060358,2023-09-15,000001,Vente,37500,2,B,AV DE PARIS,2180,78000,78646,Versailles,78,,,78646000AH0225,,,5323,,,,,,,,,,1,3,Dépendance,,0,,,,,,2.128298,48.801276
2023-1060383,2023-09-19,000001,Vente,580000,9,,AV DES ETATS UNIS,0990,78000,78646,Versailles,78,,,78646000AX0490,,,171,,79,,,,,,,,2,2,Appartement,93,3,,,,,,2.142342,48.80702
2023-1060383,2023-09-19,000001,Vente,580000,9,,AV DES ETATS UNIS,0990,78000,78646,Versailles,78,,,78646000AX0490,,,171,,79,,,,,,,,2,3,Dépendance,,0,,,,,,2.142342,48.80702
2023-1060383,2023-09-19,000001,Vente,580000,9,,AV DES ETATS UNIS,0990,78000,78646,Versailles,78,,,78646000AX0490,,,86,,,,,,,,,,1,3,Dépendance,,0,,,,,,2.142342,48.80702
2023-1060426,2023-09-14,000001,Vente,42500,20,,RUE ALBERT JOLY,0050,78000,78646,Versailles,78,,,78646000AK0175,,,64,,,,,,,,,,1,3,Dépendance,,0,,,,,,2.138186,48.810014
2023-1060447,2023-09-29,000001,Vente,183435,33,,RUE SAINT HONORE,2780,78000,78646,Versailles,78,,,78646000BV0161,,,21,20.04,,,,,,,,,1,2,Appartement,20,1,,,,,,2.124283,48.796363
2023-1060454,2023-09-29,000001,Vente,820000,73,,RUE DE LA PAROISSE,2190,78000,78646,Versailles,78,,,78646000AI0177,,,132,,3,,4,,,,,,3,2,Appartement,145,4,,,,,,2.134758,48.806357
2023-1060454,2023-09-29,000001,Vente,820000,73,,RUE DE LA PAROISSE,2190,78000,78646,Versailles,78,,,78646000AI0177,,,132,,3,,4,,,,,,3,3,Dépendance,,0,,,,,,2.134758,48.806357
2023-1060487,2023-09-26,000001,Vente,90000,8,,AV DU GEN DE GAULLE,1143,78000,78646,Versailles,78,,,78646000AH0225,,,117,,67,,,,,,,,2,2,Appartement,50,2,,,,,,2.128298,48.801276
2023-1060487,2023-09-26,000001,Vente,90000,8,,AV DU GEN DE GAULLE,1143,78000,78646,Versailles,78,,,78646000AH0225,,,117,,67,,,,,,,,2,3,Dépendance,,0,,,,,,2.128298,48.801276
2023-1060488,2023-09-21,000001,Vente,186000,21,,RUE DU VIEUX VERSAILLES,3180,78000,78646,Versailles,78,,,78646000AH0102,,,10,33.88,21,,32,,,,,,3,3,Dépendance,,0,,,,,,2.123378,48.800948
2023-1060488,2023-09-21,000001,Vente,186000,21,,RUE DU VIEUX VERSAILLES,3180,78000,78646,Versailles,78,,,78646000AH0102,,,10,33.88,21,,32,,,,,,3,2,Appartement,31,1,,,,,,2.123378,48.800948
2023-1060488,2023-09-21,000001,Vente,186000,21,,RUE DU VIEUX VERSAILLES,3180,78000,78646,Versailles,78,,,78646000AH0102,,,10,33.88,21,,32,,,,,,3,3,Dépendance,,0,,,,,,2.123378,48.800948
2023-1060497,2023-09-06,000001,Vente,560500,1,,AV DE LA TRANQUILLITE,3055,78000,78646,Versailles,78,,,78646000AZ0110,,,473,,724,,,,,,,,2,3,Dépendance,,0,,,,,,2.158672,48.8041
2023-1060497,2023-09-06,000001,Vente,560500,1,,AV DE LA TRANQUILLITE,3055,78000,78646,Versailles,78,,,78646000AZ0110,,,473,,724,,,,,,,,2,2,Appartement,115,4,,,,,,2.158672,48.8041
2023-1060497,2023-09-06,000001,Vente,560500,5,,RUE DE L ECOLE DES POSTES,0850,78000,78646,Versailles,78,,,78646000AZ0110,,,945,,,,,,,,,,1,3,Dépendance,,0,,,,,,2.158672,48.8041
2023-1060513,2023-09-29,000001,Vente,400000,7,,RUE DE LA POURVOIERIE,2420,78000,78646,Versailles,78,,,78646000AE0076,,,15,,7,54.91,,,,,,,2,3,Dépendance,,0,,,,,,2.131902,48.807412
2023-1060513,2023-09-29,000001,Vente,400000,7,,RUE DE LA POURVOIERIE,2420,78000,78646,Versailles,78,,,78646000AE0076,,,15,,7,54.91,,,,,,,2,2,Appartement,50,2,,,,,,2.131902,48.807412
2023-1060526,2023-09-13,000001,Vente,437590,98,,AV DE PARIS,2180,78000,78646,Versailles,78,,,78646000BK0001,,,502,,,,,,,,,,1,3,Dépendance,,0,,,,,,2.149414,48.797242
2023-1060526,2023-09-13,000001,Vente,437590,98,,AV DE PARIS,2180,78000,78646,Versailles,78,,,78646000BK0001,,,95,,,,,,,,,,1,2,Appartement,79,3,,,,,,2.149414,48.797242
2023-1060526,2023-09-13,000001,Vente,437590,98,,AV DE PARIS,2180,78000,78646,Versailles,78,,,78646000BK0001,,,249,,,,,,,,,,1,3,Dépendance,,0,,,,,,2.149414,48.797242
2023-1060544,2023-09-20,000001,Vente,625000,2,,PL LYAUTEY,1720,78000,78646,Versailles,78,,,78646000AH0223,,,16,,5,123.17,,,,,,,2,4,Local industriel. commercial ou assimilé,120,0,,,,,,2.127917,48.800732
2023-1060552,2023-09-27,000001,Vente,1760000,16,,AV JEAN JAURES,1450,78000,78646,Versailles,78,,,78646000AP0095,,,,,,,,,,,,,0,1,Maison,194,7,S,sols,,,698,2.142795,48.817127
2023-1060563,2023-10-03,000001,Vente,35000,15,,RUE BENJAMIN FRANKLIN,0340,78000,78646,Versailles,78,,,78646000BS0035,,,132,,,,,,,,,,1,3,Dépendance,,0,,,,,,2.136519,48.797884
2023-1060571,2023-09-05,000001,Vente,280000,1,,RUE MENARD,1890,78000,78646,Versailles,78,,,78646000BR0023,,,126,,85,40.31,,,,,,,2,2,Appartement,49,3,,,,,,2.132006,48.800341
2023-1060574,2023-09-05,000001,Vente,290000,7,,RUE DE MONTREUIL,2000,78000,78646,Versailles,78,,,78646000AX0281,,,6,49.67,,,,,,,,,1,3,Dépendance,,0,,,,,,2.142605,48.805486
2023-1060574,2023-09-05,000001,Vente,290000,7,,RUE DE MONTREUIL,2000,78000,78646,Versailles,78,,,78646000AX0281,,,6,49.67,,,,,,,,,1,2,Appartement,49,2,,,,,,2.142605,48.805486
2023-1060580,2023-10-03,000001,Vente en l'état futur d'achèvement,24000,10,B,RUE PASTEUR,2210,78000,78646,Versailles,78,,,78646000AY0198,,,33,,,,,,,,,,1,3,Dépendance,,0,,,,,,2.147958,48.801006
2023-1060582,2023-09-22,000001,Vente,315830,17,,RUE PHILIPPE DE DANGEAU,2255,78000,78646,Versailles,78,,,78646000AI0065,,,75,36.88,76,,,,,,,,2,2,Appartement,36,1,,,,,,2.134481,48.803549
2023-1060582,2023-09-22,000001,Vente,315830,17,,RUE PHILIPPE DE DANGEAU,2255,78000,78646,Versailles,78,,,78646000AI0065,,,68,,,,,,,,,,1,3,Dépendance,,0,,,,,,2.134481,48.803549
2023-1060583,2023-09-28,000001,Vente,580000,83,,RUE DE LA PAROISSE,2190,78000,78646,Versailles,78,,,78646000AI0160,,,18,,3,71.29,,,,,,,2,2,Appartement,70,3,,,,,,2.135563,48.8059
2023-1060583,2023-09-28,000001,Vente,580000,83,,RUE DE LA PAROISSE,2190,78000,78646,Versailles,78,,,78646000AI0160,,,18,,3,71.29,,,,,,,2,3,Dépendance,,0,,,,,,2.135563,48.8059
2023-1060587,2023-09-22,000001,Vente,1005000,2,,GDE IMP DES GLACES,1250,78000,78646,Versailles,78,,,78646000AC0123,,,13,,,,,,,,,,1,3,Dépendance,,0,,,,,,2.125818,48.813116
2023-1060587,2023-09-22,000001,Vente,1005000,2,,GDE IMP DES GLACES,1250,78000,78646,Versailles,78,,,78646000AC0123,,,11,,12,,2,,3,,4,,7,2,Appartement,69,3,,,,,,2.125818,48.813116
2023-1060587,2023-09-22,000001,Vente,1005000,2,,GDE IMP DES GLACES,1250,78000,78646,Versailles,78,,,78646000AC0123,,,1,,10,,6,,7,,9,,5,2,Appartement,69,3,,,,,,2.125818,48.813116
2023-1060587,2023-09-22,000001,Vente,1005000,2,,GDE IMP DES GLACES,1250,78000,78646,Versailles,78,,,78646000AC0123,,,14,,,,,,,,,,1,3,Dépendance,,0,,,,,,2.125818,48.813116
2023-1060587,2023-09-22,000001,Vente,1005000,2,,GDE IMP DES GLACES,1250,78000,78646,Versailles,78,,,78646000AC0123,,,11,,12,,2,,3,,4,,7,3,Dépendance,,0,,,,,,2.125818,48.813116
2023-1060587,2023-09-22,000001,Vente,1005000,2,,GDE IMP DES GLACES,1250,78000,78646,Versailles,78,,,78646000AC0123,,,11,,12,,2,,3,,4,,7,3,Dépendance,,0,,,,,,2.125818,48.813116
2023-1060587,2023-09-22,000001,Vente,1005000,2,,GDE IMP DES GLACES,1250,78000,78646,Versailles,78,,,78646000AC0123,,,1,,10,,6,,7,,9,,5,3,Dépendance,,0,,,,,,2.125818,48.813116
2023-1060587,2023-09-22,000001,Vente,1005000,2,,GDE IMP DES GLACES,1250,78000,78646,Versailles,78,,,78646000AC0123,,,1,,10,,6,,7,,9,,5,3,Dépendance,,0,,,,,,2.125818,48.813116
2023-1060604,2023-09-20,000001,Vente,1350000,88,,RUE D ANJOU,0190,78000,78646,Versailles,78,,,78646000BT0078,,,200,152.82,,,,,,,,,1,3,Dépendance,,0,,,,,,2.129714,48.79553
2023-1060604,2023-09-20,000001,Vente,1350000,88,,RUE D ANJOU,0190,78000,78646,Versailles,78,,,78646000BT0078,,,200,152.82,,,,,,,,,1,3,Dépendance,,0,,,,,,2.129714,48.79553
2023-1060604,2023-09-20,000001,Vente,1350000,88,,RUE D ANJOU,0190,78000,78646,Versailles,78,,,78646000BT0078,,,200,152.82,,,,,,,,,1,3,Dépendance,,0,,,,,,2.129714,48.79553
2023-1060604,2023-09-20,000001,Vente,1350000,88,,RUE D ANJOU,0190,78000,78646,Versailles,78,,,78646000BT0078,,,200,152.82,,,,,,,,,1,2,Appartement,113,4,,,,,,2.129714,48.79553
2023-1060615,2023-10-02,000001,Vente,242400,6,,RUE MONTBAURON,1970,78000,78646,Versailles,78,,,78646000BP0027,,,102,35.69,,,,,,,,,1,2,Appartement,37,1,,,,,,2.135298,48.802989
2023-1060639,2023-10-05,000001,Vente,1300971,24,,AV DU COMMERCE,0660,78000,78646,Versailles,78,,,78646000AM0155,,,,,,,,,,,,,0,1,Maison,149,5,S,sols,,,601,2.141492,48.824318
2023-1060643,2023-09-27,000001,Vente,335000,1,,AV DU GENERAL MANGIN,1165,78000,78646,Versailles,78,,,78646000AL0068,,,17,58.6,35,,,,,,,,2,3,Dépendance,,0,,,,,,2.136485,48.813954
2023-1060643,2023-09-27,000001,Vente,335000,1,,AV DU GENERAL MANGIN,1165,78000,78646,Versailles,78,,,78646000AL0068,,,69,,,,,,,,,,1,3,Dépendance,,0,,,,,,2.136485,48.813954
2023-1060643,2023-09-27,000001,Vente,335000,1,,AV DU GENERAL MANGIN,1165,78000,78646,Versailles,78,,,78646000AL0068,,,17,58.6,35,,,,,,,,2,2,Appartement,62,3,,,,,,2.136485,48.813954
2023-1060643,2023-09-27,000001,Vente,335000,1,,AV DU GENERAL MANGIN,1165,78000,78646,Versailles,78,,,78646000AL0068,,,17,58.6,35,,,,,,,,2,3,Dépendance,,0,,,,,,2.136485,48.813954
2023-1060646,2023-10-06,000001,Vente,622000,17,,RUE DES ETATS GENERAUX,0980,78000,78646,Versailles,78,,,78646000BR0036,,,30,72.88,,,,,,,,,1,1,Maison,70,2,,,,,,2.133011,48.800241
2023-1060684,2023-10-02,000001,Vente,830000,17,,RUE DE L ERMITAGE,0940,78000,78646,Versailles,78,,,78646000AC0273,,,311,,,,,,,,,,1,3,Dépendance,,0,,,,,,2.122251,48.813276
2023-1060684,2023-10-02,000001,Vente,830000,15,,RUE DE L ERMITAGE,0940,78000,78646,Versailles,78,,,78646000AC0273,,,510,,,,,,,,,,1,3,Dépendance,,0,,,,,,2.122251,48.813276
2023-1060684,2023-10-02,000001,Vente,830000,17,,RUE DE L ERMITAGE,0940,78000,78646,Versailles,78,,,78646000AC0273,,,320,102.78,,,,,,,,,1,2,Appartement,105,4,,,,,,2.122251,48.813276
2023-1060684,2023-10-02,000001,Vente,830000,15,,RUE DE L ERMITAGE,0940,78000,78646,Versailles,78,,,78646000AC0273,,,509,,,,,,,,,,1,3,Dépendance,,0,,,,,,2.122251,48.813276
2023-1060727,2023-09-26,000001,Vente,205000,56,B,AV DE SAINT CLOUD,2730,78000,78646,Versailles,78,,,78646000BP0062,,,14,28.03,,,,,,,,,1,2,Appartement,27,1,,,,,,2.139082,48.805129
2023-1060727,2023-09-26,000001,Vente,205000,56,B,AV DE SAINT CLOUD,2730,78000,78646,Versailles,78,,,78646000BP0062,,,14,28.03,,,,,,,,,1,3,Dépendance,,0,,,,,,2.139082,48.805129
2023-1060728,2023-10-05,000001,Vente,314400,12,,RUE DES MOINES,1930,78000,78646,Versailles,78,,,78646000BK0138,,,7,,8,55.65,,,,,,,2,2,Appartement,54,2,,,,,,2.153256,48.79363
2023-1060731,2023-09-26,000001,Vente,492500,41,,AV DE SAINT CLOUD,2730,78000,78646,Versailles,78,,,78646000AI0125,,,25,,33,56.07,,,,,,,2,2,Appartement,49,2,,,,,,2.133122,48.805673
2023-1060731,2023-09-26,000001,Vente,492500,41,,AV DE SAINT CLOUD,2730,78000,78646,Versailles,78,,,78646000AI0125,,,25,,33,56.07,,,,,,,2,3,Dépendance,,0,,,,,,2.133122,48.805673
2023-1060733,2023-09-26,000001,Vente en l'état futur d'achèvement,811000,104,,AV DE PARIS,2180,78000,78646,Versailles,78,,,78646000BK0019,,,80,,,,,,,,,,1,3,Dépendance,,0,,,,,,2.150393,48.797197
2023-1060733,2023-09-26,000001,Vente en l'état futur d'achèvement,811000,104,,AV DE PARIS,2180,78000,78646,Versailles,78,,,78646000BK0019,,,49,,,,,,,,,,1,2,Appartement,87,3,,,,,,2.150393,48.797197
2023-1060735,2023-09-22,000001,Vente,45600,1,,AV DES ETATS UNIS,0990,78000,78646,Versailles,78,,,78646000AX0025,,,62,,,,,,,,,,1,3,Dépendance,,0,,,,,,2.141563,48.806353
2023-1060735,2023-09-22,000001,Vente,45600,1,,AV DES ETATS UNIS,0990,78000,78646,Versailles,78,,,78646000AX0025,,,38,,,,,,,,,,1,3,Dépendance,,0,,,,,,2.141563,48.806353
2023-1060750,2023-09-28,000001,Vente,386000,2,,PL ROYALE,2650,78000,78646,Versailles,78,,,78646000AZ0110,,,1056,,1158,79.76,,,,,,,2,3,Dépendance,,0,,,,,,2.158672,48.8041
2023-1060750,2023-09-28,000001,Vente,386000,5,,RUE DE L ECOLE DES POSTES,0850,78000,78646,Versailles,78,,,78646000AZ0110,,,3018,,,,,,,,,,1,3,Dépendance,,0,,,,,,2.158672,48.8041
2023-1060750,2023-09-28,000001,Vente,386000,2,,PL ROYALE,2650,78000,78646,Versailles,78,,,78646000AZ0110,,,1056,,1158,79.76,,,,,,,2,2,Appartement,85,3,,,,,,2.158672,48.8041
2023-1060756,2023-09-28,000001,Vente,25000,9,,RUE MONTEBELLO,1980,78000,78646,Versailles,78,,,78646000AK0014,,,28,,,,,,,,,,1,3,Dépendance,,0,,,,,,2.1372,48.812632
2023-1060764,2023-09-29,000001,Vente,360000,8,,RUE DE LA CEINTURE,0460,78000,78646,Versailles,78,,,78646000AW0006,,,1361,,,,,,,,,,1,3,Dépendance,,0,,,,,,2.15013,48.808121
2023-1060764,2023-09-29,000001,Vente,360000,8,,RUE DE LA CEINTURE,0460,78000,78646,Versailles,78,,,78646000AW0006,,,516,,535,,,,,,,,2,4,Local industriel. commercial ou assimilé,160,0,,,,,,2.15013,48.808121
2023-1060789,2023-10-02,000001,Vente,919500,5,,RUE PIERRE BERTIN,2290,78000,78646,Versailles,78,,,78646000AX0036,,,12,,,,,,,,,,1,3,Dépendance,,0,,,,,,2.14205,48.807319
2023-1060789,2023-10-02,000001,Vente,919500,5,,RUE PIERRE BERTIN,2290,78000,78646,Versailles,78,,,78646000AX0036,,,53,,78,129.89,,,,,,,2,2,Appartement,138,4,,,,,,2.14205,48.807319
2023-1060789,2023-10-02,000001,Vente,919500,5,,RUE PIERRE BERTIN,2290,78000,78646,Versailles,78,,,78646000AX0036,,,53,,78,129.89,,,,,,,2,3,Dépendance,,0,,,,,,2.14205,48.807319
2023-1060795,2023-09-29,000001,Vente,250000,6,,RUE DU VIEUX VERSAILLES,3180,78000,78646,Versailles,78,,,78646000AH0024,,,2,,57,,58,32.69,,,,,3,2,Appartement,34,2,,,,,,2.121467,48.800989
2023-1060795,2023-09-29,000001,Vente,250000,6,,RUE DU VIEUX VERSAILLES,3180,78000,78646,Versailles,78,,,78646000AH0024,,,2,,57,,58,32.69,,,,,3,3,Dépendance,,0,,,,,,2.121467,48.800989
2023-1060805,2023-10-05,000001,Vente,415000,105,B,RUE YVES LE COZ,3210,78000,78646,Versailles,78,,,78646000BE0009,,,8,,,,,,,,,,1,2,Appartement,75,4,,,,,,2.155259,48.794293
2023-1060805,2023-10-05,000001,Vente,415000,105,B,RUE YVES LE COZ,3210,78000,78646,Versailles,78,,,78646000BE0009,,,8,,,,,,,,,,1,3,Dépendance,,0,,,,,,2.155259,48.794293
2023-1060805,2023-10-05,000001,Vente,415000,105,B,RUE YVES LE COZ,3210,78000,78646,Versailles,78,,,78646000BE0009,,,4,,,,,,,,,,1,3,Dépendance,,0,,,,,,2.155259,48.794293
2023-1060813,2023-09-29,000001,Vente,706000,12,,AV DE PORCHEFONTAINE,2380,78000,78646,Versailles,78,,,78646000BK0021,,,505,,512,114.01,,,,,,,2,2,Appartement,114,5,,,,,,2.152071,48.797176
2023-1060813,2023-09-29,000001,Vente,706000,12,,AV DE PORCHEFONTAINE,2380,78000,78646,Versailles,78,,,78646000BK0021,,,505,,512,114.01,,,,,,,2,3,Dépendance,,0,,,,,,2.152071,48.797176
2023-1060813,2023-09-29,000001,Vente,706000,12,,AV DE PORCHEFONTAINE,2380,78000,78646,Versailles,78,,,78646000BK0021,,,1582,,,,,,,,,,1,3,Dépendance,,0,,,,,,2.152071,48.797176
2023-1060813,2023-09-29,000001,Vente,706000,12,,AV DE PORCHEFONTAINE,2380,78000,78646,Versailles,78,,,78646000BK0021,,,1581,,,,,,,,,,1,3,Dépendance,,0,,,,,,2.152071,48.797176
2023-1060818,2023-09-26,000001,Vente,200000,67,,RUE DES CHANTIERS,0530,78000,78646,Versailles,78,,,78646000BL0279,,,4,,,,,,,,,,1,3,Dépendance,,0,,,,,,2.143241,48.793584
2023-1060818,2023-09-26,000001,Vente,200000,67,,RUE DES CHANTIERS,0530,78000,78646,Versailles,78,,,78646000BL0279,,,4,,,,,,,,,,1,2,Appartement,35,2,,,,,,2.143241,48.793584
2023-1060936,2023-09-27,000001,Vente,492000,17,,RUE DU MAL JOFFRE,1820,78000,78646,Versailles,78,,,78646000BV0205,,,47,67.82,59,,,,,,,,2,3,Dépendance,,0,,,,,,2.122603,48.796328
2023-1060936,2023-09-27,000001,Vente,492000,17,,RUE DU MAL JOFFRE,1820,78000,78646,Versailles,78,,,78646000BV0205,,,47,67.82,59,,,,,,,,2,2,Appartement,50,3,,,,,,2.122603,48.796328
2023-1060945,2023-10-09,000001,Vente,213400,18,,RUE DU PEINTRE LEBRUN,2220,78000,78646,Versailles,78,,,78646000AE0352,,,19,26.98,,,,,,,,,1,2,Appartement,30,1,,,,,,2.124801,48.805972
2023-1061006,2023-09-26,000001,Vente,992994,25,,RUE MONTEBELLO,1980,78000,78646,Versailles,78,,,78646000AK0018,,,72,,,,,,,,,,1,3,Dépendance,,0,,,,,,2.138525,48.812549
2023-1061006,2023-09-26,000001,Vente,992994,25,,RUE MONTEBELLO,1980,78000,78646,Versailles,78,,,78646000AK0018,,,131,118.4,8,,,,,,,,2,3,Dépendance,,0,,,,,,2.138525,48.812549
2023-1061006,2023-09-26,000001,Vente,992994,25,,RUE MONTEBELLO,1980,78000,78646,Versailles,78,,,78646000AK0018,,,131,118.4,8,,,,,,,,2,2,Appartement,116,5,,,,,,2.138525,48.812549
2023-1061017,2023-09-25,000001,Vente,950000,31,,RUE DE LA PAROISSE,2190,78000,78646,Versailles,78,,,78646000AE0141,,,18,,4,116.87,55,116.87,,,,,3,3,Dépendance,,0,,,,,,2.128166,48.808064
2023-1061017,2023-09-25,000001,Vente,950000,31,,RUE DE LA PAROISSE,2190,78000,78646,Versailles,78,,,78646000AE0141,,,18,,4,116.87,55,116.87,,,,,3,2,Appartement,120,6,,,,,,2.128166,48.808064
2023-1061024,2023-10-06,000001,Vente,362000,84,,AV DE PARIS,2180,78000,78646,Versailles,78,,,78646000BN0045,,,18,,38,67.44,,,,,,,2,2,Appartement,66,3,,,,,,2.145174,48.797578
2023-1061024,2023-10-06,000001,Vente,362000,84,,AV DE PARIS,2180,78000,78646,Versailles,78,,,78646000BN0045,,,148,,,,,,,,,,1,3,Dépendance,,0,,,,,,2.145174,48.797578
2023-1061024,2023-10-06,000001,Vente,362000,84,,AV DE PARIS,2180,78000,78646,Versailles,78,,,78646000BN0045,,,18,,38,67.44,,,,,,,2,3,Dépendance,,0,,,,,,2.145174,48.797578
2023-1061032,2023-10-02,000001,Vente,240000,7,,AV DE SCEAUX,2980,78000,78646,Versailles,78,,,78646000AH0181,,,52,29.27,,,,,,,,,1,2,Appartement,40,1,,,,,,2.127589,48.800585
2023-1061040,2023-09-19,000001,Vente,194000,5,,RUE DUCIS,0820,78000,78646,Versailles,78,,,78646000AE0269,,,7,23.71,,,,,,,,,1,2,Appartement,25,2,,,,,,2.130833,48.806465
2023-1061060,2023-09-29,000001,Vente,746600,20,,RUE DE PROVENCE,2460,78000,78646,Versailles,78,,,78646000AX0442,,,176,,192,94.17,,,,,,,2,2,Appartement,94,4,,,,,,2.140987,48.807165
2023-1061060,2023-09-29,000001,Vente,746600,20,,RUE DE PROVENCE,2460,78000,78646,Versailles,78,,,78646000AX0442,,,176,,192,94.17,,,,,,,2,3,Dépendance,,0,,,,,,2.140987,48.807165
2023-1061060,2023-09-29,000001,Vente,746600,20,,RUE DE PROVENCE,2460,78000,78646,Versailles,78,,,78646000AX0442,,,56,,,,,,,,,,1,3,Dépendance,,0,,,,,,2.140987,48.807165
2023-1061142,2023-10-09,000001,Vente,300000,29,,RUE DE NOAILLES,2050,78000,78646,Versailles,78,,,78646000BS0020,,,101,58.72,131,,,,,,,,2,3,Dépendance,,0,,,,,,2.134087,48.797573
2023-1061142,2023-10-09,000001,Vente,300000,29,,RUE DE NOAILLES,2050,78000,78646,Versailles,78,,,78646000BS0020,,,101,58.72,131,,,,,,,,2,2,Appartement,58,2,,,,,,2.134087,48.797573
2023-1061143,2023-10-02,000001,Vente,677000,7,,RUE DU MARCHE NEUF,1780,78000,78646,Versailles,78,,,78646000BT0033,,,14,,,,,,,,,,1,4,Local industriel. commercial ou assimilé,35,0,,,,,,2.127013,48.797525
2023-1061143,2023-10-02,000001,Vente,677000,7,,RUE DU MARCHE NEUF,1780,78000,78646,Versailles,78,,,78646000BT0033,,,4,78.13,,,,,,,,,1,4,Local industriel. commercial ou assimilé,70,0,,,,,,2.127013,48.797525
2023-1061154,2023-09-29,000001,Vente,185000,11,,RUE BAILLET REVIRON,0270,78000,78646,Versailles,78,,,78646000AE0041,,,2,21,,,,,,,,,1,2,Appartement,24,1,,,,,,2.131592,48.808549
2023-1061154,2023-09-29,000001,Vente,185000,11,,RUE BAILLET REVIRON,0270,78000,78646,Versailles,78,,,78646000AE0041,,,2,21,,,,,,,,,1,3,Dépendance,,0,,,,,,2.131592,48.808549
2023-1061174,2023-10-13,000001,Vente,483460,136,B,AV DES ETATS UNIS,0990,78000,78646,Versailles,78,,,78646000AV0132,,,51,,,,,,,,,,1,3,Dépendance,,0,,,,,,2.15451,48.812449
2023-1061174,2023-10-13,000001,Vente,483460,136,,AV DES ETATS UNIS,0990,78000,78646,Versailles,78,,,78646000AV0132,,,22,,8,66.2,,,,,,,2,3,Dépendance,,0,,,,,,2.15451,48.812449
2023-1061174,2023-10-13,000001,Vente,483460,136,,AV DES ETATS UNIS,0990,78000,78646,Versailles,78,,,78646000AV0132,,,22,,8,66.2,,,,,,,2,2,Appartement,67,3,,,,,,2.15451,48.812449
2023-1061176,2023-09-21,000001,Vente,520000,6,,RUE DE LA CEINTURE,0460,78000,78646,Versailles,78,,,78646000AW0006,,,219,102.18,269,,,,,,,,2,2,Appartement,104,4,,,,,,2.15013,48.808121
2023-1061176,2023-09-21,000001,Vente,520000,6,,RUE DE LA CEINTURE,0460,78000,78646,Versailles,78,,,78646000AW0006,,,1105,,,,,,,,,,1,3,Dépendance,,0,,,,,,2.15013,48.808121
2023-1061176,2023-09-21,000001,Vente,520000,6,,RUE DE LA CEINTURE,0460,78000,78646,Versailles,78,,,78646000AW0006,,,219,102.18,269,,,,,,,,2,3,Dépendance,,0,,,,,,2.15013,48.808121
2023-1061179,2023-09-19,000001,Vente,1995000,13,,RUE SAINT HONORE,2780,78000,78646,Versailles,78,,,78646000BV0129,,,11,38.8,,,,,,,,,1,2,Appartement,70,3,,,,,,2.125382,48.798114
2023-1061179,2023-09-19,000001,Vente,1995000,13,,RUE SAINT HONORE,2780,78000,78646,Versailles,78,,,78646000BV0129,,,1,9.4,2,7.9,3,24.8,4,17.3,5,13,8,4,Local industriel. commercial ou assimilé,286,0,,,,,,2.125382,48.798114
2023-1061179,2023-09-19,000001,Vente,1995000,13,,RUE SAINT HONORE,2780,78000,78646,Versailles,78,,,78646000BV0129,,,13,77.8,,,,,,,,,1,2,Appartement,65,4,,,,,,2.125382,48.798114
2023-1061179,2023-09-19,000001,Vente,1995000,13,,RUE SAINT HONORE,2780,78000,78646,Versailles,78,,,78646000BV0129,,,15,,,,,,,,,,1,3,Dépendance,,0,,,,,,2.125382,48.798114
2023-1061179,2023-09-19,000001,Vente,1995000,13,,RUE SAINT HONORE,2780,78000,78646,Versailles,78,,,78646000BV0129,,,14,,,,,,,,,,1,3,Dépendance,,0,,,,,,2.125382,48.798114
2023-1061179,2023-09-19,000001,Vente,1995000,13,,RUE SAINT HONORE,2780,78000,78646,Versailles,78,,,78646000BV0129,,,16,,,,,,,,,,1,3,Dépendance,,0,,,,,,2.125382,48.798114
2023-1061179,2023-09-19,000001,Vente,1995000,13,,RUE SAINT HONORE,2780,78000,78646,Versailles,78,,,78646000BV0129,,,17,,,,,,,,,,1,3,Dépendance,,0,,,,,,2.125382,48.798114
2023-1061179,2023-09-19,000001,Vente,1995000,13,,RUE SAINT HONORE,2780,78000,78646,Versailles,78,,,78646000BV0129,,,18,,,,,,,,,,1,3,Dépendance,,0,,,,,,2.125382,48.798114
2023-1061179,2023-09-19,000001,Vente,1995000,13,,RUE SAINT HONORE,2780,78000,78646,Versailles,78,,,78646000BV0129,,,10,33.1,9,38.8,,,,,,,2,2,Appartement,72,4,,,,,,2.125382,48.798114
2023-1061179,2023-09-19,000001,Vente,1995000,13,,RUE SAINT HONORE,2780,78000,78646,Versailles,78,,,78646000BV0129,,,19,,,,,,,,,,1,3,Dépendance,,0,,,,,,2.125382,48.798114
2023-1061179,2023-09-19,000001,Vente,1995000,13,,RUE SAINT HONORE,2780,78000,78646,Versailles,78,,,78646000BV0129,,,20,,,,,,,,,,1,3,Dépendance,,0,,,,,,2.125382,48.798114
2023-1061179,2023-09-19,000001,Vente,1995000,13,,RUE SAINT HONORE,2780,78000,78646,Versailles,78,,,78646000BV0129,,,12,33.7,,,,,,,,,1,2,Appartement,34,2,,,,,,2.125382,48.798114
2023-1061179,2023-09-19,000001,Vente,1995000,13,,RUE SAINT HONORE,2780,78000,78646,Versailles,78,,,78646000BV0129,,,21,,,,,,,,,,1,3,Dépendance,,0,,,,,,2.125382,48.798114
2023-1061186,2023-10-16,000001,Vente,343450,14,,RUE BENJAMIN FRANKLIN,0340,78000,78646,Versailles,78,,,78646000BR0112,,,1,57.22,,,,,,,,,1,2,Appartement,62,3,,,,,,2.136084,48.79827
2023-1061186,2023-10-16,000001,Vente,343450,14,,RUE BENJAMIN FRANKLIN,0340,78000,78646,Versailles,78,,,78646000BR0112,,,1,57.22,,,,,,,,,1,3,Dépendance,,0,,,,,,2.136084,48.79827
2023-1061208,2023-10-16,000001,Vente,320000,5,,RUE DE L ECOLE DES POSTES,0850,78000,78646,Versailles,78,,,78646000AZ0110,,,3189,,,,,,,,,,1,3,Dépendance,,0,,,,,,2.158672,48.8041
2023-1061208,2023-10-16,000001,Vente,320000,2,,PL ROYALE,2650,78000,78646,Versailles,78,,,78646000AZ0110,,,1064,,1150,68.28,,,,,,,2,2,Appartement,70,2,,,,,,2.158672,48.8041
2023-1061208,2023-10-16,000001,Vente,320000,2,,PL ROYALE,2650,78000,78646,Versailles,78,,,78646000AZ0110,,,1064,,1150,68.28,,,,,,,2,3,Dépendance,,0,,,,,,2.158672,48.8041
2023-1061209,2023-10-11,000001,Vente,50000,19,,RUE CHAMP LAGARDE,0490,78000,78646,Versailles,78,,,78646000AX0408,,,10,,,,,,,,,,1,3,Dépendance,,0,,,,,,2.147179,48.80175
2023-1061211,2023-10-11,000001,Vente,50000,19,,RUE CHAMP LAGARDE,0490,78000,78646,Versailles,78,,,78646000AX0408,,,11,,,,,,,,,,1,3,Dépendance,,0,,,,,,2.147179,48.80175
2023-1061212,2023-09-15,000001,Vente,746700,9,,RUE DU MAL JOFFRE,1820,78000,78646,Versailles,78,,,78646000BV0041,,,10,,4,,9,94.14,,,,,3,2,Appartement,108,4,,,,,,2.123232,48.797444
2023-1061212,2023-09-15,000001,Vente,746700,9,,RUE DU MAL JOFFRE,1820,78000,78646,Versailles,78,,,78646000BV0041,,,10,,4,,9,94.14,,,,,3,3,Dépendance,,0,,,,,,2.123232,48.797444
2023-1061221,2023-09-26,000001,Vente,606000,,,PAS DE LA GEOLE,1180,78000,78646,Versailles,78,,,78646000AE0091,,112,,,,,,,,,,,0,,,,,,,,,,2.131364,48.807615
2023-1061226,2023-10-13,000001,Vente,558600,21,,RUE DES RECOLLETS,2500,78000,78646,Versailles,78,,,78646000AH0051,,,,,,,,,,,,,0,4,Local industriel. commercial ou assimilé,20,0,S,sols,,,39,2.121898,48.801509
2023-1061226,2023-10-13,000001,Vente,558600,21,,RUE DES RECOLLETS,2500,78000,78646,Versailles,78,,,78646000AH0051,,,,,,,,,,,,,0,4,Local industriel. commercial ou assimilé,15,0,S,sols,,,39,2.121898,48.801509
2023-1061226,2023-10-13,000001,Vente,558600,21,,RUE DES RECOLLETS,2500,78000,78646,Versailles,78,,,78646000AH0051,,,,,,,,,,,,,0,3,Dépendance,,0,S,sols,,,39,2.121898,48.801509
2023-1061226,2023-10-13,000001,Vente,558600,21,,RUE DES RECOLLETS,2500,78000,78646,Versailles,78,,,78646000AH0051,,,,,,,,,,,,,0,3,Dépendance,,0,S,sols,,,39,2.121898,48.801509
2023-1061226,2023-10-13,000001,Vente,558600,21,,RUE DES RECOLLETS,2500,78000,78646,Versailles,78,,,78646000AH0051,,,,,,,,,,,,,0,2,Appartement,29,1,S,sols,,,39,2.121898,48.801509
2023-1061226,2023-10-13,000001,Vente,558600,21,,RUE DES RECOLLETS,2500,78000,78646,Versailles,78,,,78646000AH0051,,,,,,,,,,,,,0,2,Appartement,66,4,S,sols,,,39,2.121898,48.801509
2023-1061226,2023-10-13,000001,Vente,558600,21,,RUE DES RECOLLETS,2500,78000,78646,Versailles,78,,,78646000AH0051,,,,,,,,,,,,,0,2,Appartement,29,2,S,sols,,,39,2.121898,48.801509
2023-1061227,2023-10-09,000001,Vente,325000,22,,RUE RICHAUD,2610,78000,78646,Versailles,78,,,78646000AI0182,,,1,48.29,,,,,,,,,1,2,Appartement,41,3,,,,,,2.134633,48.806887
2023-1061227,2023-10-09,000001,Vente,325000,22,,RUE RICHAUD,2610,78000,78646,Versailles,78,,,78646000AI0182,,,1,48.29,,,,,,,,,1,3,Dépendance,,0,,,,,,2.134633,48.806887
2023-1061259,2023-09-22,000001,Vente,,8,,RUE ALBERT JOLY,0050,78000,78646,Versailles,78,,,78646000AK0229,,,14,9.89,35,,,,,,,,2,2,Appartement,17,1,,,,,,2.135908,48.810277
2023-1061260,2023-09-29,000001,Vente,309400,12,,AV DE PORCHEFONTAINE,2380,78000,78646,Versailles,78,,,78646000BK0021,,,255,,315,54.36,,,,,,,2,2,Appartement,54,2,,,,,,2.152071,48.797176
2023-1061260,2023-09-29,000001,Vente,309400,12,,AV DE PORCHEFONTAINE,2380,78000,78646,Versailles,78,,,78646000BK0021,,,255,,315,54.36,,,,,,,2,3,Dépendance,,0,,,,,,2.152071,48.797176
2023-1061260,2023-09-29,000001,Vente,309400,12,,AV DE PORCHEFONTAINE,2380,78000,78646,Versailles,78,,,78646000BK0021,,,1766,,,,,,,,,,1,3,Dépendance,,0,,,,,,2.152071,48.797176
2023-1061299,2023-09-19,000001,Vente,595150,15,,RUE DE L ORANGERIE,2110,78000,78646,Versailles,78,,,78646000AH0033,,,22,,24,,,,,,,,2,2,Appartement,110,5,,,,,,2.122059,48.800562
2023-1061306,2023-09-18,000001,Vente,733820,33,,RUE DU MAL FOCH,1810,78000,78646,Versailles,78,,,78646000AE0432,,,45,,59,,,,,,,,2,2,Appartement,85,3,,,,,,2.132245,48.807957
2023-1061306,2023-09-18,000001,Vente,733820,33,,RUE DU MAL FOCH,1810,78000,78646,Versailles,78,,,78646000AE0432,,,45,,59,,,,,,,,2,3,Dépendance,,0,,,,,,2.132245,48.807957
2023-1061308,2023-10-16,000001,Vente,470000,52,,AV DE SAINT CLOUD,2730,78000,78646,Versailles,78,,,78646000BP0007,,,1,70.93,,,,,,,,,1,4,Local industriel. commercial ou assimilé,80,0,,,,,,2.13678,48.804946
2023-1061320,2023-10-10,000001,Vente,750000,2,B,RUE SAINTE VICTOIRE,2920,78000,78646,Versailles,78,,,78646000AD0083,,,4,98.56,,,,,,,,,1,2,Appartement,98,3,,,,,,2.131672,48.809682
2023-1061342,2023-10-16,000001,Vente,310000,46,,RUE DE LA PAROISSE,2190,78000,78646,Versailles,78,,,78646000AE0213,,,63,45.67,,,,,,,,,1,2,Appartement,58,3,,,,,,2.129271,48.807065
2023-1061342,2023-10-16,000001,Vente,310000,46,,RUE DE LA PAROISSE,2190,78000,78646,Versailles,78,,,78646000AE0213,,,63,45.67,,,,,,,,,1,3,Dépendance,,0,,,,,,2.129271,48.807065
2023-1061392,2023-10-12,000001,Vente,552900,12,,AV DE PORCHEFONTAINE,2380,78000,78646,Versailles,78,,,78646000BK0021,,,1718,,,,,,,,,,1,3,Dépendance,,0,,,,,,2.152071,48.797176
2023-1061392,2023-10-12,000001,Vente,552900,12,,AV DE PORCHEFONTAINE,2380,78000,78646,Versailles,78,,,78646000BK0021,,,737,,747,,,,,,,,2,3,Dépendance,,0,,,,,,2.152071,48.797176
2023-1061392,2023-10-12,000001,Vente,552900,12,,AV DE PORCHEFONTAINE,2380,78000,78646,Versailles,78,,,78646000BK0021,,,737,,747,,,,,,,,2,2,Appartement,126,5,,,,,,2.152071,48.797176
2023-1061392,2023-10-12,000001,Vente,552900,12,,AV DE PORCHEFONTAINE,2380,78000,78646,Versailles,78,,,78646000BK0021,,,1717,,,,,,,,,,1,3,Dépendance,,0,,,,,,2.152071,48.797176
2023-1061394,2023-10-09,000001,Vente,174000,35,,RUE SAINT HONORE,2780,78000,78646,Versailles,78,,,78646000BV0180,,,15,,7,20.06,,,,,,,2,2,Appartement,20,1,,,,,,2.123788,48.795926
2023-1061394,2023-10-09,000001,Vente,174000,35,,RUE SAINT HONORE,2780,78000,78646,Versailles,78,,,78646000BV0180,,,15,,7,20.06,,,,,,,2,3,Dépendance,,0,,,,,,2.123788,48.795926
2023-1061396,2023-10-06,000001,Vente,140000,22,,RUE DU MAL FOCH,1810,78000,78646,Versailles,78,,,78646000AI0211,,,22,,4,22.07,,,,,,,2,2,Appartement,18,1,,,,,,2.132777,48.807412
2023-1061396,2023-10-06,000001,Vente,140000,22,,RUE DU MAL FOCH,1810,78000,78646,Versailles,78,,,78646000AI0211,,,22,,4,22.07,,,,,,,2,3,Dépendance,,0,,,,,,2.132777,48.807412
2023-1061398,2023-10-04,000001,Vente,331730,58,,RUE SAINT CHARLES,2710,78000,78646,Versailles,78,,,78646000AY0276,,,45,,8,54.37,,,,,,,2,3,Dépendance,,0,,,,,,2.146746,48.804346
2023-1061398,2023-10-04,000001,Vente,331730,58,,RUE SAINT CHARLES,2710,78000,78646,Versailles,78,,,78646000AY0276,,,45,,8,54.37,,,,,,,2,2,Appartement,57,3,,,,,,2.146746,48.804346
2023-1061401,2023-10-07,000001,Vente,236683,16,,RUE PASTEUR,2210,78000,78646,Versailles,78,,,78646000AX0408,,,1,27.89,2,,7,,,,,,3,2,Appartement,27,2,,,,,,2.147179,48.80175
2023-1061401,2023-10-07,000001,Vente,236683,16,,RUE PASTEUR,2210,78000,78646,Versailles,78,,,78646000AX0408,,,1,27.89,2,,7,,,,,,3,3,Dépendance,,0,,,,,,2.147179,48.80175
2023-1061429,2023-10-13,000001,Vente,15000,15,,RUE ALBERT JOLY,0050,78000,78646,Versailles,78,,,78646000AK0111,,,25,,,,,,,,,,1,3,Dépendance,,0,,,,,,2.137939,48.810755
2023-1061439,2023-10-05,000001,Vente,70000,58,,RUE DES CHANTIERS,0530,78000,78646,Versailles,78,,,78646000BL0327,,,162,11.35,,,,,,,,,1,2,Appartement,12,1,,,,,,2.142467,48.792993
2023-1061441,2023-10-02,000001,Vente,718500,3,,RUE RAMEAU,2490,78000,78646,Versailles,78,,,78646000AE0109,,,2,542.69,21,,,,,,,,2,4,Local industriel. commercial ou assimilé,581,0,,,,,,2.130456,48.807526
2023-1061447,2023-09-29,000001,Vente,860000,7,,RUE DE L ERMITAGE,0940,78000,78646,Versailles,78,,,78646000AC0252,,,141,105.02,,,,,,,,,1,2,Appartement,115,4,,,,,,2.1233,48.812962
2023-1061447,2023-09-29,000001,Vente,860000,7,,RUE DE L ERMITAGE,0940,78000,78646,Versailles,78,,,78646000AC0252,,,101,,,,,,,,,,1,3,Dépendance,,0,,,,,,2.1233,48.812962
2023-1061447,2023-09-29,000001,Vente,860000,7,,RUE DE L ERMITAGE,0940,78000,78646,Versailles,78,,,78646000AC0252,,,119,,,,,,,,,,1,3,Dépendance,,0,,,,,,2.1233,48.812962
2023-1061464,2023-10-12,000001,Vente,462000,126,,RUE YVES LE COZ,3210,78000,78646,Versailles,78,,,78646000BL0403,,,70,,,,,,,,,,1,3,Dépendance,,0,,,,,,2.150369,48.792526
2023-1061464,2023-10-12,000001,Vente,462000,52,,RUE MOLIERE,1940,78000,78646,Versailles,78,,,78646000BL0403,,,23,79.95,,,,,,,,,1,2,Appartement,81,4,,,,,,2.150369,48.792526
2023-1061464,2023-10-12,000001,Vente,462000,52,,RUE MOLIERE,1940,78000,78646,Versailles,78,,,78646000BL0403,,,23,79.95,,,,,,,,,1,3,Dépendance,,0,,,,,,2.150369,48.792526
2023-1061464,2023-10-12,000001,Vente,462000,126,,RUE YVES LE COZ,3210,78000,78646,Versailles,78,,,78646000BL0403,,,79,,,,,,,,,,1,3,Dépendance,,0,,,,,,2.150369,48.792526
2023-1061491,2023-10-11,000001,Vente,135238,7,,RUE DE L ORANGERIE,2110,78000,78646,Versailles,78,,,78646000AH0026,,,27,,44,,,,,,,,2,3,Dépendance,,0,,,,,,2.121384,48.800694
2023-1061491,2023-10-11,000001,Vente,135238,7,,RUE DE L ORANGERIE,2110,78000,78646,Versailles,78,,,78646000AH0026,,,27,,44,,,,,,,,2,2,Appartement,34,2,,,,,,2.121384,48.800694
2023-1061512,2023-09-28,000001,Vente,160000,15,,RUE DU MAL FOCH,1810,78000,78646,Versailles,78,,,78646000AE0286,,,20,,53,,,,,,,,2,2,Appartement,23,1,,,,,,2.131178,48.805884
2023-1061526,2023-10-17,000001,Vente,210000,9,,RUE LAFAYETTE,1580,78000,78646,Versailles,78,,,78646000AC0320,,,22,38.35,69,,,,,,,,2,2,Appartement,39,2,,,,,,2.125523,48.812649
2023-1061526,2023-10-17,000001,Vente,210000,9,,RUE LAFAYETTE,1580,78000,78646,Versailles,78,,,78646000AC0320,,,22,38.35,69,,,,,,,,2,3,Dépendance,,0,,,,,,2.125523,48.812649
2023-1061530,2023-10-19,000001,Vente,514611,2,,RUE DE LA CEINTURE,0460,78000,78646,Versailles,78,,,78646000AW0219,,,309,79.82,357,,,,,,,,2,3,Dépendance,,0,,,,,,2.147909,48.808568
2023-1061530,2023-10-19,000001,Vente,514611,2,,RUE DE LA CEINTURE,0460,78000,78646,Versailles,78,,,78646000AW0219,,,661,,,,,,,,,,1,3,Dépendance,,0,,,,,,2.147909,48.808568
2023-1061530,2023-10-19,000001,Vente,514611,2,,RUE DE LA CEINTURE,0460,78000,78646,Versailles,78,,,78646000AW0219,,,309,79.82,357,,,,,,,,2,2,Appartement,81,3,,,,,,2.147909,48.808568
2023-1061554,2023-10-13,000001,Vente,402000,2,,PROM MONA LISA,1965,78000,78646,Versailles,78,,,78646000AZ0110,,,1665,,1761,83.75,,,,,,,2,3,Dépendance,,0,,,,,,2.158672,48.8041
2023-1061554,2023-10-13,000001,Vente,402000,5,,RUE DE L ECOLE DES POSTES,0850,78000,78646,Versailles,78,,,78646000AZ0110,,,3670,,,,,,,,,,1,3,Dépendance,,0,,,,,,2.158672,48.8041
2023-1061554,2023-10-13,000001,Vente,402000,2,,PROM MONA LISA,1965,78000,78646,Versailles,78,,,78646000AZ0110,,,1665,,1761,83.75,,,,,,,2,2,Appartement,81,3,,,,,,2.158672,48.8041
2023-1061555,2023-10-18,000001,Vente,1388640,6,B,RUE DES PETITS BOIS,2250,78000,78646,Versailles,78,,,78646000AZ0375,,,,,,,,,,,,,0,1,Maison,211,6,S,sols,,,600,2.157586,48.806469
2023-1061563,2023-10-12,000001,Vente,377000,126,,RUE YVES LE COZ,3210,78000,78646,Versailles,78,,,78646000BL0403,,,91,,,,,,,,,,1,3,Dépendance,,0,,,,,,2.150369,48.792526
2023-1061563,2023-10-12,000001,Vente,377000,52,,RUE MOLIERE,1940,78000,78646,Versailles,78,,,78646000BL0403,,,11,65.22,,,,,,,,,1,2,Appartement,67,3,,,,,,2.150369,48.792526
2023-1061563,2023-10-12,000001,Vente,377000,52,,RUE MOLIERE,1940,78000,78646,Versailles,78,,,78646000BL0403,,,11,65.22,,,,,,,,,1,3,Dépendance,,0,,,,,,2.150369,48.792526
2023-1061574,2023-10-17,000001,Vente,1439860,8,,RUE REMONT,2560,78000,78646,Versailles,78,,,78646000BE0297,,,,,,,,,,,,,0,1,Maison,140,5,S,sols,,,590,2.16208,48.797135
2023-1061605,2023-10-20,000001,Vente,285000,17,,RUE DES ETATS GENERAUX,0980,78000,78646,Versailles,78,,,78646000BR0036,,,17,51.15,,,,,,,,,1,2,Appartement,50,2,,,,,,2.133011,48.800241
2023-1061605,2023-10-20,000001,Vente,285000,17,,RUE DES ETATS GENERAUX,0980,78000,78646,Versailles,78,,,78646000BR0036,,,9,,,,,,,,,,1,3,Dépendance,,0,,,,,,2.133011,48.800241
2023-1061614,2023-10-11,000001,Vente,84500,1,,AV DES ETATS UNIS,0990,78000,78646,Versailles,78,,,78646000AX0025,,,23,12.35,,,,,,,,,1,3,Dépendance,,0,,,,,,2.141563,48.806353
2023-1061674,2023-10-11,000001,Vente,518480,32,,RUE DU MAL JOFFRE,1820,78000,78646,Versailles,78,,,78646000BW0207,,,28,,37,86.15,,,,,,,2,3,Dépendance,,0,,,,,,2.119719,48.794497
2023-1061674,2023-10-11,000001,Vente,518480,32,,RUE DU MAL JOFFRE,1820,78000,78646,Versailles,78,,,78646000BW0207,,,175,,,,,,,,,,1,3,Dépendance,,0,,,,,,2.119719,48.794497
2023-1061674,2023-10-11,000001,Vente,518480,32,,RUE DU MAL JOFFRE,1820,78000,78646,Versailles,78,,,78646000BW0207,,,28,,37,86.15,,,,,,,2,2,Appartement,83,4,,,,,,2.119719,48.794497
2023-1061694,2023-10-19,000001,Vente,25000,16,,RUE SAINT LOUIS,2810,78000,78646,Versailles,78,,,78646000BW0066,,,238,,,,,,,,,,1,3,Dépendance,,0,,,,,,2.124252,48.79492
2023-1061703,2023-10-17,000001,Vente,1139900,5,,ALL JACQUES LEMERCIER,1418,78000,78646,Versailles,78,,,78646000AO0054,,,,,,,,,,,,,0,1,Maison,90,3,S,sols,,,252,2.148073,48.81458
2023-1061703,2023-10-17,000001,Vente,1139900,5,,ALL JACQUES LEMERCIER,1418,78000,78646,Versailles,78,,,78646000AO0054,,,,,,,,,,,,,0,3,Dépendance,,0,S,sols,,,252,2.148073,48.81458
2023-1061704,2023-10-24,000001,Vente,355000,1,,ALL LA BRUYERE,1557,78000,78646,Versailles,78,,,78646000AO0205,,,1326,61.19,1526,,,,,,,,2,3,Dépendance,,0,,,,,,2.146857,48.813978
2023-1061704,2023-10-24,000001,Vente,355000,1,,ALL LA BRUYERE,1557,78000,78646,Versailles,78,,,78646000AO0205,,,1326,61.19,1526,,,,,,,,2,3,Dépendance,,0,,,,,,2.146857,48.813978
2023-1061704,2023-10-24,000001,Vente,355000,1,,ALL LA BRUYERE,1557,78000,78646,Versailles,78,,,78646000AO0205,,,1676,,,,,,,,,,1,3,Dépendance,,0,,,,,,2.146857,48.813978
2023-1061704,2023-10-24,000001,Vente,355000,1,,ALL LA BRUYERE,1557,78000,78646,Versailles,78,,,78646000AO0205,,,1326,61.19,1526,,,,,,,,2,2,Appartement,58,3,,,,,,2.146857,48.813978
2023-1061713,2023-10-23,000001,Vente,288450,19,B,RUE DU PONT COLBERT,2370,78000,78646,Versailles,78,,,78646000BI0284,,,73,64.31,74,,,,,,,,2,2,Appartement,57,4,,,,,,2.151506,48.789725
2023-1061713,2023-10-23,000001,Vente,288450,19,B,RUE DU PONT COLBERT,2370,78000,78646,Versailles,78,,,78646000BI0284,,,73,64.31,74,,,,,,,,2,3,Dépendance,,0,,,,,,2.151506,48.789725
2023-1061750,2023-10-20,000001,Vente en l'état futur d'achèvement,559000,,,LA SABLIERE,B029,78000,78646,Versailles,78,,,78646000BY0108,,,452,,,,,,,,,,1,,,,,,,,,,2.079319,48.802074
2023-1061750,2023-10-20,000001,Vente en l'état futur d'achèvement,559000,,,LA SABLIERE,B029,78000,78646,Versailles,78,,,78646000BY0108,,,220,,,,,,,,,,1,,,,,,,,,,2.079319,48.802074
2023-1061760,2023-10-20,000001,Vente,1250000,12,T,RUE DE LA CHANCELLERIE,0500,78000,78646,Versailles,78,,,78646000AH0237,,,1,,,,,,,,,,1,3,Dépendance,,0,,,,,,2.12341,48.802234
2023-1061760,2023-10-20,000001,Vente,1250000,12,T,RUE DE LA CHANCELLERIE,0500,78000,78646,Versailles,78,,,78646000AH0237,,,6,,,,,,,,,,1,2,Appartement,134,4,,,,,,2.12341,48.802234
2023-1061778,2023-10-19,000001,Vente,570000,2,,ALL DES GARDES ROYALES,1136,78000,78646,Versailles,78,,,78646000AY0212,,,1284,,,,,,,,,,1,3,Dépendance,,0,,,,,,2.151214,48.802177
2023-1061778,2023-10-19,000001,Vente,570000,10,,ALL DES GARDES ROYALES,1136,78000,78646,Versailles,78,,,78646000AY0212,,,514,90.94,538,,,,,,,,2,2,Appartement,90,4,,,,,,2.151214,48.802177
2023-1061778,2023-10-19,000001,Vente,570000,10,,ALL DES GARDES ROYALES,1136,78000,78646,Versailles,78,,,78646000AY0212,,,514,90.94,538,,,,,,,,2,3,Dépendance,,0,,,,,,2.151214,48.802177
2023-1061778,2023-10-19,000001,Vente,570000,10,,ALL DES GARDES ROYALES,1136,78000,78646,Versailles,78,,,78646000AY0212,,,514,90.94,538,,,,,,,,2,3,Dépendance,,0,,,,,,2.151214,48.802177
2023-1061780,2023-10-03,000001,Vente,1210000,3,,RUE DE BEAUVAU,0320,78000,78646,Versailles,78,,,78646000AD0263,,,31,139.3,,,,,,,,,1,4,Local industriel. commercial ou assimilé,134,0,,,,,,2.131065,48.81221
2023-1061780,2023-10-03,000001,Vente,1210000,3,,RUE DE BEAUVAU,0320,78000,78646,Versailles,78,,,78646000AD0263,,,31,139.3,,,,,,,,,1,4,Local industriel. commercial ou assimilé,94,0,,,,,,2.131065,48.81221
2023-1061793,2023-10-12,000001,Vente,188000,134,,RUE REMONT,2560,78000,78646,Versailles,78,,,78646000BI0250,,,,,,,,,,,,,0,1,Maison,58,3,S,sols,,,304,2.152332,48.789713
2023-1061793,2023-10-12,000001,Vente,188000,134,,RUE REMONT,2560,78000,78646,Versailles,78,,,78646000BI0250,,,,,,,,,,,,,0,3,Dépendance,,0,S,sols,,,304,2.152332,48.789713
2023-1061814,2023-10-02,000001,Vente,310000,52,,AV DE VILLENEUVE L ETANG,3200,78000,78646,Versailles,78,,,78646000AO0195,,,1649,,,,,,,,,,1,3,Dépendance,,0,,,,,,2.148734,48.818785
2023-1061814,2023-10-02,000001,Vente,310000,52,,AV DE VILLENEUVE L ETANG,3200,78000,78646,Versailles,78,,,78646000AO0195,,,1516,41.96,,,,,,,,,1,2,Appartement,42,2,,,,,,2.148734,48.818785
2023-1061840,2023-10-20,000001,Vente,238000,5,,RUE SAINT HONORE,2780,78000,78646,Versailles,78,,,78646000BV0125,,,11,34.03,,,,,,,,,1,2,Appartement,34,2,,,,,,2.12542,48.798409
2023-1061851,2023-10-13,000001,Vente,348083,24,,RUE JACQUES LEMERCIER,1420,78000,78646,Versailles,78,,,78646000AO0020,,,201,,,,,,,,,,1,3,Dépendance,,0,,,,,,2.150001,48.814605
2023-1061851,2023-10-13,000001,Vente,348083,24,,RUE JACQUES LEMERCIER,1420,78000,78646,Versailles,78,,,78646000AO0020,,,33,63.33,35,,65,,,,,,3,3,Dépendance,,0,,,,,,2.150001,48.814605
2023-1061851,2023-10-13,000001,Vente,348083,24,,RUE JACQUES LEMERCIER,1420,78000,78646,Versailles,78,,,78646000AO0020,,,33,63.33,35,,65,,,,,,3,3,Dépendance,,0,,,,,,2.150001,48.814605
2023-1061851,2023-10-13,000001,Vente,348083,24,,RUE JACQUES LEMERCIER,1420,78000,78646,Versailles,78,,,78646000AO0020,,,33,63.33,35,,65,,,,,,3,3,Dépendance,,0,,,,,,2.150001,48.814605
2023-1061851,2023-10-13,000001,Vente,348083,24,,RUE JACQUES LEMERCIER,1420,78000,78646,Versailles,78,,,78646000AO0020,,,33,63.33,35,,65,,,,,,3,2,Appartement,66,3,,,,,,2.150001,48.814605
2023-1061896,2023-10-05,000001,Vente,1225224,,,PAS DE LA GEOLE,1180,78000,78646,Versailles,78,,,78646000AE0091,,105,,,,,,,,,,,0,,,,,,,,,,2.131364,48.807615
2023-1061896,2023-10-05,000001,Vente,1225224,,,PAS DE LA GEOLE,1180,78000,78646,Versailles,78,,,78646000AE0091,,106,,,,,,,,,,,0,,,,,,,,,,2.131364,48.807615
2023-1061896,2023-10-05,000001,Vente,1225224,,,PAS DE LA GEOLE,1180,78000,78646,Versailles,78,,,78646000AE0091,,107,,,,,,,,,,,0,,,,,,,,,,2.131364,48.807615
2023-1061919,2023-10-17,000001,Vente,311000,57,,RUE EXELMANS,1020,78000,78646,Versailles,78,,,78646000AC0262,,,338,43.16,376,,,,,,,,2,3,Dépendance,,0,,,,,,2.126785,48.814611
2023-1061919,2023-10-17,000001,Vente,311000,57,,RUE EXELMANS,1020,78000,78646,Versailles,78,,,78646000AC0262,,,338,43.16,376,,,,,,,,2,2,Appartement,43,2,,,,,,2.126785,48.814611
2023-1061926,2023-10-25,000001,Vente,19000,26,B,RUE SAINTE SOPHIE,2890,78000,78646,Versailles,78,,,78646000AD0513,,,117,,,,,,,,,,1,3,Dépendance,,0,,,,,,2.134748,48.813658
2023-1061934,2023-10-16,000001,Vente,178000,88,B,AV DE PARIS,2180,78000,78646,Versailles,78,,,78646000BN0048,,,97,22.57,,,,,,,,,1,2,Appartement,23,1,,,,,,2.146306,48.797577
2023-1061978,2023-10-27,000001,Vente,348950,36,,BD DU ROI,2641,78000,78646,Versailles,78,,,78646000AD0406,,,11,50.7,,,,,,,,,1,2,Appartement,57,3,,,,,,2.128526,48.81382
2023-1061993,2023-10-26,000001,Vente,1359700,50,,RUE DE LA PAROISSE,2190,78000,78646,Versailles,78,,,78646000AE0215,,,10,,3,157.26,,,,,,,2,2,Appartement,141,4,,,,,,2.129508,48.806878
2023-1061993,2023-10-26,000001,Vente,1359700,50,,RUE DE LA PAROISSE,2190,78000,78646,Versailles,78,,,78646000AE0215,,,10,,3,157.26,,,,,,,2,3,Dépendance,,0,,,,,,2.129508,48.806878
2023-1062004,2023-10-18,000001,Vente,23000,40,,RUE REMILLY,2530,78000,78646,Versailles,78,,,78646000AK0078,,,48,,,,,,,,,,1,3,Dépendance,,0,,,,,,2.14028,48.811308
2023-1062008,2023-10-13,000001,Vente,27000,39,,BD DU ROI,2641,78000,78646,Versailles,78,,,78646000AC0108,,,117,,,,,,,,,,1,3,Dépendance,,0,,,,,,2.127742,48.814503
2023-1062053,2023-10-30,000001,Vente,258000,2,,RUE DU MAL JOFFRE,1820,78000,78646,Versailles,78,,,78646000BV0029,,,15,,16,,,,,,,,2,4,Local industriel. commercial ou assimilé,35,0,,,,,,2.12398,48.799435
2023-1062070,2023-10-04,000001,Vente,46000,15,,RUE BENJAMIN FRANKLIN,0340,78000,78646,Versailles,78,,,78646000BS0035,,,140,,,,,,,,,,1,3,Dépendance,,0,,,,,,2.136519,48.797884
2023-1062093,2023-10-19,000001,Vente,1209392,34,,RUE BERTHELOT,0360,78000,78646,Versailles,78,,,78646000BE0388,,,,,,,,,,,,,0,1,Maison,125,7,S,sols,,,605,2.159806,48.794012
2023-1062098,2023-10-24,000001,Vente,606600,45,,RUE DU MAL FOCH,1810,78000,78646,Versailles,78,,,78646000AD0099,,,46,,,,,,,,,,1,2,Appartement,63,3,,,,,,2.133301,48.809259
2023-1062099,2023-10-20,000001,Vente,216500,13,,RUE DE LA POURVOIERIE,2420,78000,78646,Versailles,78,,,78646000AE0433,,,10,,29,27.13,,,,,,,2,2,Appartement,26,1,,,,,,2.13194,48.807515
2023-1062099,2023-10-20,000001,Vente,216500,13,,RUE DE LA POURVOIERIE,2420,78000,78646,Versailles,78,,,78646000AE0433,,,10,,29,27.13,,,,,,,2,3,Dépendance,,0,,,,,,2.13194,48.807515
2023-1062101,2023-10-31,000001,Vente,1880000,32,B,AV DU LOUVRE,1705,78000,78646,Versailles,78,,,78646000BC0065,,,,,,,,,,,,,0,3,Dépendance,,0,S,sols,,,585,2.158349,48.800644
2023-1062101,2023-10-31,000001,Vente,1880000,32,B,AV DU LOUVRE,1705,78000,78646,Versailles,78,,,78646000BC0065,,,,,,,,,,,,,0,1,Maison,222,8,AG,terrains d'agrément,,,747,2.158349,48.800644
2023-1062101,2023-10-31,000001,Vente,1880000,32,B,AV DU LOUVRE,1705,78000,78646,Versailles,78,,,78646000BC0065,,,,,,,,,,,,,0,3,Dépendance,,0,AG,terrains d'agrément,,,747,2.158349,48.800644
2023-1062101,2023-10-31,000001,Vente,1880000,32,B,AV DU LOUVRE,1705,78000,78646,Versailles,78,,,78646000BC0065,,,,,,,,,,,,,0,1,Maison,222,8,S,sols,,,585,2.158349,48.800644
2023-1062106,2023-10-12,000001,Vente,235402,13,,RUE DE L ORIENT,2130,78000,78646,Versailles,78,,,78646000BT0105,,,110,27.8,113,,,,,,,,2,2,Appartement,26,2,,,,,,2.127036,48.796284
2023-1062106,2023-10-12,000001,Vente,235402,13,,RUE DE L ORIENT,2130,78000,78646,Versailles,78,,,78646000BT0105,,,126,,,,,,,,,,1,3,Dépendance,,0,,,,,,2.127036,48.796284
2023-1062113,2023-10-19,000001,Vente,350000,3,,RUE DE BEAUVAU,0320,78000,78646,Versailles,78,,,78646000AD0263,,,29,46.3,,,,,,,,,1,4,Local industriel. commercial ou assimilé,94,0,,,,,,2.131065,48.81221
2023-1062165,2023-09-29,000001,Vente,37000,36,,RUE DU VIEUX VERSAILLES,3180,78000,78646,Versailles,78,,,78646000AH0127,,,10,8.13,,,,,,,,,1,3,Dépendance,,0,,,,,,2.124469,48.800269
2023-1062175,2023-10-20,000001,Vente,732000,12,,RUE SAINT LOUIS,2810,78000,78646,Versailles,78,,,78646000BW0072,,,10,,18,,4,104.67,,,,,3,2,Appartement,101,4,,,,,,2.12403,48.795291
2023-1062175,2023-10-20,000001,Vente,732000,12,,RUE SAINT LOUIS,2810,78000,78646,Versailles,78,,,78646000BW0072,,,10,,18,,4,104.67,,,,,3,3,Dépendance,,0,,,,,,2.12403,48.795291
2023-1062175,2023-10-20,000001,Vente,732000,12,,RUE SAINT LOUIS,2810,78000,78646,Versailles,78,,,78646000BW0072,,,10,,18,,4,104.67,,,,,3,3,Dépendance,,0,,,,,,2.12403,48.795291
2023-1062190,2023-10-25,000001,Vente en l'état futur d'achèvement,333300,,,LA SABLIERE,B029,78000,78646,Versailles,78,,,78646000BY0121,,,20,,,,,,,,,,1,,,,,,,,,,2.079148,48.803081
2023-1062191,2023-10-31,000001,Vente,1300000,11,,RUE NEUVE NOTRE DAME,2040,78000,78646,Versailles,78,,,78646000AE0011,,,32,,33,,5,130,6,,,,4,2,Appartement,131,5,,,,,,2.127242,48.808907
2023-1062191,2023-10-31,000001,Vente,1300000,11,,RUE NEUVE NOTRE DAME,2040,78000,78646,Versailles,78,,,78646000AE0011,,,32,,33,,5,130,6,,,,4,3,Dépendance,,0,,,,,,2.127242,48.808907
2023-1062191,2023-10-31,000001,Vente,1300000,11,,RUE NEUVE NOTRE DAME,2040,78000,78646,Versailles,78,,,78646000AE0011,,,32,,33,,5,130,6,,,,4,3,Dépendance,,0,,,,,,2.127242,48.808907
2023-1062192,2023-10-30,000001,Vente,710000,45,,RUE CARNOT,0440,78000,78646,Versailles,78,,,78646000AE0279,,,18,,9,107.68,,,,,,,2,2,Appartement,112,6,,,,,,2.130718,48.805625
2023-1062192,2023-10-30,000001,Vente,710000,45,,RUE CARNOT,0440,78000,78646,Versailles,78,,,78646000AE0279,,,18,,9,107.68,,,,,,,2,3,Dépendance,,0,,,,,,2.130718,48.805625
2023-1062194,2023-10-31,000001,Vente,775600,13,,RUE DE VERGENNES,3150,78000,78646,Versailles,78,,,78646000BN0016,,,10,109.37,11,,12,109.37,14,,23,,7,3,Dépendance,,0,,,,,,2.13809,48.798954
2023-1062194,2023-10-31,000001,Vente,775600,13,,RUE DE VERGENNES,3150,78000,78646,Versailles,78,,,78646000BN0016,,,10,109.37,11,,12,109.37,14,,23,,7,3,Dépendance,,0,,,,,,2.13809,48.798954
2023-1062194,2023-10-31,000001,Vente,775600,13,,RUE DE VERGENNES,3150,78000,78646,Versailles,78,,,78646000BN0016,,,10,109.37,11,,12,109.37,14,,23,,7,3,Dépendance,,0,,,,,,2.13809,48.798954
2023-1062194,2023-10-31,000001,Vente,775600,13,,RUE DE VERGENNES,3150,78000,78646,Versailles,78,,,78646000BN0016,,,10,109.37,11,,12,109.37,14,,23,,7,3,Dépendance,,0,,,,,,2.13809,48.798954
2023-1062194,2023-10-31,000001,Vente,775600,13,,RUE DE VERGENNES,3150,78000,78646,Versailles,78,,,78646000BN0016,,,10,109.37,11,,12,109.37,14,,23,,7,2,Appartement,127,6,,,,,,2.13809,48.798954
2023-1062211,2023-10-04,000001,Vente,569700,8,,RUE JEAN MERMOZ,1460,78000,78646,Versailles,78,,,78646000BN0035,,,43,,,,,,,,,,1,3,Dépendance,,0,,,,,,2.142529,48.797184
2023-1062211,2023-10-04,000001,Vente,569700,8,,RUE JEAN MERMOZ,1460,78000,78646,Versailles,78,,,78646000BN0035,,,27,72,,,,,,,,,1,2,Appartement,72,3,,,,,,2.142529,48.797184
2023-1062211,2023-10-04,000001,Vente,569700,8,,RUE JEAN MERMOZ,1460,78000,78646,Versailles,78,,,78646000BN0035,,,42,,,,,,,,,,1,3,Dépendance,,0,,,,,,2.142529,48.797184
2023-1062215,2023-10-25,000001,Vente en l'état futur d'achèvement,25000,,,LA SABLIERE,B029,78000,78646,Versailles,78,,,78646000BY0110,,,132,,,,,,,,,,1,,,,,,,,,,2.078228,48.802624
2023-1062221,2023-11-03,000001,Vente,204900,18,,RUE DE MONTREUIL,2000,78000,78646,Versailles,78,,,78646000AX0327,,,20,,4,28.02,,,,,,,2,2,Appartement,30,1,,,,,,2.143845,48.804811
2023-1062221,2023-11-03,000001,Vente,204900,18,,RUE DE MONTREUIL,2000,78000,78646,Versailles,78,,,78646000AX0327,,,20,,4,28.02,,,,,,,2,3,Dépendance,,0,,,,,,2.143845,48.804811
2023-1062224,2023-11-02,000001,Vente,125000,16,,RUE CHAMP LAGARDE,0490,78000,78646,Versailles,78,,,78646000BO0080,,,6,,,,,,,,,,1,4,Local industriel. commercial ou assimilé,26,0,,,,,,2.142868,48.800426
2023-1062232,2023-10-27,000001,Vente,1312700,12,B,RUE DE LA BONNE AVENTURE,0390,78000,78646,Versailles,78,,,78646000AX0255,,,,,,,,,,,,,0,3,Dépendance,,0,S,sols,,,208,2.144619,48.806152
2023-1062232,2023-10-27,000001,Vente,1312700,12,B,RUE DE LA BONNE AVENTURE,0390,78000,78646,Versailles,78,,,78646000AX0255,,,,,,,,,,,,,0,2,Appartement,35,2,S,sols,,,208,2.144619,48.806152
2023-1062232,2023-10-27,000001,Vente,1312700,12,B,RUE DE LA BONNE AVENTURE,0390,78000,78646,Versailles,78,,,78646000AX0255,,,,,,,,,,,,,0,2,Appartement,75,4,S,sols,,,208,2.144619,48.806152
2023-1062315,2023-11-06,000001,Vente,171000,6,,PL CHAROST,0550,78000,78646,Versailles,78,,,78646000AI0050,,,12,,17,24.8,,,,,,,2,2,Appartement,25,2,,,,,,2.132609,48.803586
2023-1062315,2023-11-06,000001,Vente,171000,6,,PL CHAROST,0550,78000,78646,Versailles,78,,,78646000AI0050,,,12,,17,24.8,,,,,,,2,3,Dépendance,,0,,,,,,2.132609,48.803586
2023-1062325,2023-11-06,000001,Vente,290000,2,,SQ DES CHEVAU LEGERS,0601,78000,78646,Versailles,78,,,78646000AH0226,,,149,39.08,445,,,,,,,,2,3,Dépendance,,0,,,,,,2.126268,48.79975
2023-1062325,2023-11-06,000001,Vente,290000,2,,SQ DES CHEVAU LEGERS,0601,78000,78646,Versailles,78,,,78646000AH0226,,,149,39.08,445,,,,,,,,2,2,Appartement,38,2,,,,,,2.126268,48.79975
2023-1062362,2023-10-31,000001,Vente,900000,14,,RUE DE LA PAROISSE,2190,78000,78646,Versailles,78,,,78646000AE0182,,,15,,3,121.52,,,,,,,2,2,Appartement,121,4,,,,,,2.126034,48.8078
2023-1062362,2023-10-31,000001,Vente,900000,14,,RUE DE LA PAROISSE,2190,78000,78646,Versailles,78,,,78646000AE0182,,,15,,3,121.52,,,,,,,2,3,Dépendance,,0,,,,,,2.126034,48.8078
2023-1062383,2023-10-27,000001,Vente,120000,33,,RUE SAINT HONORE,2780,78000,78646,Versailles,78,,,78646000BV0161,,,28,,4,,,,,,,,2,2,Appartement,30,1,,,,,,2.124283,48.796363
2023-1062430,2023-10-23,000001,Vente,220000,65,,RUE DE LA PAROISSE,2190,78000,78646,Versailles,78,,,78646000AI0185,,,20,38.88,,,,,,,,,1,4,Local industriel. commercial ou assimilé,40,0,,,,,,2.134013,48.806671
2023-1062441,2023-10-31,000001,Vente,1300000,17,,RUE JEAN DE LA FONTAINE,1439,78000,78646,Versailles,78,,,78646000BE0281,,,,,,,,,,,,,0,1,Maison,106,8,S,sols,,,315,2.161094,48.796902
2023-1062456,2023-11-06,000001,Vente,801020,9,,RUE INDEPENDANCE AMERICAINE,1390,78000,78646,Versailles,78,,,78646000AH0022,,,305,59.99,652,,,,,,,,2,3,Dépendance,,0,,,,,,2.121249,48.801216
2023-1062456,2023-11-06,000001,Vente,801020,9,,RUE INDEPENDANCE AMERICAINE,1390,78000,78646,Versailles,78,,,78646000AH0022,,,636,,,,,,,,,,1,3,Dépendance,,0,,,,,,2.121249,48.801216
2023-1062456,2023-11-06,000001,Vente,801020,9,,RUE INDEPENDANCE AMERICAINE,1390,78000,78646,Versailles,78,,,78646000AH0022,,,305,59.99,652,,,,,,,,2,2,Appartement,58,2,,,,,,2.121249,48.801216
2023-1062473,2023-10-10,000001,Vente,180500,79,,AV DE SAINT CLOUD,2730,78000,78646,Versailles,78,,,78646000AI0236,,,65,,,,,,,,,,1,2,Appartement,14,1,,,,,,2.138101,48.806152
2023-1062475,2023-10-27,000001,Vente,396640,2,,RUE SAINT LOUIS,2810,78000,78646,Versailles,78,,,78646000BW0081,,,30,,5,51.82,,,,,,,2,3,Dépendance,,0,,,,,,2.122585,48.795743
2023-1062475,2023-10-27,000001,Vente,396640,2,,RUE SAINT LOUIS,2810,78000,78646,Versailles,78,,,78646000BW0081,,,30,,5,51.82,,,,,,,2,2,Appartement,50,2,,,,,,2.122585,48.795743
2023-1062490,2023-10-27,000001,Vente,1345200,26,,RUE SAINTE SOPHIE,2890,78000,78646,Versailles,78,,,78646000AD0510,,,2,,,,,,,,,,1,1,Maison,147,4,,,,,,2.134388,48.81347
2023-1062490,2023-10-27,000001,Vente,1345200,26,B,RUE SAINTE SOPHIE,2890,78000,78646,Versailles,78,,,78646000AD0513,,,114,,,,,,,,,,1,3,Dépendance,,0,,,,,,2.134748,48.813658
2023-1062507,2023-05-12,000001,Vente,225938,64,,RUE DES CHANTIERS,0530,78000,78646,Versailles,78,,,78646000BL0326,,,439,,96,36.68,,,,,,,2,3,Dépendance,,0,,,,,,2.143523,48.792624
2023-1062507,2023-05-12,000001,Vente,225938,64,,RUE DES CHANTIERS,0530,78000,78646,Versailles,78,,,78646000BL0326,,,439,,96,36.68,,,,,,,2,2,Appartement,37,1,,,,,,2.143523,48.792624
2023-1062510,2023-11-07,000001,Vente,270000,23,,RUE DU MAL JOFFRE,1820,78000,78646,Versailles,78,,,78646000BW0087,,,10,,3,37.67,,,,,,,2,2,Appartement,38,2,,,,,,2.121757,48.795167
2023-1062510,2023-11-07,000001,Vente,270000,23,,RUE DU MAL JOFFRE,1820,78000,78646,Versailles,78,,,78646000BW0087,,,10,,3,37.67,,,,,,,2,3,Dépendance,,0,,,,,,2.121757,48.795167
2023-1062516,2023-11-10,000001,Vente,292000,39,,RUE DES ETATS GENERAUX,0980,78000,78646,Versailles,78,,,78646000BR0074,,,4,,,,,,,,,,1,2,Appartement,34,1,,,,,,2.134561,48.798635
2023-1062548,2023-11-06,000001,Vente,270000,41,B,RUE REMONT,2560,78000,78646,Versailles,78,,,78646000BE0372,,,,,,,,,,,,,0,1,Maison,90,4,S,sols,,,374,2.159922,48.794759
2023-1062549,2023-11-08,000001,Vente,143230,1,,RUE FRANCOIS BOUCHER,1120,78000,78646,Versailles,78,,,78646000AZ0171,,,4,22.4,6,,,,,,,,2,2,Appartement,24,1,,,,,,2.158302,48.805768
2023-1062549,2023-11-08,000001,Vente,143230,1,,RUE FRANCOIS BOUCHER,1120,78000,78646,Versailles,78,,,78646000AZ0171,,,4,22.4,6,,,,,,,,2,3,Dépendance,,0,,,,,,2.158302,48.805768
2023-1062556,2023-10-24,000001,Vente,135000,13,,RUE DE VERGENNES,3150,78000,78646,Versailles,78,,,78646000BN0016,,,3,19.66,30,,,,,,,,2,2,Appartement,70,3,,,,,,2.13809,48.798954
2023-1062556,2023-10-24,000001,Vente,135000,13,,RUE DE VERGENNES,3150,78000,78646,Versailles,78,,,78646000BN0016,,,3,19.66,30,,,,,,,,2,3,Dépendance,,0,,,,,,2.13809,48.798954
2023-1062561,2023-11-09,000001,Vente,299020,17,,RUE DES PRES AUX BOIS,2430,78000,78646,Versailles,78,,,78646000BC0073,,,4,49.47,6,,,,,,,,2,2,Appartement,51,2,,,,,,2.159249,48.800346
2023-1062561,2023-11-09,000001,Vente,299020,17,,RUE DES PRES AUX BOIS,2430,78000,78646,Versailles,78,,,78646000BC0073,,,4,49.47,6,,,,,,,,2,3,Dépendance,,0,,,,,,2.159249,48.800346
2023-1062570,2023-11-09,000001,Vente,550725,40,,BD DU ROI,2641,78000,78646,Versailles,78,,,78646000AD0407,,,187,,,,,,,,,,1,3,Dépendance,,0,,,,,,2.129146,48.814076
2023-1062570,2023-11-09,000001,Vente,550725,40,,BD DU ROI,2641,78000,78646,Versailles,78,,,78646000AD0407,,,162,96.32,163,,,,,,,,2,2,Appartement,95,5,,,,,,2.129146,48.814076
2023-1062570,2023-11-09,000001,Vente,550725,40,,BD DU ROI,2641,78000,78646,Versailles,78,,,78646000AD0407,,,162,96.32,163,,,,,,,,2,3,Dépendance,,0,,,,,,2.129146,48.814076
2023-1062574,2023-11-10,000001,Vente,282900,5,,RUE DE L ECOLE DES POSTES,0850,78000,78646,Versailles,78,,,78646000AZ0110,,,3696,,,,,,,,,,1,3,Dépendance,,0,,,,,,2.158672,48.8041
2023-1062574,2023-11-10,000001,Vente,282900,1,,PROM VENEZIA,3135,78000,78646,Versailles,78,,,78646000AZ0110,,,2197,,2264,50.31,,,,,,,2,2,Appartement,51,2,,,,,,2.158672,48.8041
2023-1062574,2023-11-10,000001,Vente,282900,1,,PROM VENEZIA,3135,78000,78646,Versailles,78,,,78646000AZ0110,,,2197,,2264,50.31,,,,,,,2,3,Dépendance,,0,,,,,,2.158672,48.8041
2023-1062583,2023-10-26,000001,Vente,260000,30,,RUE SAINT LOUIS,2810,78000,78646,Versailles,78,,,78646000BW0052,,,15,,6,35,,,,,,,2,2,Appartement,36,2,,,,,,2.126989,48.794522
2023-1062583,2023-10-26,000001,Vente,260000,30,,RUE SAINT LOUIS,2810,78000,78646,Versailles,78,,,78646000BW0052,,,15,,6,35,,,,,,,2,3,Dépendance,,0,,,,,,2.126989,48.794522
2023-1062737,2023-10-19,000001,Vente,225000,29,,RUE DE L ORANGERIE,2110,78000,78646,Versailles,78,,,78646000AH0119,,,28,32.51,,,,,,,,,1,2,Appartement,32,2,,,,,,2.123445,48.800178
2023-1062798,2023-10-31,000001,Vente,264000,10,,RUE CARNOT,0440,78000,78646,Versailles,78,,,78646000AE0356,,,67,113.83,68,,69,,97,,,,4,3,Dépendance,,0,,,,,,2.125428,48.806349
2023-1062798,2023-10-31,000001,Vente,264000,10,,RUE CARNOT,0440,78000,78646,Versailles,78,,,78646000AE0356,,,67,113.83,68,,69,,97,,,,4,2,Appartement,112,5,,,,,,2.125428,48.806349
2023-1062798,2023-10-31,000001,Vente,264000,10,,RUE CARNOT,0440,78000,78646,Versailles,78,,,78646000AE0356,,,67,113.83,68,,69,,97,,,,4,3,Dépendance,,0,,,,,,2.125428,48.806349
2023-1062798,2023-10-31,000001,Vente,264000,10,,RUE CARNOT,0440,78000,78646,Versailles,78,,,78646000AE0356,,,67,113.83,68,,69,,97,,,,4,3,Dépendance,,0,,,,,,2.125428,48.806349
2023-1062833,2023-11-16,000001,Vente,285000,5,,RUE DE L ECOLE DES POSTES,0850,78000,78646,Versailles,78,,,78646000AZ0110,,,3403,,,,,,,,,,1,3,Dépendance,,0,,,,,,2.158672,48.8041
2023-1062833,2023-11-16,000001,Vente,285000,1,,AV DE LA TRANQUILLITE,3055,78000,78646,Versailles,78,,,78646000AZ0110,,,490,,722,50.78,,,,,,,2,3,Dépendance,,0,,,,,,2.158672,48.8041
2023-1062833,2023-11-16,000001,Vente,285000,1,,AV DE LA TRANQUILLITE,3055,78000,78646,Versailles,78,,,78646000AZ0110,,,490,,722,50.78,,,,,,,2,2,Appartement,51,2,,,,,,2.158672,48.8041
2023-1062879,2023-11-14,000001,Vente,240000,70,B,RUE YVES LE COZ,3210,78000,78646,Versailles,78,,,78646000BD0134,,,5,50.47,6,,,,,,,,2,3,Dépendance,,0,,,,,,2.156546,48.795687
2023-1062879,2023-11-14,000001,Vente,240000,70,B,RUE YVES LE COZ,3210,78000,78646,Versailles,78,,,78646000BD0134,,,5,50.47,6,,,,,,,,2,2,Appartement,54,2,,,,,,2.156546,48.795687
2023-1062879,2023-11-14,000001,Vente,240000,70,B,RUE YVES LE COZ,3210,78000,78646,Versailles,78,,,78646000BD0134,,,5,50.47,6,,,,,,,,2,3,Dépendance,,0,,,,,,2.156546,48.795687
2023-1062881,2023-11-14,000001,Vente,50000,65,,RUE DE LA PAROISSE,2190,78000,78646,Versailles,78,,,78646000AI0185,,,14,,,,,,,,,,1,3,Dépendance,,0,,,,,,2.134013,48.806671
2023-1062889,2023-11-09,000001,Vente,583000,2,,RUE DES NOUETTES,2075,78000,78646,Versailles,78,,,78646000BE0055,,,,,,,,,,,,,0,3,Dépendance,,0,S,sols,,,134,2.155923,48.79376
2023-1062889,2023-11-09,000001,Vente,583000,2,,RUE DES NOUETTES,2075,78000,78646,Versailles,78,,,78646000BE0055,,,,,,,,,,,,,0,1,Maison,75,4,S,sols,,,134,2.155923,48.79376
2023-1062892,2023-11-13,000001,Vente,26000,18,,RUE DU PARC DE CLAGNY,2171,78000,78646,Versailles,78,,,78646000AP0097,,,300,,,,,,,,,,1,3,Dépendance,,0,,,,,,2.141563,48.813647
2023-1062964,2023-10-27,000001,Vente,360000,8,B,RUE EXELMANS,1020,78000,78646,Versailles,78,,,78646000AC0116,,,128,,46,56.59,,,,,,,2,2,Appartement,56,3,,,,,,2.126206,48.81323
2023-1062964,2023-10-27,000001,Vente,360000,8,B,RUE EXELMANS,1020,78000,78646,Versailles,78,,,78646000AC0116,,,128,,46,56.59,,,,,,,2,3,Dépendance,,0,,,,,,2.126206,48.81323
2023-1062964,2023-10-27,000001,Vente,360000,53,,RUE EXELMANS,1020,78000,78646,Versailles,78,,,78646000AC0306,,,17047,,,,,,,,,,1,3,Dépendance,,0,,,,,,2.125764,48.813952
2023-1062979,2023-11-17,000001,Vente,493425,12,,AV DE PORCHEFONTAINE,2380,78000,78646,Versailles,78,,,78646000BK0021,,,218,,265,78.96,,,,,,,2,3,Dépendance,,0,,,,,,2.152071,48.797176
2023-1062979,2023-11-17,000001,Vente,493425,12,,AV DE PORCHEFONTAINE,2380,78000,78646,Versailles,78,,,78646000BK0021,,,218,,265,78.96,,,,,,,2,2,Appartement,78,3,,,,,,2.152071,48.797176
2023-1062979,2023-11-17,000001,Vente,493425,12,,AV DE PORCHEFONTAINE,2380,78000,78646,Versailles,78,,,78646000BK0021,,,1709,,,,,,,,,,1,3,Dépendance,,0,,,,,,2.152071,48.797176
2023-1062995,2023-03-08,000001,Adjudication,83000,2,,PL LYAUTEY,1720,78000,78646,Versailles,78,,,78646000AH0223,,,11,,,,,,,,,,1,3,Dépendance,,0,,,,,,2.127917,48.800732
2023-1063065,2023-10-20,000001,Vente,1684400,14,,AV DES ARTS,0220,78000,78646,Versailles,78,,,78646000AM0601,,,,,,,,,,,,,0,1,Maison,148,6,S,sols,,,541,2.141051,48.822608
2023-1063065,2023-10-20,000001,Vente,1684400,16,,AV DES ARTS,0220,78000,78646,Versailles,78,,,78646000AM0605,,,,,,,,,,,,,0,,,,,S,sols,,,4,2.141332,48.82256
2023-1063083,2023-11-13,000001,Vente,23640,39,,BD DU ROI,2641,78000,78646,Versailles,78,,,78646000AC0108,,,169,,,,,,,,,,1,3,Dépendance,,0,,,,,,2.127742,48.814503
2023-1063084,2023-11-13,000001,Vente,26360,39,,BD DU ROI,2641,78000,78646,Versailles,78,,,78646000AC0108,,,188,,,,,,,,,,1,3,Dépendance,,0,,,,,,2.127742,48.814503
2023-1063176,2023-11-22,000001,Vente,244778.1,12,,RUE PHILIPPE DE DANGEAU,2255,78000,78646,Versailles,78,,,78646000AI0036,,,19,26.2,,,,,,,,,1,2,Appartement,26,1,,,,,,2.13359,48.803387
2023-1063270,2023-11-27,000001,Vente,409000,13,,RUE NEUVE NOTRE DAME,2040,78000,78646,Versailles,78,,,78646000AE0017,,,1,56.11,,,,,,,,,1,2,Appartement,57,2,,,,,,2.127539,48.808884
2023-1063270,2023-11-27,000001,Vente,409000,13,,RUE NEUVE NOTRE DAME,2040,78000,78646,Versailles,78,,,78646000AE0017,,,1,56.11,,,,,,,,,1,3,Dépendance,,0,,,,,,2.127539,48.808884
2023-1063273,2023-11-27,000001,Vente,317450,6,,RUE BAILLY,0280,78000,78646,Versailles,78,,,78646000AH0044,,,7,44.29,,,,,,,,,1,2,Appartement,50,3,,,,,,2.122652,48.80117
2023-1063273,2023-11-27,000001,Vente,317450,6,,RUE BAILLY,0280,78000,78646,Versailles,78,,,78646000AH0044,,,7,44.29,,,,,,,,,1,3,Dépendance,,0,,,,,,2.122652,48.80117
2023-1063273,2023-11-27,000001,Vente,317450,6,,RUE BAILLY,0280,78000,78646,Versailles,78,,,78646000AH0044,,,7,44.29,,,,,,,,,1,3,Dépendance,,0,,,,,,2.122652,48.80117
2023-1063276,2023-11-27,000001,Vente,1154520,7,,BD DE LA REPUBLIQUE,2570,78000,78646,Versailles,78,,,78646000AW0155,,,,,,,,,,,,,0,3,Dépendance,,0,S,sols,,,401,2.146744,48.807646
2023-1063276,2023-11-27,000001,Vente,1154520,7,,BD DE LA REPUBLIQUE,2570,78000,78646,Versailles,78,,,78646000AW0155,,,,,,,,,,,,,0,3,Dépendance,,0,S,sols,,,401,2.146744,48.807646
2023-1063276,2023-11-27,000001,Vente,1154520,7,,BD DE LA REPUBLIQUE,2570,78000,78646,Versailles,78,,,78646000AW0155,,,,,,,,,,,,,0,3,Dépendance,,0,S,sols,,,401,2.146744,48.807646
2023-1063276,2023-11-27,000001,Vente,1154520,7,,BD DE LA REPUBLIQUE,2570,78000,78646,Versailles,78,,,78646000AW0155,,,,,,,,,,,,,0,2,Appartement,180,6,S,sols,,,401,2.146744,48.807646
2023-1063276,2023-11-27,000001,Vente,1154520,7,,BD DE LA REPUBLIQUE,2570,78000,78646,Versailles,78,,,78646000AW0155,,,,,,,,,,,,,0,2,Appartement,60,4,S,sols,,,401,2.146744,48.807646
2023-1063276,2023-11-27,000001,Vente,1154520,7,,BD DE LA REPUBLIQUE,2570,78000,78646,Versailles,78,,,78646000AW0155,,,,,,,,,,,,,0,3,Dépendance,,0,S,sols,,,401,2.146744,48.807646
2023-1063300,2023-11-16,000001,Vente,20000,12,,AV DE PORCHEFONTAINE,2380,78000,78646,Versailles,78,,,78646000BK0021,,,1624,,,,,,,,,,1,3,Dépendance,,0,,,,,,2.152071,48.797176
2023-1063307,2023-11-24,000001,Vente,228620,108,,BD DE LA REINE,2520,78000,78646,Versailles,78,,,78646000AX0037,,,156,,,,,,,,,,1,3,Dépendance,,0,,,,,,2.142871,48.807658
2023-1063307,2023-11-24,000001,Vente,228620,108,,BD DE LA REINE,2520,78000,78646,Versailles,78,,,78646000AX0037,,,18,67.53,252,,,,,,,,2,2,Appartement,67,3,,,,,,2.142871,48.807658
2023-1063307,2023-11-24,000001,Vente,228620,108,,BD DE LA REINE,2520,78000,78646,Versailles,78,,,78646000AX0037,,,18,67.53,252,,,,,,,,2,3,Dépendance,,0,,,,,,2.142871,48.807658
2023-1063374,2023-11-23,000001,Vente,320000,6,,PL HOCHE,1340,78000,78646,Versailles,78,,,78646000AE0320,,,17,43.15,18,,,,,,,,2,4,Local industriel. commercial ou assimilé,47,0,,,,,,2.127801,48.8055
2023-1063399,2023-11-28,000001,Vente,574340,,,PAS DE LA GEOLE,1180,78000,78646,Versailles,78,,,78646000AE0091,,108,,,,,,,,,,,0,,,,,,,,,,2.131364,48.807615
2023-1063418,2023-11-02,000001,Vente,1050000,21,B,RUE DU MARECHAL GALLIENI,1812,78000,78646,Versailles,78,,,78646000AC0005,,,1238,,,,,,,,,,1,3,Dépendance,,0,,,,,,2.123201,48.811375
2023-1063418,2023-11-02,000001,Vente,1050000,21,B,RUE DU MARECHAL GALLIENI,1812,78000,78646,Versailles,78,,,78646000AC0005,,,1123,,1225,,,,,,,,2,2,Appartement,118,4,,,,,,2.123201,48.811375
2023-1063418,2023-11-02,000001,Vente,1050000,21,B,RUE DU MARECHAL GALLIENI,1812,78000,78646,Versailles,78,,,78646000AC0005,,,1228,,,,,,,,,,1,3,Dépendance,,0,,,,,,2.123201,48.811375
2023-1063418,2023-11-02,000001,Vente,1050000,21,B,RUE DU MARECHAL GALLIENI,1812,78000,78646,Versailles,78,,,78646000AC0005,,,1123,,1225,,,,,,,,2,3,Dépendance,,0,,,,,,2.123201,48.811375
2023-1063458,2023-11-29,000001,Vente,689000,46,,AV DE SAINT CLOUD,2730,78000,78646,Versailles,78,,,78646000AI0078,,,17,,24,,37,,,,,,3,2,Appartement,48,2,,,,,,2.135395,48.804715
2023-1063458,2023-11-29,000001,Vente,689000,46,,AV DE SAINT CLOUD,2730,78000,78646,Versailles,78,,,78646000AI0078,,,16,106.36,20,,30,,,,,,3,2,Appartement,65,2,,,,,,2.135395,48.804715
2023-1063458,2023-11-29,000001,Vente,689000,46,,AV DE SAINT CLOUD,2730,78000,78646,Versailles,78,,,78646000AI0078,,,16,106.36,20,,30,,,,,,3,3,Dépendance,,0,,,,,,2.135395,48.804715
2023-1063458,2023-11-29,000001,Vente,689000,46,,AV DE SAINT CLOUD,2730,78000,78646,Versailles,78,,,78646000AI0078,,,16,106.36,20,,30,,,,,,3,3,Dépendance,,0,,,,,,2.135395,48.804715
2023-1063469,2023-11-21,000001,Vente,650000,27,,RUE BERTHIER,0370,78000,78646,Versailles,78,,,78646000AD0197,,,35,,9,,,,,,,,2,2,Appartement,84,3,,,,,,2.12808,48.811819
2023-1063469,2023-11-21,000001,Vente,650000,27,,RUE BERTHIER,0370,78000,78646,Versailles,78,,,78646000AD0197,,,35,,9,,,,,,,,2,3,Dépendance,,0,,,,,,2.12808,48.811819
2023-1063469,2023-11-21,000001,Vente,650000,27,,RUE BERTHIER,0370,78000,78646,Versailles,78,,,78646000AD0197,,,35,,9,,,,,,,,2,3,Dépendance,,0,,,,,,2.12808,48.811819
2023-1063476,2023-11-16,000001,Vente,136000,11,,RUE SAINT MEDERIC,2840,78000,78646,Versailles,78,,,78646000BT0136,,,1,19.96,,,,,,,,,1,2,Appartement,28,1,,,,,,2.12747,48.79535
2023-1063485,2023-11-24,000001,Vente,230000,33,,AV DES ETATS UNIS,0990,78000,78646,Versailles,78,,,78646000AS0036,,,419,,,,,,,,,,1,4,Local industriel. commercial ou assimilé,10,0,,,,,,2.147113,48.809569
2023-1063485,2023-11-24,000001,Vente,230000,33,,AV DES ETATS UNIS,0990,78000,78646,Versailles,78,,,78646000AS0036,,,402,68.15,,,,,,,,,1,4,Local industriel. commercial ou assimilé,67,0,,,,,,2.147113,48.809569
2023-1063541,2023-12-01,000001,Vente,48000,2,B,RUE JEAN HOUDON,1440,78000,78646,Versailles,78,,,78646000AI0023,,,1,,,,,,,,,,1,3,Dépendance,,0,,,,,,2.134025,48.802223
2023-1063597,2023-11-14,000001,Vente,200000,6,,AV DES ETATS UNIS,0990,78000,78646,Versailles,78,,,78646000AX0270,,,17,29.1,,,,,,,,,1,3,Dépendance,,0,,,,,,2.142385,48.805801
2023-1063597,2023-11-14,000001,Vente,200000,6,,AV DES ETATS UNIS,0990,78000,78646,Versailles,78,,,78646000AX0270,,,17,29.1,,,,,,,,,1,2,Appartement,31,1,,,,,,2.142385,48.805801
2023-1063597,2023-11-14,000001,Vente,200000,6,,AV DES ETATS UNIS,0990,78000,78646,Versailles,78,,,78646000AX0270,,,17,29.1,,,,,,,,,1,3,Dépendance,,0,,,,,,2.142385,48.805801
2023-1063599,2023-11-21,000001,Vente,29000,16,,RUE DU PARC DE CLAGNY,2171,78000,78646,Versailles,78,,,78646000AP0099,,,100,,,,,,,,,,1,3,Dépendance,,0,,,,,,2.141446,48.81293
2023-1063601,2023-11-16,000001,Vente,456600,14,T,RUE SAINT CHARLES,2710,78000,78646,Versailles,78,,,78646000AY0287,,,24,59.6,62,,,,,,,,2,2,Appartement,65,3,,,,,,2.150369,48.800861
2023-1063601,2023-11-16,000001,Vente,456600,14,T,RUE SAINT CHARLES,2710,78000,78646,Versailles,78,,,78646000AY0287,,,24,59.6,62,,,,,,,,2,3,Dépendance,,0,,,,,,2.150369,48.800861
2023-1063601,2023-11-16,000001,Vente,456600,3,,RUE DE VERDUN,3140,78000,78646,Versailles,78,,,78646000AY0287,,,51,,,,,,,,,,1,3,Dépendance,,0,,,,,,2.150369,48.800861
2023-1063610,2023-12-01,000001,Vente,716100,34,,RUE DU GENERAL LECLERC,1145,78000,78646,Versailles,78,,,78646000BV0086,,,5,86.59,,,,,,,,,1,2,Appartement,90,4,,,,,,2.127122,48.798687
2023-1063613,2023-11-30,000001,Vente,2630956,15,,RUE DE LA BONNE AVENTURE,0390,78000,78646,Versailles,78,,,78646000AX0534,,,,,,,,,,,,,0,1,Maison,320,8,S,sols,,,595,2.145416,48.806418
2023-1063618,2023-11-17,000001,Vente,475000,8,,PL CHAROST,0550,78000,78646,Versailles,78,,,78646000AI0049,,,1,,,,,,,,,,1,4,Local industriel. commercial ou assimilé,100,0,,,,,,2.132686,48.803592
2023-1063618,2023-11-17,000001,Vente,475000,8,,PL CHAROST,0550,78000,78646,Versailles,78,,,78646000AI0049,,,1,,,,,,,,,,1,4,Local industriel. commercial ou assimilé,100,0,,,,,,2.132686,48.803592
2023-1063622,2023-11-29,000001,Vente,1430000,18,,RUE HOCHE,1350,78000,78646,Versailles,78,,,78646000AE0217,,,11,189.1,13,,14,,20,,,,4,2,Appartement,196,6,,,,,,2.129046,48.806754
2023-1063622,2023-11-29,000001,Vente,1430000,18,,RUE HOCHE,1350,78000,78646,Versailles,78,,,78646000AE0217,,,43,,,,,,,,,,1,3,Dépendance,,0,,,,,,2.129046,48.806754
2023-1063622,2023-11-29,000001,Vente,1430000,18,,RUE HOCHE,1350,78000,78646,Versailles,78,,,78646000AE0217,,,11,189.1,13,,14,,20,,,,4,3,Dépendance,,0,,,,,,2.129046,48.806754
2023-1063633,2023-11-29,000001,Vente,475730,9,,AV DE LA TRANQUILLITE,3055,78000,78646,Versailles,78,,,78646000AZ0110,,,108,106.3,,,,,,,,,1,3,Dépendance,,0,,,,,,2.158672,48.8041
2023-1063633,2023-11-29,000001,Vente,475730,9,,AV DE LA TRANQUILLITE,3055,78000,78646,Versailles,78,,,78646000AZ0110,,,108,106.3,,,,,,,,,1,2,Appartement,107,4,,,,,,2.158672,48.8041
2023-1063633,2023-11-29,000001,Vente,475730,5,,RUE DE L ECOLE DES POSTES,0850,78000,78646,Versailles,78,,,78646000AZ0110,,,2738,,,,,,,,,,1,3,Dépendance,,0,,,,,,2.158672,48.8041
2023-1063638,2023-11-17,000001,Vente,26000,4,,RUE DU VAUTRAIT,3120,78000,78646,Versailles,78,,,78646000BR0021,,,18,,,,,,,,,,1,3,Dépendance,,0,,,,,,2.131796,48.799796
2023-1063667,2023-11-30,000001,Vente,280000,34,,RUE DU GENERAL LECLERC,1145,78000,78646,Versailles,78,,,78646000BV0086,,,19,42.24,,,,,,,,,1,2,Appartement,40,2,,,,,,2.127122,48.798687
2023-1063737,2023-11-27,000001,Vente,130000,8,,RUE D ANJOU,0190,78000,78646,Versailles,78,,,78646000BV0045,,,51,14.02,,,,,,,,,1,3,Dépendance,,0,,,,,,2.12391,48.797334
2023-1063748,2023-11-17,000001,Vente,34000,8,,RUE DE FONTENAY,1050,78000,78646,Versailles,78,,,78646000AH0091,,,932,,,,,,,,,,1,3,Dépendance,,0,,,,,,2.124624,48.800951
2023-1063810,2023-11-21,000001,Vente,2000,15,B,AV MIRABEAU,1910,78000,78646,Versailles,78,,,78646000AM0607,,,,,,,,,,,,,0,,,,,AG,terrains d'agrément,,,48,2.139143,48.820785
2023-1063833,2023-12-05,000001,Vente,24000,47,,RUE DES CHANTIERS,0530,78000,78646,Versailles,78,,,78646000BL0467,,,64,,,,,,,,,,1,3,Dépendance,,0,,,,,,2.141787,48.794665
2023-1063835,2023-12-06,000001,Vente,211750,24,,RUE DES BOURDONNAIS,0400,78000,78646,Versailles,78,,,78646000BW0006,,,15,21.99,,,,,,,,,1,3,Dépendance,,0,,,,,,2.125886,48.795496
2023-1063835,2023-12-06,000001,Vente,211750,24,,RUE DES BOURDONNAIS,0400,78000,78646,Versailles,78,,,78646000BW0006,,,15,21.99,,,,,,,,,1,2,Appartement,23,1,,,,,,2.125886,48.795496
2023-1063868,2023-11-29,000001,Vente,245000,4,,IMP DE TOULOUSE,3030,78000,78646,Versailles,78,,,78646000AE0521,,,19,56.32,,,,,,,,,1,3,Dépendance,,0,,,,,,2.130023,48.806332
2023-1063868,2023-11-29,000001,Vente,245000,4,,IMP DE TOULOUSE,3030,78000,78646,Versailles,78,,,78646000AE0521,,,19,56.32,,,,,,,,,1,2,Appartement,59,3,,,,,,2.130023,48.806332
2023-1063874,2023-12-06,000001,Vente,364150,8,,CHE DE FAUSSES REPOSES,1030,78000,78646,Versailles,78,,,78646000AV0078,,,1,75.41,,,,,,,,,1,1,Maison,70,3,,,,,,2.153491,48.808977
2023-1063874,2023-12-06,000001,Vente,364150,27,,RUE DE LA CEINTURE,0460,78000,78646,Versailles,78,,,78646000AV0078,,,43,,,,,,,,,,1,3,Dépendance,,0,,,,,,2.153491,48.808977
2023-1063880,2023-12-11,000001,Vente,436000,2,,RUE JEAN HOUDON,1440,78000,78646,Versailles,78,,,78646000AI0022,,,16,,47,63.61,,,,,,,2,2,Appartement,65,2,,,,,,2.133653,48.802049
2023-1063880,2023-12-11,000001,Vente,436000,2,,RUE JEAN HOUDON,1440,78000,78646,Versailles,78,,,78646000AI0022,,,16,,47,63.61,,,,,,,2,3,Dépendance,,0,,,,,,2.133653,48.802049
2023-1063925,2023-11-17,000001,Vente,2200000,88,,AV DE PARIS,2180,78000,78646,Versailles,78,,,78646000BN0047,,,4,,9,,,,,,,,2,3,Dépendance,,0,,,,,,2.1461,48.797655
2023-1063925,2023-11-17,000001,Vente,2200000,88,,AV DE PARIS,2180,78000,78646,Versailles,78,,,78646000BN0047,,,1,,2,,3,,6,,8,,5,3,Dépendance,,0,,,,,,2.1461,48.797655
2023-1063925,2023-11-17,000001,Vente,2200000,88,,AV DE PARIS,2180,78000,78646,Versailles,78,,,78646000BN0047,,,5,,,,,,,,,,1,3,Dépendance,,0,,,,,,2.1461,48.797655
2023-1063925,2023-11-17,000001,Vente,2200000,88,,AV DE PARIS,2180,78000,78646,Versailles,78,,,78646000BN0047,,,1,,2,,3,,6,,8,,5,2,Appartement,170,6,,,,,,2.1461,48.797655
2023-1063925,2023-11-17,000001,Vente,2200000,88,,AV DE PARIS,2180,78000,78646,Versailles,78,,,78646000BN0047,,,4,,9,,,,,,,,2,2,Appartement,98,4,,,,,,2.1461,48.797655
2023-1063925,2023-11-17,000001,Vente,2200000,88,,AV DE PARIS,2180,78000,78646,Versailles,78,,,78646000BN0047,,,5,,,,,,,,,,1,2,Appartement,77,3,,,,,,2.1461,48.797655
2023-1063930,2023-11-24,000001,Vente,411000,2,,RUE VAUBAN,3110,78000,78646,Versailles,78,,,78646000BC0030,,,10,,70,,,,,,,,2,2,Appartement,85,5,,,,,,2.154441,48.799454
2023-1063930,2023-11-24,000001,Vente,411000,2,,RUE VAUBAN,3110,78000,78646,Versailles,78,,,78646000BC0030,,,10,,70,,,,,,,,2,3,Dépendance,,0,,,,,,2.154441,48.799454
2023-1063930,2023-11-24,000001,Vente,411000,2,,RUE VAUBAN,3110,78000,78646,Versailles,78,,,78646000BC0030,,,124,,,,,,,,,,1,3,Dépendance,,0,,,,,,2.154441,48.799454
2023-1063980,2023-12-12,000001,Vente,178988,13,,RUE DE L ORIENT,2130,78000,78646,Versailles,78,,,78646000BT0105,,,122,,,,,,,,,,1,3,Dépendance,,0,,,,,,2.127036,48.796284
2023-1063980,2023-12-12,000001,Vente,178988,13,,RUE DE L ORIENT,2130,78000,78646,Versailles,78,,,78646000BT0105,,,112,,115,,,,,,,,2,2,Appartement,20,1,,,,,,2.127036,48.796284
2023-1063992,2023-11-29,000001,Vente,670000,28,,BD DE LA REINE,2520,78000,78646,Versailles,78,,,78646000AE0012,,,3,81.41,6,,,,,,,,2,3,Dépendance,,0,,,,,,2.127197,48.809133
2023-1063992,2023-11-29,000001,Vente,670000,28,,BD DE LA REINE,2520,78000,78646,Versailles,78,,,78646000AE0012,,,3,81.41,6,,,,,,,,2,2,Appartement,98,5,,,,,,2.127197,48.809133
2023-1064006,2023-12-13,000001,Vente,295000,17,,RUE DES ETATS GENERAUX,0980,78000,78646,Versailles,78,,,78646000BR0036,,,13,46.83,,,,,,,,,1,2,Appartement,48,2,,,,,,2.133011,48.800241
2023-1064026,2023-12-05,000001,Vente,170000,12,,RUE ALBERT JOLY,0050,78000,78646,Versailles,78,,,78646000AK0148,,,21,112.41,24,,,,,,,,2,2,Appartement,112,5,,,,,,2.136491,48.810383
2023-1064026,2023-12-05,000001,Vente,170000,12,,RUE ALBERT JOLY,0050,78000,78646,Versailles,78,,,78646000AK0148,,,21,112.41,24,,,,,,,,2,3,Dépendance,,0,,,,,,2.136491,48.810383
2023-1064028,2023-12-11,000001,Vente en l'état futur d'achèvement,820000,104,,AV DE PARIS,2180,78000,78646,Versailles,78,,,78646000BK0019,,,52,,,,,,,,,,1,2,Appartement,85,4,,,,,,2.150393,48.797197
2023-1064028,2023-12-11,000001,Vente en l'état futur d'achèvement,820000,104,,AV DE PARIS,2180,78000,78646,Versailles,78,,,78646000BK0019,,,86,,,,,,,,,,1,3,Dépendance,,0,,,,,,2.150393,48.797197
2023-1064047,2023-12-01,000001,Vente,13500,12,,AV DU GEN DE GAULLE,1143,78000,78646,Versailles,78,,,78646000AH0225,,,159,,,,,,,,,,1,3,Dépendance,,0,,,,,,2.128298,48.801276
2023-1064068,2023-12-01,000001,Vente,35000,5,,ALL PIERRE DE COUBERTIN,2310,78000,78646,Versailles,78,,,78646000BP0248,,,140,,,,,,,,,,1,3,Dépendance,,0,,,,,,2.136505,48.80286
2023-1064071,2023-12-06,000001,Vente,322500,28,,RUE HENRI SIMON,1330,78000,78646,Versailles,78,,,78646000AW0006,,,1314,,,,,,,,,,1,3,Dépendance,,0,,,,,,2.15013,48.808121
2023-1064071,2023-12-06,000001,Vente,322500,28,,RUE HENRI SIMON,1330,78000,78646,Versailles,78,,,78646000AW0006,,,320,53.91,333,,,,,,,,2,2,Appartement,53,2,,,,,,2.15013,48.808121
2023-1064071,2023-12-06,000001,Vente,322500,28,,RUE HENRI SIMON,1330,78000,78646,Versailles,78,,,78646000AW0006,,,320,53.91,333,,,,,,,,2,3,Dépendance,,0,,,,,,2.15013,48.808121
2023-1064100,2023-12-05,000001,Vente,15000,2,B,AV DE PARIS,2180,78000,78646,Versailles,78,,,78646000AH0225,,,5358,,,,,,,,,,1,3,Dépendance,,0,,,,,,2.128298,48.801276
2023-1064103,2023-12-07,000001,Vente,875000,25,,RUE DE L ORANGERIE,2110,78000,78646,Versailles,78,,,78646000AH0117,,,121,104.57,122,104.57,20,,,,,,3,3,Dépendance,,0,,,,,,2.123025,48.800375
2023-1064103,2023-12-07,000001,Vente,875000,25,,RUE DE L ORANGERIE,2110,78000,78646,Versailles,78,,,78646000AH0117,,,121,104.57,122,104.57,20,,,,,,3,3,Dépendance,,0,,,,,,2.123025,48.800375
2023-1064103,2023-12-07,000001,Vente,875000,25,,RUE DE L ORANGERIE,2110,78000,78646,Versailles,78,,,78646000AH0117,,,121,104.57,122,104.57,20,,,,,,3,2,Appartement,104,4,,,,,,2.123025,48.800375
2023-1064103,2023-12-07,000001,Vente,875000,25,,RUE DE L ORANGERIE,2110,78000,78646,Versailles,78,,,78646000AH0117,,,22,,,,,,,,,,1,3,Dépendance,,0,,,,,,2.123025,48.800375
2023-1064103,2023-12-07,000001,Vente,875000,25,,RUE DE L ORANGERIE,2110,78000,78646,Versailles,78,,,78646000AH0117,,,112,,,,,,,,,,1,3,Dépendance,,0,,,,,,2.123025,48.800375
2023-1064110,2023-12-12,000001,Vente en l'état futur d'achèvement,424000,,,LA SABLIERE,B029,78000,78646,Versailles,78,,,78646000BY0108,,,451,,,,,,,,,,1,,,,,,,,,,2.079319,48.802074
2023-1064110,2023-12-12,000001,Vente en l'état futur d'achèvement,424000,,,LA SABLIERE,B029,78000,78646,Versailles,78,,,78646000BY0108,,,228,,,,,,,,,,1,,,,,,,,,,2.079319,48.802074
2023-1064165,2023-12-01,000001,Vente,500000,108,,BD DE LA REINE,2520,78000,78646,Versailles,78,,,78646000AX0037,,,271,,37,69,,,,,,,2,2,Appartement,70,3,,,,,,2.142871,48.807658
2023-1064165,2023-12-01,000001,Vente,500000,108,,BD DE LA REINE,2520,78000,78646,Versailles,78,,,78646000AX0037,,,271,,37,69,,,,,,,2,3,Dépendance,,0,,,,,,2.142871,48.807658
2023-1064179,2023-12-04,000001,Vente,702000,25,,RUE DE L ORANGERIE,2110,78000,78646,Versailles,78,,,78646000AH0117,,,115,99.52,36,,,,,,,,2,1,Maison,87,4,,,,,,2.123025,48.800375
2023-1064179,2023-12-04,000001,Vente,702000,25,,RUE DE L ORANGERIE,2110,78000,78646,Versailles,78,,,78646000AH0117,,,115,99.52,36,,,,,,,,2,3,Dépendance,,0,,,,,,2.123025,48.800375
2023-1064186,2023-12-05,000001,Vente,152000,20,,RUE DE SATORY,2950,78000,78646,Versailles,78,,,78646000AH0194,,,9,21.88,,,,,,,,,1,2,Appartement,23,1,,,,,,2.124856,48.800584
2023-1064247,2023-12-14,000001,Vente,263020,13,,RUE DU GENERAL PERSHING,1170,78000,78646,Versailles,78,,,78646000AO0068,,,283,,,,,,,,,,1,3,Dépendance,,0,,,,,,2.148928,48.817113
2023-1064247,2023-12-14,000001,Vente,263020,13,,RUE DU GENERAL PERSHING,1170,78000,78646,Versailles,78,,,78646000AO0068,,,14,44.76,,,,,,,,,1,3,Dépendance,,0,,,,,,2.148928,48.817113
2023-1064247,2023-12-14,000001,Vente,263020,13,,RUE DU GENERAL PERSHING,1170,78000,78646,Versailles,78,,,78646000AO0068,,,14,44.76,,,,,,,,,1,2,Appartement,47,2,,,,,,2.148928,48.817113
2023-1064282,2023-12-11,000001,Vente,25000,9,,RUE NEUVE NOTRE DAME,2040,78000,78646,Versailles,78,,,78646000AE0010,,,24,,,,,,,,,,1,3,Dépendance,,0,,,,,,2.126961,48.809017
2023-1064326,2023-12-12,000001,Vente,11885933,,,LA SABLIERE,B029,78000,78646,Versailles,78,,,78646000BY0145,,,,,,,,,,,,,0,,,,,AB,terrains a bâtir,,,982,2.07831,48.803985
2023-1064326,2023-12-12,000001,Vente,11885933,,,LA SABLIERE,B029,78000,78646,Versailles,78,,,78646000BY0146,,12,,,,,,,,,,,0,,,,,,,,,,2.078291,48.803934
2023-1064326,2023-12-12,000001,Vente,11885933,,,LA SABLIERE,B029,78000,78646,Versailles,78,,,78646000BY0146,,13,,,,,,,,,,,0,,,,,,,,,,2.078291,48.803934
2023-1064326,2023-12-12,000001,Vente,11885933,,,LA SABLIERE,B029,78000,78646,Versailles,78,,,78646000BY0146,,14,,,,,,,,,,,0,,,,,,,,,,2.078291,48.803934
2023-1064326,2023-12-12,000001,Vente,11885933,,,LA SABLIERE,B029,78000,78646,Versailles,78,,,78646000BY0146,,15,,,,,,,,,,,0,,,,,,,,,,2.078291,48.803934
2023-1064326,2023-12-12,000001,Vente,11885933,,,LA SABLIERE,B029,78000,78646,Versailles,78,,,78646000BY0146,,16,,,,,,,,,,,0,,,,,,,,,,2.078291,48.803934
2023-1064326,2023-12-12,000001,Vente,11885933,,,LA SABLIERE,B029,78000,78646,Versailles,78,,,78646000BY0146,,17,,,,,,,,,,,0,,,,,,,,,,2.078291,48.803934
2023-1064326,2023-12-12,000001,Vente,11885933,,,LA SABLIERE,B029,78000,78646,Versailles,78,,,78646000BY0146,,18,,,,,,,,,,,0,,,,,,,,,,2.078291,48.803934
2023-1064326,2023-12-12,000001,Vente,11885933,,,LA SABLIERE,B029,78000,78646,Versailles,78,,,78646000BY0146,,19,,,,,,,,,,,0,,,,,,,,,,2.078291,48.803934
2023-1064326,2023-12-12,000001,Vente,11885933,,,LA SABLIERE,B029,78000,78646,Versailles,78,,,78646000BY0146,,2,,,,,,,,,,,0,,,,,,,,,,2.078291,48.803934
2023-1064326,2023-12-12,000001,Vente,11885933,,,LA SABLIERE,B029,78000,78646,Versailles,78,,,78646000BY0146,,20,,,,,,,,,,,0,,,,,,,,,,2.078291,48.803934
2023-1064326,2023-12-12,000001,Vente,11885933,,,LA SABLIERE,B029,78000,78646,Versailles,78,,,78646000BY0146,,21,,,,,,,,,,,0,,,,,,,,,,2.078291,48.803934
2023-1064326,2023-12-12,000001,Vente,11885933,,,LA SABLIERE,B029,78000,78646,Versailles,78,,,78646000BY0146,,22,,,,,,,,,,,0,,,,,,,,,,2.078291,48.803934
2023-1064326,2023-12-12,000001,Vente,11885933,,,LA SABLIERE,B029,78000,78646,Versailles,78,,,78646000BY0146,,3,,,,,,,,,,,0,,,,,,,,,,2.078291,48.803934
2023-1064326,2023-12-12,000001,Vente,11885933,,,LA SABLIERE,B029,78000,78646,Versailles,78,,,78646000BY0146,,4,,,,,,,,,,,0,,,,,,,,,,2.078291,48.803934
2023-1064326,2023-12-12,000001,Vente,11885933,,,LA SABLIERE,B029,78000,78646,Versailles,78,,,78646000BY0146,,5,,,,,,,,,,,0,,,,,,,,,,2.078291,48.803934
2023-1064326,2023-12-12,000001,Vente,11885933,,,LA SABLIERE,B029,78000,78646,Versailles,78,,,78646000BY0146,,6,,,,,,,,,,,0,,,,,,,,,,2.078291,48.803934
2023-1064326,2023-12-12,000001,Vente,11885933,,,LA SABLIERE,B029,78000,78646,Versailles,78,,,78646000BY0146,,7,,,,,,,,,,,0,,,,,,,,,,2.078291,48.803934
2023-1064326,2023-12-12,000001,Vente,11885933,,,LA SABLIERE,B029,78000,78646,Versailles,78,,,78646000BY0146,,8,,,,,,,,,,,0,,,,,,,,,,2.078291,48.803934
2023-1064326,2023-12-12,000001,Vente,11885933,,,LA SABLIERE,B029,78000,78646,Versailles,78,,,78646000BY0146,,9,,,,,,,,,,,0,,,,,,,,,,2.078291,48.803934
2023-1064326,2023-12-12,000001,Vente,11885933,,,LA SABLIERE,B029,78000,78646,Versailles,78,,,78646000BY0147,,,,,,,,,,,,,0,,,,,AB,terrains a bâtir,,,2190,2.079327,48.803915
2023-1064326,2023-12-12,000001,Vente,11885933,,,LA SABLIERE,B029,78000,78646,Versailles,78,,,78646000BY0149,,,,,,,,,,,,,0,,,,,AB,terrains a bâtir,,,90,2.079429,48.803564
2023-1064326,2023-12-12,000001,Vente,11885933,,,LA SABLIERE,B029,78000,78646,Versailles,78,,,78646000BY0150,,,,,,,,,,,,,0,,,,,AB,terrains a bâtir,,,211,2.079519,48.803488
2023-1064326,2023-12-12,000001,Vente,11885933,,,LA SABLIERE,B029,78000,78646,Versailles,78,,,78646000BY0151,,,,,,,,,,,,,0,,,,,AB,terrains a bâtir,,,239,2.079569,48.803598
2023-1064326,2023-12-12,000001,Vente,11885933,,,LA SABLIERE,B029,78000,78646,Versailles,78,,,78646000BY0152,,,,,,,,,,,,,0,,,,,AB,terrains a bâtir,,,184,2.079553,48.803663
2023-1064326,2023-12-12,000001,Vente,11885933,,,LA SABLIERE,B029,78000,78646,Versailles,78,,,78646000BY0153,,,,,,,,,,,,,0,,,,,AB,terrains a bâtir,,,217,2.079559,48.803789
2023-1064326,2023-12-12,000001,Vente,11885933,,,LA SABLIERE,B029,78000,78646,Versailles,78,,,78646000BY0154,,,,,,,,,,,,,0,,,,,AB,terrains a bâtir,,,236,2.079524,48.803862
2023-1064326,2023-12-12,000001,Vente,11885933,,,LA SABLIERE,B029,78000,78646,Versailles,78,,,78646000BY0155,,,,,,,,,,,,,0,,,,,AB,terrains a bâtir,,,237,2.079531,48.803991
2023-1064326,2023-12-12,000001,Vente,11885933,,,LA SABLIERE,B029,78000,78646,Versailles,78,,,78646000BY0156,,,,,,,,,,,,,0,,,,,AB,terrains a bâtir,,,236,2.079521,48.804092
2023-1064326,2023-12-12,000001,Vente,11885933,,,LA SABLIERE,B029,78000,78646,Versailles,78,,,78646000BY0157,,,,,,,,,,,,,0,,,,,AB,terrains a bâtir,,,213,2.079488,48.804174
2023-1064326,2023-12-12,000001,Vente,11885933,,,LA SABLIERE,B029,78000,78646,Versailles,78,,,78646000BY0158,,,,,,,,,,,,,0,,,,,AB,terrains a bâtir,,,212,2.079506,48.804289
2023-1064326,2023-12-12,000001,Vente,11885933,,,LA SABLIERE,B029,78000,78646,Versailles,78,,,78646000BY0159,,,,,,,,,,,,,0,,,,,AB,terrains a bâtir,,,167,2.079512,48.804377
2023-1064326,2023-12-12,000001,Vente,11885933,,,LA SABLIERE,B029,78000,78646,Versailles,78,,,78646000BY0160,,,,,,,,,,,,,0,,,,,AB,terrains a bâtir,,,146,2.079366,48.804302
2023-1064326,2023-12-12,000001,Vente,11885933,,,LA SABLIERE,B029,78000,78646,Versailles,78,,,78646000BY0161,,,,,,,,,,,,,0,,,,,AB,terrains a bâtir,,,722,2.079229,48.804305
2023-1064326,2023-12-12,000001,Vente,11885933,,,LA SABLIERE,B029,78000,78646,Versailles,78,,,78646000BY0165,,,,,,,,,,,,,0,,,,,AB,terrains a bâtir,,,476,2.079266,48.803599
2023-1064331,2023-12-04,000001,Vente,246000,17,T,RUE DU PONT COLBERT,2370,78000,78646,Versailles,78,,,78646000BI0022,,,350,64.67,,,,,,,,,1,2,Appartement,64,4,,,,,,2.149624,48.789909
2023-1064331,2023-12-04,000001,Vente,246000,17,T,RUE DU PONT COLBERT,2370,78000,78646,Versailles,78,,,78646000BI0022,,,350,64.67,,,,,,,,,1,3,Dépendance,,0,,,,,,2.149624,48.789909
2023-1064403,2023-12-13,000001,Vente,451000,4,,RUE ALBERT SAMAIN,0070,78000,78646,Versailles,78,,,78646000BW0181,,,24,,39,78.42,,,,,,,2,2,Appartement,80,2,,,,,,2.122783,48.794217
2023-1064403,2023-12-13,000001,Vente,451000,4,,RUE ALBERT SAMAIN,0070,78000,78646,Versailles,78,,,78646000BW0181,,,12,,,,,,,,,,1,3,Dépendance,,0,,,,,,2.122783,48.794217
2023-1064403,2023-12-13,000001,Vente,451000,4,,RUE ALBERT SAMAIN,0070,78000,78646,Versailles,78,,,78646000BW0181,,,24,,39,78.42,,,,,,,2,3,Dépendance,,0,,,,,,2.122783,48.794217
2023-1064447,2023-12-19,000001,Vente en l'état futur d'achèvement,368000,,,LA SABLIERE,B029,78000,78646,Versailles,78,,,78646000BY0108,,,423,,,,,,,,,,1,,,,,,,,,,2.079319,48.802074
2023-1064447,2023-12-19,000001,Vente en l'état futur d'achèvement,368000,,,LA SABLIERE,B029,78000,78646,Versailles,78,,,78646000BY0108,,,203,,,,,,,,,,1,,,,,,,,,,2.079319,48.802074
2023-1064572,2023-12-19,000001,Vente,542285,50,,AV DE VILLENEUVE L ETANG,3200,78000,78646,Versailles,78,,,78646000AO0162,,,360,,,,,,,,,,1,3,Dépendance,,0,,,,,,2.148061,48.818119
2023-1064572,2023-12-19,000001,Vente,542285,50,,AV DE VILLENEUVE L ETANG,3200,78000,78646,Versailles,78,,,78646000AO0162,,,524,,547,105.02,,,,,,,2,3,Dépendance,,0,,,,,,2.148061,48.818119
2023-1064572,2023-12-19,000001,Vente,542285,50,,AV DE VILLENEUVE L ETANG,3200,78000,78646,Versailles,78,,,78646000AO0162,,,524,,547,105.02,,,,,,,2,3,Dépendance,,0,,,,,,2.148061,48.818119
2023-1064572,2023-12-19,000001,Vente,542285,50,,AV DE VILLENEUVE L ETANG,3200,78000,78646,Versailles,78,,,78646000AO0162,,,361,,,,,,,,,,1,3,Dépendance,,0,,,,,,2.148061,48.818119
2023-1064572,2023-12-19,000001,Vente,542285,50,,AV DE VILLENEUVE L ETANG,3200,78000,78646,Versailles,78,,,78646000AO0162,,,524,,547,105.02,,,,,,,2,2,Appartement,111,5,,,,,,2.148061,48.818119
2023-1064575,2023-11-28,000001,Vente,15284400,30,,RUE JEAN MERMOZ,1460,78000,78646,Versailles,78,,,78646000BS0107,,,,,,,,,,,,,0,4,Local industriel. commercial ou assimilé,1061,0,S,sols,,,972,2.13916,48.796053
2023-1064645,2023-12-18,000001,Vente,825000,45,,RUE D ANJOU,0190,78000,78646,Versailles,78,,,78646000BT0049,,,10,116.18,12,,24,,25,,,,4,2,Appartement,116,5,,,,,,2.127484,48.796849
2023-1064645,2023-12-18,000001,Vente,825000,45,,RUE D ANJOU,0190,78000,78646,Versailles,78,,,78646000BT0049,,,10,116.18,,,,,,,,,1,3,Dépendance,,0,,,,,,2.127484,48.796849
2023-1064665,2023-12-05,000001,Vente,35000,12,,RUE NEUVE NOTRE DAME,2040,78000,78646,Versailles,78,,,78646000AE0145,,,18,,,,,,,,,,1,3,Dépendance,,0,,,,,,2.127726,48.808377
2023-1064676,2023-12-12,000001,Vente,1941713.4,,,LA SABLIERE,B029,78000,78646,Versailles,78,,,78646000BY0146,,10,,,,,,,,,,,0,,,,,,,,,,2.078291,48.803934
2023-1064676,2023-12-12,000001,Vente,1941713.4,,,LA SABLIERE,B029,78000,78646,Versailles,78,,,78646000BY0146,,11,,,,,,,,,,,0,,,,,,,,,,2.078291,48.803934
2023-1064676,2023-12-12,000001,Vente,1941713.4,,,LA SABLIERE,B029,78000,78646,Versailles,78,,,78646000BY0146,,23,,,,,,,,,,,0,,,,,,,,,,2.078291,48.803934
2023-1064679,2023-12-21,000001,Vente en l'état futur d'achèvement,375000,,,LA SABLIERE,B029,78000,78646,Versailles,78,,,78646000BY0110,,,243,,,,,,,,,,1,,,,,,,,,,2.078228,48.802624
2023-1064679,2023-12-21,000001,Vente en l'état futur d'achèvement,375000,,,LA SABLIERE,B029,78000,78646,Versailles,78,,,78646000BY0114,,,207,,,,,,,,,,1,,,,,,,,,,2.078245,48.802897
2023-1064705,2023-12-22,000001,Vente,215500,12,,AV DE PORCHEFONTAINE,2380,78000,78646,Versailles,78,,,78646000BK0021,,,876,,899,,,,,,,,2,2,Appartement,48,2,,,,,,2.152071,48.797176
2023-1064705,2023-12-22,000001,Vente,215500,12,,AV DE PORCHEFONTAINE,2380,78000,78646,Versailles,78,,,78646000BK0021,,,1838,,,,,,,,,,1,3,Dépendance,,0,,,,,,2.152071,48.797176
2023-1064705,2023-12-22,000001,Vente,215500,12,,AV DE PORCHEFONTAINE,2380,78000,78646,Versailles,78,,,78646000BK0021,,,876,,899,,,,,,,,2,3,Dépendance,,0,,,,,,2.152071,48.797176
2023-1064737,2023-12-19,000001,Vente,687430,46,,AV DE SAINT CLOUD,2730,78000,78646,Versailles,78,,,78646000AI0078,,,12,,13,,19,,27,,,,4,3,Dépendance,,0,,,,,,2.135395,48.804715
2023-1064737,2023-12-19,000001,Vente,687430,46,,AV DE SAINT CLOUD,2730,78000,78646,Versailles,78,,,78646000AI0078,,,12,,13,,19,,27,,,,4,3,Dépendance,,0,,,,,,2.135395,48.804715
2023-1064737,2023-12-19,000001,Vente,687430,46,,AV DE SAINT CLOUD,2730,78000,78646,Versailles,78,,,78646000AI0078,,,12,,13,,19,,27,,,,4,2,Appartement,88,3,,,,,,2.135395,48.804715
2023-1064737,2023-12-19,000001,Vente,687430,46,,AV DE SAINT CLOUD,2730,78000,78646,Versailles,78,,,78646000AI0078,,,12,,13,,19,,27,,,,4,3,Dépendance,,0,,,,,,2.135395,48.804715
2023-1064739,2023-12-21,000001,Vente,42500,45,,AV DE SAINT CLOUD,2730,78000,78646,Versailles,78,,,78646000AI0134,,,46,,74,,,,,,,,2,3,Dépendance,,0,,,,,,2.133489,48.805732
2023-1064755,2023-12-11,000001,Vente,448050,5,,RUE EDOUARD CHARTON,0890,78000,78646,Versailles,78,,,78646000BS0099,,,20,,21,,22,,23,,,,4,3,Dépendance,,0,,,,,,2.131168,48.796056
2023-1064755,2023-12-11,000001,Vente,448050,5,,RUE EDOUARD CHARTON,0890,78000,78646,Versailles,78,,,78646000BS0099,,,20,,21,,22,,23,,,,4,2,Appartement,62,5,,,,,,2.131168,48.796056
2023-1064755,2023-12-11,000001,Vente,448050,5,,RUE EDOUARD CHARTON,0890,78000,78646,Versailles,78,,,78646000BS0099,,,20,,21,,22,,23,,,,4,3,Dépendance,,0,,,,,,2.131168,48.796056
2023-1064756,2023-11-30,000001,Vente,1597485,35,B,AV FOURCAULT DE PAVANT,1090,78000,78646,Versailles,78,,,78646000AM0474,,,,,,,,,,,,,0,1,Maison,165,6,S,sols,,,589,2.143078,48.81891
2023-1064756,2023-11-30,000001,Vente,1597485,35,B,AV FOURCAULT DE PAVANT,1090,78000,78646,Versailles,78,,,78646000AM0583,,,,,,,,,,,,,0,,,,,AB,terrains a bâtir,RUE,Rue,102,2.143511,48.818926
2023-1064766,2023-12-01,000001,Vente,179246,22,,RUE DE NOAILLES,2050,78000,78646,Versailles,78,,,78646000BR0134,,,20,,7,29.07,,,,,,,2,2,Appartement,25,1,,,,,,2.132465,48.797488
2023-1064773,2023-11-30,000001,Vente,100000,8,,AV DU GEN DE GAULLE,1143,78000,78646,Versailles,78,,,78646000AH0225,,,22,48.55,,,,,,,,,1,3,Dépendance,,0,,,,,,2.128298,48.801276
2023-1064773,2023-11-30,000001,Vente,100000,8,,AV DU GEN DE GAULLE,1143,78000,78646,Versailles,78,,,78646000AH0225,,,22,48.55,,,,,,,,,1,2,Appartement,50,2,,,,,,2.128298,48.801276
2023-1064773,2023-11-30,000001,Vente,100000,8,,AV DU GEN DE GAULLE,1143,78000,78646,Versailles,78,,,78646000AH0225,,,175,,,,,,,,,,1,3,Dépendance,,0,,,,,,2.128298,48.801276
2023-1064784,2023-12-21,000001,Vente,375005,2,,SQ DES CHEVAU LEGERS,0601,78000,78646,Versailles,78,,,78646000AH0226,,,115,48.29,444,,,,,,,,2,2,Appartement,48,2,,,,,,2.126268,48.79975
2023-1064784,2023-12-21,000001,Vente,375005,8,,AV DE SCEAUX,2980,78000,78646,Versailles,78,,,78646000AH0226,,,317,,,,,,,,,,1,3,Dépendance,,0,,,,,,2.126268,48.79975
2023-1064784,2023-12-21,000001,Vente,375005,2,,SQ DES CHEVAU LEGERS,0601,78000,78646,Versailles,78,,,78646000AH0226,,,115,48.29,444,,,,,,,,2,3,Dépendance,,0,,,,,,2.126268,48.79975
2023-1064796,2023-12-18,000001,Vente,340000,58,,RUE DES CHANTIERS,0530,78000,78646,Versailles,78,,,78646000BL0327,,,236,,,,,,,,,,1,3,Dépendance,,0,,,,,,2.142467,48.792993
2023-1064796,2023-12-18,000001,Vente,340000,58,,RUE DES CHANTIERS,0530,78000,78646,Versailles,78,,,78646000BL0327,,,236,,,,,,,,,,1,2,Appartement,67,4,,,,,,2.142467,48.792993
2023-1064796,2023-12-18,000001,Vente,340000,58,,RUE DES CHANTIERS,0530,78000,78646,Versailles,78,,,78646000BL0327,,,174,72.69,,,,,,,,,1,2,Appartement,77,3,,,,,,2.142467,48.792993
2023-1064796,2023-12-18,000001,Vente,340000,58,,RUE DES CHANTIERS,0530,78000,78646,Versailles,78,,,78646000BL0327,,,174,72.69,,,,,,,,,1,3,Dépendance,,0,,,,,,2.142467,48.792993
2023-1064814,2023-12-13,000001,Vente,115450,24,,AV DE PARIS,2180,78000,78646,Versailles,78,,,78646000BR0055,,,77,15.13,,,,,,,,,1,3,Dépendance,,0,,,,,,2.134258,48.800525
2023-1064822,2023-12-19,000001,Vente,1138000,14,,BD DE GLATIGNY,1275,78000,78646,Versailles,78,,,78646000AM0481,,,3,,,,,,,,,,1,3,Dépendance,,0,,,,,,2.142971,48.819369
2023-1064822,2023-12-19,000001,Vente,1138000,14,,BD DE GLATIGNY,1275,78000,78646,Versailles,78,,,78646000AM0481,,,4,,,,,,,,,,1,3,Dépendance,,0,,,,,,2.142971,48.819369
2023-1064822,2023-12-19,000001,Vente,1138000,14,,BD DE GLATIGNY,1275,78000,78646,Versailles,78,,,78646000AM0481,,,2,128.89,,,,,,,,,1,2,Appartement,103,4,,,,,,2.142971,48.819369
2023-1064831,2023-12-18,000001,Vente,354500,84,,AV DE PARIS,2180,78000,78646,Versailles,78,,,78646000BN0045,,,128,,,,,,,,,,1,3,Dépendance,,0,,,,,,2.145174,48.797578
2023-1064831,2023-12-18,000001,Vente,354500,84,,AV DE PARIS,2180,78000,78646,Versailles,78,,,78646000BN0045,,,28,72.96,7,,,,,,,,2,3,Dépendance,,0,,,,,,2.145174,48.797578
2023-1064831,2023-12-18,000001,Vente,354500,84,,AV DE PARIS,2180,78000,78646,Versailles,78,,,78646000BN0045,,,28,72.96,7,,,,,,,,2,2,Appartement,75,4,,,,,,2.145174,48.797578
2023-1064868,2023-12-20,000001,Vente,356000,15,,RUE COLBERT,0630,78000,78646,Versailles,78,,,78646000AE0336,,,34,,48,53.8,,,,,,,2,2,Appartement,41,2,,,,,,2.126601,48.805183
2023-1064868,2023-12-20,000001,Vente,356000,15,,RUE COLBERT,0630,78000,78646,Versailles,78,,,78646000AE0336,,,34,,48,53.8,,,,,,,2,3,Dépendance,,0,,,,,,2.126601,48.805183
2023-1064868,2023-12-20,000001,Vente,356000,15,,RUE COLBERT,0630,78000,78646,Versailles,78,,,78646000AE0336,,,34,,48,53.8,,,,,,,2,3,Dépendance,,0,,,,,,2.126601,48.805183
2023-1064895,2023-12-21,000001,Vente,1099200,96,,RUE REMONT,2560,78000,78646,Versailles,78,,,78646000BI0275,,,,,,,,,,,,,0,1,Maison,111,5,S,sols,,,246,2.154044,48.790452
2023-1064906,2023-12-22,000001,Vente,14000,53,,RUE EXELMANS,1020,78000,78646,Versailles,78,,,78646000AC0306,,,17168,,,,,,,,,,1,3,Dépendance,,0,,,,,,2.125764,48.813952
2023-1064909,2023-12-21,000001,Vente,419963,7,T,RUE SAINT CHARLES,2710,78000,78646,Versailles,78,,,78646000AY0191,,,20,64.96,6,,,,,,,,2,3,Dépendance,,0,,,,,,2.148986,48.80127
2023-1064909,2023-12-21,000001,Vente,419963,7,T,RUE SAINT CHARLES,2710,78000,78646,Versailles,78,,,78646000AY0191,,,20,64.96,6,,,,,,,,2,2,Appartement,55,2,,,,,,2.148986,48.80127
2023-1064909,2023-12-21,000001,Vente,419963,7,T,RUE SAINT CHARLES,2710,78000,78646,Versailles,78,,,78646000AY0191,,,12,,,,,,,,,,1,3,Dépendance,,0,,,,,,2.148986,48.80127
2023-1064910,2023-12-22,000001,Vente en l'état futur d'achèvement,348000,,,LA SABLIERE,B029,78000,78646,Versailles,78,,,78646000BY0108,,,419,,,,,,,,,,1,,,,,,,,,,2.079319,48.802074
2023-1064910,2023-12-22,000001,Vente en l'état futur d'achèvement,348000,,,LA SABLIERE,B029,78000,78646,Versailles,78,,,78646000BY0108,,,106,,,,,,,,,,1,,,,,,,,,,2.079319,48.802074
2023-1064929,2023-12-08,000001,Vente,675000,53,,AV DE PARIS,2180,78000,78646,Versailles,78,,,78646000BP0132,,,335,,,,,,,,,,1,3,Dépendance,,0,,,,,,2.1408,48.800274
2023-1064929,2023-12-08,000001,Vente,675000,53,,AV DE PARIS,2180,78000,78646,Versailles,78,,,78646000BP0132,,,22,,86,,,,,,,,2,2,Appartement,118,6,,,,,,2.1408,48.800274
2023-1064929,2023-12-08,000001,Vente,675000,53,,AV DE PARIS,2180,78000,78646,Versailles,78,,,78646000BP0132,,,213,,,,,,,,,,1,3,Dépendance,,0,,,,,,2.1408,48.800274
2023-1064929,2023-12-08,000001,Vente,675000,53,,AV DE PARIS,2180,78000,78646,Versailles,78,,,78646000BP0132,,,22,,86,,,,,,,,2,3,Dépendance,,0,,,,,,2.1408,48.800274
2023-1064940,2023-12-22,000001,Vente,390000,41,,AV DE SAINT CLOUD,2730,78000,78646,Versailles,78,,,78646000AI0125,,,36,,39,,,,,,,,2,2,Appartement,63,3,,,,,,2.133122,48.805673
2023-1064940,2023-12-22,000001,Vente,390000,41,,AV DE SAINT CLOUD,2730,78000,78646,Versailles,78,,,78646000AI0125,,,36,,39,,,,,,,,2,3,Dépendance,,0,,,,,,2.133122,48.805673
2023-1064951,2023-12-21,000001,Vente,20000,33,,AV DES ETATS UNIS,0990,78000,78646,Versailles,78,,,78646000AS0036,,,426,,,,,,,,,,1,4,Local industriel. commercial ou assimilé,12,0,,,,,,2.147113,48.809569
2023-1064968,2023-12-29,000001,Vente,2590933,36,,RUE DES ETATS GENERAUX,0980,78000,78646,Versailles,78,,,78646000BS0025,,,54,,,,,,,,,,1,4,Local industriel. commercial ou assimilé,77,0,,,,,,2.134752,48.797562
2023-1064968,2023-12-29,000001,Vente,2590933,36,,RUE DES ETATS GENERAUX,0980,78000,78646,Versailles,78,,,78646000BS0025,,,160,,,,,,,,,,1,4,Local industriel. commercial ou assimilé,13,0,,,,,,2.134752,48.797562
2023-1064968,2023-12-29,000001,Vente,2590933,36,,RUE DES ETATS GENERAUX,0980,78000,78646,Versailles,78,,,78646000BS0025,,,7,,,,,,,,,,1,4,Local industriel. commercial ou assimilé,61,0,,,,,,2.134752,48.797562
2023-1064968,2023-12-29,000001,Vente,2590933,36,,RUE DES ETATS GENERAUX,0980,78000,78646,Versailles,78,,,78646000BS0025,,,50,,,,,,,,,,1,4,Local industriel. commercial ou assimilé,436,0,,,,,,2.134752,48.797562
2023-1064968,2023-12-29,000001,Vente,2590933,36,,RUE DES ETATS GENERAUX,0980,78000,78646,Versailles,78,,,78646000BS0025,,,159,,,,,,,,,,1,4,Local industriel. commercial ou assimilé,13,0,,,,,,2.134752,48.797562
2023-1064968,2023-12-29,000001,Vente,2590933,36,,RUE DES ETATS GENERAUX,0980,78000,78646,Versailles,78,,,78646000BS0025,,,158,,,,,,,,,,1,4,Local industriel. commercial ou assimilé,12,0,,,,,,2.134752,48.797562
2023-1064968,2023-12-29,000001,Vente,2590933,36,,RUE DES ETATS GENERAUX,0980,78000,78646,Versailles,78,,,78646000BS0025,,,105,,,,,,,,,,1,4,Local industriel. commercial ou assimilé,13,0,,,,,,2.134752,48.797562
2023-1064968,2023-12-29,000001,Vente,2590933,36,,RUE DES ETATS GENERAUX,0980,78000,78646,Versailles,78,,,78646000BS0025,,,104,,,,,,,,,,1,4,Local industriel. commercial ou assimilé,20,0,,,,,,2.134752,48.797562
2023-1064968,2023-12-29,000001,Vente,2590933,36,,RUE DES ETATS GENERAUX,0980,78000,78646,Versailles,78,,,78646000BS0025,,,103,,,,,,,,,,1,4,Local industriel. commercial ou assimilé,15,0,,,,,,2.134752,48.797562
2023-1064968,2023-12-29,000001,Vente,2590933,36,,RUE DES ETATS GENERAUX,0980,78000,78646,Versailles,78,,,78646000BS0025,,,69,,,,,,,,,,1,4,Local industriel. commercial ou assimilé,16,0,,,,,,2.134752,48.797562
2023-1064968,2023-12-29,000001,Vente,2590933,36,,RUE DES ETATS GENERAUX,0980,78000,78646,Versailles,78,,,78646000BS0025,,,102,,,,,,,,,,1,4,Local industriel. commercial ou assimilé,15,0,,,,,,2.134752,48.797562
2023-1064968,2023-12-29,000001,Vente,2590933,36,,RUE DES ETATS GENERAUX,0980,78000,78646,Versailles,78,,,78646000BS0025,,,68,,,,,,,,,,1,4,Local industriel. commercial ou assimilé,15,0,,,,,,2.134752,48.797562
2023-1064968,2023-12-29,000001,Vente,2590933,36,,RUE DES ETATS GENERAUX,0980,78000,78646,Versailles,78,,,78646000BS0025,,,67,,,,,,,,,,1,4,Local industriel. commercial ou assimilé,14,0,,,,,,2.134752,48.797562
2023-1064968,2023-12-29,000001,Vente,2590933,36,,RUE DES ETATS GENERAUX,0980,78000,78646,Versailles,78,,,78646000BS0025,,,13,,,,,,,,,,1,4,Local industriel. commercial ou assimilé,198,0,,,,,,2.134752,48.797562
2023-1064968,2023-12-29,000001,Vente,2590933,36,,RUE DES ETATS GENERAUX,0980,78000,78646,Versailles,78,,,78646000BS0025,,,67,,,,,,,,,,1,4,Local industriel. commercial ou assimilé,16,0,,,,,,2.134752,48.797562
2023-1064968,2023-12-29,000001,Vente,2590933,36,,RUE DES ETATS GENERAUX,0980,78000,78646,Versailles,78,,,78646000BS0025,,,51,,,,,,,,,,1,4,Local industriel. commercial ou assimilé,57,0,,,,,,2.134752,48.797562
2023-1064968,2023-12-29,000001,Vente,2590933,36,,RUE DES ETATS GENERAUX,0980,78000,78646,Versailles,78,,,78646000BS0025,,,66,,,,,,,,,,1,4,Local industriel. commercial ou assimilé,15,0,,,,,,2.134752,48.797562
2023-1064968,2023-12-29,000001,Vente,2590933,36,,RUE DES ETATS GENERAUX,0980,78000,78646,Versailles,78,,,78646000BS0025,,,1,,,,,,,,,,1,4,Local industriel. commercial ou assimilé,287,0,,,,,,2.134752,48.797562
2023-1064968,2023-12-29,000001,Vente,2590933,36,,RUE DES ETATS GENERAUX,0980,78000,78646,Versailles,78,,,78646000BS0025,,,22,,24,,,,,,,,2,4,Local industriel. commercial ou assimilé,127,0,,,,,,2.134752,48.797562
2023-1064968,2023-12-29,000001,Vente,2590933,36,,RUE DES ETATS GENERAUX,0980,78000,78646,Versailles,78,,,78646000BS0025,,,17,,,,,,,,,,1,4,Local industriel. commercial ou assimilé,115,0,,,,,,2.134752,48.797562
2023-1064968,2023-12-29,000001,Vente,2590933,36,,RUE DES ETATS GENERAUX,0980,78000,78646,Versailles,78,,,78646000BS0025,,,65,,,,,,,,,,1,4,Local industriel. commercial ou assimilé,10,0,,,,,,2.134752,48.797562
2023-1064968,2023-12-29,000001,Vente,2590933,36,,RUE DES ETATS GENERAUX,0980,78000,78646,Versailles,78,,,78646000BS0025,,,25,,,,,,,,,,1,4,Local industriel. commercial ou assimilé,15,0,,,,,,2.134752,48.797562
2023-1064968,2023-12-29,000001,Vente,2590933,36,,RUE DES ETATS GENERAUX,0980,78000,78646,Versailles,78,,,78646000BS0025,,,25,,,,,,,,,,1,4,Local industriel. commercial ou assimilé,12,0,,,,,,2.134752,48.797562
2023-1064968,2023-12-29,000001,Vente,2590933,36,,RUE DES ETATS GENERAUX,0980,78000,78646,Versailles,78,,,78646000BS0025,,,55,,56,,,,,,,,2,4,Local industriel. commercial ou assimilé,110,0,,,,,,2.134752,48.797562
2023-1064968,2023-12-29,000001,Vente,2590933,36,,RUE DES ETATS GENERAUX,0980,78000,78646,Versailles,78,,,78646000BS0025,,,20,,,,,,,,,,1,4,Local industriel. commercial ou assimilé,63,0,,,,,,2.134752,48.797562
2023-1064968,2023-12-29,000001,Vente,2590933,36,,RUE DES ETATS GENERAUX,0980,78000,78646,Versailles,78,,,78646000BS0025,,,57,,,,,,,,,,1,4,Local industriel. commercial ou assimilé,65,0,,,,,,2.134752,48.797562
2023-1064968,2023-12-29,000001,Vente,2590933,36,,RUE DES ETATS GENERAUX,0980,78000,78646,Versailles,78,,,78646000BS0025,,,160,,,,,,,,,,1,4,Local industriel. commercial ou assimilé,14,0,,,,,,2.134752,48.797562
2023-1064968,2023-12-29,000001,Vente,2590933,36,,RUE DES ETATS GENERAUX,0980,78000,78646,Versailles,78,,,78646000BS0025,,,160,,,,,,,,,,1,4,Local industriel. commercial ou assimilé,13,0,,,,,,2.134752,48.797562
2023-1064968,2023-12-29,000001,Vente,2590933,36,,RUE DES ETATS GENERAUX,0980,78000,78646,Versailles,78,,,78646000BS0025,,,5,,,,,,,,,,1,4,Local industriel. commercial ou assimilé,105,0,,,,,,2.134752,48.797562
2023-1064968,2023-12-29,000001,Vente,2590933,36,,RUE DES ETATS GENERAUX,0980,78000,78646,Versailles,78,,,78646000BS0025,,,53,,,,,,,,,,1,4,Local industriel. commercial ou assimilé,61,0,,,,,,2.134752,48.797562
2023-1064968,2023-12-29,000001,Vente,2590933,36,,RUE DES ETATS GENERAUX,0980,78000,78646,Versailles,78,,,78646000BS0025,,,2,,3,,4,,,,,,3,4,Local industriel. commercial ou assimilé,240,0,,,,,,2.134752,48.797562
2023-1064968,2023-12-29,000001,Vente,2590933,36,,RUE DES ETATS GENERAUX,0980,78000,78646,Versailles,78,,,78646000BS0025,,,100,,,,,,,,,,1,4,Local industriel. commercial ou assimilé,131,0,,,,,,2.134752,48.797562
2023-1064968,2023-12-29,000001,Vente,2590933,36,,RUE DES ETATS GENERAUX,0980,78000,78646,Versailles,78,,,78646000BS0025,,,17,,,,,,,,,,1,4,Local industriel. commercial ou assimilé,65,0,,,,,,2.134752,48.797562
2023-1064968,2023-12-29,000001,Vente,2590933,36,,RUE DES ETATS GENERAUX,0980,78000,78646,Versailles,78,,,78646000BS0025,,,1,,,,,,,,,,1,2,Appartement,23,2,,,,,,2.134752,48.797562
2023-1064968,2023-12-29,000001,Vente,2590933,36,,RUE DES ETATS GENERAUX,0980,78000,78646,Versailles,78,,,78646000BS0025,,,150,,,,,,,,,,1,4,Local industriel. commercial ou assimilé,33,0,,,,,,2.134752,48.797562
2023-1064968,2023-12-29,000001,Vente,2590933,36,,RUE DES ETATS GENERAUX,0980,78000,78646,Versailles,78,,,78646000BS0025,,,150,,,,,,,,,,1,4,Local industriel. commercial ou assimilé,28,0,,,,,,2.134752,48.797562
2023-1064968,2023-12-29,000001,Vente,2590933,36,,RUE DES ETATS GENERAUX,0980,78000,78646,Versailles,78,,,78646000BS0025,,,150,,,,,,,,,,1,4,Local industriel. commercial ou assimilé,73,0,,,,,,2.134752,48.797562
2023-1064968,2023-12-29,000001,Vente,2590933,36,,RUE DES ETATS GENERAUX,0980,78000,78646,Versailles,78,,,78646000BS0025,,,25,,,,,,,,,,1,3,Dépendance,,0,,,,,,2.134752,48.797562
2023-1064968,2023-12-29,000001,Vente,2590933,36,,RUE DES ETATS GENERAUX,0980,78000,78646,Versailles,78,,,78646000BS0025,,,12,,,,,,,,,,1,4,Local industriel. commercial ou assimilé,71,0,,,,,,2.134752,48.797562
2023-1064968,2023-12-29,000001,Vente,2590933,36,,RUE DES ETATS GENERAUX,0980,78000,78646,Versailles,78,,,78646000BS0025,,,34,,,,,,,,,,1,4,Local industriel. commercial ou assimilé,2,0,,,,,,2.134752,48.797562
2023-1064968,2023-12-29,000001,Vente,2590933,36,,RUE DES ETATS GENERAUX,0980,78000,78646,Versailles,78,,,78646000BS0025,,,33,,,,,,,,,,1,4,Local industriel. commercial ou assimilé,2,0,,,,,,2.134752,48.797562
2023-1064968,2023-12-29,000001,Vente,2590933,36,,RUE DES ETATS GENERAUX,0980,78000,78646,Versailles,78,,,78646000BS0025,,,32,,,,,,,,,,1,4,Local industriel. commercial ou assimilé,2,0,,,,,,2.134752,48.797562
2023-1064968,2023-12-29,000001,Vente,2590933,36,,RUE DES ETATS GENERAUX,0980,78000,78646,Versailles,78,,,78646000BS0025,,,31,,,,,,,,,,1,4,Local industriel. commercial ou assimilé,3,0,,,,,,2.134752,48.797562
2023-1064968,2023-12-29,000001,Vente,2590933,36,,RUE DES ETATS GENERAUX,0980,78000,78646,Versailles,78,,,78646000BS0025,,,30,,,,,,,,,,1,4,Local industriel. commercial ou assimilé,2,0,,,,,,2.134752,48.797562
2023-1064968,2023-12-29,000001,Vente,2590933,36,,RUE DES ETATS GENERAUX,0980,78000,78646,Versailles,78,,,78646000BS0025,,,29,,,,,,,,,,1,4,Local industriel. commercial ou assimilé,3,0,,,,,,2.134752,48.797562
2023-1064968,2023-12-29,000001,Vente,2590933,36,,RUE DES ETATS GENERAUX,0980,78000,78646,Versailles,78,,,78646000BS0025,,,28,,,,,,,,,,1,4,Local industriel. commercial ou assimilé,2,0,,,,,,2.134752,48.797562
2023-1064968,2023-12-29,000001,Vente,2590933,36,,RUE DES ETATS GENERAUX,0980,78000,78646,Versailles,78,,,78646000BS0025,,,150,,,,,,,,,,1,4,Local industriel. commercial ou assimilé,17,0,,,,,,2.134752,48.797562
2023-1064968,2023-12-29,000001,Vente,2590933,36,,RUE DES ETATS GENERAUX,0980,78000,78646,Versailles,78,,,78646000BS0025,,,150,,,,,,,,,,1,4,Local industriel. commercial ou assimilé,21,0,,,,,,2.134752,48.797562
2023-1064968,2023-12-29,000001,Vente,2590933,36,,RUE DES ETATS GENERAUX,0980,78000,78646,Versailles,78,,,78646000BS0025,,,27,,,,,,,,,,1,4,Local industriel. commercial ou assimilé,2,0,,,,,,2.134752,48.797562
2023-1064968,2023-12-29,000001,Vente,2590933,36,,RUE DES ETATS GENERAUX,0980,78000,78646,Versailles,78,,,78646000BS0025,,,26,,,,,,,,,,1,4,Local industriel. commercial ou assimilé,17,0,,,,,,2.134752,48.797562
2023-1064968,2023-12-29,000001,Vente,2590933,36,,RUE DES ETATS GENERAUX,0980,78000,78646,Versailles,78,,,78646000BS0025,,,26,,,,,,,,,,1,4,Local industriel. commercial ou assimilé,21,0,,,,,,2.134752,48.797562
2023-1064968,2023-12-29,000001,Vente,2590933,36,,RUE DES ETATS GENERAUX,0980,78000,78646,Versailles,78,,,78646000BS0025,,,171,,,,,,,,,,1,4,Local industriel. commercial ou assimilé,14,0,,,,,,2.134752,48.797562
2023-1064968,2023-12-29,000001,Vente,2590933,36,,RUE DES ETATS GENERAUX,0980,78000,78646,Versailles,78,,,78646000BS0025,,,170,,,,,,,,,,1,4,Local industriel. commercial ou assimilé,14,0,,,,,,2.134752,48.797562
2023-1064968,2023-12-29,000001,Vente,2590933,36,,RUE DES ETATS GENERAUX,0980,78000,78646,Versailles,78,,,78646000BS0025,,,23,,,,,,,,,,1,4,Local industriel. commercial ou assimilé,49,0,,,,,,2.134752,48.797562
2023-1064968,2023-12-29,000001,Vente,2590933,36,,RUE DES ETATS GENERAUX,0980,78000,78646,Versailles,78,,,78646000BS0025,,,19,,,,,,,,,,1,4,Local industriel. commercial ou assimilé,65,0,,,,,,2.134752,48.797562
2023-1064968,2023-12-29,000001,Vente,2590933,36,,RUE DES ETATS GENERAUX,0980,78000,78646,Versailles,78,,,78646000BS0025,,,18,,,,,,,,,,1,4,Local industriel. commercial ou assimilé,88,0,,,,,,2.134752,48.797562
2023-1064968,2023-12-29,000001,Vente,2590933,36,,RUE DES ETATS GENERAUX,0980,78000,78646,Versailles,78,,,78646000BS0025,,,21,,,,,,,,,,1,4,Local industriel. commercial ou assimilé,110,0,,,,,,2.134752,48.797562
2023-1064968,2023-12-29,000001,Vente,2590933,36,,RUE DES ETATS GENERAUX,0980,78000,78646,Versailles,78,,,78646000BS0025,,,16,,,,,,,,,,1,4,Local industriel. commercial ou assimilé,55,0,,,,,,2.134752,48.797562
2023-1064968,2023-12-29,000001,Vente,2590933,36,,RUE DES ETATS GENERAUX,0980,78000,78646,Versailles,78,,,78646000BS0025,,,14,,,,,,,,,,1,4,Local industriel. commercial ou assimilé,104,0,,,,,,2.134752,48.797562
2023-1064968,2023-12-29,000001,Vente,2590933,36,,RUE DES ETATS GENERAUX,0980,78000,78646,Versailles,78,,,78646000BS0025,,,15,,,,,,,,,,1,4,Local industriel. commercial ou assimilé,99,0,,,,,,2.134752,48.797562
2023-1064968,2023-12-29,000001,Vente,2590933,36,,RUE DES ETATS GENERAUX,0980,78000,78646,Versailles,78,,,78646000BS0025,,,35,,,,,,,,,,1,4,Local industriel. commercial ou assimilé,2,0,,,,,,2.134752,48.797562
2023-1064968,2023-12-29,000001,Vente,2590933,36,,RUE DES ETATS GENERAUX,0980,78000,78646,Versailles,78,,,78646000BS0025,,,10,,,,,,,,,,1,4,Local industriel. commercial ou assimilé,88,0,,,,,,2.134752,48.797562
2023-1064968,2023-12-29,000001,Vente,2590933,36,,RUE DES ETATS GENERAUX,0980,78000,78646,Versailles,78,,,78646000BS0025,,,11,,,,,,,,,,1,4,Local industriel. commercial ou assimilé,66,0,,,,,,2.134752,48.797562
2023-1064968,2023-12-29,000001,Vente,2590933,36,,RUE DES ETATS GENERAUX,0980,78000,78646,Versailles,78,,,78646000BS0025,,,8,,9,,,,,,,,2,4,Local industriel. commercial ou assimilé,244,0,,,,,,2.134752,48.797562
2023-1064968,2023-12-29,000001,Vente,2590933,36,,RUE DES ETATS GENERAUX,0980,78000,78646,Versailles,78,,,78646000BS0025,,,36,,,,,,,,,,1,4,Local industriel. commercial ou assimilé,3,0,,,,,,2.134752,48.797562
2023-1064968,2023-12-29,000001,Vente,2590933,36,,RUE DES ETATS GENERAUX,0980,78000,78646,Versailles,78,,,78646000BS0025,,,37,,,,,,,,,,1,4,Local industriel. commercial ou assimilé,1,0,,,,,,2.134752,48.797562
2023-1064968,2023-12-29,000001,Vente,2590933,36,,RUE DES ETATS GENERAUX,0980,78000,78646,Versailles,78,,,78646000BS0025,,,6,,,,,,,,,,1,4,Local industriel. commercial ou assimilé,84,0,,,,,,2.134752,48.797562
2023-1064968,2023-12-29,000001,Vente,2590933,36,,RUE DES ETATS GENERAUX,0980,78000,78646,Versailles,78,,,78646000BS0025,,,52,,,,,,,,,,1,4,Local industriel. commercial ou assimilé,76,0,,,,,,2.134752,48.797562
2023-1064968,2023-12-29,000001,Vente,2590933,36,,RUE DES ETATS GENERAUX,0980,78000,78646,Versailles,78,,,78646000BS0025,,,100,,,,,,,,,,1,3,Dépendance,,0,,,,,,2.134752,48.797562
2023-1064968,2023-12-29,000001,Vente,2590933,36,,RUE DES ETATS GENERAUX,0980,78000,78646,Versailles,78,,,78646000BS0025,,,74,,,,,,,,,,1,4,Local industriel. commercial ou assimilé,9,0,,,,,,2.134752,48.797562
2023-1064968,2023-12-29,000001,Vente,2590933,36,,RUE DES ETATS GENERAUX,0980,78000,78646,Versailles,78,,,78646000BS0025,,,161,,,,,,,,,,1,4,Local industriel. commercial ou assimilé,13,0,,,,,,2.134752,48.797562
2023-1064968,2023-12-29,000001,Vente,2590933,36,,RUE DES ETATS GENERAUX,0980,78000,78646,Versailles,78,,,78646000BS0025,,,70,,,,,,,,,,1,4,Local industriel. commercial ou assimilé,11,0,,,,,,2.134752,48.797562
2023-1064968,2023-12-29,000001,Vente,2590933,36,,RUE DES ETATS GENERAUX,0980,78000,78646,Versailles,78,,,78646000BS0025,,,71,,,,,,,,,,1,4,Local industriel. commercial ou assimilé,10,0,,,,,,2.134752,48.797562
2023-1064968,2023-12-29,000001,Vente,2590933,36,,RUE DES ETATS GENERAUX,0980,78000,78646,Versailles,78,,,78646000BS0025,,,72,,,,,,,,,,1,4,Local industriel. commercial ou assimilé,10,0,,,,,,2.134752,48.797562
2023-1064968,2023-12-29,000001,Vente,2590933,36,,RUE DES ETATS GENERAUX,0980,78000,78646,Versailles,78,,,78646000BS0025,,,72,,,,,,,,,,1,4,Local industriel. commercial ou assimilé,10,0,,,,,,2.134752,48.797562
2023-1064968,2023-12-29,000001,Vente,2590933,36,,RUE DES ETATS GENERAUX,0980,78000,78646,Versailles,78,,,78646000BS0025,,,73,,,,,,,,,,1,4,Local industriel. commercial ou assimilé,9,0,,,,,,2.134752,48.797562
2023-1064968,2023-12-29,000001,Vente,2590933,36,,RUE DES ETATS GENERAUX,0980,78000,78646,Versailles,78,,,78646000BS0025,,,75,,,,,,,,,,1,4,Local industriel. commercial ou assimilé,12,0,,,,,,2.134752,48.797562
2023-1064968,2023-12-29,000001,Vente,2590933,36,,RUE DES ETATS GENERAUX,0980,78000,78646,Versailles,78,,,78646000BS0025,,,76,,,,,,,,,,1,4,Local industriel. commercial ou assimilé,13,0,,,,,,2.134752,48.797562
2023-1064968,2023-12-29,000001,Vente,2590933,36,,RUE DES ETATS GENERAUX,0980,78000,78646,Versailles,78,,,78646000BS0025,,,77,,,,,,,,,,1,4,Local industriel. commercial ou assimilé,10,0,,,,,,2.134752,48.797562
2023-1064968,2023-12-29,000001,Vente,2590933,36,,RUE DES ETATS GENERAUX,0980,78000,78646,Versailles,78,,,78646000BS0025,,,106,,,,,,,,,,1,4,Local industriel. commercial ou assimilé,10,0,,,,,,2.134752,48.797562
2023-1064968,2023-12-29,000001,Vente,2590933,36,,RUE DES ETATS GENERAUX,0980,78000,78646,Versailles,78,,,78646000BS0025,,,107,,,,,,,,,,1,4,Local industriel. commercial ou assimilé,10,0,,,,,,2.134752,48.797562
2023-1064968,2023-12-29,000001,Vente,2590933,36,,RUE DES ETATS GENERAUX,0980,78000,78646,Versailles,78,,,78646000BS0025,,,108,,,,,,,,,,1,4,Local industriel. commercial ou assimilé,14,0,,,,,,2.134752,48.797562
2023-1064968,2023-12-29,000001,Vente,2590933,36,,RUE DES ETATS GENERAUX,0980,78000,78646,Versailles,78,,,78646000BS0025,,,109,,,,,,,,,,1,4,Local industriel. commercial ou assimilé,16,0,,,,,,2.134752,48.797562
2023-1064968,2023-12-29,000001,Vente,2590933,36,,RUE DES ETATS GENERAUX,0980,78000,78646,Versailles,78,,,78646000BS0025,,,110,,,,,,,,,,1,4,Local industriel. commercial ou assimilé,14,0,,,,,,2.134752,48.797562
2023-1064968,2023-12-29,000001,Vente,2590933,36,,RUE DES ETATS GENERAUX,0980,78000,78646,Versailles,78,,,78646000BS0025,,,111,,,,,,,,,,1,4,Local industriel. commercial ou assimilé,16,0,,,,,,2.134752,48.797562
2023-1064968,2023-12-29,000001,Vente,2590933,36,,RUE DES ETATS GENERAUX,0980,78000,78646,Versailles,78,,,78646000BS0025,,,112,,,,,,,,,,1,4,Local industriel. commercial ou assimilé,15,0,,,,,,2.134752,48.797562
2023-1064968,2023-12-29,000001,Vente,2590933,36,,RUE DES ETATS GENERAUX,0980,78000,78646,Versailles,78,,,78646000BS0025,,,113,,,,,,,,,,1,4,Local industriel. commercial ou assimilé,10,0,,,,,,2.134752,48.797562
2023-1064968,2023-12-29,000001,Vente,2590933,36,,RUE DES ETATS GENERAUX,0980,78000,78646,Versailles,78,,,78646000BS0025,,,114,,,,,,,,,,1,4,Local industriel. commercial ou assimilé,18,0,,,,,,2.134752,48.797562
2023-1064968,2023-12-29,000001,Vente,2590933,36,,RUE DES ETATS GENERAUX,0980,78000,78646,Versailles,78,,,78646000BS0025,,,115,,,,,,,,,,1,4,Local industriel. commercial ou assimilé,17,0,,,,,,2.134752,48.797562
2023-1064968,2023-12-29,000001,Vente,2590933,36,,RUE DES ETATS GENERAUX,0980,78000,78646,Versailles,78,,,78646000BS0025,,,162,,,,,,,,,,1,4,Local industriel. commercial ou assimilé,17,0,,,,,,2.134752,48.797562
2023-1064968,2023-12-29,000001,Vente,2590933,36,,RUE DES ETATS GENERAUX,0980,78000,78646,Versailles,78,,,78646000BS0025,,,162,,,,,,,,,,1,4,Local industriel. commercial ou assimilé,21,0,,,,,,2.134752,48.797562
2023-1064968,2023-12-29,000001,Vente,2590933,36,,RUE DES ETATS GENERAUX,0980,78000,78646,Versailles,78,,,78646000BS0025,,,163,,,,,,,,,,1,4,Local industriel. commercial ou assimilé,9,0,,,,,,2.134752,48.797562
2023-1064968,2023-12-29,000001,Vente,2590933,36,,RUE DES ETATS GENERAUX,0980,78000,78646,Versailles,78,,,78646000BS0025,,,164,,,,,,,,,,1,4,Local industriel. commercial ou assimilé,9,0,,,,,,2.134752,48.797562
2023-1064968,2023-12-29,000001,Vente,2590933,36,,RUE DES ETATS GENERAUX,0980,78000,78646,Versailles,78,,,78646000BS0025,,,165,,,,,,,,,,1,4,Local industriel. commercial ou assimilé,10,0,,,,,,2.134752,48.797562
2023-1064968,2023-12-29,000001,Vente,2590933,36,,RUE DES ETATS GENERAUX,0980,78000,78646,Versailles,78,,,78646000BS0025,,,166,,,,,,,,,,1,4,Local industriel. commercial ou assimilé,12,0,,,,,,2.134752,48.797562
2023-1064968,2023-12-29,000001,Vente,2590933,36,,RUE DES ETATS GENERAUX,0980,78000,78646,Versailles,78,,,78646000BS0025,,,167,,,,,,,,,,1,4,Local industriel. commercial ou assimilé,12,0,,,,,,2.134752,48.797562
2023-1064968,2023-12-29,000001,Vente,2590933,36,,RUE DES ETATS GENERAUX,0980,78000,78646,Versailles,78,,,78646000BS0025,,,168,,,,,,,,,,1,4,Local industriel. commercial ou assimilé,12,0,,,,,,2.134752,48.797562
2023-1064968,2023-12-29,000001,Vente,2590933,36,,RUE DES ETATS GENERAUX,0980,78000,78646,Versailles,78,,,78646000BS0025,,,169,,,,,,,,,,1,4,Local industriel. commercial ou assimilé,14,0,,,,,,2.134752,48.797562
2023-1065016,2023-12-20,000001,Vente,406000,31,,RUE DE LA PAROISSE,2190,78000,78646,Versailles,78,,,78646000AE0141,,,57,37.24,,,,,,,,,1,2,Appartement,41,1,,,,,,2.128166,48.808064
2023-1065016,2023-12-20,000001,Vente,406000,31,,RUE DE LA PAROISSE,2190,78000,78646,Versailles,78,,,78646000AE0141,,,56,41.49,,,,,,,,,1,2,Appartement,43,1,,,,,,2.128166,48.808064
2023-1065022,2023-12-22,000001,Vente,1184000,12,B,RUE DE LA CHANCELLERIE,0500,78000,78646,Versailles,78,,,78646000AH0237,,,14,,,,,,,,,,1,2,Appartement,117,5,,,,,,2.12341,48.802234
2023-1065022,2023-12-22,000001,Vente,1184000,12,B,RUE DE LA CHANCELLERIE,0500,78000,78646,Versailles,78,,,78646000AH0237,,,13,,,,,,,,,,1,3,Dépendance,,0,,,,,,2.12341,48.802234
2023-1065022,2023-12-22,000001,Vente,1184000,12,B,RUE DE LA CHANCELLERIE,0500,78000,78646,Versailles,78,,,78646000AH0237,,,13,,,,,,,,,,1,3,Dépendance,,0,,,,,,2.12341,48.802234
2023-1065022,2023-12-22,000001,Vente,1184000,12,B,RUE DE LA CHANCELLERIE,0500,78000,78646,Versailles,78,,,78646000AH0237,,,13,,,,,,,,,,1,3,Dépendance,,0,,,,,,2.12341,48.802234
2023-1065031,2023-12-12,000001,Vente,326800,84,,AV DE PARIS,2180,78000,78646,Versailles,78,,,78646000BN0045,,,15,,35,60.22,,,,,,,2,3,Dépendance,,0,,,,,,2.145174,48.797578
2023-1065031,2023-12-12,000001,Vente,326800,84,,AV DE PARIS,2180,78000,78646,Versailles,78,,,78646000BN0045,,,15,,35,60.22,,,,,,,2,2,Appartement,61,3,,,,,,2.145174,48.797578
2023-1065031,2023-12-12,000001,Vente,326800,84,,AV DE PARIS,2180,78000,78646,Versailles,78,,,78646000BN0045,,,115,,,,,,,,,,1,3,Dépendance,,0,,,,,,2.145174,48.797578
2023-1065065,2023-12-22,000001,Vente,902000,92,,BD DE LA REINE,2520,78000,78646,Versailles,78,,,78646000AI0224,,,10,,41,,42,,9,,,,4,2,Appartement,111,3,,,,,,2.138055,48.808262
2023-1065065,2023-12-22,000001,Vente,902000,92,,BD DE LA REINE,2520,78000,78646,Versailles,78,,,78646000AI0224,,,58,,,,,,,,,,1,3,Dépendance,,0,,,,,,2.138055,48.808262
2023-1065065,2023-12-22,000001,Vente,902000,92,,BD DE LA REINE,2520,78000,78646,Versailles,78,,,78646000AI0224,,,10,,41,,42,,9,,,,4,3,Dépendance,,0,,,,,,2.138055,48.808262
2023-1065080,2023-12-15,000001,Vente,120000,12,,AV DE PARIS,2180,78000,78646,Versailles,78,,,78646000BR0027,,,27,,,,,,,,,,1,3,Dépendance,,0,,,,,,2.13241,48.800962
2023-1065080,2023-12-15,000001,Vente,120000,12,,AV DE PARIS,2180,78000,78646,Versailles,78,,,78646000BR0027,,,21,,,,,,,,,,1,3,Dépendance,,0,,,,,,2.13241,48.800962
2023-1065080,2023-12-15,000001,Vente,120000,12,,AV DE PARIS,2180,78000,78646,Versailles,78,,,78646000BR0027,,,21,,,,,,,,,,1,2,Appartement,13,1,,,,,,2.13241,48.800962
2023-1065092,2023-12-22,000001,Vente,650000,42,,RUE FRANCOIS BOUCHER,1120,78000,78646,Versailles,78,,,78646000AZ0135,,,,,,,,,,,,,0,1,Maison,130,6,S,sols,,,272,2.161025,48.805538
2023-1065093,2023-12-14,000001,Vente,620000,1,,RUE JOUVENCEL,1520,78000,78646,Versailles,78,,,78646000AI0052,,,2,29.25,,,,,,,,,1,4,Local industriel. commercial ou assimilé,29,0,,,,,,2.132321,48.803557
2023-1065093,2023-12-14,000001,Vente,620000,1,,RUE JOUVENCEL,1520,78000,78646,Versailles,78,,,78646000AI0052,,,3,90,,,,,,,,,1,4,Local industriel. commercial ou assimilé,75,0,,,,,,2.132321,48.803557
2023-1065103,2023-12-28,000001,Vente,220000,22,,RUE DE VERGENNES,3150,78000,78646,Versailles,78,,,78646000BR0109,,,16,49.42,8,,,,,,,,2,3,Dépendance,,0,,,,,,2.137376,48.798192
2023-1065103,2023-12-28,000001,Vente,220000,22,,RUE DE VERGENNES,3150,78000,78646,Versailles,78,,,78646000BR0109,,,16,49.42,8,,,,,,,,2,2,Appartement,50,3,,,,,,2.137376,48.798192
2023-1065113,2023-12-21,000001,Vente,500000,9,B,RUE JEAN DE LA BRUYERE,1560,78000,78646,Versailles,78,,,78646000AO0205,,,1051,111.82,1151,,,,,,,,2,3,Dépendance,,0,,,,,,2.146857,48.813978
2023-1065113,2023-12-21,000001,Vente,500000,1,,ALL LA BRUYERE,1557,78000,78646,Versailles,78,,,78646000AO0205,,,1802,,,,,,,,,,1,3,Dépendance,,0,,,,,,2.146857,48.813978
2023-1065113,2023-12-21,000001,Vente,500000,9,B,RUE JEAN DE LA BRUYERE,1560,78000,78646,Versailles,78,,,78646000AO0205,,,1051,111.82,1151,,,,,,,,2,3,Dépendance,,0,,,,,,2.146857,48.813978
2023-1065113,2023-12-21,000001,Vente,500000,9,B,RUE JEAN DE LA BRUYERE,1560,78000,78646,Versailles,78,,,78646000AO0205,,,1051,111.82,1151,,,,,,,,2,2,Appartement,106,5,,,,,,2.146857,48.813978
2023-1065118,2023-12-27,000001,Vente,117500,98,,AV DE PARIS,2180,78000,78646,Versailles,78,,,78646000BK0001,,,9,16.48,,,,,,,,,1,3,Dépendance,,0,,,,,,2.149414,48.797242
2023-1065142,2023-12-07,000001,Vente,670000,22,,RUE JACQUES LEMERCIER,1420,78000,78646,Versailles,78,,,78646000AO0017,,,90,,,,,,,,,,1,3,Dépendance,,0,,,,,,2.149694,48.813972
2023-1065142,2023-12-07,000001,Vente,670000,22,,RUE JACQUES LEMERCIER,1420,78000,78646,Versailles,78,,,78646000AO0017,,,29,123.25,64,,,,,,,,2,2,Appartement,124,4,,,,,,2.149694,48.813972
2023-1065142,2023-12-07,000001,Vente,670000,22,,RUE JACQUES LEMERCIER,1420,78000,78646,Versailles,78,,,78646000AO0017,,,102,,,,,,,,,,1,3,Dépendance,,0,,,,,,2.149694,48.813972
2023-1065142,2023-12-07,000001,Vente,670000,22,,RUE JACQUES LEMERCIER,1420,78000,78646,Versailles,78,,,78646000AO0017,,,29,123.25,64,,,,,,,,2,3,Dépendance,,0,,,,,,2.149694,48.813972
2023-1065165,2023-12-20,000001,Vente,3600000,20,,BD DU ROI,2641,78000,78646,Versailles,78,,,78646000AD0492,,,,,,,,,,,,,0,4,Local industriel. commercial ou assimilé,450,0,S,sols,,,500,2.127406,48.811845
2023-1065165,2023-12-20,000001,Vente,3600000,20,,BD DU ROI,2641,78000,78646,Versailles,78,,,78646000AD0492,,,,,,,,,,,,,0,4,Local industriel. commercial ou assimilé,450,0,AG,terrains d'agrément,,,554,2.127406,48.811845
2023-1065204,2023-12-19,000001,Vente,832000,9,,RUE SAINT CHARLES,2710,78000,78646,Versailles,78,,,78646000AY0192,,,,,,,,,,,,,0,1,Maison,70,4,S,sols,,,477,2.148939,48.801383
2023-1065205,2023-12-28,000001,Vente,182000,36,,RUE REMONT,2560,78000,78646,Versailles,78,,,78646000BE0468,,,13,30.14,,,,,,,,,1,2,Appartement,29,1,,,,,,2.160186,48.795832
2023-1065206,2023-12-20,000001,Vente,496300,5,,BD JEUX OLYMPIQUES,1495,78000,78646,Versailles,78,,,78646000AZ0110,,,1018,100.2,880,,,,,,,,2,3,Dépendance,,0,,,,,,2.158672,48.8041
2023-1065206,2023-12-20,000001,Vente,496300,5,,RUE DE L ECOLE DES POSTES,0850,78000,78646,Versailles,78,,,78646000AZ0110,,,3458,,,,,,,,,,1,3,Dépendance,,0,,,,,,2.158672,48.8041
2023-1065206,2023-12-20,000001,Vente,496300,5,,BD JEUX OLYMPIQUES,1495,78000,78646,Versailles,78,,,78646000AZ0110,,,1018,100.2,880,,,,,,,,2,2,Appartement,102,4,,,,,,2.158672,48.8041
2023-1065210,2023-12-27,000001,Vente,825800,73,B,RUE DU MAL FOCH,1810,78000,78646,Versailles,78,,,78646000AD0472,,,257,97.58,,,,,,,,,1,2,Appartement,101,4,,,,,,2.135035,48.812491
2023-1065210,2023-12-27,000001,Vente,825800,73,B,RUE DU MAL FOCH,1810,78000,78646,Versailles,78,,,78646000AD0477,,,192,,,,,,,,,,1,3,Dépendance,,0,,,,,,2.134954,48.812695
2023-1065225,2023-12-21,000001,Vente,168000,7,,RUE DE LIMOGES,1660,78000,78646,Versailles,78,,,78646000BR0155,,,12,,,,,,,,,,1,2,Appartement,6,1,,,,,,2.132105,48.799139
2023-1065225,2023-12-21,000001,Vente,168000,7,,RUE DE LIMOGES,1660,78000,78646,Versailles,78,,,78646000BR0155,,,11,,,,,,,,,,1,2,Appartement,10,1,,,,,,2.132105,48.799139
2023-1065225,2023-12-21,000001,Vente,168000,7,,RUE DE LIMOGES,1660,78000,78646,Versailles,78,,,78646000BR0155,,,9,,,,,,,,,,1,2,Appartement,17,1,,,,,,2.132105,48.799139
2023-1065234,2023-12-15,000001,Vente,241100,7,,RUE DES PRES AUX BOIS,2430,78000,78646,Versailles,78,,,78646000BC0125,,,28,49.78,51,,,,,,,,2,3,Dépendance,,0,,,,,,2.159314,48.799944
2023-1065234,2023-12-15,000001,Vente,241100,7,,RUE DES PRES AUX BOIS,2430,78000,78646,Versailles,78,,,78646000BC0125,,,28,49.78,51,,,,,,,,2,2,Appartement,49,2,,,,,,2.159314,48.799944
2023-1065234,2023-12-15,000001,Vente,241100,7,,RUE DES PRES AUX BOIS,2430,78000,78646,Versailles,78,,,78646000BC0125,,,90,,,,,,,,,,1,3,Dépendance,,0,,,,,,2.159314,48.799944
2023-1065250,2023-12-29,000001,Vente,283018,13,,RUE DE L ORIENT,2130,78000,78646,Versailles,78,,,78646000BT0105,,,117,,,,,,,,,,1,3,Dépendance,,0,,,,,,2.127036,48.796284
2023-1065250,2023-12-29,000001,Vente,283018,13,,RUE DE L ORIENT,2130,78000,78646,Versailles,78,,,78646000BT0105,,,111,,114,,,,,,,,2,2,Appartement,27,2,,,,,,2.127036,48.796284
2023-1065252,2023-12-29,000001,Vente,144084,86,,RUE D ANJOU,0190,78000,78646,Versailles,78,,,78646000BT0080,,,3,,,,,,,,,,1,2,Appartement,50,2,,,,,,2.12952,48.795748
2023-1065252,2023-12-29,000001,Vente,144084,86,,RUE D ANJOU,0190,78000,78646,Versailles,78,,,78646000BT0080,,,13,,,,,,,,,,1,3,Dépendance,,0,,,,,,2.12952,48.795748
2023-1065347,2023-12-11,000001,Vente en l'état futur d'achèvement,17000,104,,AV DE PARIS,2180,78000,78646,Versailles,78,,,78646000BK0019,,,88,,,,,,,,,,1,3,Dépendance,,0,,,,,,2.150393,48.797197
2023-1065351,2023-12-29,000001,Vente,450910,52,,RUE DE LA PAROISSE,2190,78000,78646,Versailles,78,,,78646000AE0428,,,10,52.73,,,,,,,,,1,2,Appartement,52,3,,,,,,2.129708,48.806918
2023-1065370,2023-12-19,000001,Vente,171150,7,,RUE SAINT MEDERIC,2840,78000,78646,Versailles,78,,,78646000BT0140,,,62,31,,,,,,,,,1,2,Appartement,42,2,,,,,,2.127828,48.795581
2023-1065376,2023-12-28,000001,Vente,238000,2,,RUE SAINT LOUIS,2810,78000,78646,Versailles,78,,,78646000BW0081,,,18,32.27,43,,,,,,,,2,3,Dépendance,,0,,,,,,2.122585,48.795743
2023-1065376,2023-12-28,000001,Vente,238000,2,,RUE SAINT LOUIS,2810,78000,78646,Versailles,78,,,78646000BW0081,,,18,32.27,43,,,,,,,,2,2,Appartement,33,2,,,,,,2.122585,48.795743
2023-1065385,2023-12-22,000001,Vente,308000,11,,RUE MONSEIGNEUR GIBIER,1950,78000,78646,Versailles,78,,,78646000BW0189,,,2,,,,,,,,,,1,2,Appartement,17,1,,,,,,2.122672,48.793832
2023-1065385,2023-12-22,000001,Vente,308000,11,,RUE MONSEIGNEUR GIBIER,1950,78000,78646,Versailles,78,,,78646000BW0189,,,1,45.08,,,,,,,,,1,2,Appartement,31,2,,,,,,2.122672,48.793832
2023-1065385,2023-12-22,000001,Vente,308000,11,,RUE MONSEIGNEUR GIBIER,1950,78000,78646,Versailles,78,,,78646000BW0189,,,2,,,,,,,,,,1,3,Dépendance,,0,,,,,,2.122672,48.793832
2023-1065385,2023-12-22,000001,Vente,308000,11,,RUE MONSEIGNEUR GIBIER,1950,78000,78646,Versailles,78,,,78646000BW0189,,,1,45.08,,,,,,,,,1,3,Dépendance,,0,,,,,,2.122672,48.793832
2023-1065385,2023-12-22,000001,Vente,308000,11,,RUE MONSEIGNEUR GIBIER,1950,78000,78646,Versailles,78,,,78646000BW0189,,,14,,15,,,,,,,,2,4,Local industriel. commercial ou assimilé,45,0,,,,,,2.122672,48.793832
2023-1065389,2023-12-21,000001,Vente,425000,10,,RUE DU MAL DE LATTRE DE TASSIG,1790,78000,78646,Versailles,78,,,78646000AL0095,,,2,63.09,5,,,,,,,,2,2,Appartement,60,2,,,,,,2.136682,48.815758
2023-1065392,2023-12-21,000001,Vente,425000,10,,RUE DU MAL DE LATTRE DE TASSIG,1790,78000,78646,Versailles,78,,,78646000AL0095,,,1,62.33,,,,,,,,,1,2,Appartement,60,2,,,,,,2.136682,48.815758
2023-1065392,2023-12-21,000001,Vente,425000,10,,RUE DU MAL DE LATTRE DE TASSIG,1790,78000,78646,Versailles,78,,,78646000AL0095,,,4,,,,,,,,,,1,2,Appartement,60,2,,,,,,2.136682,48.815758
2023-1065457,2023-12-22,000001,Vente en l'état futur d'achèvement,18412920,,,LA SABLIERE,B029,78000,78646,Versailles,78,,,78646000BY0145,,,,,,,,,,,,,0,,,,,AB,terrains a bâtir,,,982,2.07831,48.803985
2023-1065457,2023-12-22,000001,Vente en l'état futur d'achèvement,18412920,,,LA SABLIERE,B029,78000,78646,Versailles,78,,,78646000BY0146,,8,,,,,,,,,,,0,,,,,,,,,,2.078291,48.803934
2023-1065457,2023-12-22,000001,Vente en l'état futur d'achèvement,18412920,,,LA SABLIERE,B029,78000,78646,Versailles,78,,,78646000BY0146,,,2008,,,,,,,,,,1,,,,,,,,,,2.078291,48.803934
2023-1065457,2023-12-22,000001,Vente en l'état futur d'achèvement,18412920,,,LA SABLIERE,B029,78000,78646,Versailles,78,,,78646000BY0146,,,2095,,,,,,,,,,1,,,,,,,,,,2.078291,48.803934
2023-1065457,2023-12-22,000001,Vente en l'état futur d'achèvement,18412920,,,LA SABLIERE,B029,78000,78646,Versailles,78,,,78646000BY0146,,,2064,,,,,,,,,,1,,,,,,,,,,2.078291,48.803934
2023-1065457,2023-12-22,000001,Vente en l'état futur d'achèvement,18412920,,,LA SABLIERE,B029,78000,78646,Versailles,78,,,78646000BY0146,,,2096,,,,,,,,,,1,,,,,,,,,,2.078291,48.803934
2023-1065457,2023-12-22,000001,Vente en l'état futur d'achèvement,18412920,,,LA SABLIERE,B029,78000,78646,Versailles,78,,,78646000BY0146,,,2065,,,,,,,,,,1,,,,,,,,,,2.078291,48.803934
2023-1065457,2023-12-22,000001,Vente en l'état futur d'achèvement,18412920,,,LA SABLIERE,B029,78000,78646,Versailles,78,,,78646000BY0146,,,2066,,,,,,,,,,1,,,,,,,,,,2.078291,48.803934
2023-1065457,2023-12-22,000001,Vente en l'état futur d'achèvement,18412920,,,LA SABLIERE,B029,78000,78646,Versailles,78,,,78646000BY0146,,,2067,,,,,,,,,,1,,,,,,,,,,2.078291,48.803934
2023-1065457,2023-12-22,000001,Vente en l'état futur d'achèvement,18412920,,,LA SABLIERE,B029,78000,78646,Versailles,78,,,78646000BY0146,,,2068,,,,,,,,,,1,,,,,,,,,,2.078291,48.803934
2023-1065457,2023-12-22,000001,Vente en l'état futur d'achèvement,18412920,,,LA SABLIERE,B029,78000,78646,Versailles,78,,,78646000BY0146,,,2069,,,,,,,,,,1,,,,,,,,,,2.078291,48.803934
2023-1065457,2023-12-22,000001,Vente en l'état futur d'achèvement,18412920,,,LA SABLIERE,B029,78000,78646,Versailles,78,,,78646000BY0146,,,2090,,,,,,,,,,1,,,,,,,,,,2.078291,48.803934
2023-1065457,2023-12-22,000001,Vente en l'état futur d'achèvement,18412920,,,LA SABLIERE,B029,78000,78646,Versailles,78,,,78646000BY0146,,,2091,,,,,,,,,,1,,,,,,,,,,2.078291,48.803934
2023-1065457,2023-12-22,000001,Vente en l'état futur d'achèvement,18412920,,,LA SABLIERE,B029,78000,78646,Versailles,78,,,78646000BY0146,,,2092,,,,,,,,,,1,,,,,,,,,,2.078291,48.803934
2023-1065457,2023-12-22,000001,Vente en l'état futur d'achèvement,18412920,,,LA SABLIERE,B029,78000,78646,Versailles,78,,,78646000BY0146,,,2093,,,,,,,,,,1,,,,,,,,,,2.078291,48.803934
2023-1065457,2023-12-22,000001,Vente en l'état futur d'achèvement,18412920,,,LA SABLIERE,B029,78000,78646,Versailles,78,,,78646000BY0146,,,2094,,,,,,,,,,1,,,,,,,,,,2.078291,48.803934
2023-1065457,2023-12-22,000001,Vente en l'état futur d'achèvement,18412920,,,LA SABLIERE,B029,78000,78646,Versailles,78,,,78646000BY0146,,,2097,,,,,,,,,,1,,,,,,,,,,2.078291,48.803934
2023-1065457,2023-12-22,000001,Vente en l'état futur d'achèvement,18412920,,,LA SABLIERE,B029,78000,78646,Versailles,78,,,78646000BY0146,,,2033,,,,,,,,,,1,,,,,,,,,,2.078291,48.803934
2023-1065457,2023-12-22,000001,Vente en l'état futur d'achèvement,18412920,,,LA SABLIERE,B029,78000,78646,Versailles,78,,,78646000BY0146,,,2032,,,,,,,,,,1,,,,,,,,,,2.078291,48.803934
2023-1065457,2023-12-22,000001,Vente en l'état futur d'achèvement,18412920,,,LA SABLIERE,B029,78000,78646,Versailles,78,,,78646000BY0146,,,2031,,,,,,,,,,1,,,,,,,,,,2.078291,48.803934
2023-1065457,2023-12-22,000001,Vente en l'état futur d'achèvement,18412920,,,LA SABLIERE,B029,78000,78646,Versailles,78,,,78646000BY0146,,,2030,,,,,,,,,,1,,,,,,,,,,2.078291,48.803934
2023-1065457,2023-12-22,000001,Vente en l'état futur d'achèvement,18412920,,,LA SABLIERE,B029,78000,78646,Versailles,78,,,78646000BY0146,,,2029,,,,,,,,,,1,,,,,,,,,,2.078291,48.803934
2023-1065457,2023-12-22,000001,Vente en l'état futur d'achèvement,18412920,,,LA SABLIERE,B029,78000,78646,Versailles,78,,,78646000BY0146,,,2019,,,,,,,,,,1,,,,,,,,,,2.078291,48.803934
2023-1065457,2023-12-22,000001,Vente en l'état futur d'achèvement,18412920,,,LA SABLIERE,B029,78000,78646,Versailles,78,,,78646000BY0146,,,2018,,,,,,,,,,1,,,,,,,,,,2.078291,48.803934
2023-1065457,2023-12-22,000001,Vente en l'état futur d'achèvement,18412920,,,LA SABLIERE,B029,78000,78646,Versailles,78,,,78646000BY0146,,,2009,,,,,,,,,,1,,,,,,,,,,2.078291,48.803934
2023-1065457,2023-12-22,000001,Vente en l'état futur d'achèvement,18412920,,,LA SABLIERE,B029,78000,78646,Versailles,78,,,78646000BY0146,,,2010,,,,,,,,,,1,,,,,,,,,,2.078291,48.803934
2023-1065457,2023-12-22,000001,Vente en l'état futur d'achèvement,18412920,,,LA SABLIERE,B029,78000,78646,Versailles,78,,,78646000BY0146,,,2034,,,,,,,,,,1,,,,,,,,,,2.078291,48.803934
2023-1065457,2023-12-22,000001,Vente en l'état futur d'achèvement,18412920,,,LA SABLIERE,B029,78000,78646,Versailles,78,,,78646000BY0146,,,2060,,,,,,,,,,1,,,,,,,,,,2.078291,48.803934
2023-1065457,2023-12-22,000001,Vente en l'état futur d'achèvement,18412920,,,LA SABLIERE,B029,78000,78646,Versailles,78,,,78646000BY0146,,,2061,,,,,,,,,,1,,,,,,,,,,2.078291,48.803934
2023-1065457,2023-12-22,000001,Vente en l'état futur d'achèvement,18412920,,,LA SABLIERE,B029,78000,78646,Versailles,78,,,78646000BY0146,,,2062,,,,,,,,,,1,,,,,,,,,,2.078291,48.803934
2023-1065457,2023-12-22,000001,Vente en l'état futur d'achèvement,18412920,,,LA SABLIERE,B029,78000,78646,Versailles,78,,,78646000BY0146,,,2063,,,,,,,,,,1,,,,,,,,,,2.078291,48.803934
2023-1065457,2023-12-22,000001,Vente en l'état futur d'achèvement,18412920,,,LA SABLIERE,B029,78000,78646,Versailles,78,,,78646000BY0146,,,2043,,,,,,,,,,1,,,,,,,,,,2.078291,48.803934
2023-1065457,2023-12-22,000001,Vente en l'état futur d'achèvement,18412920,,,LA SABLIERE,B029,78000,78646,Versailles,78,,,78646000BY0146,,,2042,,,,,,,,,,1,,,,,,,,,,2.078291,48.803934
2023-1065457,2023-12-22,000001,Vente en l'état futur d'achèvement,18412920,,,LA SABLIERE,B029,78000,78646,Versailles,78,,,78646000BY0146,,,2041,,,,,,,,,,1,,,,,,,,,,2.078291,48.803934
2023-1065457,2023-12-22,000001,Vente en l'état futur d'achèvement,18412920,,,LA SABLIERE,B029,78000,78646,Versailles,78,,,78646000BY0146,,,2040,,,,,,,,,,1,,,,,,,,,,2.078291,48.803934
2023-1065457,2023-12-22,000001,Vente en l'état futur d'achèvement,18412920,,,LA SABLIERE,B029,78000,78646,Versailles,78,,,78646000BY0146,,,2039,,,,,,,,,,1,,,,,,,,,,2.078291,48.803934
2023-1065457,2023-12-22,000001,Vente en l'état futur d'achèvement,18412920,,,LA SABLIERE,B029,78000,78646,Versailles,78,,,78646000BY0146,,,2038,,,,,,,,,,1,,,,,,,,,,2.078291,48.803934
2023-1065457,2023-12-22,000001,Vente en l'état futur d'achèvement,18412920,,,LA SABLIERE,B029,78000,78646,Versailles,78,,,78646000BY0146,,,2037,,,,,,,,,,1,,,,,,,,,,2.078291,48.803934
2023-1065457,2023-12-22,000001,Vente en l'état futur d'achèvement,18412920,,,LA SABLIERE,B029,78000,78646,Versailles,78,,,78646000BY0146,,,2036,,,,,,,,,,1,,,,,,,,,,2.078291,48.803934
2023-1065457,2023-12-22,000001,Vente en l'état futur d'achèvement,18412920,,,LA SABLIERE,B029,78000,78646,Versailles,78,,,78646000BY0146,,,2035,,,,,,,,,,1,,,,,,,,,,2.078291,48.803934
2023-1065457,2023-12-22,000001,Vente en l'état futur d'achèvement,18412920,,,LA SABLIERE,B029,78000,78646,Versailles,78,,,78646000BY0146,,,2059,,,,,,,,,,1,,,,,,,,,,2.078291,48.803934
2023-1065457,2023-12-22,000001,Vente en l'état futur d'achèvement,18412920,,,LA SABLIERE,B029,78000,78646,Versailles,78,,,78646000BY0146,,,2012,,,,,,,,,,1,,,,,,,,,,2.078291,48.803934
2023-1065457,2023-12-22,000001,Vente en l'état futur d'achèvement,18412920,,,LA SABLIERE,B029,78000,78646,Versailles,78,,,78646000BY0146,,,2013,,,,,,,,,,1,,,,,,,,,,2.078291,48.803934
2023-1065457,2023-12-22,000001,Vente en l'état futur d'achèvement,18412920,,,LA SABLIERE,B029,78000,78646,Versailles,78,,,78646000BY0146,,,2014,,,,,,,,,,1,,,,,,,,,,2.078291,48.803934
2023-1065457,2023-12-22,000001,Vente en l'état futur d'achèvement,18412920,,,LA SABLIERE,B029,78000,78646,Versailles,78,,,78646000BY0146,,,2015,,,,,,,,,,1,,,,,,,,,,2.078291,48.803934
2023-1065457,2023-12-22,000001,Vente en l'état futur d'achèvement,18412920,,,LA SABLIERE,B029,78000,78646,Versailles,78,,,78646000BY0146,,,2016,,,,,,,,,,1,,,,,,,,,,2.078291,48.803934
2023-1065457,2023-12-22,000001,Vente en l'état futur d'achèvement,18412920,,,LA SABLIERE,B029,78000,78646,Versailles,78,,,78646000BY0146,,,2017,,,,,,,,,,1,,,,,,,,,,2.078291,48.803934
2023-1065457,2023-12-22,000001,Vente en l'état futur d'achèvement,18412920,,,LA SABLIERE,B029,78000,78646,Versailles,78,,,78646000BY0146,,,2011,,,,,,,,,,1,,,,,,,,,,2.078291,48.803934
2023-1065457,2023-12-22,000001,Vente en l'état futur d'achèvement,18412920,,,LA SABLIERE,B029,78000,78646,Versailles,78,,,78646000BY0147,,,,,,,,,,,,,0,,,,,AB,terrains a bâtir,,,2190,2.079327,48.803915
2023-1065457,2023-12-22,000001,Vente en l'état futur d'achèvement,18412920,,,LA SABLIERE,B029,78000,78646,Versailles,78,,,78646000BY0161,,,,,,,,,,,,,0,,,,,AB,terrains a bâtir,,,722,2.079229,48.804305
2023-1065457,2023-12-22,000001,Vente en l'état futur d'achèvement,18412920,,,LA SABLIERE,B029,78000,78646,Versailles,78,,,78646000BY0165,,,,,,,,,,,,,0,,,,,AB,terrains a bâtir,,,476,2.079266,48.803599
2023-1065463,2023-12-22,000002,Vente,115000,7,T,RUE PORTE DE BUC,2390,78000,78646,Versailles,78,,,78646000BM0111,,,,,,,,,,,,,0,,,,,S,sols,,,93,2.137592,48.793907
2023-1065463,2023-12-22,000002,Vente,115000,7,T,RUE PORTE DE BUC,2390,78000,78646,Versailles,78,,,78646000BM0112,,,,,,,,,,,,,0,,,,,S,sols,,,22,2.138162,48.793778
2023-1065476,2023-12-14,000001,Vente,550000,5,,IMP DES GENDARMES,1140,78000,78646,Versailles,78,,,78646000BR0007,,,19,71.53,23,,,,,,,,2,2,Appartement,70,3,,,,,,2.131407,48.80069
2023-1065493,2023-12-22,000001,Vente,738000,17,,RUE BAILLET REVIRON,0270,78000,78646,Versailles,78,,,78646000AE0046,,,33,99.34,34,,36,,37,,38,,5,2,Appartement,90,4,,,,,,2.132318,48.808503
2023-1065493,2023-12-22,000001,Vente,738000,17,,RUE BAILLET REVIRON,0270,78000,78646,Versailles,78,,,78646000AE0046,,,33,99.34,34,,36,,37,,38,,5,3,Dépendance,,0,,,,,,2.132318,48.808503
2023-1065493,2023-12-22,000001,Vente,738000,17,,RUE BAILLET REVIRON,0270,78000,78646,Versailles,78,,,78646000AE0046,,,33,99.34,34,,36,,37,,38,,5,3,Dépendance,,0,,,,,,2.132318,48.808503
2023-1065540,2023-12-21,000001,Vente,235577,75,,RUE DU MAL FOCH,1810,78000,78646,Versailles,78,,,78646000AD0341,,,16,,2,36.14,,,,,,,2,3,Dépendance,,0,,,,,,2.135408,48.812785
2023-1065540,2023-12-21,000001,Vente,235577,75,,RUE DU MAL FOCH,1810,78000,78646,Versailles,78,,,78646000AD0341,,,16,,2,36.14,,,,,,,2,2,Appartement,37,1,,,,,,2.135408,48.812785
2023-1065600,2023-12-29,000001,Vente,209000,31,,RUE DU HAZARD,1300,78000,78646,Versailles,78,,,78646000BT0076,,,5,29.03,,,,,,,,,1,3,Dépendance,,0,,,,,,2.129994,48.79529
2023-1065600,2023-12-29,000001,Vente,209000,31,,RUE DU HAZARD,1300,78000,78646,Versailles,78,,,78646000BT0076,,,5,29.03,,,,,,,,,1,2,Appartement,30,2,,,,,,2.129994,48.79529
2023-1065604,2023-12-27,000001,Vente,293240,52,,RUE MOLIERE,1940,78000,78646,Versailles,78,,,78646000BL0403,,,4,39.65,,,,,,,,,1,3,Dépendance,,0,,,,,,2.150369,48.792526
2023-1065604,2023-12-27,000001,Vente,293240,126,,RUE YVES LE COZ,3210,78000,78646,Versailles,78,,,78646000BL0403,,,95,,,,,,,,,,1,3,Dépendance,,0,,,,,,2.150369,48.792526
2023-1065604,2023-12-27,000001,Vente,293240,52,,RUE MOLIERE,1940,78000,78646,Versailles,78,,,78646000BL0403,,,4,39.65,,,,,,,,,1,2,Appartement,40,2,,,,,,2.150369,48.792526
2023-1065670,2023-12-28,000001,Vente,0.15,20,,RUE HOCHE,1350,78000,78646,Versailles,78,,,78646000AE0216,,,169,,,,,,,,,,1,4,Local industriel. commercial ou assimilé,6,0,,,,,,2.128924,48.806998
2023-1065670,2023-12-28,000001,Vente,0.15,20,,RUE HOCHE,1350,78000,78646,Versailles,78,,,78646000AE0216,,,122,,131,,75,,,,,,3,4,Local industriel. commercial ou assimilé,100,0,,,,,,2.128924,48.806998
2023-1065674,2023-12-21,000001,Vente,111000,26,,RUE DES CHANTIERS,0530,78000,78646,Versailles,78,,,78646000BS0088,,,19,,,,,,,,,,1,2,Appartement,17,1,,,,,,2.137978,48.79584
2023-1065680,2023-12-21,000001,Vente,535000,1,,RUE D ANGIVILLER,0170,78000,78646,Versailles,78,,,78646000AC0243,,,1,,13,,39,,41,,,,4,2,Appartement,75,2,,,,,,2.12435,48.811031
2023-1065680,2023-12-21,000001,Vente,535000,1,,RUE D ANGIVILLER,0170,78000,78646,Versailles,78,,,78646000AC0243,,,1,,13,,39,,41,,,,4,3,Dépendance,,0,,,,,,2.12435,48.811031
2023-1065680,2023-12-21,000001,Vente,535000,1,,RUE D ANGIVILLER,0170,78000,78646,Versailles,78,,,78646000AC0243,,,1,,13,,39,,41,,,,4,3,Dépendance,,0,,,,,,2.12435,48.811031
2023-1065680,2023-12-21,000001,Vente,535000,1,,RUE D ANGIVILLER,0170,78000,78646,Versailles,78,,,78646000AC0243,,,1,,13,,39,,41,,,,4,3,Dépendance,,0,,,,,,2.12435,48.811031
2023-1065680,2023-12-21,000001,Vente,535000,1,,RUE D ANGIVILLER,0170,78000,78646,Versailles,78,,,78646000AC0243,,,28,,,,,,,,,,1,3,Dépendance,,0,,,,,,2.12435,48.811031
2023-1065704,2023-12-29,000001,Vente,166877.94,96,,RUE DE LA PAROISSE,2190,78000,78646,Versailles,78,,,78646000AI0145,,,11,27.77,,,,,,,,,1,2,Appartement,28,2,,,,,,2.134239,48.805731
2023-1065781,2023-12-27,000001,Vente,61940,4,,RUE DE L ERMITAGE,0940,78000,78646,Versailles,78,,,78646000AC0026,,,1,,,,,,,,,,1,3,Dépendance,,0,,,,,,2.124314,48.813375
2023-1065781,2023-12-27,000001,Vente,61940,4,,RUE DE L ERMITAGE,0940,78000,78646,Versailles,78,,,78646000AC0026,,,14,,,,,,,,,,1,3,Dépendance,,0,,,,,,2.124314,48.813375
2023-1065781,2023-12-27,000001,Vente,61940,4,,RUE DE L ERMITAGE,0940,78000,78646,Versailles,78,,,78646000AC0026,,,14,,,,,,,,,,1,2,Appartement,141,6,,,,,,2.124314,48.813375
2023-1065781,2023-12-27,000001,Vente,61940,4,B,RUE DE L ERMITAGE,0940,78000,78646,Versailles,78,,,78646000AC0026,,,94,,,,,,,,,,1,3,Dépendance,,0,,,,,,2.124314,48.813375
2023-1065781,2023-12-27,000001,Vente,61940,4,B,RUE DE L ERMITAGE,0940,78000,78646,Versailles,78,,,78646000AC0026,,,93,,,,,,,,,,1,3,Dépendance,,0,,,,,,2.124314,48.813375
2023-1065825,2023-12-28,000001,Vente,105000,50,,AV DE VILLENEUVE L ETANG,3200,78000,78646,Versailles,78,,,78646000AO0162,,,311,,,,,,,,,,1,2,Appartement,16,1,,,,,,2.148061,48.818119
2023-1065825,2023-12-28,000001,Vente,105000,50,,AV DE VILLENEUVE L ETANG,3200,78000,78646,Versailles,78,,,78646000AO0162,,,311,,,,,,,,,,1,3,Dépendance,,0,,,,,,2.148061,48.818119
2023-1065825,2023-12-28,000001,Vente,105000,50,,AV DE VILLENEUVE L ETANG,3200,78000,78646,Versailles,78,,,78646000AO0162,,,311,,,,,,,,,,1,3,Dépendance,,0,,,,,,2.148061,48.818119
2023-1065830,2023-12-29,000001,Vente,23000,57,,RUE EXELMANS,1020,78000,78646,Versailles,78,,,78646000AC0262,,,224,,,,,,,,,,1,3,Dépendance,,0,,,,,,2.126785,48.814611
2023-1065843,2023-12-20,000001,Vente,200000,26,,RUE DE SATORY,2950,78000,78646,Versailles,78,,,78646000AH0130,,,49,39.27,,,,,,,,,1,2,Appartement,56,3,,,,,,2.124477,48.800176
2023-1065849,2023-12-13,000001,Vente,125000,3,,SQ DU PONT COLBERT,2375,78000,78646,Versailles,78,,,78646000BI0012,,,3,65.85,,,,,,,,,1,2,Appartement,66,4,,,,,,2.148665,48.788305
2023-1065849,2023-12-13,000001,Vente,125000,3,,SQ DU PONT COLBERT,2375,78000,78646,Versailles,78,,,78646000BI0012,,,3,65.85,,,,,,,,,1,3,Dépendance,,0,,,,,,2.148665,48.788305
2023-1065886,2023-10-04,000001,Adjudication,15000,9,,RUE MONTEBELLO,1980,78000,78646,Versailles,78,,,78646000AK0014,,,37,,,,,,,,,,1,3,Dépendance,,0,,,,,,2.1372,48.812632
