id_mutation,date_mutation,numero_disposition,nature_mutation,valeur_fonciere,adresse_numero,adresse_suffixe,adresse_nom_voie,adresse_code_voie,code_postal,code_commune,nom_commune,code_departement,ancien_code_commune,ancien_nom_commune,id_parcelle,ancien_id_parcelle,numero_volume,lot1_numero,lot1_surface_carrez,lot2_numero,lot2_surface_carrez,lot3_numero,lot3_surface_carrez,lot4_numero,lot4_surface_carrez,lot5_numero,lot5_surface_carrez,nombre_lots,code_type_local,type_local,surface_reelle_bati,nombre_pieces_principales,code_nature_culture,nature_culture,code_nature_culture_speciale,nature_culture_speciale,surface_terrain,longitude,latitude
2024-946527,2024-01-04,000001,Vente,388220,72,,RUE DU MAL FOCH,1810,78000,78646,Versailles,78,,,78646000AK0009,,,166,,71,,,,,,,,2,2,Appartement,55,4,,,,,,2.136535,48.812771
2024-946527,2024-01-04,000001,Vente,388220,72,,RUE DU MAL FOCH,1810,78000,78646,Versailles,78,,,78646000AK0009,,,166,,71,,,,,,,,2,3,Dépendance,,0,,,,,,2.136535,48.812771
2024-946535,2024-01-08,000001,Vente,65000,24,,RUE DE MONTREUIL,2000,78000,78646,Versailles,78,,,78646000AX0323,,,11,,26,,6,,,,,,3,2,Appartement,20,1,,,,,,2.144187,48.804756
2024-946539,2024-01-05,000001,Vente,636000,90,,AV DE PARIS,2180,78000,78646,Versailles,78,,,78646000BN0049,,,68,,,,,,,,,,1,3,Dépendance,,0,,,,,,2.146772,48.797712
2024-946539,2024-01-05,000001,Vente,636000,90,,AV DE PARIS,2180,78000,78646,Versailles,78,,,78646000BN0049,,,11,112.8,35,,,,,,,,2,2,Appartement,109,4,,,,,,2.146772,48.797712
2024-946539,2024-01-05,000001,Vente,636000,90,,AV DE PARIS,2180,78000,78646,Versailles,78,,,78646000BN0049,,,11,112.8,35,,,,,,,,2,3,Dépendance,,0,,,,,,2.146772,48.797712
2024-946541,2024-01-04,000001,Vente,388675,3,,RUE DE BEAUVAU,0320,78000,78646,Versailles,78,,,78646000AD0263,,,15,,7,,,,,,,,2,3,Dépendance,,0,,,,,,2.131065,48.81221
2024-946541,2024-01-04,000001,Vente,388675,3,,RUE DE BEAUVAU,0320,78000,78646,Versailles,78,,,78646000AD0263,,,15,,7,,,,,,,,2,2,Appartement,64,3,,,,,,2.131065,48.81221
2024-946542,2024-01-08,000001,Vente,895000,44,,RUE LAMARTINE,1590,78000,78646,Versailles,78,,,78646000BL0140,,,,,,,,,,,,,0,1,Maison,112,5,S,sols,,,435,2.149357,48.792321
2024-946556,2024-01-10,000001,Vente,443800,11,,RUE DU GENERAL LECLERC,1145,78000,78646,Versailles,78,,,78646000AH0163,,,31,45.86,34,,49,,,,,,3,2,Appartement,65,2,,,,,,2.125764,48.799608
2024-946572,2024-01-11,000001,Vente,14000,21,,BD ST ANTOINE,2690,78000,78646,Versailles,78,,,78646000AC0054,,,525,,,,,,,,,,1,3,Dépendance,,0,,,,,,2.125692,48.815948
2024-946583,2024-01-11,000001,Vente,137000,32,,RUE DE L ORANGERIE,2110,78000,78646,Versailles,78,,,78646000BV0023,,,3,20.05,,,,,,,,,1,2,Appartement,21,1,,,,,,2.12323,48.799639
2024-946600,2024-01-09,000001,Vente,670000,4,,RUE PIERRE MIGNARD,2330,78000,78646,Versailles,78,,,78646000BE0227,,,,,,,,,,,,,0,1,Maison,71,4,S,sols,,,275,2.160852,48.796438
2024-946600,2024-01-09,000001,Vente,670000,4,,RUE PIERRE MIGNARD,2330,78000,78646,Versailles,78,,,78646000BE0227,,,,,,,,,,,,,0,1,Maison,25,1,S,sols,,,275,2.160852,48.796438
2024-946600,2024-01-09,000001,Vente,670000,4,,RUE PIERRE MIGNARD,2330,78000,78646,Versailles,78,,,78646000BE0228,,,,,,,,,,,,,0,,,,,AB,terrains a bâtir,RUE,Rue,50,2.160781,48.796477
2024-946610,2024-01-09,000001,Vente en l'état futur d'achèvement,354000,,,LA SABLIERE,B029,78000,78646,Versailles,78,,,78646000BY0110,,,194,,,,,,,,,,1,,,,,,,,,,2.078228,48.802624
2024-946610,2024-01-09,000001,Vente en l'état futur d'achèvement,354000,,,LA SABLIERE,B029,78000,78646,Versailles,78,,,78646000BY0114,,,201,,,,,,,,,,1,,,,,,,,,,2.078245,48.802897
2024-946622,2024-01-05,000001,Vente,157000,18,,RUE PHILIPPE DE DANGEAU,2255,78000,78646,Versailles,78,,,78646000AI0031,,,39,18.66,,,,,,,,,1,2,Appartement,31,2,,,,,,2.134102,48.803212
2024-946632,2024-01-10,000001,Vente,23000,57,,RUE EXELMANS,1020,78000,78646,Versailles,78,,,78646000AC0262,,,215,,,,,,,,,,1,3,Dépendance,,0,,,,,,2.126785,48.814611
2024-946638,2024-01-08,000001,Vente,461800,10,,PL HOCHE,1340,78000,78646,Versailles,78,,,78646000AE0316,,,63,,,,,,,,,,1,3,Dépendance,,0,,,,,,2.128418,48.805623
2024-946638,2024-01-08,000001,Vente,461800,10,,PL HOCHE,1340,78000,78646,Versailles,78,,,78646000AE0316,,,54,55.64,60,,61,,62,,81,,5,2,Appartement,45,2,,,,,,2.128418,48.805623
2024-946638,2024-01-08,000001,Vente,461800,10,,PL HOCHE,1340,78000,78646,Versailles,78,,,78646000AE0316,,,54,55.64,60,,61,,62,,81,,5,3,Dépendance,,0,,,,,,2.128418,48.805623
2024-946638,2024-01-08,000001,Vente,461800,10,,PL HOCHE,1340,78000,78646,Versailles,78,,,78646000AE0316,,,54,55.64,60,,61,,62,,81,,5,3,Dépendance,,0,,,,,,2.128418,48.805623
2024-946639,2024-01-11,000001,Vente,20000,50,,AV DE VILLENEUVE L ETANG,3200,78000,78646,Versailles,78,,,78646000AO0162,,,170,,,,,,,,,,1,3,Dépendance,,0,,,,,,2.148061,48.818119
2024-946640,2024-01-10,000001,Vente,120000,12,,AV DE PORCHEFONTAINE,2380,78000,78646,Versailles,78,,,78646000BK0021,,,460,15.12,,,,,,,,,1,3,Dépendance,,0,,,,,,2.152071,48.797176
2024-946720,2024-01-15,000001,Vente,594000,29,,RUE DE NOAILLES,2050,78000,78646,Versailles,78,,,78646000BS0020,,,123,,153,,,,,,,,2,3,Dépendance,,0,,,,,,2.134087,48.797573
2024-946720,2024-01-15,000001,Vente,594000,29,,RUE DE NOAILLES,2050,78000,78646,Versailles,78,,,78646000BS0020,,,123,,153,,,,,,,,2,2,Appartement,98,4,,,,,,2.134087,48.797573
2024-946720,2024-01-15,000001,Vente,594000,29,,RUE DE NOAILLES,2050,78000,78646,Versailles,78,,,78646000BS0020,,,166,,,,,,,,,,1,3,Dépendance,,0,,,,,,2.134087,48.797573
2024-946721,2024-01-15,000001,Vente,1120100,13,,RUE DU PARC DE CLAGNY,2171,78000,78646,Versailles,78,,,78646000AK0081,,,1,122.14,30,,,,,,,,2,3,Dépendance,,0,,,,,,2.140076,48.81044
2024-946721,2024-01-15,000001,Vente,1120100,13,,RUE DU PARC DE CLAGNY,2171,78000,78646,Versailles,78,,,78646000AK0081,,,1,122.14,30,,,,,,,,2,2,Appartement,125,4,,,,,,2.140076,48.81044
2024-946777,2024-01-05,000001,Vente,13250,12,,AV DE PORCHEFONTAINE,2380,78000,78646,Versailles,78,,,78646000BK0021,,,1760,,,,,,,,,,1,3,Dépendance,,0,,,,,,2.152071,48.797176
2024-946779,2024-01-19,000001,Vente,176000,23,,RUE SAINTE VICTOIRE,2920,78000,78646,Versailles,78,,,78646000AD0279,,,4,,53,23.18,,,,,,,2,3,Dépendance,,0,,,,,,2.131576,48.811777
2024-946779,2024-01-19,000001,Vente,176000,23,,RUE SAINTE VICTOIRE,2920,78000,78646,Versailles,78,,,78646000AD0279,,,4,,53,23.18,,,,,,,2,2,Appartement,25,1,,,,,,2.131576,48.811777
2024-946780,2024-01-15,000001,Vente en l'état futur d'achèvement,318000,,,LA SABLIERE,B029,78000,78646,Versailles,78,,,78646000BY0108,,,105,,,,,,,,,,1,,,,,,,,,,2.079319,48.802074
2024-946796,2024-01-12,000001,Vente,260000,105,B,BD DE LA REINE,2520,78000,78646,Versailles,78,,,78646000AK0199,,,25,30.05,35,,,,,,,,2,2,Appartement,32,2,,,,,,2.137251,48.808977
2024-946796,2024-01-12,000001,Vente,260000,105,B,BD DE LA REINE,2520,78000,78646,Versailles,78,,,78646000AK0199,,,25,30.05,35,,,,,,,,2,3,Dépendance,,0,,,,,,2.137251,48.808977
2024-946817,2024-01-15,000001,Vente,1524000,46,,RUE DE LA BONNE AVENTURE,0390,78000,78646,Versailles,78,,,78646000AX0141,,,,,,,,,,,,,0,3,Dépendance,,0,S,sols,,,310,2.148586,48.80627
2024-946817,2024-01-15,000001,Vente,1524000,46,,RUE DE LA BONNE AVENTURE,0390,78000,78646,Versailles,78,,,78646000AX0141,,,,,,,,,,,,,0,1,Maison,170,8,S,sols,,,310,2.148586,48.80627
2024-946822,2024-01-05,000001,Vente,415000,5,,RUE DE L ECOLE DES POSTES,0850,78000,78646,Versailles,78,,,78646000AZ0110,,,3150,,,,,,,,,,1,3,Dépendance,,0,,,,,,2.158672,48.8041
2024-946822,2024-01-05,000001,Vente,415000,11,,PL ROYALE,2650,78000,78646,Versailles,78,,,78646000AZ0110,,,1242,,1285,84.74,,,,,,,2,2,Appartement,85,3,,,,,,2.158672,48.8041
2024-946822,2024-01-05,000001,Vente,415000,11,,PL ROYALE,2650,78000,78646,Versailles,78,,,78646000AZ0110,,,1242,,1285,84.74,,,,,,,2,3,Dépendance,,0,,,,,,2.158672,48.8041
2024-946837,2024-01-18,000001,Vente,23000,57,,RUE EXELMANS,1020,78000,78646,Versailles,78,,,78646000AC0262,,,213,,,,,,,,,,1,3,Dépendance,,0,,,,,,2.126785,48.814611
2024-946856,2024-01-12,000001,Vente,929600,62,,RUE ALBERT SARRAUT,0080,78000,78646,Versailles,78,,,78646000BL0441,,,,,,,,,,,,,0,1,Maison,65,4,S,sols,,,221,2.148772,48.793581
2024-946878,2024-01-18,000001,Vente,411500,16,,RUE ALBERT JOLY,0050,78000,78646,Versailles,78,,,78646000AK0173,,,205,56.23,233,,,,,,,,2,3,Dépendance,,0,,,,,,2.137394,48.810233
2024-946878,2024-01-18,000001,Vente,411500,16,,RUE ALBERT JOLY,0050,78000,78646,Versailles,78,,,78646000AK0173,,,205,56.23,233,,,,,,,,2,2,Appartement,57,3,,,,,,2.137394,48.810233
2024-946879,2024-01-23,000001,Vente,415000,17,,RUE DES MISSIONNAIRES,1920,78000,78646,Versailles,78,,,78646000AD0396,,,38,,39,,,,,,,,2,3,Dépendance,,0,,,,,,2.131727,48.81298
2024-946879,2024-01-23,000001,Vente,415000,17,,RUE DES MISSIONNAIRES,1920,78000,78646,Versailles,78,,,78646000AD0396,,,109,,,,,,,,,,1,3,Dépendance,,0,,,,,,2.131727,48.81298
2024-946879,2024-01-23,000001,Vente,415000,17,,RUE DES MISSIONNAIRES,1920,78000,78646,Versailles,78,,,78646000AD0396,,,38,,39,,,,,,,,2,2,Appartement,64,3,,,,,,2.131727,48.81298
2024-946894,2024-01-22,000001,Echange,1000,17,,RUE DES ETATS GENERAUX,0980,78000,78646,Versailles,78,,,78646000BR0036,,,9,,,,,,,,,,1,3,Dépendance,,0,,,,,,2.133011,48.800241
2024-946894,2024-01-22,000002,Echange,1000,17,,RUE DES ETATS GENERAUX,0980,78000,78646,Versailles,78,,,78646000BR0036,,,3,,,,,,,,,,1,3,Dépendance,,0,,,,,,2.133011,48.800241
2024-946914,2024-01-02,000001,Vente,755790,85,,AV DE SAINT CLOUD,2730,78000,78646,Versailles,78,,,78646000AI0234,,,24,,51,91.84,,,,,,,2,3,Dépendance,,0,,,,,,2.138776,48.806157
2024-946914,2024-01-02,000001,Vente,755790,85,,AV DE SAINT CLOUD,2730,78000,78646,Versailles,78,,,78646000AI0234,,,24,,51,91.84,,,,,,,2,3,Dépendance,,0,,,,,,2.138776,48.806157
2024-946914,2024-01-02,000001,Vente,755790,85,,AV DE SAINT CLOUD,2730,78000,78646,Versailles,78,,,78646000AI0234,,,12,,,,,,,,,,1,3,Dépendance,,0,,,,,,2.138776,48.806157
2024-946914,2024-01-02,000001,Vente,755790,85,,AV DE SAINT CLOUD,2730,78000,78646,Versailles,78,,,78646000AI0234,,,24,,51,91.84,,,,,,,2,2,Appartement,93,3,,,,,,2.138776,48.806157
2024-946917,2024-01-19,000001,Vente,35000,2,,RUE JEAN HOUDON,1440,78000,78646,Versailles,78,,,78646000AI0022,,,106,,,,,,,,,,1,3,Dépendance,,0,,,,,,2.133653,48.802049
2024-946917,2024-01-19,000001,Vente,35000,2,,RUE JEAN HOUDON,1440,78000,78646,Versailles,78,,,78646000AI0022,,,105,,,,,,,,,,1,3,Dépendance,,0,,,,,,2.133653,48.802049
2024-946922,2024-01-22,000001,Vente,684000,66,,RUE ALBERT JOLY,0050,78000,78646,Versailles,78,,,78646000AR0129,,,48,,5,,,,,,,,2,3,Dépendance,,0,,,,,,2.145022,48.809293
2024-946922,2024-01-22,000001,Vente,684000,66,,RUE ALBERT JOLY,0050,78000,78646,Versailles,78,,,78646000AR0129,,,48,,5,,,,,,,,2,2,Appartement,94,3,,,,,,2.145022,48.809293
2024-946922,2024-01-22,000001,Vente,684000,66,,RUE ALBERT JOLY,0050,78000,78646,Versailles,78,,,78646000AR0129,,,38,,,,,,,,,,1,3,Dépendance,,0,,,,,,2.145022,48.809293
2024-946944,2024-01-12,000001,Vente,75000,2,,PL LYAUTEY,1720,78000,78646,Versailles,78,,,78646000AH0223,,,10,,9,,,,,,,,2,2,Appartement,21,2,,,,,,2.127917,48.800732
2024-946955,2024-01-05,000001,Vente,325100,59,,AV DES ETATS UNIS,0990,78000,78646,Versailles,78,,,78646000AS0054,,,306,,,,,,,,,,1,3,Dépendance,,0,,,,,,2.152632,48.814149
2024-946955,2024-01-05,000001,Vente,325100,59,,AV DES ETATS UNIS,0990,78000,78646,Versailles,78,,,78646000AS0054,,,165,72.21,,,,,,,,,1,3,Dépendance,,0,,,,,,2.152632,48.814149
2024-946955,2024-01-05,000001,Vente,325100,59,,AV DES ETATS UNIS,0990,78000,78646,Versailles,78,,,78646000AS0054,,,165,72.21,,,,,,,,,1,2,Appartement,71,4,,,,,,2.152632,48.814149
2024-946999,2024-01-18,000001,Vente,215000,7,,RUE RICHAUD,2610,78000,78646,Versailles,78,,,78646000AI0313,,,165,,,,,,,,,,1,3,Dépendance,,0,,,,,,2.135209,48.807376
2024-946999,2024-01-18,000001,Vente,215000,7,,RUE RICHAUD,2610,78000,78646,Versailles,78,,,78646000AI0313,,,7,22.07,,,,,,,,,1,2,Appartement,20,1,,,,,,2.135209,48.807376
2024-947000,2024-01-19,000001,Vente,32000,1,,RUE RICHAUD,2610,78000,78646,Versailles,78,,,78646000AI0317,,,174,,,,,,,,,,1,3,Dépendance,,0,,,,,,2.133269,48.807902
2024-947062,2024-01-26,000001,Vente,1340000,11,,RUE DE MOUCHY,2010,78000,78646,Versailles,78,,,78646000AD0183,,,17,,22,,3,106.58,,,,,3,3,Dépendance,,0,,,,,,2.12708,48.81074
2024-947062,2024-01-26,000001,Vente,1340000,11,,RUE DE MOUCHY,2010,78000,78646,Versailles,78,,,78646000AD0183,,,17,,22,,3,106.58,,,,,3,3,Dépendance,,0,,,,,,2.12708,48.81074
2024-947062,2024-01-26,000001,Vente,1340000,11,,RUE DE MOUCHY,2010,78000,78646,Versailles,78,,,78646000AD0183,,,17,,22,,3,106.58,,,,,3,2,Appartement,160,6,,,,,,2.12708,48.81074
2024-947062,2024-01-26,000001,Vente,1340000,11,,RUE DE MOUCHY,2010,78000,78646,Versailles,78,,,78646000AD0183,,,7,9.03,,,,,,,,,1,3,Dépendance,,0,,,,,,2.12708,48.81074
2024-947062,2024-01-26,000001,Vente,1340000,11,,RUE DE MOUCHY,2010,78000,78646,Versailles,78,,,78646000AD0183,,,12,10.64,,,,,,,,,1,3,Dépendance,,0,,,,,,2.12708,48.81074
2024-947076,2024-01-19,000001,Vente,795580,62,,RUE ALBERT JOLY,0050,78000,78646,Versailles,78,,,78646000AR0128,,,88,,,,,,,,,,1,3,Dépendance,,0,,,,,,2.144474,48.809334
2024-947076,2024-01-19,000001,Vente,795580,64,,RUE ALBERT JOLY,0050,78000,78646,Versailles,78,,,78646000AR0128,,,53,,55,,65,,66,,,,4,3,Dépendance,,0,,,,,,2.144474,48.809334
2024-947076,2024-01-19,000001,Vente,795580,64,,RUE ALBERT JOLY,0050,78000,78646,Versailles,78,,,78646000AR0128,,,53,,55,,65,,66,,,,4,2,Appartement,103,5,,,,,,2.144474,48.809334
2024-947076,2024-01-19,000001,Vente,795580,64,,RUE ALBERT JOLY,0050,78000,78646,Versailles,78,,,78646000AR0128,,,53,,55,,65,,66,,,,4,3,Dépendance,,0,,,,,,2.144474,48.809334
2024-947080,2024-01-23,000001,Vente,25001,82,B,AV DE PARIS,2180,78000,78646,Versailles,78,,,78646000BN0166,,,1251,,,,,,,,,,1,3,Dépendance,,0,,,,,,2.145036,48.797427
2024-947105,2024-01-12,000001,Vente,538000,32,,RUE DU MAL JOFFRE,1820,78000,78646,Versailles,78,,,78646000BW0207,,,24,,33,,,,,,,,2,3,Dépendance,,0,,,,,,2.119719,48.794497
2024-947105,2024-01-12,000001,Vente,538000,32,,RUE DU MAL JOFFRE,1820,78000,78646,Versailles,78,,,78646000BW0207,,,146,,,,,,,,,,1,3,Dépendance,,0,,,,,,2.119719,48.794497
2024-947105,2024-01-12,000001,Vente,538000,32,,RUE DU MAL JOFFRE,1820,78000,78646,Versailles,78,,,78646000BW0207,,,24,,33,,,,,,,,2,2,Appartement,83,4,,,,,,2.119719,48.794497
2024-947125,2024-01-23,000001,Vente,364000,155,,BD DE LA REINE,2520,78000,78646,Versailles,78,,,78646000AR0073,,,113,,60,,,,,,,,2,2,Appartement,68,3,,,,,,2.145056,48.808479
2024-947125,2024-01-23,000001,Vente,364000,155,,BD DE LA REINE,2520,78000,78646,Versailles,78,,,78646000AR0073,,,131,,,,,,,,,,1,3,Dépendance,,0,,,,,,2.145056,48.808479
2024-947125,2024-01-23,000001,Vente,364000,155,,BD DE LA REINE,2520,78000,78646,Versailles,78,,,78646000AR0073,,,113,,60,,,,,,,,2,3,Dépendance,,0,,,,,,2.145056,48.808479
2024-947164,2024-01-16,000001,Vente,344300,19,,RUE DU MAL JOFFRE,1820,78000,78646,Versailles,78,,,78646000BW0082,,,14,,20,43.17,21,1.35,,,,,3,3,Dépendance,,0,,,,,,2.122268,48.795831
2024-947164,2024-01-16,000001,Vente,344300,19,,RUE DU MAL JOFFRE,1820,78000,78646,Versailles,78,,,78646000BW0082,,,14,,20,43.17,21,1.35,,,,,3,2,Appartement,46,2,,,,,,2.122268,48.795831
2024-947190,2024-01-25,000001,Vente,20000,12,,AV DE PORCHEFONTAINE,2380,78000,78646,Versailles,78,,,78646000BK0021,,,1689,,,,,,,,,,1,3,Dépendance,,0,,,,,,2.152071,48.797176
2024-947203,2024-01-22,000001,Vente,761700,32,,RUE DE LA BONNE AVENTURE,0390,78000,78646,Versailles,78,,,78646000AX0482,,,33,,,,,,,,,,1,2,Appartement,95,3,,,,,,2.147495,48.805949
2024-947203,2024-01-22,000001,Vente,761700,32,,RUE DE LA BONNE AVENTURE,0390,78000,78646,Versailles,78,,,78646000AX0482,,,17,,,,,,,,,,1,3,Dépendance,,0,,,,,,2.147495,48.805949
2024-947203,2024-01-22,000001,Vente,761700,32,,RUE DE LA BONNE AVENTURE,0390,78000,78646,Versailles,78,,,78646000AX0482,,,12,,,,,,,,,,1,3,Dépendance,,0,,,,,,2.147495,48.805949
2024-947219,2024-01-10,000001,Vente,650000,64,,BD DE LA REPUBLIQUE,2570,78000,78646,Versailles,78,,,78646000AY0282,,,,,,,,,,,,,0,,,,,AB,terrains a bâtir,,,419,2.153143,48.80417
2024-947244,2024-01-25,000001,Vente,687800,7,,RUE ROYALE,2648,78000,78646,Versailles,78,,,78646000BT0005,,,5,93.45,,,,,,,,,1,2,Appartement,79,4,,,,,,2.127721,48.798652
2024-947245,2024-01-09,000001,Vente,105000,1,,AV DES ETATS UNIS,0990,78000,78646,Versailles,78,,,78646000AX0025,,,24,11.96,,,,,,,,,1,3,Dépendance,,0,,,,,,2.141563,48.806353
2024-947279,2024-01-26,000001,Vente,601400,26,C,RUE HENRI SIMON,1330,78000,78646,Versailles,78,,,78646000AW0006,,,635,101.82,664,,,,,,,,2,2,Appartement,104,4,,,,,,2.15013,48.808121
2024-947279,2024-01-26,000001,Vente,601400,26,C,RUE HENRI SIMON,1330,78000,78646,Versailles,78,,,78646000AW0006,,,635,101.82,664,,,,,,,,2,3,Dépendance,,0,,,,,,2.15013,48.808121
2024-947279,2024-01-26,000001,Vente,601400,8,,RUE DE LA CEINTURE,0460,78000,78646,Versailles,78,,,78646000AW0006,,,1106,,,,,,,,,,1,3,Dépendance,,0,,,,,,2.15013,48.808121
2024-947282,2024-01-31,000001,Vente,159000,20,,RUE CARNOT,0440,78000,78646,Versailles,78,,,78646000AE0315,,,31,21.05,32,,33,,,,,,3,2,Appartement,23,1,,,,,,2.128653,48.805627
2024-947312,2024-01-25,000001,Vente,21000,98,,AV DE PARIS,2180,78000,78646,Versailles,78,,,78646000BK0001,,,395,,,,,,,,,,1,3,Dépendance,,0,,,,,,2.149414,48.797242
2024-947317,2024-01-29,000001,Vente,667800,50,,AV DE VILLENEUVE L ETANG,3200,78000,78646,Versailles,78,,,78646000AO0162,,,623,,648,105.3,,,,,,,2,3,Dépendance,,0,,,,,,2.148061,48.818119
2024-947317,2024-01-29,000001,Vente,667800,50,,AV DE VILLENEUVE L ETANG,3200,78000,78646,Versailles,78,,,78646000AO0162,,,623,,648,105.3,,,,,,,2,3,Dépendance,,0,,,,,,2.148061,48.818119
2024-947317,2024-01-29,000001,Vente,667800,50,,AV DE VILLENEUVE L ETANG,3200,78000,78646,Versailles,78,,,78646000AO0162,,,623,,648,105.3,,,,,,,2,2,Appartement,111,5,,,,,,2.148061,48.818119
2024-947317,2024-01-29,000001,Vente,667800,50,,AV DE VILLENEUVE L ETANG,3200,78000,78646,Versailles,78,,,78646000AO0162,,,337,,,,,,,,,,1,3,Dépendance,,0,,,,,,2.148061,48.818119
2024-947317,2024-01-29,000001,Vente,667800,50,,AV DE VILLENEUVE L ETANG,3200,78000,78646,Versailles,78,,,78646000AO0162,,,338,,,,,,,,,,1,3,Dépendance,,0,,,,,,2.148061,48.818119
2024-947338,2024-01-17,000001,Vente,188000,17,T,RUE DU PONT COLBERT,2370,78000,78646,Versailles,78,,,78646000BI0022,,,523,53.61,,,,,,,,,1,2,Appartement,58,3,,,,,,2.149624,48.789909
2024-947338,2024-01-17,000001,Vente,188000,17,T,RUE DU PONT COLBERT,2370,78000,78646,Versailles,78,,,78646000BI0022,,,523,53.61,,,,,,,,,1,3,Dépendance,,0,,,,,,2.149624,48.789909
2024-947353,2024-01-25,000001,Vente,315000,7,,PL ALEXANDRE 1E LOUIS BARTHOU,0100,78000,78646,Versailles,78,,,78646000AX0023,,,33,29.93,,,,,,,,,1,3,Dépendance,,0,,,,,,2.141034,48.80622
2024-947353,2024-01-25,000001,Vente,315000,7,,PL ALEXANDRE 1E LOUIS BARTHOU,0100,78000,78646,Versailles,78,,,78646000AX0023,,,33,29.93,,,,,,,,,1,2,Appartement,34,2,,,,,,2.141034,48.80622
2024-947376,2024-01-09,000001,Vente,508000,6,,RUE D ANGIVILLER,0170,78000,78646,Versailles,78,,,78646000AD0012,,,70,,,,,,,,,,1,4,Local industriel. commercial ou assimilé,20,0,,,,,,2.126641,48.810481
2024-947376,2024-01-09,000001,Vente,508000,10,,BD DU ROI,2641,78000,78646,Versailles,78,,,78646000AD0012,,,1,,10,,2,,24,,8,,5,4,Local industriel. commercial ou assimilé,111,0,,,,,,2.126641,48.810481
2024-947386,2024-01-19,000001,Vente,928077,90,,RUE D ANJOU,0190,78000,78646,Versailles,78,,,78646000BT0071,,,29,,,,,,,,,,1,3,Dépendance,,0,,,,,,2.130041,48.795585
2024-947386,2024-01-19,000001,Vente,928077,90,,RUE D ANJOU,0190,78000,78646,Versailles,78,,,78646000BT0071,,,30,,,,,,,,,,1,3,Dépendance,,0,,,,,,2.130041,48.795585
2024-947386,2024-01-19,000001,Vente,928077,90,,RUE D ANJOU,0190,78000,78646,Versailles,78,,,78646000BT0071,,,10,,,,,,,,,,1,3,Dépendance,,0,,,,,,2.130041,48.795585
2024-947386,2024-01-19,000001,Vente,928077,90,,RUE D ANJOU,0190,78000,78646,Versailles,78,,,78646000BT0071,,,10,,,,,,,,,,1,2,Appartement,110,5,,,,,,2.130041,48.795585
2024-947410,2024-02-06,000001,Vente,139550,2,,RUE DES DEUX PORTES,0780,78000,78646,Versailles,78,,,78646000AE0278,,,41,12.55,,,,,,,,,1,2,Appartement,27,1,,,,,,2.130524,48.805559
2024-947416,2024-01-24,000001,Vente,200000,9,,RUE DE LA PAROISSE,2190,78000,78646,Versailles,78,,,78646000AE0157,,,12,29.67,29,,,,,,,,2,2,Appartement,27,1,,,,,,2.126478,48.808351
2024-947416,2024-01-24,000001,Vente,200000,9,,RUE DE LA PAROISSE,2190,78000,78646,Versailles,78,,,78646000AE0157,,,12,29.67,29,,,,,,,,2,3,Dépendance,,0,,,,,,2.126478,48.808351
2024-947422,2024-01-24,000001,Vente,1050000,3,,RUE SAINTE SOPHIE,2890,78000,78646,Versailles,78,,,78646000AD0088,,,3,,58,,,,,,,,2,3,Dépendance,,0,,,,,,2.132176,48.809655
2024-947422,2024-01-24,000001,Vente,1050000,3,,RUE SAINTE SOPHIE,2890,78000,78646,Versailles,78,,,78646000AD0088,,,3,,58,,,,,,,,2,2,Appartement,142,5,,,,,,2.132176,48.809655
2024-947422,2024-01-24,000001,Vente,1050000,3,,RUE SAINTE SOPHIE,2890,78000,78646,Versailles,78,,,78646000AD0088,,,34,,,,,,,,,,1,3,Dépendance,,0,,,,,,2.132176,48.809655
2024-947450,2024-01-30,000001,Vente,476370,56,,RUE DES CHANTIERS,0530,78000,78646,Versailles,78,,,78646000BL0327,,,221,,56,,,,,,,,2,3,Dépendance,,0,,,,,,2.142467,48.792993
2024-947450,2024-01-30,000001,Vente,476370,56,,RUE DES CHANTIERS,0530,78000,78646,Versailles,78,,,78646000BL0327,,,221,,56,,,,,,,,2,2,Appartement,91,4,,,,,,2.142467,48.792993
2024-947450,2024-01-30,000001,Vente,476370,56,,RUE DES CHANTIERS,0530,78000,78646,Versailles,78,,,78646000BL0327,,,380,,,,,,,,,,1,3,Dépendance,,0,,,,,,2.142467,48.792993
2024-947453,2024-01-30,000001,Vente,450000,6,,PL HOCHE,1340,78000,78646,Versailles,78,,,78646000AE0320,,,17,43.15,,,,,,,,,1,4,Local industriel. commercial ou assimilé,47,0,,,,,,2.127801,48.8055
2024-947475,2024-02-02,000001,Vente,656680,32,,RUE DE LA CHAUMIERE,0580,78000,78646,Versailles,78,,,78646000BE0344,,,,,,,,,,,,,0,3,Dépendance,,0,S,sols,,,328,2.162636,48.795883
2024-947475,2024-02-02,000001,Vente,656680,32,,RUE DE LA CHAUMIERE,0580,78000,78646,Versailles,78,,,78646000BE0344,,,,,,,,,,,,,0,1,Maison,73,4,S,sols,,,328,2.162636,48.795883
2024-947477,2024-02-05,000001,Vente,297670,15,,RUE EDOUARD LEFEBVRE,0910,78000,78646,Versailles,78,,,78646000BR0139,,,9,,,,,,,,,,1,2,Appartement,40,2,,,,,,2.1319,48.79726
2024-947482,2024-02-05,000001,Vente,555000,41,,RUE DE LA PAROISSE,2190,78000,78646,Versailles,78,,,78646000AE0114,,,29,67.3,41,,,,,,,,2,3,Dépendance,,0,,,,,,2.129892,48.80746
2024-947482,2024-02-05,000001,Vente,555000,41,,RUE DE LA PAROISSE,2190,78000,78646,Versailles,78,,,78646000AE0114,,,29,67.3,41,,,,,,,,2,2,Appartement,67,3,,,,,,2.129892,48.80746
2024-947486,2024-02-02,000001,Vente,213750,10,,RUE GEORGES CLEMENCEAU,1200,78000,78646,Versailles,78,,,78646000AI0098,,,14,19,15,,19,,23,,,,4,3,Dépendance,,0,,,,,,2.132604,48.804165
2024-947486,2024-02-02,000001,Vente,213750,10,,RUE GEORGES CLEMENCEAU,1200,78000,78646,Versailles,78,,,78646000AI0098,,,14,19,15,,19,,23,,,,4,2,Appartement,38,1,,,,,,2.132604,48.804165
2024-947487,2024-01-25,000001,Vente,940000,27,,RUE REMILLY,2530,78000,78646,Versailles,78,,,78646000AK0054,,,18,,24,132.99,,,,,,,2,3,Dépendance,,0,,,,,,2.138966,48.811672
2024-947487,2024-01-25,000001,Vente,940000,27,,RUE REMILLY,2530,78000,78646,Versailles,78,,,78646000AK0054,,,17,,26,132.99,,,,,,,2,3,Dépendance,,0,,,,,,2.138966,48.811672
2024-947487,2024-01-25,000001,Vente,940000,27,,RUE REMILLY,2530,78000,78646,Versailles,78,,,78646000AK0054,,,17,,26,132.99,,,,,,,2,2,Appartement,68,3,,,,,,2.138966,48.811672
2024-947487,2024-01-25,000001,Vente,940000,27,,RUE REMILLY,2530,78000,78646,Versailles,78,,,78646000AK0054,,,18,,24,132.99,,,,,,,2,2,Appartement,59,4,,,,,,2.138966,48.811672
2024-947500,2024-02-05,000001,Vente,343500,9,,RUE LOUIS HAUSSMANN,1679,78000,78646,Versailles,78,,,78646000AS0026,,,33,,36,48.09,,,,,,,2,3,Dépendance,,0,,,,,,2.14555,48.81054
2024-947500,2024-02-05,000001,Vente,343500,9,,RUE LOUIS HAUSSMANN,1679,78000,78646,Versailles,78,,,78646000AS0026,,,33,,36,48.09,,,,,,,2,2,Appartement,47,2,,,,,,2.14555,48.81054
2024-947500,2024-02-05,000001,Vente,343500,9,,RUE LOUIS HAUSSMANN,1679,78000,78646,Versailles,78,,,78646000AS0026,,,13,,,,,,,,,,1,3,Dépendance,,0,,,,,,2.14555,48.81054
2024-947520,2024-02-05,000001,Vente,165000,52,,AV DE SCEAUX,2980,78000,78646,Versailles,78,,,78646000BT0180,,,10,34.38,,,,,,,,,1,2,Appartement,43,2,,,,,,2.130915,48.796494
2024-947520,2024-02-05,000001,Vente,165000,52,,AV DE SCEAUX,2980,78000,78646,Versailles,78,,,78646000BT0180,,,10,34.38,,,,,,,,,1,3,Dépendance,,0,,,,,,2.130915,48.796494
2024-947526,2024-02-05,000001,Vente,10000,29,,BD DE LA REINE,2520,78000,78646,Versailles,78,,,78646000AD0003,,,6,,,,,,,,,,1,3,Dépendance,,0,,,,,,2.126469,48.809791
2024-947532,2024-01-22,000001,Vente,568300,7,,ALL DES GARDES ROYALES,1136,78000,78646,Versailles,78,,,78646000AY0212,,,721,90.83,739,,,,,,,,2,2,Appartement,90,4,,,,,,2.151214,48.802177
2024-947532,2024-01-22,000001,Vente,568300,2,,ALL DES GARDES ROYALES,1136,78000,78646,Versailles,78,,,78646000AY0212,,,1112,,,,,,,,,,1,3,Dépendance,,0,,,,,,2.151214,48.802177
2024-947532,2024-01-22,000001,Vente,568300,7,,ALL DES GARDES ROYALES,1136,78000,78646,Versailles,78,,,78646000AY0212,,,721,90.83,739,,,,,,,,2,3,Dépendance,,0,,,,,,2.151214,48.802177
2024-947532,2024-01-22,000001,Vente,568300,7,,ALL DES GARDES ROYALES,1136,78000,78646,Versailles,78,,,78646000AY0212,,,721,90.83,739,,,,,,,,2,3,Dépendance,,0,,,,,,2.151214,48.802177
2024-947540,2024-02-07,000001,Vente,501000,35,,RUE HENRI SIMON,1330,78000,78646,Versailles,78,,,78646000AW0219,,,410,82.22,438,,612,,,,,,3,2,Appartement,84,3,,,,,,2.147909,48.808568
2024-947540,2024-02-07,000001,Vente,501000,35,,RUE HENRI SIMON,1330,78000,78646,Versailles,78,,,78646000AW0219,,,410,82.22,438,,612,,,,,,3,3,Dépendance,,0,,,,,,2.147909,48.808568
2024-947540,2024-02-07,000001,Vente,501000,35,,RUE HENRI SIMON,1330,78000,78646,Versailles,78,,,78646000AW0219,,,410,82.22,438,,612,,,,,,3,3,Dépendance,,0,,,,,,2.147909,48.808568
2024-947542,2024-02-07,000001,Vente,161905,9,,RUE JEAN DE LA FONTAINE,1439,78000,78646,Versailles,78,,,78646000BE0296,,,5,35.04,,,,,,,,,1,2,Appartement,34,1,,,,,,2.161818,48.797333
2024-947542,2024-02-07,000001,Vente,161905,9,,RUE JEAN DE LA FONTAINE,1439,78000,78646,Versailles,78,,,78646000BE0296,,,5,35.04,,,,,,,,,1,3,Dépendance,,0,,,,,,2.161818,48.797333
2024-947544,2024-01-29,000001,Vente,764000,8,,RUE DU MARECHAL GALLIENI,1812,78000,78646,Versailles,78,,,78646000AC0197,,,111,,133,95.06,157,,,,,,3,2,Appartement,90,4,,,,,,2.124334,48.810687
2024-947544,2024-01-29,000001,Vente,764000,8,,RUE DU MARECHAL GALLIENI,1812,78000,78646,Versailles,78,,,78646000AC0197,,,111,,133,95.06,157,,,,,,3,3,Dépendance,,0,,,,,,2.124334,48.810687
2024-947545,2024-02-06,000001,Vente,645000,22,,RUE RICHAUD,2610,78000,78646,Versailles,78,,,78646000AI0182,,,5,,,,,,,,,,1,2,Appartement,100,4,,,,,,2.134633,48.806887
2024-947545,2024-02-06,000001,Vente,645000,22,,RUE RICHAUD,2610,78000,78646,Versailles,78,,,78646000AI0182,,,5,,,,,,,,,,1,3,Dépendance,,0,,,,,,2.134633,48.806887
2024-947545,2024-02-06,000001,Vente,645000,22,,RUE RICHAUD,2610,78000,78646,Versailles,78,,,78646000AI0182,,,5,,,,,,,,,,1,3,Dépendance,,0,,,,,,2.134633,48.806887
2024-947546,2024-02-08,000001,Vente,23000,5,,RUE DE L ECOLE DES POSTES,0850,78000,78646,Versailles,78,,,78646000AZ0110,,,3018,,,,,,,,,,1,3,Dépendance,,0,,,,,,2.158672,48.8041
2024-947583,2024-02-01,000001,Vente,1130000,70,B,RUE YVES LE COZ,3210,78000,78646,Versailles,78,,,78646000BD0134,,,2,,3,375.19,4,,7,,,,4,4,Local industriel. commercial ou assimilé,122,0,,,,,,2.156546,48.795687
2024-947631,2024-02-09,000001,Vente,163000,18,,RUE DE MONTREUIL,2000,78000,78646,Versailles,78,,,78646000AX0327,,,26,,3,23.03,,,,,,,2,2,Appartement,25,1,,,,,,2.143845,48.804811
2024-947631,2024-02-09,000001,Vente,163000,18,,RUE DE MONTREUIL,2000,78000,78646,Versailles,78,,,78646000AX0327,,,26,,3,23.03,,,,,,,2,3,Dépendance,,0,,,,,,2.143845,48.804811
2024-947643,2024-02-09,000001,Vente,210000,20,,RUE HOCHE,1350,78000,78646,Versailles,78,,,78646000AE0216,,,165,33.03,,,,,,,,,1,4,Local industriel. commercial ou assimilé,42,0,,,,,,2.128924,48.806998
2024-947645,2024-02-09,000001,Vente,540000,3,,RUE DES ETATS GENERAUX,0980,78000,78646,Versailles,78,,,78646000BR0026,,,15,,5,77.25,,,,,,,2,3,Dépendance,,0,,,,,,2.132168,48.801011
2024-947645,2024-02-09,000001,Vente,540000,3,,RUE DES ETATS GENERAUX,0980,78000,78646,Versailles,78,,,78646000BR0026,,,15,,5,77.25,,,,,,,2,2,Appartement,80,3,,,,,,2.132168,48.801011
2024-947654,2024-01-23,000001,Vente,403200,1,,RUE VICTOR BART,3160,78000,78646,Versailles,78,,,78646000AS0002,,,14,,23,,,,,,,,2,2,Appartement,70,3,,,,,,2.143697,48.810949
2024-947654,2024-01-23,000001,Vente,403200,1,,RUE VICTOR BART,3160,78000,78646,Versailles,78,,,78646000AS0002,,,40,,,,,,,,,,1,3,Dépendance,,0,,,,,,2.143697,48.810949
2024-947654,2024-01-23,000001,Vente,403200,1,,RUE VICTOR BART,3160,78000,78646,Versailles,78,,,78646000AS0002,,,14,,23,,,,,,,,2,3,Dépendance,,0,,,,,,2.143697,48.810949
2024-947655,2024-01-26,000001,Vente,2357150,13,,RUE D ANGOULEME,0180,78000,78646,Versailles,78,,,78646000AD0030,,,,,,,,,,,,,0,1,Maison,200,7,S,sols,,,317,2.127747,48.810228
2024-947655,2024-01-26,000001,Vente,2357150,19,,RUE D ANGOULEME,0180,78000,78646,Versailles,78,,,78646000AD0172,,,17,,,,,,,,,,1,3,Dépendance,,0,,,,,,2.127876,48.810978
2024-947671,2024-01-30,000001,Vente,10000,102,,AV DES ETATS UNIS,0990,78000,78646,Versailles,78,,,78646000AV0364,,,75,,,,,,,,,,1,3,Dépendance,,0,,,,,,2.152749,48.81152
2024-947677,2024-02-12,000001,Vente,500000,29,,RUE D ANGIVILLER,0170,78000,78646,Versailles,78,,,78646000AD0144,,,5,67.6,,,,,,,,,1,2,Appartement,72,3,,,,,,2.130499,48.810403
2024-947677,2024-02-12,000001,Vente,500000,29,,RUE D ANGIVILLER,0170,78000,78646,Versailles,78,,,78646000AD0144,,,5,67.6,,,,,,,,,1,3,Dépendance,,0,,,,,,2.130499,48.810403
2024-947681,2024-02-08,000001,Vente,432000,2,,RUE VAUBAN,3110,78000,78646,Versailles,78,,,78646000BC0030,,,12,85.23,72,,,,,,,,2,3,Dépendance,,0,,,,,,2.154441,48.799454
2024-947681,2024-02-08,000001,Vente,432000,2,,RUE VAUBAN,3110,78000,78646,Versailles,78,,,78646000BC0030,,,12,85.23,72,,,,,,,,2,2,Appartement,85,5,,,,,,2.154441,48.799454
2024-947681,2024-02-08,000001,Vente,432000,2,,RUE VAUBAN,3110,78000,78646,Versailles,78,,,78646000BC0030,,,162,,,,,,,,,,1,3,Dépendance,,0,,,,,,2.154441,48.799454
2024-947702,2024-02-05,000001,Vente,170000,10,,RUE DE L OCCIDENT,2100,78000,78646,Versailles,78,,,78646000BV0143,,,18,19.68,,,,,,,,,1,2,Appartement,20,1,,,,,,2.125226,48.79709
2024-947713,2024-01-31,000001,Vente,19000,2,,RUE DE LA CEINTURE,0460,78000,78646,Versailles,78,,,78646000AW0219,,,662,,,,,,,,,,1,3,Dépendance,,0,,,,,,2.147909,48.808568
2024-947733,2024-02-02,000001,Vente,61000,15,,RUE DU GENERAL LECLERC,1145,78000,78646,Versailles,78,,,78646000AH0226,,,400,,,,,,,,,,1,4,Local industriel. commercial ou assimilé,24,0,,,,,,2.126268,48.79975
2024-947752,2024-02-14,000001,Vente,378000,28,,BD DE LESSEPS,1638,78000,78646,Versailles,78,,,78646000AX0484,,,19,87.87,7,,,,,,,,2,4,Local industriel. commercial ou assimilé,91,0,,,,,,2.147475,48.806773
2024-947762,2024-02-08,000001,Vente,31500,13,,RUE DU PARC DE CLAGNY,2171,78000,78646,Versailles,78,,,78646000AK0081,,,16,,,,,,,,,,1,3,Dépendance,,0,,,,,,2.140076,48.81044
2024-947762,2024-02-08,000001,Vente,31500,13,,RUE DU PARC DE CLAGNY,2171,78000,78646,Versailles,78,,,78646000AK0081,,,17,,,,,,,,,,1,3,Dépendance,,0,,,,,,2.140076,48.81044
2024-947783,2024-02-13,000001,Vente,271845,60,,RUE CHAMP LAGARDE,0490,78000,78646,Versailles,78,,,78646000AY0097,,,27,,40,,,,,,,,2,2,Appartement,46,2,,,,,,2.149752,48.801617
2024-947783,2024-02-13,000001,Vente,271845,60,,RUE CHAMP LAGARDE,0490,78000,78646,Versailles,78,,,78646000AY0097,,,27,,40,,,,,,,,2,3,Dépendance,,0,,,,,,2.149752,48.801617
2024-947848,2024-02-16,000001,Vente,446750,5,,RUE DE L ECOLE DES POSTES,0850,78000,78646,Versailles,78,,,78646000AZ0110,,,201,,,,,,,,,,1,3,Dépendance,,0,,,,,,2.158672,48.8041
2024-947848,2024-02-16,000001,Vente,446750,9,,AV DE LA TRANQUILLITE,3055,78000,78646,Versailles,78,,,78646000AZ0110,,,51,,88,82.54,,,,,,,2,2,Appartement,84,3,,,,,,2.158672,48.8041
2024-947848,2024-02-16,000001,Vente,446750,9,,AV DE LA TRANQUILLITE,3055,78000,78646,Versailles,78,,,78646000AZ0110,,,51,,88,82.54,,,,,,,2,3,Dépendance,,0,,,,,,2.158672,48.8041
2024-947869,2024-02-16,000001,Vente,753000,10,,RUE CARNOT,0440,78000,78646,Versailles,78,,,78646000AE0356,,,70,93.46,71,,72,,,,,,3,3,Dépendance,,0,,,,,,2.125428,48.806349
2024-947869,2024-02-16,000001,Vente,753000,10,,RUE CARNOT,0440,78000,78646,Versailles,78,,,78646000AE0356,,,70,93.46,71,,72,,,,,,3,3,Dépendance,,0,,,,,,2.125428,48.806349
2024-947869,2024-02-16,000001,Vente,753000,10,,RUE CARNOT,0440,78000,78646,Versailles,78,,,78646000AE0356,,,70,93.46,71,,72,,,,,,3,4,Local industriel. commercial ou assimilé,93,0,,,,,,2.125428,48.806349
2024-947891,2024-01-30,000001,Vente,477920,9,,RUE DE L ETANG,0970,78000,78646,Versailles,78,,,78646000BI0167,,,,,,,,,,,,,0,3,Dépendance,,0,S,sols,,,210,2.155934,48.792538
2024-947891,2024-01-30,000001,Vente,477920,9,,RUE DE L ETANG,0970,78000,78646,Versailles,78,,,78646000BI0167,,,,,,,,,,,,,0,1,Maison,53,3,S,sols,,,210,2.155934,48.792538
2024-947905,2024-01-26,000001,Vente,420000,8,,RUE DE FONTENAY,1050,78000,78646,Versailles,78,,,78646000AH0091,,,505,58.09,965,,,,,,,,2,2,Appartement,57,2,,,,,,2.124624,48.800951
2024-947905,2024-01-26,000001,Vente,420000,8,,RUE DE FONTENAY,1050,78000,78646,Versailles,78,,,78646000AH0091,,,505,58.09,965,,,,,,,,2,3,Dépendance,,0,,,,,,2.124624,48.800951
2024-947905,2024-01-26,000001,Vente,420000,8,,RUE DE FONTENAY,1050,78000,78646,Versailles,78,,,78646000AH0091,,,916,,,,,,,,,,1,3,Dépendance,,0,,,,,,2.124624,48.800951
2024-947908,2024-02-14,000001,Vente,270000,43,,AV DES ETATS UNIS,0990,78000,78646,Versailles,78,,,78646000AS0098,,,105,,,,,,,,,,1,2,Appartement,50,2,,,,,,2.148446,48.810098
2024-947908,2024-02-14,000001,Vente,270000,43,,AV DES ETATS UNIS,0990,78000,78646,Versailles,78,,,78646000AS0098,,,105,,,,,,,,,,1,3,Dépendance,,0,,,,,,2.148446,48.810098
2024-947913,2024-02-07,000001,Vente,1,29,,RUE DES BOURDONNAIS,0400,78000,78646,Versailles,78,,,78646000BT0137,,,18,,,,,,,,,,1,3,Dépendance,,0,,,,,,2.127578,48.795372
2024-947917,2024-02-07,000001,Vente,1,29,,RUE DES BOURDONNAIS,0400,78000,78646,Versailles,78,,,78646000BT0137,,,19,,,,,,,,,,1,3,Dépendance,,0,,,,,,2.127578,48.795372
2024-947921,2024-02-13,000001,Vente,285000,1,,RUE GEORGES CLEMENCEAU,1200,78000,78646,Versailles,78,,,78646000AI0005,,,66,39.53,,,,,,,,,1,2,Appartement,40,2,,,,,,2.131605,48.803602
2024-947922,2024-02-19,000001,Vente,24000,98,,AV DE PARIS,2180,78000,78646,Versailles,78,,,78646000BK0001,,,393,,,,,,,,,,1,3,Dépendance,,0,,,,,,2.149414,48.797242
2024-947934,2024-02-15,000001,Vente,9000,18,,RUE EMILE DESCHAMPS,0930,78000,78646,Versailles,78,,,78646000AW0116,,,25,,,,,,,,,,1,3,Dépendance,,0,,,,,,2.150426,48.806547
2024-947949,2024-02-08,000001,Vente,413000,58,,RUE DU MAL FOCH,1810,78000,78646,Versailles,78,,,78646000AK0127,,,19,66,,,,,,,,,1,4,Local industriel. commercial ou assimilé,62,0,,,,,,2.135211,48.81139
2024-947952,2024-02-07,000001,Vente,1591030,18,,RUE CHAMP LAGARDE,0490,78000,78646,Versailles,78,,,78646000BO0013,,,20,225.47,,,,,,,,,1,2,Appartement,248,7,,,,,,2.143998,48.800601
2024-947960,2024-02-13,000001,Vente,389990,41,,RUE SAINT CHARLES,2710,78000,78646,Versailles,78,,,78646000AX0374,,,10,,42,57.26,,,,,,,2,2,Appartement,58,2,,,,,,2.147664,48.803386
2024-947960,2024-02-13,000001,Vente,389990,41,,RUE SAINT CHARLES,2710,78000,78646,Versailles,78,,,78646000AX0374,,,10,,42,57.26,,,,,,,2,3,Dépendance,,0,,,,,,2.147664,48.803386
2024-947960,2024-02-13,000001,Vente,389990,41,,RUE SAINT CHARLES,2710,78000,78646,Versailles,78,,,78646000AX0374,,,24,,,,,,,,,,1,3,Dépendance,,0,,,,,,2.147664,48.803386
2024-947998,2024-02-15,000001,Vente,2500,29,,RUE DU HAZARD,1300,78000,78646,Versailles,78,,,78646000BT0077,,,28,,,,,,,,,,1,3,Dépendance,,0,,,,,,2.129871,48.795335
2024-948009,2024-02-14,000001,Vente,1120000,2,,IMP DU DOC WAPLER,0810,78000,78646,Versailles,78,,,78646000BP0259,,,5,94.52,,,,,,,,,1,2,Appartement,87,4,,,,,,2.135544,48.803251
2024-948009,2024-02-14,000001,Vente,1120000,2,,IMP DU DOC WAPLER,0810,78000,78646,Versailles,78,,,78646000BP0259,,,10,,,,,,,,,,1,3,Dépendance,,0,,,,,,2.135544,48.803251
2024-948010,2024-02-14,000001,Vente,425000,54,,RUE DU MAL FOCH,1810,78000,78646,Versailles,78,,,78646000AK0140,,,1,,43,,,,,,,,2,3,Dépendance,,0,,,,,,2.135069,48.810931
2024-948010,2024-02-14,000001,Vente,425000,54,,RUE DU MAL FOCH,1810,78000,78646,Versailles,78,,,78646000AK0140,,,1,,43,,,,,,,,2,2,Appartement,110,5,,,,,,2.135069,48.810931
2024-948014,2024-02-21,000001,Vente,153000,14,,RUE MONTBAURON,1970,78000,78646,Versailles,78,,,78646000BP0017,,,50,22.03,62,,,,,,,,2,2,Appartement,22,2,,,,,,2.135632,48.803902
2024-948014,2024-02-21,000001,Vente,153000,14,,RUE MONTBAURON,1970,78000,78646,Versailles,78,,,78646000BP0017,,,50,22.03,62,,,,,,,,2,3,Dépendance,,0,,,,,,2.135632,48.803902
2024-948102,2024-02-23,000001,Vente,450000,16,,RUE CARNOT,0440,78000,78646,Versailles,78,,,78646000AE0332,,,17,,7,111.47,,,,,,,2,4,Local industriel. commercial ou assimilé,118,0,,,,,,2.126839,48.806158
2024-948111,2024-01-26,000001,Vente,675000,16,B,RUE CHAMP LAGARDE,0490,78000,78646,Versailles,78,,,78646000BO0066,,,53,,,,,,,,,,1,3,Dépendance,,0,,,,,,2.1434,48.800438
2024-948111,2024-01-26,000001,Vente,675000,16,B,RUE CHAMP LAGARDE,0490,78000,78646,Versailles,78,,,78646000BO0066,,,54,,,,,,,,,,1,3,Dépendance,,0,,,,,,2.1434,48.800438
2024-948111,2024-01-26,000001,Vente,675000,16,B,RUE CHAMP LAGARDE,0490,78000,78646,Versailles,78,,,78646000BO0066,,,2,74.71,,,,,,,,,1,2,Appartement,75,3,,,,,,2.1434,48.800438
2024-948127,2024-02-23,000001,Vente,694700,49,,AV DE PARIS,2180,78000,78646,Versailles,78,,,78646000BP0135,,,26,,8,,,,,,,,2,2,Appartement,102,4,,,,,,2.140035,48.800154
2024-948127,2024-02-23,000001,Vente,694700,49,,AV DE PARIS,2180,78000,78646,Versailles,78,,,78646000BP0135,,,26,,8,,,,,,,,2,3,Dépendance,,0,,,,,,2.140035,48.800154
2024-948127,2024-02-23,000001,Vente,694700,49,,AV DE PARIS,2180,78000,78646,Versailles,78,,,78646000BP0135,,,39,,,,,,,,,,1,3,Dépendance,,0,,,,,,2.140035,48.800154
2024-948144,2024-02-12,000001,Vente,412000,72,,AV DE PARIS,2180,78000,78646,Versailles,78,,,78646000BN0029,,,34,,40,,,,,,,,2,2,Appartement,75,3,,,,,,2.142516,48.798154
2024-948144,2024-02-12,000001,Vente,412000,72,,AV DE PARIS,2180,78000,78646,Versailles,78,,,78646000BN0029,,,34,,40,,,,,,,,2,3,Dépendance,,0,,,,,,2.142516,48.798154
2024-948152,2024-02-15,000001,Vente,523800,57,,RUE EXELMANS,1020,78000,78646,Versailles,78,,,78646000AC0262,,,395,,,,,,,,,,1,3,Dépendance,,0,,,,,,2.126785,48.814611
2024-948152,2024-02-15,000001,Vente,523800,57,,RUE EXELMANS,1020,78000,78646,Versailles,78,,,78646000AC0262,,,387,,,,,,,,,,1,3,Dépendance,,0,,,,,,2.126785,48.814611
2024-948152,2024-02-15,000001,Vente,523800,57,,RUE EXELMANS,1020,78000,78646,Versailles,78,,,78646000AC0262,,,335,78.39,,,,,,,,,1,2,Appartement,78,3,,,,,,2.126785,48.814611
2024-948154,2024-02-20,000001,Vente,148571,9,,RUE JEAN DE LA FONTAINE,1439,78000,78646,Versailles,78,,,78646000BE0296,,,3,36.36,,,,,,,,,1,3,Dépendance,,0,,,,,,2.161818,48.797333
2024-948154,2024-02-20,000001,Vente,148571,9,,RUE JEAN DE LA FONTAINE,1439,78000,78646,Versailles,78,,,78646000BE0296,,,3,36.36,,,,,,,,,1,2,Appartement,42,2,,,,,,2.161818,48.797333
2024-948161,2024-02-13,000001,Vente,283161,47,,RUE DES ETATS GENERAUX,0980,78000,78646,Versailles,78,,,78646000BR0190,,,110,,6,,,,,,,,2,2,Appartement,40,2,,,,,,2.135581,48.798108
2024-948161,2024-02-13,000001,Vente,283161,47,,RUE DES ETATS GENERAUX,0980,78000,78646,Versailles,78,,,78646000BR0190,,,110,,6,,,,,,,,2,3,Dépendance,,0,,,,,,2.135581,48.798108
2024-948163,2024-02-14,000001,Vente,271345,79,,RUE ALBERT SARRAUT,0080,78000,78646,Versailles,78,,,78646000BL0294,,,507,,,,,,,,,,1,3,Dépendance,,0,,,,,,2.146987,48.791716
2024-948163,2024-02-14,000001,Vente,271345,3,,RUE DU PONT COLBERT,2370,78000,78646,Versailles,78,,,78646000BL0294,,,108,,48,56.38,,,,,,,2,2,Appartement,56,3,,,,,,2.146987,48.791716
2024-948163,2024-02-14,000001,Vente,271345,3,,RUE DU PONT COLBERT,2370,78000,78646,Versailles,78,,,78646000BL0294,,,108,,48,56.38,,,,,,,2,3,Dépendance,,0,,,,,,2.146987,48.791716
2024-948165,2024-02-15,000001,Vente,534781,12,,AV DE PORCHEFONTAINE,2380,78000,78646,Versailles,78,,,78646000BK0021,,,928,,935,90.03,,,,,,,2,2,Appartement,95,4,,,,,,2.152071,48.797176
2024-948165,2024-02-15,000001,Vente,534781,12,,AV DE PORCHEFONTAINE,2380,78000,78646,Versailles,78,,,78646000BK0021,,,928,,935,90.03,,,,,,,2,3,Dépendance,,0,,,,,,2.152071,48.797176
2024-948166,2024-02-13,000001,Vente,643065,23,,RUE SAINT LOUIS,2810,78000,78646,Versailles,78,,,78646000BW0012,,,35,,,,,,,,,,1,3,Dépendance,,0,,,,,,2.126525,48.79501
2024-948166,2024-02-13,000001,Vente,643065,23,,RUE SAINT LOUIS,2810,78000,78646,Versailles,78,,,78646000BW0012,,,11,,2,75,,,,,,,2,2,Appartement,67,4,,,,,,2.126525,48.79501
2024-948169,2024-02-15,000001,Vente,446700,115,,AV DE PARIS,2180,78000,78646,Versailles,78,,,78646000BC0062,,,33,,,,,,,,,,1,3,Dépendance,,0,,,,,,2.157995,48.800801
2024-948169,2024-02-15,000001,Vente,446700,115,,AV DE PARIS,2180,78000,78646,Versailles,78,,,78646000BC0062,,,113,77.09,85,,,,,,,,2,2,Appartement,76,3,,,,,,2.157995,48.800801
2024-948169,2024-02-15,000001,Vente,446700,115,,AV DE PARIS,2180,78000,78646,Versailles,78,,,78646000BC0062,,,113,77.09,85,,,,,,,,2,3,Dépendance,,0,,,,,,2.157995,48.800801
2024-948179,2024-02-09,000001,Vente,460000,13,,RUE DU GENERAL PERSHING,1170,78000,78646,Versailles,78,,,78646000AO0068,,,521,,,,,,,,,,1,3,Dépendance,,0,,,,,,2.148928,48.817113
2024-948179,2024-02-09,000001,Vente,460000,13,,RUE DU GENERAL PERSHING,1170,78000,78646,Versailles,78,,,78646000AO0068,,,116,101.14,,,,,,,,,1,2,Appartement,105,4,,,,,,2.148928,48.817113
2024-948179,2024-02-09,000001,Vente,460000,13,,RUE DU GENERAL PERSHING,1170,78000,78646,Versailles,78,,,78646000AO0068,,,520,,,,,,,,,,1,3,Dépendance,,0,,,,,,2.148928,48.817113
2024-948179,2024-02-09,000001,Vente,460000,13,,RUE DU GENERAL PERSHING,1170,78000,78646,Versailles,78,,,78646000AO0068,,,116,101.14,,,,,,,,,1,3,Dépendance,,0,,,,,,2.148928,48.817113
2024-948183,2024-02-02,000001,Vente,3012000,37,,RUE BERTHIER,0370,78000,78646,Versailles,78,,,78646000AD0205,,,,,,,,,,,,,0,3,Dépendance,,0,S,sols,,,488,2.129019,48.811743
2024-948183,2024-02-02,000001,Vente,3012000,37,,RUE BERTHIER,0370,78000,78646,Versailles,78,,,78646000AD0205,,,,,,,,,,,,,0,3,Dépendance,,0,S,sols,,,488,2.129019,48.811743
2024-948183,2024-02-02,000001,Vente,3012000,37,,RUE BERTHIER,0370,78000,78646,Versailles,78,,,78646000AD0205,,,,,,,,,,,,,0,1,Maison,211,7,S,sols,,,488,2.129019,48.811743
2024-948188,2024-01-31,000001,Vente,363600,24,,RUE DU MAL FOCH,1810,78000,78646,Versailles,78,,,78646000AI0212,,,12,,7,,8,,81,,,,4,2,Appartement,62,2,,,,,,2.132919,48.80739
2024-948206,2024-02-21,000001,Vente,77000,47,,RUE BERTHIER,0370,78000,78646,Versailles,78,,,78646000AD0268,,,35,13.51,,,,,,,,,1,3,Dépendance,,0,,,,,,2.130617,48.811404
2024-948215,2024-02-09,000001,Vente,510680,10,,PROM MONA LISA,1965,78000,78646,Versailles,78,,,78646000AZ0110,,,1779,,1818,116.7,,,,,,,2,3,Dépendance,,0,,,,,,2.158672,48.8041
2024-948215,2024-02-09,000001,Vente,510680,10,,PROM MONA LISA,1965,78000,78646,Versailles,78,,,78646000AZ0110,,,1779,,1818,116.7,,,,,,,2,2,Appartement,117,5,,,,,,2.158672,48.8041
2024-948215,2024-02-09,000001,Vente,510680,5,,RUE DE L ECOLE DES POSTES,0850,78000,78646,Versailles,78,,,78646000AZ0110,,,3877,,,,,,,,,,1,3,Dépendance,,0,,,,,,2.158672,48.8041
2024-948216,2024-02-23,000001,Vente,291263,14,,RUE MONTBAURON,1970,78000,78646,Versailles,78,,,78646000BP0017,,,41,,48,,49,,9,,,,4,3,Dépendance,,0,,,,,,2.135632,48.803902
2024-948216,2024-02-23,000001,Vente,291263,14,,RUE MONTBAURON,1970,78000,78646,Versailles,78,,,78646000BP0017,,,41,,48,,49,,9,,,,4,2,Appartement,30,3,,,,,,2.135632,48.803902
2024-948225,2024-02-22,000001,Vente,19000,20,,RUE ALBERT JOLY,0050,78000,78646,Versailles,78,,,78646000AK0175,,,37,,,,,,,,,,1,3,Dépendance,,0,,,,,,2.138186,48.810014
2024-948233,2024-02-19,000001,Vente,309890.9,17,T,RUE DU PONT COLBERT,2370,78000,78646,Versailles,78,,,78646000BI0022,,,377,66.7,,,,,,,,,1,3,Dépendance,,0,,,,,,2.149624,48.789909
2024-948233,2024-02-19,000001,Vente,309890.9,17,T,RUE DU PONT COLBERT,2370,78000,78646,Versailles,78,,,78646000BI0022,,,377,66.7,,,,,,,,,1,2,Appartement,64,4,,,,,,2.149624,48.789909
2024-948234,2024-02-15,000001,Vente,212510,42,,AV DE PARIS,2180,78000,78646,Versailles,78,,,78646000BR0090,,,28,31.46,6,,,,,,,,2,3,Dépendance,,0,,,,,,2.136908,48.799809
2024-948234,2024-02-15,000001,Vente,212510,42,,AV DE PARIS,2180,78000,78646,Versailles,78,,,78646000BR0090,,,28,31.46,6,,,,,,,,2,2,Appartement,32,2,,,,,,2.136908,48.799809
2024-948259,2024-02-27,000001,Vente,30000,2,,IMP DU DOC WAPLER,0810,78000,78646,Versailles,78,,,78646000BP0259,,,9,,,,,,,,,,1,3,Dépendance,,0,,,,,,2.135544,48.803251
2024-948279,2024-02-16,000001,Vente,1280000,8,,RUE DE FONTENAY,1050,78000,78646,Versailles,78,,,78646000AH0091,,,902,,,,,,,,,,1,3,Dépendance,,0,,,,,,2.124624,48.800951
2024-948279,2024-02-16,000001,Vente,1280000,8,,RUE DE FONTENAY,1050,78000,78646,Versailles,78,,,78646000AH0091,,,611,131.38,955,,,,,,,,2,2,Appartement,135,4,,,,,,2.124624,48.800951
2024-948279,2024-02-16,000001,Vente,1280000,8,,RUE DE FONTENAY,1050,78000,78646,Versailles,78,,,78646000AH0091,,,611,131.38,955,,,,,,,,2,3,Dépendance,,0,,,,,,2.124624,48.800951
2024-948293,2024-02-27,000001,Vente,14000,32,,RUE HENRI SIMON,1330,78000,78646,Versailles,78,,,78646000AW0006,,,1319,,,,,,,,,,1,3,Dépendance,,0,,,,,,2.15013,48.808121
2024-948333,2024-02-23,000001,Vente,208640,9,B,RUE CHAMP LAGARDE,0490,78000,78646,Versailles,78,,,78646000BP0117,,,34,28.06,,,,,,,,,1,2,Appartement,27,2,,,,,,2.145334,48.801078
2024-948335,2024-02-13,000001,Vente,432700,9,,RUE ALBERT SAMAIN,0070,78000,78646,Versailles,78,,,78646000BW0095,,,15,,7,79.41,,,,,,,2,2,Appartement,78,4,,,,,,2.122875,48.794559
2024-948335,2024-02-13,000001,Vente,432700,9,,RUE ALBERT SAMAIN,0070,78000,78646,Versailles,78,,,78646000BW0095,,,15,,7,79.41,,,,,,,2,3,Dépendance,,0,,,,,,2.122875,48.794559
2024-948335,2024-02-13,000001,Vente,432700,4,,RUE ALBERT SAMAIN,0070,78000,78646,Versailles,78,,,78646000BW0181,,,2,,,,,,,,,,1,3,Dépendance,,0,,,,,,2.122783,48.794217
2024-948361,2024-02-28,000001,Vente,260000,14,,RUE BENJAMIN FRANKLIN,0340,78000,78646,Versailles,78,,,78646000BR0112,,,2,63.91,,,,,,,,,1,3,Dépendance,,0,,,,,,2.136084,48.79827
2024-948361,2024-02-28,000001,Vente,260000,14,,RUE BENJAMIN FRANKLIN,0340,78000,78646,Versailles,78,,,78646000BR0112,,,2,63.91,,,,,,,,,1,3,Dépendance,,0,,,,,,2.136084,48.79827
2024-948361,2024-02-28,000001,Vente,260000,14,,RUE BENJAMIN FRANKLIN,0340,78000,78646,Versailles,78,,,78646000BR0112,,,2,63.91,,,,,,,,,1,3,Dépendance,,0,,,,,,2.136084,48.79827
2024-948361,2024-02-28,000001,Vente,260000,14,,RUE BENJAMIN FRANKLIN,0340,78000,78646,Versailles,78,,,78646000BR0112,,,2,63.91,,,,,,,,,1,2,Appartement,62,3,,,,,,2.136084,48.79827
2024-948377,2024-02-26,000001,Vente,263975,86,,RUE D ANJOU,0190,78000,78646,Versailles,78,,,78646000BT0080,,,23,,,,,,,,,,1,3,Dépendance,,0,,,,,,2.12952,48.795748
2024-948377,2024-02-26,000001,Vente,263975,86,,RUE D ANJOU,0190,78000,78646,Versailles,78,,,78646000BT0080,,,17,,,,,,,,,,1,3,Dépendance,,0,,,,,,2.12952,48.795748
2024-948377,2024-02-26,000001,Vente,263975,86,,RUE D ANJOU,0190,78000,78646,Versailles,78,,,78646000BT0080,,,6,,,,,,,,,,1,2,Appartement,50,2,,,,,,2.12952,48.795748
2024-948382,2024-02-19,000001,Vente,450000,2,,ALL DES GARDES ROYALES,1136,78000,78646,Versailles,78,,,78646000AY0212,,,1215,,,,,,,,,,1,3,Dépendance,,0,,,,,,2.151214,48.802177
2024-948382,2024-02-19,000001,Vente,450000,11,,ALL DES GARDES ROYALES,1136,78000,78646,Versailles,78,,,78646000AY0212,,,451,91.85,476,,,,,,,,2,3,Dépendance,,0,,,,,,2.151214,48.802177
2024-948382,2024-02-19,000001,Vente,450000,11,,ALL DES GARDES ROYALES,1136,78000,78646,Versailles,78,,,78646000AY0212,,,451,91.85,476,,,,,,,,2,3,Dépendance,,0,,,,,,2.151214,48.802177
2024-948382,2024-02-19,000001,Vente,450000,11,,ALL DES GARDES ROYALES,1136,78000,78646,Versailles,78,,,78646000AY0212,,,451,91.85,476,,,,,,,,2,2,Appartement,90,4,,,,,,2.151214,48.802177
2024-948384,2024-02-16,000001,Vente,13000,18,,RUE DU GENERAL LECLERC,1145,78000,78646,Versailles,78,,,78646000BV0074,,,16,,,,,,,,,,1,2,Appartement,42,2,,,,,,2.126062,48.798894
2024-948398,2024-02-28,000001,Vente,261000,,,PAS DE LA GEOLE,1180,78000,78646,Versailles,78,,,78646000AE0091,,103,,,,,,,,,,,0,,,,,,,,,,2.131364,48.807615
2024-948410,2024-02-29,000001,Vente,38000,18,,RUE SAINTE SOPHIE,2890,78000,78646,Versailles,78,,,78646000AD0311,,,121,,,,,,,,,,1,3,Dépendance,,0,,,,,,2.133996,48.811487
2024-948467,2024-02-26,000001,Vente,140000,7,,RUE HOCHE,1350,78000,78646,Versailles,78,,,78646000AE0329,,,57,25.66,74,,,,,,,,2,3,Dépendance,,0,,,,,,2.127198,48.805499
2024-948467,2024-02-26,000001,Vente,140000,7,,RUE HOCHE,1350,78000,78646,Versailles,78,,,78646000AE0329,,,57,25.66,74,,,,,,,,2,2,Appartement,21,1,,,,,,2.127198,48.805499
2024-948524,2024-02-15,000001,Vente,295000,29,,RUE SAINTE VICTOIRE,2920,78000,78646,Versailles,78,,,78646000AD0256,,,6,38.59,,,,,,,,,1,3,Dépendance,,0,,,,,,2.131916,48.812444
2024-948524,2024-02-15,000001,Vente,295000,29,,RUE SAINTE VICTOIRE,2920,78000,78646,Versailles,78,,,78646000AD0256,,,6,38.59,,,,,,,,,1,2,Appartement,41,2,,,,,,2.131916,48.812444
2024-948572,2024-02-28,000001,Vente,223000,58,,RUE SAINT CHARLES,2710,78000,78646,Versailles,78,,,78646000AY0276,,,4,40.38,50,,,,,,,,2,3,Dépendance,,0,,,,,,2.146746,48.804346
2024-948572,2024-02-28,000001,Vente,223000,58,,RUE SAINT CHARLES,2710,78000,78646,Versailles,78,,,78646000AY0276,,,4,40.38,50,,,,,,,,2,2,Appartement,40,2,,,,,,2.146746,48.804346
2024-948581,2024-02-21,000001,Vente,225000,6,B,RUE DE NOAILLES,2050,78000,78646,Versailles,78,,,78646000BR0064,,,23,,31,17.86,,,,,,,2,2,Appartement,18,2,,,,,,2.135456,48.799622
2024-948618,2024-02-22,000001,Vente,650000,2,,RUE JEAN HOUDON,1440,78000,78646,Versailles,78,,,78646000AI0022,,,41,,6,,,,,,,,2,4,Local industriel. commercial ou assimilé,104,0,,,,,,2.133653,48.802049
2024-948619,2024-02-29,000001,Vente,1474850,4,,ALL CLAUDE ERIGNAC,0613,78000,78646,Versailles,78,,,78646000AI0316,,,11,,,,,,,,,,1,2,Appartement,94,3,,,,,,2.134167,48.807966
2024-948619,2024-02-29,000001,Vente,1474850,4,,ALL CLAUDE ERIGNAC,0613,78000,78646,Versailles,78,,,78646000AI0316,,,11,,,,,,,,,,1,3,Dépendance,,0,,,,,,2.134167,48.807966
2024-948621,2024-03-01,000001,Vente,630000,12,,AV DE PORCHEFONTAINE,2380,78000,78646,Versailles,78,,,78646000BK0021,,,1790,,,,,,,,,,1,3,Dépendance,,0,,,,,,2.152071,48.797176
2024-948621,2024-03-01,000001,Vente,630000,12,,AV DE PORCHEFONTAINE,2380,78000,78646,Versailles,78,,,78646000BK0021,,,740,,752,,,,,,,,2,3,Dépendance,,0,,,,,,2.152071,48.797176
2024-948621,2024-03-01,000001,Vente,630000,12,,AV DE PORCHEFONTAINE,2380,78000,78646,Versailles,78,,,78646000BK0021,,,1692,,,,,,,,,,1,3,Dépendance,,0,,,,,,2.152071,48.797176
2024-948621,2024-03-01,000001,Vente,630000,12,,AV DE PORCHEFONTAINE,2380,78000,78646,Versailles,78,,,78646000BK0021,,,740,,752,,,,,,,,2,2,Appartement,126,5,,,,,,2.152071,48.797176
2024-948667,2024-02-23,000001,Vente,370000,36,,RUE DE L ERMITAGE,0940,78000,78646,Versailles,78,,,78646000AB0031,,,329,,,,,,,,,,1,3,Dépendance,,0,,,,,,2.121628,48.817201
2024-948667,2024-02-23,000001,Vente,370000,37,,BD ST ANTOINE,2690,78000,78646,Versailles,78,,,78646000AB0031,,,254,,298,51.05,,,,,,,2,3,Dépendance,,0,,,,,,2.121628,48.817201
2024-948667,2024-02-23,000001,Vente,370000,37,,BD ST ANTOINE,2690,78000,78646,Versailles,78,,,78646000AB0031,,,254,,298,51.05,,,,,,,2,2,Appartement,51,2,,,,,,2.121628,48.817201
2024-948744,2024-02-28,000001,Vente,361342,6,,RUE DES ETATS GENERAUX,0980,78000,78646,Versailles,78,,,78646000BR0011,,,14,,,,,,,,,,1,3,Dépendance,,0,,,,,,2.131601,48.800799
2024-948744,2024-02-28,000001,Vente,361342,6,,RUE DES ETATS GENERAUX,0980,78000,78646,Versailles,78,,,78646000BR0011,,,12,41.14,13,41.14,32,41.14,35,41.14,42,41.14,6,2,Appartement,46,2,,,,,,2.131601,48.800799
2024-948744,2024-02-28,000001,Vente,361342,6,,RUE DES ETATS GENERAUX,0980,78000,78646,Versailles,78,,,78646000BR0011,,,12,41.14,13,41.14,16,,32,41.14,35,41.14,5,3,Dépendance,,0,,,,,,2.131601,48.800799
2024-948744,2024-02-28,000001,Vente,361342,6,,RUE DES ETATS GENERAUX,0980,78000,78646,Versailles,78,,,78646000BR0011,,,11,41.14,41,41.14,,,,,,,2,3,Dépendance,,0,,,,,,2.131601,48.800799
2024-948762,2024-02-14,000001,Vente,450,10,B,RUE MONSEIGNEUR GIBIER,1950,78000,78646,Versailles,78,,,78646000BW0178,,,23,,,,,,,,,,1,2,Appartement,94,6,,,,,,2.123006,48.793431
2024-948765,2024-02-15,000001,Vente,153000,102,,AV DES ETATS UNIS,0990,78000,78646,Versailles,78,,,78646000AV0364,,,23,19.74,30,,,,,,,,2,2,Appartement,23,1,,,,,,2.152749,48.81152
2024-948765,2024-02-15,000001,Vente,153000,102,,AV DES ETATS UNIS,0990,78000,78646,Versailles,78,,,78646000AV0364,,,23,19.74,30,,,,,,,,2,3,Dépendance,,0,,,,,,2.152749,48.81152
2024-948773,2024-02-14,000001,Vente,450,10,B,RUE MONSEIGNEUR GIBIER,1950,78000,78646,Versailles,78,,,78646000BW0178,,,24,,,,,,,,,,1,2,Appartement,94,6,,,,,,2.123006,48.793431
2024-948788,2024-03-07,000001,Vente,226400,29,,RUE DU MAL FOCH,1810,78000,78646,Versailles,78,,,78646000AE0070,,,10,42.65,,,,,,,,,1,3,Dépendance,,0,,,,,,2.132101,48.807725
2024-948788,2024-03-07,000001,Vente,226400,29,,RUE DU MAL FOCH,1810,78000,78646,Versailles,78,,,78646000AE0070,,,10,42.65,,,,,,,,,1,2,Appartement,43,2,,,,,,2.132101,48.807725
2024-948818,2024-03-11,000001,Vente,250000,17,,RUE DES ETATS GENERAUX,0980,78000,78646,Versailles,78,,,78646000BR0036,,,10,,,,,,,,,,1,4,Local industriel. commercial ou assimilé,38,0,,,,,,2.133011,48.800241
2024-948818,2024-03-11,000001,Vente,250000,17,,RUE DES ETATS GENERAUX,0980,78000,78646,Versailles,78,,,78646000BR0036,,,12,,,,,,,,,,1,4,Local industriel. commercial ou assimilé,23,0,,,,,,2.133011,48.800241
2024-948841,2024-03-04,000001,Vente,20000,44,,RUE CHAMP LAGARDE,0490,78000,78646,Versailles,78,,,78646000AY0247,,,168,,,,,,,,,,1,3,Dépendance,,0,,,,,,2.147703,48.801276
2024-948887,2024-03-07,000001,Vente,183000,14,,RUE DU REFUGE,2510,78000,78646,Versailles,78,,,78646000BP0108,,,11,24.56,,,,,,,,,1,3,Dépendance,,0,,,,,,2.142848,48.804402
2024-948887,2024-03-07,000001,Vente,183000,14,,RUE DU REFUGE,2510,78000,78646,Versailles,78,,,78646000BP0108,,,11,24.56,,,,,,,,,1,2,Appartement,23,1,,,,,,2.142848,48.804402
2024-948902,2024-03-06,000001,Vente,409524,15,,BD DE LA REINE,2520,78000,78646,Versailles,78,,,78646000AC0190,,,121,,133,85.82,,,,,,,2,3,Dépendance,,0,,,,,,2.124346,48.809915
2024-948902,2024-03-06,000001,Vente,409524,15,,BD DE LA REINE,2520,78000,78646,Versailles,78,,,78646000AC0190,,,121,,133,85.82,,,,,,,2,2,Appartement,87,3,,,,,,2.124346,48.809915
2024-948947,2024-03-07,000001,Vente,21500,6,,RUE EDOUARD LEFEBVRE,0910,78000,78646,Versailles,78,,,78646000BR0151,,,166,,,,,,,,,,1,3,Dépendance,,0,,,,,,2.132269,48.798842
2024-948955,2024-03-01,000001,Vente,220000,88,B,AV DE PARIS,2180,78000,78646,Versailles,78,,,78646000BN0048,,,45,,98,35.27,,,,,,,2,2,Appartement,35,2,,,,,,2.146306,48.797577
2024-948955,2024-03-01,000001,Vente,220000,88,B,AV DE PARIS,2180,78000,78646,Versailles,78,,,78646000BN0048,,,45,,98,35.27,,,,,,,2,3,Dépendance,,0,,,,,,2.146306,48.797577
2024-948963,2024-03-07,000001,Vente,480610,5,,RUE BERTHELOT,0360,78000,78646,Versailles,78,,,78646000BE0106,,,,,,,,,,,,,0,1,Maison,63,3,S,sols,,,144,2.15683,48.794995
2024-948964,2024-03-05,000001,Vente,799000,147,,BD DE LA REINE,2520,78000,78646,Versailles,78,,,78646000AR0127,,,46,,,,,,,,,,1,3,Dépendance,,0,,,,,,2.143183,48.808471
2024-948964,2024-03-05,000001,Vente,799000,147,,BD DE LA REINE,2520,78000,78646,Versailles,78,,,78646000AR0127,,,9,105.39,,,,,,,,,1,2,Appartement,105,5,,,,,,2.143183,48.808471
2024-948964,2024-03-05,000001,Vente,799000,147,,BD DE LA REINE,2520,78000,78646,Versailles,78,,,78646000AR0127,,,46,,,,,,,,,,1,3,Dépendance,,0,,,,,,2.143183,48.808471
2024-948964,2024-03-05,000001,Vente,799000,147,,BD DE LA REINE,2520,78000,78646,Versailles,78,,,78646000AR0127,,,9,105.39,,,,,,,,,1,3,Dépendance,,0,,,,,,2.143183,48.808471
2024-948967,2024-03-12,000001,Vente,591900,11,,ALL DES GARDES ROYALES,1136,78000,78646,Versailles,78,,,78646000AY0212,,,444,91.21,469,,,,,,,,2,2,Appartement,90,4,,,,,,2.151214,48.802177
2024-948967,2024-03-12,000001,Vente,591900,11,,ALL DES GARDES ROYALES,1136,78000,78646,Versailles,78,,,78646000AY0212,,,444,91.21,469,,,,,,,,2,3,Dépendance,,0,,,,,,2.151214,48.802177
2024-948967,2024-03-12,000001,Vente,591900,11,,ALL DES GARDES ROYALES,1136,78000,78646,Versailles,78,,,78646000AY0212,,,444,91.21,469,,,,,,,,2,3,Dépendance,,0,,,,,,2.151214,48.802177
2024-948967,2024-03-12,000001,Vente,591900,2,,ALL DES GARDES ROYALES,1136,78000,78646,Versailles,78,,,78646000AY0212,,,1228,,,,,,,,,,1,3,Dépendance,,0,,,,,,2.151214,48.802177
2024-948994,2024-02-16,000001,Vente,625320,108,,BD DE LA REINE,2520,78000,78646,Versailles,78,,,78646000AX0037,,,288,,54,94.33,,,,,,,2,2,Appartement,97,4,,,,,,2.142871,48.807658
2024-948994,2024-02-16,000001,Vente,625320,108,,BD DE LA REINE,2520,78000,78646,Versailles,78,,,78646000AX0037,,,162,,,,,,,,,,1,3,Dépendance,,0,,,,,,2.142871,48.807658
2024-948994,2024-02-16,000001,Vente,625320,108,,BD DE LA REINE,2520,78000,78646,Versailles,78,,,78646000AX0037,,,288,,54,94.33,,,,,,,2,3,Dépendance,,0,,,,,,2.142871,48.807658
2024-948997,2024-03-08,000001,Vente,334900,2,T,RUE DU FOYER VERSAILLAIS,1100,78000,78646,Versailles,78,,,78646000BL0294,,,305,64.61,354,,,,,,,,2,2,Appartement,66,4,,,,,,2.146987,48.791716
2024-948997,2024-03-08,000001,Vente,334900,2,T,RUE DU FOYER VERSAILLAIS,1100,78000,78646,Versailles,78,,,78646000BL0294,,,305,64.61,354,,,,,,,,2,3,Dépendance,,0,,,,,,2.146987,48.791716
2024-949004,2024-03-11,000001,Vente,313000,6,,RUE LOUIS HAUSSMANN,1679,78000,78646,Versailles,78,,,78646000AS0036,,,225,60.14,96,,,,,,,,2,3,Dépendance,,0,,,,,,2.147113,48.809569
2024-949004,2024-03-11,000001,Vente,313000,6,,RUE LOUIS HAUSSMANN,1679,78000,78646,Versailles,78,,,78646000AS0036,,,225,60.14,96,,,,,,,,2,2,Appartement,62,3,,,,,,2.147113,48.809569
2024-949004,2024-03-11,000001,Vente,313000,6,,RUE LOUIS HAUSSMANN,1679,78000,78646,Versailles,78,,,78646000AS0036,,,140,,,,,,,,,,1,3,Dépendance,,0,,,,,,2.147113,48.809569
2024-949009,2024-02-26,000001,Vente,120000,144,,AV DES ETATS UNIS,0990,78000,78646,Versailles,78,,,78646000AV0136,,,5,,58,,,,,,,,2,2,Appartement,43,2,,,,,,2.154971,48.812749
2024-949009,2024-02-26,000001,Vente,120000,144,,AV DES ETATS UNIS,0990,78000,78646,Versailles,78,,,78646000AV0136,,,5,,58,,,,,,,,2,3,Dépendance,,0,,,,,,2.154971,48.812749
2024-949012,2024-03-14,000001,Vente,1287000,18,,RUE MADEMOISELLE,1740,78000,78646,Versailles,78,,,78646000AD0152,,,42,,,,,,,,,,1,3,Dépendance,,0,,,,,,2.129657,48.811122
2024-949012,2024-03-14,000001,Vente,1287000,55,,RUE BERTHIER,0370,78000,78646,Versailles,78,,,78646000AD0286,,,10,146.4,43,,,,,,,,2,2,Appartement,165,6,,,,,,2.132121,48.811256
2024-949012,2024-03-14,000001,Vente,1287000,55,,RUE BERTHIER,0370,78000,78646,Versailles,78,,,78646000AD0286,,,10,146.4,43,,,,,,,,2,3,Dépendance,,0,,,,,,2.132121,48.811256
2024-949027,2024-02-27,000001,Vente,215300,6,,RUE MONTBAURON,1970,78000,78646,Versailles,78,,,78646000BP0027,,,108,31.06,,,,,,,,,1,2,Appartement,32,1,,,,,,2.135298,48.802989
2024-949038,2024-02-21,000001,Vente,225200,14,,RUE DE LA PAROISSE,2190,78000,78646,Versailles,78,,,78646000AE0182,,,20,,,,,,,,,,1,2,Appartement,27,1,,,,,,2.126034,48.8078
2024-949042,2024-03-14,000001,Vente,360000,1,,RUE DE NOAILLES,2050,78000,78646,Versailles,78,,,78646000BR0088,,,17,,18,,9,,,,,,3,2,Appartement,65,4,,,,,,2.136197,48.8
2024-949042,2024-03-14,000001,Vente,360000,1,,RUE DE NOAILLES,2050,78000,78646,Versailles,78,,,78646000BR0088,,,17,,18,,9,,,,,,3,3,Dépendance,,0,,,,,,2.136197,48.8
2024-949138,2024-03-12,000001,Vente,465000,7,,RUE REMILLY,2530,78000,78646,Versailles,78,,,78646000AK0044,,,21,58.4,34,,,,,,,,2,1,Maison,67,2,,,,,,2.136293,48.812021
2024-949169,2024-02-29,000001,Vente,255000,5,,RUE DE L ECOLE DES POSTES,0850,78000,78646,Versailles,78,,,78646000AZ0110,,,2708,,,,,,,,,,1,3,Dépendance,,0,,,,,,2.158672,48.8041
2024-949169,2024-02-29,000001,Vente,255000,2,,AV DE LA TRANQUILLITE,3055,78000,78646,Versailles,78,,,78646000AZ0110,,,455,50.77,,,,,,,,,1,2,Appartement,50,2,,,,,,2.158672,48.8041
2024-949169,2024-02-29,000001,Vente,255000,2,,AV DE LA TRANQUILLITE,3055,78000,78646,Versailles,78,,,78646000AZ0110,,,455,50.77,,,,,,,,,1,3,Dépendance,,0,,,,,,2.158672,48.8041
2024-949175,2024-03-15,000001,Vente,200000,78,,RUE ROYALE,2648,78000,78646,Versailles,78,,,78646000BW0061,,,65,,,,,,,,,,1,3,Dépendance,,0,,,,,,2.124663,48.795048
2024-949194,2024-03-11,000001,Vente,289000,84,,AV DE PARIS,2180,78000,78646,Versailles,78,,,78646000BN0045,,,13,,33,47.58,,,,,,,2,2,Appartement,50,2,,,,,,2.145174,48.797578
2024-949194,2024-03-11,000001,Vente,289000,84,,AV DE PARIS,2180,78000,78646,Versailles,78,,,78646000BN0045,,,13,,33,47.58,,,,,,,2,3,Dépendance,,0,,,,,,2.145174,48.797578
2024-949194,2024-03-11,000001,Vente,289000,84,,AV DE PARIS,2180,78000,78646,Versailles,78,,,78646000BN0045,,,117,,,,,,,,,,1,3,Dépendance,,0,,,,,,2.145174,48.797578
2024-949204,2024-03-01,000001,Vente,707500,16,,RUE ALBERT JOLY,0050,78000,78646,Versailles,78,,,78646000AK0173,,,112,,221,,,,,,,,2,3,Dépendance,,0,,,,,,2.137394,48.810233
2024-949204,2024-03-01,000001,Vente,707500,16,,RUE ALBERT JOLY,0050,78000,78646,Versailles,78,,,78646000AK0173,,,32,,,,,,,,,,1,3,Dépendance,,0,,,,,,2.137394,48.810233
2024-949204,2024-03-01,000001,Vente,707500,16,,RUE ALBERT JOLY,0050,78000,78646,Versailles,78,,,78646000AK0173,,,112,,221,,,,,,,,2,2,Appartement,95,4,,,,,,2.137394,48.810233
2024-949277,2024-03-19,000001,Vente,250000,63,,RUE DE LA PAROISSE,2190,78000,78646,Versailles,78,,,78646000AI0286,,,34,,,,,,,,,,1,3,Dépendance,,0,,,,,,2.133707,48.8066
2024-949277,2024-03-19,000001,Vente,250000,63,,RUE DE LA PAROISSE,2190,78000,78646,Versailles,78,,,78646000AI0286,,,32,,,,,,,,,,1,3,Dépendance,,0,,,,,,2.133707,48.8066
2024-949277,2024-03-19,000001,Vente,250000,63,,RUE DE LA PAROISSE,2190,78000,78646,Versailles,78,,,78646000AI0286,,,33,,,,,,,,,,1,3,Dépendance,,0,,,,,,2.133707,48.8066
2024-949277,2024-03-19,000001,Vente,250000,63,,RUE DE LA PAROISSE,2190,78000,78646,Versailles,78,,,78646000AI0286,,,36,,,,,,,,,,1,3,Dépendance,,0,,,,,,2.133707,48.8066
2024-949277,2024-03-19,000001,Vente,250000,63,,RUE DE LA PAROISSE,2190,78000,78646,Versailles,78,,,78646000AI0286,,,35,,,,,,,,,,1,3,Dépendance,,0,,,,,,2.133707,48.8066
2024-949301,2024-03-18,000001,Vente,430850,13,,RUE DU GENERAL PERSHING,1170,78000,78646,Versailles,78,,,78646000AO0068,,,379,,,,,,,,,,1,3,Dépendance,,0,,,,,,2.148928,48.817113
2024-949301,2024-03-18,000001,Vente,430850,13,,RUE DU GENERAL PERSHING,1170,78000,78646,Versailles,78,,,78646000AO0068,,,101,65.52,,,,,,,,,1,3,Dépendance,,0,,,,,,2.148928,48.817113
2024-949301,2024-03-18,000001,Vente,430850,13,,RUE DU GENERAL PERSHING,1170,78000,78646,Versailles,78,,,78646000AO0068,,,101,65.52,,,,,,,,,1,2,Appartement,62,2,,,,,,2.148928,48.817113
2024-949303,2024-03-20,000001,Vente,144000,7,,RUE DE SATORY,2950,78000,78646,Versailles,78,,,78646000AH0149,,,10,,,,,,,,,,1,2,Appartement,40,1,,,,,,2.125471,48.800806
2024-949325,2024-02-29,000001,Vente,165100,15,,RUE BENJAMIN FRANKLIN,0340,78000,78646,Versailles,78,,,78646000BS0035,,,7,23.53,70,,,,,,,,2,3,Dépendance,,0,,,,,,2.136519,48.797884
2024-949325,2024-02-29,000001,Vente,165100,15,,RUE BENJAMIN FRANKLIN,0340,78000,78646,Versailles,78,,,78646000BS0035,,,7,23.53,70,,,,,,,,2,2,Appartement,22,1,,,,,,2.136519,48.797884
2024-949326,2024-03-11,000001,Vente,419853,44,,RUE ALBERT SARRAUT,0080,78000,78646,Versailles,78,,,78646000BK0232,,,133,,20,83.02,,,,,,,2,2,Appartement,82,3,,,,,,2.14982,48.795098
2024-949326,2024-03-11,000001,Vente,419853,44,,RUE ALBERT SARRAUT,0080,78000,78646,Versailles,78,,,78646000BK0232,,,127,,,,,,,,,,1,3,Dépendance,,0,,,,,,2.14982,48.795098
2024-949326,2024-03-11,000001,Vente,419853,44,,RUE ALBERT SARRAUT,0080,78000,78646,Versailles,78,,,78646000BK0232,,,133,,20,83.02,,,,,,,2,3,Dépendance,,0,,,,,,2.14982,48.795098
2024-949342,2024-03-19,000001,Vente,13500,27,,RUE DE LA CEINTURE,0460,78000,78646,Versailles,78,,,78646000AV0078,,,44,,,,,,,,,,1,3,Dépendance,,0,,,,,,2.153491,48.808977
2024-949344,2024-03-08,000001,Vente,5000,9,,RUE SAINTE GENEVIEVE,2770,78000,78646,Versailles,78,,,78646000AE0130,,,18,,,,,,,,,,1,3,Dépendance,,0,,,,,,2.128631,48.808203
2024-949347,2024-03-19,000001,Vente,130000,4,,PAS SAINT PIERRE,2870,78000,78646,Versailles,78,,,78646000AI0016,,,3,33.3,,,,,,,,,1,2,Appartement,25,1,,,,,,2.131873,48.804332
2024-949352,2024-02-28,000001,Vente,495150,28,,BD DU ROI,2641,78000,78646,Versailles,78,,,78646000AD0223,,,98,,,,,,,,,,1,3,Dépendance,,0,,,,,,2.128206,48.812739
2024-949352,2024-02-28,000001,Vente,495150,28,,BD DU ROI,2641,78000,78646,Versailles,78,,,78646000AD0223,,,189,69.5,47,,,,,,,,2,2,Appartement,68,2,,,,,,2.128206,48.812739
2024-949352,2024-02-28,000001,Vente,495150,28,,BD DU ROI,2641,78000,78646,Versailles,78,,,78646000AD0223,,,189,69.5,47,,,,,,,,2,3,Dépendance,,0,,,,,,2.128206,48.812739
2024-949356,2024-03-20,000001,Vente,1600000,26,,RUE DE VERGENNES,3150,78000,78646,Versailles,78,,,78646000BS0039,,,,,,,,,,,,,0,1,Maison,125,5,S,sols,,,1175,2.137114,48.797654
2024-949356,2024-03-20,000001,Vente,1600000,26,,RUE DE VERGENNES,3150,78000,78646,Versailles,78,,,78646000BS0039,,,,,,,,,,,,,0,3,Dépendance,,0,S,sols,,,1175,2.137114,48.797654
2024-949356,2024-03-20,000001,Vente,1600000,26,,RUE DE VERGENNES,3150,78000,78646,Versailles,78,,,78646000BS0039,,,,,,,,,,,,,0,3,Dépendance,,0,S,sols,,,1175,2.137114,48.797654
2024-949356,2024-03-20,000001,Vente,1600000,26,,RUE DE VERGENNES,3150,78000,78646,Versailles,78,,,78646000BS0039,,,,,,,,,,,,,0,2,Appartement,22,1,S,sols,,,1175,2.137114,48.797654
2024-949356,2024-03-20,000001,Vente,1600000,26,,RUE DE VERGENNES,3150,78000,78646,Versailles,78,,,78646000BS0039,,,,,,,,,,,,,0,2,Appartement,22,1,S,sols,,,1175,2.137114,48.797654
2024-949356,2024-03-20,000001,Vente,1600000,26,,RUE DE VERGENNES,3150,78000,78646,Versailles,78,,,78646000BS0039,,,,,,,,,,,,,0,1,Maison,140,4,S,sols,,,1175,2.137114,48.797654
2024-949418,2024-03-21,000001,Vente,30000,59,,RUE D ANJOU,0190,78000,78646,Versailles,78,,,78646000BT0063,,,14,,,,,,,,,,1,3,Dépendance,,0,,,,,,2.130008,48.79641
2024-949423,2024-03-22,000001,Vente,14000,82,B,AV DE PARIS,2180,78000,78646,Versailles,78,,,78646000BN0166,,,1218,,,,,,,,,,1,3,Dépendance,,0,,,,,,2.145036,48.797427
2024-949493,2024-03-26,000001,Vente,562600,40,,RUE DES ETATS GENERAUX,0980,78000,78646,Versailles,78,,,78646000BS0029,,,10,,55,,,,,,,,2,2,Appartement,70,4,,,,,,2.135092,48.79739
2024-949493,2024-03-26,000001,Vente,562600,40,,RUE DES ETATS GENERAUX,0980,78000,78646,Versailles,78,,,78646000BS0029,,,10,,55,,,,,,,,2,3,Dépendance,,0,,,,,,2.135092,48.79739
2024-949503,2024-03-08,000001,Vente,282600,10,,RUE MONTBAURON,1970,78000,78646,Versailles,78,,,78646000BP0240,,,60,38.34,,,,,,,,,1,3,Dépendance,,0,,,,,,2.135413,48.803577
2024-949503,2024-03-08,000001,Vente,282600,10,,RUE MONTBAURON,1970,78000,78646,Versailles,78,,,78646000BP0240,,,48,,,,,,,,,,1,3,Dépendance,,0,,,,,,2.135413,48.803577
2024-949503,2024-03-08,000001,Vente,282600,10,,RUE MONTBAURON,1970,78000,78646,Versailles,78,,,78646000BP0240,,,60,38.34,,,,,,,,,1,2,Appartement,126,6,,,,,,2.135413,48.803577
2024-949519,2024-03-20,000001,Vente,200000,29,,RUE ALBERT JOLY,0050,78000,78646,Versailles,78,,,78646000AK0085,,,117,30.17,15,,,,,,,,2,3,Dépendance,,0,,,,,,2.139769,48.810417
2024-949519,2024-03-20,000001,Vente,200000,29,,RUE ALBERT JOLY,0050,78000,78646,Versailles,78,,,78646000AK0085,,,117,30.17,15,,,,,,,,2,2,Appartement,29,2,,,,,,2.139769,48.810417
2024-949526,2024-03-21,000001,Vente en l'état futur d'achèvement,25000,,,LA SABLIERE,B029,78000,78646,Versailles,78,,,78646000BY0110,,,134,,,,,,,,,,1,,,,,,,,,,2.078228,48.802624
2024-949532,2024-03-21,000001,Vente en l'état futur d'achèvement,505000,,,LA SABLIERE,B029,78000,78646,Versailles,78,,,78646000BY0121,,,21,,,,,,,,,,1,,,,,,,,,,2.079148,48.803081
2024-949553,2024-03-12,000001,Vente,700000,10,,RUE CARNOT,0440,78000,78646,Versailles,78,,,78646000AE0356,,,74,,,,,,,,,,1,3,Dépendance,,0,,,,,,2.125428,48.806349
2024-949553,2024-03-12,000001,Vente,700000,10,,RUE CARNOT,0440,78000,78646,Versailles,78,,,78646000AE0356,,,73,,,,,,,,,,1,2,Appartement,87,3,,,,,,2.125428,48.806349
2024-949553,2024-03-12,000001,Vente,700000,10,,RUE CARNOT,0440,78000,78646,Versailles,78,,,78646000AE0356,,,76,,,,,,,,,,1,3,Dépendance,,0,,,,,,2.125428,48.806349
2024-949553,2024-03-12,000001,Vente,700000,10,,RUE CARNOT,0440,78000,78646,Versailles,78,,,78646000AE0356,,,94,,,,,,,,,,1,3,Dépendance,,0,,,,,,2.125428,48.806349
2024-949590,2024-03-21,000001,Vente,123550,30,,RUE DES CHANTIERS,0530,78000,78646,Versailles,78,,,78646000BS0090,,,5,15,,,,,,,,,1,2,Appartement,15,1,,,,,,2.138311,48.795761
2024-949590,2024-03-21,000001,Vente,123550,30,,RUE DES CHANTIERS,0530,78000,78646,Versailles,78,,,78646000BS0090,,,5,15,,,,,,,,,1,3,Dépendance,,0,,,,,,2.138311,48.795761
2024-949592,2024-03-21,000001,Vente,297600,5,,RUE VAUBAN,3110,78000,78646,Versailles,78,,,78646000AY0180,,,17,52.75,9,,,,,,,,2,3,Dépendance,,0,,,,,,2.153386,48.799016
2024-949592,2024-03-21,000001,Vente,297600,5,,RUE VAUBAN,3110,78000,78646,Versailles,78,,,78646000AY0180,,,17,52.75,9,,,,,,,,2,2,Appartement,52,3,,,,,,2.153386,48.799016
2024-949602,2024-03-12,000001,Vente,25000,76,,AV DE SAINT CLOUD,2730,78000,78646,Versailles,78,,,78646000BP0069,,,49,,,,,,,,,,1,1,Maison,139,7,,,,,,2.140587,48.805263
2024-949604,2024-03-18,000001,Vente,1110000,10,,AV DES ETATS UNIS,0990,78000,78646,Versailles,78,,,78646000AX0267,,,10,,,,,,,,,,1,3,Dépendance,,0,,,,,,2.14294,48.805967
2024-949604,2024-03-18,000001,Vente,1110000,10,,AV DES ETATS UNIS,0990,78000,78646,Versailles,78,,,78646000AX0267,,,1,,2,,4,,7,,,,4,2,Appartement,100,4,,,,,,2.14294,48.805967
2024-949604,2024-03-18,000001,Vente,1110000,10,,AV DES ETATS UNIS,0990,78000,78646,Versailles,78,,,78646000AX0267,,,1,,2,,4,,7,,,,4,3,Dépendance,,0,,,,,,2.14294,48.805967
2024-949604,2024-03-18,000001,Vente,1110000,10,,AV DES ETATS UNIS,0990,78000,78646,Versailles,78,,,78646000AX0267,,,11,,,,,,,,,,1,3,Dépendance,,0,,,,,,2.14294,48.805967
2024-949612,2024-03-19,000001,Vente,450000,3,,PL HOCHE,1340,78000,78646,Versailles,78,,,78646000AE0194,,,12,,16,,2,50.46,4,,5,,5,4,Local industriel. commercial ou assimilé,54,0,,,,,,2.127328,48.80658
2024-949651,2024-03-14,000001,Vente,29000,14,B,RUE BENJAMIN FRANKLIN,0340,78000,78646,Versailles,78,,,78646000BR0190,,,342,,,,,,,,,,1,3,Dépendance,,0,,,,,,2.135581,48.798108
2024-949711,2024-03-14,000001,Vente,160000,24,,RUE DU VIEUX VERSAILLES,3180,78000,78646,Versailles,78,,,78646000AH0116,,,37,19.18,,,,,,,,,1,2,Appartement,21,1,,,,,,2.123052,48.800531
2024-949716,2024-03-29,000001,Vente,219650,22,,RUE DU HAZARD,1300,78000,78646,Versailles,78,,,78646000BT0157,,,9,33.14,,,,,,,,,1,2,Appartement,33,2,,,,,,2.129647,48.795031
2024-949738,2024-03-27,000001,Vente,420800,7,,RUE DES PRES AUX BOIS,2430,78000,78646,Versailles,78,,,78646000BC0125,,,30,85.42,41,,,,,,,,2,2,Appartement,87,3,,,,,,2.159314,48.799944
2024-949738,2024-03-27,000001,Vente,420800,7,,RUE DES PRES AUX BOIS,2430,78000,78646,Versailles,78,,,78646000BC0125,,,74,,,,,,,,,,1,3,Dépendance,,0,,,,,,2.159314,48.799944
2024-949738,2024-03-27,000001,Vente,420800,7,,RUE DES PRES AUX BOIS,2430,78000,78646,Versailles,78,,,78646000BC0125,,,30,85.42,41,,,,,,,,2,3,Dépendance,,0,,,,,,2.159314,48.799944
2024-949746,2024-03-12,000001,Vente,666350,10,,RUE FRANCOIS BOUCHER,1120,78000,78646,Versailles,78,,,78646000AZ0119,,,,,,,,,,,,,0,1,Maison,80,4,S,sols,,,200,2.158575,48.805555
2024-949751,2024-03-22,000001,Vente,122000,35,,RUE DE VERGENNES,3150,78000,78646,Versailles,78,,,78646000BN0106,,,115,,116,16.2,134,,136,,,,4,3,Dépendance,,0,,,,,,2.137986,48.797678
2024-949751,2024-03-22,000001,Vente,122000,35,,RUE DE VERGENNES,3150,78000,78646,Versailles,78,,,78646000BN0106,,,115,,116,16.2,134,,136,,,,4,3,Dépendance,,0,,,,,,2.137986,48.797678
2024-949751,2024-03-22,000001,Vente,122000,35,,RUE DE VERGENNES,3150,78000,78646,Versailles,78,,,78646000BN0106,,,115,,116,16.2,134,,136,,,,4,3,Dépendance,,0,,,,,,2.137986,48.797678
2024-949751,2024-03-22,000001,Vente,122000,35,,RUE DE VERGENNES,3150,78000,78646,Versailles,78,,,78646000BN0106,,,115,,116,16.2,134,,136,,,,4,3,Dépendance,,0,,,,,,2.137986,48.797678
2024-949752,2024-03-25,000001,Vente,470300,88,B,AV DE PARIS,2180,78000,78646,Versailles,78,,,78646000BN0048,,,28,,,,,,,,,,1,3,Dépendance,,0,,,,,,2.146306,48.797577
2024-949752,2024-03-25,000001,Vente,470300,88,B,AV DE PARIS,2180,78000,78646,Versailles,78,,,78646000BN0048,,,100,85.4,47,,,,,,,,2,3,Dépendance,,0,,,,,,2.146306,48.797577
2024-949752,2024-03-25,000001,Vente,470300,88,B,AV DE PARIS,2180,78000,78646,Versailles,78,,,78646000BN0048,,,100,85.4,47,,,,,,,,2,2,Appartement,85,4,,,,,,2.146306,48.797577
2024-949771,2024-04-02,000001,Vente,325000,17,,RUE DES ETATS GENERAUX,0980,78000,78646,Versailles,78,,,78646000BR0036,,,20,,,,,,,,,,1,2,Appartement,54,3,,,,,,2.133011,48.800241
2024-949771,2024-04-02,000001,Vente,325000,17,,RUE DES ETATS GENERAUX,0980,78000,78646,Versailles,78,,,78646000BR0036,,,8,,,,,,,,,,1,3,Dépendance,,0,,,,,,2.133011,48.800241
2024-949808,2024-03-19,000001,Vente,19000,98,,AV DE PARIS,2180,78000,78646,Versailles,78,,,78646000BK0001,,,391,,,,,,,,,,1,3,Dépendance,,0,,,,,,2.149414,48.797242
2024-949814,2024-03-22,000001,Vente,23000,57,,RUE EXELMANS,1020,78000,78646,Versailles,78,,,78646000AC0262,,,212,,,,,,,,,,1,3,Dépendance,,0,,,,,,2.126785,48.814611
2024-949842,2024-03-26,000001,Vente,2700000,2,,AV DE L AMIRAL SERRE,0150,78000,78646,Versailles,78,,,78646000AL0195,,,,,,,,,,,,,0,1,Maison,226,8,S,sols,,,500,2.140279,48.817649
2024-949842,2024-03-26,000001,Vente,2700000,2,,AV DE L AMIRAL SERRE,0150,78000,78646,Versailles,78,,,78646000AL0195,,,,,,,,,,,,,0,1,Maison,226,8,AG,terrains d'agrément,,,1636,2.140279,48.817649
2024-949842,2024-03-26,000001,Vente,2700000,2,,AV DE L AMIRAL SERRE,0150,78000,78646,Versailles,78,,,78646000AL0195,,,,,,,,,,,,,0,3,Dépendance,,0,AG,terrains d'agrément,,,1636,2.140279,48.817649
2024-949842,2024-03-26,000001,Vente,2700000,2,,AV DE L AMIRAL SERRE,0150,78000,78646,Versailles,78,,,78646000AL0195,,,,,,,,,,,,,0,3,Dépendance,,0,S,sols,,,500,2.140279,48.817649
2024-949854,2024-03-28,000001,Vente,498400,50,,AV DE VILLENEUVE L ETANG,3200,78000,78646,Versailles,78,,,78646000AO0162,,,176,,,,,,,,,,1,3,Dépendance,,0,,,,,,2.148061,48.818119
2024-949854,2024-03-28,000001,Vente,498400,50,,AV DE VILLENEUVE L ETANG,3200,78000,78646,Versailles,78,,,78646000AO0162,,,516,,539,104.89,,,,,,,2,3,Dépendance,,0,,,,,,2.148061,48.818119
2024-949854,2024-03-28,000001,Vente,498400,50,,AV DE VILLENEUVE L ETANG,3200,78000,78646,Versailles,78,,,78646000AO0162,,,516,,539,104.89,,,,,,,2,3,Dépendance,,0,,,,,,2.148061,48.818119
2024-949854,2024-03-28,000001,Vente,498400,50,,AV DE VILLENEUVE L ETANG,3200,78000,78646,Versailles,78,,,78646000AO0162,,,516,,539,104.89,,,,,,,2,2,Appartement,111,5,,,,,,2.148061,48.818119
2024-949868,2024-03-28,000001,Vente,100000,22,,RUE DE LA PAROISSE,2190,78000,78646,Versailles,78,,,78646000AE0185,,,29,21.51,33,,,,,,,,2,3,Dépendance,,0,,,,,,2.12683,48.807669
2024-949869,2024-03-22,000001,Vente,380150,29,,RUE DE LA BONNE AVENTURE,0390,78000,78646,Versailles,78,,,78646000AX0120,,,19,53.49,20,,21,,27,,,,4,3,Dépendance,,0,,,,,,2.147555,48.806451
2024-949869,2024-03-22,000001,Vente,380150,29,,RUE DE LA BONNE AVENTURE,0390,78000,78646,Versailles,78,,,78646000AX0120,,,19,53.49,20,,21,,27,,,,4,2,Appartement,74,3,,,,,,2.147555,48.806451
2024-949870,2024-03-28,000001,Vente,35000,16,,RUE BERTHIER,0370,78000,78646,Versailles,78,,,78646000AC0160,,,20,,,,,,,,,,1,3,Dépendance,,0,,,,,,2.126073,48.811624
2024-949912,2024-03-15,000001,Vente,405000,8,,RUE SAINT MEDERIC,2840,78000,78646,Versailles,78,,,78646000BT0099,,,205,,214,57.24,,,,,,,2,3,Dépendance,,0,,,,,,2.127614,48.796282
2024-949912,2024-03-15,000001,Vente,405000,8,,RUE SAINT MEDERIC,2840,78000,78646,Versailles,78,,,78646000BT0099,,,205,,214,57.24,,,,,,,2,3,Dépendance,,0,,,,,,2.127614,48.796282
2024-949912,2024-03-15,000001,Vente,405000,8,,RUE SAINT MEDERIC,2840,78000,78646,Versailles,78,,,78646000BT0099,,,205,,214,57.24,,,,,,,2,2,Appartement,58,3,,,,,,2.127614,48.796282
2024-949982,2024-04-02,000001,Vente,178150,44,,RUE ALBERT SARRAUT,0080,78000,78646,Versailles,78,,,78646000BK0232,,,178,,6,29.82,,,,,,,2,3,Dépendance,,0,,,,,,2.14982,48.795098
2024-949982,2024-04-02,000001,Vente,178150,44,,RUE ALBERT SARRAUT,0080,78000,78646,Versailles,78,,,78646000BK0232,,,178,,6,29.82,,,,,,,2,2,Appartement,29,1,,,,,,2.14982,48.795098
2024-949985,2024-03-27,000001,Vente,330000,8,,RUE DE LA CEINTURE,0460,78000,78646,Versailles,78,,,78646000AW0006,,,1205,,,,,,,,,,1,3,Dépendance,,0,,,,,,2.15013,48.808121
2024-949985,2024-03-27,000001,Vente,330000,8,,RUE DE LA CEINTURE,0460,78000,78646,Versailles,78,,,78646000AW0006,,,616,44.08,642,,,,,,,,2,3,Dépendance,,0,,,,,,2.15013,48.808121
2024-949985,2024-03-27,000001,Vente,330000,8,,RUE DE LA CEINTURE,0460,78000,78646,Versailles,78,,,78646000AW0006,,,616,44.08,642,,,,,,,,2,2,Appartement,45,1,,,,,,2.15013,48.808121
2024-950066,2024-03-29,000001,Vente,283000,19,,RUE DES BOURDONNAIS,0400,78000,78646,Versailles,78,,,78646000BT0207,,,13,37.54,,,,,,,,,1,2,Appartement,41,2,,,,,,2.126637,48.795652
2024-950116,2024-03-25,000001,Vente,677290,6,,RUE DU HAZARD,1300,78000,78646,Versailles,78,,,78646000BT0145,,,9,69.11,,,,,,,,,1,2,Appartement,52,3,,,,,,2.128273,48.795466
2024-950117,2024-03-26,000001,Vente,18000,2,,RUE DE LA CEINTURE,0460,78000,78646,Versailles,78,,,78646000AW0219,,,687,,,,,,,,,,1,3,Dépendance,,0,,,,,,2.147909,48.808568
2024-950162,2024-03-25,000001,Vente,385000,24,,RUE DU PEINTRE LEBRUN,2220,78000,78646,Versailles,78,,,78646000AE0357,,,1,71.03,18,,,,,,,,2,3,Dépendance,,0,,,,,,2.125004,48.806328
2024-950162,2024-03-25,000001,Vente,385000,24,,RUE DU PEINTRE LEBRUN,2220,78000,78646,Versailles,78,,,78646000AE0357,,,1,71.03,18,,,,,,,,2,2,Appartement,61,4,,,,,,2.125004,48.806328
2024-950176,2024-04-02,000001,Vente,100000,8,,AV DU GEN DE GAULLE,1143,78000,78646,Versailles,78,,,78646000AH0225,,,129,,61,,,,,,,,2,2,Appartement,42,2,,,,,,2.128298,48.801276
2024-950176,2024-04-02,000001,Vente,100000,8,,AV DU GEN DE GAULLE,1143,78000,78646,Versailles,78,,,78646000AH0225,,,129,,61,,,,,,,,2,3,Dépendance,,0,,,,,,2.128298,48.801276
2024-950205,2024-04-05,000001,Vente,10000,27,,RUE DES RESERVOIRS,2580,78000,78646,Versailles,78,,,78646000AC0227,,,29,,30,,34,,,,,,3,4,Local industriel. commercial ou assimilé,62,0,,,,,,2.125054,48.8093
2024-950205,2024-04-05,000001,Vente,10000,27,,RUE DES RESERVOIRS,2580,78000,78646,Versailles,78,,,78646000AC0227,,,36,,,,,,,,,,1,3,Dépendance,,0,,,,,,2.125054,48.8093
2024-950205,2024-04-05,000001,Vente,10000,27,,RUE DES RESERVOIRS,2580,78000,78646,Versailles,78,,,78646000AC0227,,,36,,,,,,,,,,1,3,Dépendance,,0,,,,,,2.125054,48.8093
2024-950213,2024-04-08,000001,Vente,934400,18,,RUE CHAMP LAGARDE,0490,78000,78646,Versailles,78,,,78646000BO0013,,,15,,,,,,,,,,1,3,Dépendance,,0,,,,,,2.143998,48.800601
2024-950213,2024-04-08,000001,Vente,934400,18,,RUE CHAMP LAGARDE,0490,78000,78646,Versailles,78,,,78646000BO0013,,,21,138.14,,,,,,,,,1,2,Appartement,110,4,,,,,,2.143998,48.800601
2024-950213,2024-04-08,000001,Vente,934400,18,,RUE CHAMP LAGARDE,0490,78000,78646,Versailles,78,,,78646000BO0013,,,21,138.14,,,,,,,,,1,3,Dépendance,,0,,,,,,2.143998,48.800601
2024-950236,2024-03-29,000001,Vente,134000,28,,RUE SAINTE ADELAIDE,2670,78000,78646,Versailles,78,,,78646000AD0265,,,28,,,,,,,,,,1,3,Dépendance,,0,,,,,,2.130833,48.81227
2024-950236,2024-03-29,000001,Vente,134000,28,,RUE SAINTE ADELAIDE,2670,78000,78646,Versailles,78,,,78646000AD0265,,,9,,,,,,,,,,1,3,Dépendance,,0,,,,,,2.130833,48.81227
2024-950236,2024-03-29,000001,Vente,134000,28,,RUE SAINTE ADELAIDE,2670,78000,78646,Versailles,78,,,78646000AD0265,,,22,,,,,,,,,,1,3,Dépendance,,0,,,,,,2.130833,48.81227
2024-950236,2024-03-29,000001,Vente,134000,28,,RUE SAINTE ADELAIDE,2670,78000,78646,Versailles,78,,,78646000AD0265,,,22,,,,,,,,,,1,3,Dépendance,,0,,,,,,2.130833,48.81227
2024-950236,2024-03-29,000001,Vente,134000,28,,RUE SAINTE ADELAIDE,2670,78000,78646,Versailles,78,,,78646000AD0265,,,22,,,,,,,,,,1,4,Local industriel. commercial ou assimilé,37,0,,,,,,2.130833,48.81227
2024-950236,2024-03-29,000001,Vente,134000,28,,RUE SAINTE ADELAIDE,2670,78000,78646,Versailles,78,,,78646000AD0265,,,23,,,,,,,,,,1,3,Dépendance,,0,,,,,,2.130833,48.81227
2024-950261,2024-04-03,000001,Vente,80000,1,,RUE RICHARD MIQUE,2590,78000,78646,Versailles,78,,,78646000AP0051,,,17,10.7,,,,,,,,,1,3,Dépendance,,0,,,,,,2.141182,48.812714
2024-950264,2024-04-11,000001,Vente,112500,3,,RUE PIERRE CURIE,2300,78000,78646,Versailles,78,,,78646000BD0086,,,4,18.21,,,,,,,,,1,2,Appartement,16,1,,,,,,2.154775,48.796349
2024-950266,2024-03-27,000001,Vente,3850000,6,,RPT DES CONDAMINES,0695,78000,78646,Versailles,78,,,78646000AX0366,,,,,,,,,,,,,0,4,Local industriel. commercial ou assimilé,826,0,S,sols,,,525,2.146037,48.802725
2024-950283,2024-04-09,000001,Vente,1168200,,,PAS DE LA GEOLE,1180,78000,78646,Versailles,78,,,78646000AE0091,,115,,,,,,,,,,,0,,,,,,,,,,2.131364,48.807615
2024-950283,2024-04-09,000001,Vente,1168200,,,PAS DE LA GEOLE,1180,78000,78646,Versailles,78,,,78646000AE0091,,118,,,,,,,,,,,0,,,,,,,,,,2.131364,48.807615
2024-950317,2024-04-02,000001,Vente,1098000,29,B,RUE DES MOINES,1930,78000,78646,Versailles,78,,,78646000BI0330,,,,,,,,,,,,,0,,,,,S,sols,,,7,2.155861,48.792244
2024-950317,2024-04-02,000001,Vente,1098000,11,,RUE DE L ETANG,0970,78000,78646,Versailles,78,,,78646000BI0332,,,,,,,,,,,,,0,1,Maison,83,5,S,sols,,,503,2.155867,48.79236
2024-950339,2024-04-03,000001,Vente,580500,2,,PROM VENEZIA,3135,78000,78646,Versailles,78,,,78646000AZ0110,,,1504,117.2,1557,,,,,,,,2,2,Appartement,118,5,,,,,,2.158672,48.8041
2024-950339,2024-04-03,000001,Vente,580500,2,,PROM VENEZIA,3135,78000,78646,Versailles,78,,,78646000AZ0110,,,1504,117.2,1557,,,,,,,,2,3,Dépendance,,0,,,,,,2.158672,48.8041
2024-950339,2024-04-03,000001,Vente,580500,2,,PROM VENEZIA,3135,78000,78646,Versailles,78,,,78646000AZ0110,,,1504,117.2,1557,,,,,,,,2,3,Dépendance,,0,,,,,,2.158672,48.8041
2024-950339,2024-04-03,000001,Vente,580500,5,,RUE DE L ECOLE DES POSTES,0850,78000,78646,Versailles,78,,,78646000AZ0110,,,3253,,,,,,,,,,1,3,Dépendance,,0,,,,,,2.158672,48.8041
2024-950356,2024-04-11,000001,Vente,300000,12,,RUE DE SATORY,2950,78000,78646,Versailles,78,,,78646000AH0081,,,35,35.97,,,,,,,,,1,4,Local industriel. commercial ou assimilé,40,0,,,,,,2.124924,48.80091
2024-950357,2024-04-11,000001,Vente,328000,18,,RUE DE LA CHANCELLERIE,0500,78000,78646,Versailles,78,,,78646000AH0066,,,23,47.15,40,,,,,,,,2,3,Dépendance,,0,,,,,,2.123865,48.801929
2024-950357,2024-04-11,000001,Vente,328000,18,,RUE DE LA CHANCELLERIE,0500,78000,78646,Versailles,78,,,78646000AH0066,,,23,47.15,40,,,,,,,,2,2,Appartement,43,3,,,,,,2.123865,48.801929
2024-950366,2024-03-26,000001,Vente,164574.2,3,,PROM VENEZIA,3135,78000,78646,Versailles,78,,,78646000AZ0110,,,2312,,2328,115.6,,,,,,,2,3,Dépendance,,0,,,,,,2.158672,48.8041
2024-950366,2024-03-26,000001,Vente,164574.2,5,,RUE DE L ECOLE DES POSTES,0850,78000,78646,Versailles,78,,,78646000AZ0110,,,3637,,,,,,,,,,1,3,Dépendance,,0,,,,,,2.158672,48.8041
2024-950366,2024-03-26,000001,Vente,164574.2,3,,PROM VENEZIA,3135,78000,78646,Versailles,78,,,78646000AZ0110,,,2312,,2328,115.6,,,,,,,2,2,Appartement,119,5,,,,,,2.158672,48.8041
2024-950376,2024-04-04,000001,Vente,520000,114,,AV DE PARIS,2180,78000,78646,Versailles,78,,,78646000BK0021,,,113,,114,,121,,,,,,3,3,Dépendance,,0,,,,,,2.152071,48.797176
2024-950376,2024-04-04,000001,Vente,520000,114,,AV DE PARIS,2180,78000,78646,Versailles,78,,,78646000BK0021,,,113,,114,,121,,,,,,3,3,Dépendance,,0,,,,,,2.152071,48.797176
2024-950376,2024-04-04,000001,Vente,520000,12,,AV DE PORCHEFONTAINE,2380,78000,78646,Versailles,78,,,78646000BK0021,,,1632,,,,,,,,,,1,3,Dépendance,,0,,,,,,2.152071,48.797176
2024-950376,2024-04-04,000001,Vente,520000,114,,AV DE PARIS,2180,78000,78646,Versailles,78,,,78646000BK0021,,,113,,114,,121,,,,,,3,2,Appartement,115,5,,,,,,2.152071,48.797176
2024-950394,2024-03-28,000001,Vente,15000,4,,IMP DE TOULOUSE,3030,78000,78646,Versailles,78,,,78646000AE0521,,,122,,,,,,,,,,1,3,Dépendance,,0,,,,,,2.130023,48.806332
2024-950405,2024-04-12,000001,Vente,22000,2,,RUE ALEXIS DE TOCQUEVILLE,0128,78000,78646,Versailles,78,,,78646000BS0226,,,4267,,,,,,,,,,1,3,Dépendance,,0,,,,,,2.132076,48.794722
2024-950406,2024-04-05,000001,Vente,54000,15,,RUE DE L ORIENT,2130,78000,78646,Versailles,78,,,78646000BT0101,,,610,,,,,,,,,,1,3,Dépendance,,0,,,,,,2.127194,48.79606
2024-950437,2024-04-12,000001,Vente,821623,10,,RUE ANTOINE COYPEL,0200,78000,78646,Versailles,78,,,78646000BO0042,,,,,,,,,,,,,0,1,Maison,102,4,S,sols,,,103,2.142685,48.799664
2024-950457,2024-04-11,000001,Vente,482200,16,,RUE CHAMP LAGARDE,0490,78000,78646,Versailles,78,,,78646000BO0080,,,14,,,,,,,,,,1,4,Local industriel. commercial ou assimilé,65,0,,,,,,2.142868,48.800426
2024-950465,2024-04-15,000001,Vente,317189,13,,RUE DU GENERAL PERSHING,1170,78000,78646,Versailles,78,,,78646000AO0068,,,36,65.22,,,,,,,,,1,2,Appartement,67,3,,,,,,2.148928,48.817113
2024-950465,2024-04-15,000001,Vente,317189,13,,RUE DU GENERAL PERSHING,1170,78000,78646,Versailles,78,,,78646000AO0068,,,421,,,,,,,,,,1,3,Dépendance,,0,,,,,,2.148928,48.817113
2024-950465,2024-04-15,000001,Vente,317189,13,,RUE DU GENERAL PERSHING,1170,78000,78646,Versailles,78,,,78646000AO0068,,,36,65.22,,,,,,,,,1,3,Dépendance,,0,,,,,,2.148928,48.817113
2024-950473,2024-04-02,000001,Vente,574000,1,,PAS PILATRE DE ROZIER,2340,78000,78646,Versailles,78,,,78646000AK0160,,,6,79.26,,,,,,,,,1,4,Local industriel. commercial ou assimilé,80,0,,,,,,2.134602,48.810079
2024-950482,2024-03-29,000001,Vente,806345,18,,RUE DU PARC DE CLAGNY,2171,78000,78646,Versailles,78,,,78646000AP0097,,,294,,295,,,,,,,,2,3,Dépendance,,0,,,,,,2.141563,48.813647
2024-950482,2024-03-29,000001,Vente,806345,18,,RUE DU PARC DE CLAGNY,2171,78000,78646,Versailles,78,,,78646000AP0097,,,193,102.72,215,,,,,,,,2,3,Dépendance,,0,,,,,,2.141563,48.813647
2024-950482,2024-03-29,000001,Vente,806345,18,,RUE DU PARC DE CLAGNY,2171,78000,78646,Versailles,78,,,78646000AP0097,,,193,102.72,215,,,,,,,,2,3,Dépendance,,0,,,,,,2.141563,48.813647
2024-950482,2024-03-29,000001,Vente,806345,18,,RUE DU PARC DE CLAGNY,2171,78000,78646,Versailles,78,,,78646000AP0097,,,193,102.72,215,,,,,,,,2,2,Appartement,102,4,,,,,,2.141563,48.813647
2024-950485,2024-03-29,000001,Vente,162000,9,,RUE DE NANCY,2020,78000,78646,Versailles,78,,,78646000AY0151,,,17,,,,,,,,,,1,3,Dépendance,,0,,,,,,2.151045,48.79982
2024-950485,2024-03-29,000001,Vente,162000,9,,RUE DE NANCY,2020,78000,78646,Versailles,78,,,78646000AY0151,,,16,,,,,,,,,,1,3,Dépendance,,0,,,,,,2.151045,48.79982
2024-950538,2024-04-17,000001,Vente,570550,53,,AV DE PARIS,2180,78000,78646,Versailles,78,,,78646000BP0132,,,336,,,,,,,,,,1,3,Dépendance,,0,,,,,,2.1408,48.800274
2024-950538,2024-04-17,000001,Vente,570550,53,,AV DE PARIS,2180,78000,78646,Versailles,78,,,78646000BP0132,,,34,104.58,90,,,,,,,,2,2,Appartement,106,5,,,,,,2.1408,48.800274
2024-950538,2024-04-17,000001,Vente,570550,53,,AV DE PARIS,2180,78000,78646,Versailles,78,,,78646000BP0132,,,34,104.58,90,,,,,,,,2,3,Dépendance,,0,,,,,,2.1408,48.800274
2024-950553,2024-03-25,000001,Vente,138000,8,,AV DU GEN DE GAULLE,1143,78000,78646,Versailles,78,,,78646000AH0225,,,119,,18,,,,,,,,2,3,Dépendance,,0,,,,,,2.128298,48.801276
2024-950553,2024-03-25,000001,Vente,138000,8,,AV DU GEN DE GAULLE,1143,78000,78646,Versailles,78,,,78646000AH0225,,,119,,18,,,,,,,,2,2,Appartement,42,2,,,,,,2.128298,48.801276
2024-950560,2024-04-05,000001,Vente,470000,11,,RUE JEAN DE LA BRUYERE,1560,78000,78646,Versailles,78,,,78646000AO0205,,,1007,,1107,,,,,,,,2,3,Dépendance,,0,,,,,,2.146857,48.813978
2024-950560,2024-04-05,000001,Vente,470000,11,,RUE JEAN DE LA BRUYERE,1560,78000,78646,Versailles,78,,,78646000AO0205,,,1007,,1107,,,,,,,,2,2,Appartement,96,5,,,,,,2.146857,48.813978
2024-950560,2024-04-05,000001,Vente,470000,11,,RUE JEAN DE LA BRUYERE,1560,78000,78646,Versailles,78,,,78646000AO0205,,,1183,,,,,,,,,,1,3,Dépendance,,0,,,,,,2.146857,48.813978
2024-950565,2024-04-08,000001,Vente,223000,31,,AV DE SAINT CLOUD,2730,78000,78646,Versailles,78,,,78646000AI0112,,,56,,,,,,,,,,1,2,Appartement,40,2,,,,,,2.132236,48.805499
2024-950618,2024-04-15,000001,Vente,326150,2,,RUE ALEXIS DE TOCQUEVILLE,0128,78000,78646,Versailles,78,,,78646000BS0226,,,4107,43.74,,,,,,,,,1,2,Appartement,43,2,,,,,,2.132076,48.794722
2024-950629,2024-04-09,000001,Vente,313000,13,,RUE DUCIS,0820,78000,78646,Versailles,78,,,78646000AE0083,,,15,,7,46.21,,,,,,,2,2,Appartement,49,3,,,,,,2.131212,48.807138
2024-950629,2024-04-09,000001,Vente,313000,13,,RUE DUCIS,0820,78000,78646,Versailles,78,,,78646000AE0083,,,15,,7,46.21,,,,,,,2,3,Dépendance,,0,,,,,,2.131212,48.807138
2024-950660,2024-04-05,000001,Vente,432000,,,RUE DU BAILLAGE,0260,78000,78646,Versailles,78,,,78646000AE0415,,203,,,,,,,,,,,0,,,,,,,,,,2.131236,48.807468
2024-950677,2024-04-16,000001,Vente,185000,4,,RUE SAINT JULIEN,2790,78000,78646,Versailles,78,,,78646000AH0004,,,20,,,,,,,,,,1,2,Appartement,28,1,,,,,,2.121962,48.802255
2024-950692,2024-04-15,000001,Vente,435600,2,,RUE ALEXIS DE TOCQUEVILLE,0128,78000,78646,Versailles,78,,,78646000BS0226,,,4097,64.97,,,,,,,,,1,2,Appartement,63,3,,,,,,2.132076,48.794722
2024-950692,2024-04-15,000001,Vente,435600,2,,RUE ALEXIS DE TOCQUEVILLE,0128,78000,78646,Versailles,78,,,78646000BS0226,,,4210,,,,,,,,,,1,3,Dépendance,,0,,,,,,2.132076,48.794722
2024-950741,2024-04-09,000001,Vente,1428000,1,,RUE DE L ORIENT,2130,78000,78646,Versailles,78,,,78646000BT0051,,,104,,105,,123,,124,,128,,6,2,Appartement,182,5,,,,,,2.127735,48.797144
2024-950741,2024-04-09,000001,Vente,1428000,1,,RUE DE L ORIENT,2130,78000,78646,Versailles,78,,,78646000BT0051,,,104,,105,,123,,124,,128,,6,3,Dépendance,,0,,,,,,2.127735,48.797144
2024-950741,2024-04-09,000001,Vente,1428000,1,,RUE DE L ORIENT,2130,78000,78646,Versailles,78,,,78646000BT0051,,,104,,105,,123,,124,,128,,6,3,Dépendance,,0,,,,,,2.127735,48.797144
2024-950741,2024-04-09,000001,Vente,1428000,1,,RUE DE L ORIENT,2130,78000,78646,Versailles,78,,,78646000BT0051,,,104,,105,,123,,124,,128,,6,3,Dépendance,,0,,,,,,2.127735,48.797144
2024-950741,2024-04-09,000001,Vente,1428000,1,,RUE DE L ORIENT,2130,78000,78646,Versailles,78,,,78646000BT0051,,,104,,105,,123,,124,,128,,6,3,Dépendance,,0,,,,,,2.127735,48.797144
2024-950748,2024-04-03,000001,Vente,149870,25,,RUE REMILLY,2530,78000,78646,Versailles,78,,,78646000AK0052,,,10,17.24,,,,,,,,,1,2,Appartement,17,1,,,,,,2.138754,48.811735
2024-950752,2024-03-28,000001,Vente,150000,24,,RUE DU GENERAL LECLERC,1145,78000,78646,Versailles,78,,,78646000BV0079,,,2,23.51,,,,,,,,,1,2,Appartement,25,1,,,,,,2.126443,48.798911
2024-950752,2024-03-28,000001,Vente,150000,24,,RUE DU GENERAL LECLERC,1145,78000,78646,Versailles,78,,,78646000BV0079,,,8,23.43,,,,,,,,,1,2,Appartement,30,1,,,,,,2.126443,48.798911
2024-950756,2024-04-05,000001,Vente,161000,46,,RUE ABEL LAUVRAY,0030,78000,78646,Versailles,78,,,78646000AZ0332,,,2,32.02,,,,,,,,,1,2,Appartement,33,2,,,,,,2.157616,48.803762
2024-950756,2024-04-05,000001,Vente,161000,46,,RUE ABEL LAUVRAY,0030,78000,78646,Versailles,78,,,78646000AZ0332,,,2,32.02,,,,,,,,,1,3,Dépendance,,0,,,,,,2.157616,48.803762
2024-950771,2024-04-23,000001,Vente,413340,12,,AV DE PORCHEFONTAINE,2380,78000,78646,Versailles,78,,,78646000BK0021,,,886,,916,,,,,,,,2,3,Dépendance,,0,,,,,,2.152071,48.797176
2024-950771,2024-04-23,000001,Vente,413340,12,,AV DE PORCHEFONTAINE,2380,78000,78646,Versailles,78,,,78646000BK0021,,,886,,916,,,,,,,,2,2,Appartement,76,2,,,,,,2.152071,48.797176
2024-950771,2024-04-23,000001,Vente,413340,12,,AV DE PORCHEFONTAINE,2380,78000,78646,Versailles,78,,,78646000BK0021,,,1444,,,,,,,,,,1,3,Dépendance,,0,,,,,,2.152071,48.797176
2024-950771,2024-04-23,000001,Vente,413340,12,,AV DE PORCHEFONTAINE,2380,78000,78646,Versailles,78,,,78646000BK0021,,,1435,,,,,,,,,,1,3,Dépendance,,0,,,,,,2.152071,48.797176
2024-950795,2024-04-05,000001,Vente,412950,11,,AV DE SAINT CLOUD,2730,78000,78646,Versailles,78,,,78646000AE0311,,,118,,,,,,,,,,1,2,Appartement,48,3,,,,,,2.128848,48.805199
2024-950795,2024-04-05,000001,Vente,412950,11,,AV DE SAINT CLOUD,2730,78000,78646,Versailles,78,,,78646000AE0311,,,137,,,,,,,,,,1,4,Local industriel. commercial ou assimilé,19,0,,,,,,2.128848,48.805199
2024-950837,2024-03-29,000001,Vente,375000,6,,PL ROYALE,2650,78000,78646,Versailles,78,,,78646000AZ0110,,,1129,82.39,,,,,,,,,1,3,Dépendance,,0,,,,,,2.158672,48.8041
2024-950837,2024-03-29,000001,Vente,375000,6,,PL ROYALE,2650,78000,78646,Versailles,78,,,78646000AZ0110,,,1129,82.39,,,,,,,,,1,2,Appartement,81,3,,,,,,2.158672,48.8041
2024-950837,2024-03-29,000001,Vente,375000,5,,RUE DE L ECOLE DES POSTES,0850,78000,78646,Versailles,78,,,78646000AZ0110,,,1335,,,,,,,,,,1,3,Dépendance,,0,,,,,,2.158672,48.8041
2024-950853,2024-04-24,000001,Vente,157500,31,,RUE DU GENERAL LECLERC,1145,78000,78646,Versailles,78,,,78646000AH0173,,,57,22.26,,,,,,,,,1,3,Dépendance,,0,,,,,,2.127301,48.7991
2024-950853,2024-04-24,000001,Vente,157500,31,,RUE DU GENERAL LECLERC,1145,78000,78646,Versailles,78,,,78646000AH0173,,,57,22.26,,,,,,,,,1,2,Appartement,25,1,,,,,,2.127301,48.7991
2024-950867,2024-04-23,000001,Vente en l'état futur d'achèvement,349000,,,LA SABLIERE,B029,78000,78646,Versailles,78,,,78646000BY0108,,,113,,,,,,,,,,1,,,,,,,,,,2.079319,48.802074
2024-950867,2024-04-23,000001,Vente en l'état futur d'achèvement,349000,,,LA SABLIERE,B029,78000,78646,Versailles,78,,,78646000BY0108,,,414,,,,,,,,,,1,,,,,,,,,,2.079319,48.802074
2024-950916,2024-04-26,000001,Vente,255337,13,,RUE DE L ORIENT,2130,78000,78646,Versailles,78,,,78646000BT0105,,,123,,,,,,,,,,1,3,Dépendance,,0,,,,,,2.127036,48.796284
2024-950916,2024-04-26,000001,Vente,255337,13,,RUE DE L ORIENT,2130,78000,78646,Versailles,78,,,78646000BT0105,,,105,29.4,,,,,,,,,1,2,Appartement,29,2,,,,,,2.127036,48.796284
2024-950921,2024-04-29,000001,Vente,354800,65,,RUE DE LA PAROISSE,2190,78000,78646,Versailles,78,,,78646000AI0185,,,47,46.41,,,,,,,,,1,4,Local industriel. commercial ou assimilé,49,0,,,,,,2.134013,48.806671
2024-950926,2024-04-24,000001,Vente,243000,19,B,RUE DU PONT COLBERT,2370,78000,78646,Versailles,78,,,78646000BI0284,,,61,65.37,62,,,,,,,,2,3,Dépendance,,0,,,,,,2.151506,48.789725
2024-950926,2024-04-24,000001,Vente,243000,19,B,RUE DU PONT COLBERT,2370,78000,78646,Versailles,78,,,78646000BI0284,,,61,65.37,62,,,,,,,,2,2,Appartement,65,4,,,,,,2.151506,48.789725
2024-950938,2024-04-25,000001,Vente,437500,36,,RUE DE VERGENNES,3150,78000,78646,Versailles,78,,,78646000BS0043,,,65,,,,,,,,,,1,3,Dépendance,,0,,,,,,2.137093,48.797286
2024-950938,2024-04-25,000001,Vente,437500,36,,RUE DE VERGENNES,3150,78000,78646,Versailles,78,,,78646000BS0043,,,13,62.08,34,,,,,,,,2,2,Appartement,62,2,,,,,,2.137093,48.797286
2024-950938,2024-04-25,000001,Vente,437500,36,,RUE DE VERGENNES,3150,78000,78646,Versailles,78,,,78646000BS0043,,,13,62.08,34,,,,,,,,2,3,Dépendance,,0,,,,,,2.137093,48.797286
2024-950941,2024-04-23,000001,Vente,438800,44,,RUE CHAMP LAGARDE,0490,78000,78646,Versailles,78,,,78646000AY0247,,,120,58.7,130,,,,,,,,2,2,Appartement,58,3,,,,,,2.147703,48.801276
2024-950941,2024-04-23,000001,Vente,438800,44,,RUE CHAMP LAGARDE,0490,78000,78646,Versailles,78,,,78646000AY0247,,,153,,,,,,,,,,1,3,Dépendance,,0,,,,,,2.147703,48.801276
2024-950945,2024-04-15,000001,Vente,618000,40,,AV DES ETATS UNIS,0990,78000,78646,Versailles,78,,,78646000AX0055,,,25,85.87,7,,,,,,,,2,3,Dépendance,,0,,,,,,2.145211,48.807165
2024-950945,2024-04-15,000001,Vente,618000,40,,AV DES ETATS UNIS,0990,78000,78646,Versailles,78,,,78646000AX0055,,,25,85.87,7,,,,,,,,2,2,Appartement,105,3,,,,,,2.145211,48.807165
2024-950952,2024-04-17,000001,Vente,420000,1,,BD DE LA REPUBLIQUE,2570,78000,78646,Versailles,78,,,78646000AW0162,,,10,6.97,22,,4,80.85,,,,,3,3,Dépendance,,0,,,,,,2.146135,48.807934
2024-950952,2024-04-17,000001,Vente,420000,1,,BD DE LA REPUBLIQUE,2570,78000,78646,Versailles,78,,,78646000AW0162,,,10,6.97,22,,4,80.85,,,,,3,2,Appartement,81,4,,,,,,2.146135,48.807934
2024-950952,2024-04-17,000001,Vente,420000,1,,BD DE LA REPUBLIQUE,2570,78000,78646,Versailles,78,,,78646000AW0162,,,10,6.97,22,,4,80.85,,,,,3,3,Dépendance,,0,,,,,,2.146135,48.807934
2024-950953,2024-04-17,000001,Vente,263000,47,,RUE DES ETATS GENERAUX,0980,78000,78646,Versailles,78,,,78646000BR0190,,,115,,35,36.32,,,,,,,2,2,Appartement,36,1,,,,,,2.135581,48.798108
2024-950953,2024-04-17,000001,Vente,263000,47,,RUE DES ETATS GENERAUX,0980,78000,78646,Versailles,78,,,78646000BR0190,,,115,,35,36.32,,,,,,,2,3,Dépendance,,0,,,,,,2.135581,48.798108
2024-950953,2024-04-17,000001,Vente,263000,15,,RUE BENJAMIN FRANKLIN,0340,78000,78646,Versailles,78,,,78646000BS0035,,,98,,,,,,,,,,1,3,Dépendance,,0,,,,,,2.136519,48.797884
2024-950960,2024-04-26,000001,Vente,1133620,6,,RUE DE LA BONNE AVENTURE,0390,78000,78646,Versailles,78,,,78646000AX0258,,,70,,,,,,,,,,1,3,Dépendance,,0,,,,,,2.144134,48.806144
2024-950960,2024-04-26,000001,Vente,1133620,6,,RUE DE LA BONNE AVENTURE,0390,78000,78646,Versailles,78,,,78646000AX0258,,,32,,33,,71,,,,,,3,3,Dépendance,,0,,,,,,2.144134,48.806144
2024-950960,2024-04-26,000001,Vente,1133620,6,,RUE DE LA BONNE AVENTURE,0390,78000,78646,Versailles,78,,,78646000AX0258,,,69,,,,,,,,,,1,3,Dépendance,,0,,,,,,2.144134,48.806144
2024-950960,2024-04-26,000001,Vente,1133620,6,,RUE DE LA BONNE AVENTURE,0390,78000,78646,Versailles,78,,,78646000AX0258,,,32,,33,,71,,,,,,3,2,Appartement,139,5,,,,,,2.144134,48.806144
2024-951007,2024-04-27,000001,Vente,198750,7,,RUE DE LA PAROISSE,2190,78000,78646,Versailles,78,,,78646000AE0163,,,21,,22,,,,,,,,2,2,Appartement,27,2,,,,,,2.125705,48.808511
2024-951007,2024-04-27,000001,Vente,198750,7,,RUE DE LA PAROISSE,2190,78000,78646,Versailles,78,,,78646000AE0163,,,21,,22,,,,,,,,2,3,Dépendance,,0,,,,,,2.125705,48.808511
2024-951017,2024-03-26,000001,Vente,206000,19,,RUE DES BOURDONNAIS,0400,78000,78646,Versailles,78,,,78646000BT0207,,,19,,26,,,,,,,,2,2,Appartement,34,2,,,,,,2.126637,48.795652
2024-951023,2024-04-24,000001,Vente,810000,20,,RUE DE PROVENCE,2460,78000,78646,Versailles,78,,,78646000AX0442,,,297,,325,130.2,,,,,,,2,3,Dépendance,,0,,,,,,2.140987,48.807165
2024-951023,2024-04-24,000001,Vente,810000,20,,RUE DE PROVENCE,2460,78000,78646,Versailles,78,,,78646000AX0442,,,297,,325,130.2,,,,,,,2,2,Appartement,130,6,,,,,,2.140987,48.807165
2024-951023,2024-04-24,000001,Vente,810000,20,,RUE DE PROVENCE,2460,78000,78646,Versailles,78,,,78646000AX0442,,,45,,,,,,,,,,1,3,Dépendance,,0,,,,,,2.140987,48.807165
2024-951046,2024-04-30,000001,Vente,145000,62,,RUE ROYALE,2648,78000,78646,Versailles,78,,,78646000BV0169,,,11,20.62,56,,,,,,,,2,2,Appartement,20,1,,,,,,2.125432,48.796195
2024-951051,2024-04-24,000001,Vente,2298100,5,B,RUE LA QUINTINIE,2470,78000,78646,Versailles,78,,,78646000BV0008,,,64,60,,,,,,,,,1,2,Appartement,38,2,,,,,,2.120518,48.800311
2024-951051,2024-04-24,000001,Vente,2298100,5,B,RUE LA QUINTINIE,2470,78000,78646,Versailles,78,,,78646000BV0008,,,56,60,64,60,72,,73,,,,4,3,Dépendance,,0,,,,,,2.120518,48.800311
2024-951051,2024-04-24,000001,Vente,2298100,5,B,RUE LA QUINTINIE,2470,78000,78646,Versailles,78,,,78646000BV0008,,,56,60,64,60,72,,73,,,,4,2,Appartement,348,8,,,,,,2.120518,48.800311
2024-951051,2024-04-24,000001,Vente,2298100,3,,RUE LA QUINTINIE,2470,78000,78646,Versailles,78,,,78646000BV0008,,,2,,,,,,,,,,1,3,Dépendance,,0,,,,,,2.120518,48.800311
2024-951058,2024-04-16,000001,Vente,596150,29,,RUE DE L ERMITAGE,0940,78000,78646,Versailles,78,,,78646000AC0338,,,1,68.01,16,,,,,,,,2,2,Appartement,67,3,,,,,,2.122062,48.815041
2024-951058,2024-04-16,000001,Vente,596150,29,T,RUE DE L ERMITAGE,0940,78000,78646,Versailles,78,,,78646000AC0338,,,104,,,,,,,,,,1,3,Dépendance,,0,,,,,,2.122062,48.815041
2024-951069,2024-04-30,000001,Vente,350000,17,,RUE DES ETATS GENERAUX,0980,78000,78646,Versailles,78,,,78646000BR0036,,,11,,,,,,,,,,1,4,Local industriel. commercial ou assimilé,68,0,,,,,,2.133011,48.800241
2024-951117,2024-04-29,000001,Vente,722000,15,,AV DE NORMANDIE,2060,78000,78646,Versailles,78,,,78646000AM0059,,,,,,,,,,,,,0,1,Maison,116,5,S,sols,,,198,2.140585,48.822104
2024-951117,2024-04-29,000001,Vente,722000,15,,AV DE NORMANDIE,2060,78000,78646,Versailles,78,,,78646000AM0059,,,,,,,,,,,,,0,3,Dépendance,,0,S,sols,,,198,2.140585,48.822104
2024-951154,2024-04-24,000001,Vente,275000,1,,RUE D ANGIVILLER,0170,78000,78646,Versailles,78,,,78646000AC0243,,,12,28.3,,,,,,,,,1,2,Appartement,35,1,,,,,,2.12435,48.811031
2024-951154,2024-04-24,000001,Vente,275000,1,,RUE D ANGIVILLER,0170,78000,78646,Versailles,78,,,78646000AC0243,,,29,,,,,,,,,,1,3,Dépendance,,0,,,,,,2.12435,48.811031
2024-951162,2024-04-09,000001,Echange,308500,41,,RUE SAINT CHARLES,2710,78000,78646,Versailles,78,,,78646000AX0374,,,40,,,,,,,,,,1,3,Dépendance,,0,,,,,,2.147664,48.803386
2024-951162,2024-04-09,000001,Echange,308500,41,,RUE SAINT CHARLES,2710,78000,78646,Versailles,78,,,78646000AX0374,,,39,,,,,,,,,,1,3,Dépendance,,0,,,,,,2.147664,48.803386
2024-951162,2024-04-09,000001,Echange,308500,41,,RUE SAINT CHARLES,2710,78000,78646,Versailles,78,,,78646000AX0374,,,19,,20,,60,,,,,,3,2,Appartement,88,3,,,,,,2.147664,48.803386
2024-951162,2024-04-09,000001,Echange,308500,41,,RUE SAINT CHARLES,2710,78000,78646,Versailles,78,,,78646000AX0374,,,19,,20,,60,,,,,,3,3,Dépendance,,0,,,,,,2.147664,48.803386
2024-951162,2024-04-09,000001,Echange,308500,41,,RUE SAINT CHARLES,2710,78000,78646,Versailles,78,,,78646000AX0374,,,19,,20,,60,,,,,,3,3,Dépendance,,0,,,,,,2.147664,48.803386
2024-951166,2024-04-30,000001,Vente,17500,5,,RUE DE L ECOLE DES POSTES,0850,78000,78646,Versailles,78,,,78646000AZ0110,,,3263,,,,,,,,,,1,3,Dépendance,,0,,,,,,2.158672,48.8041
2024-951176,2024-04-26,000001,Vente,1400000,82,,AV FOURCAULT DE PAVANT,1090,78000,78646,Versailles,78,,,78646000AM0280,,,,,,,,,,,,,0,1,Maison,120,4,S,sols,,,453,2.144979,48.822876
2024-951176,2024-04-26,000001,Vente,1400000,82,,AV FOURCAULT DE PAVANT,1090,78000,78646,Versailles,78,,,78646000AM0280,,,,,,,,,,,,,0,1,Maison,120,4,AG,terrains d'agrément,,,557,2.144979,48.822876
2024-951187,2024-04-26,000001,Vente,243000,18,B,RUE SAINTE VICTOIRE,2920,78000,78646,Versailles,78,,,78646000AD0120,,,35,32.11,36,,,,,,,,2,3,Dépendance,,0,,,,,,2.132058,48.810975
2024-951187,2024-04-26,000001,Vente,243000,18,B,RUE SAINTE VICTOIRE,2920,78000,78646,Versailles,78,,,78646000AD0120,,,35,32.11,36,,,,,,,,2,2,Appartement,39,2,,,,,,2.132058,48.810975
2024-951292,2024-05-07,000001,Vente,320000,48,,AV DE SCEAUX,2980,78000,78646,Versailles,78,,,78646000BT0064,,,5,49.6,,,,,,,,,1,2,Appartement,48,3,,,,,,2.130533,48.796717
2024-951292,2024-05-07,000001,Vente,320000,48,,AV DE SCEAUX,2980,78000,78646,Versailles,78,,,78646000BT0064,,,5,49.6,,,,,,,,,1,3,Dépendance,,0,,,,,,2.130533,48.796717
2024-951292,2024-05-07,000001,Vente,320000,48,,AV DE SCEAUX,2980,78000,78646,Versailles,78,,,78646000BT0064,,,8,,,,,,,,,,1,3,Dépendance,,0,,,,,,2.130533,48.796717
2024-951292,2024-05-07,000001,Vente,320000,48,,AV DE SCEAUX,2980,78000,78646,Versailles,78,,,78646000BT0064,,,11,,,,,,,,,,1,3,Dépendance,,0,,,,,,2.130533,48.796717
2024-951301,2024-04-23,000001,Vente,582000,3,,RUE LA QUINTINIE,2470,78000,78646,Versailles,78,,,78646000BV0008,,,24,,3,72.4,,,,,,,2,2,Appartement,90,3,,,,,,2.120518,48.800311
2024-951306,2024-05-02,000001,Vente,405000,33,,AV DES ETATS UNIS,0990,78000,78646,Versailles,78,,,78646000AS0036,,,414,,,,,,,,,,1,4,Local industriel. commercial ou assimilé,12,0,,,,,,2.147113,48.809569
2024-951306,2024-05-02,000001,Vente,405000,33,,AV DES ETATS UNIS,0990,78000,78646,Versailles,78,,,78646000AS0036,,,401,99.87,,,,,,,,,1,4,Local industriel. commercial ou assimilé,33,0,,,,,,2.147113,48.809569
2024-951306,2024-05-02,000001,Vente,405000,33,,AV DES ETATS UNIS,0990,78000,78646,Versailles,78,,,78646000AS0036,,,401,99.87,,,,,,,,,1,4,Local industriel. commercial ou assimilé,33,0,,,,,,2.147113,48.809569
2024-951306,2024-05-02,000001,Vente,405000,33,,AV DES ETATS UNIS,0990,78000,78646,Versailles,78,,,78646000AS0036,,,401,99.87,,,,,,,,,1,4,Local industriel. commercial ou assimilé,33,0,,,,,,2.147113,48.809569
2024-951307,2024-05-06,000001,Vente,128170,98,,AV DE PARIS,2180,78000,78646,Versailles,78,,,78646000BK0001,,,100,14.68,,,,,,,,,1,3,Dépendance,,0,,,,,,2.149414,48.797242
2024-951307,2024-05-06,000001,Vente,128170,98,,AV DE PARIS,2180,78000,78646,Versailles,78,,,78646000BK0001,,,280,,,,,,,,,,1,3,Dépendance,,0,,,,,,2.149414,48.797242
2024-951307,2024-05-06,000001,Vente,128170,98,,AV DE PARIS,2180,78000,78646,Versailles,78,,,78646000BK0001,,,542,,,,,,,,,,1,3,Dépendance,,0,,,,,,2.149414,48.797242
2024-951349,2024-05-06,000001,Vente,304615,6,,RUE GIRARDON,1240,78000,78646,Versailles,78,,,78646000BD0120,,,3,32.8,,,,,,,,,1,1,Maison,45,3,,,,,,2.157915,48.796396
2024-951358,2024-05-02,000001,Vente,158046,22,,RUE DU MAL FOCH,1810,78000,78646,Versailles,78,,,78646000AI0211,,,10,24.28,19,,,,,,,,2,3,Dépendance,,0,,,,,,2.132777,48.807412
2024-951358,2024-05-02,000001,Vente,158046,22,,RUE DU MAL FOCH,1810,78000,78646,Versailles,78,,,78646000AI0211,,,10,24.28,19,,,,,,,,2,2,Appartement,25,1,,,,,,2.132777,48.807412
2024-951363,2024-04-30,000001,Vente,388450,1,,PAS DE LA CHARITE,0154,78000,78646,Versailles,78,,,78646000AI0317,,,109,,54,37.69,,,,,,,2,2,Appartement,37,2,,,,,,2.133269,48.807902
2024-951363,2024-04-30,000001,Vente,388450,1,,RUE RICHAUD,2610,78000,78646,Versailles,78,,,78646000AI0317,,,164,,,,,,,,,,1,3,Dépendance,,0,,,,,,2.133269,48.807902
2024-951364,2024-04-30,000001,Vente,267000,67,,RUE BERTHIER,0370,78000,78646,Versailles,78,,,78646000AD0315,,,15,27.19,,,,,,,,,1,2,Appartement,26,1,,,,,,2.13401,48.811054
2024-951378,2024-04-30,000001,Vente,279620.84,5,,RUE DU MAL JOFFRE,1820,78000,78646,Versailles,78,,,78646000BV0052,,,58,,59,,60,54.79,65,,,,4,3,Dépendance,,0,,,,,,2.124321,48.799107
2024-951378,2024-04-30,000001,Vente,279620.84,5,,RUE DU MAL JOFFRE,1820,78000,78646,Versailles,78,,,78646000BV0052,,,58,,59,,60,54.79,65,,,,4,2,Appartement,62,3,,,,,,2.124321,48.799107
2024-951379,2024-04-25,000001,Vente,446500,23,,RUE JEAN DE LA BRUYERE,1560,78000,78646,Versailles,78,,,78646000AO0001,,,223,,243,85.23,,,,,,,2,2,Appartement,86,4,,,,,,2.145961,48.812878
2024-951379,2024-04-25,000001,Vente,446500,15,,RUE JEAN DE LA BRUYERE,1560,78000,78646,Versailles,78,,,78646000AO0001,,,392,,,,,,,,,,1,3,Dépendance,,0,,,,,,2.145961,48.812878
2024-951379,2024-04-25,000001,Vente,446500,23,,RUE JEAN DE LA BRUYERE,1560,78000,78646,Versailles,78,,,78646000AO0001,,,223,,243,85.23,,,,,,,2,3,Dépendance,,0,,,,,,2.145961,48.812878
2024-951391,2024-04-26,000001,Vente,60000,72,,RUE D ANJOU,0190,78000,78646,Versailles,78,,,78646000BT0094,,,37,,,,,,,,,,1,3,Dépendance,,0,,,,,,2.128197,48.79605
2024-951392,2024-04-30,000001,Vente,513000,38,,BD DU ROI,2641,78000,78646,Versailles,78,,,78646000AD0407,,,71,86.78,72,,,,,,,,2,2,Appartement,86,5,,,,,,2.129146,48.814076
2024-951392,2024-04-30,000001,Vente,513000,38,,BD DU ROI,2641,78000,78646,Versailles,78,,,78646000AD0407,,,128,,,,,,,,,,1,3,Dépendance,,0,,,,,,2.129146,48.814076
2024-951392,2024-04-30,000001,Vente,513000,38,,BD DU ROI,2641,78000,78646,Versailles,78,,,78646000AD0407,,,71,86.78,72,,,,,,,,2,3,Dépendance,,0,,,,,,2.129146,48.814076
2024-951416,2024-04-26,000001,Vente,850000,13,,RUE COLBERT,0630,78000,78646,Versailles,78,,,78646000AE0337,,,117,,118,,23,,24,102.53,5,102.53,5,4,Local industriel. commercial ou assimilé,260,0,,,,,,2.126239,48.805263
2024-951423,2024-05-02,000001,Vente,497000,19,,RUE DU VIEUX VERSAILLES,3180,78000,78646,Versailles,78,,,78646000AH0107,,,2,,,,,,,,,,1,3,Dépendance,,0,,,,,,2.123103,48.801046
2024-951423,2024-05-02,000001,Vente,497000,19,,RUE DU VIEUX VERSAILLES,3180,78000,78646,Versailles,78,,,78646000AH0107,,,48,56.43,,,,,,,,,1,2,Appartement,64,3,,,,,,2.123103,48.801046
2024-951431,2024-05-13,000001,Vente,,2,B,RUE JACQUES LEMERCIER,1420,78000,78646,Versailles,78,,,78646000AO0005,,,90,,,,,,,,,,1,3,Dépendance,,0,,,,,,2.145809,48.814826
2024-951432,2024-05-13,000002,Vente,24000,2,B,RUE JACQUES LEMERCIER,1420,78000,78646,Versailles,78,,,78646000AO0005,,,90,,,,,,,,,,1,3,Dépendance,,0,,,,,,2.145809,48.814826
2024-951435,2024-05-02,000001,Vente,850000,9,,RUE DU MARECHAL GALLIENI,1812,78000,78646,Versailles,78,,,78646000AC0214,,,24,,25,,5,121.42,,,,,3,2,Appartement,137,4,,,,,,2.123647,48.810549
2024-951435,2024-05-02,000001,Vente,850000,9,,RUE DU MARECHAL GALLIENI,1812,78000,78646,Versailles,78,,,78646000AC0214,,,9,7.87,,,,,,,,,1,3,Dépendance,,0,,,,,,2.123647,48.810549
2024-951435,2024-05-02,000001,Vente,850000,9,,RUE DU MARECHAL GALLIENI,1812,78000,78646,Versailles,78,,,78646000AC0214,,,24,,25,,5,121.42,,,,,3,3,Dépendance,,0,,,,,,2.123647,48.810549
2024-951438,2024-04-30,000001,Vente,280000,4,,RUE DU MAL DE LATTRE DE TASSIG,1790,78000,78646,Versailles,78,,,78646000AL0070,,,12,,53,53.82,,,,,,,2,2,Appartement,52,2,,,,,,2.136576,48.814734
2024-951438,2024-04-30,000001,Vente,280000,4,,RUE DU MAL DE LATTRE DE TASSIG,1790,78000,78646,Versailles,78,,,78646000AL0070,,,12,,53,53.82,,,,,,,2,3,Dépendance,,0,,,,,,2.136576,48.814734
2024-951471,2024-05-02,000001,Vente,702224,,,PAS DE LA GEOLE,1180,78000,78646,Versailles,78,,,78646000AE0091,,101,,,,,,,,,,,0,,,,,,,,,,2.131364,48.807615
2024-951471,2024-05-02,000001,Vente,702224,,,PAS DE LA GEOLE,1180,78000,78646,Versailles,78,,,78646000AE0091,,114,,,,,,,,,,,0,,,,,,,,,,2.131364,48.807615
2024-951505,2024-05-07,000001,Vente,395400,30,,RUE DE LA BONNE AVENTURE,0390,78000,78646,Versailles,78,,,78646000AX0122,,,28,70.59,38,,,,,,,,2,2,Appartement,71,3,,,,,,2.147246,48.806086
2024-951505,2024-05-07,000001,Vente,395400,30,,RUE DE LA BONNE AVENTURE,0390,78000,78646,Versailles,78,,,78646000AX0122,,,28,70.59,38,,,,,,,,2,3,Dépendance,,0,,,,,,2.147246,48.806086
2024-951546,2024-04-30,000001,Vente,480000,10,,AV DE LA TRANQUILLITE,3055,78000,78646,Versailles,78,,,78646000AZ0110,,,141,,224,101.7,,,,,,,2,2,Appartement,102,4,,,,,,2.158672,48.8041
2024-951546,2024-04-30,000001,Vente,480000,5,,RUE DE L ECOLE DES POSTES,0850,78000,78646,Versailles,78,,,78646000AZ0110,,,2764,,,,,,,,,,1,3,Dépendance,,0,,,,,,2.158672,48.8041
2024-951546,2024-04-30,000001,Vente,480000,10,,AV DE LA TRANQUILLITE,3055,78000,78646,Versailles,78,,,78646000AZ0110,,,141,,224,101.7,,,,,,,2,3,Dépendance,,0,,,,,,2.158672,48.8041
2024-951552,2024-04-26,000001,Vente,435000,20,,RUE DE PROVENCE,2460,78000,78646,Versailles,78,,,78646000AX0442,,,119,,,,,,,,,,1,3,Dépendance,,0,,,,,,2.140987,48.807165
2024-951552,2024-04-26,000001,Vente,435000,20,,RUE DE PROVENCE,2460,78000,78646,Versailles,78,,,78646000AX0442,,,403,,412,,,,,,,,2,3,Dépendance,,0,,,,,,2.140987,48.807165
2024-951552,2024-04-26,000001,Vente,435000,20,,RUE DE PROVENCE,2460,78000,78646,Versailles,78,,,78646000AX0442,,,403,,412,,,,,,,,2,2,Appartement,69,2,,,,,,2.140987,48.807165
2024-951553,2024-05-07,000001,Vente,215000,64,,AV DE PARIS,2180,78000,78646,Versailles,78,,,78646000BN0007,,,14,,,,,,,,,,1,2,Appartement,31,1,,,,,,2.138959,48.799201
2024-951553,2024-05-07,000001,Vente,215000,64,,AV DE PARIS,2180,78000,78646,Versailles,78,,,78646000BN0007,,,14,,,,,,,,,,1,3,Dépendance,,0,,,,,,2.138959,48.799201
2024-951554,2024-05-13,000001,Vente,240000,7,,RUE EDOUARD LEFEBVRE,0910,78000,78646,Versailles,78,,,78646000BR0131,,,7,,,,,,,,,,1,2,Appartement,35,2,,,,,,2.133118,48.798827
2024-951555,2024-04-30,000001,Vente,553000,11,,RUE DES CHANTIERS,0530,78000,78646,Versailles,78,,,78646000BS0047,,,12,,15,,16,,2,,,,4,3,Dépendance,,0,,,,,,2.136771,48.796848
2024-951555,2024-04-30,000001,Vente,553000,11,,RUE DES CHANTIERS,0530,78000,78646,Versailles,78,,,78646000BS0047,,,12,,15,,16,,2,,,,4,3,Dépendance,,0,,,,,,2.136771,48.796848
2024-951555,2024-04-30,000001,Vente,553000,11,,RUE DES CHANTIERS,0530,78000,78646,Versailles,78,,,78646000BS0047,,,12,,15,,16,,2,,,,4,2,Appartement,100,4,,,,,,2.136771,48.796848
2024-951560,2024-05-15,000001,Vente,752288,13,,RUE D ANGIVILLER,0170,78000,78646,Versailles,78,,,78646000AD0474,,,62,,,,,,,,,,1,3,Dépendance,,0,,,,,,2.12839,48.810775
2024-951560,2024-05-15,000001,Vente,752288,13,,RUE D ANGIVILLER,0170,78000,78646,Versailles,78,,,78646000AD0474,,,61,,,,,,,,,,1,3,Dépendance,,0,,,,,,2.12839,48.810775
2024-951560,2024-05-15,000001,Vente,752288,13,,RUE D ANGIVILLER,0170,78000,78646,Versailles,78,,,78646000AD0474,,,15,,,,,,,,,,1,3,Dépendance,,0,,,,,,2.12839,48.810775
2024-951560,2024-05-15,000001,Vente,752288,13,,RUE D ANGIVILLER,0170,78000,78646,Versailles,78,,,78646000AD0474,,,15,,,,,,,,,,1,2,Appartement,103,4,,,,,,2.12839,48.810775
2024-951564,2024-05-03,000001,Vente,310000,16,,RUE EDOUARD CHARTON,0890,78000,78646,Versailles,78,,,78646000BT0158,,,1,,12,,,,,,,,2,2,Appartement,56,3,,,,,,2.129886,48.794935
2024-951564,2024-05-03,000001,Vente,310000,16,,RUE EDOUARD CHARTON,0890,78000,78646,Versailles,78,,,78646000BT0158,,,1,,12,,,,,,,,2,3,Dépendance,,0,,,,,,2.129886,48.794935
2024-951567,2024-05-06,000001,Vente,195000,22,B,RUE COSTE,0730,78000,78646,Versailles,78,,,78646000BK0099,,,1,,,,,,,,,,1,2,Appartement,36,2,,,,,,2.155486,48.795122
2024-951599,2024-05-03,000001,Vente,505000,8,,BD DE LA REINE,2520,78000,78646,Versailles,78,,,78646000AC0223,,,15,,22,82.74,,,,,,,2,2,Appartement,85,3,,,,,,2.124417,48.809357
2024-951599,2024-05-03,000001,Vente,505000,8,,BD DE LA REINE,2520,78000,78646,Versailles,78,,,78646000AC0223,,,15,,22,82.74,,,,,,,2,3,Dépendance,,0,,,,,,2.124417,48.809357
2024-951617,2024-04-26,000001,Vente,367000,2,,ALL DES GARDES ROYALES,1136,78000,78646,Versailles,78,,,78646000AY0212,,,1152,,,,,,,,,,1,3,Dépendance,,0,,,,,,2.151214,48.802177
2024-951617,2024-04-26,000001,Vente,367000,14,,ALL DES GARDES ROYALES,1136,78000,78646,Versailles,78,,,78646000AY0212,,,365,71.6,389,,,,,,,,2,3,Dépendance,,0,,,,,,2.151214,48.802177
2024-951617,2024-04-26,000001,Vente,367000,14,,ALL DES GARDES ROYALES,1136,78000,78646,Versailles,78,,,78646000AY0212,,,365,71.6,389,,,,,,,,2,3,Dépendance,,0,,,,,,2.151214,48.802177
2024-951617,2024-04-26,000001,Vente,367000,14,,ALL DES GARDES ROYALES,1136,78000,78646,Versailles,78,,,78646000AY0212,,,365,71.6,389,,,,,,,,2,2,Appartement,70,3,,,,,,2.151214,48.802177
2024-951625,2024-04-26,000001,Vente,14000,33,,AV DES ETATS UNIS,0990,78000,78646,Versailles,78,,,78646000AS0036,,,418,,,,,,,,,,1,4,Local industriel. commercial ou assimilé,12,0,,,,,,2.147113,48.809569
2024-951635,2024-04-25,000001,Vente,330000,29,,RUE SAINTE VICTOIRE,2920,78000,78646,Versailles,78,,,78646000AD0256,,,13,,3,,,,,,,,2,3,Dépendance,,0,,,,,,2.131916,48.812444
2024-951635,2024-04-25,000001,Vente,330000,29,,RUE SAINTE VICTOIRE,2920,78000,78646,Versailles,78,,,78646000AD0256,,,13,,3,,,,,,,,2,3,Dépendance,,0,,,,,,2.131916,48.812444
2024-951635,2024-04-25,000001,Vente,330000,29,,RUE SAINTE VICTOIRE,2920,78000,78646,Versailles,78,,,78646000AD0256,,,13,,3,,,,,,,,2,2,Appartement,51,3,,,,,,2.131916,48.812444
2024-951635,2024-04-25,000001,Vente,330000,29,,RUE SAINTE VICTOIRE,2920,78000,78646,Versailles,78,,,78646000AD0256,,,11,,,,,,,,,,1,3,Dépendance,,0,,,,,,2.131916,48.812444
2024-951670,2024-05-13,000001,Vente,435258,21,,RUE DE VERGENNES,3150,78000,78646,Versailles,78,,,78646000BN0021,,,3,54.62,6,,,,,,,,2,2,Appartement,57,3,,,,,,2.138033,48.798544
2024-951682,2024-05-17,000001,Vente,100,3,,VLA DE L ERMITAGE,0942,78000,78646,Versailles,78,,,78646000AC0347,,,,,,,,,,,,,0,,,,,S,sols,,,28,2.12463,48.814791
2024-951690,2024-05-17,000001,Vente,207450,11,,RUE PHILIPPE DE DANGEAU,2255,78000,78646,Versailles,78,,,78646000AI0058,,,138,24.62,,,,,,,,,1,2,Appartement,22,1,,,,,,2.13392,48.803575
2024-951691,2024-05-07,000001,Vente,172000,17,,RUE DES RESERVOIRS,2580,78000,78646,Versailles,78,,,78646000AC0238,,,21,19.96,,,,,,,,,1,3,Dépendance,,0,,,,,,2.124388,48.80841
2024-951715,2024-05-02,000001,Vente,2600000,2,,BD DE GLATIGNY,1275,78000,78646,Versailles,78,,,78646000AM0599,,,,,,,,,,,,,0,4,Local industriel. commercial ou assimilé,430,0,AG,terrains d'agrément,,,822,2.142053,48.817935
2024-951715,2024-05-02,000001,Vente,2600000,2,,BD DE GLATIGNY,1275,78000,78646,Versailles,78,,,78646000AM0599,,,,,,,,,,,,,0,4,Local industriel. commercial ou assimilé,430,0,S,sols,,,700,2.142053,48.817935
2024-951746,2024-05-14,000001,Vente,693900,23,,RUE DU PARC DE CLAGNY,2171,78000,78646,Versailles,78,,,78646000AK0076,,,17,,,,,,,,,,1,3,Dépendance,,0,,,,,,2.140335,48.811699
2024-951746,2024-05-14,000001,Vente,693900,23,,RUE DU PARC DE CLAGNY,2171,78000,78646,Versailles,78,,,78646000AK0076,,,9,87,,,,,,,,,1,3,Dépendance,,0,,,,,,2.140335,48.811699
2024-951746,2024-05-14,000001,Vente,693900,23,,RUE DU PARC DE CLAGNY,2171,78000,78646,Versailles,78,,,78646000AK0076,,,18,,,,,,,,,,1,3,Dépendance,,0,,,,,,2.140335,48.811699
2024-951746,2024-05-14,000001,Vente,693900,23,,RUE DU PARC DE CLAGNY,2171,78000,78646,Versailles,78,,,78646000AK0076,,,9,87,,,,,,,,,1,2,Appartement,88,4,,,,,,2.140335,48.811699
2024-951754,2024-05-14,000001,Vente,211825,6,,AV DES ETATS UNIS,0990,78000,78646,Versailles,78,,,78646000AX0270,,,24,27.25,,,,,,,,,1,3,Dépendance,,0,,,,,,2.142385,48.805801
2024-951754,2024-05-14,000001,Vente,211825,6,,AV DES ETATS UNIS,0990,78000,78646,Versailles,78,,,78646000AX0270,,,24,27.25,,,,,,,,,1,2,Appartement,28,2,,,,,,2.142385,48.805801
2024-951809,2024-05-17,000001,Vente,365000,15,,RUE DE LA PAROISSE,2190,78000,78646,Versailles,78,,,78646000AE0150,,,11,,30,,61,86.15,,,,,3,4,Local industriel. commercial ou assimilé,127,0,,,,,,2.127187,48.808221
2024-951830,2024-05-14,000001,Vente en l'état futur d'achèvement,298000,,,LA SABLIERE,B029,78000,78646,Versailles,78,,,78646000BY0108,,,448,,,,,,,,,,1,,,,,,,,,,2.079319,48.802074
2024-951830,2024-05-14,000001,Vente en l'état futur d'achèvement,298000,,,LA SABLIERE,B029,78000,78646,Versailles,78,,,78646000BY0108,,,304,,,,,,,,,,1,,,,,,,,,,2.079319,48.802074
2024-951869,2024-05-15,000001,Vente,329000,20,,RUE DU GENERAL LECLERC,1145,78000,78646,Versailles,78,,,78646000BV0075,,,22,53.82,32,53.82,,,,,,,2,2,Appartement,50,2,,,,,,2.126175,48.798897
2024-951875,2024-05-13,000001,Vente,337500,2,,AV DU MAL DOUGLAS HAIG,1795,78000,78646,Versailles,78,,,78646000AO0024,,,6,,,,,,,,,,1,1,Maison,236,7,,,,,,2.145761,48.816887
2024-951885,2024-05-16,000001,Vente,1610800,3,,RUE SAINTE VICTOIRE,2920,78000,78646,Versailles,78,,,78646000AD0073,,,8,178.16,,,,,,,,,1,3,Dépendance,,0,,,,,,2.131074,48.809699
2024-951885,2024-05-16,000001,Vente,1610800,3,,RUE SAINTE VICTOIRE,2920,78000,78646,Versailles,78,,,78646000AD0073,,,8,178.16,,,,,,,,,1,3,Dépendance,,0,,,,,,2.131074,48.809699
2024-951885,2024-05-16,000001,Vente,1610800,3,,RUE SAINTE VICTOIRE,2920,78000,78646,Versailles,78,,,78646000AD0073,,,8,178.16,,,,,,,,,1,3,Dépendance,,0,,,,,,2.131074,48.809699
2024-951885,2024-05-16,000001,Vente,1610800,3,,RUE SAINTE VICTOIRE,2920,78000,78646,Versailles,78,,,78646000AD0073,,,8,178.16,,,,,,,,,1,2,Appartement,180,8,,,,,,2.131074,48.809699
2024-951889,2024-05-13,000001,Vente,245000,15,,RUE DES ETATS GENERAUX,0980,78000,78646,Versailles,78,,,78646000BR0037,,,33,,45,,46,,,,,,3,3,Dépendance,,0,,,,,,2.132916,48.800326
2024-951889,2024-05-13,000001,Vente,245000,15,,RUE DES ETATS GENERAUX,0980,78000,78646,Versailles,78,,,78646000BR0037,,,33,,45,,46,,,,,,3,2,Appartement,37,2,,,,,,2.132916,48.800326
2024-951911,2024-05-13,000001,Vente,180000,64,,RUE DES CHANTIERS,0530,78000,78646,Versailles,78,,,78646000BL0326,,,206,39.73,208,,237,,,,,,3,4,Local industriel. commercial ou assimilé,75,0,,,,,,2.143523,48.792624
2024-951958,2024-05-13,000001,Vente,175000,21,,RUE SAINT MEDERIC,2840,78000,78646,Versailles,78,,,78646000BW0050,,,12,26.84,25,,,,,,,,2,3,Dépendance,,0,,,,,,2.126744,48.794208
2024-951958,2024-05-13,000001,Vente,175000,21,,RUE SAINT MEDERIC,2840,78000,78646,Versailles,78,,,78646000BW0050,,,12,26.84,25,,,,,,,,2,2,Appartement,24,1,,,,,,2.126744,48.794208
2024-951961,2024-05-17,000001,Vente,728450,1,,RUE JOUVENCEL,1520,78000,78646,Versailles,78,,,78646000AI0052,,,53,74.65,,,,,,,,,1,3,Dépendance,,0,,,,,,2.132321,48.803557
2024-951961,2024-05-17,000001,Vente,728450,1,,RUE JOUVENCEL,1520,78000,78646,Versailles,78,,,78646000AI0052,,,53,74.65,,,,,,,,,1,2,Appartement,89,2,,,,,,2.132321,48.803557
2024-951969,2024-05-17,000001,Vente,852000,12,,RUE DU PEINTRE LEBRUN,2220,78000,78646,Versailles,78,,,78646000AE0348,,,108,97.61,110,,,,,,,,2,2,Appartement,100,4,,,,,,2.124707,48.805509
2024-951969,2024-05-17,000001,Vente,852000,12,,RUE DU PEINTRE LEBRUN,2220,78000,78646,Versailles,78,,,78646000AE0348,,,107,,,,,,,,,,1,3,Dépendance,,0,,,,,,2.124707,48.805509
2024-951969,2024-05-17,000001,Vente,852000,12,,RUE DU PEINTRE LEBRUN,2220,78000,78646,Versailles,78,,,78646000AE0348,,,108,97.61,110,,,,,,,,2,3,Dépendance,,0,,,,,,2.124707,48.805509
2024-951969,2024-05-17,000001,Vente,852000,12,,RUE DU PEINTRE LEBRUN,2220,78000,78646,Versailles,78,,,78646000AE0348,,,108,97.61,110,,,,,,,,2,3,Dépendance,,0,,,,,,2.124707,48.805509
2024-951971,2024-05-16,000001,Vente,450000,39,,BD DU ROI,2641,78000,78646,Versailles,78,,,78646000AC0108,,,109,,,,,,,,,,1,3,Dépendance,,0,,,,,,2.127742,48.814503
2024-951971,2024-05-16,000001,Vente,450000,39,,BD DU ROI,2641,78000,78646,Versailles,78,,,78646000AC0108,,,206,,26,72.49,,,,,,,2,2,Appartement,72,3,,,,,,2.127742,48.814503
2024-952000,2024-04-30,000001,Vente,635000,1,B,RUE HELENE ANDREE,1320,78000,78646,Versailles,78,,,78646000AV0372,,,,,,,,,,,,,0,1,Maison,98,5,S,sols,,,215,2.152619,48.809538
2024-952033,2024-05-22,000001,Vente,27000,59,,RUE D ANJOU,0190,78000,78646,Versailles,78,,,78646000BT0063,,,13,,,,,,,,,,1,3,Dépendance,,0,,,,,,2.130008,48.79641
2024-952033,2024-05-22,000001,Vente,27000,59,,RUE D ANJOU,0190,78000,78646,Versailles,78,,,78646000BT0063,,,13,,,,,,,,,,1,3,Dépendance,,0,,,,,,2.130008,48.79641
2024-952065,2024-05-22,000001,Vente,22000,58,,RUE DES CHANTIERS,0530,78000,78646,Versailles,78,,,78646000BL0327,,,436,,,,,,,,,,1,3,Dépendance,,0,,,,,,2.142467,48.792993
2024-952074,2024-05-27,000001,Vente,10000,139,,BD DE LA REINE,2520,78000,78646,Versailles,78,,,78646000AR0089,,,122,,,,,,,,,,1,3,Dépendance,,0,,,,,,2.141375,48.808686
2024-952075,2024-05-27,000001,Vente,474470,64,,RUE DES CHANTIERS,0530,78000,78646,Versailles,78,,,78646000BL0326,,,504,,56,85.04,,,,,,,2,3,Dépendance,,0,,,,,,2.143523,48.792624
2024-952075,2024-05-27,000001,Vente,474470,64,,RUE DES CHANTIERS,0530,78000,78646,Versailles,78,,,78646000BL0326,,,504,,56,85.04,,,,,,,2,2,Appartement,87,3,,,,,,2.143523,48.792624
2024-952075,2024-05-27,000001,Vente,474470,64,,RUE DES CHANTIERS,0530,78000,78646,Versailles,78,,,78646000BL0326,,,399,,,,,,,,,,1,3,Dépendance,,0,,,,,,2.143523,48.792624
2024-952093,2024-05-21,000001,Vente,513600,6,,RUE SAINTE FAMILLE,2740,78000,78646,Versailles,78,,,78646000BV0167,,,16,,17,,4,63.81,,,,,3,2,Appartement,65,2,,,,,,2.125501,48.79634
2024-952093,2024-05-21,000001,Vente,513600,6,,RUE SAINTE FAMILLE,2740,78000,78646,Versailles,78,,,78646000BV0167,,,16,,17,,4,63.81,,,,,3,3,Dépendance,,0,,,,,,2.125501,48.79634
2024-952094,2024-04-13,000001,Vente,186180,1,B,RUE ALBERT SARRAUT,0080,78000,78646,Versailles,78,,,78646000BK0058,,,12,,7,23.1,,,,,,,2,2,Appartement,28,2,,,,,,2.154205,48.796174
2024-952094,2024-04-13,000001,Vente,186180,1,B,RUE ALBERT SARRAUT,0080,78000,78646,Versailles,78,,,78646000BK0058,,,12,,7,23.1,,,,,,,2,3,Dépendance,,0,,,,,,2.154205,48.796174
2024-952095,2024-05-24,000001,Vente,232450,27,,RUE DE L ORANGERIE,2110,78000,78646,Versailles,78,,,78646000AH0118,,,33,27.95,34,,35,,38,,48,,5,2,Appartement,26,1,,,,,,2.123308,48.800242
2024-952098,2024-05-03,000001,Vente,431900,94,,AV DE PARIS,2180,78000,78646,Versailles,78,,,78646000BN0051,,,44,61.21,81,,,,,,,,2,2,Appartement,55,2,,,,,,2.148182,48.797645
2024-952098,2024-05-03,000001,Vente,431900,94,,AV DE PARIS,2180,78000,78646,Versailles,78,,,78646000BN0051,,,44,61.21,81,,,,,,,,2,3,Dépendance,,0,,,,,,2.148182,48.797645
2024-952098,2024-05-03,000001,Vente,431900,94,,AV DE PARIS,2180,78000,78646,Versailles,78,,,78646000BN0051,,,108,,,,,,,,,,1,3,Dépendance,,0,,,,,,2.148182,48.797645
2024-952136,2024-05-28,000001,Vente,650000,6,,BD DU ROI,2641,78000,78646,Versailles,78,,,78646000AD0010,,,10,84.2,,,,,,,,,1,3,Dépendance,,0,,,,,,2.126542,48.810209
2024-952136,2024-05-28,000001,Vente,650000,6,,BD DU ROI,2641,78000,78646,Versailles,78,,,78646000AD0010,,,10,84.2,,,,,,,,,1,2,Appartement,85,3,,,,,,2.126542,48.810209
2024-952136,2024-05-28,000001,Vente,650000,6,,BD DU ROI,2641,78000,78646,Versailles,78,,,78646000AD0010,,,47,,,,,,,,,,1,3,Dépendance,,0,,,,,,2.126542,48.810209
2024-952156,2024-05-27,000001,Vente,727400,1,,RUE RICHARD MIQUE,2590,78000,78646,Versailles,78,,,78646000AP0051,,,39,,,,,,,,,,1,3,Dépendance,,0,,,,,,2.141182,48.812714
2024-952156,2024-05-27,000001,Vente,727400,1,,RUE RICHARD MIQUE,2590,78000,78646,Versailles,78,,,78646000AP0051,,,2,89.22,67,,,,,,,,2,3,Dépendance,,0,,,,,,2.141182,48.812714
2024-952156,2024-05-27,000001,Vente,727400,1,,RUE RICHARD MIQUE,2590,78000,78646,Versailles,78,,,78646000AP0051,,,2,89.22,67,,,,,,,,2,2,Appartement,89,3,,,,,,2.141182,48.812714
2024-952156,2024-05-27,000001,Vente,727400,1,,RUE RICHARD MIQUE,2590,78000,78646,Versailles,78,,,78646000AP0051,,,2,89.22,67,,,,,,,,2,3,Dépendance,,0,,,,,,2.141182,48.812714
2024-952161,2024-05-17,000001,Vente,277500,7,,RUE SAINT HONORE,2780,78000,78646,Versailles,78,,,78646000BV0207,,,121,,137,36.51,,,,,,,2,3,Dépendance,,0,,,,,,2.125549,48.798264
2024-952161,2024-05-17,000001,Vente,277500,7,,RUE SAINT HONORE,2780,78000,78646,Versailles,78,,,78646000BV0207,,,121,,137,36.51,,,,,,,2,2,Appartement,40,2,,,,,,2.125549,48.798264
2024-952166,2024-05-21,000001,Vente,400225,27,,RUE DE VERGENNES,3150,78000,78646,Versailles,78,,,78646000BN0024,,,15,,5,60.28,,,,,,,2,3,Dépendance,,0,,,,,,2.138069,48.798189
2024-952166,2024-05-21,000001,Vente,400225,27,,RUE DE VERGENNES,3150,78000,78646,Versailles,78,,,78646000BN0024,,,15,,5,60.28,,,,,,,2,2,Appartement,57,3,,,,,,2.138069,48.798189
2024-952166,2024-05-21,000001,Vente,400225,36,,RUE DE VERGENNES,3150,78000,78646,Versailles,78,,,78646000BS0043,,,73,,,,,,,,,,1,3,Dépendance,,0,,,,,,2.137093,48.797286
2024-952216,2024-05-29,000001,Vente,141350,5,,RUE DE MONTREUIL,2000,78000,78646,Versailles,78,,,78646000AX0273,,,25,21.6,,,,,,,,,1,2,Appartement,16,1,,,,,,2.142364,48.80556
2024-952216,2024-05-29,000001,Vente,141350,5,,RUE DE MONTREUIL,2000,78000,78646,Versailles,78,,,78646000AX0273,,,25,21.6,,,,,,,,,1,3,Dépendance,,0,,,,,,2.142364,48.80556
2024-952219,2024-05-21,000001,Vente,547000,45,,RUE D ANJOU,0190,78000,78646,Versailles,78,,,78646000BT0049,,,6,87.97,,,,,,,,,1,2,Appartement,88,4,,,,,,2.127484,48.796849
2024-952219,2024-05-21,000001,Vente,547000,45,,RUE D ANJOU,0190,78000,78646,Versailles,78,,,78646000BT0049,,,6,87.97,,,,,,,,,1,3,Dépendance,,0,,,,,,2.127484,48.796849
2024-952221,2024-05-29,000001,Vente,253000,13,,RUE JEAN DE LA BRUYERE,1560,78000,78646,Versailles,78,,,78646000AO0128,,,66,,79,41.31,,,,,,,2,3,Dépendance,,0,,,,,,2.145819,48.813432
2024-952221,2024-05-29,000001,Vente,253000,13,,RUE JEAN DE LA BRUYERE,1560,78000,78646,Versailles,78,,,78646000AO0128,,,66,,79,41.31,,,,,,,2,2,Appartement,41,1,,,,,,2.145819,48.813432
2024-952221,2024-05-29,000001,Vente,253000,13,,RUE JEAN DE LA BRUYERE,1560,78000,78646,Versailles,78,,,78646000AO0128,,,241,,,,,,,,,,1,3,Dépendance,,0,,,,,,2.145819,48.813432
2024-952233,2024-05-29,000001,Vente,120000,36,,RUE BERTHIER,0370,78000,78646,Versailles,78,,,78646000AD0150,,,20,14.11,,,,,,,,,1,2,Appartement,14,1,,,,,,2.130111,48.811142
2024-952239,2024-05-24,000001,Vente,280800,1,,PL ST SYMPHORIEN,2912,78000,78646,Versailles,78,,,78646000AX0357,,,2,57.72,,,,,,,,,1,3,Dépendance,,0,,,,,,2.145708,48.804238
2024-952239,2024-05-24,000001,Vente,280800,1,,PL ST SYMPHORIEN,2912,78000,78646,Versailles,78,,,78646000AX0357,,,2,57.72,,,,,,,,,1,2,Appartement,56,3,,,,,,2.145708,48.804238
2024-952241,2024-05-29,000001,Vente,66000,75,,RUE DE LA PAROISSE,2190,78000,78646,Versailles,78,,,78646000AI0174,,,85,15.07,,,,,,,,,1,3,Dépendance,,0,,,,,,2.135009,48.806319
2024-952244,2024-05-23,000001,Vente,665500,4,,RUE DU VAUTRAIT,3120,78000,78646,Versailles,78,,,78646000BR0021,,,11,,,,,,,,,,1,3,Dépendance,,0,,,,,,2.131796,48.799796
2024-952244,2024-05-23,000001,Vente,665500,4,,RUE DU VAUTRAIT,3120,78000,78646,Versailles,78,,,78646000BR0021,,,3,77.3,,,,,,,,,1,2,Appartement,78,3,,,,,,2.131796,48.799796
2024-952266,2024-05-21,000001,Vente,33000,5,,RUE DE L ECOLE DES POSTES,0850,78000,78646,Versailles,78,,,78646000AZ0110,,,2838,,2840,,,,,,,,2,4,Local industriel. commercial ou assimilé,375,0,,,,,,2.158672,48.8041
2024-952266,2024-05-21,000001,Vente,33000,5,,RUE DE L ECOLE DES POSTES,0850,78000,78646,Versailles,78,,,78646000AZ0110,,,2840,,,,,,,,,,1,3,Dépendance,,0,,,,,,2.158672,48.8041
2024-952273,2024-05-30,000001,Vente,290000,39,,RUE CARNOT,0440,78000,78646,Versailles,78,,,78646000AE0455,,,2,41.15,,,,,,,,,1,4,Local industriel. commercial ou assimilé,40,0,,,,,,2.130118,48.805618
2024-952276,2024-05-31,000001,Vente,648900,38,,BD DU ROI,2641,78000,78646,Versailles,78,,,78646000AD0407,,,91,87.11,92,,,,,,,,2,3,Dépendance,,0,,,,,,2.129146,48.814076
2024-952276,2024-05-31,000001,Vente,648900,38,,BD DU ROI,2641,78000,78646,Versailles,78,,,78646000AD0407,,,138,,,,,,,,,,1,3,Dépendance,,0,,,,,,2.129146,48.814076
2024-952276,2024-05-31,000001,Vente,648900,38,,BD DU ROI,2641,78000,78646,Versailles,78,,,78646000AD0407,,,91,87.11,92,,,,,,,,2,2,Appartement,87,5,,,,,,2.129146,48.814076
2024-952281,2024-05-14,000001,Vente,150000,25,,RUE DU MAL JOFFRE,1820,78000,78646,Versailles,78,,,78646000BW0088,,,4,,,,,,,,,,1,2,Appartement,25,1,,,,,,2.121713,48.795048
2024-952284,2024-05-17,000001,Vente,473000,9,,RUE MONTEBELLO,1980,78000,78646,Versailles,78,,,78646000AK0014,,,15,,,,,,,,,,1,2,Appartement,62,3,,,,,,2.1372,48.812632
2024-952284,2024-05-17,000001,Vente,473000,9,,RUE MONTEBELLO,1980,78000,78646,Versailles,78,,,78646000AK0014,,,25,,,,,,,,,,1,3,Dépendance,,0,,,,,,2.1372,48.812632
2024-952302,2024-05-14,000001,Vente,2000,16,,RUE DES RESERVOIRS,2580,78000,78646,Versailles,78,,,78646000AE0176,,,26,,,,,,,,,,1,3,Dépendance,,0,,,,,,2.124571,48.807307
2024-952302,2024-05-14,000001,Vente,2000,16,,RUE DES RESERVOIRS,2580,78000,78646,Versailles,78,,,78646000AE0176,,,26,,,,,,,,,,1,2,Appartement,60,2,,,,,,2.124571,48.807307
2024-952303,2024-05-14,000002,Vente,9000,16,,RUE DES RESERVOIRS,2580,78000,78646,Versailles,78,,,78646000AE0176,,,20,,,,,,,,,,1,3,Dépendance,,0,,,,,,2.124571,48.807307
2024-952313,2024-05-21,000001,Vente,372500,18,,RUE DU GENERAL LECLERC,1145,78000,78646,Versailles,78,,,78646000BV0074,,,17,,19,,5,51.02,,,,,3,3,Dépendance,,0,,,,,,2.126062,48.798894
2024-952313,2024-05-21,000001,Vente,372500,18,,RUE DU GENERAL LECLERC,1145,78000,78646,Versailles,78,,,78646000BV0074,,,17,,19,,5,51.02,,,,,3,2,Appartement,48,2,,,,,,2.126062,48.798894
2024-952356,2024-05-13,000001,Vente,306000,45,,AV DE SAINT CLOUD,2730,78000,78646,Versailles,78,,,78646000AI0134,,,34,62.58,67,,,,,,,,2,3,Dépendance,,0,,,,,,2.133489,48.805732
2024-952356,2024-05-13,000001,Vente,306000,45,,AV DE SAINT CLOUD,2730,78000,78646,Versailles,78,,,78646000AI0134,,,34,62.58,67,,,,,,,,2,2,Appartement,65,3,,,,,,2.133489,48.805732
2024-952358,2024-05-30,000001,Vente,450000,11,,RUE DE MONTREUIL,2000,78000,78646,Versailles,78,,,78646000AX0284,,,35,75.17,,,,,,,,,1,2,Appartement,78,4,,,,,,2.142813,48.805553
2024-952359,2024-05-30,000001,Vente,1026650,2,,PL LYAUTEY,1720,78000,78646,Versailles,78,,,78646000AH0182,,,2,146.09,,,,,,,,,1,2,Appartement,140,5,,,,,,2.127868,48.800672
2024-952359,2024-05-30,000001,Vente,1026650,2,,PL LYAUTEY,1720,78000,78646,Versailles,78,,,78646000AH0182,,,2,146.09,,,,,,,,,1,3,Dépendance,,0,,,,,,2.127868,48.800672
2024-952359,2024-05-30,000001,Vente,1026650,2,,PL LYAUTEY,1720,78000,78646,Versailles,78,,,78646000AH0182,,,2,146.09,,,,,,,,,1,3,Dépendance,,0,,,,,,2.127868,48.800672
2024-952363,2024-05-29,000001,Vente,603125,13,,RUE HARDY,1290,78000,78646,Versailles,78,,,78646000BV0210,,,23,,28,72,,,,,,,2,3,Dépendance,,0,,,,,,2.12187,48.799772
2024-952363,2024-05-29,000001,Vente,603125,13,,RUE HARDY,1290,78000,78646,Versailles,78,,,78646000BV0210,,,23,,28,72,,,,,,,2,2,Appartement,71,3,,,,,,2.12187,48.799772
2024-952363,2024-05-29,000001,Vente,603125,13,,RUE HARDY,1290,78000,78646,Versailles,78,,,78646000BV0210,,,10,,,,,,,,,,1,3,Dépendance,,0,,,,,,2.12187,48.799772
2024-952477,2024-05-30,000001,Vente,147000,24,,RUE DU MAL FOCH,1810,78000,78646,Versailles,78,,,78646000AI0212,,,25,13.51,,,,,,,,,1,2,Appartement,20,1,,,,,,2.132919,48.80739
2024-952486,2024-06-03,000001,Vente,360000,23,,RUE DE LA PAROISSE,2190,78000,78646,Versailles,78,,,78646000AE0146,,,12,,20,,3,54.08,,,,,3,4,Local industriel. commercial ou assimilé,50,0,,,,,,2.127836,48.808069
2024-952490,2024-05-23,000001,Vente,128500,23,,RUE DE L ORANGERIE,2110,78000,78646,Versailles,78,,,78646000AH0115,,,123,14.18,,,,,,,,,1,2,Appartement,27,2,,,,,,2.122802,48.800477
2024-952496,2024-05-30,000001,Vente en l'état futur d'achèvement,327000,,,LA SABLIERE,B029,78000,78646,Versailles,78,,,78646000BY0108,,,442,,,,,,,,,,1,,,,,,,,,,2.079319,48.802074
2024-952496,2024-05-30,000001,Vente en l'état futur d'achèvement,327000,,,LA SABLIERE,B029,78000,78646,Versailles,78,,,78646000BY0108,,,215,,,,,,,,,,1,,,,,,,,,,2.079319,48.802074
2024-952503,2024-05-29,000001,Vente,20000,29,,RUE ALBERT JOLY,0050,78000,78646,Versailles,78,,,78646000AK0085,,,113,,,,,,,,,,1,3,Dépendance,,0,,,,,,2.139769,48.810417
2024-952525,2024-05-31,000001,Vente en l'état futur d'achèvement,754600,,,LA SABLIERE,B029,78000,78646,Versailles,78,,,78646000BY0110,,,158,,,,,,,,,,1,,,,,,,,,,2.078228,48.802624
2024-952525,2024-05-31,000001,Vente en l'état futur d'achèvement,754600,,,LA SABLIERE,B029,78000,78646,Versailles,78,,,78646000BY0110,,,175,,,,,,,,,,1,,,,,,,,,,2.078228,48.802624
2024-952525,2024-05-31,000001,Vente en l'état futur d'achèvement,754600,,,LA SABLIERE,B029,78000,78646,Versailles,78,,,78646000BY0110,,,404,,,,,,,,,,1,,,,,,,,,,2.078228,48.802624
2024-952545,2024-05-31,000001,Vente,1795450,14,B,RUE BORGNIS DESBORDES,0395,78000,78646,Versailles,78,,,78646000BW0135,,,,,,,,,,,,,0,1,Maison,176,7,S,sols,,,313,2.127036,48.793681
2024-952578,2024-05-17,000001,Vente,689100,19,,RUE CARNOT,0440,78000,78646,Versailles,78,,,78646000AE0225,,,21,,6,85.5,,,,,,,2,2,Appartement,78,4,,,,,,2.129003,48.805961
2024-952578,2024-05-17,000001,Vente,689100,19,,RUE CARNOT,0440,78000,78646,Versailles,78,,,78646000AE0225,,,21,,6,85.5,,,,,,,2,3,Dépendance,,0,,,,,,2.129003,48.805961
2024-952580,2024-06-05,000001,Vente,300000,59,,AV DES ETATS UNIS,0990,78000,78646,Versailles,78,,,78646000AS0054,,,272,,,,,,,,,,1,3,Dépendance,,0,,,,,,2.152632,48.814149
2024-952580,2024-06-05,000001,Vente,300000,59,,AV DES ETATS UNIS,0990,78000,78646,Versailles,78,,,78646000AS0054,,,131,67.74,,,,,,,,,1,2,Appartement,64,4,,,,,,2.152632,48.814149
2024-952601,2024-06-03,000001,Vente,756200,77,,RUE ALBERT SARRAUT,0080,78000,78646,Versailles,78,,,78646000BL0235,,,24,,,,,,,,,,1,3,Dépendance,,0,,,,,,2.14793,48.792042
2024-952601,2024-06-03,000001,Vente,756200,1,A,RUE DU FOYER VERSAILLAIS,1100,78000,78646,Versailles,78,,,78646000BL0235,,,19,123.18,,,,,,,,,1,1,Maison,123,5,,,,,,2.14793,48.792042
2024-952615,2024-06-03,000001,Vente,1065000,6,B,RUE REMILLY,2530,78000,78646,Versailles,78,,,78646000AK0260,,,16,,3,115.76,,,,,,,2,2,Appartement,95,3,,,,,,2.135784,48.81157
2024-952615,2024-06-03,000001,Vente,1065000,6,B,RUE REMILLY,2530,78000,78646,Versailles,78,,,78646000AK0260,,,16,,3,115.76,,,,,,,2,3,Dépendance,,0,,,,,,2.135784,48.81157
2024-952615,2024-06-03,000001,Vente,1065000,6,B,RUE REMILLY,2530,78000,78646,Versailles,78,,,78646000AK0260,,,3,115.76,,,,,,,,,1,3,Dépendance,,0,,,,,,2.135784,48.81157
2024-952654,2024-06-05,000001,Vente,15000,6,,RUE LOUIS HAUSSMANN,1679,78000,78646,Versailles,78,,,78646000AS0036,,,152,,,,,,,,,,1,3,Dépendance,,0,,,,,,2.147113,48.809569
2024-952665,2024-05-24,000001,Vente,349850,1,,IMP DES ECURIES,0870,78000,78646,Versailles,78,,,78646000AE0186,,,6,53.15,,,,,,,,,1,3,Dépendance,,0,,,,,,2.127238,48.807575
2024-952665,2024-05-24,000001,Vente,349850,1,,IMP DES ECURIES,0870,78000,78646,Versailles,78,,,78646000AE0186,,,6,53.15,,,,,,,,,1,2,Appartement,52,3,,,,,,2.127238,48.807575
2024-952665,2024-05-24,000001,Vente,349850,1,,IMP DES ECURIES,0870,78000,78646,Versailles,78,,,78646000AE0186,,,6,53.15,,,,,,,,,1,3,Dépendance,,0,,,,,,2.127238,48.807575
2024-952685,2024-06-05,000001,Vente,115000,26,,RUE DES CHANTIERS,0530,78000,78646,Versailles,78,,,78646000BS0088,,,10,17.75,,,,,,,,,1,2,Appartement,18,1,,,,,,2.137978,48.79584
2024-952689,2024-06-07,000001,Vente,445000,13,,RUE SAINT LOUIS,2810,78000,78646,Versailles,78,,,78646000BV0186,,,3,64.87,,,,,,,,,1,2,Appartement,61,2,,,,,,2.124696,48.795527
2024-952690,2024-06-06,000001,Vente,535500,2,,ALL DES CHEVALIERS,0570,78000,78646,Versailles,78,,,78646000AZ0110,,,282,,323,116.36,,,,,,,2,2,Appartement,119,5,,,,,,2.158672,48.8041
2024-952690,2024-06-06,000001,Vente,535500,5,,RUE DE L ECOLE DES POSTES,0850,78000,78646,Versailles,78,,,78646000AZ0110,,,2684,,,,,,,,,,1,3,Dépendance,,0,,,,,,2.158672,48.8041
2024-952690,2024-06-06,000001,Vente,535500,2,,ALL DES CHEVALIERS,0570,78000,78646,Versailles,78,,,78646000AZ0110,,,282,,323,116.36,,,,,,,2,3,Dépendance,,0,,,,,,2.158672,48.8041
2024-952700,2024-05-17,000001,Vente,34000,47,,RUE DES CHANTIERS,0530,78000,78646,Versailles,78,,,78646000BL0467,,,31,,,,,,,,,,1,3,Dépendance,,0,,,,,,2.141787,48.794665
2024-952700,2024-05-17,000001,Vente,34000,47,,RUE DES CHANTIERS,0530,78000,78646,Versailles,78,,,78646000BL0467,,,32,,,,,,,,,,1,3,Dépendance,,0,,,,,,2.141787,48.794665
2024-952702,2024-05-24,000001,Vente,376800,82,B,AV DE PARIS,2180,78000,78646,Versailles,78,,,78646000BN0166,,,1153,,,,,,,,,,1,3,Dépendance,,0,,,,,,2.145036,48.797427
2024-952702,2024-05-24,000001,Vente,376800,82,B,AV DE PARIS,2180,78000,78646,Versailles,78,,,78646000BN0166,,,11,66.39,64,,,,,,,,2,2,Appartement,69,3,,,,,,2.145036,48.797427
2024-952702,2024-05-24,000001,Vente,376800,82,B,AV DE PARIS,2180,78000,78646,Versailles,78,,,78646000BN0166,,,11,66.39,64,,,,,,,,2,3,Dépendance,,0,,,,,,2.145036,48.797427
2024-952726,2024-06-10,000001,Vente,113208,37,,RUE DES CHANTIERS,0530,78000,78646,Versailles,78,,,78646000BS0108,,,2,30.05,25,,,,,,,,2,2,Appartement,30,2,,,,,,2.138895,48.795904
2024-952727,2024-05-24,000001,Vente,103000,82,,RUE DE LA PAROISSE,2190,78000,78646,Versailles,78,,,78646000AI0133,,,17,13.78,,,,,,,,,1,3,Dépendance,,0,,,,,,2.133521,48.805928
2024-952727,2024-05-24,000001,Vente,103000,82,,RUE DE LA PAROISSE,2190,78000,78646,Versailles,78,,,78646000AI0133,,,17,13.78,,,,,,,,,1,2,Appartement,15,1,,,,,,2.133521,48.805928
2024-952749,2024-05-31,000001,Vente,415676,4,,RUE JEAN HOUDON,1440,78000,78646,Versailles,78,,,78646000AI0024,,,106,164.33,110,,,,,,,,2,3,Dépendance,,0,,,,,,2.134031,48.802422
2024-952749,2024-05-31,000001,Vente,415676,4,,RUE JEAN HOUDON,1440,78000,78646,Versailles,78,,,78646000AI0024,,,106,164.33,110,,,,,,,,2,2,Appartement,141,5,,,,,,2.134031,48.802422
2024-952749,2024-05-31,000001,Vente,415676,4,,RUE JEAN HOUDON,1440,78000,78646,Versailles,78,,,78646000AI0024,,,125,,,,,,,,,,1,4,Local industriel. commercial ou assimilé,15,0,,,,,,2.134031,48.802422
2024-952749,2024-05-31,000001,Vente,415676,4,,RUE JEAN HOUDON,1440,78000,78646,Versailles,78,,,78646000AI0024,,,126,,,,,,,,,,1,3,Dépendance,,0,,,,,,2.134031,48.802422
2024-952751,2024-06-05,000001,Vente,265000,12,,RUE CHAMP LAGARDE,0490,78000,78646,Versailles,78,,,78646000BO0007,,,13,39.86,,,,,,,,,1,2,Appartement,40,2,,,,,,2.142517,48.800386
2024-952752,2024-06-05,000001,Vente,105500,7,,RUE DE L ORANGERIE,2110,78000,78646,Versailles,78,,,78646000AH0026,,,45,15.2,,,,,,,,,1,2,Appartement,18,1,,,,,,2.121384,48.800694
2024-952753,2024-05-30,000001,Vente,317640,23,,RUE SAINTE VICTOIRE,2920,78000,78646,Versailles,78,,,78646000AD0279,,,13,,47,58.64,,,,,,,2,3,Dépendance,,0,,,,,,2.131576,48.811777
2024-952753,2024-05-30,000001,Vente,317640,23,,RUE SAINTE VICTOIRE,2920,78000,78646,Versailles,78,,,78646000AD0279,,,13,,47,58.64,,,,,,,2,2,Appartement,59,3,,,,,,2.131576,48.811777
2024-952766,2024-05-22,000001,Vente,360000,10,,RUE SAINTE FAMILLE,2740,78000,78646,Versailles,78,,,78646000BT0124,,,12,,4,58.93,,,,,,,2,2,Appartement,25,2,,,,,,2.126444,48.796127
2024-952771,2024-05-22,000001,Vente,20000,15,,RUE DE L ORIENT,2130,78000,78646,Versailles,78,,,78646000BT0101,,,605,,,,,,,,,,1,3,Dépendance,,0,,,,,,2.127194,48.79606
2024-952826,2024-06-07,000001,Vente,282500,15,,PL ROYALE,2650,78000,78646,Versailles,78,,,78646000AZ0110,,,1315,,1347,,,,,,,,2,2,Appartement,51,2,,,,,,2.158672,48.8041
2024-952826,2024-06-07,000001,Vente,282500,15,,PL ROYALE,2650,78000,78646,Versailles,78,,,78646000AZ0110,,,1315,,1347,,,,,,,,2,3,Dépendance,,0,,,,,,2.158672,48.8041
2024-952826,2024-06-07,000001,Vente,282500,5,,RUE DE L ECOLE DES POSTES,0850,78000,78646,Versailles,78,,,78646000AZ0110,,,3163,,,,,,,,,,1,3,Dépendance,,0,,,,,,2.158672,48.8041
2024-952847,2024-06-07,000001,Vente,1021195,34,,AV DES ETATS UNIS,0990,78000,78646,Versailles,78,,,78646000AX0058,,,110,131.77,141,,,,,,,,2,2,Appartement,137,5,,,,,,2.144715,48.806996
2024-952847,2024-06-07,000001,Vente,1021195,34,,AV DES ETATS UNIS,0990,78000,78646,Versailles,78,,,78646000AX0058,,,110,131.77,141,,,,,,,,2,3,Dépendance,,0,,,,,,2.144715,48.806996
2024-952847,2024-06-07,000001,Vente,1021195,34,,AV DES ETATS UNIS,0990,78000,78646,Versailles,78,,,78646000AX0058,,,115,12.39,,,,,,,,,1,3,Dépendance,,0,,,,,,2.144715,48.806996
2024-952850,2024-06-10,000001,Vente,363000,20,,RUE DU REFUGE,2510,78000,78646,Versailles,78,,,78646000BP0214,,,45,53.25,80,,,,,,,,2,3,Dépendance,,0,,,,,,2.144111,48.803556
2024-952850,2024-06-10,000001,Vente,363000,20,,RUE DU REFUGE,2510,78000,78646,Versailles,78,,,78646000BP0214,,,173,,,,,,,,,,1,3,Dépendance,,0,,,,,,2.144111,48.803556
2024-952850,2024-06-10,000001,Vente,363000,20,,RUE DU REFUGE,2510,78000,78646,Versailles,78,,,78646000BP0214,,,45,53.25,80,,,,,,,,2,2,Appartement,60,2,,,,,,2.144111,48.803556
2024-952881,2024-05-27,000001,Vente,1982000,1,,PL DE LA PAIX,2160,78000,78646,Versailles,78,,,78646000AM0609,,,,,,,,,,,,,0,,,,,S,sols,,,840,2.142891,48.819812
2024-952882,2024-05-02,000001,Vente,150000,53,,RUE D ANJOU,0190,78000,78646,Versailles,78,,,78646000BT0056,,,11,17.47,39,,,,,,,,2,3,Dépendance,,0,,,,,,2.127998,48.796684
2024-952891,2024-06-11,000001,Vente,172050,41,,BD DU ROI,2641,78000,78646,Versailles,78,,,78646000AC0107,,,32,20.61,,,,,,,,,1,2,Appartement,22,1,,,,,,2.12804,48.814598
2024-952894,2024-05-23,000001,Vente,255000,72,,AV DE PARIS,2180,78000,78646,Versailles,78,,,78646000BN0029,,,36,45.81,57,,,,,,,,2,2,Appartement,50,2,,,,,,2.142516,48.798154
2024-952894,2024-05-23,000001,Vente,255000,72,,AV DE PARIS,2180,78000,78646,Versailles,78,,,78646000BN0029,,,36,45.81,57,,,,,,,,2,3,Dépendance,,0,,,,,,2.142516,48.798154
2024-952896,2024-06-04,000001,Vente,315000,32,,RUE LAFAYETTE,1580,78000,78646,Versailles,78,,,78646000AD0203,,,10,,2,,,,,,,,2,2,Appartement,48,2,,,,,,2.128837,48.811804
2024-952896,2024-06-04,000001,Vente,315000,32,,RUE LAFAYETTE,1580,78000,78646,Versailles,78,,,78646000AD0203,,,10,,2,,,,,,,,2,3,Dépendance,,0,,,,,,2.128837,48.811804
2024-952896,2024-06-04,000001,Vente,315000,27,,RUE LAFAYETTE,1580,78000,78646,Versailles,78,,,78646000AD0220,,,36,,,,,,,,,,1,3,Dépendance,,0,,,,,,2.128157,48.81239
2024-952911,2024-05-29,000001,Vente,330000,11,,RUE DU GENERAL LECLERC,1145,78000,78646,Versailles,78,,,78646000AH0163,,,32,57.01,36,,,,,,,,2,2,Appartement,55,3,,,,,,2.125764,48.799608
2024-952914,2024-05-30,000001,Vente,268000,33,,AV DE SAINT CLOUD,2730,78000,78646,Versailles,78,,,78646000AI0113,,,40,41.27,9,,,,,,,,2,3,Dépendance,,0,,,,,,2.13247,48.805572
2024-952914,2024-05-30,000001,Vente,268000,33,,AV DE SAINT CLOUD,2730,78000,78646,Versailles,78,,,78646000AI0113,,,40,41.27,9,,,,,,,,2,2,Appartement,40,2,,,,,,2.13247,48.805572
2024-952933,2024-05-24,000001,Vente,252600,62,,RUE DES CHANTIERS,0530,78000,78646,Versailles,78,,,78646000BL0327,,,121,47.28,282,,,,,,,,2,2,Appartement,48,2,,,,,,2.142467,48.792993
2024-952933,2024-05-24,000001,Vente,252600,62,,RUE DES CHANTIERS,0530,78000,78646,Versailles,78,,,78646000BL0327,,,121,47.28,282,,,,,,,,2,3,Dépendance,,0,,,,,,2.142467,48.792993
2024-952946,2024-06-05,000001,Vente,150000,43,,RUE DES ETATS GENERAUX,0980,78000,78646,Versailles,78,,,78646000BR0076,,,4,22.64,,,,,,,,,1,3,Dépendance,,0,,,,,,2.134803,48.798486
2024-952946,2024-06-05,000001,Vente,150000,43,,RUE DES ETATS GENERAUX,0980,78000,78646,Versailles,78,,,78646000BR0076,,,4,22.64,,,,,,,,,1,3,Dépendance,,0,,,,,,2.134803,48.798486
2024-952946,2024-06-05,000001,Vente,150000,43,,RUE DES ETATS GENERAUX,0980,78000,78646,Versailles,78,,,78646000BR0076,,,4,22.64,,,,,,,,,1,2,Appartement,40,2,,,,,,2.134803,48.798486
2024-952954,2024-05-30,000001,Vente,175000,39,,BD DU ROI,2641,78000,78646,Versailles,78,,,78646000AC0108,,,14,27.93,,,,,,,,,1,2,Appartement,29,1,,,,,,2.127742,48.814503
2024-952970,2024-06-11,000001,Vente,1200000,106,,BD DE LA REINE,2520,78000,78646,Versailles,78,,,78646000AX0005,,,3,157.75,6,,,,,,,,2,3,Dépendance,,0,,,,,,2.142013,48.807867
2024-952970,2024-06-11,000001,Vente,1200000,106,,BD DE LA REINE,2520,78000,78646,Versailles,78,,,78646000AX0005,,,3,157.75,6,,,,,,,,2,2,Appartement,140,5,,,,,,2.142013,48.807867
2024-952971,2024-06-11,000001,Vente,200000,22,,RUE DE SATORY,2950,78000,78646,Versailles,78,,,78646000AH0086,,,47,26.41,,,,,,,,,1,2,Appartement,33,2,,,,,,2.12472,48.800481
2024-952973,2024-06-12,000001,Vente,23500,7,,RUE RICHAUD,2610,78000,78646,Versailles,78,,,78646000AI0313,,,251,,,,,,,,,,1,3,Dépendance,,0,,,,,,2.135209,48.807376
2024-952975,2024-06-12,000001,Vente,551000,8,,RUE MAUREPAS,1870,78000,78646,Versailles,78,,,78646000AC0222,,,9,68.7,,,,,,,,,1,2,Appartement,69,3,,,,,,2.124231,48.809385
2024-952975,2024-06-12,000001,Vente,551000,8,,RUE MAUREPAS,1870,78000,78646,Versailles,78,,,78646000AC0222,,,13,,,,,,,,,,1,3,Dépendance,,0,,,,,,2.124231,48.809385
2024-952977,2024-05-27,000001,Vente,21000,64,,RUE DES CHANTIERS,0530,78000,78646,Versailles,78,,,78646000BL0326,,,302,,,,,,,,,,1,3,Dépendance,,0,,,,,,2.143523,48.792624
2024-953003,2024-05-28,000001,Vente,258432,29,T,RUE DE L ERMITAGE,0940,78000,78646,Versailles,78,,,78646000AC0339,,,23,38.46,,,,,,,,,1,2,Appartement,38,1,,,,,,2.122367,48.815366
2024-953003,2024-05-28,000001,Vente,258432,29,T,RUE DE L ERMITAGE,0940,78000,78646,Versailles,78,,,78646000AC0339,,,63,,,,,,,,,,1,2,Appartement,26,1,,,,,,2.122367,48.815366
2024-953003,2024-05-28,000001,Vente,258432,29,T,RUE DE L ERMITAGE,0940,78000,78646,Versailles,78,,,78646000AC0339,,,92,,,,,,,,,,1,3,Dépendance,,0,,,,,,2.122367,48.815366
2024-953025,2024-06-13,000001,Vente,270000,35,,BD ST ANTOINE,2690,78000,78646,Versailles,78,,,78646000AB0031,,,284,56.87,,,,,,,,,1,3,Dépendance,,0,,,,,,2.121628,48.817201
2024-953025,2024-06-13,000001,Vente,270000,36,,RUE DE L ERMITAGE,0940,78000,78646,Versailles,78,,,78646000AB0031,,,338,,,,,,,,,,1,3,Dépendance,,0,,,,,,2.121628,48.817201
2024-953025,2024-06-13,000001,Vente,270000,35,,BD ST ANTOINE,2690,78000,78646,Versailles,78,,,78646000AB0031,,,284,56.87,,,,,,,,,1,2,Appartement,58,3,,,,,,2.121628,48.817201
2024-953028,2024-06-04,000001,Vente,286000,11,,RUE DU MAL JOFFRE,1820,78000,78646,Versailles,78,,,78646000BV0040,,,22,,45,43.65,,,,,,,2,2,Appartement,43,2,,,,,,2.123313,48.797262
2024-953028,2024-06-04,000001,Vente,286000,11,,RUE DU MAL JOFFRE,1820,78000,78646,Versailles,78,,,78646000BV0040,,,35,,,,,,,,,,1,3,Dépendance,,0,,,,,,2.123313,48.797262
2024-953029,2024-06-07,000001,Vente,738357,57,,RUE EXELMANS,1020,78000,78646,Versailles,78,,,78646000AC0262,,,132,,63,106.75,,,,,,,2,3,Dépendance,,0,,,,,,2.126785,48.814611
2024-953029,2024-06-07,000001,Vente,738357,57,,RUE EXELMANS,1020,78000,78646,Versailles,78,,,78646000AC0262,,,132,,63,106.75,,,,,,,2,2,Appartement,98,5,,,,,,2.126785,48.814611
2024-953029,2024-06-07,000001,Vente,738357,57,,RUE EXELMANS,1020,78000,78646,Versailles,78,,,78646000AC0262,,,160,,,,,,,,,,1,3,Dépendance,,0,,,,,,2.126785,48.814611
2024-953030,2024-06-04,000001,Vente,415000,23,,RUE DE L ORANGERIE,2110,78000,78646,Versailles,78,,,78646000AH0115,,,116,,119,61.03,121,,,,,,3,3,Dépendance,,0,,,,,,2.122802,48.800477
2024-953030,2024-06-04,000001,Vente,415000,23,,RUE DE L ORANGERIE,2110,78000,78646,Versailles,78,,,78646000AH0115,,,116,,119,61.03,121,,,,,,3,2,Appartement,57,2,,,,,,2.122802,48.800477
2024-953033,2024-05-28,000001,Vente,194596,29,T,RUE DE L ERMITAGE,0940,78000,78646,Versailles,78,,,78646000AC0339,,,60,,,,,,,,,,1,2,Appartement,38,1,,,,,,2.122367,48.815366
2024-953033,2024-05-28,000001,Vente,194596,29,T,RUE DE L ERMITAGE,0940,78000,78646,Versailles,78,,,78646000AC0339,,,33,28.22,,,,,,,,,1,2,Appartement,26,1,,,,,,2.122367,48.815366
2024-953046,2024-06-14,000001,Vente,1054650,15,,RUE PASTEUR,2210,78000,78646,Versailles,78,,,78646000BO0025,,,3,135.5,,,,,,,,,1,2,Appartement,130,5,,,,,,2.147489,48.800735
2024-953046,2024-06-14,000001,Vente,1054650,15,,RUE PASTEUR,2210,78000,78646,Versailles,78,,,78646000BO0025,,,15,,,,,,,,,,1,3,Dépendance,,0,,,,,,2.147489,48.800735
2024-953046,2024-06-14,000001,Vente,1054650,15,,RUE PASTEUR,2210,78000,78646,Versailles,78,,,78646000BO0025,,,16,,,,,,,,,,1,3,Dépendance,,0,,,,,,2.147489,48.800735
2024-953067,2024-06-05,000002,Vente,905000,59,,RUE ALBERT SARRAUT,0080,78000,78646,Versailles,78,,,78646000BL0488,,,,,,,,,,,,,0,1,Maison,75,3,S,sols,,,250,2.149066,48.793276
2024-953067,2024-06-05,000002,Vente,905000,59,,RUE ALBERT SARRAUT,0080,78000,78646,Versailles,78,,,78646000BL0489,,,,,,,,,,,,,0,,,,,S,sols,,,369,2.149339,48.793304
2024-953103,2024-05-31,000001,Vente,327612,12,,RUE DU GENERAL LECLERC,1145,78000,78646,Versailles,78,,,78646000BV0063,,,1,,,,,,,,,,1,4,Local industriel. commercial ou assimilé,45,0,,,,,,2.125438,48.799214
2024-953114,2024-06-10,000001,Vente,892200,37,,RUE DE LA PAROISSE,2190,78000,78646,Versailles,78,,,78646000AE0121,,,13,,14,,19,,,,,,3,2,Appartement,114,5,,,,,,2.129293,48.807605
2024-953114,2024-06-10,000001,Vente,892200,37,,RUE DE LA PAROISSE,2190,78000,78646,Versailles,78,,,78646000AE0121,,,13,,14,,19,,,,,,3,3,Dépendance,,0,,,,,,2.129293,48.807605
2024-953126,2024-06-14,000001,Vente,540000,5,,RUE DE L ECOLE DES POSTES,0850,78000,78646,Versailles,78,,,78646000AZ0110,,,3166,,,,,,,,,,1,3,Dépendance,,0,,,,,,2.158672,48.8041
2024-953126,2024-06-14,000001,Vente,540000,15,,PL ROYALE,2650,78000,78646,Versailles,78,,,78646000AZ0110,,,1299,,1343,127.63,,,,,,,2,3,Dépendance,,0,,,,,,2.158672,48.8041
2024-953126,2024-06-14,000001,Vente,540000,15,,PL ROYALE,2650,78000,78646,Versailles,78,,,78646000AZ0110,,,1299,,1343,127.63,,,,,,,2,2,Appartement,140,5,,,,,,2.158672,48.8041
2024-953145,2024-06-12,000001,Vente,605500,33,,RUE ALBERT JOLY,0050,78000,78646,Versailles,78,,,78646000AR0014,,,13,,5,78.17,,,,,,,2,3,Dépendance,,0,,,,,,2.141223,48.810258
2024-953145,2024-06-12,000001,Vente,605500,33,,RUE ALBERT JOLY,0050,78000,78646,Versailles,78,,,78646000AR0014,,,13,,5,78.17,,,,,,,2,2,Appartement,77,4,,,,,,2.141223,48.810258
2024-953184,2024-06-14,000001,Vente,570000,1,,IMP DE TOULOUSE,3030,78000,78646,Versailles,78,,,78646000AE0531,,,13,,,,,,,,,,1,3,Dépendance,,0,,,,,,2.129213,48.806098
2024-953184,2024-06-14,000001,Vente,570000,1,,IMP DE TOULOUSE,3030,78000,78646,Versailles,78,,,78646000AE0531,,,1,,7,,,,,,,,2,2,Appartement,97,4,,,,,,2.129213,48.806098
2024-953184,2024-06-14,000001,Vente,570000,1,,IMP DE TOULOUSE,3030,78000,78646,Versailles,78,,,78646000AE0531,,,12,,,,,,,,,,1,3,Dépendance,,0,,,,,,2.129213,48.806098
2024-953185,2024-06-14,000001,Vente,310000,17,T,RUE DU PONT COLBERT,2370,78000,78646,Versailles,78,,,78646000BI0022,,,360,63.37,,,,,,,,,1,2,Appartement,69,4,,,,,,2.149624,48.789909
2024-953185,2024-06-14,000001,Vente,310000,17,T,RUE DU PONT COLBERT,2370,78000,78646,Versailles,78,,,78646000BI0022,,,360,63.37,,,,,,,,,1,3,Dépendance,,0,,,,,,2.149624,48.789909
2024-953187,2024-06-14,000001,Vente,637600,82,B,AV DE PARIS,2180,78000,78646,Versailles,78,,,78646000BN0166,,,516,,526,,,,,,,,2,3,Dépendance,,0,,,,,,2.145036,48.797427
2024-953187,2024-06-14,000001,Vente,637600,82,B,AV DE PARIS,2180,78000,78646,Versailles,78,,,78646000BN0166,,,516,,526,,,,,,,,2,2,Appartement,97,5,,,,,,2.145036,48.797427
2024-953187,2024-06-14,000001,Vente,637600,82,B,AV DE PARIS,2180,78000,78646,Versailles,78,,,78646000BN0166,,,956,,,,,,,,,,1,3,Dépendance,,0,,,,,,2.145036,48.797427
2024-953187,2024-06-14,000001,Vente,637600,82,B,AV DE PARIS,2180,78000,78646,Versailles,78,,,78646000BN0166,,,516,,526,,,,,,,,2,3,Dépendance,,0,,,,,,2.145036,48.797427
2024-953213,2024-05-31,000001,Vente,530000,17,,RUE DU MARECHAL GALLIENI,1812,78000,78646,Versailles,78,,,78646000AC0210,,,10,42.79,,,,,,,,,1,2,Appartement,60,3,,,,,,2.123662,48.811185
2024-953237,2024-06-14,000001,Vente en l'état futur d'achèvement,309000,,,LA SABLIERE,B029,78000,78646,Versailles,78,,,78646000BY0108,,,302,,,,,,,,,,1,,,,,,,,,,2.079319,48.802074
2024-953296,2024-06-12,000001,Vente,14635978,7,,RTE DE LA MINIERE,1905,78000,78646,Versailles,78,,,78646000CB0040,,,,,,,,,,,,,0,,,,,S,sols,,,10451,2.103732,48.783162
2024-953296,2024-06-12,000001,Vente,14635978,13,,RTE DE LA MINIERE,1905,78000,78646,Versailles,78,,,78646000CB0042,,,,,,,,,,,,,0,,,,,AB,terrains a bâtir,,,8402,2.104813,48.782427
2024-953296,2024-06-12,000001,Vente,14635978,13,,RTE DE LA MINIERE,1905,78000,78646,Versailles,78,,,78646000CB0042,,,,,,,,,,,,,0,,,,,AB,terrains a bâtir,,,71564,2.104813,48.782427
2024-953310,2024-06-14,000001,Vente,762200,79,,BD DE LA REINE,2520,78000,78646,Versailles,78,,,78646000AD0097,,,5,,,,,,,,,,1,2,Appartement,78,3,,,,,,2.13308,48.809301
2024-953317,2024-06-19,000001,Vente,2169000,6,B,AV DU GENERAL MANGIN,1165,78000,78646,Versailles,78,,,78646000AK0281,,,3,204.19,,,,,,,,,1,1,Maison,198,7,,,,,,2.137347,48.813166
2024-953334,2024-06-20,000001,Vente,21000,53,,RUE EXELMANS,1020,78000,78646,Versailles,78,,,78646000AC0306,,,17114,,,,,,,,,,1,3,Dépendance,,0,,,,,,2.125764,48.813952
2024-953337,2024-06-19,000001,Vente,716500,7,,RUE DU MARCHE NEUF,1780,78000,78646,Versailles,78,,,78646000BT0033,,,16,,5,,7,,,,,,3,2,Appartement,90,3,,,,,,2.127013,48.797525
2024-953354,2024-06-14,000001,Vente,1066718.8,12,,RUE LOUIS HAUSSMANN,1679,78000,78646,Versailles,78,,,78646000AS0057,,,48,,,,,,,,,,1,3,Dépendance,,0,,,,,,2.14687,48.810099
2024-953354,2024-06-14,000001,Vente,1066718.8,12,,RUE LOUIS HAUSSMANN,1679,78000,78646,Versailles,78,,,78646000AS0057,,,15,,,,,,,,,,1,1,Maison,141,6,,,,,,2.14687,48.810099
2024-953354,2024-06-14,000001,Vente,1066718.8,12,,RUE LOUIS HAUSSMANN,1679,78000,78646,Versailles,78,,,78646000AS0057,,,49,140.91,,,,,,,,,1,3,Dépendance,,0,,,,,,2.14687,48.810099
2024-953355,2024-06-17,000001,Vente,215000,7,,RUE RICHAUD,2610,78000,78646,Versailles,78,,,78646000AI0313,,,24,,,,,,,,,,1,2,Appartement,20,1,,,,,,2.135209,48.807376
2024-953355,2024-06-17,000001,Vente,215000,7,,RUE RICHAUD,2610,78000,78646,Versailles,78,,,78646000AI0313,,,177,,,,,,,,,,1,3,Dépendance,,0,,,,,,2.135209,48.807376
2024-953367,2024-06-20,000001,Vente,27000,8,,AV DU GEN DE GAULLE,1143,78000,78646,Versailles,78,,,78646000AH0225,,,150,,16,27.69,,,,,,,2,2,Appartement,32,1,,,,,,2.128298,48.801276
2024-953367,2024-06-20,000001,Vente,27000,8,,AV DU GEN DE GAULLE,1143,78000,78646,Versailles,78,,,78646000AH0225,,,150,,16,27.69,,,,,,,2,3,Dépendance,,0,,,,,,2.128298,48.801276
2024-953377,2024-05-24,000001,Vente,670000,35,,RUE COSTE,0730,78000,78646,Versailles,78,,,78646000BE0510,,,,,,,,,,,,,0,,,,,AG,terrains d'agrément,,,486,2.157503,48.794166
2024-953393,2024-06-19,000001,Vente,928200,8,,RUE DES TOURNELLES,3050,78000,78646,Versailles,78,,,78646000BV0119,,,5,,,,,,,,,,1,2,Appartement,114,5,,,,,,2.126141,48.798137
2024-953396,2024-06-03,000001,Vente,411800,4,,RUE EDOUARD CHARTON,0890,78000,78646,Versailles,78,,,78646000BT0163,,,28,,,,,,,,,,1,3,Dépendance,,0,,,,,,2.130736,48.796221
2024-953396,2024-06-03,000001,Vente,411800,4,,RUE EDOUARD CHARTON,0890,78000,78646,Versailles,78,,,78646000BT0163,,,13,,25,48.02,,,,,,,2,3,Dépendance,,0,,,,,,2.130736,48.796221
2024-953396,2024-06-03,000001,Vente,411800,4,,RUE EDOUARD CHARTON,0890,78000,78646,Versailles,78,,,78646000BT0163,,,13,,25,48.02,,,,,,,2,2,Appartement,65,3,,,,,,2.130736,48.796221
2024-953411,2024-06-14,000001,Vente,484470,52,,AV DE SCEAUX,2980,78000,78646,Versailles,78,,,78646000BT0180,,,16,,8,77.81,,,,,,,2,3,Dépendance,,0,,,,,,2.130915,48.796494
2024-953411,2024-06-14,000001,Vente,484470,52,,AV DE SCEAUX,2980,78000,78646,Versailles,78,,,78646000BT0180,,,16,,8,77.81,,,,,,,2,2,Appartement,79,3,,,,,,2.130915,48.796494
2024-953413,2024-06-14,000001,Vente,392500,20,,PROM MONA LISA,1965,78000,78646,Versailles,78,,,78646000AZ0110,,,1997,,2004,69.85,,,,,,,2,3,Dépendance,,0,,,,,,2.158672,48.8041
2024-953413,2024-06-14,000001,Vente,392500,20,,PROM MONA LISA,1965,78000,78646,Versailles,78,,,78646000AZ0110,,,1997,,2004,69.85,,,,,,,2,2,Appartement,75,2,,,,,,2.158672,48.8041
2024-953413,2024-06-14,000001,Vente,392500,5,,RUE DE L ECOLE DES POSTES,0850,78000,78646,Versailles,78,,,78646000AZ0110,,,3781,,,,,,,,,,1,3,Dépendance,,0,,,,,,2.158672,48.8041
2024-953421,2024-06-21,000001,Vente,275000,29,,RUE DU MARECHAL GALLIENI,1812,78000,78646,Versailles,78,,,78646000AC0009,,,4,,,,,,,,,,1,2,Appartement,34,2,,,,,,2.123901,48.811915
2024-953434,2024-06-13,000001,Vente,573000,1,B,AV DES ETATS UNIS,0990,78000,78646,Versailles,78,,,78646000AX0026,,,31,,8,83.41,,,,,,,2,2,Appartement,87,3,,,,,,2.14177,48.806504
2024-953434,2024-06-13,000001,Vente,573000,1,B,AV DES ETATS UNIS,0990,78000,78646,Versailles,78,,,78646000AX0026,,,31,,8,83.41,,,,,,,2,3,Dépendance,,0,,,,,,2.14177,48.806504
2024-953437,2024-06-12,000001,Vente,803000,11,,BD ST ANTOINE,2690,78000,78646,Versailles,78,,,78646000AC0089,,,17,,24,136.49,,,,,,,2,3,Dépendance,,0,,,,,,2.127095,48.815492
2024-953437,2024-06-12,000001,Vente,803000,11,,BD ST ANTOINE,2690,78000,78646,Versailles,78,,,78646000AC0089,,,1,,,,,,,,,,1,3,Dépendance,,0,,,,,,2.127095,48.815492
2024-953437,2024-06-12,000001,Vente,803000,11,,BD ST ANTOINE,2690,78000,78646,Versailles,78,,,78646000AC0089,,,17,,24,136.49,,,,,,,2,2,Appartement,136,7,,,,,,2.127095,48.815492
2024-953440,2024-06-04,000001,Vente,320000,85,,RUE DE LA PAROISSE,2190,78000,78646,Versailles,78,,,78646000AI0161,,,18,,3,67.98,,,,,,,2,3,Dépendance,,0,,,,,,2.135687,48.805841
2024-953440,2024-06-04,000001,Vente,320000,85,,RUE DE LA PAROISSE,2190,78000,78646,Versailles,78,,,78646000AI0161,,,18,,3,67.98,,,,,,,2,2,Appartement,49,3,,,,,,2.135687,48.805841
2024-953488,2024-06-10,000001,Vente,300000,1,,RUE DES TOURNELLES,3050,78000,78646,Versailles,78,,,78646000BV0076,,,18,,6,,,,,,,,2,3,Dépendance,,0,,,,,,2.125914,48.798652
2024-953488,2024-06-10,000001,Vente,300000,1,,RUE DES TOURNELLES,3050,78000,78646,Versailles,78,,,78646000BV0076,,,18,,6,,,,,,,,2,2,Appartement,49,3,,,,,,2.125914,48.798652
2024-953495,2024-05-30,000001,Vente,519150,2,,PL DE LA LOI,1670,78000,78646,Versailles,78,,,78646000AD0407,,,1,,2,,,,,,,,2,2,Appartement,86,4,,,,,,2.129146,48.814076
2024-953495,2024-05-30,000001,Vente,519150,2,,PL DE LA LOI,1670,78000,78646,Versailles,78,,,78646000AD0407,,,93,,,,,,,,,,1,3,Dépendance,,0,,,,,,2.129146,48.814076
2024-953533,2024-06-11,000001,Vente,1719300,8,,RUE RENE AUBERT,2565,78000,78646,Versailles,78,,,78646000AK0134,,,,,,,,,,,,,0,1,Maison,200,9,S,sols,,,335,2.135775,48.811005
2024-953562,2024-06-12,000001,Vente,518500,12,,AV DE PORCHEFONTAINE,2380,78000,78646,Versailles,78,,,78646000BK0021,,,1579,,,,,,,,,,1,3,Dépendance,,0,,,,,,2.152071,48.797176
2024-953562,2024-06-12,000001,Vente,518500,12,,AV DE PORCHEFONTAINE,2380,78000,78646,Versailles,78,,,78646000BK0021,,,495,,,,,,,,,,1,3,Dépendance,,0,,,,,,2.152071,48.797176
2024-953562,2024-06-12,000001,Vente,518500,12,,AV DE PORCHEFONTAINE,2380,78000,78646,Versailles,78,,,78646000BK0021,,,483,,,,,,,,,,1,2,Appartement,97,3,,,,,,2.152071,48.797176
2024-953567,2024-06-24,000001,Vente,325000,3,,AV DE PORCHEFONTAINE,2380,78000,78646,Versailles,78,,,78646000BD0157,,,194,,,,,,,,,,1,4,Local industriel. commercial ou assimilé,70,0,,,,,,2.15451,48.797411
2024-953568,2024-06-24,000001,Vente,451411,155,,BD DE LA REINE,2520,78000,78646,Versailles,78,,,78646000AR0073,,,8,,80,,,,,,,,2,3,Dépendance,,0,,,,,,2.145056,48.808479
2024-953568,2024-06-24,000001,Vente,451411,155,,BD DE LA REINE,2520,78000,78646,Versailles,78,,,78646000AR0073,,,8,,80,,,,,,,,2,2,Appartement,73,4,,,,,,2.145056,48.808479
2024-953572,2024-06-14,000001,Vente,229000,23,,RUE DES RESERVOIRS,2580,78000,78646,Versailles,78,,,78646000AC0231,,,36,,50,,63,,,,,,3,2,Appartement,40,2,,,,,,2.12459,48.809112
2024-953574,2024-06-24,000001,Vente,106800,64,,RUE DES CHANTIERS,0530,78000,78646,Versailles,78,,,78646000BL0326,,,147,,,,,,,,,,1,2,Appartement,14,1,,,,,,2.143523,48.792624
2024-953577,2024-06-21,000001,Vente,842650,20,,RUE DE PROVENCE,2460,78000,78646,Versailles,78,,,78646000AX0442,,,287,,,,,,,,,,1,2,Appartement,111,5,,,,,,2.140987,48.807165
2024-953577,2024-06-21,000001,Vente,842650,20,,RUE DE PROVENCE,2460,78000,78646,Versailles,78,,,78646000AX0442,,,270,,,,,,,,,,1,3,Dépendance,,0,,,,,,2.140987,48.807165
2024-953577,2024-06-21,000001,Vente,842650,20,,RUE DE PROVENCE,2460,78000,78646,Versailles,78,,,78646000AX0442,,,135,,,,,,,,,,1,3,Dépendance,,0,,,,,,2.140987,48.807165
2024-953577,2024-06-21,000001,Vente,842650,20,,RUE DE PROVENCE,2460,78000,78646,Versailles,78,,,78646000AX0442,,,136,,,,,,,,,,1,3,Dépendance,,0,,,,,,2.140987,48.807165
2024-953587,2024-06-04,000001,Vente,300000,51,,RUE DE MONTREUIL,2000,78000,78646,Versailles,78,,,78646000AX0304,,,1,48.62,12,,14,,,,,,3,4,Local industriel. commercial ou assimilé,51,0,,,,,,2.145628,48.804874
2024-953636,2024-06-21,000001,Vente,670750,50,,AV DE VILLENEUVE L ETANG,3200,78000,78646,Versailles,78,,,78646000AO0162,,,107,141.98,159,,,,,,,,2,3,Dépendance,,0,,,,,,2.148061,48.818119
2024-953636,2024-06-21,000001,Vente,670750,50,,AV DE VILLENEUVE L ETANG,3200,78000,78646,Versailles,78,,,78646000AO0162,,,107,141.98,159,,,,,,,,2,3,Dépendance,,0,,,,,,2.148061,48.818119
2024-953636,2024-06-21,000001,Vente,670750,50,,AV DE VILLENEUVE L ETANG,3200,78000,78646,Versailles,78,,,78646000AO0162,,,109,141.98,158,,,,,,,,2,3,Dépendance,,0,,,,,,2.148061,48.818119
2024-953636,2024-06-21,000001,Vente,670750,50,,AV DE VILLENEUVE L ETANG,3200,78000,78646,Versailles,78,,,78646000AO0162,,,109,141.98,158,,,,,,,,2,3,Dépendance,,0,,,,,,2.148061,48.818119
2024-953636,2024-06-21,000001,Vente,670750,50,,AV DE VILLENEUVE L ETANG,3200,78000,78646,Versailles,78,,,78646000AO0162,,,181,,,,,,,,,,1,3,Dépendance,,0,,,,,,2.148061,48.818119
2024-953636,2024-06-21,000001,Vente,670750,50,,AV DE VILLENEUVE L ETANG,3200,78000,78646,Versailles,78,,,78646000AO0162,,,109,141.98,158,,,,,,,,2,2,Appartement,25,1,,,,,,2.148061,48.818119
2024-953636,2024-06-21,000001,Vente,670750,50,,AV DE VILLENEUVE L ETANG,3200,78000,78646,Versailles,78,,,78646000AO0162,,,107,141.98,159,,,,,,,,2,2,Appartement,130,6,,,,,,2.148061,48.818119
2024-953636,2024-06-21,000001,Vente,670750,50,,AV DE VILLENEUVE L ETANG,3200,78000,78646,Versailles,78,,,78646000AO0162,,,193,,,,,,,,,,1,3,Dépendance,,0,,,,,,2.148061,48.818119
2024-953642,2024-06-21,000001,Vente,152000,36,,RUE D ANGIVILLER,0170,78000,78646,Versailles,78,,,78646000AD0408,,,2,,25,,,,,,,,2,2,Appartement,23,1,,,,,,2.13292,48.809837
2024-953653,2024-06-21,000001,Vente,419240,82,B,AV DE PARIS,2180,78000,78646,Versailles,78,,,78646000BN0166,,,29,77.03,69,,,,,,,,2,3,Dépendance,,0,,,,,,2.145036,48.797427
2024-953653,2024-06-21,000001,Vente,419240,82,B,AV DE PARIS,2180,78000,78646,Versailles,78,,,78646000BN0166,,,29,77.03,69,,,,,,,,2,2,Appartement,77,3,,,,,,2.145036,48.797427
2024-953653,2024-06-21,000001,Vente,419240,82,B,AV DE PARIS,2180,78000,78646,Versailles,78,,,78646000BN0166,,,941,,,,,,,,,,1,3,Dépendance,,0,,,,,,2.145036,48.797427
2024-953669,2024-06-10,000001,Vente,314300,52,,AV DE VILLENEUVE L ETANG,3200,78000,78646,Versailles,78,,,78646000AO0195,,,1719,,,,,,,,,,1,3,Dépendance,,0,,,,,,2.148734,48.818785
2024-953669,2024-06-10,000001,Vente,314300,52,,AV DE VILLENEUVE L ETANG,3200,78000,78646,Versailles,78,,,78646000AO0195,,,1315,43.56,1733,,,,,,,,2,2,Appartement,43,1,,,,,,2.148734,48.818785
2024-953727,2024-06-26,000001,Vente,130000,22,,RUE DU GENERAL LECLERC,1145,78000,78646,Versailles,78,,,78646000BV0078,,,12,,,,,,,,,,1,2,Appartement,25,1,,,,,,2.126251,48.798816
2024-953736,2024-06-19,000001,Vente,25000,12,,AV DE PORCHEFONTAINE,2380,78000,78646,Versailles,78,,,78646000BK0021,,,1637,,,,,,,,,,1,3,Dépendance,,0,,,,,,2.152071,48.797176
2024-953740,2024-06-24,000001,Vente,1520000,19,,RUE DU MARECHAL GALLIENI,1812,78000,78646,Versailles,78,,,78646000AC0209,,,12,206.9,,,,,,,,,1,2,Appartement,210,9,,,,,,2.123665,48.811267
2024-953742,2024-06-18,000001,Vente,335330,60,,RUE DE MONTREUIL,2000,78000,78646,Versailles,78,,,78646000AY0270,,,112,58,140,,,,,,,,2,3,Dépendance,,0,,,,,,2.148581,48.804249
2024-953742,2024-06-18,000001,Vente,335330,60,,RUE DE MONTREUIL,2000,78000,78646,Versailles,78,,,78646000AY0270,,,228,,,,,,,,,,1,3,Dépendance,,0,,,,,,2.148581,48.804249
2024-953742,2024-06-18,000001,Vente,335330,60,,RUE DE MONTREUIL,2000,78000,78646,Versailles,78,,,78646000AY0270,,,112,58,140,,,,,,,,2,2,Appartement,59,2,,,,,,2.148581,48.804249
2024-953749,2024-06-12,000001,Vente,1432670,31,,RUE SAINT LOUIS,2810,78000,78646,Versailles,78,,,78646000BW0031,,,4,,,,,,,,,,1,3,Dépendance,,0,,,,,,2.129208,48.794201
2024-953749,2024-06-12,000001,Vente,1432670,31,,RUE SAINT LOUIS,2810,78000,78646,Versailles,78,,,78646000BW0031,,,3,,,,,,,,,,1,3,Dépendance,,0,,,,,,2.129208,48.794201
2024-953749,2024-06-12,000001,Vente,1432670,31,,RUE SAINT LOUIS,2810,78000,78646,Versailles,78,,,78646000BW0031,,,3,,,,,,,,,,1,3,Dépendance,,0,,,,,,2.129208,48.794201
2024-953749,2024-06-12,000001,Vente,1432670,31,,RUE SAINT LOUIS,2810,78000,78646,Versailles,78,,,78646000BW0031,,,4,,,,,,,,,,1,2,Appartement,106,3,,,,,,2.129208,48.794201
2024-953749,2024-06-12,000001,Vente,1432670,31,,RUE SAINT LOUIS,2810,78000,78646,Versailles,78,,,78646000BW0031,,,3,,,,,,,,,,1,2,Appartement,130,4,,,,,,2.129208,48.794201
2024-953750,2024-05-31,000001,Vente,430000,139,,BD DE LA REINE,2520,78000,78646,Versailles,78,,,78646000AR0089,,,74,,92,,,,,,,,2,2,Appartement,91,4,,,,,,2.141375,48.808686
2024-953750,2024-05-31,000001,Vente,430000,139,,BD DE LA REINE,2520,78000,78646,Versailles,78,,,78646000AR0089,,,74,,92,,,,,,,,2,3,Dépendance,,0,,,,,,2.141375,48.808686
2024-953750,2024-05-31,000001,Vente,430000,139,,BD DE LA REINE,2520,78000,78646,Versailles,78,,,78646000AR0089,,,128,,,,,,,,,,1,3,Dépendance,,0,,,,,,2.141375,48.808686
2024-953750,2024-05-31,000001,Vente,430000,139,,BD DE LA REINE,2520,78000,78646,Versailles,78,,,78646000AR0089,,,95,,,,,,,,,,1,3,Dépendance,,0,,,,,,2.141375,48.808686
2024-953781,2024-06-20,000001,Vente,232700,12,,AV DE PORCHEFONTAINE,2380,78000,78646,Versailles,78,,,78646000BK0021,,,736,,753,37.67,,,,,,,2,2,Appartement,37,1,,,,,,2.152071,48.797176
2024-953781,2024-06-20,000001,Vente,232700,12,,AV DE PORCHEFONTAINE,2380,78000,78646,Versailles,78,,,78646000BK0021,,,1808,,,,,,,,,,1,3,Dépendance,,0,,,,,,2.152071,48.797176
2024-953781,2024-06-20,000001,Vente,232700,12,,AV DE PORCHEFONTAINE,2380,78000,78646,Versailles,78,,,78646000BK0021,,,736,,753,37.67,,,,,,,2,3,Dépendance,,0,,,,,,2.152071,48.797176
2024-953805,2024-06-17,000001,Vente,149000,8,,AV DU GEN DE GAULLE,1143,78000,78646,Versailles,78,,,78646000AH0225,,,55,47.17,92,,,,,,,,2,2,Appartement,50,2,,,,,,2.128298,48.801276
2024-953805,2024-06-17,000001,Vente,149000,8,,AV DU GEN DE GAULLE,1143,78000,78646,Versailles,78,,,78646000AH0225,,,55,47.17,92,,,,,,,,2,3,Dépendance,,0,,,,,,2.128298,48.801276
2024-953811,2024-06-27,000001,Vente,180000,13,,PAS DU MARQUIS DE LA LONDE,1858,78000,78646,Versailles,78,,,78646000AH0226,,,136,23.63,465,,,,,,,,2,3,Dépendance,,0,,,,,,2.126268,48.79975
2024-953811,2024-06-27,000001,Vente,180000,13,,PAS DU MARQUIS DE LA LONDE,1858,78000,78646,Versailles,78,,,78646000AH0226,,,136,23.63,465,,,,,,,,2,2,Appartement,24,1,,,,,,2.126268,48.79975
2024-953823,2024-06-27,000001,Vente en l'état futur d'achèvement,673800,,,LA SABLIERE,B029,78000,78646,Versailles,78,,,78646000BY0121,,,11,,,,,,,,,,1,,,,,,,,,,2.079148,48.803081
2024-953840,2024-06-20,000001,Vente,20000,31,,BD ST ANTOINE,2690,78000,78646,Versailles,78,,,78646000AB0036,,,23,,,,,,,,,,1,3,Dépendance,,0,,,,,,2.122763,48.817045
2024-953840,2024-06-20,000001,Vente,20000,31,,BD ST ANTOINE,2690,78000,78646,Versailles,78,,,78646000AB0036,,,24,,,,,,,,,,1,3,Dépendance,,0,,,,,,2.122763,48.817045
2024-953843,2024-06-20,000001,Vente,214000,14,,RUE MONTBAURON,1970,78000,78646,Versailles,78,,,78646000BP0017,,,69,29.6,,,,,,,,,1,4,Local industriel. commercial ou assimilé,30,0,,,,,,2.135632,48.803902
2024-953844,2024-06-27,000001,Vente en l'état futur d'achèvement,50000,,,LA SABLIERE,B029,78000,78646,Versailles,78,,,78646000BY0110,,,181,,,,,,,,,,1,,,,,,,,,,2.078228,48.802624
2024-953844,2024-06-27,000001,Vente en l'état futur d'achèvement,50000,,,LA SABLIERE,B029,78000,78646,Versailles,78,,,78646000BY0110,,,180,,,,,,,,,,1,,,,,,,,,,2.078228,48.802624
2024-953895,2024-06-28,000001,Vente,140000,18,,RUE DES BOURDONNAIS,0400,78000,78646,Versailles,78,,,78646000BV0175,,,21,,22,19.59,,,,,,,2,3,Dépendance,,0,,,,,,2.124786,48.795771
2024-953895,2024-06-28,000001,Vente,140000,18,,RUE DES BOURDONNAIS,0400,78000,78646,Versailles,78,,,78646000BV0175,,,21,,22,19.59,,,,,,,2,2,Appartement,18,1,,,,,,2.124786,48.795771
2024-953896,2024-06-26,000001,Vente,20000,53,,AV DE PARIS,2180,78000,78646,Versailles,78,,,78646000BP0132,,,137,,,,,,,,,,1,3,Dépendance,,0,,,,,,2.1408,48.800274
2024-953909,2024-06-13,000001,Vente,30000,8,,RUE DES TOURNELLES,3050,78000,78646,Versailles,78,,,78646000BV0119,,,43,,,,,,,,,,1,3,Dépendance,,0,,,,,,2.126141,48.798137
2024-953921,2024-06-03,000001,Vente,988000,15,B,RUE DU PARC DE CLAGNY,2171,78000,78646,Versailles,78,,,78646000AK0217,,,18,77.79,,,,,,,,,1,2,Appartement,99,4,,,,,,2.140182,48.810961
2024-953921,2024-06-03,000001,Vente,988000,15,B,RUE DU PARC DE CLAGNY,2171,78000,78646,Versailles,78,,,78646000AK0217,,,44,,,,,,,,,,1,3,Dépendance,,0,,,,,,2.140182,48.810961
2024-953921,2024-06-03,000001,Vente,988000,15,B,RUE DU PARC DE CLAGNY,2171,78000,78646,Versailles,78,,,78646000AK0217,,,19,,,,,,,,,,1,3,Dépendance,,0,,,,,,2.140182,48.810961
2024-953934,2024-06-27,000001,Vente,290000,6,,RUE DE MONTREUIL,2000,78000,78646,Versailles,78,,,78646000AX0277,,,32,51.35,,,,,,,,,1,4,Local industriel. commercial ou assimilé,62,0,,,,,,2.142149,48.805257
2024-953935,2024-06-10,000001,Vente,551000,27,,RUE DE MONTREUIL,2000,78000,78646,Versailles,78,,,78646000AX0293,,,7,67.3,,,,,,,,,1,2,Appartement,66,4,,,,,,2.144128,48.805256
2024-953938,2024-06-14,000001,Vente,264300,51,B,RUE PORTE DE BUC,2390,78000,78646,Versailles,78,,,78646000BM0014,,,12,,2,45.69,,,,,,,2,3,Dépendance,,0,,,,,,2.135472,48.789964
2024-953938,2024-06-14,000001,Vente,264300,51,,RUE PORTE DE BUC,2390,78000,78646,Versailles,78,,,78646000BM0014,,,52,,,,,,,,,,1,3,Dépendance,,0,,,,,,2.135472,48.789964
2024-953938,2024-06-14,000001,Vente,264300,51,B,RUE PORTE DE BUC,2390,78000,78646,Versailles,78,,,78646000BM0014,,,12,,2,45.69,,,,,,,2,2,Appartement,46,2,,,,,,2.135472,48.789964
2024-953938,2024-06-14,000001,Vente,264300,51,B,RUE PORTE DE BUC,2390,78000,78646,Versailles,78,,,78646000BM0014,,,53,,,,,,,,,,1,3,Dépendance,,0,,,,,,2.135472,48.789964
2024-953974,2024-06-12,000001,Vente,265000,58,,RUE DES CHANTIERS,0530,78000,78646,Versailles,78,,,78646000BL0327,,,181,45.35,333,,,,,,,,2,3,Dépendance,,0,,,,,,2.142467,48.792993
2024-953974,2024-06-12,000001,Vente,265000,58,,RUE DES CHANTIERS,0530,78000,78646,Versailles,78,,,78646000BL0327,,,181,45.35,333,,,,,,,,2,2,Appartement,49,2,,,,,,2.142467,48.792993
2024-953976,2024-06-19,000001,Vente,142000,30,,RUE DES BOURDONNAIS,0400,78000,78646,Versailles,78,,,78646000BW0016,,,3,16.49,,,,,,,,,1,3,Dépendance,,0,,,,,,2.127366,48.795131
2024-953976,2024-06-19,000001,Vente,142000,30,,RUE DES BOURDONNAIS,0400,78000,78646,Versailles,78,,,78646000BW0016,,,3,16.49,,,,,,,,,1,2,Appartement,18,1,,,,,,2.127366,48.795131
2024-953978,2024-06-10,000001,Vente,246000,6,,RUE DU VIEUX VERSAILLES,3180,78000,78646,Versailles,78,,,78646000AH0024,,,5,,65,,66,38.63,,,,,3,2,Appartement,41,2,,,,,,2.121467,48.800989
2024-953978,2024-06-10,000001,Vente,246000,6,,RUE DU VIEUX VERSAILLES,3180,78000,78646,Versailles,78,,,78646000AH0024,,,5,,66,38.63,,,,,,,2,3,Dépendance,,0,,,,,,2.121467,48.800989
2024-953990,2024-06-18,000001,Vente en l'état futur d'achèvement,421000,,,LA SABLIERE,B029,78000,78646,Versailles,78,,,78646000BY0108,,,465,,,,,,,,,,1,,,,,,,,,,2.079319,48.802074
2024-953990,2024-06-18,000001,Vente en l'état futur d'achèvement,421000,,,LA SABLIERE,B029,78000,78646,Versailles,78,,,78646000BY0108,,,307,,,,,,,,,,1,,,,,,,,,,2.079319,48.802074
2024-954007,2024-06-27,000001,Vente,270000,17,T,RUE DU PONT COLBERT,2370,78000,78646,Versailles,78,,,78646000BI0022,,,441,,,,,,,,,,1,2,Appartement,65,4,,,,,,2.149624,48.789909
2024-954007,2024-06-27,000001,Vente,270000,17,T,RUE DU PONT COLBERT,2370,78000,78646,Versailles,78,,,78646000BI0022,,,441,,,,,,,,,,1,3,Dépendance,,0,,,,,,2.149624,48.789909
2024-954017,2024-06-18,000001,Vente,721500,2,,RUE ALBERT JOLY,0050,78000,78646,Versailles,78,,,78646000AK0155,,,20,,9,106.4,,,,,,,2,3,Dépendance,,0,,,,,,2.134916,48.810644
2024-954017,2024-06-18,000001,Vente,721500,2,,RUE ALBERT JOLY,0050,78000,78646,Versailles,78,,,78646000AK0155,,,20,,9,106.4,,,,,,,2,2,Appartement,122,5,,,,,,2.134916,48.810644
2024-954017,2024-06-18,000001,Vente,721500,2,,RUE ALBERT JOLY,0050,78000,78646,Versailles,78,,,78646000AK0155,,,28,,,,,,,,,,1,3,Dépendance,,0,,,,,,2.134916,48.810644
2024-954080,2024-06-24,000001,Vente,380620,21,,RUE DES CELESTINS,0470,78000,78646,Versailles,78,,,78646000BK0117,,,,,,,,,,,,,0,3,Dépendance,,0,S,sols,,,193,2.154062,48.794491
2024-954080,2024-06-24,000001,Vente,380620,21,,RUE DES CELESTINS,0470,78000,78646,Versailles,78,,,78646000BK0117,,,,,,,,,,,,,0,1,Maison,42,2,S,sols,,,193,2.154062,48.794491
2024-954103,2024-06-10,000001,Vente,179780,10,,RUE SAINT MEDERIC,2840,78000,78646,Versailles,78,,,78646000BT0100,,,1,29.71,,,,,,,,,1,2,Appartement,29,2,,,,,,2.127618,48.796103
2024-954109,2024-06-21,000001,Vente,651100,2,,RUE ALEXIS DE TOCQUEVILLE,0128,78000,78646,Versailles,78,,,78646000BS0226,,,4282,,,,,,,,,,1,3,Dépendance,,0,,,,,,2.132076,48.794722
2024-954109,2024-06-21,000001,Vente,651100,2,,RUE ALEXIS DE TOCQUEVILLE,0128,78000,78646,Versailles,78,,,78646000BS0226,,,4170,85.58,,,,,,,,,1,2,Appartement,85,4,,,,,,2.132076,48.794722
2024-954127,2024-06-25,000001,Vente,225000,8,,RUE DE FONTENAY,1050,78000,78646,Versailles,78,,,78646000AH0091,,,604,,946,,,,,,,,2,2,Appartement,25,1,,,,,,2.124624,48.800951
2024-954127,2024-06-25,000001,Vente,225000,8,,RUE DE FONTENAY,1050,78000,78646,Versailles,78,,,78646000AH0091,,,910,,,,,,,,,,1,3,Dépendance,,0,,,,,,2.124624,48.800951
2024-954127,2024-06-25,000001,Vente,225000,8,,RUE DE FONTENAY,1050,78000,78646,Versailles,78,,,78646000AH0091,,,604,,946,,,,,,,,2,3,Dépendance,,0,,,,,,2.124624,48.800951
2024-954163,2024-06-18,000001,Vente,205000,14,,RUE DES ETATS GENERAUX,0980,78000,78646,Versailles,78,,,78646000BR0044,,,2,,22,38.89,40,,,,,,3,2,Appartement,38,2,,,,,,2.132804,48.799526
2024-954179,2024-06-27,000001,Echange,405000,27,,RUE SAINTE VICTOIRE,2920,78000,78646,Versailles,78,,,78646000AD0257,,,23,,32,,,,,,,,2,3,Dépendance,,0,,,,,,2.131886,48.812336
2024-954179,2024-06-27,000001,Echange,405000,27,,RUE SAINTE VICTOIRE,2920,78000,78646,Versailles,78,,,78646000AD0257,,,23,,32,,,,,,,,2,2,Appartement,56,3,,,,,,2.131886,48.812336
2024-954179,2024-06-27,000001,Echange,405000,27,,RUE SAINTE VICTOIRE,2920,78000,78646,Versailles,78,,,78646000AD0257,,,32,,,,,,,,,,1,2,Appartement,69,3,,,,,,2.131886,48.812336
2024-954179,2024-06-27,000001,Echange,405000,27,,RUE SAINTE VICTOIRE,2920,78000,78646,Versailles,78,,,78646000AD0257,,,32,,,,,,,,,,1,3,Dépendance,,0,,,,,,2.131886,48.812336
2024-954180,2024-06-27,000002,Echange,555000,15,T,RUE BORGNIS DESBORDES,0395,78000,78646,Versailles,78,,,78646000BW0055,,,40,,89,,,,,,,,2,2,Appartement,78,4,,,,,,2.126233,48.79456
2024-954180,2024-06-27,000002,Echange,555000,15,T,RUE BORGNIS DESBORDES,0395,78000,78646,Versailles,78,,,78646000BW0055,,,40,,89,,,,,,,,2,3,Dépendance,,0,,,,,,2.126233,48.79456
2024-954190,2024-07-01,000001,Vente,330000,115,,AV DE PARIS,2180,78000,78646,Versailles,78,,,78646000BC0062,,,274,,,,,,,,,,1,3,Dépendance,,0,,,,,,2.157995,48.800801
2024-954190,2024-07-01,000001,Vente,330000,115,,AV DE PARIS,2180,78000,78646,Versailles,78,,,78646000BC0062,,,111,85.44,79,,,,,,,,2,3,Dépendance,,0,,,,,,2.157995,48.800801
2024-954190,2024-07-01,000001,Vente,330000,115,,AV DE PARIS,2180,78000,78646,Versailles,78,,,78646000BC0062,,,111,85.44,79,,,,,,,,2,2,Appartement,97,3,,,,,,2.157995,48.800801
2024-954213,2024-06-28,000001,Vente,830000,3,,RUE GIRARDON,1240,78000,78646,Versailles,78,,,78646000BD0176,,,,,,,,,,,,,0,1,Maison,76,4,S,sols,,,365,,
2024-954213,2024-06-28,000001,Vente,830000,3,,RUE GIRARDON,1240,78000,78646,Versailles,78,,,78646000BD0176,,,,,,,,,,,,,0,1,Maison,50,2,S,sols,,,365,,
2024-954213,2024-06-28,000001,Vente,830000,3,,RUE GIRARDON,1240,78000,78646,Versailles,78,,,78646000BD0176,,,,,,,,,,,,,0,1,Maison,30,2,S,sols,,,365,,
2024-954240,2024-06-24,000001,Vente,21500,12,,AV DE PORCHEFONTAINE,2380,78000,78646,Versailles,78,,,78646000BK0021,,,1684,,,,,,,,,,1,3,Dépendance,,0,,,,,,2.152071,48.797176
2024-954249,2024-07-02,000001,Vente,1312940,10,,AV DU PROGRES,2450,78000,78646,Versailles,78,,,78646000AM0130,,,,,,,,,,,,,0,1,Maison,191,6,S,sols,,,402,2.140279,48.823338
2024-954253,2024-06-24,000001,Vente,444000,50,,AV DE VILLENEUVE L ETANG,3200,78000,78646,Versailles,78,,,78646000AO0162,,,307,90.84,324,,,,,,,,2,3,Dépendance,,0,,,,,,2.148061,48.818119
2024-954253,2024-06-24,000001,Vente,444000,50,,AV DE VILLENEUVE L ETANG,3200,78000,78646,Versailles,78,,,78646000AO0162,,,160,,,,,,,,,,1,3,Dépendance,,0,,,,,,2.148061,48.818119
2024-954253,2024-06-24,000001,Vente,444000,50,,AV DE VILLENEUVE L ETANG,3200,78000,78646,Versailles,78,,,78646000AO0162,,,307,90.84,324,,,,,,,,2,2,Appartement,92,4,,,,,,2.148061,48.818119
2024-954253,2024-06-24,000001,Vente,444000,50,,AV DE VILLENEUVE L ETANG,3200,78000,78646,Versailles,78,,,78646000AO0162,,,307,90.84,324,,,,,,,,2,3,Dépendance,,0,,,,,,2.148061,48.818119
2024-954254,2024-06-24,000001,Vente,469000,19,,RUE JEAN DE LA BRUYERE,1560,78000,78646,Versailles,78,,,78646000AO0001,,,142,,157,85.54,,,,,,,2,3,Dépendance,,0,,,,,,2.145961,48.812878
2024-954254,2024-06-24,000001,Vente,469000,15,,RUE JEAN DE LA BRUYERE,1560,78000,78646,Versailles,78,,,78646000AO0001,,,372,,,,,,,,,,1,3,Dépendance,,0,,,,,,2.145961,48.812878
2024-954254,2024-06-24,000001,Vente,469000,19,,RUE JEAN DE LA BRUYERE,1560,78000,78646,Versailles,78,,,78646000AO0001,,,142,,157,85.54,,,,,,,2,2,Appartement,86,4,,,,,,2.145961,48.812878
2024-954256,2024-07-01,000001,Vente,570000,59,,RUE D ANJOU,0190,78000,78646,Versailles,78,,,78646000BT0063,,,10,,,,,,,,,,1,3,Dépendance,,0,,,,,,2.130008,48.79641
2024-954256,2024-07-01,000001,Vente,570000,59,,RUE D ANJOU,0190,78000,78646,Versailles,78,,,78646000BT0063,,,30,,,,,,,,,,1,3,Dépendance,,0,,,,,,2.130008,48.79641
2024-954256,2024-07-01,000001,Vente,570000,59,,RUE D ANJOU,0190,78000,78646,Versailles,78,,,78646000BT0063,,,12,,,,,,,,,,1,3,Dépendance,,0,,,,,,2.130008,48.79641
2024-954256,2024-07-01,000001,Vente,570000,59,,RUE D ANJOU,0190,78000,78646,Versailles,78,,,78646000BT0063,,,12,,,,,,,,,,1,3,Dépendance,,0,,,,,,2.130008,48.79641
2024-954256,2024-07-01,000001,Vente,570000,59,,RUE D ANJOU,0190,78000,78646,Versailles,78,,,78646000BT0063,,,10,,,,,,,,,,1,2,Appartement,98,4,,,,,,2.130008,48.79641
2024-954260,2024-06-27,000001,Vente,85000,30,,RUE HENRI SIMON,1330,78000,78646,Versailles,78,,,78646000AW0006,,,86,14.82,,,,,,,,,1,2,Appartement,14,1,,,,,,2.15013,48.808121
2024-954272,2024-07-02,000001,Vente,1155932,13,B,RUE NEUVE NOTRE DAME,2040,78000,78646,Versailles,78,,,78646000AE0018,,,3,92,,,,,,,,,1,2,Appartement,98,4,,,,,,2.127824,48.80885
2024-954272,2024-07-02,000001,Vente,1155932,13,B,RUE NEUVE NOTRE DAME,2040,78000,78646,Versailles,78,,,78646000AE0018,,,3,92,,,,,,,,,1,3,Dépendance,,0,,,,,,2.127824,48.80885
2024-954272,2024-07-02,000001,Vente,1155932,13,B,RUE NEUVE NOTRE DAME,2040,78000,78646,Versailles,78,,,78646000AE0018,,,3,92,,,,,,,,,1,3,Dépendance,,0,,,,,,2.127824,48.80885
2024-954275,2024-06-14,000001,Vente,745950,60,,BD DE LA REINE,2520,78000,78646,Versailles,78,,,78646000AE0038,,,105,,137,,,,,,,,2,3,Dépendance,,0,,,,,,2.131491,48.808781
2024-954275,2024-06-14,000001,Vente,745950,60,,BD DE LA REINE,2520,78000,78646,Versailles,78,,,78646000AE0038,,,105,,137,,,,,,,,2,2,Appartement,101,4,,,,,,2.131491,48.808781
2024-954275,2024-06-14,000001,Vente,745950,60,,BD DE LA REINE,2520,78000,78646,Versailles,78,,,78646000AE0038,,,120,,,,,,,,,,1,3,Dépendance,,0,,,,,,2.131491,48.808781
2024-954279,2024-07-02,000001,Vente en l'état futur d'achèvement,774000,104,,AV DE PARIS,2180,78000,78646,Versailles,78,,,78646000BK0019,,,20,,,,,,,,,,1,2,Appartement,93,4,,,,,,2.150393,48.797197
2024-954279,2024-07-02,000001,Vente en l'état futur d'achèvement,774000,104,,AV DE PARIS,2180,78000,78646,Versailles,78,,,78646000BK0019,,,103,,,,,,,,,,1,3,Dépendance,,0,,,,,,2.150393,48.797197
2024-954287,2024-06-28,000001,Vente,587000,27,,RUE LAFAYETTE,1580,78000,78646,Versailles,78,,,78646000AD0220,,,49,,,,,,,,,,1,3,Dépendance,,0,,,,,,2.128157,48.81239
2024-954287,2024-06-28,000001,Vente,587000,27,B,RUE LAFAYETTE,1580,78000,78646,Versailles,78,,,78646000AD0220,,,146,80.03,94,,,,,,,,2,3,Dépendance,,0,,,,,,2.128157,48.81239
2024-954287,2024-06-28,000001,Vente,587000,27,B,RUE LAFAYETTE,1580,78000,78646,Versailles,78,,,78646000AD0220,,,146,80.03,94,,,,,,,,2,2,Appartement,89,4,,,,,,2.128157,48.81239
2024-954316,2024-06-18,000001,Vente,97500,32,,RUE CARNOT,0440,78000,78646,Versailles,78,,,78646000AE0307,,,12,12.92,,,,,,,,,1,3,Dépendance,,0,,,,,,2.129306,48.805499
2024-954325,2024-07-04,000001,Vente,877200,9,,RUE SAINT LOUIS,2810,78000,78646,Versailles,78,,,78646000BV0184,,,13,,27,,45,,,,,,3,2,Appartement,109,4,,,,,,2.124317,48.795686
2024-954325,2024-07-04,000001,Vente,877200,9,,RUE SAINT LOUIS,2810,78000,78646,Versailles,78,,,78646000BV0184,,,13,,27,,45,,,,,,3,3,Dépendance,,0,,,,,,2.124317,48.795686
2024-954325,2024-07-04,000001,Vente,877200,9,,RUE SAINT LOUIS,2810,78000,78646,Versailles,78,,,78646000BV0184,,,13,,27,,45,,,,,,3,3,Dépendance,,0,,,,,,2.124317,48.795686
2024-954328,2024-07-09,000001,Vente,210140,37,,RUE DE LA CEINTURE,0460,78000,78646,Versailles,78,,,78646000AV0409,,,16,,39,,,,,,,,2,2,Appartement,56,3,,,,,,2.156285,48.808833
2024-954328,2024-07-09,000001,Vente,210140,37,,RUE DE LA CEINTURE,0460,78000,78646,Versailles,78,,,78646000AV0409,,,16,,39,,,,,,,,2,3,Dépendance,,0,,,,,,2.156285,48.808833
2024-954339,2024-07-05,000001,Vente,103000,52,,AV DE SAINT CLOUD,2730,78000,78646,Versailles,78,,,78646000BP0007,,,4,14.67,,,,,,,,,1,2,Appartement,20,2,,,,,,2.13678,48.804946
2024-954368,2024-06-24,000001,Vente,145000,3,,AV DE PORCHEFONTAINE,2380,78000,78646,Versailles,78,,,78646000BD0157,,,146,27.06,65,,,,,,,,2,2,Appartement,26,1,,,,,,2.15451,48.797411
2024-954368,2024-06-24,000001,Vente,145000,3,,AV DE PORCHEFONTAINE,2380,78000,78646,Versailles,78,,,78646000BD0157,,,146,27.06,65,,,,,,,,2,3,Dépendance,,0,,,,,,2.15451,48.797411
2024-954389,2024-07-02,000001,Vente,793644,15,,RUE HOCHE,1350,78000,78646,Versailles,78,,,78646000AE0199,,,14,92.24,27,,,,,,,,2,3,Dépendance,,0,,,,,,2.127689,48.806878
2024-954389,2024-07-02,000001,Vente,793644,15,,RUE HOCHE,1350,78000,78646,Versailles,78,,,78646000AE0199,,,14,92.24,27,,,,,,,,2,2,Appartement,88,3,,,,,,2.127689,48.806878
2024-954397,2024-06-28,000001,Vente,275000,13,,RUE DE VERGENNES,3150,78000,78646,Versailles,78,,,78646000BN0016,,,1,47.2,13,,20,,21,,22,,5,2,Appartement,70,3,,,,,,2.13809,48.798954
2024-954397,2024-06-28,000001,Vente,275000,13,,RUE DE VERGENNES,3150,78000,78646,Versailles,78,,,78646000BN0016,,,1,47.2,13,,20,,21,,22,,5,3,Dépendance,,0,,,,,,2.13809,48.798954
2024-954412,2024-06-27,000001,Vente en l'état futur d'achèvement,1062000,,,LA SABLIERE,B029,78000,78646,Versailles,78,,,78646000BY0110,,,231,,,,,,,,,,1,,,,,,,,,,2.078228,48.802624
2024-954412,2024-06-27,000001,Vente en l'état futur d'achèvement,1062000,,,LA SABLIERE,B029,78000,78646,Versailles,78,,,78646000BY0110,,,232,,,,,,,,,,1,,,,,,,,,,2.078228,48.802624
2024-954412,2024-06-27,000001,Vente en l'état futur d'achèvement,1062000,,,LA SABLIERE,B029,78000,78646,Versailles,78,,,78646000BY0177,,,,,,,,,,,,,0,,,,,S,sols,,,134,2.079359,48.80332
2024-954412,2024-06-27,000001,Vente en l'état futur d'achèvement,1062000,,,LA SABLIERE,B029,78000,78646,Versailles,78,,,78646000BY0178,,,,,,,,,,,,,0,,,,,S,sols,,,11,2.079309,48.803287
2024-954417,2024-07-04,000001,Vente,80000,19,,RUE DES BOURDONNAIS,0400,78000,78646,Versailles,78,,,78646000BT0207,,,15,13.4,,,,,,,,,1,2,Appartement,13,1,,,,,,2.126637,48.795652
2024-954420,2024-07-02,000001,Vente,40000,15,,RUE HOCHE,1350,78000,78646,Versailles,78,,,78646000AE0199,,,49,,,,,,,,,,1,3,Dépendance,,0,,,,,,2.127689,48.806878
2024-954449,2024-07-01,000001,Vente,655000,57,,RUE DU MAL FOCH,1810,78000,78646,Versailles,78,,,78646000AD0316,,,19,72.64,39,,,,,,,,2,2,Appartement,76,2,,,,,,2.134323,48.811029
2024-954449,2024-07-01,000001,Vente,655000,57,,RUE DU MAL FOCH,1810,78000,78646,Versailles,78,,,78646000AD0316,,,61,,,,,,,,,,1,3,Dépendance,,0,,,,,,2.134323,48.811029
2024-954449,2024-07-01,000001,Vente,655000,57,,RUE DU MAL FOCH,1810,78000,78646,Versailles,78,,,78646000AD0316,,,19,72.64,39,,,,,,,,2,3,Dépendance,,0,,,,,,2.134323,48.811029
2024-954491,2024-06-27,000001,Vente,395000,2,,RUE VAUBAN,3110,78000,78646,Versailles,78,,,78646000BC0030,,,111,,51,73.95,,,,,,,2,3,Dépendance,,0,,,,,,2.154441,48.799454
2024-954491,2024-06-27,000001,Vente,395000,2,,RUE VAUBAN,3110,78000,78646,Versailles,78,,,78646000BC0030,,,171,,,,,,,,,,1,3,Dépendance,,0,,,,,,2.154441,48.799454
2024-954491,2024-06-27,000001,Vente,395000,2,,RUE VAUBAN,3110,78000,78646,Versailles,78,,,78646000BC0030,,,111,,51,73.95,,,,,,,2,2,Appartement,78,4,,,,,,2.154441,48.799454
2024-954500,2024-06-12,000001,Vente,1340000,7,,CHE DU JANICULE,1430,78000,78646,Versailles,78,,,78646000BP0049,,,,,,,,,,,,,0,3,Dépendance,,0,S,sols,,,337,2.139006,48.8043
2024-954500,2024-06-12,000001,Vente,1340000,7,,CHE DU JANICULE,1430,78000,78646,Versailles,78,,,78646000BP0049,,,,,,,,,,,,,0,1,Maison,154,6,S,sols,,,337,2.139006,48.8043
2024-954512,2024-07-09,000001,Vente,780000,59,,RUE DU MAL FOCH,1810,78000,78646,Versailles,78,,,78646000AD0490,,,303,,,,,,,,,,1,3,Dépendance,,0,,,,,,2.134228,48.811238
2024-954512,2024-07-09,000001,Vente,780000,59,,RUE DU MAL FOCH,1810,78000,78646,Versailles,78,,,78646000AD0490,,,212,81.82,,,,,,,,,1,2,Appartement,78,4,,,,,,2.134228,48.811238
2024-954515,2024-06-27,000001,Vente,90000,9,,PL ALEXANDRE 1E LOUIS BARTHOU,0100,78000,78646,Versailles,78,,,78646000AX0489,,,214,14.01,,,,,,,,,1,2,Appartement,14,1,,,,,,2.140761,48.806449
2024-954542,2024-07-09,000001,Vente,23000,57,,RUE EXELMANS,1020,78000,78646,Versailles,78,,,78646000AC0262,,,217,,,,,,,,,,1,3,Dépendance,,0,,,,,,2.126785,48.814611
2024-954607,2024-07-04,000001,Vente,430000,5,,BD JEUX OLYMPIQUES,1495,78000,78646,Versailles,78,,,78646000AZ0110,,,1021,101.11,873,,,,,,,,2,3,Dépendance,,0,,,,,,2.158672,48.8041
2024-954607,2024-07-04,000001,Vente,430000,5,,BD JEUX OLYMPIQUES,1495,78000,78646,Versailles,78,,,78646000AZ0110,,,1021,101.11,873,,,,,,,,2,2,Appartement,102,4,,,,,,2.158672,48.8041
2024-954607,2024-07-04,000001,Vente,430000,5,,RUE DE L ECOLE DES POSTES,0850,78000,78646,Versailles,78,,,78646000AZ0110,,,3463,,,,,,,,,,1,3,Dépendance,,0,,,,,,2.158672,48.8041
2024-954625,2024-07-09,000001,Vente,1122860,87,,AV DE SAINT CLOUD,2730,78000,78646,Versailles,78,,,78646000AI0233,,,20,,23,,6,154.2,,,,,3,2,Appartement,158,7,,,,,,2.139119,48.806033
2024-954625,2024-07-09,000001,Vente,1122860,87,,AV DE SAINT CLOUD,2730,78000,78646,Versailles,78,,,78646000AI0233,,,20,,23,,6,154.2,,,,,3,3,Dépendance,,0,,,,,,2.139119,48.806033
2024-954626,2024-07-02,000001,Vente,756100,41,,RUE DE LA PAROISSE,2190,78000,78646,Versailles,78,,,78646000AE0114,,,54,,55,,,,,,,,2,3,Dépendance,,0,,,,,,2.129892,48.80746
2024-954626,2024-07-02,000001,Vente,756100,41,,RUE DE LA PAROISSE,2190,78000,78646,Versailles,78,,,78646000AE0114,,,54,,55,,,,,,,,2,3,Dépendance,,0,,,,,,2.129892,48.80746
2024-954626,2024-07-02,000001,Vente,756100,41,,RUE DE LA PAROISSE,2190,78000,78646,Versailles,78,,,78646000AE0114,,,62,,,,,,,,,,1,3,Dépendance,,0,,,,,,2.129892,48.80746
2024-954626,2024-07-02,000001,Vente,756100,41,,RUE DE LA PAROISSE,2190,78000,78646,Versailles,78,,,78646000AE0114,,,54,,55,,,,,,,,2,2,Appartement,76,3,,,,,,2.129892,48.80746
2024-954632,2024-07-09,000001,Vente,437500,50,,AV DE VILLENEUVE L ETANG,3200,78000,78646,Versailles,78,,,78646000AO0162,,,180,,,,,,,,,,1,3,Dépendance,,0,,,,,,2.148061,48.818119
2024-954632,2024-07-09,000001,Vente,437500,50,,AV DE VILLENEUVE L ETANG,3200,78000,78646,Versailles,78,,,78646000AO0162,,,511,,535,106.36,,,,,,,2,3,Dépendance,,0,,,,,,2.148061,48.818119
2024-954632,2024-07-09,000001,Vente,437500,50,,AV DE VILLENEUVE L ETANG,3200,78000,78646,Versailles,78,,,78646000AO0162,,,511,,535,106.36,,,,,,,2,3,Dépendance,,0,,,,,,2.148061,48.818119
2024-954632,2024-07-09,000001,Vente,437500,50,,AV DE VILLENEUVE L ETANG,3200,78000,78646,Versailles,78,,,78646000AO0162,,,511,,535,106.36,,,,,,,2,2,Appartement,111,5,,,,,,2.148061,48.818119
2024-954634,2024-07-09,000001,Vente,324000,14,,RUE YVES LE COZ,3210,78000,78646,Versailles,78,,,78646000BD0034,,,,,,,,,,,,,0,3,Dépendance,,0,S,sols,,,166,2.160284,48.797763
2024-954634,2024-07-09,000001,Vente,324000,14,,RUE YVES LE COZ,3210,78000,78646,Versailles,78,,,78646000BD0034,,,,,,,,,,,,,0,1,Maison,62,3,S,sols,,,166,2.160284,48.797763
2024-954635,2024-06-25,000001,Vente,298000,1,,RUE VICTOR BART,3160,78000,78646,Versailles,78,,,78646000AS0002,,,42,,,,,,,,,,1,3,Dépendance,,0,,,,,,2.143697,48.810949
2024-954635,2024-06-25,000001,Vente,298000,1,,RUE VICTOR BART,3160,78000,78646,Versailles,78,,,78646000AS0002,,,11,55.09,25,,,,,,,,2,3,Dépendance,,0,,,,,,2.143697,48.810949
2024-954635,2024-06-25,000001,Vente,298000,1,,RUE VICTOR BART,3160,78000,78646,Versailles,78,,,78646000AS0002,,,11,55.09,25,,,,,,,,2,2,Appartement,35,2,,,,,,2.143697,48.810949
2024-954637,2024-07-10,000001,Vente,440000,5,,RUE DE L ECOLE DES POSTES,0850,78000,78646,Versailles,78,,,78646000AZ0110,,,3387,,,,,,,,,,1,3,Dépendance,,0,,,,,,2.158672,48.8041
2024-954637,2024-07-10,000001,Vente,440000,5,,AV DE LA TRANQUILLITE,3055,78000,78646,Versailles,78,,,78646000AZ0110,,,566,,771,,,,,,,,2,2,Appartement,117,5,,,,,,2.158672,48.8041
2024-954637,2024-07-10,000001,Vente,440000,5,,AV DE LA TRANQUILLITE,3055,78000,78646,Versailles,78,,,78646000AZ0110,,,566,,771,,,,,,,,2,3,Dépendance,,0,,,,,,2.158672,48.8041
2024-954648,2024-07-08,000001,Vente,545814,27,,RUE LAFAYETTE,1580,78000,78646,Versailles,78,,,78646000AD0220,,,46,,,,,,,,,,1,3,Dépendance,,0,,,,,,2.128157,48.81239
2024-954648,2024-07-08,000001,Vente,545814,27,B,RUE LAFAYETTE,1580,78000,78646,Versailles,78,,,78646000AD0220,,,143,64.31,97,,,,,,,,2,3,Dépendance,,0,,,,,,2.128157,48.81239
2024-954648,2024-07-08,000001,Vente,545814,27,B,RUE LAFAYETTE,1580,78000,78646,Versailles,78,,,78646000AD0220,,,143,64.31,97,,,,,,,,2,2,Appartement,69,3,,,,,,2.128157,48.81239
2024-954649,2024-07-02,000001,Vente,31000,2,,RUE JEAN MERMOZ,1460,78000,78646,Versailles,78,,,78646000BN0167,,,606,,,,,,,,,,1,3,Dépendance,,0,,,,,,2.142752,48.797871
2024-954654,2024-06-21,000001,Vente,1684650,7,,ALL DES CAPUCINS,0435,78000,78646,Versailles,78,,,78646000AM0190,,,,,,,,,,,,,0,1,Maison,180,5,S,sols,,,507,2.143602,48.823329
2024-954654,2024-06-21,000001,Vente,1684650,7,,ALL DES CAPUCINS,0435,78000,78646,Versailles,78,,,78646000AM0190,,,,,,,,,,,,,0,4,Local industriel. commercial ou assimilé,12,0,S,sols,,,507,2.143602,48.823329
2024-954658,2024-07-10,000001,Vente,421000,36,,RUE JEAN DE LA FONTAINE,1439,78000,78646,Versailles,78,,,78646000BE0196,,,7,,9,,,,,,,,2,2,Appartement,58,4,,,,,,2.15967,48.796513
2024-954661,2024-06-26,000001,Vente,210000,1,,RUE DE L ASSEMBLEE NATIONALE,0230,78000,78646,Versailles,78,,,78646000BR0054,,,56,43.37,,,,,,,,,1,2,Appartement,38,1,,,,,,2.13419,48.800225
2024-954664,2024-07-09,000001,Vente,217300,26,,RUE BORGNIS DESBORDES,0395,78000,78646,Versailles,78,,,78646000BW0229,,,8,29.13,,,,,,,,,1,2,Appartement,28,1,,,,,,2.127876,48.793355
2024-954700,2024-07-09,000001,Vente,44000,28,,RUE DES ETATS GENERAUX,0980,78000,78646,Versailles,78,,,78646000BR0125,,,20,,,,,,,,,,1,3,Dépendance,,0,,,,,,2.134083,48.798177
2024-954710,2024-07-01,000001,Vente,15000,26,,RUE DU VIEUX VERSAILLES,3180,78000,78646,Versailles,78,,,78646000AH0120,,,210,,,,,,,,,,1,3,Dépendance,,0,,,,,,2.123455,48.800394
2024-954718,2024-07-10,000001,Vente,387500,152,,AV DE PARIS,2180,78000,78646,Versailles,78,,,78646000BD0145,,,18,,9,,,,,,,,2,3,Dépendance,,0,,,,,,2.156444,48.797843
2024-954718,2024-07-10,000001,Vente,387500,152,,AV DE PARIS,2180,78000,78646,Versailles,78,,,78646000BD0145,,,18,,9,,,,,,,,2,2,Appartement,63,2,,,,,,2.156444,48.797843
2024-954728,2024-07-02,000001,Vente,582000,20,,RUE DU REFUGE,2510,78000,78646,Versailles,78,,,78646000BP0214,,,32,83.97,88,,,,,,,,2,2,Appartement,85,4,,,,,,2.144111,48.803556
2024-954728,2024-07-02,000001,Vente,582000,20,,RUE DU REFUGE,2510,78000,78646,Versailles,78,,,78646000BP0214,,,117,,,,,,,,,,1,3,Dépendance,,0,,,,,,2.144111,48.803556
2024-954728,2024-07-02,000001,Vente,582000,20,,RUE DU REFUGE,2510,78000,78646,Versailles,78,,,78646000BP0214,,,32,83.97,88,,,,,,,,2,3,Dépendance,,0,,,,,,2.144111,48.803556
2024-954756,2024-07-09,000001,Vente,600000,20,,RUE DE PROVENCE,2460,78000,78646,Versailles,78,,,78646000AX0442,,,118,,,,,,,,,,1,3,Dépendance,,0,,,,,,2.140987,48.807165
2024-954756,2024-07-09,000001,Vente,600000,20,,RUE DE PROVENCE,2460,78000,78646,Versailles,78,,,78646000AX0442,,,257,,,,,,,,,,1,3,Dépendance,,0,,,,,,2.140987,48.807165
2024-954756,2024-07-09,000001,Vente,600000,20,,RUE DE PROVENCE,2460,78000,78646,Versailles,78,,,78646000AX0442,,,292,94.5,,,,,,,,,1,2,Appartement,94,4,,,,,,2.140987,48.807165
2024-954849,2024-07-04,000001,Vente,157000,25,,RUE DE L ORANGERIE,2110,78000,78646,Versailles,78,,,78646000AH0117,,,123,,14,,15,,,,,,3,3,Dépendance,,0,,,,,,2.123025,48.800375
2024-954855,2024-06-28,000001,Vente,22000,28,,RUE DE LA PAROISSE,2190,78000,78646,Versailles,78,,,78646000AE0188,,,9,,,,,,,,,,1,3,Dépendance,,0,,,,,,2.127676,48.807526
2024-954867,2024-07-15,000001,Vente,382965,1,,IMP NUNGESSER ET COLI,2090,78000,78646,Versailles,78,,,78646000BN0085,,,35,75.8,,,,,,,,,1,2,Appartement,73,3,,,,,,2.140783,48.796606
2024-954867,2024-07-15,000001,Vente,382965,2,,RUE JEAN MERMOZ,1460,78000,78646,Versailles,78,,,78646000BN0167,,,598,,,,,,,,,,1,3,Dépendance,,0,,,,,,2.142752,48.797871
2024-954876,2024-07-03,000001,Vente,1585000,15,B,RUE DU PARC DE CLAGNY,2171,78000,78646,Versailles,78,,,78646000AK0217,,,26,,,,,,,,,,1,3,Dépendance,,0,,,,,,2.140182,48.810961
2024-954876,2024-07-03,000001,Vente,1585000,15,B,RUE DU PARC DE CLAGNY,2171,78000,78646,Versailles,78,,,78646000AK0217,,,43,,,,,,,,,,1,3,Dépendance,,0,,,,,,2.140182,48.810961
2024-954876,2024-07-03,000001,Vente,1585000,15,B,RUE DU PARC DE CLAGNY,2171,78000,78646,Versailles,78,,,78646000AK0217,,,27,,,,,,,,,,1,3,Dépendance,,0,,,,,,2.140182,48.810961
2024-954876,2024-07-03,000001,Vente,1585000,15,B,RUE DU PARC DE CLAGNY,2171,78000,78646,Versailles,78,,,78646000AK0217,,,14,119.24,,,,,,,,,1,2,Appartement,140,5,,,,,,2.140182,48.810961
2024-954877,2024-07-01,000001,Vente,1535000,15,B,RUE DU PARC DE CLAGNY,2171,78000,78646,Versailles,78,,,78646000AK0217,,,5,141.3,,,,,,,,,1,2,Appartement,141,5,,,,,,2.140182,48.810961
2024-954897,2024-07-03,000001,Vente,24000,9,,PL ALEXANDRE 1E LOUIS BARTHOU,0100,78000,78646,Versailles,78,,,78646000AX0489,,,72,,,,,,,,,,1,3,Dépendance,,0,,,,,,2.140761,48.806449
2024-954933,2024-07-04,000001,Vente,363000,2,,RUE SAINT LOUIS,2810,78000,78646,Versailles,78,,,78646000BW0081,,,31,,6,50.51,,,,,,,2,3,Dépendance,,0,,,,,,2.122585,48.795743
2024-954933,2024-07-04,000001,Vente,363000,2,,RUE SAINT LOUIS,2810,78000,78646,Versailles,78,,,78646000BW0081,,,31,,6,50.51,,,,,,,2,2,Appartement,51,3,,,,,,2.122585,48.795743
2024-954942,2024-07-12,000001,Vente,604100,9,,AV DE SAINT CLOUD,2730,78000,78646,Versailles,78,,,78646000AE0311,,,112,78.06,134,,,,,,,,2,2,Appartement,50,3,,,,,,2.128848,48.805199
2024-954956,2024-07-12,000001,Vente,43000,9,,AV DE SAINT CLOUD,2730,78000,78646,Versailles,78,,,78646000AE0311,,,304,,,,,,,,,,1,3,Dépendance,,0,,,,,,2.128848,48.805199
2024-954962,2024-07-10,000001,Vente,210000,41,,RUE JEAN DE LA FONTAINE,1439,78000,78646,Versailles,78,,,78646000BE0172,,,,,,,,,,,,,0,1,Maison,55,3,S,sols,,,273,2.158783,48.795503
2024-954971,2024-07-09,000001,Vente,205000,72,,RUE DES CHANTIERS,0530,78000,78646,Versailles,78,,,78646000BL0325,,,16,,4,37.53,,,,,,,2,3,Dépendance,,0,,,,,,2.144076,48.792566
2024-954971,2024-07-09,000001,Vente,205000,72,,RUE DES CHANTIERS,0530,78000,78646,Versailles,78,,,78646000BL0325,,,16,,4,37.53,,,,,,,2,2,Appartement,31,2,,,,,,2.144076,48.792566
2024-955091,2024-07-11,000001,Vente,433520,3,,RUE DE LIMOGES,1660,78000,78646,Versailles,78,,,78646000BR0043,,,28,55.92,,,,,,,,,1,3,Dépendance,,0,,,,,,2.132405,48.799591
2024-955091,2024-07-11,000001,Vente,433520,3,,RUE DE LIMOGES,1660,78000,78646,Versailles,78,,,78646000BR0043,,,28,55.92,,,,,,,,,1,2,Appartement,61,3,,,,,,2.132405,48.799591
2024-955146,2024-07-17,000001,Vente,247000,56,,RUE MOLIERE,1940,78000,78646,Versailles,78,,,78646000BL0403,,,9,40.53,,,,,,,,,1,3,Dépendance,,0,,,,,,2.150369,48.792526
2024-955146,2024-07-17,000001,Vente,247000,126,,RUE YVES LE COZ,3210,78000,78646,Versailles,78,,,78646000BL0403,,,109,,,,,,,,,,1,3,Dépendance,,0,,,,,,2.150369,48.792526
2024-955146,2024-07-17,000001,Vente,247000,56,,RUE MOLIERE,1940,78000,78646,Versailles,78,,,78646000BL0403,,,9,40.53,,,,,,,,,1,2,Appartement,42,2,,,,,,2.150369,48.792526
2024-955151,2024-07-01,000001,Vente,345385,18,,RUE DE LA PAROISSE,2190,78000,78646,Versailles,78,,,78646000AE0184,,,1,51.76,24,,25,,,,,,3,4,Local industriel. commercial ou assimilé,51,0,,,,,,2.126533,48.807774
2024-955167,2024-07-15,000001,Vente,125000,8,,AV DU GEN DE GAULLE,1143,78000,78646,Versailles,78,,,78646000AH0225,,,10,,80,,,,,,,,2,3,Dépendance,,0,,,,,,2.128298,48.801276
2024-955167,2024-07-15,000001,Vente,125000,12,,AV DU GEN DE GAULLE,1143,78000,78646,Versailles,78,,,78646000AH0225,,,191,,,,,,,,,,1,3,Dépendance,,0,,,,,,2.128298,48.801276
2024-955167,2024-07-15,000001,Vente,125000,8,,AV DU GEN DE GAULLE,1143,78000,78646,Versailles,78,,,78646000AH0225,,,10,,80,,,,,,,,2,2,Appartement,45,2,,,,,,2.128298,48.801276
2024-955173,2024-07-15,000001,Vente,1301550,26,,RUE DES TOURNELLES,3050,78000,78646,Versailles,78,,,78646000BT0190,,,14,,20,,,,,,,,2,3,Dépendance,,0,,,,,,2.128225,48.797475
2024-955173,2024-07-15,000001,Vente,1301550,26,,RUE DES TOURNELLES,3050,78000,78646,Versailles,78,,,78646000BT0190,,,14,,20,,,,,,,,2,1,Maison,159,5,,,,,,2.128225,48.797475
2024-955213,2024-07-12,000001,Vente,237500,1,,RUE EDOUARD CHARTON,0890,78000,78646,Versailles,78,,,78646000BS0014,,,3,34.58,,,,,,,,,1,2,Appartement,38,2,,,,,,2.131397,48.796244
2024-955213,2024-07-12,000001,Vente,237500,1,,RUE EDOUARD CHARTON,0890,78000,78646,Versailles,78,,,78646000BS0014,,,3,34.58,,,,,,,,,1,3,Dépendance,,0,,,,,,2.131397,48.796244
2024-955218,2024-07-16,000001,Vente,188000,22,,RUE RICHAUD,2610,78000,78646,Versailles,78,,,78646000AI0182,,,9,,,,,,,,,,1,2,Appartement,25,1,,,,,,2.134633,48.806887
2024-955221,2024-07-15,000001,Vente,410000,13,,RUE DE L ABBE ROUSSEAUX,0020,78000,78646,Versailles,78,,,78646000BS0059,,,4,,,,,,,,,,1,2,Appartement,63,3,,,,,,2.136772,48.796254
2024-955221,2024-07-15,000001,Vente,410000,13,,RUE DE L ABBE ROUSSEAUX,0020,78000,78646,Versailles,78,,,78646000BS0059,,,9,,,,,,,,,,1,3,Dépendance,,0,,,,,,2.136772,48.796254
2024-955221,2024-07-15,000001,Vente,410000,13,,RUE DE L ABBE ROUSSEAUX,0020,78000,78646,Versailles,78,,,78646000BS0059,,,4,,,,,,,,,,1,3,Dépendance,,0,,,,,,2.136772,48.796254
2024-955226,2024-07-16,000001,Vente,475000,50,,AV DE VILLENEUVE L ETANG,3200,78000,78646,Versailles,78,,,78646000AO0162,,,179,,,,,,,,,,1,3,Dépendance,,0,,,,,,2.148061,48.818119
2024-955226,2024-07-16,000001,Vente,475000,50,,AV DE VILLENEUVE L ETANG,3200,78000,78646,Versailles,78,,,78646000AO0162,,,178,,,,,,,,,,1,3,Dépendance,,0,,,,,,2.148061,48.818119
2024-955226,2024-07-16,000001,Vente,475000,50,,AV DE VILLENEUVE L ETANG,3200,78000,78646,Versailles,78,,,78646000AO0162,,,527,,532,106.83,,,,,,,2,3,Dépendance,,0,,,,,,2.148061,48.818119
2024-955226,2024-07-16,000001,Vente,475000,50,,AV DE VILLENEUVE L ETANG,3200,78000,78646,Versailles,78,,,78646000AO0162,,,527,,532,106.83,,,,,,,2,3,Dépendance,,0,,,,,,2.148061,48.818119
2024-955226,2024-07-16,000001,Vente,475000,50,,AV DE VILLENEUVE L ETANG,3200,78000,78646,Versailles,78,,,78646000AO0162,,,527,,532,106.83,,,,,,,2,2,Appartement,111,5,,,,,,2.148061,48.818119
2024-955231,2024-07-15,000001,Vente,1509750,34,,RUE DE L ORANGERIE,2110,78000,78646,Versailles,78,,,78646000BV0025,,,5,,,,,,,,,,1,2,Appartement,56,4,,,,,,2.123448,48.799477
2024-955231,2024-07-15,000001,Vente,1509750,34,,RUE DE L ORANGERIE,2110,78000,78646,Versailles,78,,,78646000BV0025,,,4,190.96,,,,,,,,,1,2,Appartement,75,4,,,,,,2.123448,48.799477
2024-955253,2024-07-12,000001,Vente en l'état futur d'achèvement,1189000,104,,AV DE PARIS,2180,78000,78646,Versailles,78,,,78646000BK0019,,,75,,,,,,,,,,1,3,Dépendance,,0,,,,,,2.150393,48.797197
2024-955253,2024-07-12,000001,Vente en l'état futur d'achèvement,1189000,104,,AV DE PARIS,2180,78000,78646,Versailles,78,,,78646000BK0019,,,46,,,,,,,,,,1,2,Appartement,136,4,,,,,,2.150393,48.797197
2024-955253,2024-07-12,000001,Vente en l'état futur d'achèvement,1189000,104,,AV DE PARIS,2180,78000,78646,Versailles,78,,,78646000BK0019,,,76,,,,,,,,,,1,3,Dépendance,,0,,,,,,2.150393,48.797197
2024-955255,2024-07-18,000001,Vente,16000,4,,IMP DE TOULOUSE,3030,78000,78646,Versailles,78,,,78646000AE0521,,,122,,,,,,,,,,1,3,Dépendance,,0,,,,,,2.130023,48.806332
2024-955280,2024-07-03,000001,Vente,1333978.5,15,B,RUE DU PARC DE CLAGNY,2171,78000,78646,Versailles,78,,,78646000AK0217,,,102,,,,,,,,,,1,2,Appartement,41,2,,,,,,2.140182,48.810961
2024-955281,2024-07-03,000001,Vente,45000,13,,RUE DU PARC DE CLAGNY,2171,78000,78646,Versailles,78,,,78646000AK0081,,,14,,,,,,,,,,1,3,Dépendance,,0,,,,,,2.140076,48.81044
2024-955281,2024-07-03,000001,Vente,45000,13,,RUE DU PARC DE CLAGNY,2171,78000,78646,Versailles,78,,,78646000AK0081,,,15,,,,,,,,,,1,3,Dépendance,,0,,,,,,2.140076,48.81044
2024-955281,2024-07-03,000001,Vente,45000,13,,RUE DU PARC DE CLAGNY,2171,78000,78646,Versailles,78,,,78646000AK0081,,,18,,,,,,,,,,1,3,Dépendance,,0,,,,,,2.140076,48.81044
2024-955296,2024-07-09,000001,Vente,408500,8,,PROM MONA LISA,1965,78000,78646,Versailles,78,,,78646000AZ0110,,,1699,,1715,83.93,,,,,,,2,2,Appartement,85,3,,,,,,2.158672,48.8041
2024-955296,2024-07-09,000001,Vente,408500,8,,PROM MONA LISA,1965,78000,78646,Versailles,78,,,78646000AZ0110,,,1699,,1715,83.93,,,,,,,2,3,Dépendance,,0,,,,,,2.158672,48.8041
2024-955296,2024-07-09,000001,Vente,408500,5,,RUE DE L ECOLE DES POSTES,0850,78000,78646,Versailles,78,,,78646000AZ0110,,,3793,,,,,,,,,,1,3,Dépendance,,0,,,,,,2.158672,48.8041
2024-955317,2024-07-19,000001,Vente,306400,2,T,RUE DU FOYER VERSAILLAIS,1100,78000,78646,Versailles,78,,,78646000BL0294,,,321,57.19,352,,,,,,,,2,2,Appartement,56,3,,,,,,2.146987,48.791716
2024-955317,2024-07-19,000001,Vente,306400,2,T,RUE DU FOYER VERSAILLAIS,1100,78000,78646,Versailles,78,,,78646000BL0294,,,321,57.19,352,,,,,,,,2,3,Dépendance,,0,,,,,,2.146987,48.791716
2024-955317,2024-07-19,000001,Vente,306400,3,,RUE DU PONT COLBERT,2370,78000,78646,Versailles,78,,,78646000BL0294,,,530,,,,,,,,,,1,3,Dépendance,,0,,,,,,2.146987,48.791716
2024-955330,2024-07-18,000001,Vente,415900,8,,RUE ROYALE,2648,78000,78646,Versailles,78,,,78646000BV0089,,,13,58.25,,,,,,,,,1,2,Appartement,59,3,,,,,,2.126847,48.798339
2024-955352,2024-07-19,000001,Vente,210000,57,,RUE EXELMANS,1020,78000,78646,Versailles,78,,,78646000AC0262,,,315,29.29,354,,,,,,,,2,3,Dépendance,,0,,,,,,2.126785,48.814611
2024-955352,2024-07-19,000001,Vente,210000,57,,RUE EXELMANS,1020,78000,78646,Versailles,78,,,78646000AC0262,,,315,29.29,354,,,,,,,,2,2,Appartement,26,1,,,,,,2.126785,48.814611
2024-955355,2024-07-12,000001,Vente,380000,19,,RUE DE LA PAROISSE,2190,78000,78646,Versailles,78,,,78646000AE0148,,,8,64,9,64,,,,,,,2,2,Appartement,63,3,,,,,,2.127481,48.80808
2024-955355,2024-07-12,000001,Vente,380000,19,,RUE DE LA PAROISSE,2190,78000,78646,Versailles,78,,,78646000AE0148,,,8,64,9,64,,,,,,,2,3,Dépendance,,0,,,,,,2.127481,48.80808
2024-955366,2024-07-16,000001,Vente,253685,19,,RUE JEAN MERMOZ,1460,78000,78646,Versailles,78,,,78646000BN0061,,,1,38.1,21,,,,,,,,2,2,Appartement,40,3,,,,,,2.141058,48.796289
2024-955366,2024-07-16,000001,Vente,253685,19,,RUE JEAN MERMOZ,1460,78000,78646,Versailles,78,,,78646000BN0061,,,1,38.1,21,,,,,,,,2,3,Dépendance,,0,,,,,,2.141058,48.796289
2024-955368,2024-06-26,000001,Vente,1588650,58,,RUE DE MONTREUIL,2000,78000,78646,Versailles,78,,,78646000AY0270,,,532,132.18,,,,,,,,,1,2,Appartement,132,5,,,,,,2.148581,48.804249
2024-955368,2024-06-26,000001,Vente,1588650,58,,RUE DE MONTREUIL,2000,78000,78646,Versailles,78,,,78646000AY0270,,,537,,,,,,,,,,1,3,Dépendance,,0,,,,,,2.148581,48.804249
2024-955373,2024-07-22,000001,Vente,2655200,18,,AV DE VILLENEUVE L ETANG,3200,78000,78646,Versailles,78,,,78646000AP0058,,,,,,,,,,,,,0,1,Maison,184,7,AG,terrains d'agrément,,,942,2.142661,48.814023
2024-955373,2024-07-22,000001,Vente,2655200,18,,AV DE VILLENEUVE L ETANG,3200,78000,78646,Versailles,78,,,78646000AP0058,,,,,,,,,,,,,0,1,Maison,184,7,S,sols,,,382,2.142661,48.814023
2024-955382,2024-07-15,000001,Vente,446900,29,,RUE DES BOURDONNAIS,0400,78000,78646,Versailles,78,,,78646000BT0137,,,23,,26,,,,,,,,2,3,Dépendance,,0,,,,,,2.127578,48.795372
2024-955382,2024-07-15,000001,Vente,446900,29,,RUE DES BOURDONNAIS,0400,78000,78646,Versailles,78,,,78646000BT0137,,,23,,26,,5,53.67,6,,7,,5,2,Appartement,81,3,,,,,,2.127578,48.795372
2024-955394,2024-07-15,000001,Vente,656400,36,,RUE JEAN DE LA FONTAINE,1439,78000,78646,Versailles,78,,,78646000BE0196,,,6,88.96,8,,,,,,,,2,2,Appartement,95,4,,,,,,2.15967,48.796513
2024-955404,2024-06-28,000001,Vente,844000,4,,RUE RAMEAU,2490,78000,78646,Versailles,78,,,78646000AE0089,,,14,87,16,,,,,,,,2,3,Dépendance,,0,,,,,,2.130902,48.807434
2024-955404,2024-06-28,000001,Vente,844000,4,,RUE RAMEAU,2490,78000,78646,Versailles,78,,,78646000AE0089,,,14,87,16,,,,,,,,2,2,Appartement,84,4,,,,,,2.130902,48.807434
2024-955422,2024-07-03,000001,Vente,3250000,27,,BD DU ROI,2641,78000,78646,Versailles,78,,,78646000AC0117,,,173,,,,,,,,,,1,3,Dépendance,,0,,,,,,2.126689,48.812877
2024-955422,2024-07-03,000001,Vente,3250000,25,,BD DU ROI,2641,78000,78646,Versailles,78,,,78646000AC0118,,,,,,,,,,,,,0,1,Maison,341,9,S,sols,,,799,2.126808,48.812543
2024-955454,2024-07-08,000001,Vente,463020,52,,RUE DE LA PAROISSE,2190,78000,78646,Versailles,78,,,78646000AE0428,,,5,69.45,,,,,,,,,1,2,Appartement,74,3,,,,,,2.129708,48.806918
2024-955454,2024-07-08,000001,Vente,463020,52,,RUE DE LA PAROISSE,2190,78000,78646,Versailles,78,,,78646000AE0428,,,5,69.45,,,,,,,,,1,3,Dépendance,,0,,,,,,2.129708,48.806918
2024-955454,2024-07-08,000001,Vente,463020,52,,RUE DE LA PAROISSE,2190,78000,78646,Versailles,78,,,78646000AE0428,,,5,69.45,,,,,,,,,1,3,Dépendance,,0,,,,,,2.129708,48.806918
2024-955484,2024-07-19,000001,Vente,1032214,37,,RUE DE LA PAROISSE,2190,78000,78646,Versailles,78,,,78646000AE0121,,,12,,15,,16,,,,,,3,2,Appartement,132,6,,,,,,2.129293,48.807605
2024-955484,2024-07-19,000001,Vente,1032214,37,,RUE DE LA PAROISSE,2190,78000,78646,Versailles,78,,,78646000AE0121,,,12,,15,,16,,,,,,3,3,Dépendance,,0,,,,,,2.129293,48.807605
2024-955501,2024-07-23,000001,Vente,318050,26,,RUE ALBERT JOLY,0050,78000,78646,Versailles,78,,,78646000AK0256,,,10,37.21,36,,,,,,,,2,3,Dépendance,,0,,,,,,2.139037,48.81007
2024-955501,2024-07-23,000001,Vente,318050,26,,RUE ALBERT JOLY,0050,78000,78646,Versailles,78,,,78646000AK0256,,,10,37.21,36,,,,,,,,2,2,Appartement,156,7,,,,,,2.139037,48.81007
2024-955501,2024-07-23,000001,Vente,318050,26,,RUE ALBERT JOLY,0050,78000,78646,Versailles,78,,,78646000AK0256,,,30,,,,,,,,,,1,3,Dépendance,,0,,,,,,2.139037,48.81007
2024-955507,2024-07-23,000001,Vente,27000,13,,RUE DU GENERAL PERSHING,1170,78000,78646,Versailles,78,,,78646000AO0068,,,433,,,,,,,,,,1,3,Dépendance,,0,,,,,,2.148928,48.817113
2024-955522,2024-07-19,000001,Vente,481000,82,B,AV DE PARIS,2180,78000,78646,Versailles,78,,,78646000BN0166,,,1261,,,,,,,,,,1,3,Dépendance,,0,,,,,,2.145036,48.797427
2024-955522,2024-07-19,000001,Vente,481000,82,B,AV DE PARIS,2180,78000,78646,Versailles,78,,,78646000BN0166,,,418,85.75,428,,,,,,,,2,3,Dépendance,,0,,,,,,2.145036,48.797427
2024-955522,2024-07-19,000001,Vente,481000,82,B,AV DE PARIS,2180,78000,78646,Versailles,78,,,78646000BN0166,,,418,85.75,428,,,,,,,,2,3,Dépendance,,0,,,,,,2.145036,48.797427
2024-955522,2024-07-19,000001,Vente,481000,82,B,AV DE PARIS,2180,78000,78646,Versailles,78,,,78646000BN0166,,,418,85.75,428,,,,,,,,2,2,Appartement,85,4,,,,,,2.145036,48.797427
2024-955524,2024-07-24,000001,Vente,352500,37,,BD ST ANTOINE,2690,78000,78646,Versailles,78,,,78646000AB0031,,,246,,281,64.23,,,,,,,2,3,Dépendance,,0,,,,,,2.121628,48.817201
2024-955524,2024-07-24,000001,Vente,352500,37,,BD ST ANTOINE,2690,78000,78646,Versailles,78,,,78646000AB0031,,,246,,281,64.23,,,,,,,2,2,Appartement,72,4,,,,,,2.121628,48.817201
2024-955524,2024-07-24,000001,Vente,352500,36,,RUE DE L ERMITAGE,0940,78000,78646,Versailles,78,,,78646000AB0031,,,333,,,,,,,,,,1,3,Dépendance,,0,,,,,,2.121628,48.817201
2024-955547,2024-07-19,000001,Vente,20000,12,,AV DE PORCHEFONTAINE,2380,78000,78646,Versailles,78,,,78646000BK0021,,,1678,,,,,,,,,,1,3,Dépendance,,0,,,,,,2.152071,48.797176
2024-955596,2024-07-16,000001,Vente,295000,13,,RUE DU GENERAL LECLERC,1145,78000,78646,Versailles,78,,,78646000AH0164,,,16,45.17,22,,,,,,,,2,2,Appartement,45,2,,,,,,2.125982,48.799485
2024-955606,2024-07-25,000001,Vente,10000,53,,RUE EXELMANS,1020,78000,78646,Versailles,78,,,78646000AC0306,,,17141,,,,,,,,,,1,4,Local industriel. commercial ou assimilé,12,0,,,,,,2.125764,48.813952
2024-955628,2024-07-22,000001,Vente,538500,18,,RUE DU PARC DE CLAGNY,2171,78000,78646,Versailles,78,,,78646000AP0097,,,357,,,,,,,,,,1,3,Dépendance,,0,,,,,,2.141563,48.813647
2024-955628,2024-07-22,000001,Vente,538500,18,,RUE DU PARC DE CLAGNY,2171,78000,78646,Versailles,78,,,78646000AP0097,,,63,89.01,80,,,,,,,,2,2,Appartement,88,4,,,,,,2.141563,48.813647
2024-955628,2024-07-22,000001,Vente,538500,18,,RUE DU PARC DE CLAGNY,2171,78000,78646,Versailles,78,,,78646000AP0097,,,63,89.01,80,,,,,,,,2,3,Dépendance,,0,,,,,,2.141563,48.813647
2024-955628,2024-07-22,000001,Vente,538500,18,,RUE DU PARC DE CLAGNY,2171,78000,78646,Versailles,78,,,78646000AP0097,,,258,,,,,,,,,,1,3,Dépendance,,0,,,,,,2.141563,48.813647
2024-955630,2024-07-24,000001,Vente,593600,24,,RUE DE NOAILLES,2050,78000,78646,Versailles,78,,,78646000BR0135,,,10,,7,,,,,,,,2,3,Dépendance,,0,,,,,,2.132441,48.797412
2024-955630,2024-07-24,000001,Vente,593600,24,,RUE DE NOAILLES,2050,78000,78646,Versailles,78,,,78646000BR0135,,,10,,7,,,,,,,,2,2,Appartement,81,3,,,,,,2.132441,48.797412
2024-955633,2024-07-18,000001,Vente,239100,22,,RUE SAINT LOUIS,2810,78000,78646,Versailles,78,,,78646000BW0058,,,17,40.58,20,,28,,,,,,3,3,Dépendance,,0,,,,,,2.125501,48.794864
2024-955633,2024-07-18,000001,Vente,239100,22,,RUE SAINT LOUIS,2810,78000,78646,Versailles,78,,,78646000BW0058,,,17,40.58,20,,28,,,,,,3,2,Appartement,45,1,,,,,,2.125501,48.794864
2024-955633,2024-07-18,000001,Vente,239100,22,,RUE SAINT LOUIS,2810,78000,78646,Versailles,78,,,78646000BW0058,,,17,40.58,20,,28,,,,,,3,3,Dépendance,,0,,,,,,2.125501,48.794864
2024-955659,2024-07-25,000001,Vente,65000,64,,RUE DES CHANTIERS,0530,78000,78646,Versailles,78,,,78646000BL0326,,,180,,,,,,,,,,1,2,Appartement,13,1,,,,,,2.143523,48.792624
2024-955666,2024-07-08,000001,Vente,496500,74,,BD DE LA REINE,2520,78000,78646,Versailles,78,,,78646000AE0051,,,34,59.85,40,,,,,,,,2,2,Appartement,58,3,,,,,,2.132676,48.808718
2024-955666,2024-07-08,000001,Vente,496500,74,,BD DE LA REINE,2520,78000,78646,Versailles,78,,,78646000AE0051,,,34,59.85,40,,,,,,,,2,3,Dépendance,,0,,,,,,2.132676,48.808718
2024-955694,2024-07-16,000001,Vente,284000,10,B,ALL DES GARDES ROYALES,1136,78000,78646,Versailles,78,,,78646000AY0212,,,659,51.75,692,,,,,,,,2,2,Appartement,53,2,,,,,,2.151214,48.802177
2024-955694,2024-07-16,000001,Vente,284000,10,B,ALL DES GARDES ROYALES,1136,78000,78646,Versailles,78,,,78646000AY0212,,,659,51.75,692,,,,,,,,2,3,Dépendance,,0,,,,,,2.151214,48.802177
2024-955694,2024-07-16,000001,Vente,284000,10,B,ALL DES GARDES ROYALES,1136,78000,78646,Versailles,78,,,78646000AY0212,,,659,51.75,692,,,,,,,,2,3,Dépendance,,0,,,,,,2.151214,48.802177
2024-955694,2024-07-16,000001,Vente,284000,2,,ALL DES GARDES ROYALES,1136,78000,78646,Versailles,78,,,78646000AY0212,,,1249,,,,,,,,,,1,3,Dépendance,,0,,,,,,2.151214,48.802177
2024-955696,2024-07-17,000001,Vente,525000,50,,AV DE VILLENEUVE L ETANG,3200,78000,78646,Versailles,78,,,78646000AO0162,,,614,,640,105.85,,,,,,,2,3,Dépendance,,0,,,,,,2.148061,48.818119
2024-955696,2024-07-17,000001,Vente,525000,50,,AV DE VILLENEUVE L ETANG,3200,78000,78646,Versailles,78,,,78646000AO0162,,,614,,640,105.85,,,,,,,2,2,Appartement,111,5,,,,,,2.148061,48.818119
2024-955696,2024-07-17,000001,Vente,525000,50,,AV DE VILLENEUVE L ETANG,3200,78000,78646,Versailles,78,,,78646000AO0162,,,262,,,,,,,,,,1,3,Dépendance,,0,,,,,,2.148061,48.818119
2024-955696,2024-07-17,000001,Vente,525000,50,,AV DE VILLENEUVE L ETANG,3200,78000,78646,Versailles,78,,,78646000AO0162,,,261,,,,,,,,,,1,3,Dépendance,,0,,,,,,2.148061,48.818119
2024-955696,2024-07-17,000001,Vente,525000,50,,AV DE VILLENEUVE L ETANG,3200,78000,78646,Versailles,78,,,78646000AO0162,,,614,,640,105.85,,,,,,,2,3,Dépendance,,0,,,,,,2.148061,48.818119
2024-955699,2024-07-02,000001,Vente,16656246,5,,RUE GEORGES CLEMENCEAU,1200,78000,78646,Versailles,78,,,78646000AI0327,,,,,,,,,,,,,0,4,Local industriel. commercial ou assimilé,3074,0,S,sols,,,544,2.131453,48.803841
2024-955704,2024-07-16,000001,Vente,18500,100,,AV DE PARIS,2180,78000,78646,Versailles,78,,,78646000BK0002,,,25,,,,,,,,,,1,3,Dépendance,,0,,,,,,2.149973,48.797457
2024-955773,2024-07-16,000001,Vente,774000,26,,RUE DU VIEUX VERSAILLES,3180,78000,78646,Versailles,78,,,78646000AH0120,,,205,,,,,,,,,,1,3,Dépendance,,0,,,,,,2.123455,48.800394
2024-955773,2024-07-16,000001,Vente,774000,32,,RUE DU VIEUX VERSAILLES,3180,78000,78646,Versailles,78,,,78646000AH0124,,,69,,,,,,,,,,1,3,Dépendance,,0,,,,,,2.124024,48.800279
2024-955773,2024-07-16,000001,Vente,774000,32,,RUE DU VIEUX VERSAILLES,3180,78000,78646,Versailles,78,,,78646000AH0124,,,47,120.79,,,,,,,,,1,2,Appartement,117,4,,,,,,2.124024,48.800279
2024-955773,2024-07-16,000001,Vente,774000,32,,RUE DU VIEUX VERSAILLES,3180,78000,78646,Versailles,78,,,78646000AH0124,,,61,,,,,,,,,,1,2,Appartement,59,3,,,,,,2.124024,48.800279
2024-955806,2024-07-25,000001,Vente en l'état futur d'achèvement,429000,,,LA SABLIERE,B029,78000,78646,Versailles,78,,,78646000BY0108,,,219,,,,,,,,,,1,,,,,,,,,,2.079319,48.802074
2024-955806,2024-07-25,000001,Vente en l'état futur d'achèvement,429000,,,LA SABLIERE,B029,78000,78646,Versailles,78,,,78646000BY0108,,,436,,,,,,,,,,1,,,,,,,,,,2.079319,48.802074
2024-955882,2024-07-24,000001,Vente,230000,92,,RUE DE LA PAROISSE,2190,78000,78646,Versailles,78,,,78646000AI0141,,,13,,9,34.88,,,,,,,2,3,Dépendance,,0,,,,,,2.134009,48.805806
2024-955882,2024-07-24,000001,Vente,230000,92,,RUE DE LA PAROISSE,2190,78000,78646,Versailles,78,,,78646000AI0141,,,13,,9,34.88,,,,,,,2,2,Appartement,35,2,,,,,,2.134009,48.805806
2024-955898,2024-07-30,000001,Vente,104500,1,B,RUE BAZIN,0300,78000,78646,Versailles,78,,,78646000AW0046,,,1,17.89,9,,,,,,,,2,3,Dépendance,,0,,,,,,2.155784,48.80574
2024-955898,2024-07-30,000001,Vente,104500,1,B,RUE BAZIN,0300,78000,78646,Versailles,78,,,78646000AW0046,,,1,17.89,9,,,,,,,,2,2,Appartement,21,1,,,,,,2.155784,48.80574
2024-955900,2024-07-30,000001,Vente,620953,6,,VLA ST CHARLES,2712,78000,78646,Versailles,78,,,78646000AY0029,,,105,71.07,,,,,,,,,1,1,Maison,71,5,,,,,,2.149595,48.802969
2024-955912,2024-07-23,000001,Vente,665000,14,,RUE DES CONDAMINES,0690,78000,78646,Versailles,78,,,78646000AX0365,,,7,102.44,,,,,,,,,1,3,Dépendance,,0,,,,,,2.145921,48.802841
2024-955912,2024-07-23,000001,Vente,665000,14,,RUE DES CONDAMINES,0690,78000,78646,Versailles,78,,,78646000AX0365,,,7,102.44,,,,,,,,,1,2,Appartement,101,4,,,,,,2.145921,48.802841
2024-955914,2024-07-22,000001,Vente,815120,18,,RUE DU PARC DE CLAGNY,2171,78000,78646,Versailles,78,,,78646000AP0097,,,110,,98,110,,,,,,,2,2,Appartement,95,4,,,,,,2.141563,48.813647
2024-955914,2024-07-22,000001,Vente,815120,18,,RUE DU PARC DE CLAGNY,2171,78000,78646,Versailles,78,,,78646000AP0097,,,375,,,,,,,,,,1,3,Dépendance,,0,,,,,,2.141563,48.813647
2024-955914,2024-07-22,000001,Vente,815120,18,,RUE DU PARC DE CLAGNY,2171,78000,78646,Versailles,78,,,78646000AP0097,,,272,,273,,,,,,,,2,3,Dépendance,,0,,,,,,2.141563,48.813647
2024-955914,2024-07-22,000001,Vente,815120,18,,RUE DU PARC DE CLAGNY,2171,78000,78646,Versailles,78,,,78646000AP0097,,,115,,99,110,,,,,,,2,2,Appartement,17,1,,,,,,2.141563,48.813647
2024-955914,2024-07-22,000001,Vente,815120,18,,RUE DU PARC DE CLAGNY,2171,78000,78646,Versailles,78,,,78646000AP0097,,,115,,99,110,,,,,,,2,3,Dépendance,,0,,,,,,2.141563,48.813647
2024-955914,2024-07-22,000001,Vente,815120,18,,RUE DU PARC DE CLAGNY,2171,78000,78646,Versailles,78,,,78646000AP0097,,,110,,98,110,,,,,,,2,3,Dépendance,,0,,,,,,2.141563,48.813647
2024-955915,2024-07-09,000001,Vente,231000,86,,AV DE PARIS,2180,78000,78646,Versailles,78,,,78646000BN0166,,,183,39.08,215,,,,,,,,2,2,Appartement,38,1,,,,,,2.145036,48.797427
2024-955915,2024-07-09,000001,Vente,231000,82,B,AV DE PARIS,2180,78000,78646,Versailles,78,,,78646000BN0166,,,931,,,,,,,,,,1,3,Dépendance,,0,,,,,,2.145036,48.797427
2024-955915,2024-07-09,000001,Vente,231000,86,,AV DE PARIS,2180,78000,78646,Versailles,78,,,78646000BN0166,,,183,39.08,215,,,,,,,,2,3,Dépendance,,0,,,,,,2.145036,48.797427
2024-955920,2024-07-19,000001,Vente,552000,2,,RUE DU MAL JOFFRE,1820,78000,78646,Versailles,78,,,78646000BV0029,,,2,,5,,,,,,,,2,2,Appartement,100,4,,,,,,2.12398,48.799435
2024-955990,2024-07-24,000001,Vente,757850,23,,RUE DU REFUGE,2510,78000,78646,Versailles,78,,,78646000AX0339,,,229,,,,,,,,,,1,3,Dépendance,,0,,,,,,2.144251,48.804411
2024-955990,2024-07-24,000001,Vente,757850,23,,RUE DU REFUGE,2510,78000,78646,Versailles,78,,,78646000AX0339,,,9,92.8,,,,,,,,,1,2,Appartement,93,4,,,,,,2.144251,48.804411
2024-955990,2024-07-24,000001,Vente,757850,23,,RUE DU REFUGE,2510,78000,78646,Versailles,78,,,78646000AX0339,,,105,,,,,,,,,,1,3,Dépendance,,0,,,,,,2.144251,48.804411
2024-956051,2024-07-26,000001,Vente,310500,13,,RUE DE LA POURVOIERIE,2420,78000,78646,Versailles,78,,,78646000AE0433,,,32,44.86,40,,,,,,,,2,3,Dépendance,,0,,,,,,2.13194,48.807515
2024-956051,2024-07-26,000001,Vente,310500,13,,RUE DE LA POURVOIERIE,2420,78000,78646,Versailles,78,,,78646000AE0433,,,32,44.86,40,,,,,,,,2,2,Appartement,39,2,,,,,,2.13194,48.807515
2024-956059,2024-07-25,000001,Vente,382477,72,,RUE DU MAL FOCH,1810,78000,78646,Versailles,78,,,78646000AK0009,,,154,,59,58.34,,,,,,,2,2,Appartement,57,3,,,,,,2.136535,48.812771
2024-956059,2024-07-25,000001,Vente,382477,72,,RUE DU MAL FOCH,1810,78000,78646,Versailles,78,,,78646000AK0009,,,154,,59,58.34,,,,,,,2,3,Dépendance,,0,,,,,,2.136535,48.812771
2024-956087,2024-07-12,000001,Vente,1620000,15,B,RUE DU PARC DE CLAGNY,2171,78000,78646,Versailles,78,,,78646000AK0217,,,4,149.78,,,,,,,,,1,2,Appartement,145,5,,,,,,2.140182,48.810961
2024-956090,2024-07-11,000001,Vente,1255000,15,B,RUE DU PARC DE CLAGNY,2171,78000,78646,Versailles,78,,,78646000AK0217,,,32,,,,,,,,,,1,3,Dépendance,,0,,,,,,2.140182,48.810961
2024-956090,2024-07-11,000001,Vente,1255000,15,B,RUE DU PARC DE CLAGNY,2171,78000,78646,Versailles,78,,,78646000AK0217,,,42,,,,,,,,,,1,3,Dépendance,,0,,,,,,2.140182,48.810961
2024-956090,2024-07-11,000001,Vente,1255000,15,B,RUE DU PARC DE CLAGNY,2171,78000,78646,Versailles,78,,,78646000AK0217,,,33,,,,,,,,,,1,3,Dépendance,,0,,,,,,2.140182,48.810961
2024-956090,2024-07-11,000001,Vente,1255000,15,B,RUE DU PARC DE CLAGNY,2171,78000,78646,Versailles,78,,,78646000AK0217,,,11,104.13,,,,,,,,,1,2,Appartement,104,4,,,,,,2.140182,48.810961
2024-956092,2024-07-10,000001,Vente,290450,17,T,RUE DU PONT COLBERT,2370,78000,78646,Versailles,78,,,78646000BI0022,,,471,65.09,,,,,,,,,1,2,Appartement,72,4,,,,,,2.149624,48.789909
2024-956092,2024-07-10,000001,Vente,290450,17,T,RUE DU PONT COLBERT,2370,78000,78646,Versailles,78,,,78646000BI0022,,,471,65.09,,,,,,,,,1,3,Dépendance,,0,,,,,,2.149624,48.789909
2024-956095,2024-07-11,000001,Vente,480000,15,B,RUE DU PARC DE CLAGNY,2171,78000,78646,Versailles,78,,,78646000AK0217,,,9,39.89,,,,,,,,,1,2,Appartement,39,2,,,,,,2.140182,48.810961
2024-956095,2024-07-11,000001,Vente,480000,15,B,RUE DU PARC DE CLAGNY,2171,78000,78646,Versailles,78,,,78646000AK0217,,,38,,,,,,,,,,1,3,Dépendance,,0,,,,,,2.140182,48.810961
2024-956096,2024-07-11,000001,Vente,410000,15,B,RUE DU PARC DE CLAGNY,2171,78000,78646,Versailles,78,,,78646000AK0217,,,35,,,,,,,,,,1,3,Dépendance,,0,,,,,,2.140182,48.810961
2024-956096,2024-07-11,000001,Vente,410000,15,B,RUE DU PARC DE CLAGNY,2171,78000,78646,Versailles,78,,,78646000AK0217,,,16,35.67,,,,,,,,,1,2,Appartement,35,1,,,,,,2.140182,48.810961
2024-956125,2024-07-22,000001,Vente,1490200,13,,AV MIRABEAU,1910,78000,78646,Versailles,78,,,78646000AM0537,,,2,,,,,,,,,,1,1,Maison,169,7,,,,,,2.138887,48.82051
2024-956178,2024-07-23,000001,Vente,255000,5,,RUE DES CHANTIERS,0530,78000,78646,Versailles,78,,,78646000BS0033,,,22,,,,,,,,,,1,3,Dépendance,,0,,,,,,2.136261,48.797305
2024-956178,2024-07-23,000001,Vente,255000,5,,RUE DES CHANTIERS,0530,78000,78646,Versailles,78,,,78646000BS0033,,,19,50.39,,,,,,,,,1,4,Local industriel. commercial ou assimilé,52,0,,,,,,2.136261,48.797305
2024-956178,2024-07-23,000001,Vente,255000,5,,RUE DES CHANTIERS,0530,78000,78646,Versailles,78,,,78646000BS0033,,,21,,,,,,,,,,1,3,Dépendance,,0,,,,,,2.136261,48.797305
2024-956205,2024-07-30,000001,Vente,180000,7,,RUE D ANGIVILLER,0170,78000,78646,Versailles,78,,,78646000AD0182,,,3,40.52,,,,,,,,,1,2,Appartement,59,1,,,,,,2.127515,48.810776
2024-956205,2024-07-30,000001,Vente,180000,7,,RUE D ANGIVILLER,0170,78000,78646,Versailles,78,,,78646000AD0182,,,3,40.52,,,,,,,,,1,3,Dépendance,,0,,,,,,2.127515,48.810776
2024-956245,2024-07-24,000001,Vente,524500,82,B,AV DE PARIS,2180,78000,78646,Versailles,78,,,78646000BN0166,,,503,80.18,531,,,,,,,,2,3,Dépendance,,0,,,,,,2.145036,48.797427
2024-956245,2024-07-24,000001,Vente,524500,82,B,AV DE PARIS,2180,78000,78646,Versailles,78,,,78646000BN0166,,,464,,,,,,,,,,1,3,Dépendance,,0,,,,,,2.145036,48.797427
2024-956245,2024-07-24,000001,Vente,524500,82,B,AV DE PARIS,2180,78000,78646,Versailles,78,,,78646000BN0166,,,503,80.18,531,,,,,,,,2,2,Appartement,78,4,,,,,,2.145036,48.797427
2024-956245,2024-07-24,000001,Vente,524500,82,B,AV DE PARIS,2180,78000,78646,Versailles,78,,,78646000BN0166,,,503,80.18,531,,,,,,,,2,3,Dépendance,,0,,,,,,2.145036,48.797427
2024-956284,2024-07-25,000001,Vente en l'état futur d'achèvement,447000,,,LA SABLIERE,B029,78000,78646,Versailles,78,,,78646000BY0108,,,225,,,,,,,,,,1,,,,,,,,,,2.079319,48.802074
2024-956284,2024-07-25,000001,Vente en l'état futur d'achèvement,447000,,,LA SABLIERE,B029,78000,78646,Versailles,78,,,78646000BY0108,,,454,,,,,,,,,,1,,,,,,,,,,2.079319,48.802074
2024-956299,2024-07-30,000001,Vente,610000,5,,RUE CHAMP LAGARDE,0490,78000,78646,Versailles,78,,,78646000BP0207,,,21,93.75,58,,,,,,,,2,3,Dépendance,,0,,,,,,2.144353,48.801239
2024-956299,2024-07-30,000001,Vente,610000,5,,RUE CHAMP LAGARDE,0490,78000,78646,Versailles,78,,,78646000BP0207,,,21,93.75,58,,,,,,,,2,2,Appartement,94,4,,,,,,2.144353,48.801239
2024-956299,2024-07-30,000001,Vente,610000,5,,RUE CHAMP LAGARDE,0490,78000,78646,Versailles,78,,,78646000BP0207,,,102,,,,,,,,,,1,3,Dépendance,,0,,,,,,2.144353,48.801239
2024-956299,2024-07-30,000001,Vente,610000,5,,RUE CHAMP LAGARDE,0490,78000,78646,Versailles,78,,,78646000BP0207,,,21,93.75,58,,,,,,,,2,3,Dépendance,,0,,,,,,2.144353,48.801239
2024-956300,2024-07-23,000002,Vente,1471450,24,,RUE DE MOUCHY,2010,78000,78646,Versailles,78,,,78646000AD0552,,,,,,,,,,,,,0,1,Maison,164,5,S,sols,,,222,2.127721,48.811274
2024-956304,2024-07-31,000001,Vente,14000,12,,AV DE PORCHEFONTAINE,2380,78000,78646,Versailles,78,,,78646000BK0021,,,1393,12,,,,,,,,,1,3,Dépendance,,0,,,,,,2.152071,48.797176
2024-956309,2024-07-30,000001,Vente,200000,16,,RUE CHAMP LAGARDE,0490,78000,78646,Versailles,78,,,78646000BO0081,,,19,,9,60.81,,,,,,,2,2,Appartement,62,3,,,,,,2.143116,48.800656
2024-956309,2024-07-30,000001,Vente,200000,16,,RUE CHAMP LAGARDE,0490,78000,78646,Versailles,78,,,78646000BO0081,,,19,,9,60.81,,,,,,,2,3,Dépendance,,0,,,,,,2.143116,48.800656
2024-956310,2024-07-26,000001,Vente,220095,40,,RUE DE VERGENNES,3150,78000,78646,Versailles,78,,,78646000BS0044,,,33,,34,,8,36,,,,,3,2,Appartement,39,2,,,,,,2.137138,48.797133
2024-956310,2024-07-26,000001,Vente,220095,40,,RUE DE VERGENNES,3150,78000,78646,Versailles,78,,,78646000BS0044,,,33,,34,,8,36,,,,,3,3,Dépendance,,0,,,,,,2.137138,48.797133
2024-956343,2024-07-29,000001,Vente,180000,16,,RUE DES CELESTINS,0470,78000,78646,Versailles,78,,,78646000BK0126,,,4,25.97,,,,,,,,,1,2,Appartement,26,2,,,,,,2.153494,48.794345
2024-956366,2024-07-30,000001,Vente,120000,47,,RUE DE MONTREUIL,2000,78000,78646,Versailles,78,,,78646000AX0302,,,12,,24,22.63,,,,,,,2,3,Dépendance,,0,,,,,,2.14541,48.805093
2024-956366,2024-07-30,000001,Vente,120000,47,,RUE DE MONTREUIL,2000,78000,78646,Versailles,78,,,78646000AX0302,,,12,,24,22.63,,,,,,,2,2,Appartement,22,1,,,,,,2.14541,48.805093
2024-956386,2024-08-05,000001,Vente,229200,2,,ALL LA BRUYERE,1557,78000,78646,Versailles,78,,,78646000AO0205,,,1329,32.61,1529,,,,,,,,2,3,Dépendance,,0,,,,,,2.146857,48.813978
2024-956386,2024-08-05,000001,Vente,229200,2,,ALL LA BRUYERE,1557,78000,78646,Versailles,78,,,78646000AO0205,,,1329,32.61,1529,,,,,,,,2,2,Appartement,30,1,,,,,,2.146857,48.813978
2024-956386,2024-08-05,000001,Vente,229200,2,,ALL LA BRUYERE,1557,78000,78646,Versailles,78,,,78646000AO0205,,,1329,32.61,1529,,,,,,,,2,3,Dépendance,,0,,,,,,2.146857,48.813978
2024-956386,2024-08-05,000001,Vente,229200,1,,ALL LA BRUYERE,1557,78000,78646,Versailles,78,,,78646000AO0205,,,1823,,,,,,,,,,1,3,Dépendance,,0,,,,,,2.146857,48.813978
2024-956415,2024-07-25,000001,Vente,289577,37,,RUE DE VERGENNES,3150,78000,78646,Versailles,78,,,78646000BN0106,,,129,,58,,59,,,,,,3,3,Dépendance,,0,,,,,,2.137986,48.797678
2024-956415,2024-07-25,000001,Vente,289577,37,,RUE DE VERGENNES,3150,78000,78646,Versailles,78,,,78646000BN0106,,,129,,58,,59,,,,,,3,2,Appartement,45,3,,,,,,2.137986,48.797678
2024-956433,2024-07-31,000001,Vente,1999208,84,,RUE YVES LE COZ,3210,78000,78646,Versailles,78,,,78646000BK0333,,,,,,,,,,,,,0,2,Appartement,28,1,S,sols,,,558,2.155573,48.795034
2024-956433,2024-07-31,000001,Vente,1999208,84,,RUE YVES LE COZ,3210,78000,78646,Versailles,78,,,78646000BK0333,,,,,,,,,,,,,0,2,Appartement,28,1,S,sols,,,558,2.155573,48.795034
2024-956433,2024-07-31,000001,Vente,1999208,84,,RUE YVES LE COZ,3210,78000,78646,Versailles,78,,,78646000BK0333,,,,,,,,,,,,,0,2,Appartement,36,4,S,sols,,,558,2.155573,48.795034
2024-956433,2024-07-31,000001,Vente,1999208,84,,RUE YVES LE COZ,3210,78000,78646,Versailles,78,,,78646000BK0333,,,,,,,,,,,,,0,4,Local industriel. commercial ou assimilé,132,0,S,sols,,,558,2.155573,48.795034
2024-956433,2024-07-31,000001,Vente,1999208,84,,RUE YVES LE COZ,3210,78000,78646,Versailles,78,,,78646000BK0333,,,,,,,,,,,,,0,3,Dépendance,,0,S,sols,,,558,2.155573,48.795034
2024-956433,2024-07-31,000001,Vente,1999208,84,,RUE YVES LE COZ,3210,78000,78646,Versailles,78,,,78646000BK0333,,,,,,,,,,,,,0,4,Local industriel. commercial ou assimilé,31,0,S,sols,,,558,2.155573,48.795034
2024-956433,2024-07-31,000001,Vente,1999208,84,,RUE YVES LE COZ,3210,78000,78646,Versailles,78,,,78646000BK0333,,,,,,,,,,,,,0,2,Appartement,30,2,S,sols,,,558,2.155573,48.795034
2024-956433,2024-07-31,000001,Vente,1999208,84,,RUE YVES LE COZ,3210,78000,78646,Versailles,78,,,78646000BK0333,,,,,,,,,,,,,0,2,Appartement,35,2,S,sols,,,558,2.155573,48.795034
2024-956433,2024-07-31,000001,Vente,1999208,84,,RUE YVES LE COZ,3210,78000,78646,Versailles,78,,,78646000BK0333,,,,,,,,,,,,,0,3,Dépendance,,0,S,sols,,,558,2.155573,48.795034
2024-956433,2024-07-31,000001,Vente,1999208,84,,RUE YVES LE COZ,3210,78000,78646,Versailles,78,,,78646000BK0333,,,,,,,,,,,,,0,2,Appartement,30,1,S,sols,,,558,2.155573,48.795034
2024-956433,2024-07-31,000001,Vente,1999208,84,,RUE YVES LE COZ,3210,78000,78646,Versailles,78,,,78646000BK0333,,,,,,,,,,,,,0,2,Appartement,50,4,S,sols,,,558,2.155573,48.795034
2024-956433,2024-07-31,000001,Vente,1999208,84,,RUE YVES LE COZ,3210,78000,78646,Versailles,78,,,78646000BK0333,,,,,,,,,,,,,0,2,Appartement,30,1,S,sols,,,558,2.155573,48.795034
2024-956433,2024-07-31,000001,Vente,1999208,84,,RUE YVES LE COZ,3210,78000,78646,Versailles,78,,,78646000BK0333,,,,,,,,,,,,,0,4,Local industriel. commercial ou assimilé,31,0,S,sols,,,558,2.155573,48.795034
2024-956433,2024-07-31,000001,Vente,1999208,84,,RUE YVES LE COZ,3210,78000,78646,Versailles,78,,,78646000BK0333,,,,,,,,,,,,,0,2,Appartement,31,2,S,sols,,,558,2.155573,48.795034
2024-956433,2024-07-31,000001,Vente,1999208,84,,RUE YVES LE COZ,3210,78000,78646,Versailles,78,,,78646000BK0333,,,,,,,,,,,,,0,4,Local industriel. commercial ou assimilé,51,0,S,sols,,,558,2.155573,48.795034
2024-956433,2024-07-31,000001,Vente,1999208,84,,RUE YVES LE COZ,3210,78000,78646,Versailles,78,,,78646000BK0333,,,,,,,,,,,,,0,2,Appartement,28,1,S,sols,,,558,2.155573,48.795034
2024-956433,2024-07-31,000001,Vente,1999208,84,,RUE YVES LE COZ,3210,78000,78646,Versailles,78,,,78646000BK0333,,,,,,,,,,,,,0,2,Appartement,30,2,S,sols,,,558,2.155573,48.795034
2024-956433,2024-07-31,000001,Vente,1999208,84,,RUE YVES LE COZ,3210,78000,78646,Versailles,78,,,78646000BK0333,,,,,,,,,,,,,0,4,Local industriel. commercial ou assimilé,55,0,S,sols,,,558,2.155573,48.795034
2024-956433,2024-07-31,000001,Vente,1999208,84,,RUE YVES LE COZ,3210,78000,78646,Versailles,78,,,78646000BK0333,,,,,,,,,,,,,0,3,Dépendance,,0,S,sols,,,558,2.155573,48.795034
2024-956433,2024-07-31,000001,Vente,1999208,84,,RUE YVES LE COZ,3210,78000,78646,Versailles,78,,,78646000BK0333,,,,,,,,,,,,,0,3,Dépendance,,0,S,sols,,,558,2.155573,48.795034
2024-956433,2024-07-31,000001,Vente,1999208,24,,RUE COSTE,0730,78000,78646,Versailles,78,,,78646000BK0334,,,1,28,,,,,,,,,1,4,Local industriel. commercial ou assimilé,27,0,,,,,,2.155556,48.794923
2024-956433,2024-07-31,000001,Vente,1999208,24,,RUE COSTE,0730,78000,78646,Versailles,78,,,78646000BK0334,,,2,103,,,,,,,,,1,4,Local industriel. commercial ou assimilé,93,0,,,,,,2.155556,48.794923
2024-956437,2024-07-31,000001,Vente,170000,1,,RUE MOLIERE,1940,78000,78646,Versailles,78,,,78646000BL0333,,,28,,29,,,,,,,,2,2,Appartement,14,1,,,,,,2.147366,48.794998
2024-956437,2024-07-31,000001,Vente,170000,1,,RUE MOLIERE,1940,78000,78646,Versailles,78,,,78646000BL0333,,,30,,31,,32,,,,,,3,2,Appartement,24,1,,,,,,2.147366,48.794998
2024-956437,2024-07-31,000001,Vente,170000,1,,RUE MOLIERE,1940,78000,78646,Versailles,78,,,78646000BL0333,,,30,,31,,32,,,,,,3,2,Appartement,14,1,,,,,,2.147366,48.794998
2024-956437,2024-07-31,000001,Vente,170000,1,,RUE MOLIERE,1940,78000,78646,Versailles,78,,,78646000BL0333,,,28,,29,,,,,,,,2,2,Appartement,27,1,,,,,,2.147366,48.794998
2024-956437,2024-07-31,000001,Vente,170000,1,,RUE MOLIERE,1940,78000,78646,Versailles,78,,,78646000BL0333,,,30,,31,,32,,,,,,3,2,Appartement,15,1,,,,,,2.147366,48.794998
2024-956452,2024-07-31,000001,Vente,1697173,24,,RUE COSTE,0730,78000,78646,Versailles,78,,,78646000BK0334,,,6,56,,,,,,,,,1,2,Appartement,56,3,,,,,,2.155556,48.794923
2024-956452,2024-07-31,000001,Vente,1697173,24,,RUE COSTE,0730,78000,78646,Versailles,78,,,78646000BK0334,,,3,62.9,,,,,,,,,1,2,Appartement,63,3,,,,,,2.155556,48.794923
2024-956452,2024-07-31,000001,Vente,1697173,24,,RUE COSTE,0730,78000,78646,Versailles,78,,,78646000BK0334,,,4,56.07,,,,,,,,,1,2,Appartement,56,3,,,,,,2.155556,48.794923
2024-956452,2024-07-31,000001,Vente,1697173,24,,RUE COSTE,0730,78000,78646,Versailles,78,,,78646000BK0334,,,5,63.12,,,,,,,,,1,2,Appartement,63,3,,,,,,2.155556,48.794923
2024-956468,2024-08-01,000001,Vente,428690,17,,RUE DES RESERVOIRS,2580,78000,78646,Versailles,78,,,78646000AC0238,,,39,57.18,68,,,,,,,,2,2,Appartement,58,2,,,,,,2.124388,48.80841
2024-956476,2024-08-02,000001,Vente,175000,11,,RUE JEAN DE LA BRUYERE,1560,78000,78646,Versailles,78,,,78646000AO0205,,,1021,43.17,1121,,,,,,,,2,3,Dépendance,,0,,,,,,2.146857,48.813978
2024-956476,2024-08-02,000001,Vente,175000,11,,RUE JEAN DE LA BRUYERE,1560,78000,78646,Versailles,78,,,78646000AO0205,,,1201,,,,,,,,,,1,3,Dépendance,,0,,,,,,2.146857,48.813978
2024-956476,2024-08-02,000001,Vente,175000,11,,RUE JEAN DE LA BRUYERE,1560,78000,78646,Versailles,78,,,78646000AO0205,,,1021,43.17,1121,,,,,,,,2,2,Appartement,40,2,,,,,,2.146857,48.813978
2024-956522,2024-08-01,000001,Vente,504300,20,,RUE VICTOR BART,3160,78000,78646,Versailles,78,,,78646000AR0048,,,208,,,,,,,,,,1,3,Dépendance,,0,,,,,,2.145915,48.808908
2024-956522,2024-08-01,000001,Vente,504300,20,,RUE VICTOR BART,3160,78000,78646,Versailles,78,,,78646000AR0048,,,114,,21,89.96,,,,,,,2,3,Dépendance,,0,,,,,,2.145915,48.808908
2024-956522,2024-08-01,000001,Vente,504300,20,,RUE VICTOR BART,3160,78000,78646,Versailles,78,,,78646000AR0048,,,114,,21,89.96,,,,,,,2,2,Appartement,89,3,,,,,,2.145915,48.808908
2024-956534,2024-07-17,000001,Vente,1587800,25,,BD DE GLATIGNY,1275,78000,78646,Versailles,78,,,78646000AM0370,,,,,,,,,,,,,0,1,Maison,154,6,S,sols,,,274,2.141863,48.821009
2024-956544,2024-07-19,000001,Vente,511750,21,,RUE DE NOAILLES,2050,78000,78646,Versailles,78,,,78646000BR0118,,,11,67.3,15,,17,,29,,34,,5,2,Appartement,85,3,,,,,,2.135373,48.798459
2024-956544,2024-07-19,000001,Vente,511750,21,,RUE DE NOAILLES,2050,78000,78646,Versailles,78,,,78646000BR0118,,,11,67.3,15,,17,,29,,34,,5,3,Dépendance,,0,,,,,,2.135373,48.798459
2024-956544,2024-07-19,000001,Vente,511750,21,,RUE DE NOAILLES,2050,78000,78646,Versailles,78,,,78646000BR0118,,,11,67.3,15,,17,,29,,34,,5,3,Dépendance,,0,,,,,,2.135373,48.798459
2024-956577,2024-07-31,000001,Vente,12000,56,B,AV DE SAINT CLOUD,2730,78000,78646,Versailles,78,,,78646000BP0062,,,24,,,,,,,,,,1,3,Dépendance,,0,,,,,,2.139082,48.805129
2024-956583,2024-08-08,000001,Vente,670000,34,,RUE ALBERT JOLY,0050,78000,78646,Versailles,78,,,78646000AK0182,,,33,99.49,36,,,,,,,,2,2,Appartement,100,6,,,,,,2.139706,48.810004
2024-956583,2024-08-08,000001,Vente,670000,34,,RUE ALBERT JOLY,0050,78000,78646,Versailles,78,,,78646000AK0182,,,33,99.49,36,,,,,,,,2,3,Dépendance,,0,,,,,,2.139706,48.810004
2024-956583,2024-08-08,000001,Vente,670000,34,,RUE ALBERT JOLY,0050,78000,78646,Versailles,78,,,78646000AK0182,,,33,99.49,36,,,,,,,,2,3,Dépendance,,0,,,,,,2.139706,48.810004
2024-956586,2024-08-01,000001,Vente,380000,1,B,RUE SAINT HONORE,2780,78000,78646,Versailles,78,,,78646000BV0072,,,16,73.36,2,,44,,,,,,3,4,Local industriel. commercial ou assimilé,85,0,,,,,,2.125758,48.798713
2024-956614,2024-07-31,000001,Vente,315000,44,,RUE ALBERT SARRAUT,0080,78000,78646,Versailles,78,,,78646000BK0232,,,98,,,,,,,,,,1,3,Dépendance,,0,,,,,,2.14982,48.795098
2024-956614,2024-07-31,000001,Vente,315000,44,,RUE ALBERT SARRAUT,0080,78000,78646,Versailles,78,,,78646000BK0232,,,203,,50,61.1,,,,,,,2,2,Appartement,59,2,,,,,,2.14982,48.795098
2024-956614,2024-07-31,000001,Vente,315000,44,,RUE ALBERT SARRAUT,0080,78000,78646,Versailles,78,,,78646000BK0232,,,203,,50,61.1,,,,,,,2,3,Dépendance,,0,,,,,,2.14982,48.795098
2024-956617,2024-08-01,000001,Vente,365950,11,,RUE MONTBAURON,1970,78000,78646,Versailles,78,,,78646000AI0070,,,14,,31,,8,46.19,,,,,3,2,Appartement,47,2,,,,,,2.134926,48.803726
2024-956617,2024-08-01,000001,Vente,365950,11,,RUE MONTBAURON,1970,78000,78646,Versailles,78,,,78646000AI0070,,,14,,31,,8,46.19,,,,,3,3,Dépendance,,0,,,,,,2.134926,48.803726
2024-956617,2024-08-01,000001,Vente,365950,11,,RUE MONTBAURON,1970,78000,78646,Versailles,78,,,78646000AI0070,,,14,,31,,8,46.19,,,,,3,3,Dépendance,,0,,,,,,2.134926,48.803726
2024-956622,2024-07-26,000001,Vente en l'état futur d'achèvement,939200,104,,AV DE PARIS,2180,78000,78646,Versailles,78,,,78646000BK0019,,,57,,,,,,,,,,1,3,Dépendance,,0,,,,,,2.150393,48.797197
2024-956622,2024-07-26,000001,Vente en l'état futur d'achèvement,939200,104,,AV DE PARIS,2180,78000,78646,Versailles,78,,,78646000BK0019,,,33,,,,,,,,,,1,2,Appartement,113,5,,,,,,2.150393,48.797197
2024-956655,2024-07-23,000001,Vente,240000,16,,RUE BENJAMIN FRANKLIN,0340,78000,78646,Versailles,78,,,78646000BR0190,,,199,30.74,225,,,,,,,,2,2,Appartement,31,1,,,,,,2.135581,48.798108
2024-956655,2024-07-23,000001,Vente,240000,16,,RUE BENJAMIN FRANKLIN,0340,78000,78646,Versailles,78,,,78646000BR0190,,,199,30.74,225,,,,,,,,2,3,Dépendance,,0,,,,,,2.135581,48.798108
2024-956656,2024-08-08,000001,Vente,156000,40,,RUE DE VERGENNES,3150,78000,78646,Versailles,78,,,78646000BS0044,,,1,24.3,16,,,,,,,,2,2,Appartement,22,1,,,,,,2.137138,48.797133
2024-956656,2024-08-08,000001,Vente,156000,40,,RUE DE VERGENNES,3150,78000,78646,Versailles,78,,,78646000BS0044,,,1,24.3,16,,,,,,,,2,3,Dépendance,,0,,,,,,2.137138,48.797133
2024-956657,2024-08-07,000001,Vente,195305,13,,RUE DE L ORANGERIE,2110,78000,78646,Versailles,78,,,78646000AH0029,,,11,26.08,,,,,,,,,1,2,Appartement,25,1,,,,,,2.121792,48.800577
2024-956661,2024-08-08,000001,Vente,40000,58,,RUE DU MAL FOCH,1810,78000,78646,Versailles,78,,,78646000AK0127,,,47,,,,,,,,,,1,3,Dépendance,,0,,,,,,2.135211,48.81139
2024-956685,2024-08-07,000001,Vente,15000,53,,RUE EXELMANS,1020,78000,78646,Versailles,78,,,78646000AC0306,,,17107,,,,,,,,,,1,3,Dépendance,,0,,,,,,2.125764,48.813952
2024-956692,2024-07-31,000001,Vente,185000,63,,BD DE LA REINE,2520,78000,78646,Versailles,78,,,78646000AD0070,,,18,20,27,,,,,,,,2,2,Appartement,26,2,,,,,,2.130472,48.809642
2024-956692,2024-07-31,000001,Vente,185000,63,,BD DE LA REINE,2520,78000,78646,Versailles,78,,,78646000AD0070,,,18,20,27,,,,,,,,2,3,Dépendance,,0,,,,,,2.130472,48.809642
2024-956703,2024-08-01,000001,Vente,203140,28,,RUE SAINTE VICTOIRE,2920,78000,78646,Versailles,78,,,78646000AD0280,,,7,20.58,,,,,,,,,1,2,Appartement,20,1,,,,,,2.132177,48.811725
2024-956740,2024-08-20,000001,Vente,203200,15,,RUE DES TOURNELLES,3050,78000,78646,Versailles,78,,,78646000BT0015,,,3,31.82,,,,,,,,,1,2,Appartement,30,1,,,,,,2.127763,48.798144
2024-956740,2024-08-20,000001,Vente,203200,15,,RUE DES TOURNELLES,3050,78000,78646,Versailles,78,,,78646000BT0015,,,3,31.82,,,,,,,,,1,3,Dépendance,,0,,,,,,2.127763,48.798144
2024-956774,2024-08-22,000001,Vente,310000,17,,RUE DES ETATS GENERAUX,0980,78000,78646,Versailles,78,,,78646000BR0036,,,19,54.76,,,,,,,,,1,2,Appartement,25,2,,,,,,2.133011,48.800241
2024-956774,2024-08-22,000001,Vente,310000,17,,RUE DES ETATS GENERAUX,0980,78000,78646,Versailles,78,,,78646000BR0036,,,9,,,,,,,,,,1,3,Dépendance,,0,,,,,,2.133011,48.800241
2024-956774,2024-08-22,000001,Vente,310000,17,,RUE DES ETATS GENERAUX,0980,78000,78646,Versailles,78,,,78646000BR0036,,,18,,,,,,,,,,1,2,Appartement,52,3,,,,,,2.133011,48.800241
2024-956806,2024-07-31,000001,Vente,260000,19,,RUE DES TOURNELLES,3050,78000,78646,Versailles,78,,,78646000BT0017,,,28,,,,,,,,,,1,3,Dépendance,,0,,,,,,2.128029,48.797983
2024-956806,2024-07-31,000001,Vente,260000,19,,RUE DES TOURNELLES,3050,78000,78646,Versailles,78,,,78646000BT0017,,,18,,5,,,,,,,,2,2,Appartement,36,2,,,,,,2.128029,48.797983
2024-956806,2024-07-31,000001,Vente,260000,19,,RUE DES TOURNELLES,3050,78000,78646,Versailles,78,,,78646000BT0017,,,18,,5,,,,,,,,2,3,Dépendance,,0,,,,,,2.128029,48.797983
2024-956806,2024-07-31,000001,Vente,260000,19,,RUE DES TOURNELLES,3050,78000,78646,Versailles,78,,,78646000BT0017,,,28,,,,,,,,,,1,2,Appartement,9,1,,,,,,2.128029,48.797983
2024-956812,2024-08-01,000001,Vente,1059600,36,,RUE DE LA PAROISSE,2190,78000,78646,Versailles,78,,,78646000AE0205,,,11,,18,,7,127.12,8,,,,4,3,Dépendance,,0,,,,,,2.128079,48.807458
2024-956812,2024-08-01,000001,Vente,1059600,36,,RUE DE LA PAROISSE,2190,78000,78646,Versailles,78,,,78646000AE0205,,,11,,18,,7,127.12,8,,,,4,3,Dépendance,,0,,,,,,2.128079,48.807458
2024-956812,2024-08-01,000001,Vente,1059600,36,,RUE DE LA PAROISSE,2190,78000,78646,Versailles,78,,,78646000AE0205,,,11,,18,,7,127.12,8,,,,4,2,Appartement,130,5,,,,,,2.128079,48.807458
2024-956822,2024-08-02,000001,Vente,360650,31,B,RUE DU PARC DE CLAGNY,2171,78000,78646,Versailles,78,,,78646000AK0278,,,2,54.73,,,,,,,,,1,2,Appartement,54,2,,,,,,2.140417,48.812282
2024-956848,2024-07-24,000001,Vente,260000,59,,AV DES ETATS UNIS,0990,78000,78646,Versailles,78,,,78646000AS0054,,,241,,,,,,,,,,1,3,Dépendance,,0,,,,,,2.152632,48.814149
2024-956848,2024-07-24,000001,Vente,260000,59,,AV DES ETATS UNIS,0990,78000,78646,Versailles,78,,,78646000AS0054,,,100,56.23,,,,,,,,,1,2,Appartement,54,3,,,,,,2.152632,48.814149
2024-956870,2024-07-30,000001,Vente,35000,21,B,RUE DU MARECHAL GALLIENI,1812,78000,78646,Versailles,78,,,78646000AC0005,,,739,,,,,,,,,,1,3,Dépendance,,0,,,,,,2.123201,48.811375
2024-956946,2024-08-22,000001,Vente,644000,19,,RUE DU REFUGE,2510,78000,78646,Versailles,78,,,78646000AX0453,,,3,74.93,6,,,,,,,,2,3,Dépendance,,0,,,,,,2.143532,48.804564
2024-956946,2024-08-22,000001,Vente,644000,19,,RUE DU REFUGE,2510,78000,78646,Versailles,78,,,78646000AX0453,,,3,74.93,6,,,,,,,,2,2,Appartement,72,4,,,,,,2.143532,48.804564
2024-956949,2024-08-26,000001,Vente,372260,36,,RUE DE MONTREUIL,2000,78000,78646,Versailles,78,,,78646000AX0310,,,30,,31,,7,57.46,,,,,3,3,Dépendance,,0,,,,,,2.145469,48.804559
2024-956949,2024-08-26,000001,Vente,372260,36,,RUE DE MONTREUIL,2000,78000,78646,Versailles,78,,,78646000AX0310,,,30,,31,,7,57.46,,,,,3,3,Dépendance,,0,,,,,,2.145469,48.804559
2024-956949,2024-08-26,000001,Vente,372260,36,,RUE DE MONTREUIL,2000,78000,78646,Versailles,78,,,78646000AX0310,,,30,,31,,7,57.46,,,,,3,2,Appartement,57,2,,,,,,2.145469,48.804559
2024-956961,2024-08-23,000001,Vente,630000,3,,RUE ANTOINE COYPEL,0200,78000,78646,Versailles,78,,,78646000BO0010,,,19,87.6,57,,,,,,,,2,3,Dépendance,,0,,,,,,2.142833,48.800054
2024-956961,2024-08-23,000001,Vente,630000,3,,RUE ANTOINE COYPEL,0200,78000,78646,Versailles,78,,,78646000BO0010,,,304,,,,,,,,,,1,3,Dépendance,,0,,,,,,2.142833,48.800054
2024-956961,2024-08-23,000001,Vente,630000,3,,RUE ANTOINE COYPEL,0200,78000,78646,Versailles,78,,,78646000BO0010,,,19,87.6,57,,,,,,,,2,2,Appartement,87,3,,,,,,2.142833,48.800054
2024-956980,2024-08-22,000001,Vente,230000,72,,AV DE PARIS,2180,78000,78646,Versailles,78,,,78646000BN0029,,,33,45.54,42,,,,,,,,2,2,Appartement,45,2,,,,,,2.142516,48.798154
2024-956980,2024-08-22,000001,Vente,230000,72,,AV DE PARIS,2180,78000,78646,Versailles,78,,,78646000BN0029,,,33,45.54,42,,,,,,,,2,3,Dépendance,,0,,,,,,2.142516,48.798154
2024-956995,2024-08-26,000001,Vente,238000,9,,RUE JOUVENCEL,1520,78000,78646,Versailles,78,,,78646000AI0043,,,15,34.8,19,,26,,,,,,3,3,Dépendance,,0,,,,,,2.13302,48.803432
2024-956995,2024-08-26,000001,Vente,238000,9,,RUE JOUVENCEL,1520,78000,78646,Versailles,78,,,78646000AI0043,,,15,34.8,19,,26,,,,,,3,3,Dépendance,,0,,,,,,2.13302,48.803432
2024-956995,2024-08-26,000001,Vente,238000,9,,RUE JOUVENCEL,1520,78000,78646,Versailles,78,,,78646000AI0043,,,15,34.8,19,,26,,,,,,3,2,Appartement,33,1,,,,,,2.13302,48.803432
2024-957008,2024-08-21,000001,Vente,230000,16,,RUE HOCHE,1350,78000,78646,Versailles,78,,,78646000AE0218,,,48,35.83,49,,,,,,,,2,2,Appartement,51,3,,,,,,2.128837,48.806684
2024-957009,2024-08-26,000001,Vente,353750,18,,RUE GEORGES CLEMENCEAU,1200,78000,78646,Versailles,78,,,78646000AI0090,,,129,38.9,,,,,,,,,1,3,Dépendance,,0,,,,,,2.132894,48.804399
2024-957009,2024-08-26,000001,Vente,353750,18,,RUE GEORGES CLEMENCEAU,1200,78000,78646,Versailles,78,,,78646000AI0090,,,129,38.9,,,,,,,,,1,2,Appartement,37,1,,,,,,2.132894,48.804399
2024-957010,2024-08-26,000001,Vente,642200,4,,AV DE SCEAUX,2980,78000,78646,Versailles,78,,,78646000AH0156,,,21,72.82,,,,,,,,,1,4,Local industriel. commercial ou assimilé,17,0,,,,,,2.125731,48.80058
2024-957010,2024-08-26,000001,Vente,642200,4,,AV DE SCEAUX,2980,78000,78646,Versailles,78,,,78646000AH0156,,,21,72.82,45,,,,,,,,2,2,Appartement,62,2,,,,,,2.125731,48.80058
2024-957011,2024-08-23,000001,Vente,1200650,34,,AV DES ETATS UNIS,0990,78000,78646,Versailles,78,,,78646000AX0058,,,113,12.39,,,,,,,,,1,3,Dépendance,,0,,,,,,2.144715,48.806996
2024-957011,2024-08-23,000001,Vente,1200650,34,,AV DES ETATS UNIS,0990,78000,78646,Versailles,78,,,78646000AX0058,,,106,132.31,136,,144,,,,,,3,2,Appartement,137,5,,,,,,2.144715,48.806996
2024-957011,2024-08-23,000001,Vente,1200650,34,,AV DES ETATS UNIS,0990,78000,78646,Versailles,78,,,78646000AX0058,,,106,132.31,136,,144,,,,,,3,3,Dépendance,,0,,,,,,2.144715,48.806996
2024-957013,2024-08-22,000001,Vente,14500,57,,RUE EXELMANS,1020,78000,78646,Versailles,78,,,78646000AC0262,,,197,,,,,,,,,,1,3,Dépendance,,0,,,,,,2.126785,48.814611
2024-957014,2024-07-26,000001,Vente,1600000,3,,PAS PILATRE DE ROZIER,2340,78000,78646,Versailles,78,,,78646000AK0162,,,,,,,,,,,,,0,4,Local industriel. commercial ou assimilé,291,0,S,sols,,,538,2.135114,48.810038
2024-957018,2024-08-23,000001,Vente,168000,21,,RUE SAINT LOUIS,2810,78000,78646,Versailles,78,,,78646000BW0009,,,19,,9,,,,,,,,2,3,Dépendance,,0,,,,,,2.12625,48.795104
2024-957018,2024-08-23,000001,Vente,168000,21,,RUE SAINT LOUIS,2810,78000,78646,Versailles,78,,,78646000BW0009,,,19,,9,,,,,,,,2,2,Appartement,32,1,,,,,,2.12625,48.795104
2024-957020,2024-08-21,000001,Vente,548450,19,,RUE DE SATORY,2950,78000,78646,Versailles,78,,,78646000AH0144,,,26,54.65,,,,,,,,,1,2,Appartement,40,2,,,,,,2.125004,48.800167
2024-957128,2024-08-29,000001,Vente,531401,6,,RUE DE LA CEINTURE,0460,78000,78646,Versailles,78,,,78646000AW0006,,,231,101.34,259,,,,,,,,2,3,Dépendance,,0,,,,,,2.15013,48.808121
2024-957128,2024-08-29,000001,Vente,531401,6,,RUE DE LA CEINTURE,0460,78000,78646,Versailles,78,,,78646000AW0006,,,231,101.34,259,,,,,,,,2,2,Appartement,104,4,,,,,,2.15013,48.808121
2024-957128,2024-08-29,000001,Vente,531401,6,,RUE DE LA CEINTURE,0460,78000,78646,Versailles,78,,,78646000AW0006,,,1037,,,,,,,,,,1,3,Dépendance,,0,,,,,,2.15013,48.808121
2024-957149,2024-08-07,000001,Vente,150000,4,,PAS SAINT LOUIS,2830,78000,78646,Versailles,78,,,78646000BV0132,,,14,,9,17.5,,,,,,,2,2,Appartement,19,1,,,,,,2.125432,48.797793
2024-957149,2024-08-07,000001,Vente,150000,4,,PAS SAINT LOUIS,2830,78000,78646,Versailles,78,,,78646000BV0132,,,14,,9,17.5,,,,,,,2,3,Dépendance,,0,,,,,,2.125432,48.797793
2024-957151,2024-08-26,000001,Vente,540000,98,,BD DE LA REINE,2520,78000,78646,Versailles,78,,,78646000AI0290,,,149,91.91,150,,,,,,,,2,4,Local industriel. commercial ou assimilé,92,0,,,,,,2.139429,48.808058
2024-957151,2024-08-26,000001,Vente,540000,98,,BD DE LA REINE,2520,78000,78646,Versailles,78,,,78646000AI0290,,,119,,,,,,,,,,1,3,Dépendance,,0,,,,,,2.139429,48.808058
2024-957165,2024-08-29,000001,Vente,45000,87,,AV DE SAINT CLOUD,2730,78000,78646,Versailles,78,,,78646000AI0233,,,36,,,,,,,,,,1,3,Dépendance,,0,,,,,,2.139119,48.806033
2024-957175,2024-08-27,000001,Vente,160000,7,,RUE NEUVE NOTRE DAME,2040,78000,78646,Versailles,78,,,78646000AE0008,,,41,,,,,,,,,,1,3,Dépendance,,0,,,,,,2.126625,48.808941
2024-957175,2024-08-27,000001,Vente,160000,7,,RUE NEUVE NOTRE DAME,2040,78000,78646,Versailles,78,,,78646000AE0008,,,31,,,,,,,,,,1,2,Appartement,16,1,,,,,,2.126625,48.808941
2024-957175,2024-08-27,000001,Vente,160000,7,,RUE NEUVE NOTRE DAME,2040,78000,78646,Versailles,78,,,78646000AE0008,,,41,,,,,,,,,,1,3,Dépendance,,0,,,,,,2.126625,48.808941
2024-957175,2024-08-27,000001,Vente,160000,7,,RUE NEUVE NOTRE DAME,2040,78000,78646,Versailles,78,,,78646000AE0008,,,41,,,,,,,,,,1,2,Appartement,61,2,,,,,,2.126625,48.808941
2024-957184,2024-08-28,000001,Vente,317000,14,B,RUE BENJAMIN FRANKLIN,0340,78000,78646,Versailles,78,,,78646000BR0190,,,284,,,,,,,,,,1,3,Dépendance,,0,,,,,,2.135581,48.798108
2024-957184,2024-08-28,000001,Vente,317000,47,,RUE DES ETATS GENERAUX,0980,78000,78646,Versailles,78,,,78646000BR0190,,,114,,48,52.63,,,,,,,2,3,Dépendance,,0,,,,,,2.135581,48.798108
2024-957184,2024-08-28,000001,Vente,317000,47,,RUE DES ETATS GENERAUX,0980,78000,78646,Versailles,78,,,78646000BR0190,,,114,,48,52.63,,,,,,,2,2,Appartement,53,2,,,,,,2.135581,48.798108
2024-957189,2024-08-28,000001,Vente,464000,13,,RUE DU GENERAL PERSHING,1170,78000,78646,Versailles,78,,,78646000AO0068,,,457,,,,,,,,,,1,3,Dépendance,,0,,,,,,2.148928,48.817113
2024-957189,2024-08-28,000001,Vente,464000,13,,RUE DU GENERAL PERSHING,1170,78000,78646,Versailles,78,,,78646000AO0068,,,99,111,,,,,,,,,1,2,Appartement,105,3,,,,,,2.148928,48.817113
2024-957189,2024-08-28,000001,Vente,464000,13,,RUE DU GENERAL PERSHING,1170,78000,78646,Versailles,78,,,78646000AO0068,,,456,,,,,,,,,,1,3,Dépendance,,0,,,,,,2.148928,48.817113
2024-957199,2024-08-28,000001,Vente,317000,14,,RUE DU MARCHE NEUF,1780,78000,78646,Versailles,78,,,78646000BV0095,,,1,36.93,,,,,,,,,1,4,Local industriel. commercial ou assimilé,40,0,,,,,,2.126401,48.797497
2024-957206,2024-08-20,000001,Vente,200000,6,,RUE MONTBAURON,1970,78000,78646,Versailles,78,,,78646000BP0027,,,46,,,,,,,,,,1,3,Dépendance,,0,,,,,,2.135298,48.802989
2024-957206,2024-08-20,000001,Vente,200000,6,,RUE MONTBAURON,1970,78000,78646,Versailles,78,,,78646000BP0027,,,142,29.58,,,,,,,,,1,2,Appartement,29,1,,,,,,2.135298,48.802989
2024-957209,2024-08-12,000001,Vente,65000,6,,AV DES ETATS UNIS,0990,78000,78646,Versailles,78,,,78646000AX0270,,,30,10.93,,,,,,,,,1,2,Appartement,15,1,,,,,,2.142385,48.805801
2024-957217,2024-08-21,000001,Vente,850000,58,,RUE ALBERT JOLY,0050,78000,78646,Versailles,78,,,78646000AR0053,,,24,125,46,,,,,,,,2,3,Dépendance,,0,,,,,,2.143711,48.809427
2024-957217,2024-08-21,000001,Vente,850000,58,,RUE ALBERT JOLY,0050,78000,78646,Versailles,78,,,78646000AR0053,,,24,125,46,,,,,,,,2,3,Dépendance,,0,,,,,,2.143711,48.809427
2024-957217,2024-08-21,000001,Vente,850000,58,,RUE ALBERT JOLY,0050,78000,78646,Versailles,78,,,78646000AR0053,,,24,125,46,,,,,,,,2,2,Appartement,128,5,,,,,,2.143711,48.809427
2024-957217,2024-08-21,000001,Vente,850000,58,,RUE ALBERT JOLY,0050,78000,78646,Versailles,78,,,78646000AR0053,,,123,,,,,,,,,,1,3,Dépendance,,0,,,,,,2.143711,48.809427
2024-957217,2024-08-21,000001,Vente,850000,58,,RUE ALBERT JOLY,0050,78000,78646,Versailles,78,,,78646000AR0053,,,171,,,,,,,,,,1,3,Dépendance,,0,,,,,,2.143711,48.809427
2024-957240,2024-08-26,000001,Vente,611680,26,,RUE DU GENERAL LECLERC,1145,78000,78646,Versailles,78,,,78646000BV0080,,,3,,,,,,,,,,1,3,Dépendance,,0,,,,,,2.12633,48.798673
2024-957240,2024-08-26,000001,Vente,611680,26,,RUE DU GENERAL LECLERC,1145,78000,78646,Versailles,78,,,78646000BV0080,,,63,,75,,89,,,,,,3,2,Appartement,81,4,,,,,,2.12633,48.798673
2024-957242,2024-08-30,000001,Vente,476000,1,,PROM MONA LISA,1965,78000,78646,Versailles,78,,,78646000AZ0110,,,2570,,2613,117.3,,,,,,,2,2,Appartement,118,5,,,,,,2.158672,48.8041
2024-957242,2024-08-30,000001,Vente,476000,1,,PROM MONA LISA,1965,78000,78646,Versailles,78,,,78646000AZ0110,,,2570,,2613,117.3,,,,,,,2,3,Dépendance,,0,,,,,,2.158672,48.8041
2024-957242,2024-08-30,000001,Vente,476000,1,,PROM MONA LISA,1965,78000,78646,Versailles,78,,,78646000AZ0110,,,2570,,2613,117.3,,,,,,,2,3,Dépendance,,0,,,,,,2.158672,48.8041
2024-957242,2024-08-30,000001,Vente,476000,5,,RUE DE L ECOLE DES POSTES,0850,78000,78646,Versailles,78,,,78646000AZ0110,,,2584,,,,,,,,,,1,3,Dépendance,,0,,,,,,2.158672,48.8041
2024-957244,2024-08-22,000001,Vente,243490,43,,BD DU ROI,2641,78000,78646,Versailles,78,,,78646000AC0104,,,3,,31,29.57,4,,,,,,3,3,Dépendance,,0,,,,,,2.128119,48.814877
2024-957244,2024-08-22,000001,Vente,243490,43,,BD DU ROI,2641,78000,78646,Versailles,78,,,78646000AC0104,,,3,,31,29.57,4,,,,,,3,2,Appartement,31,2,,,,,,2.128119,48.814877
2024-957244,2024-08-22,000001,Vente,243490,43,,BD DU ROI,2641,78000,78646,Versailles,78,,,78646000AC0104,,,3,,31,29.57,4,,,,,,3,3,Dépendance,,0,,,,,,2.128119,48.814877
2024-957265,2024-08-28,000001,Vente,56664,92,,RUE D ANJOU,0190,78000,78646,Versailles,78,,,78646000BT0072,,,57,,,,,,,,,,1,3,Dépendance,,0,,,,,,2.130233,48.795576
2024-957273,2024-08-07,000001,Vente,670862,18,,RUE DU PARC DE CLAGNY,2171,78000,78646,Versailles,78,,,78646000AP0097,,,343,,,,,,,,,,1,3,Dépendance,,0,,,,,,2.141563,48.813647
2024-957273,2024-08-07,000001,Vente,670862,18,,RUE DU PARC DE CLAGNY,2171,78000,78646,Versailles,78,,,78646000AP0097,,,393,,394,,426,,,,,,3,3,Dépendance,,0,,,,,,2.141563,48.813647
2024-957273,2024-08-07,000001,Vente,670862,18,,RUE DU PARC DE CLAGNY,2171,78000,78646,Versailles,78,,,78646000AP0097,,,393,,394,,426,,,,,,3,2,Appartement,125,6,,,,,,2.141563,48.813647
2024-957273,2024-08-07,000001,Vente,670862,18,,RUE DU PARC DE CLAGNY,2171,78000,78646,Versailles,78,,,78646000AP0097,,,231,,,,,,,,,,1,3,Dépendance,,0,,,,,,2.141563,48.813647
2024-957278,2024-08-29,000001,Vente,273540,17,T,RUE DU PONT COLBERT,2370,78000,78646,Versailles,78,,,78646000BI0022,,,396,61.1,,,,,,,,,1,3,Dépendance,,0,,,,,,2.149624,48.789909
2024-957278,2024-08-29,000001,Vente,273540,17,T,RUE DU PONT COLBERT,2370,78000,78646,Versailles,78,,,78646000BI0022,,,396,61.1,,,,,,,,,1,2,Appartement,64,3,,,,,,2.149624,48.789909
2024-957284,2024-08-20,000001,Vente,130000,18,,RUE DES BOURDONNAIS,0400,78000,78646,Versailles,78,,,78646000BV0175,,,19,,5,,,,,,,,2,3,Dépendance,,0,,,,,,2.124786,48.795771
2024-957284,2024-08-20,000001,Vente,130000,18,,RUE DES BOURDONNAIS,0400,78000,78646,Versailles,78,,,78646000BV0175,,,19,,5,,,,,,,,2,3,Dépendance,,0,,,,,,2.124786,48.795771
2024-957284,2024-08-20,000001,Vente,130000,18,,RUE DES BOURDONNAIS,0400,78000,78646,Versailles,78,,,78646000BV0175,,,19,,5,,,,,,,,2,2,Appartement,108,5,,,,,,2.124786,48.795771
2024-957284,2024-08-20,000001,Vente,130000,18,,RUE DES BOURDONNAIS,0400,78000,78646,Versailles,78,,,78646000BV0175,,,19,,5,,,,,,,,2,3,Dépendance,,0,,,,,,2.124786,48.795771
2024-957284,2024-08-20,000001,Vente,130000,18,,RUE DES BOURDONNAIS,0400,78000,78646,Versailles,78,,,78646000BV0175,,,19,,5,,,,,,,,2,3,Dépendance,,0,,,,,,2.124786,48.795771
2024-957285,2024-08-12,000001,Vente,471500,20,,RUE SAINTE ADELAIDE,2670,78000,78646,Versailles,78,,,78646000AD0137,,,15,,,,,,,,,,1,2,Appartement,67,3,,,,,,2.130676,48.810879
2024-957285,2024-08-12,000001,Vente,471500,20,,RUE SAINTE ADELAIDE,2670,78000,78646,Versailles,78,,,78646000AD0137,,,15,,,,,,,,,,1,3,Dépendance,,0,,,,,,2.130676,48.810879
2024-957298,2024-09-02,000001,Vente,44000,27,,RUE DES ETATS GENERAUX,0980,78000,78646,Versailles,78,,,78646000BR0049,,,55,,,,,,,,,,1,3,Dépendance,,0,,,,,,2.134094,48.799225
2024-957298,2024-09-02,000001,Vente,44000,27,,RUE DES ETATS GENERAUX,0980,78000,78646,Versailles,78,,,78646000BR0049,,,56,,,,,,,,,,1,3,Dépendance,,0,,,,,,2.134094,48.799225
2024-957312,2024-08-28,000001,Vente,248550,6,,RUE MONTBAURON,1970,78000,78646,Versailles,78,,,78646000BP0027,,,106,33.05,,,,,,,,,1,2,Appartement,32,1,,,,,,2.135298,48.802989
2024-957336,2024-09-03,000001,Vente,197000,3,,RUE MAZIERE,1880,78000,78646,Versailles,78,,,78646000AH0109,,,32,,6,,,,,,,,2,3,Dépendance,,0,,,,,,2.122534,48.800559
2024-957336,2024-09-03,000001,Vente,197000,3,,RUE MAZIERE,1880,78000,78646,Versailles,78,,,78646000AH0109,,,32,,6,,,,,,,,2,3,Dépendance,,0,,,,,,2.122534,48.800559
2024-957336,2024-09-03,000001,Vente,197000,3,,RUE MAZIERE,1880,78000,78646,Versailles,78,,,78646000AH0109,,,32,,6,,,,,,,,2,2,Appartement,25,1,,,,,,2.122534,48.800559
2024-957354,2024-09-02,000001,Vente,20000,15,,RUE BENJAMIN FRANKLIN,0340,78000,78646,Versailles,78,,,78646000BS0035,,,143,,,,,,,,,,1,3,Dépendance,,0,,,,,,2.136519,48.797884
2024-957358,2024-08-29,000001,Vente,23800,9,,PL ALEXANDRE 1E LOUIS BARTHOU,0100,78000,78646,Versailles,78,,,78646000AX0489,,,77,,,,,,,,,,1,3,Dépendance,,0,,,,,,2.140761,48.806449
2024-957386,2024-08-28,000001,Vente,900000,2,T,RUE GEORGES GUYNEMER,1210,78000,78646,Versailles,78,,,78646000AX0205,,,,,,,,,,,,,0,1,Maison,150,6,S,sols,,,269,2.148744,48.804957
2024-957386,2024-08-28,000001,Vente,900000,2,T,RUE GEORGES GUYNEMER,1210,78000,78646,Versailles,78,,,78646000AX0205,,,,,,,,,,,,,0,3,Dépendance,,0,S,sols,,,269,2.148744,48.804957
2024-957432,2024-09-03,000001,Vente,70000,3,,RUE PORTE DE BUC,2390,78000,78646,Versailles,78,,,78646000BM0040,,,49,24.53,,,,,,,,,1,4,Local industriel. commercial ou assimilé,25,0,,,,,,2.138816,48.795174
2024-957445,2024-08-27,000001,Vente,738000,19,,AV DES ETATS UNIS,0990,78000,78646,Versailles,78,,,78646000AX0045,,,19,,6,84.81,,,,,,,2,3,Dépendance,,0,,,,,,2.143827,48.807614
2024-957445,2024-08-27,000001,Vente,738000,19,,AV DES ETATS UNIS,0990,78000,78646,Versailles,78,,,78646000AX0045,,,19,,6,84.81,,,,,,,2,2,Appartement,85,4,,,,,,2.143827,48.807614
2024-957448,2024-08-30,000001,Vente,289000,10,,RUE SAINT LOUIS,2810,78000,78646,Versailles,78,,,78646000BW0073,,,12,44.01,,,,,,,,,1,2,Appartement,39,2,,,,,,2.123854,48.795296
2024-957468,2024-08-13,000001,Vente,235000,31,,BD DE LA REPUBLIQUE,2570,78000,78646,Versailles,78,,,78646000AW0234,,,21,,38,,6,62.59,,,,,3,3,Dépendance,,0,,,,,,2.148761,48.806788
2024-957468,2024-08-13,000001,Vente,235000,31,,BD DE LA REPUBLIQUE,2570,78000,78646,Versailles,78,,,78646000AW0234,,,21,,38,,6,62.59,,,,,3,2,Appartement,65,3,,,,,,2.148761,48.806788
2024-957476,2024-08-29,000001,Vente,1184550,20,,RUE JACQUES BOYCEAU,1410,78000,78646,Versailles,78,,,78646000BP0080,,,,,,,,,,,,,0,1,Maison,120,5,S,sols,,,216,2.140536,48.803847
2024-957476,2024-08-29,000001,Vente,1184550,20,,RUE JACQUES BOYCEAU,1410,78000,78646,Versailles,78,,,78646000BP0080,,,,,,,,,,,,,0,3,Dépendance,,0,S,sols,,,216,2.140536,48.803847
2024-957489,2024-08-29,000001,Vente,643650,6,,RUE DE FONTENAY,1050,78000,78646,Versailles,78,,,78646000AH0092,,,18,,19,76.13,29,,47,,48,,5,3,Dépendance,,0,,,,,,2.124293,48.801086
2024-957489,2024-08-29,000001,Vente,643650,6,,RUE DE FONTENAY,1050,78000,78646,Versailles,78,,,78646000AH0092,,,18,,19,76.13,29,,47,,48,,5,2,Appartement,51,3,,,,,,2.124293,48.801086
2024-957489,2024-08-29,000001,Vente,643650,6,,RUE DE FONTENAY,1050,78000,78646,Versailles,78,,,78646000AH0092,,,18,,19,76.13,29,,47,,48,,5,3,Dépendance,,0,,,,,,2.124293,48.801086
2024-957503,2024-08-27,000001,Vente,459930,63,,AV DU MAL DOUGLAS HAIG,1795,78000,78646,Versailles,78,,,78646000AM0191,,,32,,69,68.59,,,,,,,2,2,Appartement,73,3,,,,,,2.14415,48.823322
2024-957503,2024-08-27,000001,Vente,459930,63,,AV DU MAL DOUGLAS HAIG,1795,78000,78646,Versailles,78,,,78646000AM0191,,,32,,69,68.59,,,,,,,2,3,Dépendance,,0,,,,,,2.14415,48.823322
2024-957503,2024-08-27,000001,Vente,459930,63,,AV DU MAL DOUGLAS HAIG,1795,78000,78646,Versailles,78,,,78646000AM0191,,,8,,,,,,,,,,1,3,Dépendance,,0,,,,,,2.14415,48.823322
2024-957508,2024-08-28,000001,Vente,246920,48,,RUE DU MAL FOCH,1810,78000,78646,Versailles,78,,,78646000AK0157,,,8,39.02,,,,,,,,,1,2,Appartement,40,2,,,,,,2.134793,48.810314
2024-957508,2024-08-28,000001,Vente,246920,48,,RUE DU MAL FOCH,1810,78000,78646,Versailles,78,,,78646000AK0157,,,8,39.02,,,,,,,,,1,3,Dépendance,,0,,,,,,2.134793,48.810314
2024-957508,2024-08-28,000001,Vente,246920,48,,RUE DU MAL FOCH,1810,78000,78646,Versailles,78,,,78646000AK0157,,,8,39.02,,,,,,,,,1,3,Dépendance,,0,,,,,,2.134793,48.810314
2024-957545,2024-08-27,000001,Vente,1960350,40,,RUE BERTHIER,0370,78000,78646,Versailles,78,,,78646000AD0133,,,,,,,,,,,,,0,1,Maison,168,7,S,sols,,,646,2.130843,48.811024
2024-957592,2024-09-04,000001,Vente,160000,5,,RUE D ANGIVILLER,0170,78000,78646,Versailles,78,,,78646000AC0179,,,2,,22,18.19,,,,,,,2,2,Appartement,18,1,,,,,,2.125824,48.810853
2024-957592,2024-09-04,000001,Vente,160000,5,,RUE D ANGIVILLER,0170,78000,78646,Versailles,78,,,78646000AC0179,,,2,,22,18.19,,,,,,,2,3,Dépendance,,0,,,,,,2.125824,48.810853
2024-957592,2024-09-04,000001,Vente,160000,5,,RUE D ANGIVILLER,0170,78000,78646,Versailles,78,,,78646000AC0179,,,2,,22,18.19,,,,,,,2,3,Dépendance,,0,,,,,,2.125824,48.810853
2024-957593,2024-08-26,000001,Vente,270000,3,,RUE DU PONT COLBERT,2370,78000,78646,Versailles,78,,,78646000BL0294,,,454,,,,,,,,,,1,3,Dépendance,,0,,,,,,2.146987,48.791716
2024-957593,2024-08-26,000001,Vente,270000,3,,RUE DU PONT COLBERT,2370,78000,78646,Versailles,78,,,78646000BL0294,,,42,,76,,,,,,,,2,3,Dépendance,,0,,,,,,2.146987,48.791716
2024-957593,2024-08-26,000001,Vente,270000,3,,RUE DU PONT COLBERT,2370,78000,78646,Versailles,78,,,78646000BL0294,,,42,,76,,,,,,,,2,2,Appartement,56,3,,,,,,2.146987,48.791716
2024-957594,2024-09-06,000001,Vente,435000,11,,RUE SAINT LOUIS,2810,78000,78646,Versailles,78,,,78646000BV0185,,,1,71.77,,,,,,,,,1,3,Dépendance,,0,,,,,,2.124529,48.795589
2024-957594,2024-09-06,000001,Vente,435000,11,,RUE SAINT LOUIS,2810,78000,78646,Versailles,78,,,78646000BV0185,,,1,71.77,,,,,,,,,1,3,Dépendance,,0,,,,,,2.124529,48.795589
2024-957594,2024-09-06,000001,Vente,435000,11,,RUE SAINT LOUIS,2810,78000,78646,Versailles,78,,,78646000BV0185,,,1,71.77,,,,,,,,,1,2,Appartement,69,4,,,,,,2.124529,48.795589
2024-957594,2024-09-06,000001,Vente,435000,11,,RUE SAINT LOUIS,2810,78000,78646,Versailles,78,,,78646000BV0185,,,1,71.77,,,,,,,,,1,3,Dépendance,,0,,,,,,2.124529,48.795589
2024-957596,2024-09-05,000001,Vente,678100,13,,RUE DE VERGENNES,3150,78000,78646,Versailles,78,,,78646000BN0016,,,2,116.99,32,,33,,4,,5,,7,2,Appartement,130,6,,,,,,2.13809,48.798954
2024-957596,2024-09-05,000001,Vente,678100,13,,RUE DE VERGENNES,3150,78000,78646,Versailles,78,,,78646000BN0016,,,2,116.99,32,,33,,4,,5,,7,3,Dépendance,,0,,,,,,2.13809,48.798954
2024-957596,2024-09-05,000001,Vente,678100,36,,RUE DE VERGENNES,3150,78000,78646,Versailles,78,,,78646000BS0043,,,77,,,,,,,,,,1,3,Dépendance,,0,,,,,,2.137093,48.797286
2024-957597,2024-09-06,000001,Vente,135000,18,,RUE CHAMP LAGARDE,0490,78000,78646,Versailles,78,,,78646000BO0013,,,25,,,,,,,,,,1,3,Dépendance,,0,,,,,,2.143998,48.800601
2024-957604,2024-09-09,000001,Vente,270000,84,,RUE DE LA PAROISSE,2190,78000,78646,Versailles,78,,,78646000AI0135,,,12,47.45,25,,28,,,,,,3,3,Dépendance,,0,,,,,,2.133615,48.805921
2024-957604,2024-09-09,000001,Vente,270000,84,,RUE DE LA PAROISSE,2190,78000,78646,Versailles,78,,,78646000AI0135,,,12,47.45,25,,28,,,,,,3,3,Dépendance,,0,,,,,,2.133615,48.805921
2024-957604,2024-09-09,000001,Vente,270000,84,,RUE DE LA PAROISSE,2190,78000,78646,Versailles,78,,,78646000AI0135,,,12,47.45,25,,28,,,,,,3,2,Appartement,40,2,,,,,,2.133615,48.805921
2024-957608,2024-09-06,000001,Vente,480000,8,,ALL DES GARDES ROYALES,1136,78000,78646,Versailles,78,,,78646000AY0212,,,594,,619,,,,,,,,2,3,Dépendance,,0,,,,,,2.151214,48.802177
2024-957608,2024-09-06,000001,Vente,480000,8,,ALL DES GARDES ROYALES,1136,78000,78646,Versailles,78,,,78646000AY0212,,,594,,619,,,,,,,,2,3,Dépendance,,0,,,,,,2.151214,48.802177
2024-957608,2024-09-06,000001,Vente,480000,8,,ALL DES GARDES ROYALES,1136,78000,78646,Versailles,78,,,78646000AY0212,,,594,,619,,,,,,,,2,2,Appartement,70,3,,,,,,2.151214,48.802177
2024-957610,2024-09-05,000001,Vente,370000,13,,RUE DU GENERAL PERSHING,1170,78000,78646,Versailles,78,,,78646000AO0068,,,9,77.1,,,,,,,,,1,3,Dépendance,,0,,,,,,2.148928,48.817113
2024-957610,2024-09-05,000001,Vente,370000,13,,RUE DU GENERAL PERSHING,1170,78000,78646,Versailles,78,,,78646000AO0068,,,430,,,,,,,,,,1,3,Dépendance,,0,,,,,,2.148928,48.817113
2024-957610,2024-09-05,000001,Vente,370000,13,,RUE DU GENERAL PERSHING,1170,78000,78646,Versailles,78,,,78646000AO0068,,,9,77.1,,,,,,,,,1,2,Appartement,79,3,,,,,,2.148928,48.817113
2024-957611,2024-09-05,000001,Vente,193300,44,,RUE SAINT CHARLES,2710,78000,78646,Versailles,78,,,78646000AY0019,,,41,30.97,90,,,,,,,,2,2,Appartement,30,1,,,,,,2.147972,48.803805
2024-957611,2024-09-05,000001,Vente,193300,44,,RUE SAINT CHARLES,2710,78000,78646,Versailles,78,,,78646000AY0019,,,139,,,,,,,,,,1,3,Dépendance,,0,,,,,,2.147972,48.803805
2024-957614,2024-09-05,000001,Vente,290000,77,,RUE DE MONTREUIL,2000,78000,78646,Versailles,78,,,78646000AX0201,,,164,,,,,,,,,,1,3,Dépendance,,0,,,,,,2.148993,48.804972
2024-957614,2024-09-05,000001,Vente,290000,77,,RUE DE MONTREUIL,2000,78000,78646,Versailles,78,,,78646000AX0201,,,163,,,,,,,,,,1,3,Dépendance,,0,,,,,,2.148993,48.804972
2024-957614,2024-09-05,000001,Vente,290000,77,,RUE DE MONTREUIL,2000,78000,78646,Versailles,78,,,78646000AX0201,,,1,40.03,2,,,,,,,,2,3,Dépendance,,0,,,,,,2.148993,48.804972
2024-957614,2024-09-05,000001,Vente,290000,77,,RUE DE MONTREUIL,2000,78000,78646,Versailles,78,,,78646000AX0201,,,1,40.03,2,,,,,,,,2,2,Appartement,41,2,,,,,,2.148993,48.804972
2024-957627,2024-08-29,000001,Vente,144500,9,,RUE DU PONT COLBERT,2370,78000,78646,Versailles,78,,,78646000BL0422,,,388,,428,,,,,,,,2,3,Dépendance,,0,,,,,,2.147593,48.79113
2024-957627,2024-08-29,000001,Vente,144500,9,,RUE DU PONT COLBERT,2370,78000,78646,Versailles,78,,,78646000BL0422,,,388,,428,,,,,,,,2,2,Appartement,29,1,,,,,,2.147593,48.79113
2024-957686,2024-09-06,000001,Vente en l'état futur d'achèvement,430000,,,LA SABLIERE,B029,78000,78646,Versailles,78,,,78646000BY0108,,,305,,,,,,,,,,1,,,,,,,,,,2.079319,48.802074
2024-957686,2024-09-06,000001,Vente en l'état futur d'achèvement,430000,,,LA SABLIERE,B029,78000,78646,Versailles,78,,,78646000BY0108,,,477,,,,,,,,,,1,,,,,,,,,,2.079319,48.802074
2024-957687,2024-09-03,000001,Vente,366400,5,,RUE JEAN MERMOZ,1460,78000,78646,Versailles,78,,,78646000BN0109,,,106,,131,60.68,,,,,,,2,2,Appartement,60,3,,,,,,2.146069,48.796572
2024-957687,2024-09-03,000001,Vente,366400,5,,RUE JEAN MERMOZ,1460,78000,78646,Versailles,78,,,78646000BN0109,,,106,,131,60.68,,,,,,,2,3,Dépendance,,0,,,,,,2.146069,48.796572
2024-957687,2024-09-03,000001,Vente,366400,82,B,AV DE PARIS,2180,78000,78646,Versailles,78,,,78646000BN0166,,,1299,,,,,,,,,,1,3,Dépendance,,0,,,,,,2.145036,48.797427
2024-957689,2024-09-06,000001,Vente,618300,3,B,RUE JEAN MERMOZ,1460,78000,78646,Versailles,78,,,78646000BN0166,,,1436,104.76,1494,,,,,,,,2,2,Appartement,109,5,,,,,,2.145036,48.797427
2024-957689,2024-09-06,000001,Vente,618300,82,B,AV DE PARIS,2180,78000,78646,Versailles,78,,,78646000BN0166,,,1187,,,,,,,,,,1,3,Dépendance,,0,,,,,,2.145036,48.797427
2024-957689,2024-09-06,000001,Vente,618300,3,B,RUE JEAN MERMOZ,1460,78000,78646,Versailles,78,,,78646000BN0166,,,1436,104.76,1494,,,,,,,,2,3,Dépendance,,0,,,,,,2.145036,48.797427
2024-957689,2024-09-06,000001,Vente,618300,82,B,AV DE PARIS,2180,78000,78646,Versailles,78,,,78646000BN0166,,,472,,,,,,,,,,1,3,Dépendance,,0,,,,,,2.145036,48.797427
2024-957727,2024-09-04,000001,Vente,845000,51,,RUE DE MONTREUIL,2000,78000,78646,Versailles,78,,,78646000AX0304,,,1,48.62,12,,14,,,,,,3,4,Local industriel. commercial ou assimilé,51,0,,,,,,2.145628,48.804874
2024-957808,2024-09-06,000001,Vente,294000,21,,RUE DES TOURNELLES,3050,78000,78646,Versailles,78,,,78646000BT0187,,,18,,3,52.21,,,,,,,2,3,Dépendance,,0,,,,,,2.128261,48.797846
2024-957808,2024-09-06,000001,Vente,294000,21,,RUE DES TOURNELLES,3050,78000,78646,Versailles,78,,,78646000BT0187,,,18,,3,52.21,,,,,,,2,2,Appartement,44,3,,,,,,2.128261,48.797846
2024-957811,2024-09-02,000001,Vente,328060,18,,RUE MADEMOISELLE,1740,78000,78646,Versailles,78,,,78646000AD0152,,,15,,75,39.72,,,,,,,2,2,Appartement,42,2,,,,,,2.129657,48.811122
2024-957811,2024-09-02,000001,Vente,328060,18,,RUE MADEMOISELLE,1740,78000,78646,Versailles,78,,,78646000AD0152,,,44,,,,,,,,,,1,3,Dépendance,,0,,,,,,2.129657,48.811122
2024-957811,2024-09-02,000001,Vente,328060,18,,RUE MADEMOISELLE,1740,78000,78646,Versailles,78,,,78646000AD0152,,,15,,75,39.72,,,,,,,2,3,Dépendance,,0,,,,,,2.129657,48.811122
2024-957859,2024-09-09,000001,Vente,360000,76,,RUE D ANJOU,0190,78000,78646,Versailles,78,,,78646000BT0092,,,4,50.78,7,,,,,,,,2,3,Dépendance,,0,,,,,,2.128643,48.796
2024-957859,2024-09-09,000001,Vente,360000,76,,RUE D ANJOU,0190,78000,78646,Versailles,78,,,78646000BT0092,,,4,50.78,7,,,,,,,,2,2,Appartement,51,2,,,,,,2.128643,48.796
2024-957883,2024-09-03,000001,Vente,22500,6,,RUE EDOUARD LEFEBVRE,0910,78000,78646,Versailles,78,,,78646000BR0151,,,151,,,,,,,,,,1,3,Dépendance,,0,,,,,,2.132269,48.798842
2024-957888,2024-09-10,000001,Vente,121000,17,,RUE DES RESERVOIRS,2580,78000,78646,Versailles,78,,,78646000AC0238,,,16,16.15,,,,,,,,,1,2,Appartement,15,1,,,,,,2.124388,48.80841
2024-957889,2024-09-03,000001,Vente,526000,23,,RUE REMILLY,2530,78000,78646,Versailles,78,,,78646000AK0051,,,20,70.51,6,,,,,,,,2,2,Appartement,70,3,,,,,,2.138492,48.811788
2024-957889,2024-09-03,000001,Vente,526000,23,,RUE REMILLY,2530,78000,78646,Versailles,78,,,78646000AK0051,,,20,70.51,6,,,,,,,,2,3,Dépendance,,0,,,,,,2.138492,48.811788
2024-957889,2024-09-03,000001,Vente,526000,23,,RUE REMILLY,2530,78000,78646,Versailles,78,,,78646000AK0051,,,32,,,,,,,,,,1,3,Dépendance,,0,,,,,,2.138492,48.811788
2024-957898,2024-09-05,000001,Vente,830000,28,,RUE DU PARC DE CLAGNY,2171,78000,78646,Versailles,78,,,78646000AP0071,,,110,,,,,,,,,,1,3,Dépendance,,0,,,,,,2.141869,48.81526
2024-957898,2024-09-05,000001,Vente,830000,26,,RUE DU PARC DE CLAGNY,2171,78000,78646,Versailles,78,,,78646000AP0071,,,16,119.96,59,,,,,,,,2,3,Dépendance,,0,,,,,,2.141869,48.81526
2024-957898,2024-09-05,000001,Vente,830000,26,,RUE DU PARC DE CLAGNY,2171,78000,78646,Versailles,78,,,78646000AP0071,,,16,119.96,59,,,,,,,,2,2,Appartement,121,4,,,,,,2.141869,48.81526
2024-957907,2024-09-10,000001,Vente,190000,23,,RUE DE SATORY,2950,78000,78646,Versailles,78,,,78646000AH0143,,,3,21.61,66,,,,,,,,2,3,Dépendance,,0,,,,,,2.125151,48.800021
2024-957907,2024-09-10,000001,Vente,190000,23,,RUE DE SATORY,2950,78000,78646,Versailles,78,,,78646000AH0143,,,3,21.61,66,,,,,,,,2,3,Dépendance,,0,,,,,,2.125151,48.800021
2024-957907,2024-09-10,000001,Vente,190000,23,,RUE DE SATORY,2950,78000,78646,Versailles,78,,,78646000AH0143,,,3,21.61,66,,,,,,,,2,2,Appartement,32,1,,,,,,2.125151,48.800021
2024-957939,2024-09-12,000001,Vente,2122550,37,,RUE HENRI DE REGNIER,1310,78000,78646,Versailles,78,,,78646000BW0138,,,,,,,,,,,,,0,1,Maison,193,8,S,sols,,,443,2.127323,48.793325
2024-957950,2024-09-12,000001,Vente,220000,17,,RUE DES PRES AUX BOIS,2430,78000,78646,Versailles,78,,,78646000BC0073,,,26,40.44,27,,45,,,,,,3,2,Appartement,26,2,,,,,,2.159249,48.800346
2024-957957,2024-09-06,000001,Vente,2755400,26,,AV DE VILLENEUVE L ETANG,3200,78000,78646,Versailles,78,,,78646000AP0117,,,,,,,,,,,,,0,3,Dépendance,,0,S,sols,,,475,2.14391,48.814421
2024-957957,2024-09-06,000001,Vente,2755400,26,,AV DE VILLENEUVE L ETANG,3200,78000,78646,Versailles,78,,,78646000AP0117,,,,,,,,,,,,,0,3,Dépendance,,0,S,sols,,,475,2.14391,48.814421
2024-957957,2024-09-06,000001,Vente,2755400,26,,AV DE VILLENEUVE L ETANG,3200,78000,78646,Versailles,78,,,78646000AP0117,,,,,,,,,,,,,0,1,Maison,330,12,S,sols,,,475,2.14391,48.814421
2024-957957,2024-09-06,000001,Vente,2755400,26,,AV DE VILLENEUVE L ETANG,3200,78000,78646,Versailles,78,,,78646000AP0117,,,,,,,,,,,,,0,1,Maison,330,12,AG,terrains d'agrément,,,1277,2.14391,48.814421
2024-957957,2024-09-06,000001,Vente,2755400,26,,AV DE VILLENEUVE L ETANG,3200,78000,78646,Versailles,78,,,78646000AP0117,,,,,,,,,,,,,0,3,Dépendance,,0,AG,terrains d'agrément,,,1277,2.14391,48.814421
2024-957957,2024-09-06,000001,Vente,2755400,26,,AV DE VILLENEUVE L ETANG,3200,78000,78646,Versailles,78,,,78646000AP0117,,,,,,,,,,,,,0,3,Dépendance,,0,AG,terrains d'agrément,,,1277,2.14391,48.814421
2024-957969,2024-09-05,000001,Vente,176500,9,,PL ALEXANDRE 1E LOUIS BARTHOU,0100,78000,78646,Versailles,78,,,78646000AX0489,,,135,,238,25.28,,,,,,,2,2,Appartement,25,1,,,,,,2.140761,48.806449
2024-957969,2024-09-05,000001,Vente,176500,9,,PL ALEXANDRE 1E LOUIS BARTHOU,0100,78000,78646,Versailles,78,,,78646000AX0489,,,135,,238,25.28,,,,,,,2,3,Dépendance,,0,,,,,,2.140761,48.806449
2024-957969,2024-09-05,000001,Vente,176500,9,,PL ALEXANDRE 1E LOUIS BARTHOU,0100,78000,78646,Versailles,78,,,78646000AX0489,,,135,,238,25.28,,,,,,,2,3,Dépendance,,0,,,,,,2.140761,48.806449
2024-957977,2024-09-11,000001,Vente,476800,2,B,AV DE SCEAUX,2980,78000,78646,Versailles,78,,,78646000AH0154,,,15,,22,,8,,,,,,3,2,Appartement,76,2,,,,,,2.125539,48.800906
2024-957977,2024-09-11,000001,Vente,476800,2,B,AV DE SCEAUX,2980,78000,78646,Versailles,78,,,78646000AH0154,,,15,,22,,8,,,,,,3,3,Dépendance,,0,,,,,,2.125539,48.800906
2024-957996,2024-09-16,000001,Vente,487000,3,,AV DE LA TRANQUILLITE,3055,78000,78646,Versailles,78,,,78646000AZ0110,,,534,,755,114.67,,,,,,,2,3,Dépendance,,0,,,,,,2.158672,48.8041
2024-957996,2024-09-16,000001,Vente,487000,3,,AV DE LA TRANQUILLITE,3055,78000,78646,Versailles,78,,,78646000AZ0110,,,534,,755,114.67,,,,,,,2,2,Appartement,116,5,,,,,,2.158672,48.8041
2024-957996,2024-09-16,000001,Vente,487000,5,,RUE DE L ECOLE DES POSTES,0850,78000,78646,Versailles,78,,,78646000AZ0110,,,3391,,,,,,,,,,1,3,Dépendance,,0,,,,,,2.158672,48.8041
2024-958031,2024-09-13,000001,Vente,148000,36,,RUE COSTE,0730,78000,78646,Versailles,78,,,78646000BE0074,,,6,23.6,8,,,,,,,,2,3,Dépendance,,0,,,,,,2.156967,48.793931
2024-958031,2024-09-13,000001,Vente,148000,36,,RUE COSTE,0730,78000,78646,Versailles,78,,,78646000BE0074,,,6,23.6,8,,,,,,,,2,2,Appartement,24,1,,,,,,2.156967,48.793931
2024-958035,2024-09-13,000001,Vente en l'état futur d'achèvement,979000,104,,AV DE PARIS,2180,78000,78646,Versailles,78,,,78646000BK0019,,,42,,,,,,,,,,1,2,Appartement,114,5,,,,,,2.150393,48.797197
2024-958035,2024-09-13,000001,Vente en l'état futur d'achèvement,979000,104,,AV DE PARIS,2180,78000,78646,Versailles,78,,,78646000BK0019,,,58,,,,,,,,,,1,3,Dépendance,,0,,,,,,2.150393,48.797197
2024-958035,2024-09-13,000001,Vente en l'état futur d'achèvement,979000,104,,AV DE PARIS,2180,78000,78646,Versailles,78,,,78646000BK0019,,,79,,,,,,,,,,1,3,Dépendance,,0,,,,,,2.150393,48.797197
2024-958036,2024-09-09,000001,Vente,428050,8,,RUE MONTEBELLO,1980,78000,78646,Versailles,78,,,78646000AK0035,,,1,,12,,5,,,,,,3,3,Dépendance,,0,,,,,,2.137438,48.81213
2024-958036,2024-09-09,000001,Vente,428050,8,,RUE MONTEBELLO,1980,78000,78646,Versailles,78,,,78646000AK0035,,,1,,12,,5,,,,,,3,2,Appartement,63,3,,,,,,2.137438,48.81213
2024-958040,2024-09-10,000001,Vente,185000,25,,RUE DU VIEUX VERSAILLES,3180,78000,78646,Versailles,78,,,78646000AH0098,,,14,24.98,26,,,,,,,,2,3,Dépendance,,0,,,,,,2.123505,48.800783
2024-958040,2024-09-10,000001,Vente,185000,25,,RUE DU VIEUX VERSAILLES,3180,78000,78646,Versailles,78,,,78646000AH0098,,,14,24.98,26,,,,,,,,2,2,Appartement,23,1,,,,,,2.123505,48.800783
2024-958056,2024-09-16,000001,Vente,510000,45,,RUE DU MAL FOCH,1810,78000,78646,Versailles,78,,,78646000AD0099,,,18,,,,,,,,,,1,3,Dépendance,,0,,,,,,2.133301,48.809259
2024-958056,2024-09-16,000001,Vente,510000,45,,RUE DU MAL FOCH,1810,78000,78646,Versailles,78,,,78646000AD0099,,,18,,,,,,,,,,1,2,Appartement,74,3,,,,,,2.133301,48.809259
2024-958060,2024-09-06,000001,Vente,700000,2,,ALL DES GARDES ROYALES,1136,78000,78646,Versailles,78,,,78646000AY0212,,,1122,,,,,,,,,,1,3,Dépendance,,0,,,,,,2.151214,48.802177
2024-958060,2024-09-06,000001,Vente,700000,5,,ALL DES GARDES ROYALES,1136,78000,78646,Versailles,78,,,78646000AY0212,,,103,105.85,122,,,,,,,,2,3,Dépendance,,0,,,,,,2.151214,48.802177
2024-958060,2024-09-06,000001,Vente,700000,5,,ALL DES GARDES ROYALES,1136,78000,78646,Versailles,78,,,78646000AY0212,,,103,105.85,122,,,,,,,,2,2,Appartement,104,5,,,,,,2.151214,48.802177
2024-958060,2024-09-06,000001,Vente,700000,5,,ALL DES GARDES ROYALES,1136,78000,78646,Versailles,78,,,78646000AY0212,,,103,105.85,122,,,,,,,,2,3,Dépendance,,0,,,,,,2.151214,48.802177
2024-958073,2024-09-13,000001,Vente,1134000,62,B,RUE DU MAL FOCH,1810,78000,78646,Versailles,78,,,78646000AK0040,,,24,12.45,,,,,,,,,1,3,Dépendance,,0,,,,,,2.135616,48.81196
2024-958073,2024-09-13,000001,Vente,1134000,62,B,RUE DU MAL FOCH,1810,78000,78646,Versailles,78,,,78646000AK0040,,,19,147.6,21,,,,,,,,2,3,Dépendance,,0,,,,,,2.135616,48.81196
2024-958073,2024-09-13,000001,Vente,1134000,62,B,RUE DU MAL FOCH,1810,78000,78646,Versailles,78,,,78646000AK0040,,,19,147.6,21,,,,,,,,2,3,Dépendance,,0,,,,,,2.135616,48.81196
2024-958073,2024-09-13,000001,Vente,1134000,62,B,RUE DU MAL FOCH,1810,78000,78646,Versailles,78,,,78646000AK0040,,,19,147.6,21,,,,,,,,2,2,Appartement,136,5,,,,,,2.135616,48.81196
2024-958075,2024-09-13,000001,Vente,315000,30,,RUE DE VERGENNES,3150,78000,78646,Versailles,78,,,78646000BS0041,,,23,,38,,,,,,,,2,2,Appartement,28,2,,,,,,2.137069,48.797479
2024-958075,2024-09-13,000001,Vente,315000,30,,RUE DE VERGENNES,3150,78000,78646,Versailles,78,,,78646000BS0041,,,23,,38,,,,,,,,2,3,Dépendance,,0,,,,,,2.137069,48.797479
2024-958075,2024-09-13,000001,Vente,315000,30,,RUE DE VERGENNES,3150,78000,78646,Versailles,78,,,78646000BS0041,,,23,,38,,,,,,,,2,3,Dépendance,,0,,,,,,2.137069,48.797479
2024-958075,2024-09-13,000001,Vente,315000,30,,RUE DE VERGENNES,3150,78000,78646,Versailles,78,,,78646000BS0041,,,44,,,,,,,,,,1,2,Appartement,35,3,,,,,,2.137069,48.797479
2024-958084,2024-09-12,000001,Vente,1865000,4,,RUE TRAVERSIERE,3060,78000,78646,Versailles,78,,,78646000AX0283,,,3,,,,,,,,,,1,3,Dépendance,,0,,,,,,2.142689,48.805685
2024-958084,2024-09-12,000001,Vente,1865000,4,,RUE TRAVERSIERE,3060,78000,78646,Versailles,78,,,78646000AX0283,,,3,,,,,,,,,,1,3,Dépendance,,0,,,,,,2.142689,48.805685
2024-958084,2024-09-12,000001,Vente,1865000,4,,RUE TRAVERSIERE,3060,78000,78646,Versailles,78,,,78646000AX0283,,,1,115.15,2,,,,,,,,2,1,Maison,108,5,,,,,,2.142689,48.805685
2024-958084,2024-09-12,000001,Vente,1865000,4,,RUE TRAVERSIERE,3060,78000,78646,Versailles,78,,,78646000AX0283,,,3,,,,,,,,,,1,3,Dépendance,,0,,,,,,2.142689,48.805685
2024-958084,2024-09-12,000001,Vente,1865000,4,,RUE TRAVERSIERE,3060,78000,78646,Versailles,78,,,78646000AX0283,,,3,,,,,,,,,,1,3,Dépendance,,0,,,,,,2.142689,48.805685
2024-958084,2024-09-12,000001,Vente,1865000,4,,RUE TRAVERSIERE,3060,78000,78646,Versailles,78,,,78646000AX0283,,,3,,,,,,,,,,1,3,Dépendance,,0,,,,,,2.142689,48.805685
2024-958084,2024-09-12,000001,Vente,1865000,4,,RUE TRAVERSIERE,3060,78000,78646,Versailles,78,,,78646000AX0283,,,3,,,,,,,,,,1,3,Dépendance,,0,,,,,,2.142689,48.805685
2024-958084,2024-09-12,000001,Vente,1865000,4,,RUE TRAVERSIERE,3060,78000,78646,Versailles,78,,,78646000AX0283,,,3,,,,,,,,,,1,3,Dépendance,,0,,,,,,2.142689,48.805685
2024-958084,2024-09-12,000001,Vente,1865000,4,,RUE TRAVERSIERE,3060,78000,78646,Versailles,78,,,78646000AX0283,,,3,,,,,,,,,,1,3,Dépendance,,0,,,,,,2.142689,48.805685
2024-958084,2024-09-12,000001,Vente,1865000,4,,RUE TRAVERSIERE,3060,78000,78646,Versailles,78,,,78646000AX0283,,,3,,,,,,,,,,1,3,Dépendance,,0,,,,,,2.142689,48.805685
2024-958084,2024-09-12,000001,Vente,1865000,4,,RUE TRAVERSIERE,3060,78000,78646,Versailles,78,,,78646000AX0283,,,3,,,,,,,,,,1,3,Dépendance,,0,,,,,,2.142689,48.805685
2024-958084,2024-09-12,000001,Vente,1865000,4,,RUE TRAVERSIERE,3060,78000,78646,Versailles,78,,,78646000AX0283,,,3,,,,,,,,,,1,3,Dépendance,,0,,,,,,2.142689,48.805685
2024-958084,2024-09-12,000001,Vente,1865000,4,,RUE TRAVERSIERE,3060,78000,78646,Versailles,78,,,78646000AX0283,,,3,,,,,,,,,,1,3,Dépendance,,0,,,,,,2.142689,48.805685
2024-958084,2024-09-12,000001,Vente,1865000,4,,RUE TRAVERSIERE,3060,78000,78646,Versailles,78,,,78646000AX0283,,,3,,,,,,,,,,1,3,Dépendance,,0,,,,,,2.142689,48.805685
2024-958084,2024-09-12,000001,Vente,1865000,4,,RUE TRAVERSIERE,3060,78000,78646,Versailles,78,,,78646000AX0283,,,4,,,,,,,,,,1,3,Dépendance,,0,,,,,,2.142689,48.805685
2024-958092,2024-08-29,000001,Vente,705382,52,,RUE ALBERT JOLY,0050,78000,78646,Versailles,78,,,78646000AR0058,,,24,114.8,,,,,,,,,1,2,Appartement,109,4,,,,,,2.14281,48.809549
2024-958092,2024-08-29,000001,Vente,705382,52,,RUE ALBERT JOLY,0050,78000,78646,Versailles,78,,,78646000AR0058,,,58,,,,,,,,,,1,3,Dépendance,,0,,,,,,2.14281,48.809549
2024-958092,2024-08-29,000001,Vente,705382,52,,RUE ALBERT JOLY,0050,78000,78646,Versailles,78,,,78646000AR0058,,,71,,,,,,,,,,1,3,Dépendance,,0,,,,,,2.14281,48.809549
2024-958141,2024-08-27,000001,Vente,1650000,33,B,AV DU MAL DOUGLAS HAIG,1795,78000,78646,Versailles,78,,,78646000AM0391,,,,,,,,,,,,,0,1,Maison,196,6,S,sols,,,287,2.145881,48.821063
2024-958141,2024-08-27,000001,Vente,1650000,33,B,AV DU MAL DOUGLAS HAIG,1795,78000,78646,Versailles,78,,,78646000AM0391,,,,,,,,,,,,,0,1,Maison,196,6,AG,terrains d'agrément,,,660,2.145881,48.821063
2024-958141,2024-08-27,000001,Vente,1650000,35,,AV DU MAL DOUGLAS HAIG,1795,78000,78646,Versailles,78,,,78646000AM0516,,,,,,,,,,,,,0,,,,,AG,terrains d'agrément,,,89,2.145985,48.82111
2024-958157,2024-08-29,000001,Vente,330000,28,,RUE HENRI SIMON,1330,78000,78646,Versailles,78,,,78646000AW0006,,,434,49.13,438,,,,,,,,2,3,Dépendance,,0,,,,,,2.15013,48.808121
2024-958157,2024-08-29,000001,Vente,330000,28,,RUE HENRI SIMON,1330,78000,78646,Versailles,78,,,78646000AW0006,,,434,49.13,438,,,,,,,,2,3,Dépendance,,0,,,,,,2.15013,48.808121
2024-958157,2024-08-29,000001,Vente,330000,28,,RUE HENRI SIMON,1330,78000,78646,Versailles,78,,,78646000AW0006,,,434,49.13,438,,,,,,,,2,2,Appartement,50,2,,,,,,2.15013,48.808121
2024-958159,2024-08-29,000001,Vente,193000,5,,RUE GIRARDON,1240,78000,78646,Versailles,78,,,78646000BD0175,,,102,,120,,88,47.46,89,47.46,,,4,3,Dépendance,,0,,,,,,2.158264,48.796558
2024-958159,2024-08-29,000001,Vente,193000,5,,RUE GIRARDON,1240,78000,78646,Versailles,78,,,78646000BD0175,,,102,,120,,88,47.46,89,47.46,,,4,2,Appartement,47,2,,,,,,2.158264,48.796558
2024-958166,2024-09-18,000001,Vente,380000,2,,RUE SAINT LOUIS,2810,78000,78646,Versailles,78,,,78646000BW0081,,,10,50.51,35,,,,,,,,2,3,Dépendance,,0,,,,,,2.122585,48.795743
2024-958166,2024-09-18,000001,Vente,380000,2,,RUE SAINT LOUIS,2810,78000,78646,Versailles,78,,,78646000BW0081,,,10,50.51,35,,,,,,,,2,2,Appartement,48,3,,,,,,2.122585,48.795743
2024-958178,2024-09-18,000001,Vente,1018500,4,,BD DU ROI,2641,78000,78646,Versailles,78,,,78646000AD0007,,,25,140.22,26,7.35,27,,,,,,3,3,Dépendance,,0,,,,,,2.126359,48.810018
2024-958178,2024-09-18,000001,Vente,1018500,4,,BD DU ROI,2641,78000,78646,Versailles,78,,,78646000AD0007,,,25,140.22,26,7.35,27,,,,,,3,3,Dépendance,,0,,,,,,2.126359,48.810018
2024-958178,2024-09-18,000001,Vente,1018500,4,,BD DU ROI,2641,78000,78646,Versailles,78,,,78646000AD0007,,,25,140.22,26,7.35,27,,,,,,3,2,Appartement,130,5,,,,,,2.126359,48.810018
2024-958181,2024-09-19,000001,Vente,447545,27,,RUE CARNOT,0440,78000,78646,Versailles,78,,,78646000AE0514,,,15,70.83,95,,,,,,,,2,2,Appartement,74,2,,,,,,2.129658,48.805905
2024-958181,2024-09-19,000001,Vente,447545,27,,RUE CARNOT,0440,78000,78646,Versailles,78,,,78646000AE0514,,,15,70.83,95,,,,,,,,2,3,Dépendance,,0,,,,,,2.129658,48.805905
2024-958181,2024-09-19,000001,Vente,447545,27,,RUE CARNOT,0440,78000,78646,Versailles,78,,,78646000AE0514,,,82,,,,,,,,,,1,3,Dépendance,,0,,,,,,2.129658,48.805905
2024-958192,2024-09-16,000001,Vente,580000,2,,PROM VENEZIA,3135,78000,78646,Versailles,78,,,78646000AZ0110,,,1490,,1568,110.14,,,,,,,2,3,Dépendance,,0,,,,,,2.158672,48.8041
2024-958192,2024-09-16,000001,Vente,580000,2,,PROM VENEZIA,3135,78000,78646,Versailles,78,,,78646000AZ0110,,,1490,,1568,110.14,,,,,,,2,3,Dépendance,,0,,,,,,2.158672,48.8041
2024-958192,2024-09-16,000001,Vente,580000,2,,PROM VENEZIA,3135,78000,78646,Versailles,78,,,78646000AZ0110,,,1490,,1568,110.14,,,,,,,2,2,Appartement,112,4,,,,,,2.158672,48.8041
2024-958192,2024-09-16,000001,Vente,580000,5,,RUE DE L ECOLE DES POSTES,0850,78000,78646,Versailles,78,,,78646000AZ0110,,,1262,,,,,,,,,,1,3,Dépendance,,0,,,,,,2.158672,48.8041
2024-958192,2024-09-16,000001,Vente,580000,5,,RUE DE L ECOLE DES POSTES,0850,78000,78646,Versailles,78,,,78646000AZ0110,,,3589,,,,,,,,,,1,3,Dépendance,,0,,,,,,2.158672,48.8041
2024-958252,2024-08-27,000001,Vente,413000,5,,RUE NEUVE NOTRE DAME,2040,78000,78646,Versailles,78,,,78646000AE0007,,,9,48.63,,,,,,,,,1,2,Appartement,49,3,,,,,,2.126508,48.808971
2024-958252,2024-08-27,000001,Vente,413000,5,,RUE NEUVE NOTRE DAME,2040,78000,78646,Versailles,78,,,78646000AE0007,,,9,48.63,,,,,,,,,1,3,Dépendance,,0,,,,,,2.126508,48.808971
2024-958272,2024-08-29,000001,Vente,1437000,3,,ALL DE JARDY,1435,78000,78646,Versailles,78,,,78646000AM0291,,,,,,,,,,,,,0,1,Maison,200,7,AG,terrains d'agrément,,,699,2.146626,48.822814
2024-958272,2024-08-29,000001,Vente,1437000,3,,ALL DE JARDY,1435,78000,78646,Versailles,78,,,78646000AM0291,,,,,,,,,,,,,0,1,Maison,200,7,S,sols,,,438,2.146626,48.822814
2024-958272,2024-08-29,000001,Vente,1437000,,,ALL DE JARDY,1435,78000,78646,Versailles,78,,,78646000AM0528,,,,,,,,,,,,,0,,,,,S,sols,,,486,2.146509,48.822568
2024-958337,2024-09-23,000001,Vente,150000,5,,RUE GIRARDON,1240,78000,78646,Versailles,78,,,78646000BD0175,,,121,,137,,83,31.6,,,,,3,2,Appartement,30,2,,,,,,2.158264,48.796558
2024-958337,2024-09-23,000001,Vente,150000,5,,RUE GIRARDON,1240,78000,78646,Versailles,78,,,78646000BD0175,,,121,,137,,83,31.6,,,,,3,3,Dépendance,,0,,,,,,2.158264,48.796558
2024-958338,2024-08-30,000001,Vente,300000,9,,RUE DE L ERMITAGE,0940,78000,78646,Versailles,78,,,78646000AC0273,,,11,41.53,,,,,,,,,1,3,Dépendance,,0,,,,,,2.122251,48.813276
2024-958338,2024-08-30,000001,Vente,300000,11,,RUE DE L ERMITAGE,0940,78000,78646,Versailles,78,,,78646000AC0273,,,110,,,,,,,,,,1,3,Dépendance,,0,,,,,,2.122251,48.813276
2024-958338,2024-08-30,000001,Vente,300000,9,,RUE DE L ERMITAGE,0940,78000,78646,Versailles,78,,,78646000AC0273,,,3,,,,,,,,,,1,3,Dépendance,,0,,,,,,2.122251,48.813276
2024-958338,2024-08-30,000001,Vente,300000,9,,RUE DE L ERMITAGE,0940,78000,78646,Versailles,78,,,78646000AC0273,,,11,41.53,,,,,,,,,1,2,Appartement,40,1,,,,,,2.122251,48.813276
2024-958339,2024-08-27,000001,Vente,500000,21,B,RUE DU MARECHAL GALLIENI,1812,78000,78646,Versailles,78,,,78646000AC0005,,,509,50.65,702,,,,,,,,2,2,Appartement,50,2,,,,,,2.123201,48.811375
2024-958339,2024-08-27,000001,Vente,500000,21,B,RUE DU MARECHAL GALLIENI,1812,78000,78646,Versailles,78,,,78646000AC0005,,,720,,,,,,,,,,1,3,Dépendance,,0,,,,,,2.123201,48.811375
2024-958339,2024-08-27,000001,Vente,500000,21,B,RUE DU MARECHAL GALLIENI,1812,78000,78646,Versailles,78,,,78646000AC0005,,,509,50.65,702,,,,,,,,2,3,Dépendance,,0,,,,,,2.123201,48.811375
2024-958342,2024-09-10,000001,Vente,685000,28,,RUE DES ETATS GENERAUX,0980,78000,78646,Versailles,78,,,78646000BR0125,,,62,,68,97.81,,,,,,,2,2,Appartement,89,3,,,,,,2.134083,48.798177
2024-958348,2024-09-23,000001,Vente,253287,91,,AV DE PARIS,2180,78000,78646,Versailles,78,,,78646000AY0185,,,1,45.1,,,,,,,,,1,2,Appartement,45,1,,,,,,2.152982,48.798995
2024-958352,2024-09-16,000001,Vente,828520,52,,AV DE VILLENEUVE L ETANG,3200,78000,78646,Versailles,78,,,78646000AO0195,,,1628,,,,,,,,,,1,3,Dépendance,,0,,,,,,2.148734,48.818785
2024-958352,2024-09-16,000001,Vente,828520,52,,AV DE VILLENEUVE L ETANG,3200,78000,78646,Versailles,78,,,78646000AO0195,,,1410,,1795,,,,,,,,2,2,Appartement,104,4,,,,,,2.148734,48.818785
2024-958352,2024-09-16,000001,Vente,828520,52,,AV DE VILLENEUVE L ETANG,3200,78000,78646,Versailles,78,,,78646000AO0195,,,1629,,,,,,,,,,1,3,Dépendance,,0,,,,,,2.148734,48.818785
2024-958377,2024-09-23,000001,Vente,117350,24,,RUE DE LA PAROISSE,2190,78000,78646,Versailles,78,,,78646000AE0187,,,35,11.9,,,,,,,,,1,3,Dépendance,,0,,,,,,2.127327,48.807596
2024-958388,2024-09-13,000001,Vente,11400,43,,BD DU ROI,2641,78000,78646,Versailles,78,,,78646000AC0104,,,7,,,,,,,,,,1,3,Dépendance,,0,,,,,,2.128119,48.814877
2024-958396,2024-09-19,000001,Vente,211000,17,T,RUE DU PONT COLBERT,2370,78000,78646,Versailles,78,,,78646000BI0022,,,538,54.99,,,,,,,,,1,2,Appartement,56,3,,,,,,2.149624,48.789909
2024-958396,2024-09-19,000001,Vente,211000,17,T,RUE DU PONT COLBERT,2370,78000,78646,Versailles,78,,,78646000BI0022,,,538,54.99,,,,,,,,,1,3,Dépendance,,0,,,,,,2.149624,48.789909
2024-958397,2024-08-26,000001,Vente,1045000,13,,RUE DE LA PAROISSE,2190,78000,78646,Versailles,78,,,78646000AE0151,,,17,11.5,24,,34,,5,139.02,,,4,2,Appartement,136,6,,,,,,2.126973,48.808298
2024-958397,2024-08-26,000001,Vente,1045000,13,,RUE DE LA PAROISSE,2190,78000,78646,Versailles,78,,,78646000AE0151,,,17,11.5,24,,34,,5,139.02,,,4,3,Dépendance,,0,,,,,,2.126973,48.808298
2024-958397,2024-08-26,000001,Vente,1045000,13,,RUE DE LA PAROISSE,2190,78000,78646,Versailles,78,,,78646000AE0151,,,17,11.5,24,,34,,5,139.02,,,4,3,Dépendance,,0,,,,,,2.126973,48.808298
2024-958397,2024-08-26,000001,Vente,1045000,13,,RUE DE LA PAROISSE,2190,78000,78646,Versailles,78,,,78646000AE0151,,,17,11.5,24,,34,,5,139.02,,,4,3,Dépendance,,0,,,,,,2.126973,48.808298
2024-958400,2024-09-18,000001,Vente,72500,64,,RUE DES CHANTIERS,0530,78000,78646,Versailles,78,,,78646000BL0326,,,155,13.81,,,,,,,,,1,2,Appartement,15,1,,,,,,2.143523,48.792624
2024-958441,2024-09-10,000001,Vente,272600,135,,BD DE LA REINE,2520,78000,78646,Versailles,78,,,78646000AR0091,,,6,32.28,7,,8,,9,,,,4,3,Dépendance,,0,,,,,,2.140769,48.80865
2024-958441,2024-09-10,000001,Vente,272600,135,,BD DE LA REINE,2520,78000,78646,Versailles,78,,,78646000AR0091,,,6,32.28,7,,8,,9,,,,4,2,Appartement,33,2,,,,,,2.140769,48.80865
2024-958444,2024-09-23,000001,Vente,702000,8,,RUE RICHAUD,2610,78000,78646,Versailles,78,,,78646000AI0203,,,24,82,27,,,,,,,,2,3,Dépendance,,0,,,,,,2.133252,48.807358
2024-958444,2024-09-23,000001,Vente,702000,8,,RUE RICHAUD,2610,78000,78646,Versailles,78,,,78646000AI0203,,,24,82,27,,,,,,,,2,2,Appartement,85,2,,,,,,2.133252,48.807358
2024-958448,2024-09-20,000001,Vente,220000,39,,BD DU ROI,2641,78000,78646,Versailles,78,,,78646000AC0108,,,172,,,,,,,,,,1,3,Dépendance,,0,,,,,,2.127742,48.814503
2024-958448,2024-09-20,000001,Vente,220000,39,,BD DU ROI,2641,78000,78646,Versailles,78,,,78646000AC0108,,,20,26.52,,,,,,,,,1,2,Appartement,28,1,,,,,,2.127742,48.814503
2024-958457,2024-09-20,000001,Vente,630000,76,,RUE DE LA PAROISSE,2190,78000,78646,Versailles,78,,,78646000AI0127,,,15,,21,,22,,24,,32,,5,3,Dépendance,,0,,,,,,2.133192,48.805982
2024-958457,2024-09-20,000001,Vente,630000,76,,RUE DE LA PAROISSE,2190,78000,78646,Versailles,78,,,78646000AI0127,,,15,,21,,22,,24,,32,,5,3,Dépendance,,0,,,,,,2.133192,48.805982
2024-958457,2024-09-20,000001,Vente,630000,76,,RUE DE LA PAROISSE,2190,78000,78646,Versailles,78,,,78646000AI0127,,,15,,21,,22,,24,,32,,5,2,Appartement,62,3,,,,,,2.133192,48.805982
2024-958459,2024-09-23,000001,Vente,240500,17,T,RUE DU PONT COLBERT,2370,78000,78646,Versailles,78,,,78646000BI0022,,,498,53.35,,,,,,,,,1,3,Dépendance,,0,,,,,,2.149624,48.789909
2024-958459,2024-09-23,000001,Vente,240500,17,T,RUE DU PONT COLBERT,2370,78000,78646,Versailles,78,,,78646000BI0022,,,498,53.35,,,,,,,,,1,2,Appartement,50,3,,,,,,2.149624,48.789909
2024-958468,2024-09-20,000001,Vente,446000,3,,RUE DE L ABBE ROUSSEAUX,0020,78000,78646,Versailles,78,,,78646000BS0056,,,17,76.87,2,,,,,,,,2,3,Dépendance,,0,,,,,,2.136312,48.796463
2024-958468,2024-09-20,000001,Vente,446000,3,,RUE DE L ABBE ROUSSEAUX,0020,78000,78646,Versailles,78,,,78646000BS0056,,,70,,,,,,,,,,1,3,Dépendance,,0,,,,,,2.136312,48.796463
2024-958468,2024-09-20,000001,Vente,446000,3,,RUE DE L ABBE ROUSSEAUX,0020,78000,78646,Versailles,78,,,78646000BS0056,,,17,76.87,2,,,,,,,,2,2,Appartement,80,4,,,,,,2.136312,48.796463
2024-958495,2024-09-13,000001,Vente,1212050,15,,RUE DU HAZARD,1300,78000,78646,Versailles,78,,,78646000BT0085,,,,,,,,,,,,,0,1,Maison,121,7,S,sols,,,129,2.128944,48.795597
2024-958501,2024-09-17,000001,Vente,436560,16,,PROM MONA LISA,1965,78000,78646,Versailles,78,,,78646000AZ0110,,,1870,,1915,100.76,,,,,,,2,2,Appartement,102,4,,,,,,2.158672,48.8041
2024-958501,2024-09-17,000001,Vente,436560,5,,RUE DE L ECOLE DES POSTES,0850,78000,78646,Versailles,78,,,78646000AZ0110,,,3897,,,,,,,,,,1,3,Dépendance,,0,,,,,,2.158672,48.8041
2024-958501,2024-09-17,000001,Vente,436560,16,,PROM MONA LISA,1965,78000,78646,Versailles,78,,,78646000AZ0110,,,1870,,1915,100.76,,,,,,,2,3,Dépendance,,0,,,,,,2.158672,48.8041
2024-958518,2024-09-20,000001,Vente en l'état futur d'achèvement,550000,,,LA SABLIERE,B029,78000,78646,Versailles,78,,,78646000BY0108,,,447,,,,,,,,,,1,,,,,,,,,,2.079319,48.802074
2024-958518,2024-09-20,000001,Vente en l'état futur d'achèvement,550000,,,LA SABLIERE,B029,78000,78646,Versailles,78,,,78646000BY0108,,,312,,,,,,,,,,1,,,,,,,,,,2.079319,48.802074
2024-958519,2024-09-12,000001,Vente,1968000,4,,RUE RENE AUBERT,2565,78000,78646,Versailles,78,,,78646000AK0136,,,,,,,,,,,,,0,1,Maison,134,7,S,sols,,,164,2.135523,48.811028
2024-958520,2024-09-23,000001,Vente,836600,7,,RUE DU MAL JOFFRE,1820,78000,78646,Versailles,78,,,78646000BV0042,,,1,,9,100.11,,,,,,,2,2,Appartement,92,4,,,,,,2.12332,48.797521
2024-958520,2024-09-23,000001,Vente,836600,7,,RUE DU MAL JOFFRE,1820,78000,78646,Versailles,78,,,78646000BV0042,,,1,,9,100.11,,,,,,,2,3,Dépendance,,0,,,,,,2.12332,48.797521
2024-958545,2024-09-25,000001,Vente,383000,18,,RUE ALBERT JOLY,0050,78000,78646,Versailles,78,,,78646000AK0174,,,43,,,,,,,,,,1,3,Dépendance,,0,,,,,,2.137825,48.810091
2024-958545,2024-09-25,000001,Vente,383000,18,,RUE ALBERT JOLY,0050,78000,78646,Versailles,78,,,78646000AK0174,,,107,83.67,32,,,,,,,,2,2,Appartement,84,2,,,,,,2.137825,48.810091
2024-958545,2024-09-25,000001,Vente,383000,18,,RUE ALBERT JOLY,0050,78000,78646,Versailles,78,,,78646000AK0174,,,107,83.67,32,,,,,,,,2,3,Dépendance,,0,,,,,,2.137825,48.810091
2024-958550,2024-09-25,000001,Vente,1130500,27,,RUE SAINTE VICTOIRE,2920,78000,78646,Versailles,78,,,78646000AD0257,,,22,,,,,,,,,,1,2,Appartement,156,6,,,,,,2.131886,48.812336
2024-958550,2024-09-25,000001,Vente,1130500,27,,RUE SAINTE VICTOIRE,2920,78000,78646,Versailles,78,,,78646000AD0257,,,26,,,,,,,,,,1,3,Dépendance,,0,,,,,,2.131886,48.812336
2024-958550,2024-09-25,000001,Vente,1130500,27,,RUE SAINTE VICTOIRE,2920,78000,78646,Versailles,78,,,78646000AD0257,,,22,,,,,,,,,,1,3,Dépendance,,0,,,,,,2.131886,48.812336
2024-958567,2024-09-12,000001,Vente,339806,52,,AV DE VILLENEUVE L ETANG,3200,78000,78646,Versailles,78,,,78646000AO0195,,,1306,53.4,,,,,,,,,1,2,Appartement,53,2,,,,,,2.148734,48.818785
2024-958567,2024-09-12,000001,Vente,339806,52,,AV DE VILLENEUVE L ETANG,3200,78000,78646,Versailles,78,,,78646000AO0195,,,1677,,,,,,,,,,1,3,Dépendance,,0,,,,,,2.148734,48.818785
2024-958595,2024-09-25,000001,Vente,380850,98,,AV DE PARIS,2180,78000,78646,Versailles,78,,,78646000BK0001,,,530,,,,,,,,,,1,3,Dépendance,,0,,,,,,2.149414,48.797242
2024-958595,2024-09-25,000001,Vente,380850,98,,AV DE PARIS,2180,78000,78646,Versailles,78,,,78646000BK0001,,,118,75.46,256,,,,,,,,2,2,Appartement,75,3,,,,,,2.149414,48.797242
2024-958595,2024-09-25,000001,Vente,380850,98,,AV DE PARIS,2180,78000,78646,Versailles,78,,,78646000BK0001,,,118,75.46,256,,,,,,,,2,3,Dépendance,,0,,,,,,2.149414,48.797242
2024-958601,2024-09-25,000001,Vente,15500,3,,PL LOUIS 14,1690,78000,78646,Versailles,78,,,78646000BC0076,,,36,,,,,,,,,,1,3,Dépendance,,0,,,,,,2.158503,48.799192
2024-958633,2024-03-13,000001,Adjudication,212000,2,B,RUE JEAN HOUDON,1440,78000,78646,Versailles,78,,,78646000AI0023,,,4,,,,,,,,,,1,2,Appartement,66,2,,,,,,2.134025,48.802223
2024-958646,2024-09-16,000001,Vente,285750,20,,RUE DU REFUGE,2510,78000,78646,Versailles,78,,,78646000BP0214,,,31,,77,,,,,,,,2,2,Appartement,44,2,,,,,,2.144111,48.803556
2024-958646,2024-09-16,000001,Vente,285750,20,,RUE DU REFUGE,2510,78000,78646,Versailles,78,,,78646000BP0214,,,31,,77,,,,,,,,2,3,Dépendance,,0,,,,,,2.144111,48.803556
2024-958646,2024-09-16,000001,Vente,285750,20,,RUE DU REFUGE,2510,78000,78646,Versailles,78,,,78646000BP0214,,,132,,,,,,,,,,1,3,Dépendance,,0,,,,,,2.144111,48.803556
2024-958652,2024-09-20,000001,Vente,490000,45,,AV DE SAINT CLOUD,2730,78000,78646,Versailles,78,,,78646000AI0134,,,56,,,,,,,,,,1,3,Dépendance,,0,,,,,,2.133489,48.805732
2024-958652,2024-09-20,000001,Vente,490000,45,,AV DE SAINT CLOUD,2730,78000,78646,Versailles,78,,,78646000AI0134,,,66,,,,,,,,,,1,3,Dépendance,,0,,,,,,2.133489,48.805732
2024-958652,2024-09-20,000001,Vente,490000,45,,AV DE SAINT CLOUD,2730,78000,78646,Versailles,78,,,78646000AI0134,,,43,65.59,,,,,,,,,1,2,Appartement,65,3,,,,,,2.133489,48.805732
2024-958682,2024-09-26,000001,Vente,252000,31,,BD DE LA REPUBLIQUE,2570,78000,78646,Versailles,78,,,78646000AW0234,,,17,,5,40.2,,,,,,,2,2,Appartement,42,2,,,,,,2.148761,48.806788
2024-958682,2024-09-26,000001,Vente,252000,31,,BD DE LA REPUBLIQUE,2570,78000,78646,Versailles,78,,,78646000AW0234,,,17,,5,40.2,,,,,,,2,3,Dépendance,,0,,,,,,2.148761,48.806788
2024-958706,2024-09-16,000001,Vente,190000,4,,RUE SAINT CHARLES,2710,78000,78646,Versailles,78,,,78646000AY0170,,,2,42.63,,,,,,,,,1,2,Appartement,75,3,,,,,,2.150798,48.799457
2024-958708,2024-08-23,000001,Vente,65000,64,,RUE DES CHANTIERS,0530,78000,78646,Versailles,78,,,78646000BL0326,,,188,13.52,,,,,,,,,1,2,Appartement,14,1,,,,,,2.143523,48.792624
2024-958724,2024-09-26,000001,Vente,408750,33,,RUE DU GENERAL LECLERC,1145,78000,78646,Versailles,78,,,78646000AH0174,,,10,,14,,8,,9,63.12,,,4,3,Dépendance,,0,,,,,,2.127397,48.799042
2024-958724,2024-09-26,000001,Vente,408750,33,,RUE DU GENERAL LECLERC,1145,78000,78646,Versailles,78,,,78646000AH0174,,,10,,14,,8,,9,63.12,,,4,3,Dépendance,,0,,,,,,2.127397,48.799042
2024-958724,2024-09-26,000001,Vente,408750,33,,RUE DU GENERAL LECLERC,1145,78000,78646,Versailles,78,,,78646000AH0174,,,10,,14,,8,,9,63.12,,,4,2,Appartement,78,3,,,,,,2.127397,48.799042
2024-958729,2024-09-20,000001,Vente,326050,19,B,RUE DU PONT COLBERT,2370,78000,78646,Versailles,78,,,78646000BI0285,,,87,,,,,,,,,,1,3,Dépendance,,0,,,,,,2.149823,48.788624
2024-958729,2024-09-20,000001,Vente,326050,19,B,RUE DU PONT COLBERT,2370,78000,78646,Versailles,78,,,78646000BI0285,,,57,75.11,58,,,,,,,,2,3,Dépendance,,0,,,,,,2.149823,48.788624
2024-958729,2024-09-20,000001,Vente,326050,19,B,RUE DU PONT COLBERT,2370,78000,78646,Versailles,78,,,78646000BI0285,,,57,75.11,58,,,,,,,,2,2,Appartement,74,4,,,,,,2.149823,48.788624
2024-958770,2024-09-30,000001,Vente,159648,13,,RUE DE L ORIENT,2130,78000,78646,Versailles,78,,,78646000BT0105,,,121,,,,,,,,,,1,3,Dépendance,,0,,,,,,2.127036,48.796284
2024-958770,2024-09-30,000001,Vente,159648,13,,RUE DE L ORIENT,2130,78000,78646,Versailles,78,,,78646000BT0105,,,101,19.4,,,,,,,,,1,2,Appartement,21,1,,,,,,2.127036,48.796284
2024-958785,2024-09-26,000001,Vente,461550,2,,RUE ALEXIS DE TOCQUEVILLE,0128,78000,78646,Versailles,78,,,78646000BS0226,,,4000,,,,,,,,,,1,2,Appartement,58,3,,,,,,2.132076,48.794722
2024-958785,2024-09-26,000001,Vente,461550,2,,RUE ALEXIS DE TOCQUEVILLE,0128,78000,78646,Versailles,78,,,78646000BS0226,,,4330,,,,,,,,,,1,3,Dépendance,,0,,,,,,2.132076,48.794722
2024-958800,2024-09-27,000001,Vente,262000,5,,PL HOCHE,1340,78000,78646,Versailles,78,,,78646000AE0195,,,14,34.25,,,,,,,,,1,3,Dépendance,,0,,,,,,2.127609,48.806656
2024-958800,2024-09-27,000001,Vente,262000,5,,PL HOCHE,1340,78000,78646,Versailles,78,,,78646000AE0195,,,14,34.25,,,,,,,,,1,2,Appartement,36,3,,,,,,2.127609,48.806656
2024-958801,2024-09-10,000001,Vente,215000,7,,RUE EDOUARD LEFEBVRE,0910,78000,78646,Versailles,78,,,78646000BR0131,,,2,34,,,,,,,,,1,4,Local industriel. commercial ou assimilé,60,0,,,,,,2.133118,48.798827
2024-958812,2024-09-16,000001,Vente,1769980,4,Q,RUE DE L ERMITAGE,0940,78000,78646,Versailles,78,,,78646000AC0336,,,,,,,,,,,,,0,1,Maison,233,7,S,sols,,,506,2.124019,48.813745
2024-958837,2024-09-25,000001,Vente,1296000,17,,AV DE NORMANDIE,2060,78000,78646,Versailles,78,,,78646000AM0081,,,,,,,,,,,,,0,1,Maison,150,7,S,sols,,,406,2.140888,48.822151
2024-958850,2024-09-27,000001,Vente,30000,6,,RUE MONTBAURON,1970,78000,78646,Versailles,78,,,78646000BP0027,,,65,,,,,,,,,,1,3,Dépendance,,0,,,,,,2.135298,48.802989
2024-958852,2024-09-12,000001,Vente,1090000,48,,AV DES ETATS UNIS,0990,78000,78646,Versailles,78,,,78646000AX0051,,,,,,,,,,,,,0,1,Maison,150,7,S,sols,,,145,2.145677,48.807629
2024-958873,2024-09-25,000001,Vente,176000,1,,RUE DUCIS,0820,78000,78646,Versailles,78,,,78646000AE0268,,,11,19.33,30,,,,,,,,2,2,Appartement,20,1,,,,,,2.130719,48.806373
2024-958883,2024-09-30,000001,Vente,1085800,8,,RUE DU PEINTRE LEBRUN,2220,78000,78646,Versailles,78,,,78646000AE0346,,,4,152.5,,,,,,,,,1,2,Appartement,176,7,,,,,,2.124325,48.80531
2024-958884,2024-09-30,000001,Vente,571000,115,,AV DE PARIS,2180,78000,78646,Versailles,78,,,78646000BC0062,,,131,102.52,93,,,,,,,,2,2,Appartement,103,4,,,,,,2.157995,48.800801
2024-958884,2024-09-30,000001,Vente,571000,115,,AV DE PARIS,2180,78000,78646,Versailles,78,,,78646000BC0062,,,37,,,,,,,,,,1,3,Dépendance,,0,,,,,,2.157995,48.800801
2024-958884,2024-09-30,000001,Vente,571000,115,,AV DE PARIS,2180,78000,78646,Versailles,78,,,78646000BC0062,,,131,102.52,93,,,,,,,,2,3,Dépendance,,0,,,,,,2.157995,48.800801
2024-958887,2024-09-26,000001,Vente,112420,4,,RUE DU JEU DE PAUME,1490,78000,78646,Versailles,78,,,78646000AH0099,,,12,12.76,14,,,,,,,,2,2,Appartement,13,1,,,,,,2.123529,48.800873
2024-958891,2024-09-27,000001,Vente,260000,17,T,RUE DU PONT COLBERT,2370,78000,78646,Versailles,78,,,78646000BI0022,,,447,65.18,,,,,,,,,1,3,Dépendance,,0,,,,,,2.149624,48.789909
2024-958891,2024-09-27,000001,Vente,260000,17,T,RUE DU PONT COLBERT,2370,78000,78646,Versailles,78,,,78646000BI0022,,,447,65.18,,,,,,,,,1,2,Appartement,66,4,,,,,,2.149624,48.789909
2024-958933,2024-09-25,000001,Vente,635000,14,,RUE PHILIPPE DE DANGEAU,2255,78000,78646,Versailles,78,,,78646000AI0035,,,57,134.19,58,134.19,,,,,,,2,1,Maison,130,4,,,,,,2.133812,48.803282
2024-958934,2024-09-27,000001,Vente,1260900,19,,RUE BORGNIS DESBORDES,0395,78000,78646,Versailles,78,,,78646000BW0046,,,,,,,,,,,,,0,1,Maison,125,4,S,sols,,,286,2.127032,48.794114
2024-958956,2024-09-10,000001,Vente,260000,5,,RUE PIERRE BERTIN,2290,78000,78646,Versailles,78,,,78646000AX0036,,,41,,73,70.13,,,,,,,2,3,Dépendance,,0,,,,,,2.14205,48.807319
2024-958956,2024-09-10,000001,Vente,260000,5,,RUE PIERRE BERTIN,2290,78000,78646,Versailles,78,,,78646000AX0036,,,21,,,,,,,,,,1,3,Dépendance,,0,,,,,,2.14205,48.807319
2024-958956,2024-09-10,000001,Vente,260000,5,,RUE PIERRE BERTIN,2290,78000,78646,Versailles,78,,,78646000AX0036,,,41,,73,70.13,,,,,,,2,2,Appartement,72,3,,,,,,2.14205,48.807319
2024-958977,2024-09-23,000001,Vente,780000,65,,RUE ALBERT JOLY,0050,78000,78646,Versailles,78,,,78646000AR0045,,,,,,,,,,,,,0,3,Dépendance,,0,S,sols,,,184,2.144897,48.80974
2024-958977,2024-09-23,000001,Vente,780000,65,,RUE ALBERT JOLY,0050,78000,78646,Versailles,78,,,78646000AR0045,,,,,,,,,,,,,0,1,Maison,90,4,S,sols,,,184,2.144897,48.80974
2024-958981,2024-10-02,000001,Vente,619450,4,B,RUE DE BEAUVAU,0320,78000,78646,Versailles,78,,,78646000AD0271,,,3,89.64,7,,,,,,,,2,2,Appartement,88,5,,,,,,2.131159,48.811836
2024-958981,2024-10-02,000001,Vente,619450,4,B,RUE DE BEAUVAU,0320,78000,78646,Versailles,78,,,78646000AD0271,,,3,89.64,7,,,,,,,,2,3,Dépendance,,0,,,,,,2.131159,48.811836
2024-958982,2024-10-02,000001,Vente,330000,84,,AV DE PARIS,2180,78000,78646,Versailles,78,,,78646000BN0045,,,100,,,,,,,,,,1,3,Dépendance,,0,,,,,,2.145174,48.797578
2024-958982,2024-10-02,000001,Vente,330000,84,,AV DE PARIS,2180,78000,78646,Versailles,78,,,78646000BN0045,,,52,,90,58.35,,,,,,,2,2,Appartement,60,3,,,,,,2.145174,48.797578
2024-958982,2024-10-02,000001,Vente,330000,84,,AV DE PARIS,2180,78000,78646,Versailles,78,,,78646000BN0045,,,52,,90,58.35,,,,,,,2,3,Dépendance,,0,,,,,,2.145174,48.797578
2024-959047,2024-10-01,000001,Vente,578000,4,,PAS SAINT PIERRE,2870,78000,78646,Versailles,78,,,78646000AI0016,,,2,123,,,,,,,,,1,2,Appartement,126,2,,,,,,2.131873,48.804332
2024-959047,2024-10-01,000001,Vente,578000,4,,PAS SAINT PIERRE,2870,78000,78646,Versailles,78,,,78646000AI0016,,,5,,,,,,,,,,1,3,Dépendance,,0,,,,,,2.131873,48.804332
2024-959048,2024-10-02,000001,Vente,586000,2,,RUE DE LA CATHEDRALE,0450,78000,78646,Versailles,78,,,78646000BV0055,,,18,,19,,20,,39,,50,,6,3,Dépendance,,0,,,,,,2.124573,48.799308
2024-959048,2024-10-02,000001,Vente,586000,2,,RUE DE LA CATHEDRALE,0450,78000,78646,Versailles,78,,,78646000BV0055,,,18,,19,,20,,39,,50,,6,2,Appartement,78,4,,,,,,2.124573,48.799308
2024-959049,2024-09-27,000001,Vente,407000,6,,BD DU ROI,2641,78000,78646,Versailles,78,,,78646000AD0010,,,22,63.63,,,,,,,,,1,3,Dépendance,,0,,,,,,2.126542,48.810209
2024-959049,2024-09-27,000001,Vente,407000,6,,BD DU ROI,2641,78000,78646,Versailles,78,,,78646000AD0010,,,51,,,,,,,,,,1,3,Dépendance,,0,,,,,,2.126542,48.810209
2024-959049,2024-09-27,000001,Vente,407000,6,,BD DU ROI,2641,78000,78646,Versailles,78,,,78646000AD0010,,,22,63.63,,,,,,,,,1,2,Appartement,65,2,,,,,,2.126542,48.810209
2024-959060,2024-09-13,000001,Vente,106500,9,,RUE PHILIPPE DE DANGEAU,2255,78000,78646,Versailles,78,,,78646000AI0058,,,124,17.04,,,,,,,,,1,2,Appartement,20,1,,,,,,2.13392,48.803575
2024-959092,2024-10-04,000001,Vente,20000,13,,RUE DU PARC DE CLAGNY,2171,78000,78646,Versailles,78,,,78646000AK0081,,,12,,,,,,,,,,1,3,Dépendance,,0,,,,,,2.140076,48.81044
2024-959094,2024-09-12,000001,Vente,870000,27,,RUE LAFAYETTE,1580,78000,78646,Versailles,78,,,78646000AD0220,,,38,,,,,,,,,,1,3,Dépendance,,0,,,,,,2.128157,48.81239
2024-959094,2024-09-12,000001,Vente,870000,27,,RUE LAFAYETTE,1580,78000,78646,Versailles,78,,,78646000AD0220,,,37,,,,,,,,,,1,3,Dépendance,,0,,,,,,2.128157,48.81239
2024-959094,2024-09-12,000001,Vente,870000,29,,RUE LAFAYETTE,1580,78000,78646,Versailles,78,,,78646000AD0220,,,118,104.13,93,,,,,,,,2,2,Appartement,112,5,,,,,,2.128157,48.81239
2024-959094,2024-09-12,000001,Vente,870000,29,,RUE LAFAYETTE,1580,78000,78646,Versailles,78,,,78646000AD0220,,,118,104.13,93,,,,,,,,2,3,Dépendance,,0,,,,,,2.128157,48.81239
2024-959097,2024-09-30,000001,Vente,345000,4,,PROM MONA LISA,1965,78000,78646,Versailles,78,,,78646000AZ0110,,,1683,,1753,,,,,,,,2,3,Dépendance,,0,,,,,,2.158672,48.8041
2024-959097,2024-09-30,000001,Vente,345000,5,,RUE DE L ECOLE DES POSTES,0850,78000,78646,Versailles,78,,,78646000AZ0110,,,3529,,,,,,,,,,1,3,Dépendance,,0,,,,,,2.158672,48.8041
2024-959097,2024-09-30,000001,Vente,345000,4,,PROM MONA LISA,1965,78000,78646,Versailles,78,,,78646000AZ0110,,,1683,,1753,,,,,,,,2,2,Appartement,85,3,,,,,,2.158672,48.8041
2024-959110,2024-09-23,000001,Vente,366299,44,,RUE SAINT CHARLES,2710,78000,78646,Versailles,78,,,78646000AY0019,,,119,,,,,,,,,,1,3,Dépendance,,0,,,,,,2.147972,48.803805
2024-959110,2024-09-23,000001,Vente,366299,44,,RUE SAINT CHARLES,2710,78000,78646,Versailles,78,,,78646000AY0019,,,45,61.68,92,,,,,,,,2,3,Dépendance,,0,,,,,,2.147972,48.803805
2024-959110,2024-09-23,000001,Vente,366299,44,,RUE SAINT CHARLES,2710,78000,78646,Versailles,78,,,78646000AY0019,,,45,61.68,92,,,,,,,,2,2,Appartement,63,3,,,,,,2.147972,48.803805
2024-959129,2024-09-19,000001,Vente,137500,17,,RUE JOUVENCEL,1520,78000,78646,Versailles,78,,,78646000AI0033,,,116,19.2,,,,,,,,,1,2,Appartement,18,1,,,,,,2.133954,48.803134
2024-959136,2024-10-07,000001,Vente,627250,6,,BD DU ROI,2641,78000,78646,Versailles,78,,,78646000AD0010,,,49,,,,,,,,,,1,3,Dépendance,,0,,,,,,2.126542,48.810209
2024-959136,2024-10-07,000001,Vente,627250,6,,BD DU ROI,2641,78000,78646,Versailles,78,,,78646000AD0010,,,25,,4,90.19,,,,,,,2,2,Appartement,90,4,,,,,,2.126542,48.810209
2024-959220,2024-10-03,000001,Vente,35000,82,B,AV DE PARIS,2180,78000,78646,Versailles,78,,,78646000BN0166,,,472,,,,,,,,,,1,3,Dépendance,,0,,,,,,2.145036,48.797427
2024-959220,2024-10-03,000001,Vente,35000,82,B,AV DE PARIS,2180,78000,78646,Versailles,78,,,78646000BN0166,,,1187,,,,,,,,,,1,3,Dépendance,,0,,,,,,2.145036,48.797427
2024-959247,2024-09-26,000001,Vente,220000,9,,AV DES ETATS UNIS,0990,78000,78646,Versailles,78,,,78646000AX0490,,,174,,,,,,,,,,1,2,Appartement,31,1,,,,,,2.142342,48.80702
2024-959267,2024-10-04,000001,Vente,385000,18,,RUE PHILIPPE DE DANGEAU,2255,78000,78646,Versailles,78,,,78646000AI0031,,,8,47.65,,,,,,,,,1,3,Dépendance,,0,,,,,,2.134102,48.803212
2024-959267,2024-10-04,000001,Vente,385000,18,,RUE PHILIPPE DE DANGEAU,2255,78000,78646,Versailles,78,,,78646000AI0031,,,8,47.65,,,,,,,,,1,2,Appartement,42,3,,,,,,2.134102,48.803212
2024-959269,2024-10-01,000001,Vente,390000,41,,BD DU ROI,2641,78000,78646,Versailles,78,,,78646000AC0107,,,10,68.01,,,,,,,,,1,2,Appartement,72,3,,,,,,2.12804,48.814598
2024-959270,2024-10-08,000001,Vente,138000,25,,RUE JEAN DE LA BRUYERE,1560,78000,78646,Versailles,78,,,78646000AO0001,,,276,14.95,,,,,,,,,1,3,Dépendance,,0,,,,,,2.145961,48.812878
2024-959298,2024-10-02,000001,Vente,230000,2,,AV DE LA TRANQUILLITE,3055,78000,78646,Versailles,78,,,78646000AZ0110,,,378,,426,50.5,,,,,,,2,3,Dépendance,,0,,,,,,2.158672,48.8041
2024-959298,2024-10-02,000001,Vente,230000,2,,AV DE LA TRANQUILLITE,3055,78000,78646,Versailles,78,,,78646000AZ0110,,,378,,426,50.5,,,,,,,2,2,Appartement,51,2,,,,,,2.158672,48.8041
2024-959311,2024-10-02,000001,Vente,485000,39,,BD DU ROI,2641,78000,78646,Versailles,78,,,78646000AC0108,,,204,,35,70,,,,,,,2,2,Appartement,71,3,,,,,,2.127742,48.814503
2024-959311,2024-10-02,000001,Vente,485000,39,,BD DU ROI,2641,78000,78646,Versailles,78,,,78646000AC0108,,,108,,,,,,,,,,1,3,Dépendance,,0,,,,,,2.127742,48.814503
2024-959313,2024-09-16,000001,Vente,507250,3,,RUE DE L ABBE ROUSSEAUX,0020,78000,78646,Versailles,78,,,78646000BS0056,,,73,,,,,,,,,,1,3,Dépendance,,0,,,,,,2.136312,48.796463
2024-959313,2024-09-16,000001,Vente,507250,3,,RUE DE L ABBE ROUSSEAUX,0020,78000,78646,Versailles,78,,,78646000BS0056,,,25,,47,73.48,,,,,,,2,2,Appartement,74,4,,,,,,2.136312,48.796463
2024-959313,2024-09-16,000001,Vente,507250,3,,RUE DE L ABBE ROUSSEAUX,0020,78000,78646,Versailles,78,,,78646000BS0056,,,25,,47,73.48,,,,,,,2,3,Dépendance,,0,,,,,,2.136312,48.796463
2024-959315,2024-09-30,000001,Vente,414000,8,,RUE DU GENERAL PERSHING,1170,78000,78646,Versailles,78,,,78646000AS0052,,,123,,29,92.31,,,,,,,2,3,Dépendance,,0,,,,,,2.151367,48.813337
2024-959315,2024-09-30,000001,Vente,414000,8,,RUE DU GENERAL PERSHING,1170,78000,78646,Versailles,78,,,78646000AS0052,,,123,,29,92.31,,,,,,,2,2,Appartement,87,4,,,,,,2.151367,48.813337
2024-959315,2024-09-30,000001,Vente,414000,8,,RUE DU GENERAL PERSHING,1170,78000,78646,Versailles,78,,,78646000AS0052,,,162,,,,,,,,,,1,3,Dépendance,,0,,,,,,2.151367,48.813337
2024-959315,2024-09-30,000001,Vente,414000,8,,RUE DU GENERAL PERSHING,1170,78000,78646,Versailles,78,,,78646000AS0052,,,183,,,,,,,,,,1,3,Dépendance,,0,,,,,,2.151367,48.813337
2024-959326,2024-09-24,000001,Vente,38000,45,,AV DE SAINT CLOUD,2730,78000,78646,Versailles,78,,,78646000AI0134,,,47,,,,,,,,,,1,3,Dépendance,,0,,,,,,2.133489,48.805732
2024-959328,2024-10-03,000001,Vente,740000,22,,RUE DE LA CHANCELLERIE,0500,78000,78646,Versailles,78,,,78646000AH0068,,,102,,,,,,,,,,1,3,Dépendance,,0,,,,,,2.124175,48.801779
2024-959328,2024-10-03,000001,Vente,740000,22,,RUE DE LA CHANCELLERIE,0500,78000,78646,Versailles,78,,,78646000AH0068,,,104,101.37,,,,,,,,,1,2,Appartement,103,5,,,,,,2.124175,48.801779
2024-959333,2024-09-20,000001,Vente,1140000,33,,BD DE LA REINE,2520,78000,78646,Versailles,78,,,78646000AD0004,,,109,142.11,110,,121,,139,,,,4,3,Dépendance,,0,,,,,,2.126639,48.809791
2024-959333,2024-09-20,000001,Vente,1140000,33,,BD DE LA REINE,2520,78000,78646,Versailles,78,,,78646000AD0004,,,109,142.11,110,,121,,139,,,,4,3,Dépendance,,0,,,,,,2.126639,48.809791
2024-959333,2024-09-20,000001,Vente,1140000,33,,BD DE LA REINE,2520,78000,78646,Versailles,78,,,78646000AD0004,,,109,142.11,110,,121,,139,,,,4,2,Appartement,138,6,,,,,,2.126639,48.809791
2024-959337,2024-09-27,000001,Vente,1534000,71,,AV DU LOUVRE,1705,78000,78646,Versailles,78,,,78646000BC0089,,,,,,,,,,,,,0,1,Maison,173,7,S,sols,,,589,2.159493,48.800996
2024-959342,2024-10-08,000001,Vente,281000,44,,RUE DE VERGENNES,3150,78000,78646,Versailles,78,,,78646000BS0051,,,112,51.43,95,,,,,,,,2,2,Appartement,52,3,,,,,,2.137211,48.796708
2024-959342,2024-10-08,000001,Vente,281000,44,,RUE DE VERGENNES,3150,78000,78646,Versailles,78,,,78646000BS0051,,,112,51.43,95,,,,,,,,2,3,Dépendance,,0,,,,,,2.137211,48.796708
2024-959345,2024-10-01,000001,Vente,30000,2,,PL GAMBETTA,1135,78000,78646,Versailles,78,,,78646000AE0376,,,104,,,,,,,,,,1,3,Dépendance,,0,,,,,,2.123453,48.805215
2024-959353,2024-09-27,000001,Vente,1601500,15,B,RUE DU PARC DE CLAGNY,2171,78000,78646,Versailles,78,,,78646000AK0217,,,6,145.22,,,,,,,,,1,2,Appartement,149,5,,,,,,2.140182,48.810961
2024-959358,2024-10-08,000001,Vente,451667,32,,PROM MONA LISA,1965,78000,78646,Versailles,78,,,78646000AZ0110,,,2156,,2186,,,,,,,,2,2,Appartement,67,3,,,,,,2.158672,48.8041
2024-959358,2024-10-08,000001,Vente,451667,5,,RUE DE L ECOLE DES POSTES,0850,78000,78646,Versailles,78,,,78646000AZ0110,,,3863,,,,,,,,,,1,3,Dépendance,,0,,,,,,2.158672,48.8041
2024-959361,2024-09-25,000001,Vente,128000,6,B,RUE DE NOAILLES,2050,78000,78646,Versailles,78,,,78646000BR0064,,,3,29.45,,,,,,,,,1,2,Appartement,30,1,,,,,,2.135456,48.799622
2024-959393,2024-09-30,000001,Vente,1138050,62,,RUE JEAN DE LA FONTAINE,1439,78000,78646,Versailles,78,,,78646000BE0139,,,,,,,,,,,,,0,3,Dépendance,,0,S,sols,,,600,2.157534,48.795285
2024-959393,2024-09-30,000001,Vente,1138050,62,,RUE JEAN DE LA FONTAINE,1439,78000,78646,Versailles,78,,,78646000BE0139,,,,,,,,,,,,,0,1,Maison,91,4,S,sols,,,600,2.157534,48.795285
2024-959393,2024-09-30,000001,Vente,1138050,62,,RUE JEAN DE LA FONTAINE,1439,78000,78646,Versailles,78,,,78646000BE0139,,,,,,,,,,,,,0,4,Local industriel. commercial ou assimilé,88,0,S,sols,,,600,2.157534,48.795285
2024-959393,2024-09-30,000001,Vente,1138050,62,,RUE JEAN DE LA FONTAINE,1439,78000,78646,Versailles,78,,,78646000BE0139,,,,,,,,,,,,,0,3,Dépendance,,0,S,sols,,,600,2.157534,48.795285
2024-959395,2024-10-02,000001,Vente,285000,59,,AV DES ETATS UNIS,0990,78000,78646,Versailles,78,,,78646000AS0054,,,182,66.9,,,,,,,,,1,3,Dépendance,,0,,,,,,2.152632,48.814149
2024-959395,2024-10-02,000001,Vente,285000,59,,AV DES ETATS UNIS,0990,78000,78646,Versailles,78,,,78646000AS0054,,,182,66.9,,,,,,,,,1,2,Appartement,66,4,,,,,,2.152632,48.814149
2024-959395,2024-10-02,000001,Vente,285000,59,,AV DES ETATS UNIS,0990,78000,78646,Versailles,78,,,78646000AS0054,,,323,,,,,,,,,,1,3,Dépendance,,0,,,,,,2.152632,48.814149
2024-959401,2024-10-09,000001,Vente,19000,29,,RUE ALBERT JOLY,0050,78000,78646,Versailles,78,,,78646000AK0085,,,111,,,,,,,,,,1,3,Dépendance,,0,,,,,,2.139769,48.810417
2024-959407,2024-10-04,000001,Vente,259000,5,,RUE DE L ECOLE DES POSTES,0850,78000,78646,Versailles,78,,,78646000AZ0110,,,2655,,,,,,,,,,1,3,Dépendance,,0,,,,,,2.158672,48.8041
2024-959407,2024-10-04,000001,Vente,259000,2,,ALL DES CHEVALIERS,0570,78000,78646,Versailles,78,,,78646000AZ0110,,,295,,333,51.1,,,,,,,2,3,Dépendance,,0,,,,,,2.158672,48.8041
2024-959407,2024-10-04,000001,Vente,259000,2,,ALL DES CHEVALIERS,0570,78000,78646,Versailles,78,,,78646000AZ0110,,,295,,333,51.1,,,,,,,2,2,Appartement,51,2,,,,,,2.158672,48.8041
2024-959415,2024-09-10,000001,Vente,285000,36,,RUE DE LA PAROISSE,2190,78000,78646,Versailles,78,,,78646000AE0205,,,14,,2,35.65,3,,,,,,3,4,Local industriel. commercial ou assimilé,47,0,,,,,,2.128079,48.807458
2024-959430,2024-09-27,000001,Vente,1049600,1,,RUE HONORE DE BALZAC,1360,78000,78646,Versailles,78,,,78646000AX0296,,,37,,,,,,,,,,1,2,Appartement,115,4,,,,,,2.144563,48.80518
2024-959430,2024-09-27,000001,Vente,1049600,1,,RUE HONORE DE BALZAC,1360,78000,78646,Versailles,78,,,78646000AX0296,,,37,,,,,,,,,,1,3,Dépendance,,0,,,,,,2.144563,48.80518
2024-959430,2024-09-27,000001,Vente,1049600,1,,RUE HONORE DE BALZAC,1360,78000,78646,Versailles,78,,,78646000AX0296,,,37,,,,,,,,,,1,3,Dépendance,,0,,,,,,2.144563,48.80518
2024-959442,2024-09-27,000001,Vente,221000,19,B,RUE DU PONT COLBERT,2370,78000,78646,Versailles,78,,,78646000BI0284,,,23,50.43,24,,,,,,,,2,3,Dépendance,,0,,,,,,2.151506,48.789725
2024-959442,2024-09-27,000001,Vente,221000,19,B,RUE DU PONT COLBERT,2370,78000,78646,Versailles,78,,,78646000BI0284,,,23,50.43,24,,,,,,,,2,2,Appartement,52,3,,,,,,2.151506,48.789725
2024-959445,2024-10-08,000001,Vente,712000,74,,RUE JEAN DE LA FONTAINE,1439,78000,78646,Versailles,78,,,78646000BE0018,,,,,,,,,,,,,0,1,Maison,79,3,S,sols,,,195,2.156075,48.794354
2024-959453,2024-09-16,000001,Vente,733000,6,,BD DU ROI,2641,78000,78646,Versailles,78,,,78646000AD0010,,,17,110.49,,,,,,,,,1,2,Appartement,109,4,,,,,,2.126542,48.810209
2024-959453,2024-09-16,000001,Vente,733000,6,,BD DU ROI,2641,78000,78646,Versailles,78,,,78646000AD0010,,,65,,,,,,,,,,1,3,Dépendance,,0,,,,,,2.126542,48.810209
2024-959453,2024-09-16,000001,Vente,733000,6,,BD DU ROI,2641,78000,78646,Versailles,78,,,78646000AD0010,,,17,110.49,27,,,,,,,,2,3,Dépendance,,0,,,,,,2.126542,48.810209
2024-959498,2024-10-08,000001,Vente,15000,152,,AV DE PARIS,2180,78000,78646,Versailles,78,,,78646000BD0145,,,24,,,,,,,,,,1,3,Dépendance,,0,,,,,,2.156444,48.797843
2024-959504,2024-10-08,000001,Vente,15000,152,,AV DE PARIS,2180,78000,78646,Versailles,78,,,78646000BD0145,,,23,,,,,,,,,,1,3,Dépendance,,0,,,,,,2.156444,48.797843
2024-959509,2024-09-30,000001,Vente,30000,1,,RUE SAINTE ADELAIDE,2670,78000,78646,Versailles,78,,,78646000AD0485,,,26,,,,,,,,,,1,3,Dépendance,,0,,,,,,2.129783,48.809647
2024-959519,2024-10-03,000001,Vente,208800,6,,RUE DE MONTREUIL,2000,78000,78646,Versailles,78,,,78646000AX0277,,,23,,,,,,,,,,1,2,Appartement,38,2,,,,,,2.142149,48.805257
2024-959569,2024-10-04,000001,Vente en l'état futur d'achèvement,628000,,,LA SABLIERE,B029,78000,78646,Versailles,78,,,78646000BY0121,,,7,,,,,,,,,,1,,,,,,,,,,2.079148,48.803081
2024-959571,2024-10-04,000001,Vente en l'état futur d'achèvement,50000,,,LA SABLIERE,B029,78000,78646,Versailles,78,,,78646000BY0110,,,146,,,,,,,,,,1,,,,,,,,,,2.078228,48.802624
2024-959571,2024-10-04,000001,Vente en l'état futur d'achèvement,50000,,,LA SABLIERE,B029,78000,78646,Versailles,78,,,78646000BY0110,,,147,,,,,,,,,,1,,,,,,,,,,2.078228,48.802624
2024-959592,2024-10-01,000001,Vente,361750,14,,RUE DU REFUGE,2510,78000,78646,Versailles,78,,,78646000BP0108,,,2,55.01,,,,,,,,,1,2,Appartement,56,3,,,,,,2.142848,48.804402
2024-959592,2024-10-01,000001,Vente,361750,14,,RUE DU REFUGE,2510,78000,78646,Versailles,78,,,78646000BP0108,,,2,55.01,,,,,,,,,1,3,Dépendance,,0,,,,,,2.142848,48.804402
2024-959592,2024-10-01,000001,Vente,361750,14,,RUE DU REFUGE,2510,78000,78646,Versailles,78,,,78646000BP0108,,,2,55.01,,,,,,,,,1,3,Dépendance,,0,,,,,,2.142848,48.804402
2024-959660,2024-10-10,000001,Vente,418300,33,,RUE DU MAL FOCH,1810,78000,78646,Versailles,78,,,78646000AE0432,,,76,,98,53.71,,,,,,,2,2,Appartement,59,3,,,,,,2.132245,48.807957
2024-959665,2024-09-26,000001,Vente,236000,13,,RUE DUCIS,0820,78000,78646,Versailles,78,,,78646000AE0083,,,26,32.66,31,,,,,,,,2,2,Appartement,30,2,,,,,,2.131212,48.807138
2024-959665,2024-09-26,000001,Vente,236000,13,,RUE DUCIS,0820,78000,78646,Versailles,78,,,78646000AE0083,,,26,32.66,31,,,,,,,,2,3,Dépendance,,0,,,,,,2.131212,48.807138
2024-959683,2024-10-11,000001,Vente,444500,44,,RUE ALBERT SARRAUT,0080,78000,78646,Versailles,78,,,78646000BK0232,,,131,,,,,,,,,,1,3,Dépendance,,0,,,,,,2.14982,48.795098
2024-959683,2024-10-11,000001,Vente,444500,44,,RUE ALBERT SARRAUT,0080,78000,78646,Versailles,78,,,78646000BK0232,,,136,,55,75.44,,,,,,,2,2,Appartement,76,3,,,,,,2.14982,48.795098
2024-959683,2024-10-11,000001,Vente,444500,44,,RUE ALBERT SARRAUT,0080,78000,78646,Versailles,78,,,78646000BK0232,,,136,,55,75.44,,,,,,,2,3,Dépendance,,0,,,,,,2.14982,48.795098
2024-959684,2024-10-11,000001,Vente,600000,50,,AV DE VILLENEUVE L ETANG,3200,78000,78646,Versailles,78,,,78646000AO0162,,,449,,,,,,,,,,1,3,Dépendance,,0,,,,,,2.148061,48.818119
2024-959684,2024-10-11,000001,Vente,600000,50,,AV DE VILLENEUVE L ETANG,3200,78000,78646,Versailles,78,,,78646000AO0162,,,521,,545,118.76,,,,,,,2,2,Appartement,128,6,,,,,,2.148061,48.818119
2024-959684,2024-10-11,000001,Vente,600000,50,,AV DE VILLENEUVE L ETANG,3200,78000,78646,Versailles,78,,,78646000AO0162,,,521,,545,118.76,,,,,,,2,3,Dépendance,,0,,,,,,2.148061,48.818119
2024-959684,2024-10-11,000001,Vente,600000,50,,AV DE VILLENEUVE L ETANG,3200,78000,78646,Versailles,78,,,78646000AO0162,,,521,,545,118.76,,,,,,,2,3,Dépendance,,0,,,,,,2.148061,48.818119
2024-959684,2024-10-11,000001,Vente,600000,50,,AV DE VILLENEUVE L ETANG,3200,78000,78646,Versailles,78,,,78646000AO0162,,,450,,,,,,,,,,1,3,Dépendance,,0,,,,,,2.148061,48.818119
2024-959691,2024-10-02,000001,Vente,212346,6,,RUE DU HAZARD,1300,78000,78646,Versailles,78,,,78646000BT0145,,,3,,,,,,,,,,1,2,Appartement,30,2,,,,,,2.128273,48.795466
2024-959693,2024-10-10,000001,Vente,645000,7,,RUE RICHAUD,2610,78000,78646,Versailles,78,,,78646000AI0313,,,106,,27,69.7,,,,,,,2,2,Appartement,70,3,,,,,,2.135209,48.807376
2024-959693,2024-10-10,000001,Vente,645000,7,,RUE RICHAUD,2610,78000,78646,Versailles,78,,,78646000AI0313,,,213,,,,,,,,,,1,3,Dépendance,,0,,,,,,2.135209,48.807376
2024-959693,2024-10-10,000001,Vente,645000,7,,RUE RICHAUD,2610,78000,78646,Versailles,78,,,78646000AI0313,,,106,,,,,,,,,,1,3,Dépendance,,0,,,,,,2.135209,48.807376
2024-959703,2024-10-15,000001,Vente,137750,46,,RUE DES BOURDONNAIS,0400,78000,78646,Versailles,78,,,78646000BW0030,,,3,23.22,,,,,,,,,1,2,Appartement,26,1,,,,,,2.129529,48.794429
2024-959735,2024-09-30,000001,Vente,350469,17,,RUE DE L ERMITAGE,0940,78000,78646,Versailles,78,,,78646000AC0273,,,305,,319,,,,,,,,2,2,Appartement,42,2,,,,,,2.122251,48.813276
2024-959735,2024-09-30,000001,Vente,350469,13,,RUE DE L ERMITAGE,0940,78000,78646,Versailles,78,,,78646000AC0273,,,210,,,,,,,,,,1,3,Dépendance,,0,,,,,,2.122251,48.813276
2024-959735,2024-09-30,000001,Vente,350469,17,,RUE DE L ERMITAGE,0940,78000,78646,Versailles,78,,,78646000AC0273,,,305,,319,,,,,,,,2,3,Dépendance,,0,,,,,,2.122251,48.813276
2024-959794,2024-09-17,000001,Vente,118000,2,,RUE DE LA CATHEDRALE,0450,78000,78646,Versailles,78,,,78646000BV0055,,,16,12.87,,,,,,,,,1,2,Appartement,15,1,,,,,,2.124573,48.799308
2024-959826,2024-10-17,000001,Vente,465000,50,,AV DE VILLENEUVE L ETANG,3200,78000,78646,Versailles,78,,,78646000AO0162,,,434,,,,,,,,,,1,3,Dépendance,,0,,,,,,2.148061,48.818119
2024-959826,2024-10-17,000001,Vente,465000,50,,AV DE VILLENEUVE L ETANG,3200,78000,78646,Versailles,78,,,78646000AO0162,,,514,,538,92.57,,,,,,,2,3,Dépendance,,0,,,,,,2.148061,48.818119
2024-959826,2024-10-17,000001,Vente,465000,50,,AV DE VILLENEUVE L ETANG,3200,78000,78646,Versailles,78,,,78646000AO0162,,,514,,538,92.57,,,,,,,2,2,Appartement,94,4,,,,,,2.148061,48.818119
2024-959826,2024-10-17,000001,Vente,465000,50,,AV DE VILLENEUVE L ETANG,3200,78000,78646,Versailles,78,,,78646000AO0162,,,514,,538,92.57,,,,,,,2,3,Dépendance,,0,,,,,,2.148061,48.818119
2024-959843,2024-10-07,000001,Vente,533500,27,B,BD DU ROI,2641,78000,78646,Versailles,78,,,78646000AC0117,,,127,,147,70.1,,,,,,,2,2,Appartement,69,3,,,,,,2.126689,48.812877
2024-959843,2024-10-07,000001,Vente,533500,27,B,BD DU ROI,2641,78000,78646,Versailles,78,,,78646000AC0117,,,157,,,,,,,,,,1,3,Dépendance,,0,,,,,,2.126689,48.812877
2024-959843,2024-10-07,000001,Vente,533500,27,B,BD DU ROI,2641,78000,78646,Versailles,78,,,78646000AC0117,,,127,,147,70.1,,,,,,,2,3,Dépendance,,0,,,,,,2.126689,48.812877
2024-959844,2024-10-17,000001,Vente,480000,7,,RUE RICHAUD,2610,78000,78646,Versailles,78,,,78646000AI0313,,,135,,,,,,,,,,1,3,Dépendance,,0,,,,,,2.135209,48.807376
2024-959844,2024-10-17,000001,Vente,480000,7,,RUE RICHAUD,2610,78000,78646,Versailles,78,,,78646000AI0313,,,269,,,,,,,,,,1,3,Dépendance,,0,,,,,,2.135209,48.807376
2024-959844,2024-10-17,000001,Vente,480000,7,,RUE RICHAUD,2610,78000,78646,Versailles,78,,,78646000AI0313,,,135,,97,48.07,,,,,,,2,2,Appartement,48,2,,,,,,2.135209,48.807376
2024-959864,2024-10-15,000001,Vente,2140948,1,,RUE LAFAYETTE,1580,78000,78646,Versailles,78,,,78646000AC0136,,,,,,,,,,,,,0,1,Maison,200,7,S,sols,,,430,2.12439,48.812638
2024-959864,2024-10-15,000001,Vente,2140948,1,,RUE LAFAYETTE,1580,78000,78646,Versailles,78,,,78646000AC0136,,,,,,,,,,,,,0,3,Dépendance,,0,S,sols,,,430,2.12439,48.812638
2024-959898,2024-09-30,000001,Vente,380000,20,,RUE ALBERT JOLY,0050,78000,78646,Versailles,78,,,78646000AK0175,,,34,,,,,,,,,,1,3,Dépendance,,0,,,,,,2.138186,48.810014
2024-959898,2024-09-30,000001,Vente,380000,20,,RUE ALBERT JOLY,0050,78000,78646,Versailles,78,,,78646000AK0175,,,19,53.16,2,,,,,,,,2,2,Appartement,53,2,,,,,,2.138186,48.810014
2024-959898,2024-09-30,000001,Vente,380000,20,,RUE ALBERT JOLY,0050,78000,78646,Versailles,78,,,78646000AK0175,,,19,53.16,2,,,,,,,,2,3,Dépendance,,0,,,,,,2.138186,48.810014
2024-959932,2024-10-17,000001,Vente,910000,29,,RUE DE NOAILLES,2050,78000,78646,Versailles,78,,,78646000BS0020,,,129,,159,,,,,,,,2,3,Dépendance,,0,,,,,,2.134087,48.797573
2024-959932,2024-10-17,000001,Vente,910000,29,,RUE DE NOAILLES,2050,78000,78646,Versailles,78,,,78646000BS0020,,,129,,159,,,,,,,,2,2,Appartement,108,5,,,,,,2.134087,48.797573
2024-959932,2024-10-17,000001,Vente,910000,29,,RUE DE NOAILLES,2050,78000,78646,Versailles,78,,,78646000BS0020,,,168,,,,,,,,,,1,3,Dépendance,,0,,,,,,2.134087,48.797573
2024-959937,2024-10-18,000001,Vente,650000,58,,RUE DU MAL FOCH,1810,78000,78646,Versailles,78,,,78646000AK0127,,,12,79.52,,,,,,,,,1,2,Appartement,75,3,,,,,,2.135211,48.81139
2024-959937,2024-10-18,000001,Vente,650000,58,,RUE DU MAL FOCH,1810,78000,78646,Versailles,78,,,78646000AK0127,,,12,79.52,,,,,,,,,1,3,Dépendance,,0,,,,,,2.135211,48.81139
2024-959949,2024-09-26,000001,Vente,423100,4,,RUE EDOUARD CHARTON,0890,78000,78646,Versailles,78,,,78646000BT0163,,,34,57.4,,,,,,,,,1,2,Appartement,60,3,,,,,,2.130736,48.796221
2024-959955,2024-09-30,000001,Vente,430000,8,,RUE DU GENERAL PERSHING,1170,78000,78646,Versailles,78,,,78646000AS0052,,,180,,,,,,,,,,1,3,Dépendance,,0,,,,,,2.151367,48.813337
2024-959955,2024-09-30,000001,Vente,430000,8,,RUE DU GENERAL PERSHING,1170,78000,78646,Versailles,78,,,78646000AS0052,,,40,92.41,88,,,,,,,,2,2,Appartement,87,4,,,,,,2.151367,48.813337
2024-959955,2024-09-30,000001,Vente,430000,8,,RUE DU GENERAL PERSHING,1170,78000,78646,Versailles,78,,,78646000AS0052,,,40,92.41,88,,,,,,,,2,3,Dépendance,,0,,,,,,2.151367,48.813337
2024-959955,2024-09-30,000001,Vente,430000,8,,RUE DU GENERAL PERSHING,1170,78000,78646,Versailles,78,,,78646000AS0052,,,179,,,,,,,,,,1,3,Dépendance,,0,,,,,,2.151367,48.813337
2024-959956,2024-10-17,000001,Vente,1188000,37,,BD DE LA REINE,2520,78000,78646,Versailles,78,,,78646000AD0022,,,17,114.65,,,,,,,,,1,2,Appartement,117,6,,,,,,2.127286,48.809684
2024-959956,2024-10-17,000001,Vente,1188000,37,,BD DE LA REINE,2520,78000,78646,Versailles,78,,,78646000AD0022,,,18,,,,,,,,,,1,3,Dépendance,,0,,,,,,2.127286,48.809684
2024-959980,2024-09-27,000001,Vente,210000,6,,RUE DELAUNAY,0760,78000,78646,Versailles,78,,,78646000AC0044,,,9,35.84,,,,,,,,,1,2,Appartement,29,1,,,,,,2.123491,48.815558
2024-959980,2024-09-27,000001,Vente,210000,6,,RUE DELAUNAY,0760,78000,78646,Versailles,78,,,78646000AC0044,,,9,35.84,,,,,,,,,1,3,Dépendance,,0,,,,,,2.123491,48.815558
2024-959992,2024-09-30,000001,Vente,471500,35,,RUE HENRI SIMON,1330,78000,78646,Versailles,78,,,78646000AW0219,,,422,79.1,430,,,,,,,,2,3,Dépendance,,0,,,,,,2.147909,48.808568
2024-959992,2024-09-30,000001,Vente,471500,35,,RUE HENRI SIMON,1330,78000,78646,Versailles,78,,,78646000AW0219,,,607,,,,,,,,,,1,3,Dépendance,,0,,,,,,2.147909,48.808568
2024-959992,2024-09-30,000001,Vente,471500,35,,RUE HENRI SIMON,1330,78000,78646,Versailles,78,,,78646000AW0219,,,422,79.1,430,,,,,,,,2,2,Appartement,80,3,,,,,,2.147909,48.808568
2024-960022,2024-10-08,000001,Vente,1101075,26,,RUE ALBERT JOLY,0050,78000,78646,Versailles,78,,,78646000AK0256,,,11,123.15,35,,,,,,,,2,3,Dépendance,,0,,,,,,2.139037,48.81007
2024-960022,2024-10-08,000001,Vente,1101075,26,,RUE ALBERT JOLY,0050,78000,78646,Versailles,78,,,78646000AK0256,,,11,123.15,35,,,,,,,,2,2,Appartement,156,7,,,,,,2.139037,48.81007
2024-960022,2024-10-08,000001,Vente,1101075,26,,RUE ALBERT JOLY,0050,78000,78646,Versailles,78,,,78646000AK0256,,,19,,20,,,,,,,,2,3,Dépendance,,0,,,,,,2.139037,48.81007
2024-960035,2024-10-15,000001,Vente,1699720,4,,RUE SOLFERINO,2990,78000,78646,Versailles,78,,,78646000AK0067,,,,,,,,,,,,,0,1,Maison,150,6,S,sols,,,447,2.139914,48.812875
2024-960048,2024-10-18,000001,Vente,1200000,16,,RUE ALEXANDRE LANGE,0120,78000,78646,Versailles,78,,,78646000AL0104,,,11,,,,,,,,,,1,3,Dépendance,,0,,,,,,2.138401,48.815718
2024-960048,2024-10-18,000001,Vente,1200000,16,,RUE ALEXANDRE LANGE,0120,78000,78646,Versailles,78,,,78646000AL0104,,,3,,4,,5,,6,,7,,6,2,Appartement,153,6,,,,,,2.138401,48.815718
2024-960048,2024-10-18,000001,Vente,1200000,16,,RUE ALEXANDRE LANGE,0120,78000,78646,Versailles,78,,,78646000AL0104,,,3,,4,,5,,6,,7,,6,3,Dépendance,,0,,,,,,2.138401,48.815718
2024-960048,2024-10-18,000001,Vente,1200000,16,,RUE ALEXANDRE LANGE,0120,78000,78646,Versailles,78,,,78646000AL0104,,,3,,4,,5,,6,,7,,6,3,Dépendance,,0,,,,,,2.138401,48.815718
2024-960048,2024-10-18,000001,Vente,1200000,16,,RUE ALEXANDRE LANGE,0120,78000,78646,Versailles,78,,,78646000AL0104,,,3,,4,,5,,6,,7,,6,3,Dépendance,,0,,,,,,2.138401,48.815718
2024-960048,2024-10-18,000001,Vente,1200000,16,,RUE ALEXANDRE LANGE,0120,78000,78646,Versailles,78,,,78646000AL0104,,,3,,4,,5,,6,,7,,6,3,Dépendance,,0,,,,,,2.138401,48.815718
2024-960050,2024-10-14,000001,Vente,580000,26,,RUE HENRI SIMON,1330,78000,78646,Versailles,78,,,78646000AW0006,,,802,107.02,846,,,,,,,,2,2,Appartement,108,4,,,,,,2.15013,48.808121
2024-960050,2024-10-14,000001,Vente,580000,26,,RUE HENRI SIMON,1330,78000,78646,Versailles,78,,,78646000AW0006,,,1344,,,,,,,,,,1,3,Dépendance,,0,,,,,,2.15013,48.808121
2024-960050,2024-10-14,000001,Vente,580000,26,,RUE HENRI SIMON,1330,78000,78646,Versailles,78,,,78646000AW0006,,,802,107.02,846,,,,,,,,2,3,Dépendance,,0,,,,,,2.15013,48.808121
2024-960070,2024-10-10,000001,Vente,245000,42,,RUE DE MONTREUIL,2000,78000,78646,Versailles,78,,,78646000AY0001,,,12,11.11,,,,,,,,,1,3,Dépendance,,0,,,,,,2.146754,48.804493
2024-960070,2024-10-10,000001,Vente,245000,42,,RUE DE MONTREUIL,2000,78000,78646,Versailles,78,,,78646000AY0001,,,11,32,,,,,,,,,1,2,Appartement,42,2,,,,,,2.146754,48.804493
2024-960070,2024-10-10,000001,Vente,245000,42,,RUE DE MONTREUIL,2000,78000,78646,Versailles,78,,,78646000AY0001,,,12,11.11,,,,,,,,,1,2,Appartement,27,1,,,,,,2.146754,48.804493
2024-960070,2024-10-10,000001,Vente,245000,42,,RUE DE MONTREUIL,2000,78000,78646,Versailles,78,,,78646000AY0001,,,20,,,,,,,,,,1,3,Dépendance,,0,,,,,,2.146754,48.804493
2024-960078,2024-10-21,000001,Vente,820000,3,,RUE DE BEAUVAU,0320,78000,78646,Versailles,78,,,78646000AD0263,,,1,,10,,11,,4,,,,4,2,Appartement,121,5,,,,,,2.131065,48.81221
2024-960078,2024-10-21,000001,Vente,820000,3,,RUE DE BEAUVAU,0320,78000,78646,Versailles,78,,,78646000AD0263,,,1,,10,,11,,4,,,,4,3,Dépendance,,0,,,,,,2.131065,48.81221
2024-960101,2024-10-18,000001,Vente,234342,86,,RUE D ANJOU,0190,78000,78646,Versailles,78,,,78646000BT0080,,,5,48.3,,,,,,,,,1,2,Appartement,20,1,,,,,,2.12952,48.795748
2024-960105,2024-10-08,000001,Vente,135000,25,,RUE JEAN DE LA BRUYERE,1560,78000,78646,Versailles,78,,,78646000AO0001,,,264,15.01,,,,,,,,,1,3,Dépendance,,0,,,,,,2.145961,48.812878
2024-960105,2024-10-08,000001,Vente,135000,25,,RUE JEAN DE LA BRUYERE,1560,78000,78646,Versailles,78,,,78646000AO0001,,,264,15.01,,,,,,,,,1,2,Appartement,15,1,,,,,,2.145961,48.812878
2024-960128,2024-09-26,000001,Vente,165000,36,,RUE DE VERGENNES,3150,78000,78646,Versailles,78,,,78646000BS0043,,,2,26.76,29,,,,,,,,2,2,Appartement,31,1,,,,,,2.137093,48.797286
2024-960128,2024-09-26,000001,Vente,165000,36,,RUE DE VERGENNES,3150,78000,78646,Versailles,78,,,78646000BS0043,,,2,26.76,29,,,,,,,,2,3,Dépendance,,0,,,,,,2.137093,48.797286
2024-960137,2024-10-03,000001,Vente,510000,38,,RUE BERTHIER,0370,78000,78646,Versailles,78,,,78646000AD0445,,,27,,28,,38,80.47,,,,,3,2,Appartement,87,4,,,,,,2.13058,48.811059
2024-960144,2024-10-10,000001,Vente,166000,57,,RUE EXELMANS,1020,78000,78646,Versailles,78,,,78646000AC0262,,,119,,30,24.62,,,,,,,2,3,Dépendance,,0,,,,,,2.126785,48.814611
2024-960144,2024-10-10,000001,Vente,166000,57,,RUE EXELMANS,1020,78000,78646,Versailles,78,,,78646000AC0262,,,201,,,,,,,,,,1,3,Dépendance,,0,,,,,,2.126785,48.814611
2024-960159,2024-10-09,000001,Vente,26000,58,,RUE ALBERT JOLY,0050,78000,78646,Versailles,78,,,78646000AR0053,,,125,,,,,,,,,,1,3,Dépendance,,0,,,,,,2.143711,48.809427
2024-960161,2024-10-04,000001,Vente,1525000,15,B,RUE DU PARC DE CLAGNY,2171,78000,78646,Versailles,78,,,78646000AK0217,,,3,140.69,,,,,,,,,1,2,Appartement,140,5,,,,,,2.140182,48.810961
2024-960168,2024-10-08,000001,Vente,339000,2,B,RUE DU PARC DE CLAGNY,2171,78000,78646,Versailles,78,,,78646000AR0094,,,11,58.79,40,,,,,,,,2,2,Appartement,50,3,,,,,,2.140261,48.808704
2024-960168,2024-10-08,000001,Vente,339000,2,B,RUE DU PARC DE CLAGNY,2171,78000,78646,Versailles,78,,,78646000AR0094,,,11,58.79,40,,,,,,,,2,3,Dépendance,,0,,,,,,2.140261,48.808704
2024-960176,2024-10-18,000001,Vente,403000,64,,RUE DES CHANTIERS,0530,78000,78646,Versailles,78,,,78646000BL0326,,,454,,517,,77,84.69,,,,,3,2,Appartement,86,3,,,,,,2.143523,48.792624
2024-960176,2024-10-18,000001,Vente,403000,64,,RUE DES CHANTIERS,0530,78000,78646,Versailles,78,,,78646000BL0326,,,454,,517,,77,84.69,,,,,3,3,Dépendance,,0,,,,,,2.143523,48.792624
2024-960176,2024-10-18,000001,Vente,403000,64,,RUE DES CHANTIERS,0530,78000,78646,Versailles,78,,,78646000BL0326,,,267,,,,,,,,,,1,3,Dépendance,,0,,,,,,2.143523,48.792624
2024-960179,2024-10-14,000001,Vente,635000,8,,PAS VEDI ST CHARLES,3130,78000,78646,Versailles,78,,,78646000AY0113,,,1,,4,102.3,,,,,,,2,3,Dépendance,,0,,,,,,2.150469,48.801137
2024-960179,2024-10-14,000001,Vente,635000,8,,PAS VEDI ST CHARLES,3130,78000,78646,Versailles,78,,,78646000AY0113,,,1,,4,102.3,,,,,,,2,2,Appartement,78,5,,,,,,2.150469,48.801137
2024-960179,2024-10-14,000001,Vente,635000,8,,PAS VEDI ST CHARLES,3130,78000,78646,Versailles,78,,,78646000AY0113,,,1,,4,102.3,,,,,,,2,3,Dépendance,,0,,,,,,2.150469,48.801137
2024-960179,2024-10-14,000001,Vente,635000,14,T,RUE SAINT CHARLES,2710,78000,78646,Versailles,78,,,78646000AY0288,,,,,,,,,,,,,0,,,,,S,sols,,,59,2.150848,48.801286
2024-960183,2024-09-27,000001,Vente,655500,5,,RUE PIERRE BERTIN,2290,78000,78646,Versailles,78,,,78646000AX0036,,,13,,,,,,,,,,1,3,Dépendance,,0,,,,,,2.14205,48.807319
2024-960183,2024-09-27,000001,Vente,655500,5,,RUE PIERRE BERTIN,2290,78000,78646,Versailles,78,,,78646000AX0036,,,45,,80,,,,,,,,2,3,Dépendance,,0,,,,,,2.14205,48.807319
2024-960183,2024-09-27,000001,Vente,655500,5,,RUE PIERRE BERTIN,2290,78000,78646,Versailles,78,,,78646000AX0036,,,45,,80,,,,,,,,2,2,Appartement,110,4,,,,,,2.14205,48.807319
2024-960183,2024-09-27,000001,Vente,655500,5,,RUE PIERRE BERTIN,2290,78000,78646,Versailles,78,,,78646000AX0036,,,6,,,,,,,,,,1,3,Dépendance,,0,,,,,,2.14205,48.807319
2024-960186,2024-10-18,000001,Vente,375655,28,,RUE DE LA PAROISSE,2190,78000,78646,Versailles,78,,,78646000AE0188,,,37,52.53,,,,,,,,,1,2,Appartement,51,2,,,,,,2.127676,48.807526
2024-960188,2024-10-14,000001,Vente,489962,9,,PL ROYALE,2650,78000,78646,Versailles,78,,,78646000AZ0110,,,1178,,1201,94.04,,,,,,,2,2,Appartement,94,4,,,,,,2.158672,48.8041
2024-960188,2024-10-14,000001,Vente,489962,5,,RUE DE L ECOLE DES POSTES,0850,78000,78646,Versailles,78,,,78646000AZ0110,,,3513,,,,,,,,,,1,3,Dépendance,,0,,,,,,2.158672,48.8041
2024-960188,2024-10-14,000001,Vente,489962,9,,PL ROYALE,2650,78000,78646,Versailles,78,,,78646000AZ0110,,,1178,,1201,94.04,,,,,,,2,3,Dépendance,,0,,,,,,2.158672,48.8041
2024-960200,2024-10-11,000001,Vente,405000,6,,RUE LOUIS HAUSSMANN,1679,78000,78646,Versailles,78,,,78646000AS0036,,,239,,8,,,,,,,,2,3,Dépendance,,0,,,,,,2.147113,48.809569
2024-960200,2024-10-11,000001,Vente,405000,6,,RUE LOUIS HAUSSMANN,1679,78000,78646,Versailles,78,,,78646000AS0036,,,48,,,,,,,,,,1,3,Dépendance,,0,,,,,,2.147113,48.809569
2024-960200,2024-10-11,000001,Vente,405000,6,,RUE LOUIS HAUSSMANN,1679,78000,78646,Versailles,78,,,78646000AS0036,,,239,,8,,,,,,,,2,2,Appartement,75,3,,,,,,2.147113,48.809569
2024-960202,2024-10-22,000001,Vente,295900,6,B,RUE JEAN MERMOZ,1460,78000,78646,Versailles,78,,,78646000BN0167,,,209,41.18,527,,,,,,,,2,3,Dépendance,,0,,,,,,2.142752,48.797871
2024-960202,2024-10-22,000001,Vente,295900,2,,RUE JEAN MERMOZ,1460,78000,78646,Versailles,78,,,78646000BN0167,,,581,,,,,,,,,,1,3,Dépendance,,0,,,,,,2.142752,48.797871
2024-960202,2024-10-22,000001,Vente,295900,6,B,RUE JEAN MERMOZ,1460,78000,78646,Versailles,78,,,78646000BN0167,,,209,41.18,527,,,,,,,,2,2,Appartement,40,2,,,,,,2.142752,48.797871
2024-960218,2024-09-30,000001,Vente,395000,44,,RUE CHAMP LAGARDE,0490,78000,78646,Versailles,78,,,78646000AY0247,,,110,48.01,140,,,,,,,,2,2,Appartement,47,2,,,,,,2.147703,48.801276
2024-960218,2024-09-30,000001,Vente,395000,44,,RUE CHAMP LAGARDE,0490,78000,78646,Versailles,78,,,78646000AY0247,,,151,,,,,,,,,,1,3,Dépendance,,0,,,,,,2.147703,48.801276
2024-960236,2024-10-07,000001,Vente,20500,6,,RUE ALEXANDRE BONTEMPS,0110,78000,78646,Versailles,78,,,78646000BW0179,,,65,,,,,,,,,,1,3,Dépendance,,0,,,,,,2.122905,48.793895
2024-960245,2024-09-27,000001,Vente,1110000,,,LA SABLIERE,B029,78000,78646,Versailles,78,,,78646000BY0132,,,,,,,,,,,,,0,,,,,S,sols,,,262,2.079626,48.803173
2024-960255,2024-10-01,000001,Vente,217354,93,,RUE YVES LE COZ,3210,78000,78646,Versailles,78,,,78646000BE0108,,,14,34.01,,,,,,,,,1,4,Local industriel. commercial ou assimilé,33,0,,,,,,2.15647,48.795075
2024-960281,2024-10-10,000001,Vente,208531,57,,RUE EXELMANS,1020,78000,78646,Versailles,78,,,78646000AC0262,,,412,,,,,,,,,,1,3,Dépendance,,0,,,,,,2.126785,48.814611
2024-960281,2024-10-10,000001,Vente,208531,57,,RUE EXELMANS,1020,78000,78646,Versailles,78,,,78646000AC0262,,,319,30.38,363,,,,,,,,2,3,Dépendance,,0,,,,,,2.126785,48.814611
2024-960281,2024-10-10,000001,Vente,208531,57,,RUE EXELMANS,1020,78000,78646,Versailles,78,,,78646000AC0262,,,319,30.38,363,,,,,,,,2,2,Appartement,30,1,,,,,,2.126785,48.814611
2024-960281,2024-10-10,000001,Vente,208531,57,,RUE EXELMANS,1020,78000,78646,Versailles,78,,,78646000AC0262,,,319,30.38,363,,,,,,,,2,3,Dépendance,,0,,,,,,2.126785,48.814611
2024-960300,2024-10-01,000001,Vente,1562500,1,,RUE RICHAUD,2610,78000,78646,Versailles,78,,,78646000AI0317,,,152,,,,,,,,,,1,3,Dépendance,,0,,,,,,2.133269,48.807902
2024-960300,2024-10-01,000001,Vente,1562500,2,,PAS DE LA CHARITE,0154,78000,78646,Versailles,78,,,78646000AI0317,,,34,114.02,91,,,,,,,,2,2,Appartement,113,4,,,,,,2.133269,48.807902
2024-960300,2024-10-01,000001,Vente,1562500,1,,RUE RICHAUD,2610,78000,78646,Versailles,78,,,78646000AI0317,,,153,,,,,,,,,,1,3,Dépendance,,0,,,,,,2.133269,48.807902
2024-960346,2024-09-27,000001,Vente,452000,35,,RUE HENRI SIMON,1330,78000,78646,Versailles,78,,,78646000AW0219,,,530,80.25,538,,,,,,,,2,2,Appartement,82,3,,,,,,2.147909,48.808568
2024-960346,2024-09-27,000001,Vente,452000,35,,RUE HENRI SIMON,1330,78000,78646,Versailles,78,,,78646000AW0219,,,530,80.25,538,,,,,,,,2,3,Dépendance,,0,,,,,,2.147909,48.808568
2024-960348,2024-10-21,000001,Vente,120000,28,,RUE DE VERGENNES,3150,78000,78646,Versailles,78,,,78646000BS0040,,,12,,4,,,,,,,,2,2,Appartement,28,1,,,,,,2.137313,48.797559
2024-960348,2024-10-21,000001,Vente,120000,28,,RUE DE VERGENNES,3150,78000,78646,Versailles,78,,,78646000BS0040,,,12,,4,,,,,,,,2,3,Dépendance,,0,,,,,,2.137313,48.797559
2024-960357,2024-10-18,000001,Vente en l'état futur d'achèvement,414999,,,LA SABLIERE,B029,78000,78646,Versailles,78,,,78646000BY0121,,,15,,,,,,,,,,1,,,,,,,,,,2.079148,48.803081
2024-960359,2024-10-18,000001,Vente en l'état futur d'achèvement,25000,,,LA SABLIERE,B029,78000,78646,Versailles,78,,,78646000BY0110,,,152,,,,,,,,,,1,,,,,,,,,,2.078228,48.802624
2024-960363,2024-10-17,000001,Vente en l'état futur d'achèvement,565000,,,LA SABLIERE,B029,78000,78646,Versailles,78,,,78646000BY0121,,,17,,,,,,,,,,1,,,,,,,,,,2.079148,48.803081
2024-960366,2024-10-17,000001,Vente en l'état futur d'achèvement,25000,,,LA SABLIERE,B029,78000,78646,Versailles,78,,,78646000BY0110,,,150,,,,,,,,,,1,,,,,,,,,,2.078228,48.802624
2024-960374,2024-10-18,000001,Vente,30000,5,,IMP DE TOULOUSE,3030,78000,78646,Versailles,78,,,78646000AE0539,,,47,,,,,,,,,,1,3,Dépendance,,0,,,,,,2.129497,48.806647
2024-960414,2024-10-15,000001,Vente,524910,29,,RUE ROYALE,2648,78000,78646,Versailles,78,,,78646000BT0031,,,7,,,,,,,,,,1,2,Appartement,60,3,,,,,,2.127226,48.797807
2024-960414,2024-10-15,000001,Vente,524910,29,,RUE ROYALE,2648,78000,78646,Versailles,78,,,78646000BT0031,,,7,,,,,,,,,,1,3,Dépendance,,0,,,,,,2.127226,48.797807
2024-960438,2024-10-18,000001,Vente,766900,79,,AV DE SAINT CLOUD,2730,78000,78646,Versailles,78,,,78646000AI0236,,,76,94.64,,,,,,,,,1,2,Appartement,96,4,,,,,,2.138101,48.806152
2024-960448,2024-10-11,000001,Vente,282320,3,,RUE DU PONT COLBERT,2370,78000,78646,Versailles,78,,,78646000BL0294,,,34,56.66,88,,,,,,,,2,3,Dépendance,,0,,,,,,2.146987,48.791716
2024-960448,2024-10-11,000001,Vente,282320,3,,RUE DU PONT COLBERT,2370,78000,78646,Versailles,78,,,78646000BL0294,,,34,56.66,88,,,,,,,,2,2,Appartement,56,3,,,,,,2.146987,48.791716
2024-960448,2024-10-11,000001,Vente,282320,3,,RUE DU PONT COLBERT,2370,78000,78646,Versailles,78,,,78646000BL0294,,,400,,,,,,,,,,1,3,Dépendance,,0,,,,,,2.146987,48.791716
2024-960451,2024-10-28,000001,Vente,200000,48,,RUE DU MAL FOCH,1810,78000,78646,Versailles,78,,,78646000AK0157,,,6,39.62,,,,,,,,,1,3,Dépendance,,0,,,,,,2.134793,48.810314
2024-960451,2024-10-28,000001,Vente,200000,48,,RUE DU MAL FOCH,1810,78000,78646,Versailles,78,,,78646000AK0157,,,6,39.62,,,,,,,,,1,3,Dépendance,,0,,,,,,2.134793,48.810314
2024-960451,2024-10-28,000001,Vente,200000,48,,RUE DU MAL FOCH,1810,78000,78646,Versailles,78,,,78646000AK0157,,,6,39.62,,,,,,,,,1,2,Appartement,50,2,,,,,,2.134793,48.810314
2024-960466,2024-10-15,000001,Vente,1346300,20,,RUE ALBERT SARRAUT,0080,78000,78646,Versailles,78,,,78646000BK0305,,,,,,,,,,,,,0,1,Maison,140,6,S,sols,,,196,2.151899,48.795498
2024-960466,2024-10-15,000001,Vente,1346300,20,,RUE ALBERT SARRAUT,0080,78000,78646,Versailles,78,,,78646000BK0306,,,,,,,,,,,,,0,,,,,S,sols,,,4,2.151997,48.795382
2024-960466,2024-10-15,000001,Vente,1346300,20,,RUE ALBERT SARRAUT,0080,78000,78646,Versailles,78,,,78646000BK0307,,,,,,,,,,,,,0,,,,,S,sols,,,143,2.152035,48.795423
2024-960466,2024-10-15,000001,Vente,1346300,20,,RUE ALBERT SARRAUT,0080,78000,78646,Versailles,78,,,78646000BK0308,,,,,,,,,,,,,0,,,,,S,sols,,,32,2.152043,48.795364
2024-960473,2024-10-24,000001,Vente,16000,13,,RUE DU GENERAL PERSHING,1170,78000,78646,Versailles,78,,,78646000AO0068,,,403,,,,,,,,,,1,3,Dépendance,,0,,,,,,2.148928,48.817113
2024-960510,2024-10-29,000001,Vente,429700,15,,RUE SAINT MEDERIC,2840,78000,78646,Versailles,78,,,78646000BW0018,,,5,,8,60.78,,,,,,,2,2,Appartement,58,3,,,,,,2.127227,48.794889
2024-960510,2024-10-29,000001,Vente,429700,15,,RUE SAINT MEDERIC,2840,78000,78646,Versailles,78,,,78646000BW0018,,,5,,8,60.78,,,,,,,2,3,Dépendance,,0,,,,,,2.127227,48.794889
2024-960512,2024-10-25,000001,Vente en l'état futur d'achèvement,367400,,,LA SABLIERE,B029,78000,78646,Versailles,78,,,78646000BY0121,,,8,,,,,,,,,,1,,,,,,,,,,2.079148,48.803081
2024-960522,2024-10-25,000001,Vente en l'état futur d'achèvement,25000,,,LA SABLIERE,B029,78000,78646,Versailles,78,,,78646000BY0110,,,155,,,,,,,,,,1,,,,,,,,,,2.078228,48.802624
2024-960528,2024-10-17,000001,Vente,202500,65,,RUE DE LA PAROISSE,2190,78000,78646,Versailles,78,,,78646000AI0185,,,37,30.67,,,,,,,,,1,2,Appartement,29,2,,,,,,2.134013,48.806671
2024-960538,2024-10-15,000001,Vente,232435,8,,RUE DE FONTENAY,1050,78000,78646,Versailles,78,,,78646000AH0091,,,601,26.74,943,,,,,,,,2,2,Appartement,28,1,,,,,,2.124624,48.800951
2024-960538,2024-10-15,000001,Vente,232435,8,,RUE DE FONTENAY,1050,78000,78646,Versailles,78,,,78646000AH0091,,,601,26.74,943,,,,,,,,2,3,Dépendance,,0,,,,,,2.124624,48.800951
2024-960561,2024-10-15,000001,Vente,115000.5,20,,RUE DES TOURNELLES,3050,78000,78646,Versailles,78,,,78646000BT0025,,,97,23.77,,,,,,,,,1,2,Appartement,21,1,,,,,,2.12771,48.797665
2024-960583,2024-10-25,000001,Vente,318574,77,B,RUE DE LA PAROISSE,2190,78000,78646,Versailles,78,,,78646000AI0289,,,12,,28,53.13,,,,,,,2,2,Appartement,55,3,,,,,,2.135001,48.806058
2024-960605,2024-10-02,000001,Vente,544425,21,B,RUE DU MARECHAL GALLIENI,1812,78000,78646,Versailles,78,,,78646000AC0005,,,503,75.17,752,,,,,,,,2,3,Dépendance,,0,,,,,,2.123201,48.811375
2024-960605,2024-10-02,000001,Vente,544425,21,B,RUE DU MARECHAL GALLIENI,1812,78000,78646,Versailles,78,,,78646000AC0005,,,503,75.17,752,,,,,,,,2,2,Appartement,77,3,,,,,,2.123201,48.811375
2024-960605,2024-10-02,000001,Vente,544425,21,B,RUE DU MARECHAL GALLIENI,1812,78000,78646,Versailles,78,,,78646000AC0005,,,783,,,,,,,,,,1,3,Dépendance,,0,,,,,,2.123201,48.811375
2024-960623,2024-10-08,000001,Vente,235825,23,,RUE DES RESERVOIRS,2580,78000,78646,Versailles,78,,,78646000AC0231,,,54,30,66,,,,,,,,2,3,Dépendance,,0,,,,,,2.12459,48.809112
2024-960623,2024-10-08,000001,Vente,235825,23,,RUE DES RESERVOIRS,2580,78000,78646,Versailles,78,,,78646000AC0231,,,54,30,66,,,,,,,,2,2,Appartement,32,1,,,,,,2.12459,48.809112
2024-960631,2024-10-30,000001,Vente,279992,13,,RUE DE L ORIENT,2130,78000,78646,Versailles,78,,,78646000BT0105,,,103,21.7,,,,,,,,,1,4,Local industriel. commercial ou assimilé,20,0,,,,,,2.127036,48.796284
2024-960631,2024-10-30,000001,Vente,279992,13,,RUE DE L ORIENT,2130,78000,78646,Versailles,78,,,78646000BT0105,,,116,,,,,,,,,,1,3,Dépendance,,0,,,,,,2.127036,48.796284
2024-960631,2024-10-30,000001,Vente,279992,13,,RUE DE L ORIENT,2130,78000,78646,Versailles,78,,,78646000BT0105,,,102,38.1,,,,,,,,,1,2,Appartement,20,1,,,,,,2.127036,48.796284
2024-960632,2024-10-30,000001,Vente,600000,20,,RUE DE PROVENCE,2460,78000,78646,Versailles,78,,,78646000AX0442,,,174,,,,,,,,,,1,3,Dépendance,,0,,,,,,2.140987,48.807165
2024-960632,2024-10-30,000001,Vente,600000,20,,RUE DE PROVENCE,2460,78000,78646,Versailles,78,,,78646000AX0442,,,179,,,,,,,,,,1,2,Appartement,128,6,,,,,,2.140987,48.807165
2024-960632,2024-10-30,000001,Vente,600000,20,,RUE DE PROVENCE,2460,78000,78646,Versailles,78,,,78646000AX0442,,,55,,,,,,,,,,1,3,Dépendance,,0,,,,,,2.140987,48.807165
2024-960696,2024-10-31,000001,Vente,550000,41,,AV DE PARIS,2180,78000,78646,Versailles,78,,,78646000BP0138,,,112,86.36,34,,,,,,,,2,2,Appartement,85,3,,,,,,2.139184,48.800518
2024-960696,2024-10-31,000001,Vente,550000,41,,AV DE PARIS,2180,78000,78646,Versailles,78,,,78646000BP0138,,,112,86.36,34,,,,,,,,2,3,Dépendance,,0,,,,,,2.139184,48.800518
2024-960696,2024-10-31,000001,Vente,550000,41,,AV DE PARIS,2180,78000,78646,Versailles,78,,,78646000BP0138,,,53,,,,,,,,,,1,3,Dépendance,,0,,,,,,2.139184,48.800518
2024-960704,2024-10-28,000001,Vente,289000,48,,RUE RACINE,2480,78000,78646,Versailles,78,,,78646000BL0222,,,,,,,,,,,,,0,1,Maison,49,3,S,sols,,,44,2.149284,48.791476
2024-960719,2024-10-24,000001,Vente,65000,41,,RUE DE VERGENNES,3150,78000,78646,Versailles,78,,,78646000BN0104,,,14,,6,,,,,,,,2,3,Dépendance,,0,,,,,,2.137799,48.797473
2024-960719,2024-10-24,000001,Vente,65000,41,,RUE DE VERGENNES,3150,78000,78646,Versailles,78,,,78646000BN0104,,,14,,6,,,,,,,,2,2,Appartement,35,2,,,,,,2.137799,48.797473
2024-960719,2024-10-24,000001,Vente,65000,41,,RUE DE VERGENNES,3150,78000,78646,Versailles,78,,,78646000BN0104,,,14,,6,,,,,,,,2,3,Dépendance,,0,,,,,,2.137799,48.797473
2024-960736,2024-11-04,000001,Vente,371800,14,B,RUE BENJAMIN FRANKLIN,0340,78000,78646,Versailles,78,,,78646000BR0190,,,343,,,,,,,,,,1,3,Dépendance,,0,,,,,,2.135581,48.798108
2024-960736,2024-11-04,000001,Vente,371800,16,,RUE BENJAMIN FRANKLIN,0340,78000,78646,Versailles,78,,,78646000BR0190,,,185,,232,,,,,,,,2,2,Appartement,57,2,,,,,,2.135581,48.798108
2024-960778,2024-11-06,000001,Vente,400000,15,,RUE DE LA PAROISSE,2190,78000,78646,Versailles,78,,,78646000AE0150,,,1,,57,74.93,,,,,,,2,4,Local industriel. commercial ou assimilé,70,0,,,,,,2.127187,48.808221
2024-960781,2024-10-11,000001,Vente,380000,35,,RUE HENRI SIMON,1330,78000,78646,Versailles,78,,,78646000AW0219,,,760,,,,,,,,,,1,3,Dépendance,,0,,,,,,2.147909,48.808568
2024-960781,2024-10-11,000001,Vente,380000,35,,RUE HENRI SIMON,1330,78000,78646,Versailles,78,,,78646000AW0219,,,502,,569,,,,,,,,2,3,Dépendance,,0,,,,,,2.147909,48.808568
2024-960781,2024-10-11,000001,Vente,380000,35,,RUE HENRI SIMON,1330,78000,78646,Versailles,78,,,78646000AW0219,,,749,,,,,,,,,,1,3,Dépendance,,0,,,,,,2.147909,48.808568
2024-960781,2024-10-11,000001,Vente,380000,35,,RUE HENRI SIMON,1330,78000,78646,Versailles,78,,,78646000AW0219,,,502,,569,,,,,,,,2,2,Appartement,82,3,,,,,,2.147909,48.808568
2024-960789,2024-10-31,000001,Vente en l'état futur d'achèvement,409000,,,LA SABLIERE,B029,78000,78646,Versailles,78,,,78646000BY0108,,,464,,,,,,,,,,1,,,,,,,,,,2.079319,48.802074
2024-960789,2024-10-31,000001,Vente en l'état futur d'achèvement,409000,,,LA SABLIERE,B029,78000,78646,Versailles,78,,,78646000BY0108,,,313,,,,,,,,,,1,,,,,,,,,,2.079319,48.802074
2024-960820,2024-10-25,000001,Vente,817500,49,,BD DE GLATIGNY,1275,78000,78646,Versailles,78,,,78646000AM0106,,,,,,,,,,,,,0,1,Maison,74,3,S,sols,,,616,2.142339,48.823603
2024-960824,2024-10-22,000001,Vente en l'état futur d'achèvement,1053000,,,LA SABLIERE,B029,78000,78646,Versailles,78,,,78646000BY0108,,,101,,,,,,,,,,1,,,,,,,,,,2.079319,48.802074
2024-960847,2024-11-06,000001,Vente,810850,10,,RUE CARNOT,0440,78000,78646,Versailles,78,,,78646000AE0356,,,52,,,,,,,,,,1,3,Dépendance,,0,,,,,,2.125428,48.806349
2024-960847,2024-11-06,000001,Vente,810850,10,,RUE CARNOT,0440,78000,78646,Versailles,78,,,78646000AE0356,,,53,8.12,,,,,,,,,1,3,Dépendance,,0,,,,,,2.125428,48.806349
2024-960847,2024-11-06,000001,Vente,810850,10,,RUE CARNOT,0440,78000,78646,Versailles,78,,,78646000AE0356,,,51,91.69,,,,,,,,,1,2,Appartement,81,3,,,,,,2.125428,48.806349
2024-960852,2024-11-05,000001,Vente en l'état futur d'achèvement,935000,104,,AV DE PARIS,2180,78000,78646,Versailles,78,,,78646000BK0019,,,50,,,,,,,,,,1,2,Appartement,113,5,,,,,,2.150393,48.797197
2024-960852,2024-11-05,000001,Vente en l'état futur d'achèvement,935000,104,,AV DE PARIS,2180,78000,78646,Versailles,78,,,78646000BK0019,,,85,,,,,,,,,,1,3,Dépendance,,0,,,,,,2.150393,48.797197
2024-960855,2024-11-04,000001,Vente,771000,67,,AV DE PARIS,2180,78000,78646,Versailles,78,,,78646000BO0038,,,31,143.06,70,,,,,,,,2,2,Appartement,145,5,,,,,,2.143097,48.79934
2024-960855,2024-11-04,000001,Vente,771000,67,,AV DE PARIS,2180,78000,78646,Versailles,78,,,78646000BO0038,,,31,143.06,70,,,,,,,,2,3,Dépendance,,0,,,,,,2.143097,48.79934
2024-960855,2024-11-04,000001,Vente,771000,67,,AV DE PARIS,2180,78000,78646,Versailles,78,,,78646000BO0038,,,53,,,,,,,,,,1,3,Dépendance,,0,,,,,,2.143097,48.79934
2024-960858,2024-10-31,000001,Vente,449750,1,,RUE DE VERGENNES,3150,78000,78646,Versailles,78,,,78646000BN0145,,,12,,4,58,8,,,,,,3,3,Dépendance,,0,,,,,,2.137955,48.799588
2024-960858,2024-10-31,000001,Vente,449750,1,,RUE DE VERGENNES,3150,78000,78646,Versailles,78,,,78646000BN0145,,,12,,4,58,8,,,,,,3,3,Dépendance,,0,,,,,,2.137955,48.799588
2024-960858,2024-10-31,000001,Vente,449750,1,,RUE DE VERGENNES,3150,78000,78646,Versailles,78,,,78646000BN0145,,,12,,4,58,8,,,,,,3,2,Appartement,54,3,,,,,,2.137955,48.799588
2024-960872,2024-10-09,000001,Vente,22000,6,,RUE LOUIS HAUSSMANN,1679,78000,78646,Versailles,78,,,78646000AS0036,,,59,,,,,,,,,,1,3,Dépendance,,0,,,,,,2.147113,48.809569
2024-960879,2024-10-10,000001,Vente,830000,98,,BD DE LA REINE,2520,78000,78646,Versailles,78,,,78646000AI0290,,,181,121.75,183,,47,,,,,,3,3,Dépendance,,0,,,,,,2.139429,48.808058
2024-960879,2024-10-10,000001,Vente,830000,98,,BD DE LA REINE,2520,78000,78646,Versailles,78,,,78646000AI0290,,,3,,,,,,,,,,1,3,Dépendance,,0,,,,,,2.139429,48.808058
2024-960879,2024-10-10,000001,Vente,830000,98,,BD DE LA REINE,2520,78000,78646,Versailles,78,,,78646000AI0290,,,181,121.75,183,,47,,,,,,3,2,Appartement,120,4,,,,,,2.139429,48.808058
2024-960885,2024-10-25,000001,Vente,491000,6,,PL HOCHE,1340,78000,78646,Versailles,78,,,78646000AE0320,,,14,,22,58.05,,,,,,,2,4,Local industriel. commercial ou assimilé,55,0,,,,,,2.127801,48.8055
2024-960903,2024-11-04,000001,Vente en l'état futur d'achèvement,316500,,,LA SABLIERE,B029,78000,78646,Versailles,78,,,78646000BY0108,,,213,,,,,,,,,,1,,,,,,,,,,2.079319,48.802074
2024-960922,2024-11-05,000001,Vente,445000,68,,RUE DE LA PAROISSE,2190,78000,78646,Versailles,78,,,78646000AE0271,,,24,,4,63.53,,,,,,,2,2,Appartement,61,3,,,,,,2.130937,48.806725
2024-960922,2024-11-05,000001,Vente,445000,68,,RUE DE LA PAROISSE,2190,78000,78646,Versailles,78,,,78646000AE0271,,,24,,4,63.53,,,,,,,2,3,Dépendance,,0,,,,,,2.130937,48.806725
2024-960935,2024-10-16,000001,Vente,235000,9,,RUE DU PARC DE CLAGNY,2171,78000,78646,Versailles,78,,,78646000AK0183,,,38,40,4,,,,,,,,2,2,Appartement,40,1,,,,,,2.139976,48.809983
2024-960935,2024-10-16,000001,Vente,235000,9,,RUE DU PARC DE CLAGNY,2171,78000,78646,Versailles,78,,,78646000AK0183,,,38,40,4,,,,,,,,2,3,Dépendance,,0,,,,,,2.139976,48.809983
2024-960946,2024-10-17,000001,Vente,1003950,4,,RUE DE MOUCHY,2010,78000,78646,Versailles,78,,,78646000AD0020,,,1,124.86,4,,7,,,,,,3,2,Appartement,116,4,,,,,,2.127166,48.809865
2024-960947,2024-10-30,000001,Vente,749000,4,,RUE DE LA CONCORDE,0680,78000,78646,Versailles,78,,,78646000AZ0343,,,,,,,,,,,,,0,1,Maison,82,4,S,sols,,,280,2.15851,48.802985
2024-960958,2024-10-18,000001,Vente,160050,23,,RUE DE NOAILLES,2050,78000,78646,Versailles,78,,,78646000BR0119,,,3,19.42,,,,,,,,,1,2,Appartement,20,1,,,,,,2.13528,48.798309
2024-960959,2024-10-18,000001,Vente,28000,34,,RUE DES BOURDONNAIS,0400,78000,78646,Versailles,78,,,78646000BW0022,,,21,,24,,,,,,,,2,2,Appartement,130,5,,,,,,2.127799,48.794925
2024-960959,2024-10-18,000001,Vente,28000,34,,RUE DES BOURDONNAIS,0400,78000,78646,Versailles,78,,,78646000BW0022,,,21,,24,,,,,,,,2,3,Dépendance,,0,,,,,,2.127799,48.794925
2024-960959,2024-10-18,000001,Vente,28000,34,,RUE DES BOURDONNAIS,0400,78000,78646,Versailles,78,,,78646000BW0022,,,21,,24,,,,,,,,2,3,Dépendance,,0,,,,,,2.127799,48.794925
2024-960989,2024-10-14,000001,Vente,274040,29,,RUE ALBERT JOLY,0050,78000,78646,Versailles,78,,,78646000AK0085,,,87,,,,,,,,,,1,3,Dépendance,,0,,,,,,2.139769,48.810417
2024-960989,2024-10-14,000001,Vente,274040,29,,RUE ALBERT JOLY,0050,78000,78646,Versailles,78,,,78646000AK0085,,,21,,68,,,,,,,,2,3,Dépendance,,0,,,,,,2.139769,48.810417
2024-960989,2024-10-14,000001,Vente,274040,29,,RUE ALBERT JOLY,0050,78000,78646,Versailles,78,,,78646000AK0085,,,21,,68,,,,,,,,2,2,Appartement,31,2,,,,,,2.139769,48.810417
2024-961011,2024-11-12,000001,Vente,28000,9,,PL ALEXANDRE 1E LOUIS BARTHOU,0100,78000,78646,Versailles,78,,,78646000AX0489,,,72,,,,,,,,,,1,3,Dépendance,,0,,,,,,2.140761,48.806449
2024-961035,2024-11-08,000001,Vente,397200,64,,RUE DES CHANTIERS,0530,78000,78646,Versailles,78,,,78646000BL0326,,,377,,,,,,,,,,1,3,Dépendance,,0,,,,,,2.143523,48.792624
2024-961035,2024-11-08,000001,Vente,397200,64,,RUE DES CHANTIERS,0530,78000,78646,Versailles,78,,,78646000BL0326,,,190,,191,,217,,218,,219,,5,4,Local industriel. commercial ou assimilé,160,0,,,,,,2.143523,48.792624
2024-961043,2024-11-06,000001,Vente,476190,53,,AV DE PARIS,2180,78000,78646,Versailles,78,,,78646000BP0132,,,282,,,,,,,,,,1,3,Dépendance,,0,,,,,,2.1408,48.800274
2024-961043,2024-11-06,000001,Vente,476190,53,,AV DE PARIS,2180,78000,78646,Versailles,78,,,78646000BP0132,,,142,,,,,,,,,,1,3,Dépendance,,0,,,,,,2.1408,48.800274
2024-961043,2024-11-06,000001,Vente,476190,1,,RUE CHAMP LAGARDE,0490,78000,78646,Versailles,78,,,78646000BP0132,,,111,,41,102.85,,,,,,,2,2,Appartement,103,5,,,,,,2.1408,48.800274
2024-961043,2024-11-06,000001,Vente,476190,1,,RUE CHAMP LAGARDE,0490,78000,78646,Versailles,78,,,78646000BP0132,,,111,,41,102.85,,,,,,,2,3,Dépendance,,0,,,,,,2.1408,48.800274
2024-961110,2024-10-29,000001,Vente,580000,18,,RUE YVES LE COZ,3210,78000,78646,Versailles,78,,,78646000BD0182,,,,,,,,,,,,,0,,,,,S,sols,,,190,2.160042,48.797643
2024-961117,2024-11-05,000001,Vente,30000,44,,RUE SAINT CHARLES,2710,78000,78646,Versailles,78,,,78646000AY0019,,,132,,,,,,,,,,1,3,Dépendance,,0,,,,,,2.147972,48.803805
2024-961130,2024-11-05,000001,Vente,15000,8,,RUE ALBERT JOLY,0050,78000,78646,Versailles,78,,,78646000AK0229,,,87,,,,,,,,,,1,3,Dépendance,,0,,,,,,2.135908,48.810277
2024-961133,2024-11-05,000001,Vente,7000,8,,RUE ALBERT JOLY,0050,78000,78646,Versailles,78,,,78646000AK0229,,,91,,,,,,,,,,1,3,Dépendance,,0,,,,,,2.135908,48.810277
2024-961136,2024-10-16,000001,Vente,384000,35,,RUE HENRI SIMON,1330,78000,78646,Versailles,78,,,78646000AW0219,,,535,48.97,544,,,,,,,,2,2,Appartement,50,2,,,,,,2.147909,48.808568
2024-961136,2024-10-16,000001,Vente,384000,35,,RUE HENRI SIMON,1330,78000,78646,Versailles,78,,,78646000AW0219,,,535,48.97,544,,,,,,,,2,3,Dépendance,,0,,,,,,2.147909,48.808568
2024-961136,2024-10-16,000001,Vente,384000,35,,RUE HENRI SIMON,1330,78000,78646,Versailles,78,,,78646000AW0219,,,535,48.97,544,,,,,,,,2,3,Dépendance,,0,,,,,,2.147909,48.808568
2024-961136,2024-10-16,000001,Vente,384000,35,,RUE HENRI SIMON,1330,78000,78646,Versailles,78,,,78646000AW0219,,,747,,,,,,,,,,1,3,Dépendance,,0,,,,,,2.147909,48.808568
2024-961192,2024-10-17,000001,Vente,116000,47,,RUE DES ETATS GENERAUX,0980,78000,78646,Versailles,78,,,78646000BR0190,,,2,17.23,,,,,,,,,1,2,Appartement,17,1,,,,,,2.135581,48.798108
2024-961194,2024-11-08,000001,Vente,428050,15,,RUE DE MONTREUIL,2000,78000,78646,Versailles,78,,,78646000AX0286,,,6,69.55,,,,,,,,,1,2,Appartement,64,3,,,,,,2.143361,48.805601
2024-961194,2024-11-08,000001,Vente,428050,15,,RUE DE MONTREUIL,2000,78000,78646,Versailles,78,,,78646000AX0286,,,6,69.55,,,,,,,,,1,3,Dépendance,,0,,,,,,2.143361,48.805601
2024-961198,2024-11-12,000001,Vente,112000,98,,AV DE PARIS,2180,78000,78646,Versailles,78,,,78646000BK0001,,,40,14.77,,,,,,,,,1,3,Dépendance,,0,,,,,,2.149414,48.797242
2024-961201,2024-11-08,000001,Vente,774015,37,,RUE REMILLY,2530,78000,78646,Versailles,78,,,78646000AK0076,,,1,,2,,4,,5,,,,4,2,Appartement,112,6,,,,,,2.140335,48.811699
2024-961201,2024-11-08,000001,Vente,774015,37,,RUE REMILLY,2530,78000,78646,Versailles,78,,,78646000AK0076,,,1,,2,,4,,5,,,,4,3,Dépendance,,0,,,,,,2.140335,48.811699
2024-961201,2024-11-08,000001,Vente,774015,37,,RUE REMILLY,2530,78000,78646,Versailles,78,,,78646000AK0076,,,1,,2,,4,,5,,,,4,3,Dépendance,,0,,,,,,2.140335,48.811699
2024-961201,2024-11-08,000001,Vente,774015,23,,RUE DU PARC DE CLAGNY,2171,78000,78646,Versailles,78,,,78646000AK0076,,,21,,,,,,,,,,1,3,Dépendance,,0,,,,,,2.140335,48.811699
2024-961209,2024-11-13,000001,Vente,486100,18,,RUE SAINTE SOPHIE,2890,78000,78646,Versailles,78,,,78646000AD0311,,,30,75.36,41,,,,,,,,2,2,Appartement,74,4,,,,,,2.133996,48.811487
2024-961215,2024-10-21,000001,Vente,437000,10,,PROM MONA LISA,1965,78000,78646,Versailles,78,,,78646000AZ0110,,,1774,,1835,115.03,,,,,,,2,2,Appartement,116,5,,,,,,2.158672,48.8041
2024-961215,2024-10-21,000001,Vente,437000,5,,RUE DE L ECOLE DES POSTES,0850,78000,78646,Versailles,78,,,78646000AZ0110,,,3803,,,,,,,,,,1,3,Dépendance,,0,,,,,,2.158672,48.8041
2024-961215,2024-10-21,000001,Vente,437000,10,,PROM MONA LISA,1965,78000,78646,Versailles,78,,,78646000AZ0110,,,1774,,1835,115.03,,,,,,,2,3,Dépendance,,0,,,,,,2.158672,48.8041
2024-961244,2024-11-05,000001,Vente,749000,16,,RUE DU PARC DE CLAGNY,2171,78000,78646,Versailles,78,,,78646000AP0099,,,108,,5,97.7,,,,,,,2,2,Appartement,98,3,,,,,,2.141446,48.81293
2024-961244,2024-11-05,000001,Vente,749000,16,,RUE DU PARC DE CLAGNY,2171,78000,78646,Versailles,78,,,78646000AP0099,,,108,,5,97.7,,,,,,,2,3,Dépendance,,0,,,,,,2.141446,48.81293
2024-961273,2024-11-08,000001,Vente,250000,7,,RUE HOCHE,1350,78000,78646,Versailles,78,,,78646000AE0329,,,44,39.82,61,,,,,,,,2,2,Appartement,48,2,,,,,,2.127198,48.805499
2024-961273,2024-11-08,000001,Vente,250000,7,,RUE HOCHE,1350,78000,78646,Versailles,78,,,78646000AE0329,,,44,39.82,61,,,,,,,,2,3,Dépendance,,0,,,,,,2.127198,48.805499
2024-961273,2024-11-08,000001,Vente,250000,7,,RUE HOCHE,1350,78000,78646,Versailles,78,,,78646000AE0329,,,44,39.82,61,,,,,,,,2,3,Dépendance,,0,,,,,,2.127198,48.805499
2024-961284,2024-11-14,000001,Vente,523800,108,,BD DE LA REINE,2520,78000,78646,Versailles,78,,,78646000AX0037,,,26,99,,,,,,,,,1,2,Appartement,93,4,,,,,,2.142871,48.807658
2024-961284,2024-11-14,000001,Vente,523800,108,,BD DE LA REINE,2520,78000,78646,Versailles,78,,,78646000AX0037,,,148,,,,,,,,,,1,3,Dépendance,,0,,,,,,2.142871,48.807658
2024-961284,2024-11-14,000001,Vente,523800,108,,BD DE LA REINE,2520,78000,78646,Versailles,78,,,78646000AX0037,,,260,,,,,,,,,,1,3,Dépendance,,0,,,,,,2.142871,48.807658
2024-961294,2024-11-08,000001,Vente,700000,82,B,RUE ROYALE,2648,78000,78646,Versailles,78,,,78646000BW0064,,,1,106.5,,,,,,,,,1,3,Dépendance,,0,,,,,,2.124492,48.794766
2024-961294,2024-11-08,000001,Vente,700000,82,B,RUE ROYALE,2648,78000,78646,Versailles,78,,,78646000BW0064,,,1,106.5,,,,,,,,,1,3,Dépendance,,0,,,,,,2.124492,48.794766
2024-961294,2024-11-08,000001,Vente,700000,82,B,RUE ROYALE,2648,78000,78646,Versailles,78,,,78646000BW0064,,,1,106.5,,,,,,,,,1,2,Appartement,97,4,,,,,,2.124492,48.794766
2024-961294,2024-11-08,000001,Vente,700000,82,B,RUE ROYALE,2648,78000,78646,Versailles,78,,,78646000BW0064,,,1,106.5,,,,,,,,,1,3,Dépendance,,0,,,,,,2.124492,48.794766
2024-961342,2024-11-14,000001,Vente,534000,65,,RUE DE LA PAROISSE,2190,78000,78646,Versailles,78,,,78646000AI0185,,,18,,,,,,,,,,1,3,Dépendance,,0,,,,,,2.134013,48.806671
2024-961342,2024-11-14,000001,Vente,534000,65,,RUE DE LA PAROISSE,2190,78000,78646,Versailles,78,,,78646000AI0185,,,18,,,,,,,,,,1,2,Appartement,68,5,,,,,,2.134013,48.806671
2024-961364,2024-11-08,000001,Vente,1,3,,VLA DE L ERMITAGE,0942,78000,78646,Versailles,78,,,78646000AC0345,,,,,,,,,,,,,0,,,,,S,sols,,,30,2.124744,48.814565
2024-961500,2024-11-14,000001,Vente,25000,14,B,RUE BENJAMIN FRANKLIN,0340,78000,78646,Versailles,78,,,78646000BR0190,,,332,,,,,,,,,,1,3,Dépendance,,0,,,,,,2.135581,48.798108
2024-961516,2024-11-06,000001,Vente,353000,20,,RUE ALBERT JOLY,0050,78000,78646,Versailles,78,,,78646000AK0175,,,15,52.89,3,,,,,,,,2,2,Appartement,53,2,,,,,,2.138186,48.810014
2024-961516,2024-11-06,000001,Vente,353000,20,,RUE ALBERT JOLY,0050,78000,78646,Versailles,78,,,78646000AK0175,,,15,52.89,3,,,,,,,,2,3,Dépendance,,0,,,,,,2.138186,48.810014
2024-961516,2024-11-06,000001,Vente,353000,20,,RUE ALBERT JOLY,0050,78000,78646,Versailles,78,,,78646000AK0175,,,42,,,,,,,,,,1,3,Dépendance,,0,,,,,,2.138186,48.810014
2024-961516,2024-11-06,000001,Vente,353000,20,,RUE ALBERT JOLY,0050,78000,78646,Versailles,78,,,78646000AK0175,,,41,,,,,,,,,,1,3,Dépendance,,0,,,,,,2.138186,48.810014
2024-961523,2024-10-31,000001,Vente,1385000,91,,RUE ROYALE,2648,78000,78646,Versailles,78,,,78646000BW0116,,,24,,,,,,,,,,1,3,Dépendance,,0,,,,,,2.124862,48.79405
2024-961523,2024-10-31,000001,Vente,1385000,91,,RUE ROYALE,2648,78000,78646,Versailles,78,,,78646000BW0116,,,20,149.4,21,,25,,26,,27,,5,1,Maison,140,4,,,,,,2.124862,48.79405
2024-961523,2024-10-31,000001,Vente,1385000,91,,RUE ROYALE,2648,78000,78646,Versailles,78,,,78646000BW0116,,,23,,,,,,,,,,1,3,Dépendance,,0,,,,,,2.124862,48.79405
2024-961540,2024-11-15,000001,Vente,547300,3,,SQ DU PONT COLBERT,2375,78000,78646,Versailles,78,,,78646000BI0012,,,31,,5,89.06,,,,,,,2,3,Dépendance,,0,,,,,,2.148665,48.788305
2024-961540,2024-11-15,000001,Vente,547300,3,,SQ DU PONT COLBERT,2375,78000,78646,Versailles,78,,,78646000BI0012,,,31,,5,89.06,,,,,,,2,2,Appartement,87,5,,,,,,2.148665,48.788305
2024-961542,2024-11-15,000001,Vente en l'état futur d'achèvement,889000,104,,AV DE PARIS,2180,78000,78646,Versailles,78,,,78646000BK0019,,,89,,,,,,,,,,1,3,Dépendance,,0,,,,,,2.150393,48.797197
2024-961542,2024-11-15,000001,Vente en l'état futur d'achèvement,889000,104,,AV DE PARIS,2180,78000,78646,Versailles,78,,,78646000BK0019,,,43,,,,,,,,,,1,2,Appartement,109,5,,,,,,2.150393,48.797197
2024-961545,2024-11-15,000001,Vente en l'état futur d'achèvement,1,104,,AV DE PARIS,2180,78000,78646,Versailles,78,,,78646000BK0019,,,102,,,,,,,,,,1,3,Dépendance,,0,,,,,,2.150393,48.797197
2024-961546,2024-11-14,000001,Vente,428000,5,,RUE DE L ECOLE DES POSTES,0850,78000,78646,Versailles,78,,,78646000AZ0110,,,3349,,,,,,,,,,1,3,Dépendance,,0,,,,,,2.158672,48.8041
2024-961546,2024-11-14,000001,Vente,428000,1,,AV DE LA TRANQUILLITE,3055,78000,78646,Versailles,78,,,78646000AZ0110,,,496,,727,115.55,,,,,,,2,2,Appartement,118,5,,,,,,2.158672,48.8041
2024-961546,2024-11-14,000001,Vente,428000,1,,AV DE LA TRANQUILLITE,3055,78000,78646,Versailles,78,,,78646000AZ0110,,,496,,727,115.55,,,,,,,2,3,Dépendance,,0,,,,,,2.158672,48.8041
2024-961553,2024-11-19,000001,Vente,345000,155,,BD DE LA REINE,2520,78000,78646,Versailles,78,,,78646000AR0073,,,153,,,,,,,,,,1,3,Dépendance,,0,,,,,,2.145056,48.808479
2024-961553,2024-11-19,000001,Vente,345000,155,,BD DE LA REINE,2520,78000,78646,Versailles,78,,,78646000AR0073,,,106,,52,68.98,,,,,,,2,2,Appartement,69,3,,,,,,2.145056,48.808479
2024-961553,2024-11-19,000001,Vente,345000,155,,BD DE LA REINE,2520,78000,78646,Versailles,78,,,78646000AR0073,,,106,,52,68.98,,,,,,,2,3,Dépendance,,0,,,,,,2.145056,48.808479
2024-961562,2024-11-18,000001,Vente,365000,4,,PL ROYALE,2650,78000,78646,Versailles,78,,,78646000AZ0110,,,1082,,1142,84,,,,,,,2,2,Appartement,85,3,,,,,,2.158672,48.8041
2024-961562,2024-11-18,000001,Vente,365000,5,,RUE DE L ECOLE DES POSTES,0850,78000,78646,Versailles,78,,,78646000AZ0110,,,3192,,,,,,,,,,1,3,Dépendance,,0,,,,,,2.158672,48.8041
2024-961562,2024-11-18,000001,Vente,365000,4,,PL ROYALE,2650,78000,78646,Versailles,78,,,78646000AZ0110,,,1082,,1142,84,,,,,,,2,3,Dépendance,,0,,,,,,2.158672,48.8041
2024-961599,2024-10-28,000001,Vente,459200,12,,ALL DES GARDES ROYALES,1136,78000,78646,Versailles,78,,,78646000AY0212,,,397,91.18,422,,,,,,,,2,3,Dépendance,,0,,,,,,2.151214,48.802177
2024-961599,2024-10-28,000001,Vente,459200,12,,ALL DES GARDES ROYALES,1136,78000,78646,Versailles,78,,,78646000AY0212,,,397,91.18,422,,,,,,,,2,3,Dépendance,,0,,,,,,2.151214,48.802177
2024-961599,2024-10-28,000001,Vente,459200,12,,ALL DES GARDES ROYALES,1136,78000,78646,Versailles,78,,,78646000AY0212,,,397,91.18,422,,,,,,,,2,2,Appartement,90,4,,,,,,2.151214,48.802177
2024-961599,2024-10-28,000001,Vente,459200,2,,ALL DES GARDES ROYALES,1136,78000,78646,Versailles,78,,,78646000AY0212,,,1214,,,,,,,,,,1,3,Dépendance,,0,,,,,,2.151214,48.802177
2024-961634,2024-10-28,000001,Vente,421800,9,,RUE DU PONT COLBERT,2370,78000,78646,Versailles,78,,,78646000BL0422,,,366,,447,84,,,,,,,2,3,Dépendance,,0,,,,,,2.147593,48.79113
2024-961634,2024-10-28,000001,Vente,421800,13,,RUE DU PONT COLBERT,2370,78000,78646,Versailles,78,,,78646000BL0422,,,327,,,,,,,,,,1,3,Dépendance,,0,,,,,,2.147593,48.79113
2024-961634,2024-10-28,000001,Vente,421800,9,,RUE DU PONT COLBERT,2370,78000,78646,Versailles,78,,,78646000BL0422,,,366,,447,84,,,,,,,2,2,Appartement,87,4,,,,,,2.147593,48.79113
2024-961641,2024-11-19,000001,Vente,15000,2,,PAS ROCHE,2630,78000,78646,Versailles,78,,,78646000AK0172,,,39,,,,,,,,,,1,3,Dépendance,,0,,,,,,2.137243,48.809806
2024-961667,2024-10-31,000001,Vente,645000,16,,RUE RACINE,2480,78000,78646,Versailles,78,,,78646000BL0481,,,,,,,,,,,,,0,4,Local industriel. commercial ou assimilé,104,0,S,sols,,,200,2.145858,48.793242
2024-961667,2024-10-31,000001,Vente,645000,16,,RUE RACINE,2480,78000,78646,Versailles,78,,,78646000BL0482,,,,,,,,,,,,,0,,,,,S,sols,,,139,2.146111,48.793424
2024-961672,2024-11-21,000001,Vente,300000,60,,RUE JEAN DE LA FONTAINE,1439,78000,78646,Versailles,78,,,78646000BE0511,,,,,,,,,,,,,0,3,Dépendance,,0,S,sols,,,129,2.157812,48.795303
2024-961672,2024-11-21,000001,Vente,300000,60,,RUE JEAN DE LA FONTAINE,1439,78000,78646,Versailles,78,,,78646000BE0511,,,,,,,,,,,,,0,3,Dépendance,,0,S,sols,,,129,2.157812,48.795303
2024-961672,2024-11-21,000001,Vente,300000,60,,RUE JEAN DE LA FONTAINE,1439,78000,78646,Versailles,78,,,78646000BE0511,,,,,,,,,,,,,0,1,Maison,76,3,S,sols,,,129,2.157812,48.795303
2024-961672,2024-11-21,000001,Vente,300000,60,,RUE JEAN DE LA FONTAINE,1439,78000,78646,Versailles,78,,,78646000BE0511,,,,,,,,,,,,,0,3,Dépendance,,0,S,sols,,,129,2.157812,48.795303
2024-961672,2024-11-21,000001,Vente,300000,60,,RUE JEAN DE LA FONTAINE,1439,78000,78646,Versailles,78,,,78646000BE0511,,,,,,,,,,,,,0,3,Dépendance,,0,S,sols,,,129,2.157812,48.795303
2024-961673,2024-10-28,000001,Vente,142000,11,,RUE PHILIPPE DE DANGEAU,2255,78000,78646,Versailles,78,,,78646000AI0058,,,186,3.35,189,12.58,,,,,,,2,2,Appartement,16,1,,,,,,2.13392,48.803575
2024-961678,2024-11-22,000001,Vente,26000,2,,RUE ALEXIS DE TOCQUEVILLE,0128,78000,78646,Versailles,78,,,78646000BS0226,,,4283,,,,,,,,,,1,3,Dépendance,,0,,,,,,2.132076,48.794722
2024-961679,2024-11-12,000001,Vente,422262,50,,AV DE VILLENEUVE L ETANG,3200,78000,78646,Versailles,78,,,78646000AO0162,,,204,90.79,220,,,,,,,,2,3,Dépendance,,0,,,,,,2.148061,48.818119
2024-961679,2024-11-12,000001,Vente,422262,50,,AV DE VILLENEUVE L ETANG,3200,78000,78646,Versailles,78,,,78646000AO0162,,,204,90.79,220,,,,,,,,2,3,Dépendance,,0,,,,,,2.148061,48.818119
2024-961679,2024-11-12,000001,Vente,422262,50,,AV DE VILLENEUVE L ETANG,3200,78000,78646,Versailles,78,,,78646000AO0162,,,204,90.79,220,,,,,,,,2,2,Appartement,92,4,,,,,,2.148061,48.818119
2024-961679,2024-11-12,000001,Vente,422262,50,,AV DE VILLENEUVE L ETANG,3200,78000,78646,Versailles,78,,,78646000AO0162,,,147,,,,,,,,,,1,3,Dépendance,,0,,,,,,2.148061,48.818119
2024-961714,2024-10-29,000001,Vente,22914,9,,RUE DU PARC DE CLAGNY,2171,78000,78646,Versailles,78,,,78646000AK0183,,,42,,8,,,,,,,,2,2,Appartement,31,1,,,,,,2.139976,48.809983
2024-961715,2024-10-30,000001,Vente,805750,25,,RUE VICTOR BART,3160,78000,78646,Versailles,78,,,78646000AS0014,,,,,,,,,,,,,0,1,Maison,120,4,S,sols,,,502,2.145906,48.809483
2024-961715,2024-10-30,000001,Vente,805750,25,,RUE VICTOR BART,3160,78000,78646,Versailles,78,,,78646000AS0014,,,,,,,,,,,,,0,3,Dépendance,,0,S,sols,,,502,2.145906,48.809483
2024-961715,2024-10-30,000001,Vente,805750,25,,RUE VICTOR BART,3160,78000,78646,Versailles,78,,,78646000AS0014,,,,,,,,,,,,,0,3,Dépendance,,0,S,sols,,,502,2.145906,48.809483
2024-961718,2024-10-29,000001,Vente,45918,9,,RUE DU PARC DE CLAGNY,2171,78000,78646,Versailles,78,,,78646000AK0183,,,42,27.36,8,,,,,,,,2,2,Appartement,31,1,,,,,,2.139976,48.809983
2024-961727,2024-11-14,000001,Vente,349000,19,,RUE MONTBAURON,1970,78000,78646,Versailles,78,,,78646000AI0074,,,29,45.18,33,,56,,,,,,3,3,Dépendance,,0,,,,,,2.135301,48.804349
2024-961727,2024-11-14,000001,Vente,349000,19,,RUE MONTBAURON,1970,78000,78646,Versailles,78,,,78646000AI0074,,,29,45.18,33,,56,,,,,,3,3,Dépendance,,0,,,,,,2.135301,48.804349
2024-961727,2024-11-14,000001,Vente,349000,19,,RUE MONTBAURON,1970,78000,78646,Versailles,78,,,78646000AI0074,,,29,45.18,33,,56,,,,,,3,2,Appartement,42,2,,,,,,2.135301,48.804349
2024-961795,2024-11-28,000001,Vente,15000,8,,RUE EXELMANS,1020,78000,78646,Versailles,78,,,78646000AC0116,,,75,,,,,,,,,,1,3,Dépendance,,0,,,,,,2.126206,48.81323
2024-961799,2024-11-21,000001,Vente en l'état futur d'achèvement,597000,,,LA SABLIERE,B029,78000,78646,Versailles,78,,,78646000BY0121,,,6,,,,,,,,,,1,,,,,,,,,,2.079148,48.803081
2024-961805,2024-11-21,000001,Vente en l'état futur d'achèvement,25000,,,LA SABLIERE,B029,78000,78646,Versailles,78,,,78646000BY0110,,,176,,,,,,,,,,1,,,,,,,,,,2.078228,48.802624
2024-961809,2024-11-05,000001,Vente,509708.75,12,,RUE BAILLET REVIRON,0270,78000,78646,Versailles,78,,,78646000AE0097,,,2,96.35,,,,,,,,,1,2,Appartement,96,5,,,,,,2.131356,48.808202
2024-961812,2024-11-05,000001,Vente,1750000,12,,RUE BAILLET REVIRON,0270,78000,78646,Versailles,78,,,78646000AE0097,,,5,142.36,,,,,,,,,1,2,Appartement,138,5,,,,,,2.131356,48.808202
2024-961812,2024-11-05,000001,Vente,1750000,12,,RUE BAILLET REVIRON,0270,78000,78646,Versailles,78,,,78646000AE0097,,,6,137.34,,,,,,,,,1,2,Appartement,133,5,,,,,,2.131356,48.808202
2024-961812,2024-11-05,000001,Vente,1750000,12,,RUE BAILLET REVIRON,0270,78000,78646,Versailles,78,,,78646000AE0097,,,6,137.34,,,,,,,,,1,3,Dépendance,,0,,,,,,2.131356,48.808202
2024-961812,2024-11-05,000001,Vente,1750000,12,,RUE BAILLET REVIRON,0270,78000,78646,Versailles,78,,,78646000AE0097,,,5,142.36,,,,,,,,,1,3,Dépendance,,0,,,,,,2.131356,48.808202
2024-961812,2024-11-05,000001,Vente,1750000,12,,RUE BAILLET REVIRON,0270,78000,78646,Versailles,78,,,78646000AE0097,,,7,65.69,,,,,,,,,1,2,Appartement,65,3,,,,,,2.131356,48.808202
2024-961819,2024-11-05,000001,Vente,1240291.2,12,,RUE BAILLET REVIRON,0270,78000,78646,Versailles,78,,,78646000AE0097,,,4,143.21,,,,,,,,,1,3,Dépendance,,0,,,,,,2.131356,48.808202
2024-961819,2024-11-05,000001,Vente,1240291.2,12,,RUE BAILLET REVIRON,0270,78000,78646,Versailles,78,,,78646000AE0097,,,1,22.46,,,,,,,,,1,2,Appartement,20,1,,,,,,2.131356,48.808202
2024-961819,2024-11-05,000001,Vente,1240291.2,12,,RUE BAILLET REVIRON,0270,78000,78646,Versailles,78,,,78646000AE0097,,,4,143.21,,,,,,,,,1,2,Appartement,138,5,,,,,,2.131356,48.808202
2024-961819,2024-11-05,000001,Vente,1240291.2,12,,RUE BAILLET REVIRON,0270,78000,78646,Versailles,78,,,78646000AE0097,,,8,71.1,,,,,,,,,1,2,Appartement,65,3,,,,,,2.131356,48.808202
2024-961819,2024-11-05,000001,Vente,1240291.2,12,,RUE BAILLET REVIRON,0270,78000,78646,Versailles,78,,,78646000AE0097,,,8,71.1,,,,,,,,,1,3,Dépendance,,0,,,,,,2.131356,48.808202
2024-961874,2024-11-18,000003,Vente,563106,1,B,PAS VEDI ST CHARLES,3130,78000,78646,Versailles,78,,,78646000AY0319,,,,,,,,,,,,,0,,,,,AB,terrains a bâtir,,,250,2.149973,48.801234
2024-961939,2024-11-12,000001,Vente,21000,98,,AV DE PARIS,2180,78000,78646,Versailles,78,,,78646000BK0001,,,512,,,,,,,,,,1,3,Dépendance,,0,,,,,,2.149414,48.797242
2024-961941,2024-12-02,000001,Vente,180000,10,,RUE DU GENERAL LECLERC,1145,78000,78646,Versailles,78,,,78646000BV0062,,,16,,24,,,,,,,,2,2,Appartement,27,1,,,,,,2.125267,48.799157
2024-961975,2024-11-07,000001,Vente,32000,98,,BD DE LA REINE,2520,78000,78646,Versailles,78,,,78646000AI0290,,,114,,,,,,,,,,1,3,Dépendance,,0,,,,,,2.139429,48.808058
2024-961982,2024-11-29,000001,Vente,875000,20,,RUE DE PROVENCE,2460,78000,78646,Versailles,78,,,78646000AX0442,,,197,124.97,,,,,,,,,1,2,Appartement,125,6,,,,,,2.140987,48.807165
2024-961982,2024-11-29,000001,Vente,875000,20,,RUE DE PROVENCE,2460,78000,78646,Versailles,78,,,78646000AX0442,,,159,,,,,,,,,,1,3,Dépendance,,0,,,,,,2.140987,48.807165
2024-961982,2024-11-29,000001,Vente,875000,20,,RUE DE PROVENCE,2460,78000,78646,Versailles,78,,,78646000AX0442,,,53,,,,,,,,,,1,3,Dépendance,,0,,,,,,2.140987,48.807165
2024-962003,2024-11-29,000001,Vente,1310000,35,,RUE JACQUES BOYCEAU,1410,78000,78646,Versailles,78,,,78646000BP0040,,,,,,,,,,,,,0,3,Dépendance,,0,S,sols,,,403,2.140461,48.803475
2024-962003,2024-11-29,000001,Vente,1310000,35,,RUE JACQUES BOYCEAU,1410,78000,78646,Versailles,78,,,78646000BP0040,,,,,,,,,,,,,0,1,Maison,140,6,S,sols,,,403,2.140461,48.803475
2024-962018,2024-11-26,000001,Vente,17500,8,,RUE DU GENERAL PERSHING,1170,78000,78646,Versailles,78,,,78646000AS0052,,,198,,,,,,,,,,1,3,Dépendance,,0,,,,,,2.151367,48.813337
2024-962036,2024-11-28,000001,Vente,295000,72,,RUE DU MAL FOCH,1810,78000,78646,Versailles,78,,,78646000AK0009,,,109,,14,45.52,,,,,,,2,3,Dépendance,,0,,,,,,2.136535,48.812771
2024-962036,2024-11-28,000001,Vente,295000,72,,RUE DU MAL FOCH,1810,78000,78646,Versailles,78,,,78646000AK0009,,,109,,14,45.52,,,,,,,2,2,Appartement,44,3,,,,,,2.136535,48.812771
2024-962040,2024-11-19,000001,Vente,1100000,53,,RUE DE MONTREUIL,2000,78000,78646,Versailles,78,,,78646000AX0305,,,,,,,,,,,,,0,2,Appartement,79,4,S,sols,,,358,2.145954,48.804851
2024-962040,2024-11-19,000001,Vente,1100000,53,,RUE DE MONTREUIL,2000,78000,78646,Versailles,78,,,78646000AX0305,,,,,,,,,,,,,0,4,Local industriel. commercial ou assimilé,195,0,S,sols,,,358,2.145954,48.804851
2024-962040,2024-11-19,000001,Vente,1100000,53,,RUE DE MONTREUIL,2000,78000,78646,Versailles,78,,,78646000AX0305,,,,,,,,,,,,,0,3,Dépendance,,0,S,sols,,,358,2.145954,48.804851
2024-962040,2024-11-19,000001,Vente,1100000,53,,RUE DE MONTREUIL,2000,78000,78646,Versailles,78,,,78646000AX0305,,,,,,,,,,,,,0,3,Dépendance,,0,S,sols,,,358,2.145954,48.804851
2024-962041,2024-12-02,000001,Vente,240000,15,,RUE DES ETATS GENERAUX,0980,78000,78646,Versailles,78,,,78646000BR0037,,,36,,42,37.59,,,,,,,2,3,Dépendance,,0,,,,,,2.132916,48.800326
2024-962041,2024-12-02,000001,Vente,240000,15,,RUE DES ETATS GENERAUX,0980,78000,78646,Versailles,78,,,78646000BR0037,,,36,,42,37.59,,,,,,,2,2,Appartement,36,2,,,,,,2.132916,48.800326
2024-962075,2024-11-28,000001,Vente,310000,3,,RUE DU PONT COLBERT,2370,78000,78646,Versailles,78,,,78646000BL0294,,,124,,35,56.2,,,,,,,2,3,Dépendance,,0,,,,,,2.146987,48.791716
2024-962075,2024-11-28,000001,Vente,310000,3,,RUE DU PONT COLBERT,2370,78000,78646,Versailles,78,,,78646000BL0294,,,124,,35,56.2,,,,,,,2,2,Appartement,56,3,,,,,,2.146987,48.791716
2024-962095,2024-11-28,000001,Vente,32000,58,,RUE ALBERT JOLY,0050,78000,78646,Versailles,78,,,78646000AR0053,,,127,,,,,,,,,,1,3,Dépendance,,0,,,,,,2.143711,48.809427
2024-962104,2024-11-27,000001,Vente en l'état futur d'achèvement,25000,,,LA SABLIERE,B029,78000,78646,Versailles,78,,,78646000BY0110,,,157,,,,,,,,,,1,,,,,,,,,,2.078228,48.802624
2024-962122,2024-11-29,000001,Vente en l'état futur d'achèvement,533000,,,LA SABLIERE,B029,78000,78646,Versailles,78,,,78646000BY0108,,,306,,,,,,,,,,1,,,,,,,,,,2.079319,48.802074
2024-962122,2024-11-29,000001,Vente en l'état futur d'achèvement,533000,,,LA SABLIERE,B029,78000,78646,Versailles,78,,,78646000BY0108,,,476,,,,,,,,,,1,,,,,,,,,,2.079319,48.802074
2024-962123,2024-11-27,000001,Vente en l'état futur d'achèvement,416700,,,LA SABLIERE,B029,78000,78646,Versailles,78,,,78646000BY0121,,,14,,,,,,,,,,1,,,,,,,,,,2.079148,48.803081
2024-962145,2024-11-13,000001,Vente,38000,23,,RUE SAINTE VICTOIRE,2920,78000,78646,Versailles,78,,,78646000AD0279,,,79,,,,,,,,,,1,3,Dépendance,,0,,,,,,2.131576,48.811777
2024-962153,2024-11-05,000001,Vente,150000,26,,RUE DE SATORY,2950,78000,78646,Versailles,78,,,78646000AH0130,,,28,,29,17.6,,,,,,,2,2,Appartement,22,1,,,,,,2.124477,48.800176
2024-962175,2024-12-03,000001,Vente,30000,155,,BD DE LA REINE,2520,78000,78646,Versailles,78,,,78646000AR0073,,,130,,,,,,,,,,1,3,Dépendance,,0,,,,,,2.145056,48.808479
2024-962212,2024-12-04,000001,Vente,24000,9,,RUE DU PARC DE CLAGNY,2171,78000,78646,Versailles,78,,,78646000AK0183,,,62,,,,,,,,,,1,3,Dépendance,,0,,,,,,2.139976,48.809983
2024-962282,2024-11-12,000001,Vente,890000,16,,RUE DE L ORANGERIE,2110,78000,78646,Versailles,78,,,78646000BV0015,,,13,,,,,,,,,,1,3,Dépendance,,0,,,,,,2.121422,48.800171
2024-962282,2024-11-12,000001,Vente,890000,16,,RUE DE L ORANGERIE,2110,78000,78646,Versailles,78,,,78646000BV0015,,,27,,33,,4,,,,,,3,2,Appartement,116,5,,,,,,2.121422,48.800171
2024-962282,2024-11-12,000001,Vente,890000,16,,RUE DE L ORANGERIE,2110,78000,78646,Versailles,78,,,78646000BV0015,,,27,,33,,4,,,,,,3,3,Dépendance,,0,,,,,,2.121422,48.800171
2024-962307,2024-11-29,000001,Vente,1460170,63,,RUE DES PRES AUX BOIS,2430,78000,78646,Versailles,78,,,78646000AZ0103,,,,,,,,,,,,,0,1,Maison,152,6,S,sols,,,458,2.162954,48.803456
2024-962307,2024-11-29,000001,Vente,1460170,63,,RUE DES PRES AUX BOIS,2430,78000,78646,Versailles,78,,,78646000AZ0103,,,,,,,,,,,,,0,3,Dépendance,,0,S,sols,,,458,2.162954,48.803456
2024-962307,2024-11-29,000001,Vente,1460170,63,,RUE DES PRES AUX BOIS,2430,78000,78646,Versailles,78,,,78646000AZ0103,,,,,,,,,,,,,0,1,Maison,37,2,S,sols,,,458,2.162954,48.803456
2024-962330,2024-11-27,000001,Vente,909435,13,,BD DE LA PORTE VERTE,2410,78000,78646,Versailles,78,,,78646000AM0242,,,,,,,,,,,,,0,1,Maison,86,4,S,sols,,,466,2.144856,48.820062
2024-962353,2024-11-20,000001,Vente,177000,6,,RUE PHILIPPE DE DANGEAU,2255,78000,78646,Versailles,78,,,78646000AI0041,,,2,62.36,,,,,,,,,1,2,Appartement,58,3,,,,,,2.133126,48.803508
2024-962365,2024-11-21,000001,Vente,509000,13,,RUE SAINT HONORE,2780,78000,78646,Versailles,78,,,78646000BV0129,,,14,,,,,,,,,,1,3,Dépendance,,0,,,,,,2.125382,48.798114
2024-962365,2024-11-21,000001,Vente,509000,13,,RUE SAINT HONORE,2780,78000,78646,Versailles,78,,,78646000BV0129,,,15,,,,,,,,,,1,3,Dépendance,,0,,,,,,2.125382,48.798114
2024-962365,2024-11-21,000001,Vente,509000,13,,RUE SAINT HONORE,2780,78000,78646,Versailles,78,,,78646000BV0129,,,10,,9,,,,,,,,2,2,Appartement,72,4,,,,,,2.125382,48.798114
2024-962386,2024-11-29,000001,Vente,1288000,,,LA SABLIERE,B029,78000,78646,Versailles,78,,,78646000BY0137,,,,,,,,,,,,,0,,,,,S,sols,,,317,2.079667,48.802738
2024-962416,2024-12-05,000001,Vente en l'état futur d'achèvement,20000,,,LA SABLIERE,B029,78000,78646,Versailles,78,,,78646000BY0108,,,429,,,,,,,,,,1,,,,,,,,,,2.079319,48.802074
2024-962418,2024-11-22,000001,Vente,650000,10,,RUE DE L ERMITAGE,0940,78000,78646,Versailles,78,,,78646000AC0314,,,109,,,,,,,,,,1,3,Dépendance,,0,,,,,,2.123933,48.814609
2024-962418,2024-11-22,000001,Vente,650000,10,,RUE DE L ERMITAGE,0940,78000,78646,Versailles,78,,,78646000AC0314,,,307,,309,93.21,,,,,,,2,3,Dépendance,,0,,,,,,2.123933,48.814609
2024-962418,2024-11-22,000001,Vente,650000,10,,RUE DE L ERMITAGE,0940,78000,78646,Versailles,78,,,78646000AC0314,,,307,,309,93.21,,,,,,,2,2,Appartement,82,4,,,,,,2.123933,48.814609
2024-962420,2024-12-09,000001,Vente,53000,27,,RUE HOCHE,1350,78000,78646,Versailles,78,,,78646000AE0207,,,36,8.2,,,,,,,,,1,3,Dépendance,,0,,,,,,2.128291,48.807391
2024-962433,2024-12-02,000001,Vente,913000,13,,RUE JEAN DE LA BRUYERE,1560,78000,78646,Versailles,78,,,78646000AO0127,,,,,,,,,,,,,0,3,Dépendance,,0,S,sols,,,485,2.145259,48.813677
2024-962433,2024-12-02,000001,Vente,913000,13,,RUE JEAN DE LA BRUYERE,1560,78000,78646,Versailles,78,,,78646000AO0127,,,,,,,,,,,,,0,1,Maison,104,3,S,sols,,,485,2.145259,48.813677
2024-962464,2024-12-05,000001,Vente,22000,17,,AV DE LA MAYE,1875,78000,78646,Versailles,78,,,78646000AL0139,,,102,,,,,,,,,,1,3,Dépendance,,0,,,,,,2.138843,48.817098
2024-962473,2024-12-05,000001,Vente en l'état futur d'achèvement,338000,,,LA SABLIERE,B029,78000,78646,Versailles,78,,,78646000BY0108,,,223,,,,,,,,,,1,,,,,,,,,,2.079319,48.802074
2024-962473,2024-12-05,000001,Vente en l'état futur d'achèvement,338000,,,LA SABLIERE,B029,78000,78646,Versailles,78,,,78646000BY0108,,,445,,,,,,,,,,1,,,,,,,,,,2.079319,48.802074
2024-962479,2024-12-10,000001,Vente,163000,5,,RUE VAUBAN,3110,78000,78646,Versailles,78,,,78646000AY0180,,,11,35.92,2,,,,,,,,2,3,Dépendance,,0,,,,,,2.153386,48.799016
2024-962479,2024-12-10,000001,Vente,163000,5,,RUE VAUBAN,3110,78000,78646,Versailles,78,,,78646000AY0180,,,11,35.92,2,,,,,,,,2,2,Appartement,30,1,,,,,,2.153386,48.799016
2024-962517,2024-12-10,000001,Vente,215000,6,,RUE MONTBAURON,1970,78000,78646,Versailles,78,,,78646000BP0027,,,150,28.5,,,,,,,,,1,2,Appartement,29,1,,,,,,2.135298,48.802989
2024-962517,2024-12-10,000001,Vente,215000,6,,RUE MONTBAURON,1970,78000,78646,Versailles,78,,,78646000BP0027,,,64,,,,,,,,,,1,3,Dépendance,,0,,,,,,2.135298,48.802989
2024-962521,2024-11-29,000001,Vente,70000,27,,RUE SAINTE VICTOIRE,2920,78000,78646,Versailles,78,,,78646000AD0257,,,29,15.23,30,,31,,,,,,3,2,Appartement,15,1,,,,,,2.131886,48.812336
2024-962563,2024-12-04,000001,Vente,178500,25,,RUE DE LA PAROISSE,2190,78000,78646,Versailles,78,,,78646000AE0140,,,17,25.59,19,,21,,,,,,3,3,Dépendance,,0,,,,,,2.127862,48.807959
2024-962563,2024-12-04,000001,Vente,178500,25,,RUE DE LA PAROISSE,2190,78000,78646,Versailles,78,,,78646000AE0140,,,17,25.59,19,,21,,,,,,3,2,Appartement,28,2,,,,,,2.127862,48.807959
2024-962608,2024-11-15,000001,Vente,285000,12,,AV DE PORCHEFONTAINE,2380,78000,78646,Versailles,78,,,78646000BK0021,,,440,,479,,,,,,,,2,3,Dépendance,,0,,,,,,2.152071,48.797176
2024-962608,2024-11-15,000001,Vente,285000,12,,AV DE PORCHEFONTAINE,2380,78000,78646,Versailles,78,,,78646000BK0021,,,440,,479,,,,,,,,2,2,Appartement,53,2,,,,,,2.152071,48.797176
2024-962617,2024-12-09,000002,Vente,403000,3,,RUE GIRARDON,1240,78000,78646,Versailles,78,,,78646000BD0177,,,,,,,,,,,,,0,1,Maison,30,2,S,sols,,,112,2.158033,48.796696
2024-962617,2024-12-09,000002,Vente,403000,3,,RUE GIRARDON,1240,78000,78646,Versailles,78,,,78646000BD0177,,,,,,,,,,,,,0,1,Maison,50,2,S,sols,,,112,2.158033,48.796696
2024-962617,2024-12-09,000002,Vente,403000,3,,RUE GIRARDON,1240,78000,78646,Versailles,78,,,78646000BD0177,,,,,,,,,,,,,0,1,Maison,76,4,S,sols,,,112,2.158033,48.796696
2024-962617,2024-12-09,000002,Vente,403000,3,,RUE GIRARDON,1240,78000,78646,Versailles,78,,,78646000BD0180,,,,,,,,,,,,,0,,,,,S,sols,,,56,2.15808,48.79664
2024-962629,2024-12-12,000001,Vente,130000,15,,RUE DE LA CEINTURE,0460,78000,78646,Versailles,78,,,78646000AV0074,,,2,33.66,,,,,,,,,1,2,Appartement,34,2,,,,,,2.152664,48.808952
2024-962684,2024-12-11,000001,Vente,627800,114,,AV DE PARIS,2180,78000,78646,Versailles,78,,,78646000BK0021,,,112,,129,98.09,,,,,,,2,3,Dépendance,,0,,,,,,2.152071,48.797176
2024-962684,2024-12-11,000001,Vente,627800,114,,AV DE PARIS,2180,78000,78646,Versailles,78,,,78646000BK0021,,,112,,129,98.09,,,,,,,2,2,Appartement,98,3,,,,,,2.152071,48.797176
2024-962684,2024-12-11,000001,Vente,627800,12,,AV DE PORCHEFONTAINE,2380,78000,78646,Versailles,78,,,78646000BK0021,,,1836,,,,,,,,,,1,3,Dépendance,,0,,,,,,2.152071,48.797176
2024-962689,2024-12-13,000001,Vente,318500,60,,RUE CHAMP LAGARDE,0490,78000,78646,Versailles,78,,,78646000AY0097,,,13,57.14,33,,,,,,,,2,3,Dépendance,,0,,,,,,2.149752,48.801617
2024-962689,2024-12-13,000001,Vente,318500,60,,RUE CHAMP LAGARDE,0490,78000,78646,Versailles,78,,,78646000AY0097,,,13,57.14,33,,,,,,,,2,2,Appartement,55,3,,,,,,2.149752,48.801617
2024-962694,2024-11-26,000001,Vente,210000,12,,RUE HOCHE,1350,78000,78646,Versailles,78,,,78646000AE0419,,,24,,,,,,,,,,1,4,Local industriel. commercial ou assimilé,70,0,,,,,,2.128504,48.80645
2024-962694,2024-11-26,000001,Vente,210000,12,,RUE HOCHE,1350,78000,78646,Versailles,78,,,78646000AE0419,,,25,,,,,,,,,,1,2,Appartement,90,4,,,,,,2.128504,48.80645
2024-962697,2024-12-11,000001,Vente,363450,7,,PROM VENEZIA,3135,78000,78646,Versailles,78,,,78646000AZ0110,,,2451,,2537,68.21,,,,,,,2,2,Appartement,69,3,,,,,,2.158672,48.8041
2024-962697,2024-12-11,000001,Vente,363450,7,,PROM VENEZIA,3135,78000,78646,Versailles,78,,,78646000AZ0110,,,2451,,2537,68.21,,,,,,,2,3,Dépendance,,0,,,,,,2.158672,48.8041
2024-962697,2024-12-11,000001,Vente,363450,5,,RUE DE L ECOLE DES POSTES,0850,78000,78646,Versailles,78,,,78646000AZ0110,,,3618,,,,,,,,,,1,3,Dépendance,,0,,,,,,2.158672,48.8041
2024-962712,2024-12-13,000001,Vente,22500,57,,RUE EXELMANS,1020,78000,78646,Versailles,78,,,78646000AC0262,,,406,,,,,,,,,,1,3,Dépendance,,0,,,,,,2.126785,48.814611
2024-962758,2024-12-12,000001,Vente,520500,13,,PL ROYALE,2650,78000,78646,Versailles,78,,,78646000AZ0110,,,1257,,1273,100.77,,,,,,,2,2,Appartement,102,4,,,,,,2.158672,48.8041
2024-962758,2024-12-12,000001,Vente,520500,5,,RUE DE L ECOLE DES POSTES,0850,78000,78646,Versailles,78,,,78646000AZ0110,,,3151,,,,,,,,,,1,3,Dépendance,,0,,,,,,2.158672,48.8041
2024-962758,2024-12-12,000001,Vente,520500,13,,PL ROYALE,2650,78000,78646,Versailles,78,,,78646000AZ0110,,,1257,,1273,100.77,,,,,,,2,3,Dépendance,,0,,,,,,2.158672,48.8041
2024-962799,2024-12-17,000001,Vente,215000,97,,RUE DES CHANTIERS,0530,78000,78646,Versailles,78,,,78646000BL0287,,,4,,5,,,,,,,,2,4,Local industriel. commercial ou assimilé,105,0,,,,,,2.145781,48.792108
2024-962825,2024-12-11,000001,Vente,6000,11,B,RUE COLBERT,0630,78000,78646,Versailles,78,,,78646000AE0338,,,1,,,,,,,,,,1,3,Dépendance,,0,,,,,,2.126007,48.805232
2024-962825,2024-12-11,000001,Vente,6000,11,B,RUE COLBERT,0630,78000,78646,Versailles,78,,,78646000AE0338,,,1,,,,,,,,,,1,3,Dépendance,,0,,,,,,2.126007,48.805232
2024-962825,2024-12-11,000001,Vente,6000,11,B,RUE COLBERT,0630,78000,78646,Versailles,78,,,78646000AE0338,,,1,,,,,,,,,,1,2,Appartement,202,6,,,,,,2.126007,48.805232
2024-962825,2024-12-11,000001,Vente,6000,11,B,RUE COLBERT,0630,78000,78646,Versailles,78,,,78646000AE0338,,,1,,,,,,,,,,1,3,Dépendance,,0,,,,,,2.126007,48.805232
2024-962837,2024-12-13,000001,Vente,6000,2,,RUE DES DEUX PORTES,0780,78000,78646,Versailles,78,,,78646000AE0278,,,38,,,,,,,,,,1,3,Dépendance,,0,,,,,,2.130524,48.805559
2024-962837,2024-12-13,000001,Vente,6000,2,,RUE DES DEUX PORTES,0780,78000,78646,Versailles,78,,,78646000AE0278,,,38,,,,,,,,,,1,2,Appartement,38,2,,,,,,2.130524,48.805559
2024-962859,2024-12-11,000001,Vente,415000,66,,RUE CHAMP LAGARDE,0490,78000,78646,Versailles,78,,,78646000AY0094,,,8,,,,,,,,,,1,2,Appartement,85,3,,,,,,2.15016,48.8017
2024-962859,2024-12-11,000001,Vente,415000,66,,RUE CHAMP LAGARDE,0490,78000,78646,Versailles,78,,,78646000AY0094,,,13,,,,,,,,,,1,3,Dépendance,,0,,,,,,2.15016,48.8017
2024-962859,2024-12-11,000001,Vente,415000,66,,RUE CHAMP LAGARDE,0490,78000,78646,Versailles,78,,,78646000AY0094,,,8,,,,,,,,,,1,3,Dépendance,,0,,,,,,2.15016,48.8017
2024-962863,2024-12-02,000001,Vente,720000,49,,RUE PORTE DE BUC,2390,78000,78646,Versailles,78,,,78646000BM0015,,,3,161.04,,,,,,,,,1,1,Maison,78,3,,,,,,2.135624,48.79021
2024-962865,2024-11-27,000001,Vente,1145000,1,,RUE COSTE,0730,78000,78646,Versailles,78,,,78646000BD0085,,,,,,,,,,,,,0,4,Local industriel. commercial ou assimilé,15,0,S,sols,,,281,2.154679,48.796418
2024-962865,2024-11-27,000001,Vente,1145000,1,,RUE COSTE,0730,78000,78646,Versailles,78,,,78646000BD0085,,,,,,,,,,,,,0,4,Local industriel. commercial ou assimilé,18,0,S,sols,,,281,2.154679,48.796418
2024-962865,2024-11-27,000001,Vente,1145000,1,,RUE COSTE,0730,78000,78646,Versailles,78,,,78646000BD0085,,,,,,,,,,,,,0,4,Local industriel. commercial ou assimilé,133,0,S,sols,,,281,2.154679,48.796418
2024-962865,2024-11-27,000001,Vente,1145000,1,,RUE COSTE,0730,78000,78646,Versailles,78,,,78646000BD0087,,,,,,,,,,,,,0,2,Appartement,40,2,S,sols,,,142,2.154628,48.79633
2024-962865,2024-11-27,000001,Vente,1145000,1,,RUE COSTE,0730,78000,78646,Versailles,78,,,78646000BD0087,,,,,,,,,,,,,0,2,Appartement,65,3,S,sols,,,142,2.154628,48.79633
2024-962865,2024-11-27,000001,Vente,1145000,1,,RUE COSTE,0730,78000,78646,Versailles,78,,,78646000BD0087,,,,,,,,,,,,,0,3,Dépendance,,0,S,sols,,,142,2.154628,48.79633
2024-962887,2024-12-17,000001,Vente,161647,13,,RUE DE L ORIENT,2130,78000,78646,Versailles,78,,,78646000BT0105,,,125,,,,,,,,,,1,3,Dépendance,,0,,,,,,2.127036,48.796284
2024-962887,2024-12-17,000001,Vente,161647,13,,RUE DE L ORIENT,2130,78000,78646,Versailles,78,,,78646000BT0105,,,109,17,,,,,,,,,1,2,Appartement,21,1,,,,,,2.127036,48.796284
2024-962910,2024-12-12,000001,Vente en l'état futur d'achèvement,20000,,,LA SABLIERE,B029,78000,78646,Versailles,78,,,78646000BY0108,,,430,,,,,,,,,,1,,,,,,,,,,2.079319,48.802074
2024-962911,2024-12-12,000001,Vente,415800,38,,RUE DE MONTREUIL,2000,78000,78646,Versailles,78,,,78646000AX0308,,,1,,35,,9,,,,,,3,4,Local industriel. commercial ou assimilé,92,0,,,,,,2.145739,48.804519
2024-962936,2024-12-06,000001,Vente,316000,13,,RUE DUCIS,0820,78000,78646,Versailles,78,,,78646000AE0083,,,3,38.85,30,,,,,,,,2,4,Local industriel. commercial ou assimilé,38,0,,,,,,2.131212,48.807138
2024-962961,2024-12-17,000001,Vente,671498,17,,RUE DES MISSIONNAIRES,1920,78000,78646,Versailles,78,,,78646000AD0396,,,116,,,,,,,,,,1,3,Dépendance,,0,,,,,,2.131727,48.81298
2024-962961,2024-12-17,000001,Vente,671498,17,,RUE DES MISSIONNAIRES,1920,78000,78646,Versailles,78,,,78646000AD0396,,,58,99.84,6,,,,,,,,2,2,Appartement,100,4,,,,,,2.131727,48.81298
2024-962961,2024-12-17,000001,Vente,671498,17,,RUE DES MISSIONNAIRES,1920,78000,78646,Versailles,78,,,78646000AD0396,,,58,99.84,6,,,,,,,,2,3,Dépendance,,0,,,,,,2.131727,48.81298
2024-962961,2024-12-17,000001,Vente,671498,17,,RUE DES MISSIONNAIRES,1920,78000,78646,Versailles,78,,,78646000AD0396,,,58,99.84,6,,,,,,,,2,3,Dépendance,,0,,,,,,2.131727,48.81298
2024-962970,2024-12-06,000001,Vente,1168350,59,,RUE DU MAL FOCH,1810,78000,78646,Versailles,78,,,78646000AD0490,,,313,,,,,,,,,,1,3,Dépendance,,0,,,,,,2.134228,48.811238
2024-962970,2024-12-06,000001,Vente,1168350,59,,RUE DU MAL FOCH,1810,78000,78646,Versailles,78,,,78646000AD0490,,,209,125,,,,,,,,,1,2,Appartement,122,6,,,,,,2.134228,48.811238
2024-962980,2024-12-18,000001,Vente,351000,10,,RUE EDOUARD LEFEBVRE,0910,78000,78646,Versailles,78,,,78646000BR0147,,,16,,39,,,,,,,,2,2,Appartement,55,2,,,,,,2.132117,48.798291
2024-962980,2024-12-18,000001,Vente,351000,10,,RUE EDOUARD LEFEBVRE,0910,78000,78646,Versailles,78,,,78646000BR0147,,,16,,39,,,,,,,,2,3,Dépendance,,0,,,,,,2.132117,48.798291
2024-962980,2024-12-18,000001,Vente,351000,10,,RUE EDOUARD LEFEBVRE,0910,78000,78646,Versailles,78,,,78646000BR0147,,,55,,,,,,,,,,1,3,Dépendance,,0,,,,,,2.132117,48.798291
2024-963011,2024-12-12,000001,Vente,830000,1,,RUE DE BEAUVAU,0320,78000,78646,Versailles,78,,,78646000AD0266,,,1,102.13,10,,51,,7,,9,,5,3,Dépendance,,0,,,,,,2.130852,48.812137
2024-963011,2024-12-12,000001,Vente,830000,1,,RUE DE BEAUVAU,0320,78000,78646,Versailles,78,,,78646000AD0266,,,1,102.13,10,,51,,7,,9,,5,2,Appartement,101,5,,,,,,2.130852,48.812137
2024-963011,2024-12-12,000001,Vente,830000,1,,RUE DE BEAUVAU,0320,78000,78646,Versailles,78,,,78646000AD0266,,,1,102.13,10,,51,,7,,9,,5,3,Dépendance,,0,,,,,,2.130852,48.812137
2024-963011,2024-12-12,000001,Vente,830000,1,,RUE DE BEAUVAU,0320,78000,78646,Versailles,78,,,78646000AD0266,,,1,102.13,10,,51,,7,,9,,5,3,Dépendance,,0,,,,,,2.130852,48.812137
2024-963012,2024-12-03,000001,Vente,265000,1,,RUE NEUVE NOTRE DAME,2040,78000,78646,Versailles,78,,,78646000AE0161,,,11,,,,,,,,,,1,2,Appartement,44,2,,,,,,2.125537,48.808918
2024-963021,2024-12-03,000001,Vente,110000,14,,RUE DES CONDAMINES,0690,78000,78646,Versailles,78,,,78646000AX0365,,,22,22.54,,,,,,,,,1,3,Dépendance,,0,,,,,,2.145921,48.802841
2024-963021,2024-12-03,000001,Vente,110000,14,,RUE DES CONDAMINES,0690,78000,78646,Versailles,78,,,78646000AX0365,,,22,22.54,,,,,,,,,1,2,Appartement,22,1,,,,,,2.145921,48.802841
2024-963035,2024-12-17,000001,Vente,16500,35,,RUE HENRI SIMON,1330,78000,78646,Versailles,78,,,78646000AW0219,,,696,,,,,,,,,,1,3,Dépendance,,0,,,,,,2.147909,48.808568
2024-963042,2024-12-16,000001,Vente,19500,13,,RUE DU PARC DE CLAGNY,2171,78000,78646,Versailles,78,,,78646000AK0081,,,11,,,,,,,,,,1,3,Dépendance,,0,,,,,,2.140076,48.81044
2024-963047,2024-12-17,000001,Vente,450000,3,B,RUE JEAN MERMOZ,1460,78000,78646,Versailles,78,,,78646000BN0166,,,1460,92.78,1462,,,,,,,,2,4,Local industriel. commercial ou assimilé,137,0,,,,,,2.145036,48.797427
2024-963047,2024-12-17,000001,Vente,450000,82,B,AV DE PARIS,2180,78000,78646,Versailles,78,,,78646000BN0166,,,1234,,,,,,,,,,1,3,Dépendance,,0,,,,,,2.145036,48.797427
2024-963047,2024-12-17,000001,Vente,450000,82,B,AV DE PARIS,2180,78000,78646,Versailles,78,,,78646000BN0166,,,1235,,,,,,,,,,1,3,Dépendance,,0,,,,,,2.145036,48.797427
2024-963054,2024-12-18,000001,Vente,280000,4,,PL HOCHE,1340,78000,78646,Versailles,78,,,78646000AE0330,,,129,,90,,91,,,,,,3,2,Appartement,27,1,,,,,,2.127082,48.805656
2024-963077,2024-12-13,000001,Vente,423000,15,B,RUE DU PARC DE CLAGNY,2171,78000,78646,Versailles,78,,,78646000AK0217,,,15,34.97,,,,,,,,,1,2,Appartement,34,1,,,,,,2.140182,48.810961
2024-963077,2024-12-13,000001,Vente,423000,15,B,RUE DU PARC DE CLAGNY,2171,78000,78646,Versailles,78,,,78646000AK0217,,,40,,,,,,,,,,1,3,Dépendance,,0,,,,,,2.140182,48.810961
2024-963107,2024-12-13,000001,Vente,21500,108,,BD DE LA REINE,2520,78000,78646,Versailles,78,,,78646000AX0037,,,211,,,,,,,,,,1,3,Dépendance,,0,,,,,,2.142871,48.807658
2024-963127,2024-12-17,000001,Vente,119050,8,,AV DU GEN DE GAULLE,1143,78000,78646,Versailles,78,,,78646000AH0225,,,64,57.08,99,,,,,,,,2,2,Appartement,58,2,,,,,,2.128298,48.801276
2024-963127,2024-12-17,000001,Vente,119050,8,,AV DU GEN DE GAULLE,1143,78000,78646,Versailles,78,,,78646000AH0225,,,64,57.08,99,,,,,,,,2,3,Dépendance,,0,,,,,,2.128298,48.801276
2024-963127,2024-12-17,000001,Vente,119050,8,,AV DU GEN DE GAULLE,1143,78000,78646,Versailles,78,,,78646000AH0225,,,64,57.08,99,,,,,,,,2,3,Dépendance,,0,,,,,,2.128298,48.801276
2024-963127,2024-12-17,000001,Vente,119050,12,,AV DU GEN DE GAULLE,1143,78000,78646,Versailles,78,,,78646000AH0225,,,157,,,,,,,,,,1,3,Dépendance,,0,,,,,,2.128298,48.801276
2024-963170,2024-12-05,000001,Vente,850000,13,,RUE DU MAL FOCH,1810,78000,78646,Versailles,78,,,78646000AE0287,,,,,,,,,,,,,0,4,Local industriel. commercial ou assimilé,260,0,S,sols,,,98,2.13129,48.805778
2024-963193,2024-12-18,000001,Vente,245000,65,,RUE DE LA PAROISSE,2190,78000,78646,Versailles,78,,,78646000AI0185,,,24,31.16,,,,,,,,,1,2,Appartement,21,1,,,,,,2.134013,48.806671
2024-963193,2024-12-18,000001,Vente,245000,65,,RUE DE LA PAROISSE,2190,78000,78646,Versailles,78,,,78646000AI0185,,,24,31.16,,,,,,,,,1,3,Dépendance,,0,,,,,,2.134013,48.806671
2024-963238,2024-12-10,000001,Vente,404000,19,,RUE CARNOT,0440,78000,78646,Versailles,78,,,78646000AE0225,,,20,,5,,,,,,,,2,2,Appartement,48,3,,,,,,2.129003,48.805961
2024-963238,2024-12-10,000001,Vente,404000,19,,RUE CARNOT,0440,78000,78646,Versailles,78,,,78646000AE0225,,,20,,5,,,,,,,,2,3,Dépendance,,0,,,,,,2.129003,48.805961
2024-963258,2024-12-06,000001,Vente,405000,41,,BD DE LA REINE,2520,78000,78646,Versailles,78,,,78646000AD0024,,,15,,23,,3,61.61,,,,,3,3,Dépendance,,0,,,,,,2.127743,48.809672
2024-963258,2024-12-06,000001,Vente,405000,41,,BD DE LA REINE,2520,78000,78646,Versailles,78,,,78646000AD0024,,,15,,23,,3,61.61,,,,,3,3,Dépendance,,0,,,,,,2.127743,48.809672
2024-963258,2024-12-06,000001,Vente,405000,41,,BD DE LA REINE,2520,78000,78646,Versailles,78,,,78646000AD0024,,,15,,23,,3,61.61,,,,,3,2,Appartement,65,3,,,,,,2.127743,48.809672
2024-963259,2024-12-16,000001,Vente en l'état futur d'achèvement,335000,,,LA SABLIERE,B029,78000,78646,Versailles,78,,,78646000BY0121,,,32,,,,,,,,,,1,,,,,,,,,,2.079148,48.803081
2024-963266,2024-12-16,000001,Vente en l'état futur d'achèvement,25000,,,LA SABLIERE,B029,78000,78646,Versailles,78,,,78646000BY0110,,,179,,,,,,,,,,1,,,,,,,,,,2.078228,48.802624
2024-963268,2024-12-12,000001,Vente,110000,12,,AV DU GEN DE GAULLE,1143,78000,78646,Versailles,78,,,78646000AH0225,,,163,,,,,,,,,,1,3,Dépendance,,0,,,,,,2.128298,48.801276
2024-963268,2024-12-12,000001,Vente,110000,8,,AV DU GEN DE GAULLE,1143,78000,78646,Versailles,78,,,78646000AH0225,,,145,,70,35.71,,,,,,,2,3,Dépendance,,0,,,,,,2.128298,48.801276
2024-963268,2024-12-12,000001,Vente,110000,8,,AV DU GEN DE GAULLE,1143,78000,78646,Versailles,78,,,78646000AH0225,,,145,,70,35.71,,,,,,,2,2,Appartement,35,1,,,,,,2.128298,48.801276
2024-963302,2024-12-20,000001,Vente,242952,44,,RUE ALBERT SARRAUT,0080,78000,78646,Versailles,78,,,78646000BK0232,,,204,,67,,,,,,,,2,2,Appartement,41,1,,,,,,2.14982,48.795098
2024-963302,2024-12-20,000001,Vente,242952,44,,RUE ALBERT SARRAUT,0080,78000,78646,Versailles,78,,,78646000BK0232,,,204,,67,,,,,,,,2,3,Dépendance,,0,,,,,,2.14982,48.795098
2024-963309,2024-12-20,000001,Vente,520600,3,,BD JEUX OLYMPIQUES,1495,78000,78646,Versailles,78,,,78646000AZ0110,,,1031,100.52,864,,,,,,,,2,2,Appartement,102,4,,,,,,2.158672,48.8041
2024-963309,2024-12-20,000001,Vente,520600,5,,RUE DE L ECOLE DES POSTES,0850,78000,78646,Versailles,78,,,78646000AZ0110,,,3454,,,,,,,,,,1,3,Dépendance,,0,,,,,,2.158672,48.8041
2024-963309,2024-12-20,000001,Vente,520600,3,,BD JEUX OLYMPIQUES,1495,78000,78646,Versailles,78,,,78646000AZ0110,,,1031,100.52,864,,,,,,,,2,3,Dépendance,,0,,,,,,2.158672,48.8041
2024-963309,2024-12-20,000001,Vente,520600,3,,BD JEUX OLYMPIQUES,1495,78000,78646,Versailles,78,,,78646000AZ0110,,,1031,100.52,864,,,,,,,,2,3,Dépendance,,0,,,,,,2.158672,48.8041
2024-963310,2024-12-23,000001,Vente,268100,39,,RUE DE MONTREUIL,2000,78000,78646,Versailles,78,,,78646000AX0298,,,16,42.51,4,,,,,,,,2,3,Dépendance,,0,,,,,,2.144948,48.805035
2024-963310,2024-12-23,000001,Vente,268100,39,,RUE DE MONTREUIL,2000,78000,78646,Versailles,78,,,78646000AX0298,,,16,42.51,4,,,,,,,,2,2,Appartement,47,2,,,,,,2.144948,48.805035
2024-963314,2024-12-12,000001,Vente,343000,12,,RUE ROYALE,2648,78000,78646,Versailles,78,,,78646000BV0092,,,26,,4,52.24,,,,,,,2,2,Appartement,45,2,,,,,,2.126707,48.79809
2024-963354,2024-12-20,000001,Vente,650000,40,,AV DE SAINT CLOUD,2730,78000,78646,Versailles,78,,,78646000AI0301,,,2,,,,,,,,,,1,3,Dépendance,,0,,,,,,2.134342,48.80461
2024-963354,2024-12-20,000001,Vente,650000,40,,AV DE SAINT CLOUD,2730,78000,78646,Versailles,78,,,78646000AI0301,,,2,,,,,,,,,,1,3,Dépendance,,0,,,,,,2.134342,48.80461
2024-963354,2024-12-20,000001,Vente,650000,40,,AV DE SAINT CLOUD,2730,78000,78646,Versailles,78,,,78646000AI0301,,,2,,,,,,,,,,1,2,Appartement,114,4,,,,,,2.134342,48.80461
2024-963390,2024-12-26,000001,Vente,183390,19,,RUE DES BOURDONNAIS,0400,78000,78646,Versailles,78,,,78646000BT0207,,,40,18.67,41,,,,,,,,2,2,Appartement,25,1,,,,,,2.126637,48.795652
2024-963397,2024-12-26,000001,Vente en l'état futur d'achèvement,672000,,,LA SABLIERE,B029,78000,78646,Versailles,78,,,78646000BY0108,,,301,,,,,,,,,,1,,,,,,,,,,2.079319,48.802074
2024-963397,2024-12-26,000001,Vente en l'état futur d'achèvement,672000,,,LA SABLIERE,B029,78000,78646,Versailles,78,,,78646000BY0108,,,457,,,,,,,,,,1,,,,,,,,,,2.079319,48.802074
2024-963448,2024-12-05,000001,Vente,3850000,1,,RUE BAILLET REVIRON,0270,78000,78646,Versailles,78,,,78646000AE0032,,,,,,,,,,,,,0,3,Dépendance,,0,S,sols,,,562,2.129693,48.808707
2024-963448,2024-12-05,000001,Vente,3850000,1,,RUE BAILLET REVIRON,0270,78000,78646,Versailles,78,,,78646000AE0032,,,,,,,,,,,,,0,3,Dépendance,,0,S,sols,,,562,2.129693,48.808707
2024-963448,2024-12-05,000001,Vente,3850000,1,,RUE BAILLET REVIRON,0270,78000,78646,Versailles,78,,,78646000AE0032,,,,,,,,,,,,,0,3,Dépendance,,0,S,sols,,,562,2.129693,48.808707
2024-963448,2024-12-05,000001,Vente,3850000,1,,RUE BAILLET REVIRON,0270,78000,78646,Versailles,78,,,78646000AE0032,,,,,,,,,,,,,0,3,Dépendance,,0,S,sols,,,562,2.129693,48.808707
2024-963448,2024-12-05,000001,Vente,3850000,1,,RUE BAILLET REVIRON,0270,78000,78646,Versailles,78,,,78646000AE0032,,,,,,,,,,,,,0,3,Dépendance,,0,S,sols,,,562,2.129693,48.808707
2024-963448,2024-12-05,000001,Vente,3850000,1,,RUE BAILLET REVIRON,0270,78000,78646,Versailles,78,,,78646000AE0032,,,,,,,,,,,,,0,3,Dépendance,,0,S,sols,,,562,2.129693,48.808707
2024-963448,2024-12-05,000001,Vente,3850000,1,,RUE BAILLET REVIRON,0270,78000,78646,Versailles,78,,,78646000AE0032,,,,,,,,,,,,,0,3,Dépendance,,0,S,sols,,,562,2.129693,48.808707
2024-963448,2024-12-05,000001,Vente,3850000,1,,RUE BAILLET REVIRON,0270,78000,78646,Versailles,78,,,78646000AE0032,,,,,,,,,,,,,0,3,Dépendance,,0,S,sols,,,562,2.129693,48.808707
2024-963448,2024-12-05,000001,Vente,3850000,1,,RUE BAILLET REVIRON,0270,78000,78646,Versailles,78,,,78646000AE0032,,,,,,,,,,,,,0,3,Dépendance,,0,S,sols,,,562,2.129693,48.808707
2024-963448,2024-12-05,000001,Vente,3850000,1,,RUE BAILLET REVIRON,0270,78000,78646,Versailles,78,,,78646000AE0032,,,,,,,,,,,,,0,3,Dépendance,,0,S,sols,,,562,2.129693,48.808707
2024-963448,2024-12-05,000001,Vente,3850000,1,,RUE BAILLET REVIRON,0270,78000,78646,Versailles,78,,,78646000AE0032,,,,,,,,,,,,,0,3,Dépendance,,0,S,sols,,,562,2.129693,48.808707
2024-963448,2024-12-05,000001,Vente,3850000,1,,RUE BAILLET REVIRON,0270,78000,78646,Versailles,78,,,78646000AE0032,,,,,,,,,,,,,0,3,Dépendance,,0,S,sols,,,562,2.129693,48.808707
2024-963448,2024-12-05,000001,Vente,3850000,1,,RUE BAILLET REVIRON,0270,78000,78646,Versailles,78,,,78646000AE0032,,,,,,,,,,,,,0,3,Dépendance,,0,S,sols,,,562,2.129693,48.808707
2024-963448,2024-12-05,000001,Vente,3850000,1,,RUE BAILLET REVIRON,0270,78000,78646,Versailles,78,,,78646000AE0032,,,,,,,,,,,,,0,3,Dépendance,,0,S,sols,,,562,2.129693,48.808707
2024-963448,2024-12-05,000001,Vente,3850000,1,,RUE BAILLET REVIRON,0270,78000,78646,Versailles,78,,,78646000AE0032,,,,,,,,,,,,,0,3,Dépendance,,0,S,sols,,,562,2.129693,48.808707
2024-963448,2024-12-05,000001,Vente,3850000,1,,RUE BAILLET REVIRON,0270,78000,78646,Versailles,78,,,78646000AE0032,,,,,,,,,,,,,0,3,Dépendance,,0,S,sols,,,562,2.129693,48.808707
2024-963448,2024-12-05,000001,Vente,3850000,1,,RUE BAILLET REVIRON,0270,78000,78646,Versailles,78,,,78646000AE0032,,,,,,,,,,,,,0,3,Dépendance,,0,S,sols,,,562,2.129693,48.808707
2024-963448,2024-12-05,000001,Vente,3850000,1,,RUE BAILLET REVIRON,0270,78000,78646,Versailles,78,,,78646000AE0032,,,,,,,,,,,,,0,2,Appartement,78,2,S,sols,,,562,2.129693,48.808707
2024-963448,2024-12-05,000001,Vente,3850000,1,,RUE BAILLET REVIRON,0270,78000,78646,Versailles,78,,,78646000AE0032,,,,,,,,,,,,,0,2,Appartement,157,6,S,sols,,,562,2.129693,48.808707
2024-963448,2024-12-05,000001,Vente,3850000,1,,RUE BAILLET REVIRON,0270,78000,78646,Versailles,78,,,78646000AE0032,,,,,,,,,,,,,0,3,Dépendance,,0,S,sols,,,562,2.129693,48.808707
2024-963448,2024-12-05,000001,Vente,3850000,1,,RUE BAILLET REVIRON,0270,78000,78646,Versailles,78,,,78646000AE0032,,,,,,,,,,,,,0,2,Appartement,39,2,S,sols,,,562,2.129693,48.808707
2024-963448,2024-12-05,000001,Vente,3850000,1,,RUE BAILLET REVIRON,0270,78000,78646,Versailles,78,,,78646000AE0032,,,,,,,,,,,,,0,2,Appartement,97,4,S,sols,,,562,2.129693,48.808707
2024-963448,2024-12-05,000001,Vente,3850000,1,,RUE BAILLET REVIRON,0270,78000,78646,Versailles,78,,,78646000AE0032,,,,,,,,,,,,,0,3,Dépendance,,0,S,sols,,,562,2.129693,48.808707
2024-963448,2024-12-05,000001,Vente,3850000,1,,RUE BAILLET REVIRON,0270,78000,78646,Versailles,78,,,78646000AE0032,,,,,,,,,,,,,0,3,Dépendance,,0,S,sols,,,562,2.129693,48.808707
2024-963448,2024-12-05,000001,Vente,3850000,1,,RUE BAILLET REVIRON,0270,78000,78646,Versailles,78,,,78646000AE0032,,,,,,,,,,,,,0,2,Appartement,53,3,S,sols,,,562,2.129693,48.808707
2024-963448,2024-12-05,000001,Vente,3850000,1,,RUE BAILLET REVIRON,0270,78000,78646,Versailles,78,,,78646000AE0032,,,,,,,,,,,,,0,2,Appartement,53,3,S,sols,,,562,2.129693,48.808707
2024-963448,2024-12-05,000001,Vente,3850000,1,,RUE BAILLET REVIRON,0270,78000,78646,Versailles,78,,,78646000AE0032,,,,,,,,,,,,,0,2,Appartement,68,2,S,sols,,,562,2.129693,48.808707
2024-963448,2024-12-05,000001,Vente,3850000,1,,RUE BAILLET REVIRON,0270,78000,78646,Versailles,78,,,78646000AE0032,,,,,,,,,,,,,0,2,Appartement,53,3,S,sols,,,562,2.129693,48.808707
2024-963448,2024-12-05,000001,Vente,3850000,1,,RUE BAILLET REVIRON,0270,78000,78646,Versailles,78,,,78646000AE0032,,,,,,,,,,,,,0,2,Appartement,124,4,S,sols,,,562,2.129693,48.808707
2024-963448,2024-12-05,000001,Vente,3850000,1,,RUE BAILLET REVIRON,0270,78000,78646,Versailles,78,,,78646000AE0032,,,,,,,,,,,,,0,2,Appartement,66,4,S,sols,,,562,2.129693,48.808707
2024-963458,2024-12-11,000001,Vente,1406453,4,,RUE DE BEAUVAU,0320,78000,78646,Versailles,78,,,78646000AD0270,,,12,150,5,,,,,,,,2,2,Appartement,145,7,,,,,,2.130991,48.811804
2024-963458,2024-12-11,000001,Vente,1406453,4,,RUE DE BEAUVAU,0320,78000,78646,Versailles,78,,,78646000AD0270,,,12,150,5,,,,,,,,2,3,Dépendance,,0,,,,,,2.130991,48.811804
2024-963490,2024-12-19,000001,Vente,930000,14,,RUE CARNOT,0440,78000,78646,Versailles,78,,,78646000AE0333,,,7,141,,,,,,,,,1,4,Local industriel. commercial ou assimilé,141,0,,,,,,2.126518,48.806223
2024-963504,2024-12-18,000001,Vente,685090,49,,AV DE PARIS,2180,78000,78646,Versailles,78,,,78646000BP0135,,,1,87.57,22,,,,,,,,2,2,Appartement,89,3,,,,,,2.140035,48.800154
2024-963504,2024-12-18,000001,Vente,685090,49,,AV DE PARIS,2180,78000,78646,Versailles,78,,,78646000BP0135,,,36,,,,,,,,,,1,3,Dépendance,,0,,,,,,2.140035,48.800154
2024-963504,2024-12-18,000001,Vente,685090,49,,AV DE PARIS,2180,78000,78646,Versailles,78,,,78646000BP0135,,,1,87.57,22,,,,,,,,2,3,Dépendance,,0,,,,,,2.140035,48.800154
2024-963537,2024-12-13,000001,Vente,30000,39,,BD DU ROI,2641,78000,78646,Versailles,78,,,78646000AC0108,,,187,,,,,,,,,,1,3,Dépendance,,0,,,,,,2.127742,48.814503
2024-963564,2024-12-20,000001,Vente,1000000,41,,BD DE LA REINE,2520,78000,78646,Versailles,78,,,78646000AD0024,,,13,,14,,21,,6,141.61,7,,5,3,Dépendance,,0,,,,,,2.127743,48.809672
2024-963564,2024-12-20,000001,Vente,1000000,41,,BD DE LA REINE,2520,78000,78646,Versailles,78,,,78646000AD0024,,,13,,14,,21,,6,141.61,7,,5,3,Dépendance,,0,,,,,,2.127743,48.809672
2024-963564,2024-12-20,000001,Vente,1000000,41,,BD DE LA REINE,2520,78000,78646,Versailles,78,,,78646000AD0024,,,13,,14,,21,,6,141.61,7,,5,2,Appartement,152,6,,,,,,2.127743,48.809672
2024-963598,2024-12-23,000001,Vente en l'état futur d'achèvement,432998,,,LA SABLIERE,B029,78000,78646,Versailles,78,,,78646000BY0121,,,23,,,,,,,,,,1,,,,,,,,,,2.079148,48.803081
2024-963599,2024-12-23,000001,Vente en l'état futur d'achèvement,25000,,,LA SABLIERE,B029,78000,78646,Versailles,78,,,78646000BY0110,,,130,,,,,,,,,,1,,,,,,,,,,2.078228,48.802624
2024-963602,2024-12-23,000001,Vente,404500,4,,PROM MONA LISA,1965,78000,78646,Versailles,78,,,78646000AZ0110,,,1674,,1746,101.57,,,,,,,2,2,Appartement,81,3,,,,,,2.158672,48.8041
2024-963602,2024-12-23,000001,Vente,404500,4,,PROM MONA LISA,1965,78000,78646,Versailles,78,,,78646000AZ0110,,,1674,,1746,101.57,,,,,,,2,3,Dépendance,,0,,,,,,2.158672,48.8041
2024-963602,2024-12-23,000001,Vente,404500,5,,RUE DE L ECOLE DES POSTES,0850,78000,78646,Versailles,78,,,78646000AZ0110,,,3699,,,,,,,,,,1,3,Dépendance,,0,,,,,,2.158672,48.8041
2024-963608,2024-12-20,000001,Vente,345000,24,,RUE HENRI DE REGNIER,1310,78000,78646,Versailles,78,,,78646000BW0159,,,1,44.73,,,,,,,,,1,2,Appartement,42,3,,,,,,2.126069,48.793281
2024-963608,2024-12-20,000001,Vente,345000,24,,RUE HENRI DE REGNIER,1310,78000,78646,Versailles,78,,,78646000BW0159,,,1,44.73,,,,,,,,,1,3,Dépendance,,0,,,,,,2.126069,48.793281
2024-963608,2024-12-20,000001,Vente,345000,24,,RUE HENRI DE REGNIER,1310,78000,78646,Versailles,78,,,78646000BW0159,,,1,44.73,,,,,,,,,1,3,Dépendance,,0,,,,,,2.126069,48.793281
2024-963654,2024-12-20,000001,Vente,180000,13,,RUE LOUIS HAUSSMANN,1679,78000,78646,Versailles,78,,,78646000AS0004,,,13,,3,35.17,,,,,,,2,2,Appartement,34,2,,,,,,2.144016,48.810853
2024-963654,2024-12-20,000001,Vente,180000,13,,RUE LOUIS HAUSSMANN,1679,78000,78646,Versailles,78,,,78646000AS0004,,,13,,3,35.17,,,,,,,2,3,Dépendance,,0,,,,,,2.144016,48.810853
2024-963654,2024-12-20,000001,Vente,180000,13,,RUE LOUIS HAUSSMANN,1679,78000,78646,Versailles,78,,,78646000AS0004,,,13,,3,35.17,,,,,,,2,3,Dépendance,,0,,,,,,2.144016,48.810853
2024-963656,2024-12-13,000001,Vente,250000,19,,RUE SAINT HONORE,2780,78000,78646,Versailles,78,,,78646000BV0135,,,14,,21,,6,41.31,,,,,3,2,Appartement,35,2,,,,,,2.125161,48.797877
2024-963656,2024-12-13,000001,Vente,250000,19,,RUE SAINT HONORE,2780,78000,78646,Versailles,78,,,78646000BV0135,,,14,,21,,6,41.31,,,,,3,3,Dépendance,,0,,,,,,2.125161,48.797877
2024-963656,2024-12-13,000001,Vente,250000,19,,RUE SAINT HONORE,2780,78000,78646,Versailles,78,,,78646000BV0135,,,14,,21,,6,41.31,,,,,3,3,Dépendance,,0,,,,,,2.125161,48.797877
2024-963725,2024-12-20,000001,Vente,1088450,7,,IMP ADELE MULOT,0040,78000,78646,Versailles,78,,,78646000AY0086,,,,,,,,,,,,,0,1,Maison,107,6,S,sols,,,219,2.150947,48.801587
2024-963725,2024-12-20,000001,Vente,1088450,,,IMP ADELE MULOT,0040,78000,78646,Versailles,78,,,78646000AY0296,,,,,,,,,,,,,0,,,,,S,sols,,,37,2.150749,48.801542
2024-963735,2024-12-12,000001,Vente,25000,18,,RUE SAINTE SOPHIE,2890,78000,78646,Versailles,78,,,78646000AD0311,,,105,,,,,,,,,,1,3,Dépendance,,0,,,,,,2.133996,48.811487
2024-963757,2024-12-16,000001,Vente,477000,58,,AV DE PARIS,2180,78000,78646,Versailles,78,,,78646000BN0004,,,22,75.58,23,,5,,,,,,3,2,Appartement,74,4,,,,,,2.138521,48.799382
2024-963757,2024-12-16,000001,Vente,477000,58,,AV DE PARIS,2180,78000,78646,Versailles,78,,,78646000BN0004,,,22,75.58,23,,5,,,,,,3,3,Dépendance,,0,,,,,,2.138521,48.799382
2024-963761,2024-12-18,000001,Vente,626450,5,,RUE DU BAILLAGE,0260,78000,78646,Versailles,78,,,78646000AE0091,,123,,,,,,,,,,,0,,,,,,,,,,2.131364,48.807615
2024-963777,2024-12-20,000001,Vente,19000,5,,RUE DE L ECOLE DES POSTES,0850,78000,78646,Versailles,78,,,78646000AZ0110,,,3827,,,,,,,,,,1,3,Dépendance,,0,,,,,,2.158672,48.8041
2024-963794,2024-12-10,000001,Vente,148000,7,,RUE LA QUINTINIE,2470,78000,78646,Versailles,78,,,78646000BV0007,,,106,,,,,,,,,,1,2,Appartement,15,1,,,,,,2.12019,48.800208
2024-963794,2024-12-10,000001,Vente,148000,7,,RUE LA QUINTINIE,2470,78000,78646,Versailles,78,,,78646000BV0007,,,106,,,,,,,,,,1,3,Dépendance,,0,,,,,,2.12019,48.800208
2024-963839,2024-12-20,000001,Vente,302620,23,,RUE DU PONT COLBERT,2370,78000,78646,Versailles,78,,,78646000BI0301,,,116,,127,,147,,,,,,3,2,Appartement,63,3,,,,,,2.151121,48.788068
2024-963839,2024-12-20,000001,Vente,302620,23,,RUE DU PONT COLBERT,2370,78000,78646,Versailles,78,,,78646000BI0301,,,116,,127,,147,,,,,,3,3,Dépendance,,0,,,,,,2.151121,48.788068
2024-963839,2024-12-20,000001,Vente,302620,23,,RUE DU PONT COLBERT,2370,78000,78646,Versailles,78,,,78646000BI0301,,,116,,127,,147,,,,,,3,3,Dépendance,,0,,,,,,2.151121,48.788068
2024-963839,2024-12-20,000001,Vente,302620,25,,RUE DU PONT COLBERT,2370,78000,78646,Versailles,78,,,78646000BI0301,,,169,,,,,,,,,,1,3,Dépendance,,0,,,,,,2.151121,48.788068
2024-963935,2024-12-30,000001,Vente,133000,42,,RUE HENRI DE REGNIER,1310,78000,78646,Versailles,78,,,78646000BW0150,,,7,,,,,,,,,,1,2,Appartement,15,1,,,,,,2.127388,48.792874
2024-963944,2024-12-30,000001,Vente en l'état futur d'achèvement,994000,104,,AV DE PARIS,2180,78000,78646,Versailles,78,,,78646000BK0019,,,84,,,,,,,,,,1,3,Dépendance,,0,,,,,,2.150393,48.797197
2024-963944,2024-12-30,000001,Vente en l'état futur d'achèvement,994000,104,,AV DE PARIS,2180,78000,78646,Versailles,78,,,78646000BK0019,,,54,110,,,,,,,,,1,1,Maison,110,5,,,,,,2.150393,48.797197
2024-963945,2024-12-23,000001,Vente,435000,18,,RUE SAINTE SOPHIE,2890,78000,78646,Versailles,78,,,78646000AD0311,,,26,74.15,57,,,,,,,,2,2,Appartement,75,3,,,,,,2.133996,48.811487
2024-963945,2024-12-23,000001,Vente,435000,18,,RUE SAINTE SOPHIE,2890,78000,78646,Versailles,78,,,78646000AD0311,,,26,74.15,57,,,,,,,,2,3,Dépendance,,0,,,,,,2.133996,48.811487
2024-963950,2024-12-30,000001,Vente,810000,115,,AV DE PARIS,2180,78000,78646,Versailles,78,,,78646000BC0062,,,223,,250,,,,,,,,2,2,Appartement,145,6,,,,,,2.157995,48.800801
2024-963950,2024-12-30,000001,Vente,810000,115,,AV DE PARIS,2180,78000,78646,Versailles,78,,,78646000BC0062,,,223,,250,,,,,,,,2,3,Dépendance,,0,,,,,,2.157995,48.800801
2024-963950,2024-12-30,000001,Vente,810000,115,,AV DE PARIS,2180,78000,78646,Versailles,78,,,78646000BC0062,,,251,,,,,,,,,,1,3,Dépendance,,0,,,,,,2.157995,48.800801
2024-963950,2024-12-30,000001,Vente,810000,115,,AV DE PARIS,2180,78000,78646,Versailles,78,,,78646000BC0062,,,18,,,,,,,,,,1,3,Dépendance,,0,,,,,,2.157995,48.800801
2024-963972,2024-12-27,000001,Vente,952400,16,,RUE ALBERT JOLY,0050,78000,78646,Versailles,78,,,78646000AK0173,,,21,,,,,,,,,,1,3,Dépendance,,0,,,,,,2.137394,48.810233
2024-963972,2024-12-27,000001,Vente,952400,16,,RUE ALBERT JOLY,0050,78000,78646,Versailles,78,,,78646000AK0173,,,127,,206,,,,,,,,2,3,Dépendance,,0,,,,,,2.137394,48.810233
2024-963972,2024-12-27,000001,Vente,952400,16,,RUE ALBERT JOLY,0050,78000,78646,Versailles,78,,,78646000AK0173,,,22,,,,,,,,,,1,3,Dépendance,,0,,,,,,2.137394,48.810233
2024-963972,2024-12-27,000001,Vente,952400,16,,RUE ALBERT JOLY,0050,78000,78646,Versailles,78,,,78646000AK0173,,,127,,206,,,,,,,,2,2,Appartement,116,5,,,,,,2.137394,48.810233
2024-963974,2024-12-23,000001,Vente,285000,23,,RUE DES RESERVOIRS,2580,78000,78646,Versailles,78,,,78646000AC0231,,,12,56.79,20,,25,,,,,,3,3,Dépendance,,0,,,,,,2.12459,48.809112
2024-963974,2024-12-23,000001,Vente,285000,23,,RUE DES RESERVOIRS,2580,78000,78646,Versailles,78,,,78646000AC0231,,,12,56.79,20,,25,,,,,,3,3,Dépendance,,0,,,,,,2.12459,48.809112
2024-963974,2024-12-23,000001,Vente,285000,23,,RUE DES RESERVOIRS,2580,78000,78646,Versailles,78,,,78646000AC0231,,,12,56.79,20,,25,,,,,,3,2,Appartement,55,3,,,,,,2.12459,48.809112
2024-964001,2024-12-18,000001,Vente,740000,21,B,RUE DU MARECHAL GALLIENI,1812,78000,78646,Versailles,78,,,78646000AC0005,,,1021,80.69,1256,,,,,,,,2,3,Dépendance,,0,,,,,,2.123201,48.811375
2024-964001,2024-12-18,000001,Vente,740000,21,B,RUE DU MARECHAL GALLIENI,1812,78000,78646,Versailles,78,,,78646000AC0005,,,1021,80.69,1256,,,,,,,,2,2,Appartement,81,3,,,,,,2.123201,48.811375
2024-964001,2024-12-18,000001,Vente,740000,21,B,RUE DU MARECHAL GALLIENI,1812,78000,78646,Versailles,78,,,78646000AC0005,,,1326,,,,,,,,,,1,3,Dépendance,,0,,,,,,2.123201,48.811375
2024-964016,2024-12-11,000001,Vente,312969,34,,RUE DES BOURDONNAIS,0400,78000,78646,Versailles,78,,,78646000BW0022,,,18,,2,37.39,25,,3,,4,,5,3,Dépendance,,0,,,,,,2.127799,48.794925
2024-964016,2024-12-11,000001,Vente,312969,34,,RUE DES BOURDONNAIS,0400,78000,78646,Versailles,78,,,78646000BW0022,,,18,,2,37.39,25,,3,,4,,5,2,Appartement,37,2,,,,,,2.127799,48.794925
2024-964022,2024-12-30,000001,Vente en l'état futur d'achèvement,444800,,,LA SABLIERE,B029,78000,78646,Versailles,78,,,78646000BY0121,,,28,,,,,,,,,,1,,,,,,,,,,2.079148,48.803081
2024-964030,2024-12-18,000001,Vente,314000,17,,RUE DES MISSIONNAIRES,1920,78000,78646,Versailles,78,,,78646000AD0396,,,35,,,,,,,,,,1,2,Appartement,41,2,,,,,,2.131727,48.81298
2024-964030,2024-12-18,000001,Vente,314000,17,,RUE DES MISSIONNAIRES,1920,78000,78646,Versailles,78,,,78646000AD0396,,,137,,,,,,,,,,1,3,Dépendance,,0,,,,,,2.131727,48.81298
2024-964030,2024-12-18,000001,Vente,314000,17,,RUE DES MISSIONNAIRES,1920,78000,78646,Versailles,78,,,78646000AD0396,,,25,,,,,,,,,,1,3,Dépendance,,0,,,,,,2.131727,48.81298
2024-964033,2024-12-30,000001,Vente en l'état futur d'achèvement,25000,,,LA SABLIERE,B029,78000,78646,Versailles,78,,,78646000BY0110,,,182,,,,,,,,,,1,,,,,,,,,,2.078228,48.802624
2024-964065,2024-12-17,000001,Vente,522000,5,,RUE DE L ECOLE DES POSTES,0850,78000,78646,Versailles,78,,,78646000AZ0110,,,3169,,,,,,,,,,1,3,Dépendance,,0,,,,,,2.158672,48.8041
2024-964065,2024-12-17,000001,Vente,522000,15,,PL ROYALE,2650,78000,78646,Versailles,78,,,78646000AZ0110,,,1311,,1352,,,,,,,,2,2,Appartement,118,5,,,,,,2.158672,48.8041
2024-964065,2024-12-17,000001,Vente,522000,15,,PL ROYALE,2650,78000,78646,Versailles,78,,,78646000AZ0110,,,1311,,1352,,,,,,,,2,3,Dépendance,,0,,,,,,2.158672,48.8041
2024-964067,2024-12-30,000001,Vente en l'état futur d'achèvement,420000,,,LA SABLIERE,B029,78000,78646,Versailles,78,,,78646000BY0108,,,417,,,,,,,,,,1,,,,,,,,,,2.079319,48.802074
2024-964067,2024-12-30,000001,Vente en l'état futur d'achèvement,420000,,,LA SABLIERE,B029,78000,78646,Versailles,78,,,78646000BY0108,,,109,,,,,,,,,,1,,,,,,,,,,2.079319,48.802074
2024-964125,2024-12-27,000001,Vente,2041250,7,B,RUE DES MISSIONNAIRES,1920,78000,78646,Versailles,78,,,78646000AD0547,,,,,,,,,,,,,0,1,Maison,235,6,S,sols,,,553,2.129161,48.81328
2024-964130,2024-12-20,000001,Vente,1595000,10,,RUE L ABBE DE L EPEE,0010,78000,78646,Versailles,78,,,78646000AI0246,,,,,,,,,,,,,0,1,Maison,134,7,S,sols,,,306,2.136078,48.80668
2024-964130,2024-12-20,000001,Vente,1595000,10,,RUE L ABBE DE L EPEE,0010,78000,78646,Versailles,78,,,78646000AI0246,,,,,,,,,,,,,0,3,Dépendance,,0,S,sols,,,306,2.136078,48.80668
2024-964135,2024-12-18,000001,Vente,23000,23,,RUE DU PARC DE CLAGNY,2171,78000,78646,Versailles,78,,,78646000AK0076,,,20,,,,,,,,,,1,3,Dépendance,,0,,,,,,2.140335,48.811699
2024-964137,2024-12-16,000001,Vente,430000,10,,RUE ANDRE CHENIER,0160,78000,78646,Versailles,78,,,78646000AI0194,,,19,,3,,,,,,,,2,4,Local industriel. commercial ou assimilé,60,0,,,,,,2.133369,48.806598
2024-964169,2024-12-27,000001,Vente,910000,14,,BD DE LA REINE,2520,78000,78646,Versailles,78,,,78646000AC0226,,,14,,5,,,,,,,,2,2,Appartement,104,4,,,,,,2.124915,48.809307
2024-964169,2024-12-27,000001,Vente,910000,14,,BD DE LA REINE,2520,78000,78646,Versailles,78,,,78646000AC0226,,,14,,5,,,,,,,,2,3,Dépendance,,0,,,,,,2.124915,48.809307
2024-964199,2024-12-30,000001,Vente,957000,15,,RUE PLOIX,2350,78000,78646,Versailles,78,,,78646000BL0014,,,,,,,,,,,,,0,4,Local industriel. commercial ou assimilé,500,0,S,sols,,,500,2.143572,48.79463
2024-964199,2024-12-30,000001,Vente,957000,15,,RUE PLOIX,2350,78000,78646,Versailles,78,,,78646000BL0014,,,,,,,,,,,,,0,4,Local industriel. commercial ou assimilé,500,0,T,terres,,,485,2.143572,48.79463
2024-964207,2024-12-11,000001,Vente,665000,51,,RUE DU MAL FOCH,1810,78000,78646,Versailles,78,,,78646000AD0104,,,25,,36,,42,,,,,,3,4,Local industriel. commercial ou assimilé,93,0,,,,,,2.133706,48.810126
2024-964216,2024-12-18,000001,Vente,151000,44,,RUE ALBERT SARRAUT,0080,78000,78646,Versailles,78,,,78646000BK0232,,,10,,158,,,,,,,,2,3,Dépendance,,0,,,,,,2.14982,48.795098
2024-964216,2024-12-18,000001,Vente,151000,44,,RUE ALBERT SARRAUT,0080,78000,78646,Versailles,78,,,78646000BK0232,,,10,,158,,,,,,,,2,2,Appartement,29,1,,,,,,2.14982,48.795098
2024-964248,2024-12-27,000001,Vente,461280,9,,AV DES ETATS UNIS,0990,78000,78646,Versailles,78,,,78646000AX0490,,,93,,,,,,,,,,1,3,Dépendance,,0,,,,,,2.142342,48.80702
2024-964248,2024-12-27,000001,Vente,461280,9,,AV DES ETATS UNIS,0990,78000,78646,Versailles,78,,,78646000AX0490,,,29,,73,,,,,,,,2,3,Dépendance,,0,,,,,,2.142342,48.80702
2024-964248,2024-12-27,000001,Vente,461280,9,,AV DES ETATS UNIS,0990,78000,78646,Versailles,78,,,78646000AX0490,,,29,,73,,,,,,,,2,2,Appartement,96,4,,,,,,2.142342,48.80702
2024-964297,2024-12-10,000001,Vente,1051500,6,,RUE FRANCOIS BOUCHER,1120,78000,78646,Versailles,78,,,78646000AZ0117,,,,,,,,,,,,,0,1,Maison,105,4,S,sols,,,253,2.158239,48.805553
2024-964301,2024-12-30,000001,Vente,327000,19,B,RUE DU PONT COLBERT,2370,78000,78646,Versailles,78,,,78646000BI0285,,,45,75.43,46,,,,,,,,2,3,Dépendance,,0,,,,,,2.149823,48.788624
2024-964301,2024-12-30,000001,Vente,327000,19,B,RUE DU PONT COLBERT,2370,78000,78646,Versailles,78,,,78646000BI0285,,,70,,,,,,,,,,1,3,Dépendance,,0,,,,,,2.149823,48.788624
2024-964301,2024-12-30,000001,Vente,327000,19,B,RUE DU PONT COLBERT,2370,78000,78646,Versailles,78,,,78646000BI0285,,,45,75.43,46,,,,,,,,2,2,Appartement,74,4,,,,,,2.149823,48.788624
2024-964318,2024-12-30,000001,Vente,2118800,5,,RUE REMILLY,2530,78000,78646,Versailles,78,,,78646000AK0043,,,,,,,,,,,,,0,1,Maison,250,7,S,sols,,,267,2.136175,48.811939
2024-964339,2024-12-20,000001,Vente,136500,29,,RUE DE L ORANGERIE,2110,78000,78646,Versailles,78,,,78646000AH0119,,,34,,,,,,,,,,1,2,Appartement,17,1,,,,,,2.123445,48.800178
2024-964339,2024-12-20,000001,Vente,136500,29,,RUE DE L ORANGERIE,2110,78000,78646,Versailles,78,,,78646000AH0119,,,33,,,,,,,,,,1,3,Dépendance,,0,,,,,,2.123445,48.800178
2024-964350,2024-12-26,000001,Vente,245000,3,,RUE BORGNIS DESBORDES,0395,78000,78646,Versailles,78,,,78646000BW0076,,,20,31.86,25,,33,,39,,,,4,3,Dépendance,,0,,,,,,2.12329,48.795173
2024-964350,2024-12-26,000001,Vente,245000,3,,RUE BORGNIS DESBORDES,0395,78000,78646,Versailles,78,,,78646000BW0076,,,20,31.86,25,,33,,39,,,,4,3,Dépendance,,0,,,,,,2.12329,48.795173
2024-964350,2024-12-26,000001,Vente,245000,3,,RUE BORGNIS DESBORDES,0395,78000,78646,Versailles,78,,,78646000BW0076,,,20,31.86,25,,33,,39,,,,4,2,Appartement,35,2,,,,,,2.12329,48.795173
2024-964350,2024-12-26,000001,Vente,245000,3,,RUE BORGNIS DESBORDES,0395,78000,78646,Versailles,78,,,78646000BW0076,,,20,31.86,25,,33,,39,,,,4,3,Dépendance,,0,,,,,,2.12329,48.795173
2024-964370,2024-12-20,000001,Vente,600400,18,,RUE DE NOAILLES,2050,78000,78646,Versailles,78,,,78646000BR0124,,,16,80.21,,,,,,,,,1,2,Appartement,76,3,,,,,,2.134105,48.798002
2024-964404,2024-12-30,000001,Vente,1,97,,RES PONT COLBERT 19 BIS,A006,78000,78646,Versailles,78,,,78646000AE0091,,116,,,,,,,,,,,0,,,,,,,,,,2.131364,48.807615
2024-964404,2024-12-30,000001,Vente,1,97,,RES PONT COLBERT 19 BIS,A006,78000,78646,Versailles,78,,,78646000AE0091,,117,,,,,,,,,,,0,,,,,,,,,,2.131364,48.807615
2024-964404,2024-12-30,000001,Vente,1,,,RUE DU BAILLAGE,0260,78000,78646,Versailles,78,,,78646000AE0415,,207,,,,,,,,,,,0,,,,,,,,,,2.131236,48.807468
2024-964404,2024-12-30,000001,Vente,1,,,RUE DU BAILLAGE,0260,78000,78646,Versailles,78,,,78646000AE0415,,208,,,,,,,,,,,0,,,,,,,,,,2.131236,48.807468
2024-964404,2024-12-30,000001,Vente,1,,,RUE DU BAILLAGE,0260,78000,78646,Versailles,78,,,78646000AE0415,,209,,,,,,,,,,,0,,,,,,,,,,2.131236,48.807468
2024-964404,2024-12-30,000001,Vente,1,,,RUE DU BAILLAGE,0260,78000,78646,Versailles,78,,,78646000AE0415,,210,,,,,,,,,,,0,,,,,,,,,,2.131236,48.807468
2024-964404,2024-12-30,000001,Vente,1,,,RUE DU BAILLAGE,0260,78000,78646,Versailles,78,,,78646000AE0415,,211,,,,,,,,,,,0,,,,,,,,,,2.131236,48.807468
2024-964405,2024-12-18,000001,Vente,248450,27,,RUE COSTE,0730,78000,78646,Versailles,78,,,78646000BE0086,,,19,,35,,52,44.57,58,,,,4,2,Appartement,50,3,,,,,,2.157108,48.794575
2024-964460,2024-12-30,000001,Vente,354067,12,,AV DU GEN DE GAULLE,1143,78000,78646,Versailles,78,,,78646000AH0225,,,152,,,,,,,,,,1,3,Dépendance,,0,,,,,,2.128298,48.801276
2024-964460,2024-12-30,000001,Vente,354067,8,,AV DU GEN DE GAULLE,1143,78000,78646,Versailles,78,,,78646000AH0225,,,11,87.52,138,,,,,,,,2,2,Appartement,91,3,,,,,,2.128298,48.801276
2024-964460,2024-12-30,000001,Vente,354067,8,,AV DU GEN DE GAULLE,1143,78000,78646,Versailles,78,,,78646000AH0225,,,11,87.52,138,,,,,,,,2,3,Dépendance,,0,,,,,,2.128298,48.801276
2024-964477,2024-12-27,000001,Vente,1020000,2,,ALL DES GARDES ROYALES,1136,78000,78646,Versailles,78,,,78646000AY0212,,,1019,,,,,,,,,,1,3,Dépendance,,0,,,,,,2.151214,48.802177
2024-964477,2024-12-27,000001,Vente,1020000,3,,ALL DES GARDES ROYALES,1136,78000,78646,Versailles,78,,,78646000AY0212,,,200,,219,,,,,,,,2,2,Appartement,144,5,,,,,,2.151214,48.802177
2024-964477,2024-12-27,000001,Vente,1020000,3,,ALL DES GARDES ROYALES,1136,78000,78646,Versailles,78,,,78646000AY0212,,,200,,219,,,,,,,,2,3,Dépendance,,0,,,,,,2.151214,48.802177
2024-964477,2024-12-27,000001,Vente,1020000,3,,ALL DES GARDES ROYALES,1136,78000,78646,Versailles,78,,,78646000AY0212,,,200,,219,,,,,,,,2,3,Dépendance,,0,,,,,,2.151214,48.802177
2024-964482,2024-12-23,000001,Vente en l'état futur d'achèvement,40000,2,,PL DE GALLY,1133,78000,78646,Versailles,78,,,78646000BY0108,,,425,,,,,,,,,,1,,,,,,,,,,2.079319,48.802074
2024-964482,2024-12-23,000001,Vente en l'état futur d'achèvement,40000,2,,PL DE GALLY,1133,78000,78646,Versailles,78,,,78646000BY0108,,,426,,,,,,,,,,1,,,,,,,,,,2.079319,48.802074
2024-964525,2024-12-30,000001,Vente,196000,23,,RUE DU MAL JOFFRE,1820,78000,78646,Versailles,78,,,78646000BW0087,,,1,,13,,,,,,,,2,3,Dépendance,,0,,,,,,2.121757,48.795167
2024-964525,2024-12-30,000001,Vente,196000,23,,RUE DU MAL JOFFRE,1820,78000,78646,Versailles,78,,,78646000BW0087,,,1,,13,,,,,,,,2,2,Appartement,34,2,,,,,,2.121757,48.795167
2024-964592,2024-12-31,000001,Vente,600000,43,,RUE DE MONTREUIL,2000,78000,78646,Versailles,78,,,78646000AX0300,,,,,,,,,,,,,0,3,Dépendance,,0,S,sols,,,188,2.145189,48.805074
2024-964592,2024-12-31,000001,Vente,600000,43,,RUE DE MONTREUIL,2000,78000,78646,Versailles,78,,,78646000AX0300,,,,,,,,,,,,,0,2,Appartement,75,3,S,sols,,,188,2.145189,48.805074
2024-964592,2024-12-31,000001,Vente,600000,43,,RUE DE MONTREUIL,2000,78000,78646,Versailles,78,,,78646000AX0300,,,,,,,,,,,,,0,4,Local industriel. commercial ou assimilé,140,0,S,sols,,,188,2.145189,48.805074
