{
"type": "FeatureCollection",
"name": "Versailles_-_Quartiers_municipaux",
"crs": { "type": "name", "properties": { "name": "urn:ogc:def:crs:OGC:1.3:CRS84" } },
"features": [
{ "type": "Feature", "properties": { "OBJECTID": 1, "ID": 7, "NOM": "Notre-Dame", "COUCHE": "Quartier de la ville de Versailles", "GlobalID": "73c10659-8a51-4d21-823c-8525b0503129", "Shape__Area": 9064706.1818847694, "Shape__Length": 15181.389630789499 }, "geometry": { "type": "Polygon", "coordinates": [ [ [ 2.09229806772305, 48.823416396345401 ], [ 2.09365762247399, 48.824229338174902 ], [ 2.09461863271741, 48.824808189858103 ], [ 2.09474723701368, 48.824885612860399 ], [ 2.09543733899704, 48.825307349114802 ], [ 2.09551389904625, 48.825354067638401 ], [ 2.09562388538094, 48.825421275496502 ], [ 2.09568467434642, 48.825458430889597 ], [ 2.09710052080202, 48.825024822435203 ], [ 2.09784707876682, 48.824798589798903 ], [ 2.09784995445344, 48.8247977120865 ], [ 2.09889393149637, 48.824488542465801 ], [ 2.09984923973893, 48.824201990972199 ], [ 2.1005517701476, 48.823991959124903 ], [ 2.10060956065454, 48.8239740458841 ], [ 2.10062051670361, 48.823970620597699 ], [ 2.10132221152829, 48.823753382699401 ], [ 2.10219101003966, 48.823497821468401 ], [ 2.10226857495402, 48.823525925565498 ], [ 2.10228563002194, 48.823532169550298 ], [ 2.10229970896883, 48.823537221965303 ], [ 2.10237118245417, 48.823563121695301 ], [ 2.10306466559635, 48.823814582073602 ], [ 2.1032888859182, 48.823948296205799 ], [ 2.10338299855935, 48.824004315252303 ], [ 2.10380496093648, 48.824251306780603 ], [ 2.10401255022378, 48.824370144608402 ], [ 2.10404505985819, 48.824396560843397 ], [ 2.10428242994954, 48.824589732217198 ], [ 2.10457970460481, 48.825022683063601 ], [ 2.1046465912664, 48.825101701812301 ], [ 2.1048011890031, 48.825284538721299 ], [ 2.10496014462904, 48.825467497947301 ], [ 2.10509331971861, 48.82562085352 ], [ 2.10529568724213, 48.825853964009703 ], [ 2.10535098746968, 48.825917695694997 ], [ 2.10572107619688, 48.826164651561399 ], [ 2.10573291991365, 48.826173014629802 ], [ 2.10590264052521, 48.8262925550628 ], [ 2.10617770182878, 48.826449308370798 ], [ 2.10651550203404, 48.826641336615303 ], [ 2.10657566848741, 48.826675603624402 ], [ 2.10670877779015, 48.826737847218801 ], [ 2.10726757131487, 48.826999068782598 ], [ 2.1073455074206, 48.827021865737898 ], [ 2.10750991749903, 48.827070041531897 ], [ 2.10789161690732, 48.827188822223903 ], [ 2.10807670863068, 48.8272464153291 ], [ 2.10842521301942, 48.827354873420902 ], [ 2.10848930200448, 48.827374958124302 ], [ 2.10857872732624, 48.8274030564314 ], [ 2.10971580318158, 48.827759684370903 ], [ 2.1105256890948, 48.828012415984198 ], [ 2.1115188015661, 48.828313182159299 ], [ 2.11254439003735, 48.828643411405601 ], [ 2.1125463903393, 48.828629935245203 ], [ 2.11254854521595, 48.828615380951497 ], [ 2.11258226060059, 48.828491334002202 ], [ 2.11258239833769, 48.828491245084102 ], [ 2.11269317748431, 48.828017273480398 ], [ 2.11269318054526, 48.828017093623103 ], [ 2.11282225174689, 48.827468697074302 ], [ 2.11282225327711, 48.827468607145597 ], [ 2.11289277079116, 48.827175026027902 ], [ 2.11289277232127, 48.827174936099098 ], [ 2.11299348248646, 48.826756022337896 ], [ 2.11299348401638, 48.8267559324091 ], [ 2.11308073504998, 48.826391422364701 ], [ 2.11308087278068, 48.826391333445798 ], [ 2.11311620898852, 48.826243913687897 ], [ 2.11311621051821, 48.826243823758901 ], [ 2.11313953068068, 48.826146141746001 ], [ 2.11313953221035, 48.826146051817197 ], [ 2.11326539598588, 48.825625511637902 ], [ 2.11326553218481, 48.825625512647697 ], [ 2.11340796877549, 48.825027386561302 ], [ 2.11340841100927, 48.825025411153298 ], [ 2.1134085487358, 48.825025322233998 ], [ 2.11343196883311, 48.824929709434002 ], [ 2.11358296486108, 48.824316626211399 ], [ 2.1135829663899, 48.824316536282403 ], [ 2.11375100586576, 48.823614088166401 ], [ 2.11389258555534, 48.823033672431997 ], [ 2.11389800978801, 48.823011047629798 ], [ 2.11389801131626, 48.823010957700703 ], [ 2.11394319995097, 48.8228285335096 ], [ 2.11396439947429, 48.822743247134397 ], [ 2.11402434990259, 48.822501661461402 ], [ 2.11413607224893, 48.822042803180601 ], [ 2.11413636448976, 48.822041636118698 ], [ 2.11414269273578, 48.822013891373601 ], [ 2.1141429865042, 48.822012634382297 ], [ 2.114276405472, 48.8214630965347 ], [ 2.11428124032358, 48.821443075597102 ], [ 2.11428196861787, 48.8214402928336 ], [ 2.1143683072287, 48.821096369896999 ], [ 2.11436918544722, 48.8210927787771 ], [ 2.11442841451506, 48.820853345807201 ], [ 2.11442943807549, 48.820849216118702 ], [ 2.11444295078634, 48.820791394426401 ], [ 2.11440027685216, 48.820785861848101 ], [ 2.11439755617975, 48.820785661818398 ], [ 2.11437511445187, 48.820783786747398 ], [ 2.11437252843873, 48.820783677654902 ], [ 2.1143487172121, 48.8207822421397 ], [ 2.11434586035377, 48.820782041100202 ], [ 2.11434055977847, 48.820781372258899 ], [ 2.11433852309313, 48.820780997412399 ], [ 2.11428600686587, 48.820769545757798 ], [ 2.11428451492661, 48.820769174944999 ], [ 2.11426105245991, 48.820763244964098 ], [ 2.114259018831, 48.820762690257503 ], [ 2.11425807010969, 48.820762413408502 ], [ 2.11423965112389, 48.820756250957899 ], [ 2.11423883858903, 48.8207559751175 ], [ 2.11423396490791, 48.820754230145802 ], [ 2.11421812582837, 48.820748536504503 ], [ 2.11421772032486, 48.820748353619599 ], [ 2.11419688055011, 48.8207403744182 ], [ 2.11419660970527, 48.820740282471199 ], [ 2.11416281980741, 48.820724922145402 ], [ 2.11416254896281, 48.820724830198401 ], [ 2.11415308620612, 48.8207206228318 ], [ 2.11413565416177, 48.820712488981798 ], [ 2.11413511552828, 48.8207121252291 ], [ 2.11410111593599, 48.820693075765703 ], [ 2.11410003561412, 48.820692528118599 ], [ 2.11407928449645, 48.820679332996001 ], [ 2.11407793638667, 48.820678513542902 ], [ 2.11404765664155, 48.820656973283697 ], [ 2.11404388927148, 48.8206542471533 ], [ 2.11404227490261, 48.8206530659645 ], [ 2.11403029186512, 48.820644882527802 ], [ 2.11402786802088, 48.8206432456385 ], [ 2.11404551393591, 48.8206387894001 ], [ 2.11404688190725, 48.820638439772402 ], [ 2.11406847568361, 48.820634102719602 ], [ 2.11406970594088, 48.820633842011901 ], [ 2.11443980789113, 48.820559414264501 ], [ 2.11444117433051, 48.8205591545617 ], [ 2.11448409548568, 48.8205501185749 ], [ 2.11448573582317, 48.820549770959197 ], [ 2.11450391266605, 48.820546128050502 ], [ 2.11450568918908, 48.820545781442902 ], [ 2.11450760342494, 48.820545345914297 ], [ 2.1145095146065, 48.820545090244302 ], [ 2.11452166720535, 48.820543291478003 ], [ 2.11452180339104, 48.820543292486398 ], [ 2.11453367598212, 48.820541941348701 ], [ 2.11453572487631, 48.820541596757302 ], [ 2.11460672163103, 48.820531509442901 ], [ 2.11472263184304, 48.820515368805303 ], [ 2.11472440683682, 48.820515112123601 ], [ 2.11472781911184, 48.820514687681502 ], [ 2.11496168667678, 48.820482151389101 ], [ 2.11503706632946, 48.820486666641401 ], [ 2.11542508980337, 48.820343204124001 ], [ 2.1154803080529, 48.820323985723299 ], [ 2.11563156548302, 48.820271339717998 ], [ 2.11563403206541, 48.820270458552997 ], [ 2.11564691581682, 48.820265697038401 ], [ 2.11564759979229, 48.820265522215301 ], [ 2.11564952010894, 48.820264726950903 ], [ 2.11565198669071, 48.820263845785497 ], [ 2.11587923606906, 48.820179722767698 ], [ 2.11588101866948, 48.820179016421903 ], [ 2.11594338220919, 48.820155913033098 ], [ 2.11596147446511, 48.820149211295899 ], [ 2.11596366866667, 48.820148328110399 ], [ 2.11601109348471, 48.820130690568099 ], [ 2.11601356005404, 48.820129809395297 ], [ 2.11601671212023, 48.820128663467699 ], [ 2.11604686635412, 48.8201174639089 ], [ 2.1160494706314, 48.820116493812499 ], [ 2.11605248498683, 48.820115436806702 ], [ 2.11612554089044, 48.820088275089702 ], [ 2.11612855676703, 48.820087128152601 ], [ 2.11624257561458, 48.8200458786228 ], [ 2.11624627545671, 48.820044556856203 ], [ 2.11624956369704, 48.8200434119289 ], [ 2.11631000051769, 48.820021463337902 ], [ 2.1163139742491, 48.820020053652499 ], [ 2.11631712630206, 48.8200189077169 ], [ 2.11634453538558, 48.820008946966098 ], [ 2.1163487830077, 48.820007449362798 ], [ 2.1164438907495, 48.819972985326302 ], [ 2.11644854996619, 48.819971310879197 ], [ 2.11648034432209, 48.819959763566601 ], [ 2.11648514124441, 48.819958000195001 ], [ 2.11648801939766, 48.819956942171899 ], [ 2.11661396186884, 48.819911283349597 ], [ 2.11661944427308, 48.819909255214398 ], [ 2.11672907855957, 48.819869501821401 ], [ 2.11673965003066, 48.819864543228199 ], [ 2.11674527927185, 48.819861886587098 ], [ 2.1167454185024, 48.819861707734098 ], [ 2.11675436642532, 48.819856107562998 ], [ 2.11676110036889, 48.819852559673997 ], [ 2.11676646028618, 48.819849721161297 ], [ 2.11676659799341, 48.819849632237798 ], [ 2.1169152632318, 48.819793465868798 ], [ 2.11692563791758, 48.819789589590897 ], [ 2.11772717713913, 48.819490125084698 ], [ 2.11782410268238, 48.819456061004502 ], [ 2.11787707111111, 48.819437446387802 ], [ 2.11906370866224, 48.818998289471502 ], [ 2.12027038574355, 48.818556839786297 ], [ 2.12154497087279, 48.818085027119103 ], [ 2.12238315670995, 48.817775489742502 ], [ 2.12238610269588, 48.817778479409199 ], [ 2.1234759049528, 48.817375353642802 ], [ 2.12474945179532, 48.816905118069997 ], [ 2.12476354286778, 48.816901353757103 ], [ 2.12486480441052, 48.816863986988899 ], [ 2.12486791772145, 48.816866506531198 ], [ 2.12490287333458, 48.816852366431299 ], [ 2.12501242999566, 48.816816472315701 ], [ 2.12501530629358, 48.816815504014201 ], [ 2.12502421055677, 48.816812421242503 ], [ 2.12505847187289, 48.816799720466001 ], [ 2.12506121350164, 48.816798661237101 ], [ 2.12513946794755, 48.816769553341899 ], [ 2.12514152265813, 48.816768848848703 ], [ 2.12520881354096, 48.816743797970297 ], [ 2.1252112813032, 48.816742826675203 ], [ 2.12522046242006, 48.816739476091897 ], [ 2.12522183323127, 48.816738946475603 ], [ 2.12522293018188, 48.816738504796803 ], [ 2.12522937118372, 48.816736123515497 ], [ 2.12523183894521, 48.816735152219998 ], [ 2.1252839176745, 48.816715746222599 ], [ 2.12532736298354, 48.816699514919499 ], [ 2.12532969305727, 48.8166986325556 ], [ 2.12537944315007, 48.816680018950102 ], [ 2.12538163553786, 48.816679225518897 ], [ 2.1253834178899, 48.816678519029402 ], [ 2.12541137723821, 48.816668020576302 ], [ 2.1254137058009, 48.816667228140503 ], [ 2.12544276057591, 48.816656377929 ], [ 2.12544495296175, 48.816655584496601 ], [ 2.12547633628455, 48.816643941840397 ], [ 2.12547852866937, 48.816643148407401 ], [ 2.12548387270142, 48.816641208793698 ], [ 2.12549716619997, 48.8166362693308 ], [ 2.12549935858424, 48.816635475897499 ], [ 2.12550867885549, 48.816631946428103 ], [ 2.12551073355556, 48.816631241928398 ], [ 2.12552512399471, 48.816625860780498 ], [ 2.12559666158771, 48.816599311746799 ], [ 2.12559720930614, 48.816599135870497 ], [ 2.12559926551159, 48.816598341439402 ], [ 2.12560968120587, 48.816594460209302 ], [ 2.12561159972751, 48.816593754712002 ], [ 2.12561639603139, 48.816591990968803 ], [ 2.12561831455286, 48.816591285471397 ], [ 2.1256680644401, 48.816572671744197 ], [ 2.12573549250005, 48.816547531630903 ], [ 2.12573727333515, 48.8165469150657 ], [ 2.12573960339502, 48.8165460326938 ], [ 2.12574111187907, 48.816545414137401 ], [ 2.12574289271393, 48.816544797572099 ], [ 2.12575426764569, 48.816540563579402 ], [ 2.12575604848031, 48.816539947014 ], [ 2.12579455952156, 48.816525568221699 ], [ 2.12582155793964, 48.816515512351202 ], [ 2.12582320259716, 48.816514894789201 ], [ 2.12585458725818, 48.8165031621024 ], [ 2.12585513497462, 48.816502986224798 ], [ 2.12585623191498, 48.816502544539901 ], [ 2.1258567796314, 48.816502368662299 ], [ 2.12588240421269, 48.816493022261298 ], [ 2.12595229377258, 48.816467270434003 ], [ 2.12595380074446, 48.816466741804597 ], [ 2.12595407460238, 48.816466653865703 ], [ 2.12597421897863, 48.816459246084101 ], [ 2.12597558977483, 48.816458716459003 ], [ 2.12602574491948, 48.816440285426403 ], [ 2.12606575976816, 48.816425557774799 ], [ 2.12606712905545, 48.816425118078399 ], [ 2.12607466691678, 48.8164222950641 ], [ 2.12607590002875, 48.8164218543724 ], [ 2.12612701435632, 48.816403070544297 ], [ 2.12612824746741, 48.816402629852199 ], [ 2.12618855028305, 48.816380045693599 ], [ 2.12618964721792, 48.816379604005597 ], [ 2.12629037925352, 48.8163419353534 ], [ 2.12630202945987, 48.816337523438399 ], [ 2.12630298871129, 48.8163371706841 ], [ 2.12641551146447, 48.816294821214299 ], [ 2.12641633303305, 48.816294557394102 ], [ 2.1264233231443, 48.816291910237602 ], [ 2.12642400853798, 48.816291645422602 ], [ 2.12646964850582, 48.8162744403879 ], [ 2.12647033389892, 48.816274175572502 ], [ 2.12652912644558, 48.816252299735297 ], [ 2.1265296741571, 48.816252123854603 ], [ 2.12664287440376, 48.816209959000901 ], [ 2.12664328593984, 48.8162097821251 ], [ 2.12669549979374, 48.816190376498596 ], [ 2.12669591132949, 48.816190199622497 ], [ 2.12670153063099, 48.816188082083002 ], [ 2.12670180448607, 48.816187994142297 ], [ 2.12677320621068, 48.816161353470001 ], [ 2.12677348006559, 48.816161265529097 ], [ 2.12679663962186, 48.816152710397297 ], [ 2.12679691347671, 48.8161526224564 ], [ 2.12683597014834, 48.816138157371597 ], [ 2.12683610782862, 48.816138068436103 ], [ 2.12683638168321, 48.8161379804951 ], [ 2.12701289292254, 48.816072443271501 ], [ 2.12701303060223, 48.816072354335802 ], [ 2.12701330445628, 48.816072266394301 ], [ 2.1270319415804, 48.816065387075 ], [ 2.12703207926004, 48.8160652981393 ], [ 2.12705195097968, 48.816057888185199 ], [ 2.1270520871539, 48.816057889179397 ], [ 2.12705482870326, 48.816056829904099 ], [ 2.12710087527478, 48.816039717537301 ], [ 2.12710114912841, 48.8160396295957 ], [ 2.12716090038565, 48.816017400682398 ], [ 2.12716117423916, 48.816017312740598 ], [ 2.12716418963754, 48.8160161655209 ], [ 2.1272562841118, 48.815981850754 ], [ 2.12726971344852, 48.815976912084899 ], [ 2.12727012498052, 48.815976735206903 ], [ 2.12727341422729, 48.815975500042498 ], [ 2.12728876203672, 48.815969855847001 ], [ 2.12728930974272, 48.815969679962798 ], [ 2.12731945915036, 48.815958477519999 ], [ 2.12731987218705, 48.815958210711898 ], [ 2.12734632080683, 48.815948420306398 ], [ 2.1273468685124, 48.815948244422003 ], [ 2.12734769007079, 48.815947980595197 ], [ 2.12745526825097, 48.815908022461301 ], [ 2.12745595363423, 48.815907757640097 ], [ 2.12745705054844, 48.815907315940301 ], [ 2.12754256466567, 48.815875561218398 ], [ 2.12754338622194, 48.815875297390299 ], [ 2.12756421703067, 48.8158675345856 ], [ 2.12756504009118, 48.815867180827397 ], [ 2.12756627317743, 48.8158667401201 ], [ 2.12763219548127, 48.815841947712002 ], [ 2.12763315471456, 48.815841594946797 ], [ 2.12764781856856, 48.815836125596803 ], [ 2.1276711170193, 48.815827391427 ], [ 2.12767207625207, 48.815827038661503 ], [ 2.12774526078081, 48.815799600946001 ], [ 2.12779185760912, 48.815782132563001 ], [ 2.12779295451795, 48.815781690860099 ], [ 2.12785448596778, 48.815758844999003 ], [ 2.12785475981876, 48.815758757055598 ], [ 2.12785613057743, 48.815758227408601 ], [ 2.12794356266522, 48.815725766862002 ], [ 2.12796370797654, 48.8157182688104 ], [ 2.1279652149064, 48.815717740155399 ], [ 2.12797604177632, 48.815713681835597 ], [ 2.12797754870591, 48.815713153180297 ], [ 2.12802907769214, 48.815693921857097 ], [ 2.12803072229758, 48.8156933042644 ], [ 2.12814145246158, 48.8156521093252 ], [ 2.12814309706437, 48.815651491730797 ], [ 2.12820188820717, 48.815629615059002 ], [ 2.12824765716901, 48.815612770048098 ], [ 2.12824957561885, 48.815612064507803 ], [ 2.12831726902864, 48.815587194692498 ], [ 2.12831918747659, 48.8155864891513 ], [ 2.12836865557981, 48.815568321947701 ], [ 2.12837071170242, 48.815567527468403 ], [ 2.12844336884324, 48.815539006189702 ], [ 2.12846660422404, 48.815550328217299 ], [ 2.12848012984262, 48.8155559131947 ], [ 2.12848432264964, 48.815557652631199 ], [ 2.12849622321343, 48.815562686117197 ], [ 2.12852747328747, 48.815575235778901 ], [ 2.12856048911788, 48.815588068123901 ], [ 2.12856062529089, 48.815588069116302 ], [ 2.12856427942207, 48.8155894448605 ], [ 2.12859504794924, 48.815598213478701 ], [ 2.12864414726408, 48.815610263602302 ], [ 2.12869179377278, 48.815619604893499 ], [ 2.12869301632599, 48.815619793683801 ], [ 2.12869505291291, 48.815620168287701 ], [ 2.12872998029566, 48.815624560073701 ], [ 2.12875011739484, 48.815625696152402 ], [ 2.12875936364742, 48.815626572991903 ], [ 2.12876235494956, 48.815626864610003 ], [ 2.12880073624886, 48.815628313493498 ], [ 2.12881898194992, 48.8156285363713 ], [ 2.12886479993719, 48.815706579078501 ], [ 2.12886903730692, 48.8157138052173 ], [ 2.12886983481823, 48.815714980258399 ], [ 2.12889538171624, 48.815759147447302 ], [ 2.12890093876889, 48.815768901542199 ], [ 2.12890186794888, 48.815770347364797 ], [ 2.12891007036304, 48.815784797654501 ], [ 2.12891099653915, 48.815786423336903 ], [ 2.1289194713055, 48.815800875609803 ], [ 2.1289842172132, 48.815911704665901 ], [ 2.12898462723695, 48.815911617711997 ], [ 2.12908327119492, 48.815884634460801 ], [ 2.12909475184852, 48.8158821997377 ], [ 2.12912263343129, 48.815876286833699 ], [ 2.12912372732712, 48.815876024978301 ], [ 2.12932773345988, 48.815827503534699 ], [ 2.12932910120241, 48.815827153730702 ], [ 2.12948589889649, 48.815791959263798 ], [ 2.1294461472198, 48.815725743223702 ], [ 2.12944336714327, 48.815720956118803 ], [ 2.12943621044233, 48.815709121763703 ], [ 2.12943329419416, 48.815704333667 ], [ 2.12939976413578, 48.815648865863501 ], [ 2.12938756949413, 48.815628810206398 ], [ 2.12938478792684, 48.8156241130296 ], [ 2.12936106753036, 48.815584726106799 ], [ 2.12936027151121, 48.8155834611388 ], [ 2.12935748694604, 48.815578943821002 ], [ 2.12934675570782, 48.815560967453401 ], [ 2.12934397114503, 48.815556450135098 ], [ 2.12934105641538, 48.815551572105598 ], [ 2.12933020102688, 48.815532875305102 ], [ 2.12932251920447, 48.815519867886003 ], [ 2.12931722093225, 48.815510925161 ], [ 2.12933909312444, 48.8154978631201 ], [ 2.12936396456118, 48.815476458413798 ], [ 2.12936424141086, 48.815476190607001 ], [ 2.12936935637252, 48.815471640866797 ], [ 2.12937405380703, 48.815467627731302 ], [ 2.12937474367881, 48.815467093109298 ], [ 2.12938732006175, 48.815456121954597 ], [ 2.12938801143466, 48.815455497402503 ], [ 2.12938856363213, 48.8154550517188 ], [ 2.12939519900899, 48.8154491639349 ], [ 2.12939796750222, 48.815446485866602 ], [ 2.1293994894227, 48.815445057893903 ], [ 2.12940599763214, 48.815438629538299 ], [ 2.12940766173006, 48.8154368428373 ], [ 2.12941847385947, 48.815425499070201 ], [ 2.1294205539808, 48.815423265693802 ], [ 2.1294206946572, 48.8154229968954 ], [ 2.12943873787978, 48.8154027116884 ], [ 2.12944124152925, 48.815399581986497 ], [ 2.12944694620357, 48.815392338310403 ], [ 2.12945757153863, 48.815375866550198 ], [ 2.12946023087371, 48.815371568750002 ], [ 2.12946975481125, 48.815355808496697 ], [ 2.12947017533807, 48.815355092031403 ], [ 2.12947271200919, 48.815349983870099 ], [ 2.12947763866939, 48.815340396065402 ], [ 2.12947862490193, 48.815338424546397 ], [ 2.12948059286327, 48.815334751298302 ], [ 2.12948382840814, 48.815328568934397 ], [ 2.12948665393406, 48.815322473526201 ], [ 2.12948919210313, 48.815317275434403 ], [ 2.12949032951852, 48.815314405607303 ], [ 2.12949262086153, 48.815307676723798 ], [ 2.12949591494745, 48.815297987091597 ], [ 2.12949835296917, 48.815290629689599 ], [ 2.12950264829461, 48.815278069238403 ], [ 2.12950439494551, 48.815271336388903 ], [ 2.12950469130779, 48.815269899492598 ], [ 2.12950785865237, 48.815251484672402 ], [ 2.12951060546944, 48.8152337863173 ], [ 2.12951122371204, 48.815229383715298 ], [ 2.12951144995042, 48.8152239889098 ], [ 2.12951169870519, 48.815217245155097 ], [ 2.129511872833, 48.815206813281101 ], [ 2.12951195689467, 48.815201777203903 ], [ 2.12951128697033, 48.815192958120697 ], [ 2.12951129897914, 48.815192238681099 ], [ 2.12951118832587, 48.815190708880699 ], [ 2.12951060954077, 48.815184588687302 ], [ 2.12951037472429, 48.815182338455799 ], [ 2.1295103867331, 48.815181619016101 ], [ 2.12950933981663, 48.815170908429799 ], [ 2.12950934582105, 48.815170548709901 ], [ 2.12950922165785, 48.815169828278997 ], [ 2.12950749838536, 48.815158842945898 ], [ 2.12950725756478, 48.815156952434101 ], [ 2.12950689558331, 48.815154161631497 ], [ 2.12950501662551, 48.815144344396401 ], [ 2.12950438530263, 48.815141371750997 ], [ 2.12950006468877, 48.815122812474101 ], [ 2.12949747485171, 48.815114788880798 ], [ 2.12949552384301, 48.815109288282898 ], [ 2.12949109215097, 48.815097383822099 ], [ 2.12948574929074, 48.815082954382397 ], [ 2.12948275844852, 48.815074478164597 ], [ 2.12947568589221, 48.815057607727297 ], [ 2.12947334288573, 48.815051114924998 ], [ 2.12946761704022, 48.8150351537004 ], [ 2.12960444183302, 48.8150214894115 ], [ 2.12960771895679, 48.815020973621401 ], [ 2.12966097596047, 48.815012367196502 ], [ 2.12966438925464, 48.815011852396097 ], [ 2.12971532081818, 48.815003858606701 ], [ 2.12971873411126, 48.815003343804698 ], [ 2.13004794232219, 48.814951864873301 ], [ 2.13005217563742, 48.814951176146302 ], [ 2.13015677393895, 48.8149344885869 ], [ 2.13016101625108, 48.814933260276099 ], [ 2.13016949787504, 48.814930983514103 ], [ 2.13017414120091, 48.814930207824702 ], [ 2.13027887409289, 48.814913611078602 ], [ 2.13028378975826, 48.814912837365803 ], [ 2.13042088364527, 48.814891169363001 ], [ 2.13042620931976, 48.8148903086852 ], [ 2.13054732757708, 48.814871132639702 ], [ 2.13055292558991, 48.814870273936499 ], [ 2.13059470942145, 48.814863652310102 ], [ 2.13060044510308, 48.814862704664797 ], [ 2.13064700990518, 48.8148552183738 ], [ 2.13065274558483, 48.814854270726102 ], [ 2.13068592662314, 48.814849025574098 ], [ 2.13069179847262, 48.814848078914501 ], [ 2.13080063115702, 48.814830612110399 ], [ 2.13080677684337, 48.814829577494898 ], [ 2.13081647197142, 48.814828029035603 ], [ 2.13082275232952, 48.814827085339303 ], [ 2.13092352835382, 48.814810908971097 ], [ 2.13092994487895, 48.8148099662588 ], [ 2.13103111586369, 48.814794602139003 ], [ 2.13103780772386, 48.8147934815401 ], [ 2.13120591816344, 48.814765652242301 ], [ 2.13121301852891, 48.814764534601899 ], [ 2.13125070657745, 48.8147585125731 ], [ 2.13125794311187, 48.814757395919301 ], [ 2.13158948411939, 48.8147046705311 ], [ 2.13159754065899, 48.814703379930599 ], [ 2.131741863974, 48.814680953454399 ], [ 2.13175019434483, 48.814679574891201 ], [ 2.13186066336541, 48.814661939125102 ], [ 2.13186926607146, 48.814660562530896 ], [ 2.13192251933995, 48.8146521349558 ], [ 2.13193125971031, 48.814650669415798 ], [ 2.13196908376424, 48.814644648148501 ], [ 2.13197796030264, 48.814643183593503 ], [ 2.13201441814912, 48.814637422216599 ], [ 2.13202343085562, 48.814635958646697 ], [ 2.13226430621241, 48.814597413445703 ], [ 2.13227400125402, 48.814595864867997 ], [ 2.13241546440063, 48.814573416824203 ], [ 2.13242529560373, 48.8145718692221 ], [ 2.13254368449038, 48.814552941178299 ], [ 2.13255392569294, 48.814551306599299 ], [ 2.13258287459405, 48.814546659805202 ], [ 2.13259325196461, 48.814545026210702 ], [ 2.13264705416666, 48.814536332473402 ], [ 2.13265743153306, 48.814534698873302 ], [ 2.13268651658617, 48.8145300530418 ], [ 2.13269703161599, 48.814528330495897 ], [ 2.13274113727482, 48.814521275258301 ], [ 2.13275178847149, 48.814519553695298 ], [ 2.13280914002141, 48.814510345983699 ], [ 2.13282006504966, 48.814508536459599 ], [ 2.13283399330052, 48.814506299010901 ], [ 2.13284491683171, 48.814504579414802 ], [ 2.13293244571055, 48.8144905538066 ], [ 2.13294364307082, 48.814488746246198 ], [ 2.13295688896473, 48.814486593776003 ], [ 2.13296808482819, 48.814484876143503 ], [ 2.13310094473439, 48.814463803960003 ], [ 2.13311241442341, 48.814461998358198 ], [ 2.13315993169833, 48.814454517996502 ], [ 2.13317167521841, 48.8144526244335 ], [ 2.13327981792323, 48.814435600080998 ], [ 2.133291833775, 48.814433708480202 ], [ 2.13336734208616, 48.814421843943599 ], [ 2.13337949559605, 48.814419863391002 ], [ 2.13346948570971, 48.814405225643199 ], [ 2.133481911552, 48.814403247053697 ], [ 2.1336089082626, 48.814382581520803 ], [ 2.13362160792814, 48.81438051496 ], [ 2.13369575737532, 48.8143684604889 ], [ 2.13370872788007, 48.814366485821999 ], [ 2.13380047756243, 48.814352490160303 ], [ 2.13381358572281, 48.814350426538503 ], [ 2.13389824406037, 48.814337009016398 ], [ 2.13391162604617, 48.814334857426502 ], [ 2.13398017298384, 48.8143239314292 ], [ 2.13399369113273, 48.8143217808164 ], [ 2.13402496063853, 48.814316790717903 ], [ 2.13403861644688, 48.814314551156201 ], [ 2.13405609396853, 48.814311799625202 ], [ 2.13406988594403, 48.814309561046002 ], [ 2.1341019739472, 48.814304486914203 ], [ 2.13411576591889, 48.814302248329703 ], [ 2.13414990392525, 48.814296739326302 ], [ 2.13416383206249, 48.814294501722202 ], [ 2.13420971201083, 48.814287188969899 ], [ 2.13422391248251, 48.814284953330699 ], [ 2.13425490960473, 48.8142799612001 ], [ 2.1342692477351, 48.8142776366115 ], [ 2.1344589128782, 48.814247350529897 ], [ 2.13447365949945, 48.814245028873898 ], [ 2.13454111385951, 48.8142342745289 ], [ 2.13455599813539, 48.814231863918202 ], [ 2.13471439656193, 48.814206387807701 ], [ 2.1347296893305, 48.814203980131701 ], [ 2.13475577082453, 48.814199761766801 ], [ 2.13477119975886, 48.814197355070803 ], [ 2.13484616420496, 48.814185395726497 ], [ 2.13486186696166, 48.814182901059098 ], [ 2.13489245396189, 48.814177995737097 ], [ 2.13490815671416, 48.814175501063602 ], [ 2.13498120875865, 48.814163887561797 ], [ 2.13499718533296, 48.814161304916801 ], [ 2.13513973995761, 48.814138591731698 ], [ 2.1351561250245, 48.814136012020199 ], [ 2.13522767611312, 48.814124567393399 ], [ 2.13524419734047, 48.814121988654698 ], [ 2.13530250418061, 48.8141126067774 ], [ 2.13531903136476, 48.8141096683078 ], [ 2.13588580514561, 48.814008954886397 ], [ 2.13588313654968, 48.813993135683802 ], [ 2.13599403059381, 48.8139743299485 ], [ 2.13593207768224, 48.813628419224699 ], [ 2.13581805448839, 48.812956725611699 ], [ 2.13334745652501, 48.808914875388602 ], [ 2.13989437908461, 48.808407846348601 ], [ 2.13989398287495, 48.808407843498102 ], [ 2.13980504694064, 48.807880417374399 ], [ 2.13968108434138, 48.807132112654699 ], [ 2.1396811967592, 48.807133552526103 ], [ 2.13965645382637, 48.806990817349401 ], [ 2.1396318723975, 48.806846554306802 ], [ 2.13960865260511, 48.8067023010395 ], [ 2.13958396018297, 48.806564782757498 ], [ 2.13956436442306, 48.8064319780907 ], [ 2.13953972862076, 48.8062910423969 ], [ 2.13950307787772, 48.806077797192401 ], [ 2.13950539240101, 48.806077813851999 ], [ 2.13947139744308, 48.8058851843141 ], [ 2.13941687613525, 48.805541934812801 ], [ 2.13818821978327, 48.805454654792797 ], [ 2.13801970781248, 48.8054429167181 ], [ 2.137427693144, 48.805400421448802 ], [ 2.13592023391534, 48.805293567468198 ], [ 2.13586108700842, 48.804976185743499 ], [ 2.1358451084062, 48.804929750309597 ], [ 2.1356896270376, 48.804674091481303 ], [ 2.13357263732308, 48.801253300513501 ], [ 2.13357277495249, 48.801253211569197 ], [ 2.13204968729404, 48.801659582801001 ], [ 2.1310442199343, 48.8019278600744 ], [ 2.12999089740463, 48.802207563010697 ], [ 2.12999103204286, 48.802207653932598 ], [ 2.12977398463009, 48.802265795489198 ], [ 2.12977378547856, 48.802265490935198 ], [ 2.12204310640624, 48.804320742650901 ], [ 2.11996771971977, 48.800868348956797 ], [ 2.1193501187654, 48.801030733154398 ], [ 2.11904949254445, 48.80111153459 ], [ 2.11875886099867, 48.801188991152301 ], [ 2.11839027724282, 48.8012868286363 ], [ 2.11715264459746, 48.801617046087102 ], [ 2.11597205201748, 48.801930763471503 ], [ 2.11566842797787, 48.802011084535998 ], [ 2.11537272490859, 48.8020899344329 ], [ 2.11509001047916, 48.802165551893196 ], [ 2.11481235827715, 48.802239677156102 ], [ 2.11455555370774, 48.802296777258199 ], [ 2.11415507321939, 48.802387799663201 ], [ 2.11415506863775, 48.802388069455503 ], [ 2.11179399198429, 48.802628233584997 ], [ 2.11072297515608, 48.802740793353102 ], [ 2.10964835728549, 48.802856644585702 ], [ 2.10859893893328, 48.802971594788097 ], [ 2.10689008179484, 48.803159500731198 ], [ 2.10628313840996, 48.803228267463098 ], [ 2.10515961380819, 48.8033444323315 ], [ 2.1048562147814, 48.803370492596301 ], [ 2.10438108456781, 48.803390678539301 ], [ 2.07411771046979, 48.800640339813697 ], [ 2.07411785828026, 48.800641447254499 ], [ 2.07395372822938, 48.800637567493901 ], [ 2.0739228139902, 48.800822070402504 ], [ 2.07397394428483, 48.800825614511197 ], [ 2.07397584376726, 48.800825988997303 ], [ 2.07398058928061, 48.800827105072997 ], [ 2.07398113221796, 48.800827199221899 ], [ 2.07407166710027, 48.800850566118001 ], [ 2.07410175625293, 48.800858264434702 ], [ 2.0741258922504, 48.800863847949998 ], [ 2.07417782709861, 48.800875762877098 ], [ 2.07417945431712, 48.800876135251102 ], [ 2.07420267260573, 48.800933428713797 ], [ 2.07428375232929, 48.801036951124303 ], [ 2.07429533745302, 48.801051611562997 ], [ 2.07431017800537, 48.801082307014198 ], [ 2.07432520085625, 48.8011334208703 ], [ 2.07432571347644, 48.801135223694203 ], [ 2.0743541353487, 48.801213873829703 ], [ 2.0743549138565, 48.801216038482998 ], [ 2.07439816262707, 48.801333838545702 ], [ 2.07439907089036, 48.801336363974201 ], [ 2.07443387478239, 48.801431343118999 ], [ 2.07443491280146, 48.801434229322297 ], [ 2.07444115049242, 48.8014510069601 ], [ 2.07444218851229, 48.801453893163199 ], [ 2.07446608214877, 48.801519196668998 ], [ 2.07452835732779, 48.8016927285313 ], [ 2.07452234661455, 48.80169385125 ], [ 2.07451920432444, 48.801694456520501 ], [ 2.07451879432175, 48.801694543288797 ], [ 2.0745070483569, 48.8016966109724 ], [ 2.0744920239646, 48.801699282870601 ], [ 2.07449241482054, 48.8017002752661 ], [ 2.07449254616953, 48.801700546111 ], [ 2.07482741672301, 48.802671730453199 ], [ 2.07482754967132, 48.802671911367199 ], [ 2.074828063919, 48.8026736242563 ], [ 2.07482833619551, 48.8026736263636 ], [ 2.07484743223961, 48.802671705476001 ], [ 2.07486966424723, 48.802669539027299 ], [ 2.07487744007801, 48.802668699779403 ], [ 2.07487899558558, 48.802673119004098 ], [ 2.07498384905181, 48.802964175097401 ], [ 2.07498515143616, 48.80296751305 ], [ 2.07498514984141, 48.802967602980203 ], [ 2.0749874839272, 48.802974186848402 ], [ 2.07498994617888, 48.8029812214209 ], [ 2.07498994458414, 48.802981311351097 ], [ 2.07499111242498, 48.802984558319999 ], [ 2.0749911092355, 48.802984738180399 ], [ 2.07499809714655, 48.803005299155799 ], [ 2.07499926498835, 48.803008546124602 ], [ 2.07511561756965, 48.803334588685701 ], [ 2.07512573261974, 48.8033630887832 ], [ 2.07517877193267, 48.803512533882703 ], [ 2.07518149216665, 48.803520379925899 ], [ 2.0751825366464, 48.8035229063968 ], [ 2.07518344817465, 48.803525251953999 ], [ 2.07526404236312, 48.803748663008598 ], [ 2.07527767076961, 48.803786364393602 ], [ 2.07528195457931, 48.803798179997202 ], [ 2.07528208434352, 48.803798540770799 ], [ 2.07530090016196, 48.803850852960998 ], [ 2.0753053169352, 48.803862849476403 ], [ 2.07543352987598, 48.804219023974099 ], [ 2.07543754944192, 48.804230387810897 ], [ 2.07543858757224, 48.804233273998499 ], [ 2.07545039790698, 48.804266014449901 ], [ 2.07547116215795, 48.804323648262198 ], [ 2.07547505356726, 48.804334561393297 ], [ 2.07547518652195, 48.804334742306501 ], [ 2.07547596831075, 48.804336727086501 ], [ 2.07548699371476, 48.804367662611597 ], [ 2.07548777231652, 48.804369827251499 ], [ 2.07566960470833, 48.804873741634999 ], [ 2.0756703865125, 48.804875726412803 ], [ 2.07567129011815, 48.804878521613901 ], [ 2.07567207192257, 48.804880506391498 ], [ 2.07572476327822, 48.805026710408001 ], [ 2.07572554668034, 48.805028605255004 ], [ 2.07575240916325, 48.8051032852334 ], [ 2.07577759107406, 48.805172915434802 ], [ 2.07577823674204, 48.8051748991588 ], [ 2.07577862605503, 48.805175981476999 ], [ 2.07577888400353, 48.8051767929527 ], [ 2.07577927331655, 48.8051778752709 ], [ 2.07578096352672, 48.805182385456597 ], [ 2.075904988806, 48.805529352489103 ], [ 2.07590563926299, 48.805531066421601 ], [ 2.07590823153208, 48.8055384617318 ], [ 2.07594092636743, 48.805629826046001 ], [ 2.07594157682696, 48.805631539978201 ], [ 2.07597867771382, 48.8057355302563 ], [ 2.07597932976893, 48.805737154258097 ], [ 2.07600722161488, 48.805815259891297 ], [ 2.07600773752539, 48.805816882840602 ], [ 2.07601915925295, 48.805848540872901 ], [ 2.07601981131072, 48.8058501648744 ], [ 2.07604693896662, 48.805925296486997 ], [ 2.07605239269237, 48.805940269060699 ], [ 2.07605304634535, 48.805941803131702 ], [ 2.07606446653476, 48.805973551086403 ], [ 2.07609677736911, 48.806063563216199 ], [ 2.0760972948779, 48.806065096234697 ], [ 2.07611637188304, 48.8061181297358 ], [ 2.07611689098573, 48.806119572824201 ], [ 2.07611792759835, 48.806122548931 ], [ 2.0761350548205, 48.806170350705102 ], [ 2.07613557233137, 48.806171883723302 ], [ 2.07614984610321, 48.806211658578299 ], [ 2.07615036520778, 48.806213101666401 ], [ 2.0761677504494, 48.8062617149061 ], [ 2.07617034438467, 48.806269020275998 ], [ 2.07617877667052, 48.806292650314703 ], [ 2.0761792957767, 48.806294093402599 ], [ 2.07622043025515, 48.806408727895104 ], [ 2.07622730685232, 48.806427938734899 ], [ 2.07622769140582, 48.806429290840398 ], [ 2.07634135146, 48.806746765785597 ], [ 2.07634173761135, 48.806748027960502 ], [ 2.07634291039829, 48.806751005115601 ], [ 2.07634511504586, 48.806757228163498 ], [ 2.0764206227543, 48.806968546166402 ], [ 2.07642114665111, 48.8069697194626 ], [ 2.07643904833315, 48.807019955576003 ], [ 2.07643917492852, 48.8070204962074 ], [ 2.07643943608125, 48.807021127820398 ], [ 2.07643995838664, 48.807022391046402 ], [ 2.07644125300366, 48.807026178620802 ], [ 2.07648484650836, 48.8071481172543 ], [ 2.07648523425843, 48.807149289498398 ], [ 2.07648588475469, 48.807151003425197 ], [ 2.07648783146693, 48.807156414995802 ], [ 2.07648822080943, 48.807157497309902 ], [ 2.07649652360201, 48.807180766536298 ], [ 2.0764969129449, 48.807181848850298 ], [ 2.07657492040213, 48.807405867824897 ], [ 2.07657660279255, 48.807410827639899 ], [ 2.07665931815439, 48.807645855816901 ], [ 2.07666644349891, 48.807666417661601 ], [ 2.07666683603296, 48.807667320114803 ], [ 2.07667579745559, 48.8076918535942 ], [ 2.07667619158196, 48.807692666117603 ], [ 2.07685959883804, 48.808193531162402 ], [ 2.07686089988125, 48.808196959009003 ], [ 2.07686946894456, 48.808220590010102 ], [ 2.07686972851673, 48.808221311551399 ], [ 2.077298899674, 48.809416716725202 ], [ 2.07734727855974, 48.809537792267598 ], [ 2.07734767271052, 48.809538604787399 ], [ 2.07739490240413, 48.809678469303499 ], [ 2.07756979205814, 48.810192038298602 ], [ 2.07757056765226, 48.810194382773297 ], [ 2.07757822879336, 48.810215488297203 ], [ 2.07758212585469, 48.8102261315139 ], [ 2.07768963098718, 48.810522959796202 ], [ 2.07774154635719, 48.810675182227499 ], [ 2.07774206395999, 48.810676715232702 ], [ 2.07774322419332, 48.810680411800703 ], [ 2.07784998635737, 48.810965451687302 ], [ 2.07789114568254, 48.811079095905001 ], [ 2.07799305854861, 48.8113612200112 ], [ 2.07799410014205, 48.811363926299002 ], [ 2.07800202599939, 48.811385483521903 ], [ 2.07816121948614, 48.811832372805299 ], [ 2.07816524871975, 48.811835551834797 ], [ 2.07816564290054, 48.811836364350199 ], [ 2.07832463513425, 48.812256269132398 ], [ 2.07855643397519, 48.812848793181502 ], [ 2.07855904287278, 48.812855289091502 ], [ 2.07855917109331, 48.812855739788297 ], [ 2.07856139056346, 48.812861153396398 ], [ 2.07864229457836, 48.813099492814402 ], [ 2.07868060100848, 48.813212934651503 ], [ 2.07868189594191, 48.813216722180798 ], [ 2.07868319564161, 48.813220239921698 ], [ 2.07885768865132, 48.813734521708199 ], [ 2.0788606632457, 48.813743448847902 ], [ 2.07907231146662, 48.814351825381003 ], [ 2.07907451358523, 48.814358228195502 ], [ 2.07907464657796, 48.814358409102901 ], [ 2.0793330767322, 48.8150171526093 ], [ 2.07934767692114, 48.815054141059001 ], [ 2.07934897671146, 48.815057658786898 ], [ 2.0793523599776, 48.815066589049302 ], [ 2.07939906560676, 48.815190438381698 ], [ 2.07942664960324, 48.815263413447603 ], [ 2.07959393833003, 48.815546218209803 ], [ 2.07973637585692, 48.815786468958102 ], [ 2.07974431134598, 48.815799841370399 ], [ 2.07974444117082, 48.815800202135499 ], [ 2.07980157300431, 48.815896699314202 ], [ 2.0803529467286, 48.816240200439402 ], [ 2.08048684943185, 48.816323706517203 ], [ 2.08051150289237, 48.8163390062589 ], [ 2.08051325254208, 48.816340188951898 ], [ 2.08051594748215, 48.816341828620899 ], [ 2.08125218232209, 48.816791438543 ], [ 2.08149903398554, 48.8169421879429 ], [ 2.08150294031327, 48.816944646365698 ], [ 2.08150967781983, 48.816948745480403 ], [ 2.0817545120839, 48.817098129703801 ], [ 2.08176003829677, 48.817101410029501 ], [ 2.08176219336164, 48.8171027756988 ], [ 2.08180086578945, 48.817126367474401 ], [ 2.08205958227046, 48.817284132237802 ], [ 2.08207373042788, 48.817292785274098 ], [ 2.08214628447512, 48.817356840791703 ], [ 2.08216944265923, 48.817387508657099 ], [ 2.08218429091286, 48.817418292615699 ], [ 2.08218428616451, 48.817418562403198 ], [ 2.08218409617289, 48.817421618949503 ], [ 2.08218304175025, 48.817442837005203 ], [ 2.08218284226175, 48.8174464331263 ], [ 2.08218272355258, 48.817453177813299 ], [ 2.08218550729622, 48.817457516363199 ], [ 2.08221756314617, 48.817508849069498 ], [ 2.08222233099247, 48.8175165306751 ], [ 2.08222325732646, 48.817518066787201 ], [ 2.08220123789425, 48.817531029209199 ], [ 2.08218967871681, 48.817537776025098 ], [ 2.08218747613925, 48.817539108238499 ], [ 2.08218840405542, 48.817540554421598 ], [ 2.08222931155274, 48.817599690013502 ], [ 2.08223130356695, 48.817602583424097 ], [ 2.08223156959097, 48.817602945231101 ], [ 2.08223209847351, 48.817603848703399 ], [ 2.08223223465088, 48.8176038497486 ], [ 2.08252069829037, 48.818083741522699 ], [ 2.08252083130457, 48.818083922425799 ], [ 2.08254794102039, 48.818130000466603 ], [ 2.08258655661253, 48.818195594083498 ], [ 2.08267529081909, 48.818346476699297 ], [ 2.08267687751242, 48.818349187108502 ], [ 2.08267714196135, 48.818349638843401 ], [ 2.08267780229263, 48.818350813144903 ], [ 2.08271006984096, 48.818405655002401 ], [ 2.08271152352221, 48.818408184508201 ], [ 2.08273057022589, 48.818440349691102 ], [ 2.08273228677715, 48.818443420860199 ], [ 2.08273335248596, 48.818444778153498 ], [ 2.08273388296758, 48.818445591693902 ], [ 2.08291711280073, 48.818675447764903 ], [ 2.08291764486913, 48.818676171375003 ], [ 2.0829689482481, 48.818740602959302 ], [ 2.08296921428303, 48.818740964764402 ], [ 2.08296443707198, 48.818749292659398 ], [ 2.08328195758477, 48.819142071976003 ], [ 2.08328355698138, 48.819144062942797 ], [ 2.08378751550231, 48.819770857569303 ], [ 2.08379002239669, 48.819775463773098 ], [ 2.08379887173251, 48.8197911813267 ], [ 2.08384075834014, 48.820539002474597 ], [ 2.08384912227863, 48.820690887017598 ], [ 2.08384995580066, 48.820705463849698 ], [ 2.08448653206842, 48.820692260961003 ], [ 2.08647973930129, 48.823195628966801 ], [ 2.08648493420291, 48.8232023242685 ], [ 2.087933038906, 48.825021455157298 ], [ 2.08794410571301, 48.825035120591302 ], [ 2.08869111308121, 48.825977906051797 ], [ 2.08874190224046, 48.826033606480998 ], [ 2.08875606905906, 48.826049184196002 ], [ 2.08877143653581, 48.8260662101058 ], [ 2.08877494943623, 48.826067855800801 ], [ 2.08877176340712, 48.826070889503903 ], [ 2.08857627344862, 48.8262589045505 ], [ 2.08867278471936, 48.826301732170201 ], [ 2.08867359563338, 48.826302098111498 ], [ 2.08869278988971, 48.826310608838298 ], [ 2.08887058837998, 48.826417823482103 ], [ 2.08897042400026, 48.826457528260001 ], [ 2.08904239096119, 48.826486227822997 ], [ 2.08906731874671, 48.826462853283097 ], [ 2.08912312985332, 48.826410483294502 ], [ 2.09012977554355, 48.825466575168498 ], [ 2.09026716865602, 48.825336666908299 ], [ 2.09205875380988, 48.823642759214202 ], [ 2.09228892714164, 48.823425051214201 ], [ 2.09229806772305, 48.823416396345401 ] ] ] } },
{ "type": "Feature", "properties": { "OBJECTID": 2, "ID": 2, "NOM": "Jussieu", "COUCHE": "Quartier de la ville de Versailles", "GlobalID": "f18174ff-3f14-47c3-9ae2-96a59cd6dd30", "Shape__Area": 643278.26171875, "Shape__Length": 3739.1808225203899 }, "geometry": { "type": "Polygon", "coordinates": [ [ [ 2.15729174809852, 48.814573861772402 ], [ 2.15761573301157, 48.814396983118499 ], [ 2.15769657656429, 48.814357978796501 ], [ 2.15779210495739, 48.814311972550598 ], [ 2.15792647574443, 48.8142472623231 ], [ 2.15799154021286, 48.814215521800399 ], [ 2.15806167047722, 48.814182108042097 ], [ 2.15823216389614, 48.814098404533198 ], [ 2.15828569829544, 48.814072248933101 ], [ 2.15846693121223, 48.813981245558097 ], [ 2.15861961395464, 48.813904071739202 ], [ 2.15872413076634, 48.813857948112698 ], [ 2.15880464935699, 48.813830543092003 ], [ 2.15885551022294, 48.813818129344298 ], [ 2.15896098096094, 48.813788831123098 ], [ 2.15906598361751, 48.813763217083498 ], [ 2.15925627738187, 48.813718235908098 ], [ 2.15932009580746, 48.813704563967697 ], [ 2.15936280515029, 48.813690923460101 ], [ 2.15963721349319, 48.813555872868903 ], [ 2.15983500408085, 48.8134596772856 ], [ 2.15991218972306, 48.8134108422175 ], [ 2.16004798382379, 48.813316639047898 ], [ 2.16011697582446, 48.813269185332501 ], [ 2.1601567670903, 48.813242212820498 ], [ 2.16022478979196, 48.813195741579896 ], [ 2.1603369360718, 48.813106948294902 ], [ 2.16058723593934, 48.812980270545602 ], [ 2.16061881196815, 48.812964482785802 ], [ 2.16088232949159, 48.812879539752501 ], [ 2.16100371114848, 48.812842976255702 ], [ 2.16117668919493, 48.812790495373299 ], [ 2.16119625645496, 48.812784696566702 ], [ 2.16125377320994, 48.812764773474797 ], [ 2.16136963515445, 48.812724213492899 ], [ 2.1613670011192, 48.812650893337299 ], [ 2.16136326384202, 48.812544557193398 ], [ 2.16136190652306, 48.8125442778504 ], [ 2.16123648443766, 48.812527298638102 ], [ 2.16122768987142, 48.812515274823703 ], [ 2.16113480612521, 48.812388796076597 ], [ 2.16103964274537, 48.8122601426657 ], [ 2.16094609355487, 48.812132759659903 ], [ 2.1608538529249, 48.812008713556303 ], [ 2.16083453597674, 48.811982045447003 ], [ 2.16081320407992, 48.811953654316 ], [ 2.16076080877431, 48.811883852257502 ], [ 2.16071721951526, 48.811825354586801 ], [ 2.1606695772841, 48.811764849746297 ], [ 2.16062888829646, 48.811712308489199 ], [ 2.16058289201228, 48.8116680045067 ], [ 2.16053816769107, 48.811629285765001 ], [ 2.1605138405969, 48.811609327974999 ], [ 2.16048612970733, 48.811588087247898 ], [ 2.16038081845213, 48.811514765487097 ], [ 2.16023142100901, 48.811413881904102 ], [ 2.16008241525133, 48.8113140801631 ], [ 2.15993357230085, 48.811212660432197 ], [ 2.15977933560858, 48.811107964725998 ], [ 2.15963113546435, 48.811017431954198 ], [ 2.15958759432591, 48.810989873810101 ], [ 2.15948824476087, 48.810918571813303 ], [ 2.15942692615177, 48.810878746606797 ], [ 2.15922643172765, 48.810754657435403 ], [ 2.15920271965594, 48.810738840962998 ], [ 2.15900138147344, 48.810633363224603 ], [ 2.15879765704053, 48.810523910941399 ], [ 2.15860185686649, 48.810412895127101 ], [ 2.1583759766171, 48.810292583190702 ], [ 2.15823311411207, 48.810217556005099 ], [ 2.15802870195627, 48.810108727092903 ], [ 2.1580307849978, 48.810106223416099 ], [ 2.1580740660165, 48.810073879650297 ], [ 2.15823152027685, 48.809970387035499 ], [ 2.15830251705364, 48.809925106944704 ], [ 2.15826201511404, 48.809894961388601 ], [ 2.15830120062399, 48.809871672739803 ], [ 2.1583112993227, 48.809878759233598 ], [ 2.15838963541006, 48.809834340228001 ], [ 2.15840173346416, 48.809827230114998 ], [ 2.1583302677518, 48.809775010947199 ], [ 2.15848672104721, 48.809623752266901 ], [ 2.15860399228922, 48.809512421242999 ], [ 2.15869057039758, 48.809429745170597 ], [ 2.15863669761941, 48.809401214512803 ], [ 2.15871319819904, 48.809327011891398 ], [ 2.15874436655104, 48.809268859500698 ], [ 2.15877679070765, 48.809208827174402 ], [ 2.1588025826441, 48.809129410850304 ], [ 2.15884274002179, 48.809003596076401 ], [ 2.15888961236592, 48.808875130288698 ], [ 2.1589564497675, 48.808690771647598 ], [ 2.15898771510295, 48.808601230416002 ], [ 2.15899685828814, 48.808574672180299 ], [ 2.15895640791632, 48.8085329247834 ], [ 2.15899446369782, 48.808512056349898 ], [ 2.15899513867327, 48.808512420862499 ], [ 2.15903772669507, 48.808489155889099 ], [ 2.15905312252195, 48.808480180139803 ], [ 2.15908201958881, 48.808461495779902 ], [ 2.15914205013465, 48.808420545125202 ], [ 2.15924074033188, 48.808346588127399 ], [ 2.15925769611974, 48.808333755855202 ], [ 2.15933865111123, 48.808261832633697 ], [ 2.15938408670591, 48.8082139436993 ], [ 2.159403520733, 48.808199419950498 ], [ 2.15951435126984, 48.808098745633103 ], [ 2.15960016367071, 48.808021100143698 ], [ 2.15970533146048, 48.8079253325919 ], [ 2.15985042665596, 48.807793869098496 ], [ 2.15997950431892, 48.8076761438045 ], [ 2.16011755007545, 48.807551106195298 ], [ 2.16025436255907, 48.807426509460299 ], [ 2.16029984152293, 48.807384286750299 ], [ 2.16032762075115, 48.807358848640803 ], [ 2.16037483041897, 48.807310611999398 ], [ 2.16049778747153, 48.807183849008602 ], [ 2.16061494162368, 48.807062261724802 ], [ 2.16072685492087, 48.806944774818 ], [ 2.16085449146994, 48.806814806401 ], [ 2.16097901038924, 48.8066839165445 ], [ 2.16107843710422, 48.806580732236398 ], [ 2.16104950185872, 48.806559572877298 ], [ 2.16100133442258, 48.806523528178403 ], [ 2.16103538610586, 48.806438233065698 ], [ 2.16103535538111, 48.806423212667198 ], [ 2.1610371864866, 48.806368631199398 ], [ 2.16112612357606, 48.806282641926799 ], [ 2.16126833247914, 48.8061438710847 ], [ 2.16138855029866, 48.806026261869498 ], [ 2.1614512088392, 48.805965541361097 ], [ 2.16170084801186, 48.806072523455001 ], [ 2.1617009856061, 48.8060724344787 ], [ 2.16170180105391, 48.806072530138202 ], [ 2.16170304084756, 48.806071639419798 ], [ 2.16198224392447, 48.805796308135598 ], [ 2.16172270949319, 48.805669650014003 ], [ 2.16173715648514, 48.805651853007902 ], [ 2.16182882335885, 48.805539889288099 ], [ 2.16185952612251, 48.805501879512697 ], [ 2.16189964323408, 48.805462676553503 ], [ 2.16197838543824, 48.805383900367303 ], [ 2.1616037506407, 48.805378665211201 ], [ 2.16132620031966, 48.805373390502702 ], [ 2.16106771208294, 48.805368158984201 ], [ 2.16046756588653, 48.805356120854398 ], [ 2.16016972700867, 48.805350880856203 ], [ 2.1599134173505, 48.805345662145399 ], [ 2.15962649497342, 48.805338968505701 ], [ 2.15935411864546, 48.8053337255879 ], [ 2.15908977648779, 48.805328448623598 ], [ 2.15883564539757, 48.805323242925098 ], [ 2.15856612831491, 48.8053180183297 ], [ 2.15828947650389, 48.8053161606611 ], [ 2.15800977576813, 48.805317608706702 ], [ 2.15770679100574, 48.805319071924501 ], [ 2.15743942584829, 48.805323933381203 ], [ 2.15713426658491, 48.805333564484698 ], [ 2.15685453759881, 48.805345173001598 ], [ 2.15685493877079, 48.805345625537903 ], [ 2.15655853865764, 48.8053608933159 ], [ 2.15626914236536, 48.8053808867434 ], [ 2.15601734861792, 48.805399526010298 ], [ 2.15574965246015, 48.8054247980428 ], [ 2.15564545849567, 48.805435034991802 ], [ 2.155367660128, 48.805470308248601 ], [ 2.15507390738939, 48.8055069971007 ], [ 2.15496543719624, 48.805520621005698 ], [ 2.15479093964308, 48.8055503272058 ], [ 2.15448781779631, 48.805602148467898 ], [ 2.1543158992117, 48.805632321923902 ], [ 2.15402070848571, 48.805690404064997 ], [ 2.15372047233527, 48.805748899467901 ], [ 2.15362638042838, 48.805765861836498 ], [ 2.15342228251003, 48.805815503332099 ], [ 2.15311908107333, 48.805888816551899 ], [ 2.15291690433389, 48.805937481441298 ], [ 2.15281802794479, 48.805963943055502 ], [ 2.15252276550641, 48.806042977331998 ], [ 2.15216583154048, 48.806138032774797 ], [ 2.15191832912744, 48.806219023218098 ], [ 2.15161718774093, 48.806316091762 ], [ 2.15151014403037, 48.806350678995102 ], [ 2.15131829831711, 48.806416953070197 ], [ 2.15102205315118, 48.806522599299498 ], [ 2.15096468430548, 48.806541978960503 ], [ 2.15082663405645, 48.806599190459501 ], [ 2.15082622999882, 48.806598917765299 ], [ 2.15047774173375, 48.806743495888099 ], [ 2.15027311101425, 48.8068254171584 ], [ 2.15017723546486, 48.806868087355099 ], [ 2.1498816246319, 48.8070013472407 ], [ 2.14960705878506, 48.807129899265199 ], [ 2.14934246439605, 48.807256452958299 ], [ 2.14906498239697, 48.807388310804797 ], [ 2.1488026166564, 48.807511641270303 ], [ 2.14874454570379, 48.807540548638698 ], [ 2.14857861688513, 48.8076035850765 ], [ 2.14851224773285, 48.8076319835249 ], [ 2.1482296965036, 48.807757147658499 ], [ 2.14796016516425, 48.807877097381201 ], [ 2.14775854691095, 48.807949142257101 ], [ 2.14761528671907, 48.8079997471756 ], [ 2.14740028474805, 48.808074124433404 ], [ 2.14713090549348, 48.808167900460603 ], [ 2.14691697289437, 48.808235089177401 ], [ 2.14667501626682, 48.808308913018003 ], [ 2.14621185764471, 48.808428016201297 ], [ 2.15729174809852, 48.814573861772402 ] ] ] } },
{ "type": "Feature", "properties": { "OBJECTID": 3, "ID": 3, "NOM": "Montreuil", "COUCHE": "Quartier de la ville de Versailles", "GlobalID": "00e7c2a9-161f-48a6-8717-28e150450f91", "Shape__Area": 1677367.36645508, "Shape__Length": 5596.1341523615401 }, "geometry": { "type": "Polygon", "coordinates": [ [ [ 2.15762959661787, 48.798496530857904 ], [ 2.15738688201443, 48.798486185679501 ], [ 2.15731667871256, 48.798483262333399 ], [ 2.15702685346631, 48.798473213874303 ], [ 2.15672175573269, 48.798464675918197 ], [ 2.15642901673754, 48.798458023241899 ], [ 2.15636491896349, 48.798456401611602 ], [ 2.15619480738838, 48.798452142816501 ], [ 2.15606157656212, 48.798448773776599 ], [ 2.15572435419397, 48.798439916507903 ], [ 2.15546878298224, 48.7984332541768 ], [ 2.1553849553363, 48.798430952965802 ], [ 2.15509223126652, 48.798423397699402 ], [ 2.15479433439109, 48.7984158051378 ], [ 2.15451343911064, 48.798409231514398 ], [ 2.1539218453442, 48.798395331676602 ], [ 2.15361684676685, 48.798389124978797 ], [ 2.15333703350924, 48.7983830059597 ], [ 2.15330682172187, 48.798382252303497 ], [ 2.15307737026448, 48.798376849176698 ], [ 2.15278451216456, 48.798369197362199 ], [ 2.15270475837129, 48.798367552738497 ], [ 2.15248169193154, 48.798363003205601 ], [ 2.15220190233171, 48.7983554426241 ], [ 2.15195801564108, 48.798350294726397 ], [ 2.15190616239013, 48.798349207285703 ], [ 2.15160118626077, 48.798341646470902 ], [ 2.1513004097177, 48.798335373883297 ], [ 2.15118432729583, 48.798332390987397 ], [ 2.15099258384239, 48.798327251628201 ], [ 2.15094848702542, 48.798326398749097 ], [ 2.15068458972354, 48.798321106107103 ], [ 2.15053994237868, 48.7983165704821 ], [ 2.15038182421181, 48.798311579162998 ], [ 2.15017238569692, 48.798306222765298 ], [ 2.150119582559, 48.798304947911603 ], [ 2.15007889191333, 48.798303939046399 ], [ 2.14977106641386, 48.798295813645296 ], [ 2.14947317104221, 48.798288207820598 ], [ 2.14918248908733, 48.798280742541202 ], [ 2.14918249642099, 48.798280292883597 ], [ 2.14881965926322, 48.798272762798199 ], [ 2.14848923980125, 48.798264293311 ], [ 2.14818373483579, 48.798255820581502 ], [ 2.14785247384228, 48.798248872349099 ], [ 2.14751648225408, 48.7982398207931 ], [ 2.14720863695039, 48.798232947833398 ], [ 2.14689752465451, 48.798226050762601 ], [ 2.14656941997705, 48.798217592484903 ], [ 2.14636064668366, 48.798213223513798 ], [ 2.14636064815527, 48.798213133582301 ], [ 2.14507741572193, 48.798184534673602 ], [ 2.14507540033188, 48.798182901302098 ], [ 2.14507548487639, 48.798186049877799 ], [ 2.13357555044816, 48.801259309538999 ], [ 2.13357541281873, 48.801259398483403 ], [ 2.13569240152576, 48.804680189224598 ], [ 2.13584788281901, 48.804935848035598 ], [ 2.13586386140793, 48.804982283464902 ], [ 2.13592300822411, 48.805299665151701 ], [ 2.13743046739142, 48.805406519302402 ], [ 2.13802248203554, 48.805449014638498 ], [ 2.1381909939995, 48.805460752732102 ], [ 2.13941965030146, 48.805548032890798 ], [ 2.13947417151146, 48.805891282349798 ], [ 2.13950816641432, 48.806083911864498 ], [ 2.1395058518911, 48.806083895204701 ], [ 2.13954250257329, 48.8062971403833 ], [ 2.13956713833539, 48.806438076060097 ], [ 2.13958673405748, 48.806570880710503 ], [ 2.13961142644047, 48.806708398975999 ], [ 2.13963464619165, 48.806852652225601 ], [ 2.13965922757947, 48.8069969152507 ], [ 2.13968397047146, 48.807139650410001 ], [ 2.13968385805407, 48.807138210538803 ], [ 2.13980782043993, 48.807886515167397 ], [ 2.13989675622382, 48.808413941227002 ], [ 2.13989730084187, 48.808413945145098 ], [ 2.14536025969224, 48.807977783480197 ], [ 2.14619473737887, 48.808450001282999 ], [ 2.14665775837399, 48.808330987110203 ], [ 2.14689971500155, 48.808257163302201 ], [ 2.14711364760065, 48.808189974614898 ], [ 2.14738302685522, 48.808096198628803 ], [ 2.14759802882625, 48.808021821403997 ], [ 2.14774128901813, 48.807971216507703 ], [ 2.14794290727143, 48.8078991716635 ], [ 2.14821243861078, 48.807779221993698 ], [ 2.14849498984002, 48.807654057915101 ], [ 2.14856135899231, 48.807625659479299 ], [ 2.14872728781097, 48.807562623069202 ], [ 2.14878535876358, 48.807533715713497 ], [ 2.14904772450415, 48.807410385302397 ], [ 2.14932520650323, 48.807278527513802 ], [ 2.14958980089224, 48.807151973876501 ], [ 2.14986436673908, 48.807023421908497 ], [ 2.15015997757204, 48.806890162081601 ], [ 2.15025585312142, 48.806847491903802 ], [ 2.15046048384093, 48.806765570669597 ], [ 2.15080937616363, 48.8066212653044 ], [ 2.15094742641266, 48.806564053830598 ], [ 2.15100479525836, 48.806544674178099 ], [ 2.15130104042428, 48.806439027995303 ], [ 2.15149288613755, 48.806372753949503 ], [ 2.15159992984811, 48.806338166731599 ], [ 2.15190107123461, 48.806241098230402 ], [ 2.15214857364766, 48.806160107822798 ], [ 2.15250550761358, 48.806065052421701 ], [ 2.15280077005197, 48.8059860181801 ], [ 2.15289964644106, 48.805959556577399 ], [ 2.15310182318051, 48.805910891709402 ], [ 2.15340502461721, 48.805837578521903 ], [ 2.15360912253556, 48.805787937048301 ], [ 2.15370321444245, 48.8057709746871 ], [ 2.15400345059288, 48.805712479309797 ], [ 2.15429864131888, 48.805654397194303 ], [ 2.15447055990349, 48.8056242237517 ], [ 2.15477368175026, 48.805572402512297 ], [ 2.15494817930341, 48.805542696325297 ], [ 2.15505664949657, 48.805529072426303 ], [ 2.15535040223517, 48.805492383590398 ], [ 2.15562820060284, 48.805457110349202 ], [ 2.15573239456733, 48.805446873404698 ], [ 2.1560000907251, 48.805421601383301 ], [ 2.15625188447254, 48.805402962124603 ], [ 2.15654128076481, 48.805382968705899 ], [ 2.15683727970599, 48.805367248398603 ], [ 2.15683768087796, 48.805367700934603 ], [ 2.15711700869209, 48.805355639886699 ], [ 2.15742216795547, 48.805346008787502 ], [ 2.15768953311292, 48.805341147333003 ], [ 2.15799251787531, 48.8053396841158 ], [ 2.15827221861107, 48.805338236070703 ], [ 2.15854887042209, 48.8053400937386 ], [ 2.15881838750474, 48.805345318331597 ], [ 2.15907251859497, 48.805350524027901 ], [ 2.15933686075264, 48.805355800989801 ], [ 2.1596092370806, 48.8053610439053 ], [ 2.15989615945768, 48.805367737541999 ], [ 2.16015246911585, 48.805372956250601 ], [ 2.16045030799371, 48.8053781962466 ], [ 2.16067027519573, 48.805382618963101 ], [ 2.16105045419011, 48.805390234371004 ], [ 2.16130894242684, 48.805395465887202 ], [ 2.16158649274788, 48.805400740593399 ], [ 2.16196126369246, 48.8054059767015 ], [ 2.16204746305592, 48.805320687054099 ], [ 2.16218103465851, 48.805185272306801 ], [ 2.16220929280712, 48.805163794503997 ], [ 2.16226763960014, 48.805117074172003 ], [ 2.16228694881679, 48.805076286206997 ], [ 2.16232904928524, 48.805032240174299 ], [ 2.16234571937843, 48.805020124970703 ], [ 2.16241936582171, 48.804961819399502 ], [ 2.16256928540865, 48.804842708160002 ], [ 2.16272830105474, 48.804716734953502 ], [ 2.1628700870896, 48.8046037723038 ], [ 2.16291325323229, 48.804569627058697 ], [ 2.16302704035141, 48.804478953478103 ], [ 2.16319858142119, 48.804344432950103 ], [ 2.16336876449382, 48.804209632838202 ], [ 2.16346513920029, 48.804134846515502 ], [ 2.16350403651815, 48.804103639239798 ], [ 2.16353287272235, 48.804080006564497 ], [ 2.1635399213242, 48.804073490167802 ], [ 2.16363863448558, 48.803997191059402 ], [ 2.16370107824442, 48.803941054820697 ], [ 2.16341758919469, 48.803661332325902 ], [ 2.16328152221705, 48.803528346077101 ], [ 2.1631454862321, 48.803393471100598 ], [ 2.16300433096679, 48.8032552322722 ], [ 2.16286331259077, 48.803116994213802 ], [ 2.16272215737796, 48.802978844949799 ], [ 2.16258114049708, 48.802840606524697 ], [ 2.16244012436355, 48.802702367916403 ], [ 2.16229897283784, 48.802564128170701 ], [ 2.16215795675519, 48.8024259791272 ], [ 2.16201680672521, 48.802287739014602 ], [ 2.16187077812942, 48.802148115385101 ], [ 2.1617274745246, 48.802008420722203 ], [ 2.16158867028352, 48.801876852160802 ], [ 2.16145258949283, 48.801745302522797 ], [ 2.16131435288254, 48.801612388461002 ], [ 2.16123577094346, 48.801537545363701 ], [ 2.16119126740929, 48.801485606623501 ], [ 2.16107749477557, 48.801355472220401 ], [ 2.16095664090073, 48.801233922378103 ], [ 2.16083779779904, 48.801114365228102 ], [ 2.16070675935164, 48.800982760081901 ], [ 2.16057367809095, 48.800851230368302 ], [ 2.16044046136651, 48.800719699535101 ], [ 2.16030738144843, 48.800588169494503 ], [ 2.16017416606737, 48.800456638333898 ], [ 2.16004108749187, 48.800325107966103 ], [ 2.15991007620987, 48.800192062950998 ], [ 2.15978124227689, 48.800059123018599 ], [ 2.15965023087691, 48.7999261676187 ], [ 2.15956448671669, 48.799839850325498 ], [ 2.15957243600959, 48.7998365783737 ], [ 2.15952436571372, 48.799786502611298 ], [ 2.15939839253747, 48.799653582319699 ], [ 2.15938580191233, 48.799640722049404 ], [ 2.15938512125239, 48.799640717262797 ], [ 2.1593851444393, 48.7996392783581 ], [ 2.15937281430489, 48.7996440484985 ], [ 2.15925224787765, 48.799522049006299 ], [ 2.15916143931318, 48.799429040072297 ], [ 2.15907805244617, 48.7992894934386 ], [ 2.15899741748184, 48.799156621779801 ], [ 2.15891476417246, 48.799022296777402 ], [ 2.15889008048478, 48.798982638639004 ], [ 2.15889131580717, 48.7989820177391 ], [ 2.15869506608923, 48.798884668706599 ], [ 2.15850771172458, 48.798792958354802 ], [ 2.1582024164209, 48.7986531077431 ], [ 2.15815456912294, 48.798631544491698 ], [ 2.15797838518339, 48.798573280371798 ], [ 2.15790486593546, 48.79855648297 ], [ 2.15762959661787, 48.798496530857904 ] ] ] } },
{ "type": "Feature", "properties": { "OBJECTID": 4, "ID": 6, "NOM": "Satory", "COUCHE": "Quartier de la ville de Versailles", "GlobalID": "cf86d656-2d37-427f-8ac3-305c623ac0c3", "Shape__Area": 4334689.5192871103, "Shape__Length": 11147.584289404 }, "geometry": { "type": "Polygon", "coordinates": [ [ [ 2.11374577039262, 48.790431624662503 ], [ 2.11378803386857, 48.790427800713701 ], [ 2.11389219840828, 48.790418049811201 ], [ 2.11394823464157, 48.790412798899403 ], [ 2.11400659231978, 48.790407115457697 ], [ 2.11405771645908, 48.790402547620097 ], [ 2.11425871536856, 48.790381821664603 ], [ 2.11448691566373, 48.790362466200101 ], [ 2.11514750043866, 48.790323826953603 ], [ 2.11521586615828, 48.790297889900003 ], [ 2.1152560950679, 48.790285595723098 ], [ 2.11556987283731, 48.790252750696098 ], [ 2.11689775362033, 48.790116413632603 ], [ 2.11740773009994, 48.790064686408897 ], [ 2.11794441125266, 48.790011445212897 ], [ 2.11824761779985, 48.7900320312446 ], [ 2.11876751146027, 48.790037755053497 ], [ 2.11965555736984, 48.790047088741503 ], [ 2.1201516297078, 48.790052810920798 ], [ 2.12107197699972, 48.7900678584245 ], [ 2.12185843249335, 48.790079756380102 ], [ 2.12212488031559, 48.790084592241797 ], [ 2.12277013193972, 48.790091039588098 ], [ 2.12290841301924, 48.790092234493002 ], [ 2.12322974043436, 48.790079572027203 ], [ 2.12390179074213, 48.790054639905499 ], [ 2.12417680960675, 48.790035429318401 ], [ 2.12470993127956, 48.790023505458699 ], [ 2.12552422083726, 48.789844724238002 ], [ 2.12623036285176, 48.7897508623942 ], [ 2.12734019632349, 48.789586371761999 ], [ 2.12940130079969, 48.789271314977299 ], [ 2.13005686189513, 48.789205843808297 ], [ 2.13257907843937, 48.788810711254001 ], [ 2.13395744835783, 48.788669964448502 ], [ 2.13382125036528, 48.788535322073599 ], [ 2.13381975127231, 48.788519031533497 ], [ 2.13382649620252, 48.788506308525697 ], [ 2.13382927797294, 48.788502730971402 ], [ 2.13384604670298, 48.788492958794002 ], [ 2.13386097443301, 48.788487490531899 ], [ 2.13388408024799, 48.788481361999899 ], [ 2.13381461113028, 48.788426892690403 ], [ 2.1337660554981, 48.788317979562798 ], [ 2.13372502044776, 48.788223421856699 ], [ 2.13367675531417, 48.7881134314608 ], [ 2.13361443381521, 48.787972848444902 ], [ 2.13352956060995, 48.787780474566198 ], [ 2.13351406698344, 48.787754458631298 ], [ 2.1332642169349, 48.7877835870392 ], [ 2.13326353493807, 48.787783672035403 ], [ 2.13326195402033, 48.787780512562897 ], [ 2.13320941070006, 48.7876331645382 ], [ 2.13290412891989, 48.787754351518302 ], [ 2.13287479961574, 48.787717262050897 ], [ 2.13278378800183, 48.787624140145198 ], [ 2.13265245350016, 48.787492049974198 ], [ 2.13252417216577, 48.787356474024399 ], [ 2.13241786780349, 48.787241744387799 ], [ 2.13239660937992, 48.787218654556199 ], [ 2.13226051344028, 48.787070159680297 ], [ 2.13213358916139, 48.786934952873096 ], [ 2.13200309861534, 48.786793244100899 ], [ 2.13193719331831, 48.786721170626002 ], [ 2.13187512580094, 48.786655690838799 ], [ 2.13175038557468, 48.7865202295988 ], [ 2.13162508664082, 48.786385663578997 ], [ 2.13150006204335, 48.786251009457999 ], [ 2.13137450268961, 48.786115811639199 ], [ 2.1312494808828, 48.7859810672919 ], [ 2.13112378373713, 48.785846048052697 ], [ 2.13099862862675, 48.785711212488998 ], [ 2.13087388244764, 48.785576379748001 ], [ 2.1307473871629, 48.7854403648698 ], [ 2.13062168662514, 48.785305704767801 ], [ 2.13049615729931, 48.785168977063897 ], [ 2.13037246349083, 48.785036489899298 ], [ 2.13024731826015, 48.784901293723401 ], [ 2.13012138111092, 48.784764652537802 ], [ 2.12999784179951, 48.784631176672903 ], [ 2.12986107747574, 48.784482763704801 ], [ 2.1296466353639, 48.784250407293001 ], [ 2.1295211036301, 48.784114128100299 ], [ 2.12939262507598, 48.7839750390389 ], [ 2.12925907783093, 48.783829796729997 ], [ 2.12913488200196, 48.7836951457829 ], [ 2.12900735363166, 48.783556332996703 ], [ 2.12887967033249, 48.783418688187403 ], [ 2.12875333958463, 48.783281592743201 ], [ 2.12862771847743, 48.783142793394099 ], [ 2.12854663883222, 48.783050819527297 ], [ 2.12814375715837, 48.7827419826965 ], [ 2.12726816860106, 48.782068479319797 ], [ 2.12712563072241, 48.781956897465797 ], [ 2.12669928526052, 48.781627916450098 ], [ 2.12659701205647, 48.781550267104301 ], [ 2.12614896112606, 48.781209342673002 ], [ 2.12592344847705, 48.781038419174898 ], [ 2.1255429920068, 48.780749524466501 ], [ 2.12541181734963, 48.780650615667497 ], [ 2.12497386882041, 48.780316865951598 ], [ 2.12487831731423, 48.780244480971703 ], [ 2.12464407790528, 48.780066925040103 ], [ 2.12457834332002, 48.780018233567397 ], [ 2.12457861095413, 48.7800185053596 ], [ 2.12453711742018, 48.779985102025897 ], [ 2.12446332839203, 48.779929785572001 ], [ 2.12446100748861, 48.7799302182828 ], [ 2.12411694550502, 48.779963224219998 ], [ 2.12381361784412, 48.779993739648198 ], [ 2.12350675778672, 48.780023868618898 ], [ 2.12321093951755, 48.780052908566702 ], [ 2.12290680490498, 48.780082786169899 ], [ 2.12260458111786, 48.780112317258201 ], [ 2.12229937834555, 48.7801409262619 ], [ 2.12200277554752, 48.780167978699197 ], [ 2.12177486299762, 48.780189239274698 ], [ 2.12169907960186, 48.780195967639798 ], [ 2.12140002067157, 48.780223360303502 ], [ 2.1210968774915, 48.780250812119199 ], [ 2.12090468706074, 48.780268196402503 ], [ 2.12079153851721, 48.780279326334103 ], [ 2.12048605706521, 48.780308198496698 ], [ 2.12026728193094, 48.780328264254003 ], [ 2.1199380884481, 48.7803589391822 ], [ 2.11967118678042, 48.780383956024302 ], [ 2.11903665018589, 48.7804432289674 ], [ 2.11876388097483, 48.780469099960399 ], [ 2.11766796331884, 48.780568944219297 ], [ 2.11766579818056, 48.780568208679497 ], [ 2.11754294507928, 48.780493187671198 ], [ 2.11731028917619, 48.7803521461055 ], [ 2.11718205168298, 48.780273667059703 ], [ 2.1171146884493, 48.780233144293099 ], [ 2.11691827517663, 48.780113956248101 ], [ 2.11683489994145, 48.780062611648802 ], [ 2.11673561356602, 48.780002514751999 ], [ 2.11671823583298, 48.779991952794802 ], [ 2.1167035568708, 48.779982759944801 ], [ 2.11651818828892, 48.779870488588998 ], [ 2.11642188573251, 48.7798110430873 ], [ 2.11631815538265, 48.779748214641998 ], [ 2.11611824121335, 48.779627020545 ], [ 2.11597909308457, 48.779542073397899 ], [ 2.11591753587862, 48.779504381137102 ], [ 2.11588588194027, 48.779484988853199 ], [ 2.11571871372443, 48.7793831044686 ], [ 2.11551624430128, 48.779260271401903 ], [ 2.11540661103464, 48.779192541446697 ], [ 2.11493646057578, 48.779413829335397 ], [ 2.11487417911701, 48.779442959484399 ], [ 2.11475002880358, 48.779500952909899 ], [ 2.1141842775401, 48.779765601934301 ], [ 2.11329902900454, 48.780170618435903 ], [ 2.11276945610956, 48.780411784030001 ], [ 2.11237362564371, 48.780591160139899 ], [ 2.11234935259519, 48.780601952955898 ], [ 2.1122315259533, 48.780599908239402 ], [ 2.11211478797218, 48.780597871496802 ], [ 2.11181096559869, 48.780592825017798 ], [ 2.11173545266173, 48.780591544082199 ], [ 2.11150918756739, 48.780587613080797 ], [ 2.11122618576261, 48.7805827199441 ], [ 2.11106270282349, 48.780544446831897 ], [ 2.1110570073265, 48.780543235185696 ], [ 2.11093121116771, 48.780513697009098 ], [ 2.11091494271619, 48.780509978193898 ], [ 2.11079104572342, 48.780480813775903 ], [ 2.11060316541046, 48.780436691981599 ], [ 2.11046747725186, 48.780404651187801 ], [ 2.11030237012413, 48.780365915209103 ], [ 2.11023499405701, 48.780350392835402 ], [ 2.11000170406505, 48.780295588351002 ], [ 2.109809488921, 48.7802503536738 ], [ 2.10970130944287, 48.780225352692497 ], [ 2.10966620424844, 48.780216906198703 ], [ 2.1094239663862, 48.780160145068997 ], [ 2.10912954241918, 48.780091031785403 ], [ 2.10883254292984, 48.780021358892 ], [ 2.10869902346217, 48.7799899618458 ], [ 2.1085424581791, 48.779953265891201 ], [ 2.10836420336257, 48.7799115508898 ], [ 2.10824979174855, 48.7798849730192 ], [ 2.10797299816938, 48.779819676138402 ], [ 2.10768684350239, 48.779752689701901 ], [ 2.10762191535298, 48.779737364005101 ], [ 2.10739405246759, 48.779683854110502 ], [ 2.10709502412532, 48.779613711960799 ], [ 2.10679616037391, 48.779541951290902 ], [ 2.10653852977111, 48.779478413295401 ], [ 2.10631222589458, 48.779802857662403 ], [ 2.10618607551951, 48.779984949978498 ], [ 2.10604996368298, 48.780184416733398 ], [ 2.10600708850895, 48.780248225965003 ], [ 2.10590155672923, 48.780402409693501 ], [ 2.10573905292242, 48.780640804141598 ], [ 2.10566633418958, 48.780746483610599 ], [ 2.10522700787314, 48.780635261561301 ], [ 2.10500342682555, 48.780578001582001 ], [ 2.10488171303423, 48.780540752413501 ], [ 2.1048501681153, 48.780531071961001 ], [ 2.10478190106061, 48.7805120320144 ], [ 2.10469859232589, 48.780489191611899 ], [ 2.10457831103479, 48.780455730508997 ], [ 2.10455067707459, 48.780448147997603 ], [ 2.10400758869507, 48.780300795697499 ], [ 2.10385680756651, 48.780260269381102 ], [ 2.10371334874768, 48.780221326849698 ], [ 2.10343225074731, 48.7801453737572 ], [ 2.10333878045617, 48.780119937703802 ], [ 2.10318813799504, 48.780079321625998 ], [ 2.10283327891305, 48.780177394734203 ], [ 2.10252723430512, 48.7802621619931 ], [ 2.10222460464297, 48.780346144634102 ], [ 2.1019207430883, 48.780430477025803 ], [ 2.10185646934411, 48.780448342451699 ], [ 2.10183002659378, 48.780434831959099 ], [ 2.10152474733014, 48.780522390671997 ], [ 2.10143530123802, 48.780547801754402 ], [ 2.10122342756898, 48.780601253824599 ], [ 2.10114715653585, 48.780620287834303 ], [ 2.10091953839451, 48.780679107499701 ], [ 2.10061590962642, 48.7807575919716 ], [ 2.10033551774016, 48.780830224402202 ], [ 2.10025799725354, 48.780834857399803 ], [ 2.10003140967252, 48.780873265853501 ], [ 2.09973807440125, 48.780922953617001 ], [ 2.09942735264863, 48.780970620788203 ], [ 2.09936855067634, 48.780978902116203 ], [ 2.09929772222554, 48.780990060904102 ], [ 2.09912099582945, 48.781017690457901 ], [ 2.09881421467898, 48.781065655583603 ], [ 2.09873874520998, 48.781077588531097 ], [ 2.09863036643227, 48.781095839071298 ], [ 2.09850778683309, 48.781116770629197 ], [ 2.09821403738612, 48.781166631424597 ], [ 2.09790595826423, 48.781218721851602 ], [ 2.09761220922345, 48.781268491230797 ], [ 2.09748239619312, 48.781290536379203 ], [ 2.09733046137559, 48.781316821512597 ], [ 2.09706659125093, 48.781362318088597 ], [ 2.09702713561405, 48.781369395311799 ], [ 2.09671548792304, 48.781423074699802 ], [ 2.09549863808205, 48.781633332212301 ], [ 2.09434974042062, 48.781833029350601 ], [ 2.09353393544519, 48.781974530839001 ], [ 2.09268034449074, 48.7821206867565 ], [ 2.09184162432268, 48.782264521137897 ], [ 2.09153911969351, 48.782316187846703 ], [ 2.09130404196242, 48.782395889473598 ], [ 2.09042488531155, 48.782696178740999 ], [ 2.09028919106109, 48.7827429059151 ], [ 2.08914316991486, 48.783133885826999 ], [ 2.08881634379615, 48.783245083028802 ], [ 2.0885344124071, 48.783341781069197 ], [ 2.0882360503668, 48.7834440195331 ], [ 2.08794536471206, 48.783543077866597 ], [ 2.08770519979603, 48.783625072121502 ], [ 2.08766481142961, 48.783638615102902 ], [ 2.08761263919596, 48.783656655229301 ], [ 2.08741190598468, 48.783725278513799 ], [ 2.08712135171455, 48.783824425789497 ], [ 2.08694170719042, 48.783885654113298 ], [ 2.08682326104697, 48.783926392966201 ], [ 2.08653790744158, 48.784023779690997 ], [ 2.08624475468713, 48.784123444632598 ], [ 2.08594419679261, 48.784226200242898 ], [ 2.08563652160195, 48.7843311492297 ], [ 2.08533471442438, 48.784435152961002 ], [ 2.08503097553499, 48.784540580239799 ], [ 2.08472723541822, 48.7846460067368 ], [ 2.08443431159795, 48.784747737698503 ], [ 2.08421588314698, 48.784823685363598 ], [ 2.08419526341413, 48.784889546131502 ], [ 2.0841527926464, 48.785021617984199 ], [ 2.08410897685363, 48.785160515231198 ], [ 2.08406685834668, 48.785288002589297 ], [ 2.08402234394892, 48.785420148632802 ], [ 2.08397954613057, 48.785547540783 ], [ 2.08393557408795, 48.785679780869103 ], [ 2.08388949408647, 48.785815782403603 ], [ 2.08375792550149, 48.786208097809897 ], [ 2.08363430935319, 48.786573760644799 ], [ 2.08350784654908, 48.786954152184499 ], [ 2.083360827841, 48.787388801725598 ], [ 2.08319633514491, 48.787880431092901 ], [ 2.08297623748453, 48.788530653638603 ], [ 2.08209282360265, 48.788661934397197 ], [ 2.08178904416017, 48.788706011435004 ], [ 2.08148360564743, 48.788751514048002 ], [ 2.08118311062695, 48.788794535472597 ], [ 2.08062805375663, 48.788877061891696 ], [ 2.0795073266622, 48.789041575545397 ], [ 2.07939760008714, 48.789057729606299 ], [ 2.07925253233011, 48.789078738047102 ], [ 2.07905982800518, 48.789107114346798 ], [ 2.07872109621002, 48.7891568505108 ], [ 2.07834970959486, 48.789213439409401 ], [ 2.07775146818093, 48.789305063507399 ], [ 2.07745978667657, 48.789180308825799 ], [ 2.07718567744963, 48.789062614770899 ], [ 2.07691791536102, 48.788947847292597 ], [ 2.07667562630434, 48.788847487119902 ], [ 2.07632246492407, 48.788828028271098 ], [ 2.07578802145275, 48.788799161449603 ], [ 2.07501342809534, 48.788756830805902 ], [ 2.07447477489563, 48.788727475793202 ], [ 2.07434395337703, 48.788720346307002 ], [ 2.07389846573742, 48.788764384860798 ], [ 2.07361677926478, 48.788790353825398 ], [ 2.07332213246321, 48.788817930553201 ], [ 2.07328654911374, 48.788821072464799 ], [ 2.07302121985684, 48.7888457277814 ], [ 2.07273094208445, 48.788872527453798 ], [ 2.07271199030805, 48.7888742692082 ], [ 2.0726988989188, 48.7888756067182 ], [ 2.07266304168957, 48.788878836263002 ], [ 2.07262323109623, 48.788882394891097 ], [ 2.07249834240239, 48.788893747890597 ], [ 2.07242988954826, 48.7889005019981 ], [ 2.07215024474473, 48.7889263934185 ], [ 2.07184564652365, 48.788954698738301 ], [ 2.07155100425948, 48.788981911370001 ], [ 2.07125322492544, 48.789009458670201 ], [ 2.07094644809081, 48.789037744771001 ], [ 2.07069161575578, 48.789061397212997 ], [ 2.07064893391661, 48.789065652405398 ], [ 2.07054831710068, 48.789074583768603 ], [ 2.07035129133368, 48.789093108583302 ], [ 2.07011677784983, 48.789114669281702 ], [ 2.07005160048323, 48.789120907856599 ], [ 2.06993626030322, 48.789131073280601 ], [ 2.07006374678365, 48.789394071506202 ], [ 2.07012243243089, 48.7895153225762 ], [ 2.07017001671466, 48.7896560949453 ], [ 2.07019200686828, 48.789720665727003 ], [ 2.07019898306852, 48.789741676885001 ], [ 2.07020341188159, 48.7897528643608 ], [ 2.07021212699815, 48.789775597977403 ], [ 2.0702186277117, 48.7897927378555 ], [ 2.0702712116485, 48.789927972539402 ], [ 2.07031592440835, 48.790046596314099 ], [ 2.07036594378237, 48.790172996493602 ], [ 2.07041614908211, 48.7903042550385 ], [ 2.0704704409388, 48.790443010652901 ], [ 2.07052188766227, 48.790581024544998 ], [ 2.07057240594069, 48.790717682021103 ], [ 2.07062271154442, 48.790851009890901 ], [ 2.07067311827001, 48.7909863172667 ], [ 2.07072573016689, 48.791127757913301 ], [ 2.07077782034023, 48.791267935250303 ], [ 2.07082923505457, 48.7914078374627 ], [ 2.07088331136698, 48.791551178181102 ], [ 2.07100399335247, 48.791875823097797 ], [ 2.07098895719121, 48.791879303948797 ], [ 2.07101383002938, 48.791942637638599 ], [ 2.07106324281592, 48.792072720255497 ], [ 2.07124983923715, 48.792564182537497 ], [ 2.07148388131375, 48.793197134112802 ], [ 2.07172870373804, 48.793890160770502 ], [ 2.07213790553753, 48.794243217978298 ], [ 2.07320259643415, 48.794152451864697 ], [ 2.07533703623833, 48.793961396395702 ], [ 2.07797515078639, 48.793716626201999 ], [ 2.08032121722499, 48.793503729227297 ], [ 2.08076381178524, 48.793463601894103 ], [ 2.08395668157484, 48.793176105364502 ], [ 2.08555658756154, 48.793031587229002 ], [ 2.08674672365464, 48.792926280262797 ], [ 2.08881612011228, 48.792743301985098 ], [ 2.09123576669748, 48.792521128323699 ], [ 2.09363883705531, 48.792295901887599 ], [ 2.09418165761687, 48.792244702525601 ], [ 2.09518978784841, 48.792153042423401 ], [ 2.0960072807123, 48.7920801691184 ], [ 2.09836566146671, 48.791870519672798 ], [ 2.10017128691254, 48.791711528280302 ], [ 2.10197405852678, 48.791551588791101 ], [ 2.10374947793398, 48.7913825126668 ], [ 2.10530793659652, 48.791227166351 ], [ 2.10632712790621, 48.791131088111896 ], [ 2.11164159305571, 48.790629615695202 ], [ 2.11290116023062, 48.790509274660501 ], [ 2.11332912400962, 48.790469907762599 ], [ 2.11374577039262, 48.790431624662503 ] ] ] } },
{ "type": "Feature", "properties": { "OBJECTID": 5, "ID": 8, "NOM": "Saint Louis", "COUCHE": "Quartier de la ville de Versailles", "GlobalID": "dd2eddfe-798c-4c79-95b4-032635e03a61", "Shape__Area": 4813197.28442383, "Shape__Length": 10942.9992399201 }, "geometry": { "type": "Polygon", "coordinates": [ [ [ 2.12209083554409, 48.804332068116103 ], [ 2.12982151503431, 48.802276817857098 ], [ 2.12973089279963, 48.802138760170699 ], [ 2.12973007297112, 48.802138934085498 ], [ 2.12962645747803, 48.801984019225003 ], [ 2.12962618370231, 48.801984107173404 ], [ 2.12939429508666, 48.8016344331173 ], [ 2.12936215760771, 48.801585810271902 ], [ 2.12936283078469, 48.801586264884897 ], [ 2.12924447268676, 48.801409296379497 ], [ 2.12924274045055, 48.801407035211497 ], [ 2.12910941426449, 48.8012051335105 ], [ 2.12903856440241, 48.801102173356902 ], [ 2.12895756431794, 48.8009792620011 ], [ 2.12888173869368, 48.800864483066398 ], [ 2.12879578198746, 48.800736768518803 ], [ 2.12871995707167, 48.8006219894569 ], [ 2.12863125352571, 48.800487599023903 ], [ 2.12854529805382, 48.800359884253602 ], [ 2.12846231388581, 48.8002336301426 ], [ 2.12838142108309, 48.800112607848099 ], [ 2.12829266216635, 48.799981634486301 ], [ 2.1282067639688, 48.799850591963498 ], [ 2.12811868809744, 48.799719533475603 ], [ 2.12804063159313, 48.7995999706474 ], [ 2.12801272504164, 48.7995590232794 ], [ 2.1281211821976, 48.799472570616601 ], [ 2.12828527515241, 48.799340113487297 ], [ 2.12845140922765, 48.799207671006798 ], [ 2.12861767858918, 48.799075229272503 ], [ 2.12878176903338, 48.798942771415199 ], [ 2.12894803821364, 48.798810239258998 ], [ 2.12911199085648, 48.798677779925399 ], [ 2.12927825685201, 48.7985453372102 ], [ 2.12944452200317, 48.798412894248202 ], [ 2.12960860826444, 48.798280435178398 ], [ 2.12977473560509, 48.798147990734897 ], [ 2.12994099972927, 48.798015457104498 ], [ 2.13010508347977, 48.797882997306701 ], [ 2.1302712322846, 48.7977491132254 ], [ 2.13043969438091, 48.797615245733901 ], [ 2.13060801948686, 48.797481376998903 ], [ 2.13077648135283, 48.797347419069702 ], [ 2.1309405848523, 48.797213519144897 ], [ 2.13110958800036, 48.797079654605099 ], [ 2.13127586779294, 48.796945770022198 ], [ 2.1313408674283, 48.796893086564701 ], [ 2.13044872404766, 48.795497259532297 ], [ 2.13042696391597, 48.795463282862897 ], [ 2.13042600807419, 48.795463455793197 ], [ 2.13036629498501, 48.795370560505702 ], [ 2.1303637716649, 48.795366764563298 ], [ 2.13036390778514, 48.795366765553702 ], [ 2.13027499967142, 48.795228596612702 ], [ 2.13019125824212, 48.795099009720602 ], [ 2.13010262328033, 48.794960842600098 ], [ 2.13004166227633, 48.7948693770972 ], [ 2.12996366561566, 48.794746397614297 ], [ 2.12988284083756, 48.794621598624403 ], [ 2.12980984939431, 48.794508729009301 ], [ 2.12973405680345, 48.794392421123398 ], [ 2.12965314501727, 48.794264743137099 ], [ 2.12956722880721, 48.794135139837302 ], [ 2.12948642993473, 48.794008901606297 ], [ 2.12940269242199, 48.793879314022398 ], [ 2.12931892380595, 48.793751614929299 ], [ 2.12929000550077, 48.7937061631335 ], [ 2.12928891207047, 48.793706424994802 ], [ 2.12918914988768, 48.793550097464099 ], [ 2.12909171226472, 48.793401341942101 ], [ 2.12906693884919, 48.793360417410597 ], [ 2.12897803909093, 48.793222157328998 ], [ 2.12894603278557, 48.7931741645248 ], [ 2.12894887016885, 48.793175444401903 ], [ 2.12884875069267, 48.793024330567299 ], [ 2.12876367322854, 48.792893653321201 ], [ 2.12857683399159, 48.7928488487903 ], [ 2.12865541527736, 48.792716396578399 ], [ 2.12869532447274, 48.792657954998198 ], [ 2.12874931741291, 48.792579468921303 ], [ 2.12880771495202, 48.792481767193102 ], [ 2.12868149385505, 48.792369408015396 ], [ 2.12826976030903, 48.792243813498203 ], [ 2.12785121665987, 48.792159271653901 ], [ 2.12743724356874, 48.792029430566402 ], [ 2.12725286466846, 48.791968002459299 ], [ 2.12654028122966, 48.791843262472398 ], [ 2.1254886957934, 48.791648311040099 ], [ 2.12510240824848, 48.791580904739597 ], [ 2.1247506290058, 48.791485148110198 ], [ 2.12460057328811, 48.791430982760097 ], [ 2.12445060677191, 48.791322852180301 ], [ 2.12419626919298, 48.7910584453819 ], [ 2.12412372427328, 48.790936221029497 ], [ 2.12404501233687, 48.790751621007097 ], [ 2.12404554944922, 48.790646661611198 ], [ 2.12414017036569, 48.790443094852499 ], [ 2.12429225704145, 48.7902625247782 ], [ 2.12469675321107, 48.790039101927 ], [ 2.12416363153826, 48.790051025782901 ], [ 2.12388861267364, 48.790070236364102 ], [ 2.12321656236587, 48.790095168477997 ], [ 2.12289523495075, 48.790107830939903 ], [ 2.12275695387123, 48.790106636035397 ], [ 2.12211170224711, 48.790100188691099 ], [ 2.12184525442486, 48.790095352830903 ], [ 2.12105879893123, 48.790083454879003 ], [ 2.12013845163931, 48.790068407379898 ], [ 2.11964237930135, 48.7900626852025 ], [ 2.11875433339178, 48.790053351517301 ], [ 2.11823443973136, 48.790047627710202 ], [ 2.11793123318417, 48.790027041684901 ], [ 2.11739455203144, 48.790080282864302 ], [ 2.11688457555184, 48.790132010072 ], [ 2.11555669476882, 48.790268347093097 ], [ 2.11524291699941, 48.790301192109901 ], [ 2.11520268808979, 48.790313486282997 ], [ 2.11513432237018, 48.790339423328597 ], [ 2.11447373759524, 48.790378062563001 ], [ 2.11424553730007, 48.790397418021499 ], [ 2.11404453839058, 48.790418143970598 ], [ 2.11399341425129, 48.790422711806798 ], [ 2.11393505657309, 48.7904283952467 ], [ 2.11387902033979, 48.790433646156799 ], [ 2.11377485580008, 48.790443397056301 ], [ 2.11373259232414, 48.790447221003902 ], [ 2.11331594594113, 48.790485504092103 ], [ 2.11288798216212, 48.790524870977698 ], [ 2.11162841498722, 48.790645211975097 ], [ 2.10631394983772, 48.791146684235898 ], [ 2.10529475852803, 48.791242762445101 ], [ 2.10373629986549, 48.791398108712599 ], [ 2.10196088045828, 48.791567184784398 ], [ 2.10015810884405, 48.791727124223897 ], [ 2.09835248339822, 48.791886115567003 ], [ 2.09599410264381, 48.792095764947497 ], [ 2.09517660977992, 48.792168638229803 ], [ 2.09416847954837, 48.792260298303503 ], [ 2.09362565898681, 48.7923114976496 ], [ 2.09122258862899, 48.792536724015598 ], [ 2.08880294204379, 48.792758897607897 ], [ 2.08673354558615, 48.792941875828802 ], [ 2.08554340949305, 48.793047182762301 ], [ 2.08394350350636, 48.793191700852802 ], [ 2.08075063371675, 48.793479197293003 ], [ 2.0803080391565, 48.793519324613797 ], [ 2.0779619727179, 48.793732221522298 ], [ 2.07532385816984, 48.793976991639902 ], [ 2.07318941836566, 48.794168047049503 ], [ 2.07212472746904, 48.794258813134803 ], [ 2.0717345751531, 48.7939221918325 ], [ 2.07183363795235, 48.794191793625401 ], [ 2.07194231121683, 48.794465165662302 ], [ 2.07194230961698, 48.794465255593103 ], [ 2.07194230801713, 48.794465345524003 ], [ 2.07195533575633, 48.794498275975897 ], [ 2.07198424827736, 48.794571894176499 ], [ 2.07198438279459, 48.794571985164197 ], [ 2.07198438119481, 48.794572075094997 ], [ 2.07209313853004, 48.794886731481299 ], [ 2.07209313533083, 48.7948869113429 ], [ 2.07209313373123, 48.7948870012737 ], [ 2.07216338707041, 48.7950626661356 ], [ 2.0721721183264, 48.795084590118201 ], [ 2.07217211672692, 48.795084680049001 ], [ 2.07217225284539, 48.795084681105699 ], [ 2.07220156669082, 48.795174042385298 ], [ 2.0722015650914, 48.795174132316099 ], [ 2.07220156349197, 48.7951742222468 ], [ 2.07266013217602, 48.796411621267197 ], [ 2.07266013057735, 48.796411711197898 ], [ 2.07267699991995, 48.796458342663897 ], [ 2.07267699832131, 48.796458432594498 ], [ 2.0730459749947, 48.797460112364597 ], [ 2.07304597339666, 48.797460202295198 ], [ 2.07306697350727, 48.797504257347697 ], [ 2.07306697190926, 48.797504347278299 ], [ 2.07314750399637, 48.797722543906801 ], [ 2.07319199351969, 48.797854475476399 ], [ 2.07319951172858, 48.797875760315698 ], [ 2.07339742482269, 48.798429904273199 ], [ 2.07339742322523, 48.798429994203701 ], [ 2.07342373083072, 48.798497205626397 ], [ 2.0734678797131, 48.798610066456298 ], [ 2.07346787811575, 48.7986101563868 ], [ 2.07359577776901, 48.798951851459897 ], [ 2.07363437928864, 48.799055135236301 ], [ 2.07365752103321, 48.799116655628403 ], [ 2.07367669394373, 48.799171669367198 ], [ 2.07380145338135, 48.799529349515701 ], [ 2.0738179083781, 48.7995764271799 ], [ 2.07383242044927, 48.799617913329598 ], [ 2.07383928726346, 48.799637574073401 ], [ 2.07402105872035, 48.800158402072199 ], [ 2.07402520101134, 48.8001704864947 ], [ 2.07402519941491, 48.800170576425103 ], [ 2.07405730099751, 48.8002566305165 ], [ 2.07414358069607, 48.800488991415598 ], [ 2.07414357909983, 48.800489081346001 ], [ 2.07416544164518, 48.800651660296403 ], [ 2.10442881433587, 48.803402002063201 ], [ 2.10490394454522, 48.803381816183503 ], [ 2.10520734357302, 48.8033557559625 ], [ 2.10633086818416, 48.803239591260798 ], [ 2.10693781157574, 48.803170824620402 ], [ 2.10864666873135, 48.802982918933701 ], [ 2.10969608709404, 48.802867968888499 ], [ 2.11077070497486, 48.802752117816603 ], [ 2.11184172181251, 48.802639558207801 ], [ 2.1142027984844, 48.802399394427702 ], [ 2.1142028030661, 48.8023991246355 ], [ 2.11460328357164, 48.802308102302298 ], [ 2.11486008815178, 48.802251002245697 ], [ 2.11513774036897, 48.802176877035102 ], [ 2.11542045481372, 48.802101259628202 ], [ 2.11571615789914, 48.802022409787199 ], [ 2.11601978195494, 48.801942088779803 ], [ 2.11720037459867, 48.801628371617802 ], [ 2.11843800731134, 48.801298154400499 ], [ 2.11880659108706, 48.801200316985899 ], [ 2.11909722264859, 48.8011228604785 ], [ 2.11939784888595, 48.8010420590997 ], [ 2.12001614687171, 48.800880473717598 ], [ 2.12209083554409, 48.804332068116103 ] ] ] } },
{ "type": "Feature", "properties": { "OBJECTID": 6, "ID": 1, "NOM": "Clagny Glatigny", "COUCHE": "Quartier de la ville de Versailles", "GlobalID": "ee4d70e3-8a94-4a6d-9772-f0d04756e2d3", "Shape__Area": 2139840.62890625, "Shape__Length": 6544.4641684437602 }, "geometry": { "type": "Polygon", "coordinates": [ [ [ 2.13601384489887, 48.8139715152805 ], [ 2.13590255266835, 48.813990114629703 ], [ 2.13591711351364, 48.814075169299301 ], [ 2.13594434822738, 48.814211195843399 ], [ 2.13596875960374, 48.814344444691301 ], [ 2.13599317110623, 48.814477693522299 ], [ 2.13601758273476, 48.814610942336401 ], [ 2.13604199448953, 48.814744191133499 ], [ 2.13606709116716, 48.814877355836302 ], [ 2.13609218647922, 48.815010609464998 ], [ 2.13611728192095, 48.815143863076599 ], [ 2.13614251415371, 48.815277117644001 ], [ 2.13618312817219, 48.815495432588399 ], [ 2.13620690530102, 48.815625830227198 ], [ 2.13622238101575, 48.815721565726697 ], [ 2.13624742332288, 48.815858021200398 ], [ 2.1362726009309, 48.815994566572101 ], [ 2.13629764200862, 48.816131110953201 ], [ 2.13632285127373, 48.816265788484003 ], [ 2.13634578520874, 48.8163976032804 ], [ 2.13637093942505, 48.816535571671601 ], [ 2.13639592721724, 48.816675317933601 ], [ 2.13642110561753, 48.816811863199099 ], [ 2.13644409749808, 48.816948392883702 ], [ 2.13646695283432, 48.817084921578697 ], [ 2.13648994495807, 48.8172214512294 ], [ 2.13651512387379, 48.817357996425102 ], [ 2.13653729624325, 48.817494520205898 ], [ 2.13656233875006, 48.817631064394 ], [ 2.13658751805745, 48.817767609536801 ], [ 2.13661256082984, 48.817904153689398 ], [ 2.13663782856758, 48.818035451159297 ], [ 2.13666069018487, 48.818163529160103 ], [ 2.13667979999246, 48.818270854255097 ], [ 2.13668797533983, 48.8182967979292 ], [ 2.1367037973118, 48.8183476140686 ], [ 2.13672093380946, 48.818385274421402 ], [ 2.13674648857205, 48.818426285947901 ], [ 2.13683451990411, 48.818539883315701 ], [ 2.13691525664063, 48.818615801347299 ], [ 2.1370064978245, 48.818676671921502 ], [ 2.13718110239495, 48.818771048082397 ], [ 2.13729769019113, 48.818820267839499 ], [ 2.13734828615944, 48.818843399688099 ], [ 2.13755780689797, 48.818901641514302 ], [ 2.13763136250247, 48.818941303893702 ], [ 2.13764841718648, 48.818935020448599 ], [ 2.13763573597799, 48.818941334977502 ], [ 2.13765110836894, 48.818961992507802 ], [ 2.13774178712378, 48.819072761459402 ], [ 2.13774720582325, 48.819100108710501 ], [ 2.13775708683981, 48.819228094144997 ], [ 2.13776928984054, 48.8193561850211 ], [ 2.13776925308691, 48.819447984817003 ], [ 2.13776904792907, 48.819566113656897 ], [ 2.1377739760245, 48.819696020830001 ], [ 2.13777890414487, 48.819825927991602 ], [ 2.13778383228997, 48.819955835141499 ], [ 2.13778862614588, 48.820093747140497 ], [ 2.13779574498677, 48.820231586693801 ], [ 2.13780059411773, 48.820366207779998 ], [ 2.13781029245551, 48.820635449915002 ], [ 2.1378177071663, 48.820771957215797 ], [ 2.13781814853354, 48.820770092329198 ], [ 2.13781606868137, 48.8208288757872 ], [ 2.13782125927594, 48.820869831258797 ], [ 2.13783404817719, 48.820938594194899 ], [ 2.13783898967912, 48.820953662439102 ], [ 2.13784696431261, 48.820975334789402 ], [ 2.13785451909136, 48.820989443112502 ], [ 2.13790732837374, 48.821068186306199 ], [ 2.13800332658679, 48.821204344396399 ], [ 2.13809932530676, 48.8213405023984 ], [ 2.13819313619655, 48.821476733723202 ], [ 2.13829132277604, 48.8216129070804 ], [ 2.13838445276709, 48.8217490444367 ], [ 2.1384774450797, 48.821885269681601 ], [ 2.13856843690025, 48.822018545176199 ], [ 2.1386565335727, 48.8221533122436 ], [ 2.13875468986699, 48.822291441905698 ], [ 2.13885284817771, 48.822429482533302 ], [ 2.13893047686682, 48.822536421623099 ], [ 2.13908010338575, 48.822743766081501 ], [ 2.1390626643976, 48.822748445831998 ], [ 2.13912353325428, 48.822844057738699 ], [ 2.13914081919642, 48.822840355380102 ], [ 2.13921672101015, 48.822952530243498 ], [ 2.13931269490188, 48.823090554924903 ], [ 2.13941082345455, 48.823230551767601 ], [ 2.13949884282864, 48.823362026264903 ], [ 2.13958983989478, 48.823495300862803 ], [ 2.13968089104312, 48.8236253734431 ], [ 2.13977180596692, 48.823755444974999 ], [ 2.13986272134936, 48.823885516427502 ], [ 2.13995880412738, 48.824025409277603 ], [ 2.14001409643448, 48.824103190463497 ], [ 2.14010266214159, 48.824202200369797 ], [ 2.1401001869247, 48.824203072362003 ], [ 2.14015584604154, 48.824201776655499 ], [ 2.14033305298105, 48.824289138905399 ], [ 2.14060410757558, 48.824421375311303 ], [ 2.1408773267423, 48.824555049668 ], [ 2.1411527580953, 48.824687315795799 ], [ 2.14142887429512, 48.8248195861241 ], [ 2.14170430996168, 48.824951762037998 ], [ 2.14199057064233, 48.825090685333699 ], [ 2.14221324894128, 48.825197846992502 ], [ 2.1424380899381, 48.825306535716898 ], [ 2.14262038766548, 48.825416969353903 ], [ 2.14282988905224, 48.825543873285099 ], [ 2.14289635778687, 48.825583037384703 ], [ 2.14301486944478, 48.825682078619003 ], [ 2.14317898184109, 48.825817467716298 ], [ 2.14334077285554, 48.825952751233402 ], [ 2.14350269992635, 48.826088124430399 ], [ 2.14366449856901, 48.826223051722003 ], [ 2.14383143154441, 48.826361662080103 ], [ 2.14397300236842, 48.826479989896498 ], [ 2.14411688870825, 48.826598867583698 ], [ 2.14434938392054, 48.826790332897801 ], [ 2.14437245799256, 48.8268167367318 ], [ 2.14454192304601, 48.826836344760601 ], [ 2.14478706431945, 48.826941702879097 ], [ 2.14537413142448, 48.827194017615099 ], [ 2.14561171802549, 48.827301722549798 ], [ 2.14564212880673, 48.827314479025397 ], [ 2.14566522914679, 48.827322914283798 ], [ 2.14578105507892, 48.827386708362297 ], [ 2.14591958415305, 48.8274664067876 ], [ 2.14600798480814, 48.827518799543903 ], [ 2.14620462353116, 48.8276392022387 ], [ 2.14633346710695, 48.827709491967198 ], [ 2.14651025916916, 48.827806715718701 ], [ 2.14653088163515, 48.827816200815597 ], [ 2.14659698070997, 48.827845041655401 ], [ 2.14673556681879, 48.827904991962797 ], [ 2.14679910731838, 48.827931501923501 ], [ 2.1468692417448, 48.827956101242698 ], [ 2.14689993547489, 48.827968325665303 ], [ 2.14701360954373, 48.828013690142598 ], [ 2.14716029644524, 48.828079834643901 ], [ 2.14721620960523, 48.828096417005 ], [ 2.14721592883232, 48.828096859796403 ], [ 2.14724328210628, 48.8281044351045 ], [ 2.14725702635602, 48.828108267707897 ], [ 2.1472845325762, 48.828114865599403 ], [ 2.1474363046573, 48.828154715433897 ], [ 2.14745440991455, 48.828159379229 ], [ 2.14745441139047, 48.8281592902865 ], [ 2.14780373418886, 48.828248472969598 ], [ 2.14780387236013, 48.8282483849869 ], [ 2.14815651054059, 48.8283438166279 ], [ 2.14815636942018, 48.828344082495903 ], [ 2.14835073860628, 48.8283957051013 ], [ 2.14837226796052, 48.8283587628436 ], [ 2.14841026634165, 48.828334478508999 ], [ 2.14843669514512, 48.828257630778403 ], [ 2.14848125120665, 48.828126382118803 ], [ 2.14858113361521, 48.827832648865503 ], [ 2.14875706330812, 48.827313864335999 ], [ 2.1488301487335, 48.827209857293902 ], [ 2.14888017026575, 48.8270869193679 ], [ 2.14903387612546, 48.826704521146702 ], [ 2.14907681578967, 48.826604661214901 ], [ 2.14914482784998, 48.826443688463002 ], [ 2.1492042182712, 48.826308006812098 ], [ 2.14923403827268, 48.826240878470898 ], [ 2.149281911546, 48.826131979824503 ], [ 2.14933204823592, 48.826018471463698 ], [ 2.14936363187952, 48.825943883390799 ], [ 2.1494268047825, 48.825794351437999 ], [ 2.14944844884856, 48.825742109822599 ], [ 2.14947761715131, 48.825673019865903 ], [ 2.14955388570376, 48.825500362871402 ], [ 2.14969171830685, 48.825192661742697 ], [ 2.14975635168816, 48.825045630475699 ], [ 2.14981429695792, 48.824914474901398 ], [ 2.14992270383374, 48.8246665216125 ], [ 2.14999510966661, 48.824504066788798 ], [ 2.15014966326827, 48.8241520945015 ], [ 2.15023403167736, 48.82396054665 ], [ 2.15032109353582, 48.823763146673699 ], [ 2.15055290096928, 48.823244393794901 ], [ 2.1505822721062, 48.823179396742198 ], [ 2.15060397265727, 48.823131869757503 ], [ 2.15067775865231, 48.8229683566123 ], [ 2.15072685744449, 48.8228593768237 ], [ 2.15078305617952, 48.822734346173497 ], [ 2.15084404144263, 48.822600898433301 ], [ 2.15090391677629, 48.822468421370601 ], [ 2.15096462658168, 48.822335060575703 ], [ 2.15102437637384, 48.822201870930201 ], [ 2.1510849547522, 48.822068153323002 ], [ 2.15114620151899, 48.821935329884397 ], [ 2.15121156890864, 48.821801289885101 ], [ 2.1512613591832, 48.821699964626497 ], [ 2.15127525761708, 48.8216695508832 ], [ 2.15133473101028, 48.821536448056101 ], [ 2.1513963909428, 48.821403360482698 ], [ 2.1514732772664, 48.8212339085132 ], [ 2.15146121680392, 48.821177872564 ], [ 2.15144098622025, 48.821078548181198 ], [ 2.15131679657488, 48.820818113895498 ], [ 2.15125798106438, 48.820704553891503 ], [ 2.15113187990563, 48.820485469259403 ], [ 2.15108628892217, 48.820398865566297 ], [ 2.15097568197278, 48.820176953663299 ], [ 2.15079865422209, 48.819855215858396 ], [ 2.15070770825133, 48.819692684165702 ], [ 2.1505735293624, 48.819441607963398 ], [ 2.150507899691, 48.819318748609902 ], [ 2.15046510590626, 48.819236700809 ], [ 2.15044224844896, 48.819180678025504 ], [ 2.15038671125814, 48.819042678215197 ], [ 2.15036699437513, 48.818995127975498 ], [ 2.15011603463399, 48.818995238336498 ], [ 2.14994856645451, 48.818996822698701 ], [ 2.15029882843096, 48.818934784958998 ], [ 2.15057732517546, 48.8189060461061 ], [ 2.15068675337815, 48.818893024385197 ], [ 2.15069843590118, 48.818748556853798 ], [ 2.15070915133075, 48.818612977881301 ], [ 2.15071880555477, 48.818500252501799 ], [ 2.15072976187856, 48.818366632167603 ], [ 2.15074028902729, 48.8182341652115 ], [ 2.15074440845443, 48.8181834016221 ], [ 2.15074829557963, 48.8181549637236 ], [ 2.15075591844851, 48.818098976399902 ], [ 2.15076278736277, 48.818055526235099 ], [ 2.15080042752365, 48.817961410064797 ], [ 2.15080893779026, 48.817942700447801 ], [ 2.15091246524621, 48.817823426779299 ], [ 2.15101620239021, 48.8177410701798 ], [ 2.15105689566575, 48.817710310161303 ], [ 2.15116851354251, 48.817630766130101 ], [ 2.15121893054814, 48.817582283388901 ], [ 2.15127814399462, 48.817506019717797 ], [ 2.15133527036411, 48.817407147227598 ], [ 2.1513588385349, 48.8173622126601 ], [ 2.15138191287522, 48.817314072306701 ], [ 2.15138896508569, 48.817300867561798 ], [ 2.15141192907369, 48.817242852589999 ], [ 2.15144246387664, 48.817165053930303 ], [ 2.15146145127303, 48.817116084390001 ], [ 2.15147726747987, 48.817077055460501 ], [ 2.15150803169436, 48.817035017696803 ], [ 2.15154536905367, 48.816992225310898 ], [ 2.15155700614914, 48.816982788665598 ], [ 2.15156669613812, 48.816975384333702 ], [ 2.15157900921411, 48.816966397180998 ], [ 2.15165332705222, 48.816918970918202 ], [ 2.15174887054458, 48.816869113361903 ], [ 2.15184207144987, 48.816820395749403 ], [ 2.15197304294963, 48.816752283351299 ], [ 2.15220092631269, 48.816634144555202 ], [ 2.15226682896435, 48.816599646325301 ], [ 2.15244151383846, 48.8165080882642 ], [ 2.15252257545196, 48.816466045790797 ], [ 2.15259482292123, 48.8164280335616 ], [ 2.15273291365215, 48.816359080532898 ], [ 2.15294502175087, 48.816252483081499 ], [ 2.15305327105892, 48.816202802160703 ], [ 2.15313625818253, 48.8161599721371 ], [ 2.15330456704671, 48.816106796260101 ], [ 2.15347849649383, 48.816085771601998 ], [ 2.15371989376648, 48.816067885949799 ], [ 2.15400654366115, 48.816040975263398 ], [ 2.15420389048387, 48.816042084390801 ], [ 2.15437992236779, 48.8160012364648 ], [ 2.15458881590787, 48.8158903439817 ], [ 2.15463969388277, 48.815863389773199 ], [ 2.1548094946056, 48.815769214629697 ], [ 2.15490617595293, 48.815716338099598 ], [ 2.15503735331533, 48.815643598251398 ], [ 2.15526725207799, 48.815518529369797 ], [ 2.15529758389262, 48.8155025510166 ], [ 2.155474879638, 48.815409583520797 ], [ 2.15576816112257, 48.81530319038 ], [ 2.1559426485197, 48.815239646291602 ], [ 2.15606720519869, 48.815187051727399 ], [ 2.15624157769678, 48.815113810471601 ], [ 2.15635116030705, 48.815065826010702 ], [ 2.15665859165671, 48.814929818628997 ], [ 2.15697685162127, 48.814783478148897 ], [ 2.15722509806461, 48.814655864447197 ], [ 2.15727954264989, 48.814627955418899 ], [ 2.15736629230474, 48.8145803451511 ], [ 2.1462482590616, 48.808501871013704 ], [ 2.1454109231669, 48.808034747823903 ], [ 2.13992780209178, 48.808466118733499 ], [ 2.13335776935686, 48.808967585126801 ], [ 2.13583723721366, 48.8129650781243 ], [ 2.13595166963419, 48.813629400552301 ], [ 2.13601384489887, 48.8139715152805 ] ] ] } },
{ "type": "Feature", "properties": { "OBJECTID": 7, "ID": 5, "NOM": "Chantiers", "COUCHE": "Quartier de la ville de Versailles", "GlobalID": "513ec735-d55e-494d-9084-fe242bcf9378", "Shape__Area": 1421991.5771484401, "Shape__Length": 6769.6160249873301 }, "geometry": { "type": "Polygon", "coordinates": [ [ [ 2.1455459778353, 48.791812473410999 ], [ 2.14553739232508, 48.791810476459901 ], [ 2.1452499741525, 48.791599798358099 ], [ 2.14492691741414, 48.791697518656498 ], [ 2.14458901122236, 48.791799523684404 ], [ 2.14401261001171, 48.791976090967701 ], [ 2.14356455725161, 48.792112201792399 ], [ 2.14341695549445, 48.792156025227698 ], [ 2.14332378314399, 48.792184588673997 ], [ 2.14316397540143, 48.792233900734097 ], [ 2.14257799232848, 48.792413090674103 ], [ 2.14245047880158, 48.7924521102046 ], [ 2.14175395639232, 48.792664231286601 ], [ 2.14097071874744, 48.792909093688699 ], [ 2.14072715434511, 48.792985142926298 ], [ 2.14066112897439, 48.792894365879 ], [ 2.14065693924121, 48.792884262188501 ], [ 2.14055931562806, 48.792637477373802 ], [ 2.1405319659958, 48.792562358536898 ], [ 2.14048435756213, 48.792436186492402 ], [ 2.14037694847454, 48.792147237908303 ], [ 2.14021607520708, 48.791715885106903 ], [ 2.14004991734012, 48.791274959955501 ], [ 2.14001130550197, 48.791172956938901 ], [ 2.13985626807989, 48.790759543835897 ], [ 2.13956825743295, 48.789998443674101 ], [ 2.13902359873799, 48.788565149224901 ], [ 2.13900611342127, 48.788519422194703 ], [ 2.138998782565, 48.7885017405669 ], [ 2.13869927547496, 48.788677669057698 ], [ 2.1382533203411, 48.788943113229202 ], [ 2.13579392622181, 48.790396367082998 ], [ 2.13578002484484, 48.790298768568299 ], [ 2.13576097611739, 48.790166774667199 ], [ 2.13574293237455, 48.790031640017098 ], [ 2.13572877983495, 48.7899327804477 ], [ 2.13568511146344, 48.789898286335401 ], [ 2.13545549705306, 48.789716110074103 ], [ 2.13529924820757, 48.789591757836902 ], [ 2.13512580974449, 48.789453339821698 ], [ 2.13496768831984, 48.789327084757403 ], [ 2.13479879266111, 48.7891939157956 ], [ 2.13443738241523, 48.788907348739301 ], [ 2.13419195385652, 48.788710754350902 ], [ 2.13414651662734, 48.788717350730401 ], [ 2.13410903008147, 48.788720586874099 ], [ 2.13409324063534, 48.788720562401899 ], [ 2.13406373463455, 48.788718639670797 ], [ 2.13403847320569, 48.788715218662297 ], [ 2.13402483576737, 48.788708553998802 ], [ 2.13401985518653, 48.788705190016003 ], [ 2.13400755489923, 48.788699974127802 ], [ 2.13398967413166, 48.788686532987697 ], [ 2.13396958710566, 48.7886665999633 ], [ 2.13259121718721, 48.788807346778299 ], [ 2.13006900064296, 48.789202479359098 ], [ 2.12941343954753, 48.789267950532498 ], [ 2.12735233507133, 48.789583007338301 ], [ 2.12624250159959, 48.789747497981402 ], [ 2.1255363595851, 48.789841359831598 ], [ 2.12472207002739, 48.790020141064304 ], [ 2.12431757385778, 48.790243563999901 ], [ 2.12416548718201, 48.790424134142498 ], [ 2.12407086626554, 48.790627700978099 ], [ 2.12407032915319, 48.790732660413703 ], [ 2.12414904108961, 48.790917260505701 ], [ 2.1242215860093, 48.791039484904402 ], [ 2.12447592358823, 48.791303891802698 ], [ 2.12462589010444, 48.791412022423302 ], [ 2.12477594582213, 48.791466187794001 ], [ 2.12512772506479, 48.791561944459502 ], [ 2.12551401260972, 48.791629350785499 ], [ 2.12656559804598, 48.791824302291502 ], [ 2.12727818148478, 48.791949042325498 ], [ 2.12746256038506, 48.792010470455899 ], [ 2.12787653347619, 48.792140311592398 ], [ 2.12829507712536, 48.792224853468703 ], [ 2.12870681067137, 48.792350448033297 ], [ 2.12883303176834, 48.7924628072535 ], [ 2.12877463422923, 48.7925605090185 ], [ 2.12872064128906, 48.792638995125102 ], [ 2.12868073209367, 48.792697436727501 ], [ 2.12860215080791, 48.792829888989402 ], [ 2.12878899004486, 48.7928746935372 ], [ 2.128874067509, 48.793005370832702 ], [ 2.12897418698517, 48.793156484724399 ], [ 2.12897134960189, 48.793155204846798 ], [ 2.12900335590725, 48.793203197669101 ], [ 2.12909225566551, 48.793341457803002 ], [ 2.12911702908103, 48.793382382350003 ], [ 2.12921446670401, 48.793531137928099 ], [ 2.12931422888679, 48.793687465517998 ], [ 2.1293153223171, 48.793687203656503 ], [ 2.12934424062227, 48.793732655469597 ], [ 2.12942800923831, 48.793860354610899 ], [ 2.12951174675105, 48.793989942243797 ], [ 2.12959254562354, 48.794116180522401 ], [ 2.12967846183359, 48.794245783871197 ], [ 2.12975937361977, 48.794373461905899 ], [ 2.12983516621063, 48.7944897698357 ], [ 2.12990815765388, 48.794602639493398 ], [ 2.12998898243198, 48.794727438530401 ], [ 2.13006697909265, 48.794850418059902 ], [ 2.13012794009666, 48.794941883597303 ], [ 2.13021657505845, 48.795080050769997 ], [ 2.13030031648775, 48.795209637711103 ], [ 2.13038922460146, 48.795347806704299 ], [ 2.13038908848123, 48.795347805713902 ], [ 2.13039161180133, 48.795351601657799 ], [ 2.13045132489052, 48.795444496980402 ], [ 2.13045228073229, 48.795444324050003 ], [ 2.13047404086398, 48.795478300732299 ], [ 2.13136618424463, 48.796874128292103 ], [ 2.13130118460926, 48.796926811769602 ], [ 2.13113490481668, 48.797060696403101 ], [ 2.13096590166862, 48.797194560993503 ], [ 2.13080179816915, 48.797328460968899 ], [ 2.13063333630318, 48.797462418948697 ], [ 2.13046501119723, 48.797596287734301 ], [ 2.13029654910092, 48.797730155276497 ], [ 2.13013040029609, 48.797864039408203 ], [ 2.1299663165456, 48.797996499256101 ], [ 2.12980005242141, 48.798129032936501 ], [ 2.12963392508076, 48.798261477430103 ], [ 2.12946983881949, 48.798393936550099 ], [ 2.12930357366833, 48.798526379561999 ], [ 2.1291373076728, 48.798658822327297 ], [ 2.12897335502996, 48.798791281710997 ], [ 2.1288070858497, 48.798923813917298 ], [ 2.1286429954055, 48.799056271824703 ], [ 2.12847672604397, 48.799188713608999 ], [ 2.12831059196873, 48.799321156139598 ], [ 2.12814649901392, 48.799453613318903 ], [ 2.12803804185796, 48.799540066014401 ], [ 2.12806594840944, 48.799581013397798 ], [ 2.12814400491377, 48.799700576271398 ], [ 2.12823208078512, 48.799831634808697 ], [ 2.12831797898267, 48.799962677380996 ], [ 2.12840673789942, 48.800093650792398 ], [ 2.12848763070213, 48.800214673132601 ], [ 2.12857061487014, 48.800340927291302 ], [ 2.12865657034204, 48.800468642109799 ], [ 2.12874527388799, 48.800603032593699 ], [ 2.12882109880378, 48.800717811698902 ], [ 2.12890705551, 48.8008455262948 ], [ 2.12898288113426, 48.800960305272802 ], [ 2.12906388121873, 48.801083216675103 ], [ 2.12913473108082, 48.801186176867702 ], [ 2.12926805726687, 48.801388078644798 ], [ 2.12926978950309, 48.8013903398138 ], [ 2.12938814760101, 48.801567308386097 ], [ 2.12938747442404, 48.801566853772897 ], [ 2.12941961190298, 48.801615476636698 ], [ 2.12965150051863, 48.801965150824998 ], [ 2.12965177429436, 48.801965062876498 ], [ 2.12975538978745, 48.802119977795599 ], [ 2.12975620961595, 48.8021198038807 ], [ 2.12984703100206, 48.802258166173402 ], [ 2.13006407842679, 48.802200024635802 ], [ 2.13006394378849, 48.802199933714 ], [ 2.13111726637502, 48.801920230870202 ], [ 2.1321227337895, 48.801651953685301 ], [ 2.1336458215307, 48.8012455825872 ], [ 2.14514768680447, 48.798170806880499 ], [ 2.14643091776621, 48.798199495728397 ], [ 2.14643091923781, 48.798199405796801 ], [ 2.1466396910596, 48.798203864700703 ], [ 2.14696779573706, 48.798212322980703 ], [ 2.14792274492483, 48.798235144573397 ], [ 2.14825400591834, 48.798242092807797 ], [ 2.14855951088379, 48.798250565539597 ], [ 2.14888993034576, 48.798259035029098 ], [ 2.14889112114478, 48.7982590632962 ], [ 2.14894268046629, 48.796405229696703 ], [ 2.14883509927211, 48.796263052015497 ], [ 2.14880678127594, 48.7962251591727 ], [ 2.14527384800321, 48.795606109335502 ], [ 2.14510880665606, 48.795600431763198 ], [ 2.14459495925887, 48.795579119126501 ], [ 2.14254906361456, 48.794070136142601 ], [ 2.14280593537644, 48.793928095308601 ], [ 2.14318377591759, 48.793763002881299 ], [ 2.14354623591905, 48.793613622599999 ], [ 2.14379295597556, 48.793817009006702 ], [ 2.14396712161438, 48.793757418736497 ], [ 2.14407591446579, 48.793819567478103 ], [ 2.14454235781432, 48.793551162468397 ], [ 2.14443666036147, 48.793411335028701 ], [ 2.14475277420386, 48.793209622649002 ], [ 2.14509249955259, 48.793099820532198 ], [ 2.14537286372233, 48.793413985461903 ], [ 2.14629799551645, 48.792883404898198 ], [ 2.14597578054804, 48.792660666278898 ], [ 2.14636120791665, 48.792464501474903 ], [ 2.1458410018957, 48.792078226550203 ], [ 2.14555633297258, 48.791825277019697 ], [ 2.14554029437541, 48.791815723771599 ], [ 2.1455459778353, 48.791812473410999 ] ] ] } },
{ "type": "Feature", "properties": { "OBJECTID": 8, "ID": 4, "NOM": "Porchefontaine", "COUCHE": "Quartier de la ville de Versailles", "GlobalID": "4c9a2925-e3bd-438d-9f29-dd236c1b3fab", "Shape__Area": 2065517.13891602, "Shape__Length": 6370.07655040196 }, "geometry": { "type": "Polygon", "coordinates": [ [ [ 2.15911621551573, 48.798854104156099 ], [ 2.15911621696545, 48.798854014224503 ], [ 2.15911635309537, 48.798854015182201 ], [ 2.15914469884601, 48.798835416762898 ], [ 2.15914483642555, 48.798835327789 ], [ 2.15917005116933, 48.798816707336201 ], [ 2.15917211776077, 48.7988151928636 ], [ 2.15917266952826, 48.798814747036197 ], [ 2.15920338465768, 48.798784292950302 ], [ 2.15920352078741, 48.798784293908 ], [ 2.15920352223698, 48.798784203976403 ], [ 2.15921335559854, 48.798773839899098 ], [ 2.15921875742916, 48.798768121622103 ], [ 2.15923066896816, 48.798755523616798 ], [ 2.1592410845247, 48.798742825144998 ], [ 2.15924108597421, 48.798742735213402 ], [ 2.15924775065223, 48.7987346873308 ], [ 2.15926520604418, 48.798707557742802 ], [ 2.15926520749365, 48.798707467811099 ], [ 2.15926898010542, 48.798701468245802 ], [ 2.15926911623494, 48.798701469203301 ], [ 2.15926911913385, 48.798701289340102 ], [ 2.15928420957245, 48.798677291077198 ], [ 2.15929384890714, 48.798662068768898 ], [ 2.15940789784974, 48.798664579825797 ], [ 2.15944614008263, 48.798665478370602 ], [ 2.15944627621216, 48.798665479328001 ], [ 2.15947363243686, 48.798666031480003 ], [ 2.1594737685663, 48.798666032437303 ], [ 2.1595132359666, 48.798666939576599 ], [ 2.15959067479618, 48.7986686533553 ], [ 2.1597075810377, 48.798671274158799 ], [ 2.15982448729107, 48.7986738948481 ], [ 2.15982475810149, 48.798673986693601 ], [ 2.15984272284843, 48.798674382801302 ], [ 2.15984285897789, 48.798674383758197 ], [ 2.1598455815677, 48.798674402896303 ], [ 2.15984571769716, 48.798674403853198 ], [ 2.15987361555199, 48.798675139604597 ], [ 2.16003937348745, 48.7986792727013 ], [ 2.16003950961693, 48.798679273658003 ], [ 2.16005053321065, 48.798679531011899 ], [ 2.16025793377745, 48.798684765923397 ], [ 2.16025806990704, 48.798684766879902 ], [ 2.1603666708692, 48.7986874186278 ], [ 2.16047690394958, 48.7986901716829 ], [ 2.1604770400791, 48.798690172639098 ], [ 2.16071696556706, 48.798696264798799 ], [ 2.16101006715197, 48.798705877726697 ], [ 2.16166648319564, 48.798727482702603 ], [ 2.16166661932527, 48.798727483657402 ], [ 2.16166689158464, 48.798727485567099 ], [ 2.16203485040382, 48.798738520429801 ], [ 2.16214439679163, 48.798589085609201 ], [ 2.16218127525476, 48.798530792010602 ], [ 2.16221474499089, 48.798481288802201 ], [ 2.16221474643527, 48.798481198870498 ], [ 2.16222464558175, 48.7984666976851 ], [ 2.16222478171071, 48.798466698639302 ], [ 2.16226452303597, 48.7984081552517 ], [ 2.16256487243913, 48.797966217249297 ], [ 2.16256487388289, 48.797966127317501 ], [ 2.16256501001065, 48.797966128271298 ], [ 2.1625650114544, 48.797966038339602 ], [ 2.16287886455632, 48.797505216291199 ], [ 2.16287886744272, 48.797505036427602 ], [ 2.16291483664308, 48.797452402528201 ], [ 2.16291497565568, 48.797452223618102 ], [ 2.16291497709882, 48.797452133686299 ], [ 2.16291511611152, 48.7974519547762 ], [ 2.16294351026844, 48.797404754266701 ], [ 2.16296682056753, 48.797368940764898 ], [ 2.16297672939508, 48.7973538099805 ], [ 2.16315294825483, 48.797079012277401 ], [ 2.16333419411958, 48.796796244620303 ], [ 2.16333447502319, 48.7967957069352 ], [ 2.16364749282442, 48.796267240282901 ], [ 2.1636469044188, 48.7962190272684 ], [ 2.16364690586064, 48.796218937336498 ], [ 2.16365129633484, 48.796174356840702 ], [ 2.16374944790151, 48.795181004496797 ], [ 2.16374960852971, 48.795179476605803 ], [ 2.1638247005756, 48.794427006888803 ], [ 2.16382501461553, 48.794424400764797 ], [ 2.16383523849593, 48.794313123955 ], [ 2.16383582765397, 48.794310339871302 ], [ 2.16385090583997, 48.794244427846102 ], [ 2.1638525824989, 48.794241741312902 ], [ 2.16388040652695, 48.794195975550799 ], [ 2.16391109393592, 48.794158414546999 ], [ 2.16391466470733, 48.794156460800998 ], [ 2.16395504364614, 48.794134257749 ], [ 2.1639586158554, 48.794132214069599 ], [ 2.16398430910701, 48.794117463411297 ], [ 2.16398855181391, 48.7941160540163 ], [ 2.16420724212232, 48.794044280784199 ], [ 2.16421175849307, 48.794042783353099 ], [ 2.16435299235538, 48.793996281534 ], [ 2.16435751448001, 48.793994424368996 ], [ 2.16443082269211, 48.793964626434203 ], [ 2.16443534913248, 48.793962499469998 ], [ 2.16448582341922, 48.793938927745501 ], [ 2.16448981258791, 48.793936347312197 ], [ 2.16455365075514, 48.793894340904998 ], [ 2.16455737200355, 48.7938914887701 ], [ 2.16463755987932, 48.793831608180199 ], [ 2.16464128399868, 48.793828576178299 ], [ 2.16472586409109, 48.793757933169701 ], [ 2.16472932028636, 48.793754629466001 ], [ 2.16483201281314, 48.793658029742303 ], [ 2.16483533719778, 48.793654455287701 ], [ 2.16495899665671, 48.7935236440618 ], [ 2.16510665955637, 48.793347489645299 ], [ 2.16510999253784, 48.793343375589203 ], [ 2.16517498988817, 48.793262881678302 ], [ 2.16517886732055, 48.793258771423403 ], [ 2.16527926768779, 48.793152171690203 ], [ 2.16528368956449, 48.793148065234298 ], [ 2.16530372123835, 48.793129766995698 ], [ 2.16541065692945, 48.793031577414197 ], [ 2.16541535245394, 48.793027382921998 ], [ 2.16553385369326, 48.792920999308897 ], [ 2.16553909365626, 48.7929168086131 ], [ 2.16558405243894, 48.792880516049102 ], [ 2.16558969929886, 48.792876418134298 ], [ 2.16568171394879, 48.792808884353903 ], [ 2.16568763302178, 48.792804788334699 ], [ 2.16574022981856, 48.792767559668299 ], [ 2.16574655434855, 48.792763646361003 ], [ 2.1658715460573, 48.7926854596232 ], [ 2.16587814423336, 48.792681458276498 ], [ 2.16598399720323, 48.792616809052703 ], [ 2.1659911369417, 48.792612991363598 ], [ 2.16611829666859, 48.792543903658299 ], [ 2.16612557393829, 48.792539996978498 ], [ 2.1662171507908, 48.792491257647903 ], [ 2.16622362430062, 48.792486535874197 ], [ 2.16626411737955, 48.7924570475002 ], [ 2.1662697813868, 48.792451870365099 ], [ 2.16635846383832, 48.792371271177203 ], [ 2.16636372523554, 48.792365731459903 ], [ 2.16644168177481, 48.792283348482101 ], [ 2.16644654056327, 48.792277446183597 ], [ 2.16651886631287, 48.792189627340399 ], [ 2.16652250869048, 48.792183176901197 ], [ 2.16657688926069, 48.792085339209898 ], [ 2.16657999148426, 48.792078615174603 ], [ 2.16665030917318, 48.791928991893002 ], [ 2.16668030657708, 48.7918662414761 ], [ 2.16668409220628, 48.791859342317899 ], [ 2.16671016457433, 48.791812214478398 ], [ 2.1667155777902, 48.791805686437002 ], [ 2.16675542753504, 48.7917567658642 ], [ 2.16676354429802, 48.791751425920701 ], [ 2.16683577124088, 48.7917038103705 ], [ 2.16684536797862, 48.791699560047 ], [ 2.16694476677297, 48.791655281842701 ], [ 2.16695517010852, 48.791651666729003 ], [ 2.16714436130043, 48.791584989025303 ], [ 2.16715503826607, 48.791581285859003 ], [ 2.16735981736049, 48.791510219332601 ], [ 2.16737103730392, 48.7915066098724 ], [ 2.16756383068079, 48.791444453716501 ], [ 2.16763224620841, 48.791422354745798 ], [ 2.16764387444621, 48.791418748103801 ], [ 2.16785702797314, 48.791351696514603 ], [ 2.16786919775286, 48.791348273506202 ], [ 2.16791732811085, 48.791334847466302 ], [ 2.16792909959151, 48.791330792082299 ], [ 2.16800547375826, 48.791304700907503 ], [ 2.16801711485158, 48.791300284837902 ], [ 2.16809011485229, 48.791272371271702 ], [ 2.16810135763846, 48.791267322824801 ], [ 2.16816634138294, 48.791238453984803 ], [ 2.16817678039808, 48.791232590455103 ], [ 2.16823900037432, 48.791197766144698 ], [ 2.16824957691712, 48.791191813623499 ], [ 2.16830219024192, 48.791161869243702 ], [ 2.16831209482199, 48.791155372386299 ], [ 2.16835075174647, 48.791129917911803 ], [ 2.16835890408808, 48.791122329548301 ], [ 2.16838972393356, 48.791093222828103 ], [ 2.16839395058104, 48.791084258008603 ], [ 2.16841324986377, 48.791043468550697 ], [ 2.16841271983079, 48.791034020917998 ], [ 2.16841036188508, 48.790994070115801 ], [ 2.16840533163593, 48.790985130820701 ], [ 2.16837143516104, 48.790925443054398 ], [ 2.16836161099117, 48.790918359184502 ], [ 2.16823310474584, 48.790824734263303 ], [ 2.16822328491513, 48.790817380584201 ], [ 2.16819732699591, 48.790797682415899 ], [ 2.1680227469558, 48.790665421100101 ], [ 2.16801320800718, 48.790657529703701 ], [ 2.16790453327058, 48.790566650795597 ], [ 2.167895958592, 48.7905580465643 ], [ 2.16784678425709, 48.790508955380801 ], [ 2.16783848611744, 48.790500083243302 ], [ 2.16776915693386, 48.790425937632499 ], [ 2.16776154509946, 48.790416710498803 ], [ 2.16770586547492, 48.7903487759854 ], [ 2.16769894137583, 48.7903391039249 ], [ 2.16766006159972, 48.790284687807898 ], [ 2.16765382236058, 48.790274750687097 ], [ 2.16759765927107, 48.790185946107798 ], [ 2.16759306195429, 48.790175480765399 ], [ 2.16756534198515, 48.790112687757102 ], [ 2.16753749458532, 48.790049354196398 ], [ 2.16753440164566, 48.790038449618002 ], [ 2.16750864393987, 48.789946528912601 ], [ 2.16750001412419, 48.789915798426101 ], [ 2.16749828800777, 48.7899045435977 ], [ 2.16748387606342, 48.7898096438728 ], [ 2.16748324167593, 48.789798216763899 ], [ 2.16747891555116, 48.789719576933301 ], [ 2.16747937288581, 48.789707977544303 ], [ 2.16748252134895, 48.789621564787602 ], [ 2.16748447728273, 48.789609885895501 ], [ 2.16749713569291, 48.789533163226601 ], [ 2.16749963747809, 48.7895213981936 ], [ 2.16750523856296, 48.789494544418801 ], [ 2.16751099296755, 48.789466612401597 ], [ 2.16751552198015, 48.789455760914997 ], [ 2.16751566956558, 48.789455042403397 ], [ 2.16755305788171, 48.789364011258797 ], [ 2.16755841498781, 48.789352445998503 ], [ 2.16759085561184, 48.789281437540801 ], [ 2.16759770698741, 48.789270062571902 ], [ 2.16763754575593, 48.789204592122204 ], [ 2.16764467075573, 48.7891931291134 ], [ 2.16769887681544, 48.789105902688704 ], [ 2.16777825375838, 48.789002302115797 ], [ 2.16778795751018, 48.788991306768501 ], [ 2.16783121100925, 48.788942139614903 ], [ 2.16784199783475, 48.7889315115752 ], [ 2.16790699950931, 48.7888672056148 ], [ 2.1679165714076, 48.788855939510498 ], [ 2.16805320080362, 48.788695893715499 ], [ 2.16806291304452, 48.788684358747702 ], [ 2.16816793075287, 48.788560429499697 ], [ 2.16820885687976, 48.788512055477398 ], [ 2.16821884412576, 48.788500342524699 ], [ 2.1682723863468, 48.788437575547199 ], [ 2.16828237643155, 48.7884256827234 ], [ 2.16831776075261, 48.788383386180001 ], [ 2.1683305287804, 48.788368004926802 ], [ 2.16833808332495, 48.7883551957215 ], [ 2.16836089163991, 48.788316229453599 ], [ 2.16836355937786, 48.788302576753303 ], [ 2.16836757388359, 48.7882812883092 ], [ 2.16836438921085, 48.788267594878498 ], [ 2.16834742722683, 48.788195972503203 ], [ 2.16834220111313, 48.788173720320401 ], [ 2.16833689480955, 48.788147959819099 ], [ 2.16831564671063, 48.788046356727101 ], [ 2.16829437100374, 48.787989185059601 ], [ 2.16828873797054, 48.787975384639601 ], [ 2.16828480974943, 48.787965643500598 ], [ 2.16827996179156, 48.787953827280802 ], [ 2.1682584835334, 48.787952058818 ], [ 2.16820913741223, 48.787948027691101 ], [ 2.1681656710236, 48.787933784020403 ], [ 2.16816269112631, 48.787932863850799 ], [ 2.16814644209611, 48.787927534066696 ], [ 2.16812246264159, 48.787911897010702 ], [ 2.16806512268349, 48.7878884725191 ], [ 2.16786084153161, 48.787809789442001 ], [ 2.16782430791055, 48.7877961335777 ], [ 2.16782376637436, 48.787795949921197 ], [ 2.16781348292515, 48.787792100716899 ], [ 2.1677961638126, 48.787785594177898 ], [ 2.1676629559242, 48.787748329589903 ], [ 2.16749248833664, 48.787700281988002 ], [ 2.16747433116357, 48.787695118701699 ], [ 2.16745495339054, 48.787689677080699 ], [ 2.1673293760024, 48.787660470169499 ], [ 2.16732842760194, 48.787660193732897 ], [ 2.16732625716398, 48.787659728895697 ], [ 2.16724217748556, 48.787640165083701 ], [ 2.16722197023324, 48.787635527127101 ], [ 2.16714121016778, 48.787612658501402 ], [ 2.16705353344486, 48.787588212582698 ], [ 2.16703320735794, 48.787582494454 ], [ 2.16697997106572, 48.787566383386697 ], [ 2.16692270491889, 48.7875469163235 ], [ 2.16689048530074, 48.787535898579499 ], [ 2.16686291321898, 48.7875236540334 ], [ 2.16684453135963, 48.787515520976598 ], [ 2.16682835439987, 48.787505694380698 ], [ 2.16677862053543, 48.7874663125016 ], [ 2.16677136159663, 48.787460595499901 ], [ 2.16676546653542, 48.787454708122702 ], [ 2.16667118091097, 48.787307174304303 ], [ 2.16663544014535, 48.7872609643575 ], [ 2.16660132365291, 48.787223849933802 ], [ 2.16659113521676, 48.787214065068603 ], [ 2.16658309421222, 48.787206183975599 ], [ 2.16658269022272, 48.787205911329998 ], [ 2.16657880222977, 48.787202196564103 ], [ 2.16655261331836, 48.787180067896301 ], [ 2.16654332875274, 48.787173347381199 ], [ 2.16652920063266, 48.7871630853179 ], [ 2.16648978999491, 48.787142123609698 ], [ 2.16645900067672, 48.787126798472201 ], [ 2.16644225508717, 48.787118496878001 ], [ 2.16637885550517, 48.787091071801697 ], [ 2.16637155211883, 48.787088142685597 ], [ 2.16635342831893, 48.7870809107756 ], [ 2.16619498640616, 48.7870386115559 ], [ 2.16617573936068, 48.7870335304045 ], [ 2.16614944677958, 48.787026421345999 ], [ 2.16613196472076, 48.787021622331999 ], [ 2.16607517776428, 48.787006295553901 ], [ 2.16605633903994, 48.7870012172326 ], [ 2.1658593418452, 48.786927078596001 ], [ 2.16581078427181, 48.786907851658 ], [ 2.16581037885081, 48.786907668942298 ], [ 2.16579182964019, 48.786901513287397 ], [ 2.16577720429447, 48.7868968241064 ], [ 2.16572330872751, 48.7868794486618 ], [ 2.16571951521667, 48.786878342863801 ], [ 2.16570013936804, 48.786872811021702 ], [ 2.1656200884408, 48.786856781935498 ], [ 2.16536083236491, 48.786803164357401 ], [ 2.16526842401558, 48.7867853398063 ], [ 2.16524684765124, 48.786781231600798 ], [ 2.16520549730839, 48.786770959087598 ], [ 2.1651122831631, 48.786743954629102 ], [ 2.16505423080831, 48.7867226822978 ], [ 2.16503948099396, 48.7867172726137 ], [ 2.16503461743167, 48.786714990061398 ], [ 2.16498186353348, 48.786685839758697 ], [ 2.16496986161023, 48.786678830299202 ], [ 2.16496837748278, 48.786678010443502 ], [ 2.16494977151801, 48.786666907409398 ], [ 2.16493318544423, 48.786657167629002 ], [ 2.16491717543584, 48.786645453132301 ], [ 2.1649081604936, 48.786638914254503 ], [ 2.16489309166807, 48.786627925873702 ], [ 2.16487495592837, 48.786612958576598 ], [ 2.16483289050309, 48.786570841210398 ], [ 2.16481170228376, 48.786550995660797 ], [ 2.16479855902917, 48.786538761527403 ], [ 2.16479655067102, 48.786536678807103 ], [ 2.1647631056007, 48.786491743497997 ], [ 2.16476177197619, 48.7864900252642 ], [ 2.16475123476137, 48.786476550142503 ], [ 2.16472950356914, 48.7864396116614 ], [ 2.16465139512823, 48.786276808935902 ], [ 2.16463695073181, 48.786252333470898 ], [ 2.16463416756417, 48.786247636990701 ], [ 2.16461680392234, 48.786218464090901 ], [ 2.1646081879974, 48.786204013014498 ], [ 2.16458436660759, 48.786170117937303 ], [ 2.16457438541057, 48.786155927140797 ], [ 2.16454289438663, 48.7861164919223 ], [ 2.1645318215569, 48.786102473374399 ], [ 2.16451707556121, 48.786088339199701 ], [ 2.16450232669333, 48.786074384888501 ], [ 2.1644970966871, 48.786069491409997 ], [ 2.16437923062456, 48.785958577255897 ], [ 2.16435972927472, 48.785935415526303 ], [ 2.16434931108786, 48.7859230205069 ], [ 2.16434797893186, 48.785921212334898 ], [ 2.16434186397828, 48.785912085349203 ], [ 2.16433988446971, 48.785908203965903 ], [ 2.16433865313974, 48.7859001005042 ], [ 2.16433731452125, 48.785890197436501 ], [ 2.16433738077804, 48.785886060531801 ], [ 2.16434628615307, 48.785848436785002 ], [ 2.16438790435792, 48.785714443247699 ], [ 2.16441892849022, 48.785613024836799 ], [ 2.16442770270171, 48.785583584953798 ], [ 2.16444147210849, 48.785539699207497 ], [ 2.16444147786919, 48.7855393394766 ], [ 2.16444416665308, 48.785524427772103 ], [ 2.16444757263676, 48.785481728753403 ], [ 2.16445204433021, 48.785389478691997 ], [ 2.16445206233174, 48.785379854935996 ], [ 2.16444168456127, 48.785347942607899 ], [ 2.16444155422707, 48.785347581925201 ], [ 2.1644348438212, 48.785333144148701 ], [ 2.16441927574987, 48.785302364779 ], [ 2.16435589325803, 48.785197587844998 ], [ 2.1642135978867, 48.784963460755201 ], [ 2.16403131952884, 48.784667892554602 ], [ 2.16388212895049, 48.7844225637796 ], [ 2.16376808597859, 48.784234774385197 ], [ 2.16369048734895, 48.784108491070903 ], [ 2.16361036534892, 48.783978322479797 ], [ 2.16358503939134, 48.783936501614399 ], [ 2.16357403503797, 48.783918256106702 ], [ 2.16352138342452, 48.783848991221703 ], [ 2.16344732045674, 48.783773909996199 ], [ 2.16343084660685, 48.783757245151797 ], [ 2.1631731414805, 48.783514663222398 ], [ 2.16282354500732, 48.7831886892887 ], [ 2.16253829955413, 48.782923966760102 ], [ 2.16231704107383, 48.782717615423998 ], [ 2.16193480934726, 48.782365056453301 ], [ 2.16191267999613, 48.782344664036899 ], [ 2.16189205772925, 48.782323652585802 ], [ 2.16181225300075, 48.782241964092599 ], [ 2.16167437283529, 48.782293343640198 ], [ 2.1610901178313, 48.782511492267297 ], [ 2.16007739703166, 48.782907682244698 ], [ 2.15844834365317, 48.783601373103203 ], [ 2.15812818483852, 48.783747163973999 ], [ 2.15772918258471, 48.783928915093703 ], [ 2.15744165346331, 48.784059823691898 ], [ 2.15733017464658, 48.784110844717603 ], [ 2.15693170248144, 48.784293136551902 ], [ 2.15653309143982, 48.784475426067601 ], [ 2.15613461225159, 48.784657805118201 ], [ 2.15573613173288, 48.784840092878099 ], [ 2.15570061725733, 48.784856301501897 ], [ 2.15533402776455, 48.785019025795897 ], [ 2.15502199907372, 48.785157580377998 ], [ 2.1549339347775, 48.7851996804905 ], [ 2.15441309244784, 48.785448555569999 ], [ 2.15437646798249, 48.785466015143498 ], [ 2.15425877433872, 48.785522205991001 ], [ 2.1542109199956, 48.785543903289003 ], [ 2.15253987495627, 48.7862905520252 ], [ 2.15239015249434, 48.786357486891397 ], [ 2.15232873836755, 48.786380358136803 ], [ 2.15230449480099, 48.786388682156002 ], [ 2.15175634527214, 48.786512639742803 ], [ 2.1507151331486, 48.786799187136999 ], [ 2.15009207992552, 48.7869195448502 ], [ 2.14829139878528, 48.787197894896003 ], [ 2.14812124193731, 48.787824768179902 ], [ 2.14797160687707, 48.788435852068403 ], [ 2.14793908820604, 48.788568375737697 ], [ 2.14790112376224, 48.7887259545818 ], [ 2.14786130210883, 48.788880552039203 ], [ 2.14782340036625, 48.789034263728098 ], [ 2.14778619948876, 48.789186721185999 ], [ 2.14774685597264, 48.789337004707299 ], [ 2.14771937509773, 48.789444380192002 ], [ 2.14780153030856, 48.789631507256601 ], [ 2.14778175672571, 48.789658708818301 ], [ 2.1477665759774, 48.789679737085798 ], [ 2.14755631207702, 48.789893650077303 ], [ 2.1473406265801, 48.790114359628603 ], [ 2.14733605862276, 48.790119004053302 ], [ 2.14684909012961, 48.790613630773301 ], [ 2.14672561211262, 48.790739298433998 ], [ 2.14678457291372, 48.790746465111198 ], [ 2.14683353096051, 48.790765972426499 ], [ 2.1467970253701, 48.790792424749696 ], [ 2.14678710641413, 48.790799639282604 ], [ 2.14670376044208, 48.7908602051576 ], [ 2.1466151774078, 48.790924691048502 ], [ 2.14661007958942, 48.790928432233301 ], [ 2.14651099754486, 48.791002287041401 ], [ 2.14647819453095, 48.791027056798498 ], [ 2.14635625748284, 48.791116668073798 ], [ 2.14627243447935, 48.791181367589601 ], [ 2.14600294615234, 48.791378484992599 ], [ 2.1459997994245, 48.791379451873603 ], [ 2.14596285239771, 48.791391240140001 ], [ 2.14595860942555, 48.791392648898501 ], [ 2.14595204080136, 48.791394760576701 ], [ 2.14594191564364, 48.791397926148001 ], [ 2.14585379243048, 48.791425898060602 ], [ 2.14582671890416, 48.791433259726404 ], [ 2.14579060171478, 48.791444244387797 ], [ 2.14574545557476, 48.791457952716002 ], [ 2.14574299233446, 48.791458744590997 ], [ 2.14552273073529, 48.791525796053598 ], [ 2.14549058124743, 48.791535549798297 ], [ 2.14537470481803, 48.791570788138301 ], [ 2.14533530604845, 48.791582648619702 ], [ 2.14530233540593, 48.791592666268699 ], [ 2.14525883265243, 48.791605756568899 ], [ 2.14524646296912, 48.791609486156901 ], [ 2.14552525357725, 48.791813840734299 ], [ 2.14553383908746, 48.791815837685299 ], [ 2.14552815562759, 48.7918190880456 ], [ 2.14554419422475, 48.791828641293002 ], [ 2.14582886314787, 48.792081590806603 ], [ 2.14634906916883, 48.792467865705397 ], [ 2.14596364180021, 48.792664030496297 ], [ 2.14628585676863, 48.792886769100697 ], [ 2.14536072497449, 48.793417349628797 ], [ 2.14508036080476, 48.793103184720103 ], [ 2.14474063545603, 48.793212986829502 ], [ 2.14442452161364, 48.7934146991958 ], [ 2.14453021906649, 48.793554526625996 ], [ 2.14406377571797, 48.793822931617697 ], [ 2.14395498286655, 48.793760782880298 ], [ 2.14378081722773, 48.793820373146602 ], [ 2.14353409717122, 48.793616986753499 ], [ 2.14317163716976, 48.793766367024702 ], [ 2.1427937966286, 48.793931459440998 ], [ 2.14253692486672, 48.794073500265498 ], [ 2.14458282051104, 48.795582483148102 ], [ 2.14509666790823, 48.7956037957834 ], [ 2.14526170925538, 48.795609473355398 ], [ 2.14879464252811, 48.796228523151001 ], [ 2.14882296052427, 48.796266415991298 ], [ 2.14893054171847, 48.796408593662903 ], [ 2.14887898244096, 48.798262424440203 ], [ 2.14924062875571, 48.798269928958 ], [ 2.14924062142204, 48.798270378615697 ], [ 2.14953130337692, 48.798277843896599 ], [ 2.14982919874858, 48.798285449722798 ], [ 2.15013702424805, 48.798293575125697 ], [ 2.15017771489372, 48.798294583991002 ], [ 2.15023051803163, 48.798295858845101 ], [ 2.15043995654652, 48.798301215243903 ], [ 2.15059807471339, 48.798306206564 ], [ 2.15074272205825, 48.798310742189798 ], [ 2.15100661936013, 48.7983160348331 ], [ 2.15105071617711, 48.798316887712303 ], [ 2.15124245963054, 48.798322027072501 ], [ 2.15135854205241, 48.798325009968998 ], [ 2.15165931859548, 48.798331282558003 ], [ 2.15196429472485, 48.798338843374303 ], [ 2.1520161479758, 48.798339930815303 ], [ 2.15226003466643, 48.798345078714 ], [ 2.15253982426626, 48.7983526392971 ], [ 2.152762890706, 48.798357188830899 ], [ 2.15284264449928, 48.798358833454898 ], [ 2.15313550259919, 48.798366485271103 ], [ 2.15336495405658, 48.798371888398897 ], [ 2.15339516584395, 48.798372642055398 ], [ 2.15367497910156, 48.798378761075703 ], [ 2.15397997767892, 48.798384967774702 ], [ 2.15457157144535, 48.798398867615397 ], [ 2.1548524667258, 48.798405441240199 ], [ 2.15515036360123, 48.798413033803399 ], [ 2.15544308767102, 48.798420589071299 ], [ 2.15552691531697, 48.798422890282801 ], [ 2.15578248652869, 48.798429552615403 ], [ 2.15611970889684, 48.798438409885698 ], [ 2.1562529397231, 48.798441778926403 ], [ 2.1564230512982, 48.7984460377224 ], [ 2.15648714907225, 48.798447659353002 ], [ 2.1567798880674, 48.7984543120306 ], [ 2.15708498580102, 48.798462849988503 ], [ 2.15737481104727, 48.798472898449802 ], [ 2.15744501434915, 48.798475821796501 ], [ 2.15768772895259, 48.7984861669769 ], [ 2.15796299827018, 48.798546119101402 ], [ 2.15803651751811, 48.798562916506697 ], [ 2.15821270145765, 48.798621180638598 ], [ 2.15826054875561, 48.798642743894497 ], [ 2.15856584405929, 48.798782594535098 ], [ 2.15875319842394, 48.798874304905901 ], [ 2.15883870538524, 48.798916721564098 ], [ 2.15887626624485, 48.799052086598302 ], [ 2.15895538170002, 48.798983792885302 ], [ 2.15896545786163, 48.798975094461802 ], [ 2.15898655113206, 48.798958783534601 ], [ 2.15902255523183, 48.7989296258989 ], [ 2.15911621551573, 48.798854104156099 ] ] ] } }
]
}
